t,stamp,mug_marie,mug_1,bowl_marie,plate_1,laptop_marie,phone_marie,tablet_marie,keys_marie,wallet_marie,book_marie,book_1,water_bottle_marie,remote_marie,charger_marie,backpack_marie,jacket_marie,glasses_marie,notebook_marie,pen_marie,medication_bottle_marie,blanket_marie,towel_marie,gaming_controller_marie,umbrella_marie,laundry_basket_marie,vacuum_cleaner_1,pot_1,pan_1,suitcase_marie,watering_can_marie
0,d00 Mon 00:00,living,kitchen,kitchen,kitchen,kitchen,kitchen,kitchen,entry,bedroom,living,living,kitchen,living,kitchen,kitchen,entry,living,kitchen,bedroom,bathroom,living,bathroom,living,entry,bedroom,entry,kitchen,kitchen,bedroom,kitchen
60,d00 Mon 01:00,living,kitchen,kitchen,kitchen,kitchen,kitchen,kitchen,entry,bedroom,living,living,kitchen,living,kitchen,kitchen,entry,living,kitchen,bedroom,bathroom,living,bathroom,living,entry,bedroom,entry,kitchen,kitchen,bedroom,kitchen
120,d00 Mon 02:00,living,kitchen,kitchen,kitchen,kitchen,kitchen,kitchen,entry,bedroom,living,living,kitchen,living,kitchen,kitchen,entry,living,kitchen,bedroom,bathroom,living,bathroom,living,entry,bedroom,entry,kitchen,kitchen,bedroom,kitchen
180,d00 Mon 03:00,living,kitchen,kitchen,kitchen,kitchen,kitchen,kitchen,entry,bedroom,living,living,kitchen,living,kitchen,kitchen,entry,living,kitchen,bedroom,bathroom,living,bathroom,living,entry,bedroom,entry,kitchen,kitchen,bedroom,kitchen
240,d00 Mon 04:00,living,kitchen,kitchen,kitchen,kitchen,kitchen,kitchen,entry,bedroom,living,living,kitchen,living,kitchen,kitchen,entry,living,kitchen,bedroom,bathroom,living,bathroom,living,entry,bedroom,entry,kitchen,kitchen,bedroom,kitchen
300,d00 Mon 05:00,living,kitchen,kitchen,kitchen,kitchen,kitchen,kitchen,entry,bedroom,living,living,kitchen,living,kitchen,kitchen,entry,living,kitchen,bedroom,bathroom,living,bathroom,living,entry,bedroom,entry,kitchen,kitchen,bedroom,kitchen
360,d00 Mon 06:00,living,kitchen,kitchen,kitchen,kitchen,kitchen,kitchen,entry,bedroom,living,living,kitchen,living,kitchen,kitchen,entry,living,kitchen,bedroom,kitchen,living,bathroom,living,entry,bedroom,entry,kitchen,kitchen,bedroom,kitchen
420,d00 Mon 07:00,kitchen,kitchen,kitchen,kitchen,outside,outside,kitchen,outside,outside,outside,living,outside,living,outside,outside,outside,living,outside,outside,kitchen,living,bathroom,living,outside,bedroom,entry,kitchen,kitchen,outside,kitchen
480,d00 Mon 08:00,kitchen,kitchen,kitchen,kitchen,outside,outside,kitchen,outside,outside,outside,living,outside,living,outside,outside,outside,living,outside,outside,kitchen,living,bathroom,living,outside,bedroom,entry,kitchen,kitchen,outside,kitchen
540,d00 Mon 09:00,kitchen,kitchen,kitchen,kitchen,outside,outside,kitchen,outside,outside,outside,living,outside,living,outside,outside,outside,living,outside,outside,kitchen,living,bathroom,living,outside,bedroom,entry,kitchen,kitchen,outside,kitchen
600,d00 Mon 10:00,kitchen,kitchen,kitchen,kitchen,outside,outside,kitchen,outside,outside,outside,living,outside,living,outside,outside,outside,living,outside,outside,kitchen,living,bathroom,living,outside,bedroom,entry,kitchen,kitchen,outside,kitchen
660,d00 Mon 11:00,living,kitchen,kitchen,kitchen,kitchen,entry,kitchen,entry,entry,living,living,kitchen,living,kitchen,kitchen,entry,living,kitchen,bedroom,kitchen,living,bathroom,living,entry,bedroom,entry,kitchen,kitchen,bedroom,kitchen
720,d00 Mon 12:00,living,kitchen,kitchen,kitchen,kitchen,entry,kitchen,entry,entry,living,living,kitchen,living,kitchen,kitchen,entry,bedroom,kitchen,bedroom,kitchen,living,bathroom,living,entry,bedroom,entry,kitchen,kitchen,bedroom,kitchen
780,d00 Mon 13:00,living,kitchen,kitchen,kitchen,kitchen,kitchen,kitchen,kitchen,kitchen,living,living,kitchen,living,kitchen,kitchen,entry,bedroom,kitchen,bedroom,kitchen,living,bathroom,living,entry,bedroom,entry,kitchen,kitchen,bedroom,kitchen
840,d00 Mon 14:00,living,kitchen,kitchen,kitchen,kitchen,kitchen,living,entry,entry,living,living,kitchen,living,kitchen,kitchen,entry,bedroom,kitchen,bedroom,kitchen,living,bathroom,living,entry,bedroom,entry,kitchen,kitchen,bedroom,kitchen
900,d00 Mon 15:00,living,kitchen,kitchen,kitchen,kitchen,kitchen,kitchen,entry,entry,living,living,kitchen,living,kitchen,kitchen,entry,living,kitchen,bedroom,bathroom,living,bathroom,living,entry,bedroom,entry,kitchen,kitchen,bedroom,kitchen
960,d00 Mon 16:00,living,kitchen,kitchen,kitchen,kitchen,kitchen,kitchen,entry,entry,living,living,kitchen,living,kitchen,kitchen,entry,living,kitchen,bedroom,bathroom,living,bathroom,living,entry,bedroom,entry,kitchen,kitchen,bedroom,kitchen
1020,d00 Mon 17:00,living,kitchen,kitchen,kitchen,kitchen,kitchen,kitchen,entry,entry,living,living,kitchen,living,kitchen,kitchen,entry,living,kitchen,bedroom,bathroom,living,bathroom,living,entry,bedroom,entry,kitchen,kitchen,bedroom,kitchen
1080,d00 Mon 18:00,living,kitchen,kitchen,kitchen,kitchen,kitchen,kitchen,entry,entry,living,living,kitchen,living,kitchen,kitchen,entry,living,kitchen,bedroom,bathroom,living,bathroom,living,entry,bedroom,entry,kitchen,kitchen,bedroom,kitchen
1140,d00 Mon 19:00,living,kitchen,kitchen,kitchen,kitchen,kitchen,kitchen,entry,entry,living,living,kitchen,living,kitchen,kitchen,entry,living,kitchen,bedroom,bathroom,living,bathroom,living,entry,bedroom,entry,kitchen,kitchen,bedroom,kitchen
1200,d00 Mon 20:00,living,kitchen,kitchen,kitchen,kitchen,kitchen,kitchen,entry,entry,living,living,kitchen,living,kitchen,kitchen,entry,living,kitchen,bedroom,bathroom,living,bathroom,living,entry,bedroom,entry,kitchen,kitchen,bedroom,kitchen
1260,d00 Mon 21:00,living,kitchen,kitchen,kitchen,kitchen,kitchen,kitchen,entry,entry,living,living,kitchen,living,kitchen,kitchen,entry,living,kitchen,bedroom,bathroom,living,bathroom,living,entry,bedroom,entry,kitchen,kitchen,bedroom,kitchen
1320,d00 Mon 22:00,living,kitchen,kitchen,kitchen,kitchen,kitchen,kitchen,entry,entry,living,living,kitchen,living,kitchen,kitchen,entry,living,kitchen,bedroom,bathroom,living,bathroom,living,entry,bedroom,entry,kitchen,kitchen,bedroom,kitchen
1380,d00 Mon 23:00,living,kitchen,kitchen,kitchen,kitchen,kitchen,kitchen,entry,entry,living,living,kitchen,living,kitchen,kitchen,entry,living,kitchen,bedroom,bathroom,living,bathroom,living,entry,bedroom,entry,kitchen,kitchen,bedroom,kitchen
1440,d01 Tue 00:00,living,kitchen,kitchen,kitchen,kitchen,kitchen,kitchen,entry,entry,living,living,kitchen,living,kitchen,kitchen,entry,living,kitchen,bedroom,bathroom,living,bathroom,living,entry,bedroom,entry,kitchen,kitchen,bedroom,kitchen
1500,d01 Tue 01:00,living,kitchen,kitchen,kitchen,kitchen,kitchen,kitchen,entry,entry,living,living,kitchen,living,kitchen,kitchen,entry,living,kitchen,bedroom,bathroom,living,bathroom,living,entry,bedroom,entry,kitchen,kitchen,bedroom,kitchen
1560,d01 Tue 02:00,living,kitchen,kitchen,kitchen,kitchen,kitchen,kitchen,entry,entry,living,living,kitchen,living,kitchen,kitchen,entry,living,kitchen,bedroom,bathroom,living,bathroom,living,entry,bedroom,entry,kitchen,kitchen,bedroom,kitchen
1620,d01 Tue 03:00,living,kitchen,kitchen,kitchen,kitchen,kitchen,kitchen,entry,entry,living,living,kitchen,living,kitchen,kitchen,entry,living,kitchen,bedroom,bathroom,living,bathroom,living,entry,bedroom,entry,kitchen,kitchen,bedroom,kitchen
1680,d01 Tue 04:00,living,kitchen,kitchen,kitchen,kitchen,kitchen,kitchen,entry,entry,living,living,kitchen,living,kitchen,kitchen,entry,living,kitchen,bedroom,bathroom,living,bathroom,living,entry,bedroom,entry,kitchen,kitchen,bedroom,kitchen
1740,d01 Tue 05:00,living,kitchen,kitchen,kitchen,kitchen,kitchen,kitchen,entry,entry,living,living,kitchen,living,kitchen,kitchen,entry,living,kitchen,bedroom,bathroom,living,bathroom,living,entry,bedroom,entry,kitchen,kitchen,bedroom,kitchen
1800,d01 Tue 06:00,living,kitchen,kitchen,kitchen,kitchen,kitchen,kitchen,entry,entry,living,living,kitchen,living,kitchen,kitchen,entry,living,kitchen,bedroom,kitchen,living,bathroom,living,entry,bedroom,entry,kitchen,kitchen,bedroom,kitchen
1860,d01 Tue 07:00,living,kitchen,kitchen,kitchen,kitchen,kitchen,kitchen,entry,entry,living,living,kitchen,living,kitchen,kitchen,entry,living,kitchen,bedroom,bathroom,living,bathroom,living,entry,bedroom,entry,kitchen,kitchen,bedroom,kitchen
1920,d01 Tue 08:00,living,kitchen,kitchen,kitchen,kitchen,kitchen,kitchen,entry,entry,living,living,kitchen,living,kitchen,kitchen,entry,living,kitchen,bedroom,bathroom,living,bedroom,living,entry,bedroom,entry,kitchen,kitchen,bedroom,kitchen
1980,d01 Tue 09:00,living,kitchen,kitchen,kitchen,kitchen,kitchen,kitchen,entry,entry,living,living,kitchen,living,kitchen,kitchen,entry,living,kitchen,bedroom,bathroom,living,bedroom,living,entry,bedroom,entry,kitchen,kitchen,bedroom,kitchen
2040,d01 Tue 10:00,living,kitchen,kitchen,kitchen,kitchen,kitchen,kitchen,entry,entry,bedroom,living,kitchen,living,kitchen,kitchen,entry,living,kitchen,bedroom,bathroom,living,bedroom,living,entry,bedroom,entry,kitchen,kitchen,bedroom,kitchen
2100,d01 Tue 11:00,living,kitchen,kitchen,kitchen,kitchen,kitchen,kitchen,entry,entry,living,living,kitchen,living,kitchen,kitchen,entry,living,living,living,bathroom,living,bathroom,living,entry,bedroom,entry,kitchen,kitchen,bedroom,kitchen
2160,d01 Tue 12:00,living,kitchen,kitchen,kitchen,kitchen,kitchen,kitchen,entry,entry,living,living,kitchen,living,kitchen,kitchen,entry,living,living,living,bathroom,living,bathroom,living,entry,bedroom,entry,kitchen,kitchen,bedroom,kitchen
2220,d01 Tue 13:00,kitchen,kitchen,kitchen,kitchen,kitchen,kitchen,kitchen,entry,entry,living,living,kitchen,living,kitchen,kitchen,entry,living,living,living,bathroom,living,bathroom,living,entry,bedroom,entry,kitchen,kitchen,bedroom,kitchen
2280,d01 Tue 14:00,kitchen,kitchen,kitchen,kitchen,outside,outside,kitchen,outside,outside,outside,living,outside,living,outside,outside,outside,living,outside,outside,bathroom,living,bathroom,living,outside,bedroom,entry,kitchen,kitchen,outside,kitchen
2340,d01 Tue 15:00,kitchen,kitchen,kitchen,kitchen,outside,outside,kitchen,outside,outside,outside,living,outside,living,outside,outside,outside,living,outside,outside,bathroom,living,bathroom,living,outside,bedroom,entry,kitchen,kitchen,outside,kitchen
2400,d01 Tue 16:00,living,kitchen,kitchen,kitchen,kitchen,living,kitchen,kitchen,bedroom,bedroom,living,kitchen,living,kitchen,kitchen,entry,bedroom,kitchen,bedroom,bathroom,living,bathroom,living,entry,bedroom,entry,kitchen,kitchen,bedroom,kitchen
2460,d01 Tue 17:00,living,kitchen,kitchen,kitchen,kitchen,living,kitchen,kitchen,bedroom,bedroom,living,kitchen,living,kitchen,kitchen,entry,bedroom,kitchen,bedroom,bathroom,living,bathroom,living,entry,bedroom,entry,kitchen,kitchen,bedroom,kitchen
2520,d01 Tue 18:00,living,kitchen,kitchen,kitchen,kitchen,living,kitchen,kitchen,bedroom,bedroom,living,kitchen,living,kitchen,kitchen,entry,bedroom,kitchen,bedroom,bathroom,living,bathroom,living,entry,bedroom,entry,kitchen,kitchen,bedroom,kitchen
2580,d01 Tue 19:00,living,kitchen,kitchen,kitchen,kitchen,living,kitchen,kitchen,bedroom,bedroom,living,kitchen,living,kitchen,kitchen,entry,bedroom,kitchen,bedroom,bathroom,living,bathroom,living,entry,bedroom,entry,kitchen,kitchen,bedroom,kitchen
2640,d01 Tue 20:00,living,kitchen,kitchen,kitchen,kitchen,living,kitchen,kitchen,bedroom,bedroom,living,kitchen,living,kitchen,kitchen,entry,bedroom,kitchen,bedroom,bathroom,living,bathroom,living,entry,bedroom,entry,kitchen,kitchen,bedroom,kitchen
2700,d01 Tue 21:00,living,kitchen,kitchen,kitchen,kitchen,living,kitchen,kitchen,bedroom,bedroom,living,kitchen,living,kitchen,kitchen,entry,bedroom,kitchen,bedroom,bathroom,living,bathroom,living,entry,bedroom,entry,kitchen,kitchen,bedroom,kitchen
2760,d01 Tue 22:00,living,kitchen,kitchen,kitchen,kitchen,living,kitchen,kitchen,bedroom,bedroom,living,kitchen,living,kitchen,kitchen,entry,bedroom,kitchen,bedroom,bathroom,living,bathroom,living,entry,bedroom,entry,kitchen,kitchen,bedroom,kitchen
2820,d01 Tue 23:00,living,kitchen,kitchen,kitchen,kitchen,living,kitchen,kitchen,bedroom,bedroom,living,kitchen,living,kitchen,kitchen,entry,bedroom,kitchen,bedroom,bathroom,living,bathroom,living,entry,bedroom,entry,kitchen,kitchen,bedroom,kitchen
2880,d02 Wed 00:00,living,kitchen,kitchen,kitchen,kitchen,living,kitchen,kitchen,bedroom,bedroom,living,kitchen,living,kitchen,kitchen,entry,bedroom,kitchen,bedroom,bathroom,living,bathroom,living,entry,bedroom,entry,kitchen,kitchen,bedroom,kitchen
2940,d02 Wed 01:00,living,kitchen,kitchen,kitchen,kitchen,living,kitchen,kitchen,bedroom,bedroom,living,kitchen,living,kitchen,kitchen,entry,bedroom,kitchen,bedroom,bathroom,living,bathroom,living,entry,bedroom,entry,kitchen,kitchen,bedroom,kitchen
3000,d02 Wed 02:00,living,kitchen,kitchen,kitchen,kitchen,living,kitchen,kitchen,bedroom,bedroom,living,kitchen,living,kitchen,kitchen,entry,bedroom,kitchen,bedroom,bathroom,living,bathroom,living,entry,bedroom,entry,kitchen,kitchen,bedroom,kitchen
3060,d02 Wed 03:00,living,kitchen,kitchen,kitchen,kitchen,living,kitchen,kitchen,bedroom,bedroom,living,kitchen,living,kitchen,kitchen,entry,bedroom,kitchen,bedroom,bathroom,living,bathroom,living,entry,bedroom,entry,kitchen,kitchen,bedroom,kitchen
3120,d02 Wed 04:00,living,kitchen,kitchen,kitchen,kitchen,living,kitchen,kitchen,bedroom,bedroom,living,kitchen,living,kitchen,kitchen,entry,bedroom,kitchen,bedroom,bathroom,living,bathroom,living,entry,bedroom,entry,kitchen,kitchen,bedroom,kitchen
3180,d02 Wed 05:00,living,kitchen,kitchen,kitchen,kitchen,living,kitchen,kitchen,bedroom,bedroom,living,kitchen,living,kitchen,kitchen,entry,bedroom,kitchen,bedroom,bathroom,living,bathroom,living,entry,bedroom,entry,kitchen,kitchen,bedroom,kitchen
3240,d02 Wed 06:00,kitchen,kitchen,kitchen,kitchen,kitchen,living,kitchen,kitchen,bedroom,bedroom,living,kitchen,living,kitchen,kitchen,entry,bedroom,kitchen,bedroom,kitchen,living,bathroom,living,entry,bedroom,entry,kitchen,kitchen,bedroom,kitchen
3300,d02 Wed 07:00,kitchen,kitchen,kitchen,kitchen,kitchen,living,kitchen,kitchen,bedroom,bedroom,living,kitchen,living,kitchen,kitchen,entry,bedroom,kitchen,bedroom,kitchen,living,bathroom,living,entry,bedroom,entry,kitchen,kitchen,bedroom,kitchen
3360,d02 Wed 08:00,kitchen,kitchen,kitchen,kitchen,outside,outside,kitchen,outside,outside,outside,living,outside,living,outside,outside,outside,bedroom,outside,outside,kitchen,living,bathroom,living,outside,bedroom,entry,kitchen,kitchen,outside,kitchen
3420,d02 Wed 09:00,kitchen,kitchen,kitchen,kitchen,outside,outside,kitchen,outside,outside,outside,living,outside,living,outside,outside,outside,bedroom,outside,outside,kitchen,living,bathroom,living,outside,bedroom,entry,kitchen,kitchen,outside,kitchen
3480,d02 Wed 10:00,living,kitchen,kitchen,kitchen,kitchen,kitchen,kitchen,kitchen,bedroom,living,living,kitchen,living,kitchen,kitchen,entry,living,kitchen,kitchen,kitchen,living,bathroom,living,entry,bedroom,entry,kitchen,kitchen,bedroom,kitchen
3540,d02 Wed 11:00,living,kitchen,kitchen,kitchen,kitchen,kitchen,kitchen,kitchen,bedroom,living,living,kitchen,living,kitchen,kitchen,entry,living,kitchen,kitchen,kitchen,living,bathroom,living,entry,bedroom,entry,kitchen,kitchen,bedroom,kitchen
3600,d02 Wed 12:00,living,kitchen,kitchen,kitchen,kitchen,kitchen,kitchen,kitchen,bedroom,bedroom,living,kitchen,living,kitchen,kitchen,entry,bedroom,kitchen,kitchen,kitchen,living,bathroom,living,entry,bedroom,entry,kitchen,kitchen,bedroom,kitchen
3660,d02 Wed 13:00,kitchen,kitchen,kitchen,kitchen,kitchen,kitchen,kitchen,kitchen,bedroom,bedroom,living,kitchen,living,kitchen,kitchen,entry,bedroom,kitchen,kitchen,kitchen,living,bathroom,living,entry,bedroom,entry,kitchen,kitchen,bedroom,kitchen
3720,d02 Wed 14:00,kitchen,kitchen,kitchen,kitchen,kitchen,living,living,kitchen,bedroom,bedroom,living,kitchen,living,kitchen,kitchen,entry,bedroom,kitchen,kitchen,kitchen,living,bathroom,living,entry,bedroom,entry,kitchen,kitchen,bedroom,kitchen
3780,d02 Wed 15:00,kitchen,kitchen,kitchen,kitchen,kitchen,living,kitchen,kitchen,bedroom,bedroom,living,kitchen,living,kitchen,kitchen,entry,bedroom,kitchen,kitchen,kitchen,living,bathroom,living,entry,bedroom,entry,kitchen,kitchen,bedroom,kitchen
3840,d02 Wed 16:00,kitchen,kitchen,kitchen,kitchen,kitchen,living,kitchen,kitchen,bedroom,bedroom,living,kitchen,living,kitchen,kitchen,entry,bedroom,kitchen,kitchen,kitchen,living,bathroom,living,entry,bedroom,entry,kitchen,kitchen,bedroom,kitchen
3900,d02 Wed 17:00,kitchen,kitchen,kitchen,kitchen,kitchen,living,kitchen,kitchen,bedroom,bedroom,living,kitchen,living,kitchen,kitchen,entry,bedroom,kitchen,kitchen,kitchen,living,bathroom,living,entry,bedroom,entry,kitchen,kitchen,bedroom,kitchen
3960,d02 Wed 18:00,kitchen,kitchen,kitchen,kitchen,kitchen,living,kitchen,kitchen,bedroom,bedroom,living,kitchen,living,kitchen,kitchen,entry,bedroom,kitchen,kitchen,kitchen,living,bathroom,living,entry,bedroom,entry,kitchen,kitchen,bedroom,kitchen
4020,d02 Wed 19:00,kitchen,kitchen,kitchen,kitchen,kitchen,living,kitchen,kitchen,bedroom,bedroom,living,kitchen,living,kitchen,kitchen,entry,bedroom,kitchen,kitchen,kitchen,living,bathroom,living,entry,bedroom,entry,kitchen,kitchen,bedroom,kitchen
4080,d02 Wed 20:00,kitchen,kitchen,kitchen,kitchen,kitchen,living,kitchen,kitchen,bedroom,bedroom,living,kitchen,living,kitchen,kitchen,entry,bedroom,kitchen,kitchen,kitchen,living,bathroom,living,entry,bedroom,entry,kitchen,kitchen,bedroom,kitchen
4140,d02 Wed 21:00,kitchen,kitchen,kitchen,kitchen,kitchen,living,kitchen,kitchen,bedroom,bedroom,living,kitchen,living,kitchen,kitchen,entry,bedroom,kitchen,kitchen,kitchen,living,bathroom,living,entry,bedroom,entry,kitchen,kitchen,bedroom,kitchen
4200,d02 Wed 22:00,kitchen,kitchen,kitchen,kitchen,kitchen,living,kitchen,kitchen,bedroom,bedroom,living,kitchen,living,kitchen,kitchen,entry,bedroom,kitchen,kitchen,kitchen,living,bathroom,living,entry,bedroom,entry,kitchen,kitchen,bedroom,kitchen
4260,d02 Wed 23:00,kitchen,kitchen,kitchen,kitchen,kitchen,living,kitchen,kitchen,bedroom,bedroom,living,kitchen,living,kitchen,kitchen,entry,bedroom,kitchen,kitchen,kitchen,living,bathroom,living,entry,bedroom,entry,kitchen,kitchen,bedroom,kitchen
4320,d03 Thu 00:00,kitchen,kitchen,kitchen,kitchen,kitchen,living,kitchen,kitchen,bedroom,bedroom,living,kitchen,living,kitchen,kitchen,entry,bedroom,kitchen,kitchen,kitchen,living,bathroom,living,entry,bedroom,entry,kitchen,kitchen,bedroom,kitchen
4380,d03 Thu 01:00,kitchen,kitchen,kitchen,kitchen,kitchen,living,kitchen,kitchen,bedroom,bedroom,living,kitchen,living,kitchen,kitchen,entry,bedroom,kitchen,kitchen,kitchen,living,bathroom,living,entry,bedroom,entry,kitchen,kitchen,bedroom,kitchen
4440,d03 Thu 02:00,kitchen,kitchen,kitchen,kitchen,kitchen,living,kitchen,kitchen,bedroom,bedroom,living,kitchen,living,kitchen,kitchen,entry,bedroom,kitchen,kitchen,kitchen,living,bathroom,living,entry,bedroom,entry,kitchen,kitchen,bedroom,kitchen
4500,d03 Thu 03:00,kitchen,kitchen,kitchen,kitchen,kitchen,living,kitchen,kitchen,bedroom,bedroom,living,kitchen,living,kitchen,kitchen,entry,bedroom,kitchen,kitchen,kitchen,living,bathroom,living,entry,bedroom,entry,kitchen,kitchen,bedroom,kitchen
4560,d03 Thu 04:00,kitchen,kitchen,kitchen,kitchen,kitchen,living,kitchen,kitchen,bedroom,bedroom,living,kitchen,living,kitchen,kitchen,entry,bedroom,kitchen,kitchen,kitchen,living,bathroom,living,entry,bedroom,entry,kitchen,kitchen,bedroom,kitchen
4620,d03 Thu 05:00,kitchen,kitchen,kitchen,kitchen,kitchen,living,kitchen,kitchen,bedroom,bedroom,living,kitchen,living,kitchen,kitchen,entry,bedroom,kitchen,kitchen,kitchen,living,bathroom,living,entry,bedroom,entry,kitchen,kitchen,bedroom,kitchen
4680,d03 Thu 06:00,kitchen,kitchen,kitchen,kitchen,kitchen,living,kitchen,kitchen,bedroom,bedroom,living,kitchen,living,kitchen,kitchen,entry,bedroom,kitchen,kitchen,kitchen,living,bathroom,living,entry,bedroom,entry,kitchen,kitchen,bedroom,kitchen
4740,d03 Thu 07:00,kitchen,kitchen,kitchen,kitchen,outside,outside,kitchen,outside,outside,outside,living,outside,living,outside,outside,outside,bedroom,outside,outside,bathroom,living,bathroom,living,outside,bedroom,entry,kitchen,kitchen,outside,kitchen
4800,d03 Thu 08:00,kitchen,kitchen,kitchen,kitchen,outside,outside,kitchen,outside,outside,outside,living,outside,living,outside,outside,outside,bedroom,outside,outside,bathroom,living,bathroom,living,outside,bedroom,entry,kitchen,kitchen,outside,kitchen
4860,d03 Thu 09:00,kitchen,kitchen,kitchen,kitchen,kitchen,entry,kitchen,kitchen,bedroom,living,living,kitchen,living,kitchen,kitchen,entry,bedroom,kitchen,bedroom,bathroom,living,bathroom,living,entry,bedroom,entry,kitchen,kitchen,bedroom,kitchen
4920,d03 Thu 10:00,living,kitchen,kitchen,kitchen,kitchen,entry,kitchen,kitchen,bedroom,bedroom,living,kitchen,living,kitchen,kitchen,entry,living,kitchen,bedroom,bathroom,living,bathroom,living,entry,bedroom,entry,kitchen,kitchen,bedroom,kitchen
4980,d03 Thu 11:00,living,kitchen,kitchen,kitchen,kitchen,entry,kitchen,kitchen,bedroom,bedroom,living,kitchen,living,kitchen,kitchen,entry,kitchen,kitchen,bedroom,bathroom,living,bathroom,living,entry,bedroom,entry,kitchen,kitchen,bedroom,kitchen
5040,d03 Thu 12:00,living,kitchen,kitchen,kitchen,kitchen,entry,kitchen,kitchen,bedroom,living,living,kitchen,living,kitchen,kitchen,entry,bedroom,kitchen,bedroom,bathroom,living,bathroom,living,entry,bedroom,entry,kitchen,kitchen,bedroom,kitchen
5100,d03 Thu 13:00,kitchen,kitchen,kitchen,kitchen,kitchen,kitchen,kitchen,kitchen,bedroom,living,living,kitchen,living,kitchen,kitchen,entry,bedroom,living,kitchen,bathroom,living,bathroom,living,entry,bedroom,entry,kitchen,kitchen,bedroom,kitchen
5160,d03 Thu 14:00,kitchen,kitchen,kitchen,kitchen,kitchen,kitchen,kitchen,kitchen,bedroom,living,living,kitchen,living,kitchen,kitchen,entry,bedroom,living,kitchen,bathroom,living,bathroom,living,entry,bedroom,entry,kitchen,kitchen,bedroom,kitchen
5220,d03 Thu 15:00,kitchen,kitchen,kitchen,kitchen,kitchen,kitchen,kitchen,kitchen,bedroom,living,living,kitchen,living,kitchen,kitchen,entry,bedroom,living,kitchen,bathroom,living,bathroom,living,entry,bedroom,entry,kitchen,kitchen,bedroom,kitchen
5280,d03 Thu 16:00,kitchen,kitchen,kitchen,kitchen,kitchen,kitchen,kitchen,kitchen,bedroom,living,living,kitchen,living,kitchen,kitchen,entry,bedroom,living,kitchen,bathroom,living,bathroom,living,entry,bedroom,entry,kitchen,kitchen,bedroom,kitchen
5340,d03 Thu 17:00,kitchen,kitchen,kitchen,kitchen,kitchen,kitchen,kitchen,kitchen,bedroom,living,living,kitchen,living,kitchen,kitchen,entry,bedroom,living,kitchen,bathroom,living,bathroom,living,entry,bedroom,entry,kitchen,kitchen,bedroom,kitchen
5400,d03 Thu 18:00,kitchen,kitchen,kitchen,kitchen,kitchen,kitchen,kitchen,kitchen,bedroom,living,living,kitchen,living,kitchen,kitchen,entry,bedroom,living,kitchen,bathroom,living,bathroom,living,entry,bedroom,entry,kitchen,kitchen,bedroom,kitchen
5460,d03 Thu 19:00,kitchen,kitchen,kitchen,kitchen,kitchen,kitchen,kitchen,kitchen,bedroom,living,living,kitchen,living,kitchen,kitchen,entry,bedroom,living,kitchen,bathroom,living,bathroom,living,entry,bedroom,entry,kitchen,kitchen,bedroom,kitchen
5520,d03 Thu 20:00,kitchen,kitchen,kitchen,kitchen,kitchen,kitchen,kitchen,kitchen,bedroom,living,living,kitchen,living,kitchen,kitchen,entry,bedroom,living,kitchen,bathroom,living,bathroom,living,entry,bedroom,entry,kitchen,kitchen,bedroom,kitchen
5580,d03 Thu 21:00,kitchen,kitchen,kitchen,kitchen,kitchen,kitchen,kitchen,kitchen,bedroom,living,living,kitchen,living,kitchen,kitchen,entry,bedroom,living,kitchen,bathroom,living,bathroom,living,entry,bedroom,entry,kitchen,kitchen,bedroom,kitchen
5640,d03 Thu 22:00,kitchen,kitchen,kitchen,kitchen,kitchen,kitchen,kitchen,kitchen,bedroom,living,living,kitchen,living,kitchen,kitchen,entry,bedroom,living,kitchen,bathroom,living,bathroom,living,entry,bedroom,entry,kitchen,kitchen,bedroom,kitchen
5700,d03 Thu 23:00,kitchen,kitchen,kitchen,kitchen,kitchen,kitchen,kitchen,kitchen,bedroom,living,living,kitchen,living,kitchen,kitchen,entry,bedroom,living,kitchen,bathroom,living,bathroom,living,entry,bedroom,entry,kitchen,kitchen,bedroom,kitchen
5760,d04 Fri 00:00,kitchen,kitchen,kitchen,kitchen,kitchen,kitchen,kitchen,kitchen,bedroom,living,living,kitchen,living,kitchen,kitchen,entry,bedroom,living,kitchen,bathroom,living,bathroom,living,entry,bedroom,entry,kitchen,kitchen,bedroom,kitchen
5820,d04 Fri 01:00,kitchen,kitchen,kitchen,kitchen,kitchen,kitchen,kitchen,kitchen,bedroom,living,living,kitchen,living,kitchen,kitchen,entry,bedroom,living,kitchen,bathroom,living,bathroom,living,entry,bedroom,entry,kitchen,kitchen,bedroom,kitchen
5880,d04 Fri 02:00,kitchen,kitchen,kitchen,kitchen,kitchen,kitchen,kitchen,kitchen,bedroom,living,living,kitchen,living,kitchen,kitchen,entry,bedroom,living,kitchen,bathroom,living,bathroom,living,entry,bedroom,entry,kitchen,kitchen,bedroom,kitchen
5940,d04 Fri 03:00,kitchen,kitchen,kitchen,kitchen,kitchen,kitchen,kitchen,kitchen,bedroom,living,living,kitchen,living,kitchen,kitchen,entry,bedroom,living,kitchen,bathroom,living,bathroom,living,entry,bedroom,entry,kitchen,kitchen,bedroom,kitchen
6000,d04 Fri 04:00,kitchen,kitchen,kitchen,kitchen,kitchen,kitchen,kitchen,kitchen,bedroom,living,living,kitchen,living,kitchen,kitchen,entry,bedroom,living,kitchen,bathroom,living,bathroom,living,entry,bedroom,entry,kitchen,kitchen,bedroom,kitchen
6060,d04 Fri 05:00,kitchen,kitchen,kitchen,kitchen,kitchen,kitchen,kitchen,kitchen,bedroom,living,living,kitchen,living,kitchen,kitchen,entry,bedroom,living,kitchen,bathroom,living,bathroom,living,entry,bedroom,entry,kitchen,kitchen,bedroom,kitchen
6120,d04 Fri 06:00,kitchen,kitchen,kitchen,kitchen,kitchen,kitchen,kitchen,kitchen,bedroom,living,living,kitchen,living,kitchen,kitchen,entry,bedroom,living,kitchen,kitchen,living,bathroom,living,entry,bedroom,entry,kitchen,kitchen,bedroom,kitchen
6180,d04 Fri 07:00,kitchen,kitchen,kitchen,kitchen,kitchen,kitchen,kitchen,kitchen,bedroom,living,living,kitchen,living,kitchen,kitchen,entry,kitchen,living,kitchen,kitchen,living,bathroom,living,entry,bedroom,entry,kitchen,kitchen,bedroom,kitchen
6240,d04 Fri 08:00,kitchen,kitchen,kitchen,kitchen,kitchen,kitchen,kitchen,kitchen,bedroom,living,living,kitchen,living,kitchen,kitchen,entry,kitchen,living,kitchen,kitchen,living,bathroom,living,entry,bedroom,entry,kitchen,kitchen,bedroom,kitchen
6300,d04 Fri 09:00,kitchen,kitchen,kitchen,kitchen,kitchen,kitchen,kitchen,kitchen,bedroom,living,living,kitchen,living,kitchen,kitchen,entry,kitchen,living,kitchen,kitchen,living,bathroom,living,entry,bedroom,entry,kitchen,kitchen,bedroom,kitchen
6360,d04 Fri 10:00,living,kitchen,kitchen,kitchen,kitchen,kitchen,kitchen,kitchen,bedroom,living,living,kitchen,living,kitchen,kitchen,entry,bedroom,living,kitchen,kitchen,living,bathroom,living,entry,bedroom,entry,kitchen,kitchen,bedroom,kitchen
6420,d04 Fri 11:00,living,kitchen,kitchen,kitchen,kitchen,kitchen,kitchen,kitchen,bedroom,kitchen,living,kitchen,living,kitchen,kitchen,entry,bedroom,living,kitchen,kitchen,living,bathroom,living,entry,bedroom,entry,kitchen,kitchen,bedroom,kitchen
6480,d04 Fri 12:00,living,kitchen,kitchen,kitchen,kitchen,kitchen,kitchen,kitchen,bedroom,kitchen,living,kitchen,living,kitchen,kitchen,entry,bedroom,living,kitchen,kitchen,living,bathroom,living,entry,bedroom,entry,kitchen,kitchen,bedroom,kitchen
6540,d04 Fri 13:00,living,kitchen,kitchen,kitchen,outside,outside,kitchen,outside,outside,outside,living,outside,living,outside,outside,outside,bedroom,outside,outside,kitchen,living,bathroom,living,outside,bedroom,entry,kitchen,kitchen,outside,kitchen
6600,d04 Fri 14:00,living,kitchen,kitchen,kitchen,kitchen,kitchen,kitchen,entry,entry,living,living,kitchen,living,kitchen,kitchen,entry,bedroom,kitchen,bedroom,kitchen,living,bathroom,living,entry,bedroom,entry,kitchen,kitchen,bedroom,kitchen
6660,d04 Fri 15:00,living,kitchen,kitchen,kitchen,kitchen,kitchen,living,entry,entry,living,living,kitchen,living,kitchen,kitchen,entry,bedroom,living,bedroom,kitchen,living,bathroom,living,entry,bedroom,entry,kitchen,kitchen,bedroom,kitchen
6720,d04 Fri 16:00,living,kitchen,kitchen,kitchen,kitchen,kitchen,living,entry,entry,living,living,kitchen,living,kitchen,kitchen,entry,bedroom,living,bedroom,kitchen,living,bathroom,living,entry,bedroom,entry,kitchen,kitchen,bedroom,kitchen
6780,d04 Fri 17:00,living,kitchen,kitchen,kitchen,kitchen,kitchen,living,entry,entry,living,living,kitchen,living,kitchen,kitchen,entry,bedroom,living,bedroom,kitchen,living,bathroom,living,entry,bedroom,entry,kitchen,kitchen,bedroom,kitchen
6840,d04 Fri 18:00,living,kitchen,kitchen,kitchen,kitchen,kitchen,living,entry,entry,living,living,kitchen,living,kitchen,kitchen,entry,bedroom,living,bedroom,kitchen,living,bathroom,living,entry,bedroom,entry,kitchen,kitchen,bedroom,kitchen
6900,d04 Fri 19:00,living,kitchen,kitchen,kitchen,kitchen,kitchen,living,entry,entry,living,living,kitchen,living,kitchen,kitchen,entry,bedroom,living,bedroom,kitchen,living,bathroom,living,entry,bedroom,entry,kitchen,kitchen,bedroom,kitchen
6960,d04 Fri 20:00,living,kitchen,kitchen,kitchen,kitchen,kitchen,living,entry,entry,living,living,kitchen,living,kitchen,kitchen,entry,bedroom,living,bedroom,kitchen,living,bathroom,living,entry,bedroom,entry,kitchen,kitchen,bedroom,kitchen
7020,d04 Fri 21:00,living,kitchen,kitchen,kitchen,kitchen,kitchen,living,entry,entry,living,living,kitchen,living,kitchen,kitchen,entry,bedroom,living,bedroom,kitchen,living,bathroom,living,entry,bedroom,entry,kitchen,kitchen,bedroom,kitchen
7080,d04 Fri 22:00,living,kitchen,kitchen,kitchen,kitchen,kitchen,living,entry,entry,living,living,kitchen,living,kitchen,kitchen,entry,bedroom,living,bedroom,kitchen,living,bathroom,living,entry,bedroom,entry,kitchen,kitchen,bedroom,kitchen
7140,d04 Fri 23:00,living,kitchen,kitchen,kitchen,kitchen,kitchen,living,entry,entry,living,living,kitchen,living,kitchen,kitchen,entry,bedroom,living,bedroom,kitchen,living,bathroom,living,entry,bedroom,entry,kitchen,kitchen,bedroom,kitchen
7200,d05 Sat 00:00,living,kitchen,kitchen,kitchen,kitchen,kitchen,living,entry,entry,living,living,kitchen,living,kitchen,kitchen,entry,bedroom,living,bedroom,kitchen,living,bathroom,living,entry,bedroom,entry,kitchen,kitchen,bedroom,kitchen
7260,d05 Sat 01:00,living,kitchen,kitchen,kitchen,kitchen,kitchen,living,entry,entry,living,living,kitchen,living,kitchen,kitchen,entry,bedroom,living,bedroom,kitchen,living,bathroom,living,entry,bedroom,entry,kitchen,kitchen,bedroom,kitchen
7320,d05 Sat 02:00,living,kitchen,kitchen,kitchen,kitchen,kitchen,living,entry,entry,living,living,kitchen,living,kitchen,kitchen,entry,bedroom,living,bedroom,kitchen,living,bathroom,living,entry,bedroom,entry,kitchen,kitchen,bedroom,kitchen
7380,d05 Sat 03:00,living,kitchen,kitchen,kitchen,kitchen,kitchen,living,entry,entry,living,living,kitchen,living,kitchen,kitchen,entry,bedroom,living,bedroom,kitchen,living,bathroom,living,entry,bedroom,entry,kitchen,kitchen,bedroom,kitchen
7440,d05 Sat 04:00,living,kitchen,kitchen,kitchen,kitchen,kitchen,living,entry,entry,living,living,kitchen,living,kitchen,kitchen,entry,bedroom,living,bedroom,kitchen,living,bathroom,living,entry,bedroom,entry,kitchen,kitchen,bedroom,kitchen
7500,d05 Sat 05:00,living,kitchen,kitchen,kitchen,kitchen,kitchen,living,entry,entry,living,living,kitchen,living,kitchen,kitchen,entry,bedroom,living,bedroom,kitchen,living,bathroom,living,entry,bedroom,entry,kitchen,kitchen,bedroom,kitchen
7560,d05 Sat 06:00,living,kitchen,kitchen,kitchen,kitchen,kitchen,kitchen,entry,entry,living,kitchen,kitchen,living,kitchen,kitchen,entry,kitchen,living,bedroom,kitchen,living,bathroom,kitchen,entry,kitchen,entry,kitchen,kitchen,bedroom,kitchen
7620,d05 Sat 07:00,living,kitchen,kitchen,kitchen,kitchen,kitchen,kitchen,entry,entry,living,living,kitchen,living,kitchen,kitchen,entry,living,living,bedroom,bathroom,living,bathroom,living,entry,kitchen,entry,kitchen,kitchen,bedroom,kitchen
7680,d05 Sat 08:00,living,kitchen,kitchen,kitchen,kitchen,kitchen,kitchen,entry,entry,living,living,kitchen,living,kitchen,kitchen,entry,living,living,bedroom,bathroom,living,bathroom,living,entry,kitchen,entry,kitchen,kitchen,bedroom,kitchen
7740,d05 Sat 09:00,kitchen,kitchen,kitchen,kitchen,kitchen,kitchen,kitchen,entry,entry,living,living,kitchen,living,kitchen,kitchen,entry,living,living,bedroom,bathroom,living,bathroom,living,entry,kitchen,entry,kitchen,kitchen,bedroom,kitchen
7800,d05 Sat 10:00,living,kitchen,kitchen,kitchen,kitchen,kitchen,kitchen,entry,entry,bedroom,living,kitchen,living,kitchen,kitchen,entry,living,living,bedroom,bathroom,living,bathroom,living,entry,kitchen,entry,kitchen,kitchen,bedroom,kitchen
7860,d05 Sat 11:00,living,kitchen,kitchen,kitchen,kitchen,kitchen,kitchen,entry,entry,bedroom,kitchen,kitchen,living,kitchen,kitchen,entry,living,living,bedroom,bathroom,living,bathroom,living,entry,kitchen,entry,kitchen,kitchen,bedroom,kitchen
7920,d05 Sat 12:00,living,kitchen,kitchen,kitchen,kitchen,kitchen,kitchen,entry,entry,bedroom,kitchen,kitchen,living,kitchen,kitchen,entry,living,living,bedroom,bathroom,living,bathroom,living,entry,kitchen,entry,kitchen,kitchen,bedroom,kitchen
7980,d05 Sat 13:00,living,living,kitchen,kitchen,kitchen,kitchen,kitchen,entry,entry,bedroom,living,kitchen,living,kitchen,kitchen,entry,living,living,bedroom,bathroom,living,bathroom,living,entry,kitchen,entry,kitchen,kitchen,bedroom,kitchen
8040,d05 Sat 14:00,kitchen,kitchen,kitchen,kitchen,kitchen,kitchen,kitchen,kitchen,entry,bedroom,living,kitchen,living,kitchen,kitchen,entry,living,living,bedroom,bathroom,living,bathroom,living,entry,kitchen,entry,kitchen,kitchen,bedroom,kitchen
8100,d05 Sat 15:00,kitchen,kitchen,kitchen,kitchen,kitchen,kitchen,kitchen,kitchen,entry,bedroom,living,kitchen,living,kitchen,kitchen,entry,living,kitchen,bedroom,bathroom,living,bathroom,living,entry,kitchen,entry,kitchen,kitchen,bedroom,kitchen
8160,d05 Sat 16:00,living,kitchen,kitchen,kitchen,kitchen,kitchen,kitchen,kitchen,entry,bedroom,living,kitchen,living,kitchen,kitchen,entry,living,kitchen,bedroom,bathroom,living,bathroom,living,entry,kitchen,entry,kitchen,kitchen,bedroom,kitchen
8220,d05 Sat 17:00,living,kitchen,kitchen,kitchen,kitchen,kitchen,kitchen,kitchen,entry,living,living,kitchen,living,kitchen,kitchen,entry,living,kitchen,bedroom,bathroom,living,bathroom,living,entry,kitchen,entry,kitchen,kitchen,bedroom,kitchen
8280,d05 Sat 18:00,living,kitchen,kitchen,kitchen,kitchen,kitchen,kitchen,kitchen,entry,living,living,kitchen,living,kitchen,kitchen,entry,living,kitchen,bedroom,bathroom,living,bathroom,living,entry,kitchen,entry,kitchen,kitchen,bedroom,kitchen
8340,d05 Sat 19:00,living,kitchen,kitchen,kitchen,kitchen,kitchen,kitchen,kitchen,entry,living,living,kitchen,living,kitchen,kitchen,entry,living,kitchen,bedroom,bathroom,living,bathroom,living,entry,kitchen,entry,kitchen,kitchen,bedroom,kitchen
8400,d05 Sat 20:00,living,kitchen,kitchen,kitchen,kitchen,kitchen,kitchen,kitchen,entry,living,living,kitchen,living,kitchen,kitchen,entry,living,kitchen,bedroom,bathroom,living,bathroom,living,entry,kitchen,entry,kitchen,kitchen,bedroom,kitchen
8460,d05 Sat 21:00,living,kitchen,kitchen,kitchen,kitchen,kitchen,kitchen,kitchen,entry,living,living,kitchen,living,kitchen,kitchen,entry,living,kitchen,bedroom,bathroom,living,bathroom,living,entry,kitchen,entry,kitchen,kitchen,bedroom,kitchen
8520,d05 Sat 22:00,living,kitchen,kitchen,kitchen,kitchen,kitchen,kitchen,kitchen,entry,living,living,kitchen,living,kitchen,kitchen,entry,living,kitchen,bedroom,bathroom,living,bathroom,living,entry,kitchen,entry,kitchen,kitchen,bedroom,kitchen
8580,d05 Sat 23:00,living,kitchen,kitchen,kitchen,kitchen,kitchen,kitchen,kitchen,entry,living,living,kitchen,living,kitchen,kitchen,entry,living,kitchen,bedroom,bathroom,living,bathroom,living,entry,kitchen,entry,kitchen,kitchen,bedroom,kitchen
8640,d06 Sun 00:00,living,kitchen,kitchen,kitchen,kitchen,kitchen,kitchen,kitchen,entry,living,living,kitchen,living,kitchen,kitchen,entry,living,kitchen,bedroom,bathroom,living,bathroom,living,entry,kitchen,entry,kitchen,kitchen,bedroom,kitchen
8700,d06 Sun 01:00,living,kitchen,kitchen,kitchen,kitchen,kitchen,kitchen,kitchen,entry,living,living,kitchen,living,kitchen,kitchen,entry,living,kitchen,bedroom,bathroom,living,bathroom,living,entry,kitchen,entry,kitchen,kitchen,bedroom,kitchen
8760,d06 Sun 02:00,living,kitchen,kitchen,kitchen,kitchen,kitchen,kitchen,kitchen,entry,living,living,kitchen,living,kitchen,kitchen,entry,living,kitchen,bedroom,bathroom,living,bathroom,living,entry,kitchen,entry,kitchen,kitchen,bedroom,kitchen
8820,d06 Sun 03:00,living,kitchen,kitchen,kitchen,kitchen,kitchen,kitchen,kitchen,entry,living,living,kitchen,living,kitchen,kitchen,entry,living,kitchen,bedroom,bathroom,living,bathroom,living,entry,kitchen,entry,kitchen,kitchen,bedroom,kitchen
8880,d06 Sun 04:00,living,kitchen,kitchen,kitchen,kitchen,kitchen,kitchen,kitchen,entry,living,living,kitchen,living,kitchen,kitchen,entry,living,kitchen,bedroom,bathroom,living,bathroom,living,entry,kitchen,entry,kitchen,kitchen,bedroom,kitchen
8940,d06 Sun 05:00,living,kitchen,kitchen,kitchen,kitchen,kitchen,kitchen,kitchen,entry,living,living,kitchen,living,kitchen,kitchen,entry,kitchen,kitchen,bedroom,kitchen,living,bathroom,living,entry,kitchen,entry,kitchen,kitchen,bedroom,kitchen
9000,d06 Sun 06:00,kitchen,kitchen,kitchen,kitchen,kitchen,kitchen,kitchen,kitchen,entry,living,living,kitchen,living,kitchen,kitchen,entry,kitchen,kitchen,bedroom,kitchen,living,bathroom,living,entry,kitchen,entry,kitchen,kitchen,bedroom,kitchen
9060,d06 Sun 07:00,living,kitchen,kitchen,kitchen,kitchen,kitchen,kitchen,kitchen,entry,living,living,kitchen,living,kitchen,kitchen,entry,living,kitchen,bedroom,kitchen,living,bathroom,living,entry,kitchen,entry,kitchen,kitchen,bedroom,entry
9120,d06 Sun 08:00,living,kitchen,kitchen,kitchen,kitchen,kitchen,kitchen,kitchen,entry,living,living,kitchen,living,kitchen,kitchen,entry,living,kitchen,bedroom,kitchen,living,bathroom,living,entry,kitchen,entry,kitchen,kitchen,bedroom,entry
9180,d06 Sun 09:00,living,kitchen,kitchen,kitchen,outside,outside,kitchen,outside,outside,outside,living,outside,living,outside,outside,outside,bedroom,outside,outside,kitchen,living,bathroom,living,outside,kitchen,entry,kitchen,kitchen,outside,entry
9240,d06 Sun 10:00,living,kitchen,kitchen,kitchen,kitchen,kitchen,kitchen,kitchen,entry,living,living,kitchen,living,kitchen,kitchen,entry,bedroom,kitchen,bedroom,kitchen,living,bathroom,living,entry,kitchen,entry,kitchen,kitchen,bedroom,entry
9300,d06 Sun 11:00,living,kitchen,kitchen,kitchen,kitchen,kitchen,kitchen,kitchen,entry,living,living,kitchen,living,kitchen,kitchen,entry,kitchen,kitchen,bedroom,kitchen,living,bathroom,living,entry,kitchen,entry,kitchen,kitchen,bedroom,entry
9360,d06 Sun 12:00,living,kitchen,kitchen,kitchen,kitchen,kitchen,kitchen,kitchen,entry,living,living,kitchen,living,kitchen,kitchen,entry,kitchen,kitchen,bedroom,kitchen,living,bathroom,living,entry,kitchen,entry,kitchen,kitchen,bedroom,entry
9420,d06 Sun 13:00,kitchen,kitchen,kitchen,kitchen,kitchen,kitchen,kitchen,kitchen,entry,living,living,kitchen,living,kitchen,kitchen,entry,kitchen,kitchen,bedroom,kitchen,living,bathroom,living,entry,kitchen,entry,kitchen,kitchen,bedroom,entry
9480,d06 Sun 14:00,living,kitchen,kitchen,kitchen,kitchen,kitchen,kitchen,kitchen,entry,living,living,kitchen,living,kitchen,kitchen,entry,living,kitchen,bedroom,kitchen,living,bathroom,living,entry,kitchen,entry,kitchen,kitchen,bedroom,entry
9540,d06 Sun 15:00,living,kitchen,kitchen,kitchen,kitchen,kitchen,kitchen,kitchen,entry,bedroom,living,kitchen,living,kitchen,kitchen,entry,living,kitchen,bedroom,kitchen,living,bathroom,living,entry,kitchen,entry,kitchen,kitchen,bedroom,entry
9600,d06 Sun 16:00,living,kitchen,kitchen,kitchen,kitchen,kitchen,kitchen,kitchen,entry,bedroom,living,kitchen,living,kitchen,kitchen,entry,living,kitchen,bedroom,kitchen,living,bathroom,living,entry,kitchen,entry,kitchen,kitchen,bedroom,entry
9660,d06 Sun 17:00,living,kitchen,kitchen,kitchen,kitchen,kitchen,kitchen,kitchen,entry,bedroom,living,kitchen,living,kitchen,kitchen,entry,living,kitchen,bedroom,kitchen,living,bathroom,living,entry,kitchen,entry,kitchen,kitchen,bedroom,entry
9720,d06 Sun 18:00,living,kitchen,kitchen,kitchen,kitchen,kitchen,kitchen,kitchen,entry,bedroom,living,kitchen,living,kitchen,kitchen,entry,living,kitchen,bedroom,kitchen,living,bathroom,living,entry,kitchen,entry,kitchen,kitchen,bedroom,entry
9780,d06 Sun 19:00,living,kitchen,kitchen,kitchen,kitchen,kitchen,kitchen,kitchen,entry,bedroom,living,kitchen,living,kitchen,kitchen,entry,living,kitchen,bedroom,kitchen,living,bathroom,living,entry,kitchen,entry,kitchen,kitchen,bedroom,entry
9840,d06 Sun 20:00,living,kitchen,kitchen,kitchen,kitchen,kitchen,kitchen,kitchen,entry,bedroom,living,kitchen,living,kitchen,kitchen,entry,living,kitchen,bedroom,kitchen,living,bathroom,living,entry,kitchen,entry,kitchen,kitchen,bedroom,entry
9900,d06 Sun 21:00,living,kitchen,kitchen,kitchen,kitchen,kitchen,kitchen,kitchen,entry,bedroom,living,kitchen,living,kitchen,kitchen,entry,living,kitchen,bedroom,kitchen,living,bathroom,living,entry,kitchen,entry,kitchen,kitchen,bedroom,entry
9960,d06 Sun 22:00,living,kitchen,kitchen,kitchen,kitchen,kitchen,kitchen,kitchen,entry,bedroom,living,kitchen,living,kitchen,kitchen,entry,living,kitchen,bedroom,kitchen,living,bathroom,living,entry,kitchen,entry,kitchen,kitchen,bedroom,entry
10020,d06 Sun 23:00,living,kitchen,kitchen,kitchen,kitchen,kitchen,kitchen,kitchen,entry,bedroom,living,kitchen,living,kitchen,kitchen,entry,living,kitchen,bedroom,kitchen,living,bathroom,living,entry,kitchen,entry,kitchen,kitchen,bedroom,entry
10080,d07 Mon 00:00,living,kitchen,kitchen,kitchen,kitchen,kitchen,kitchen,kitchen,entry,bedroom,living,kitchen,living,kitchen,kitchen,entry,living,kitchen,bedroom,kitchen,living,bathroom,living,entry,kitchen,entry,kitchen,kitchen,bedroom,entry
10140,d07 Mon 01:00,living,kitchen,kitchen,kitchen,kitchen,kitchen,kitchen,kitchen,entry,bedroom,living,kitchen,living,kitchen,kitchen,entry,living,kitchen,bedroom,kitchen,living,bathroom,living,entry,kitchen,entry,kitchen,kitchen,bedroom,entry
10200,d07 Mon 02:00,living,kitchen,kitchen,kitchen,kitchen,kitchen,kitchen,kitchen,entry,bedroom,living,kitchen,living,kitchen,kitchen,entry,living,kitchen,bedroom,kitchen,living,bathroom,living,entry,kitchen,entry,kitchen,kitchen,bedroom,entry
10260,d07 Mon 03:00,living,kitchen,kitchen,kitchen,kitchen,kitchen,kitchen,kitchen,entry,bedroom,living,kitchen,living,kitchen,kitchen,entry,living,kitchen,bedroom,kitchen,living,bathroom,living,entry,kitchen,entry,kitchen,kitchen,bedroom,entry
10320,d07 Mon 04:00,living,kitchen,kitchen,kitchen,kitchen,kitchen,kitchen,kitchen,entry,bedroom,living,kitchen,living,kitchen,kitchen,entry,living,kitchen,bedroom,kitchen,living,bathroom,living,entry,kitchen,entry,kitchen,kitchen,bedroom,entry
10380,d07 Mon 05:00,living,kitchen,kitchen,kitchen,kitchen,kitchen,kitchen,kitchen,entry,bedroom,living,kitchen,living,kitchen,kitchen,entry,living,kitchen,bedroom,kitchen,living,bathroom,living,entry,kitchen,entry,kitchen,kitchen,bedroom,entry
10440,d07 Mon 06:00,kitchen,kitchen,kitchen,kitchen,kitchen,kitchen,kitchen,kitchen,kitchen,bedroom,living,kitchen,living,kitchen,kitchen,entry,living,kitchen,bedroom,bathroom,living,bathroom,living,entry,kitchen,entry,kitchen,kitchen,bedroom,entry
10500,d07 Mon 07:00,kitchen,kitchen,kitchen,kitchen,kitchen,kitchen,kitchen,kitchen,kitchen,bedroom,living,kitchen,living,kitchen,kitchen,entry,living,kitchen,bedroom,bathroom,living,bathroom,living,entry,kitchen,entry,kitchen,kitchen,bedroom,entry
10560,d07 Mon 08:00,kitchen,kitchen,kitchen,kitchen,kitchen,kitchen,kitchen,kitchen,kitchen,bedroom,living,kitchen,living,kitchen,kitchen,entry,living,kitchen,kitchen,bathroom,living,bathroom,living,entry,kitchen,entry,kitchen,kitchen,bedroom,entry
10620,d07 Mon 09:00,kitchen,kitchen,kitchen,kitchen,kitchen,living,kitchen,kitchen,kitchen,bedroom,living,kitchen,living,kitchen,kitchen,entry,living,kitchen,kitchen,bathroom,living,bathroom,living,entry,kitchen,entry,kitchen,kitchen,bedroom,entry
10680,d07 Mon 10:00,living,kitchen,kitchen,kitchen,kitchen,living,kitchen,kitchen,kitchen,bedroom,living,kitchen,living,kitchen,kitchen,entry,bedroom,kitchen,kitchen,kitchen,living,bathroom,living,entry,kitchen,entry,kitchen,kitchen,bedroom,entry
10740,d07 Mon 11:00,living,kitchen,kitchen,kitchen,kitchen,living,kitchen,kitchen,kitchen,bedroom,living,kitchen,living,kitchen,kitchen,entry,bedroom,kitchen,kitchen,kitchen,living,bathroom,living,entry,kitchen,entry,kitchen,kitchen,bedroom,entry
10800,d07 Mon 12:00,living,kitchen,kitchen,kitchen,kitchen,living,kitchen,kitchen,kitchen,bedroom,living,kitchen,living,kitchen,kitchen,entry,bedroom,kitchen,kitchen,kitchen,living,bathroom,living,entry,kitchen,entry,kitchen,kitchen,bedroom,entry
10860,d07 Mon 13:00,living,kitchen,kitchen,kitchen,kitchen,living,kitchen,kitchen,kitchen,bedroom,living,kitchen,living,kitchen,kitchen,entry,bedroom,kitchen,kitchen,kitchen,living,bathroom,living,entry,kitchen,entry,kitchen,kitchen,bedroom,entry
10920,d07 Mon 14:00,living,kitchen,kitchen,kitchen,kitchen,living,kitchen,kitchen,kitchen,bedroom,living,kitchen,living,kitchen,kitchen,entry,bedroom,kitchen,kitchen,kitchen,living,bathroom,living,entry,kitchen,entry,kitchen,kitchen,bedroom,entry
10980,d07 Mon 15:00,living,kitchen,kitchen,kitchen,kitchen,living,kitchen,kitchen,kitchen,bedroom,living,kitchen,living,kitchen,kitchen,entry,bedroom,kitchen,kitchen,bathroom,living,bathroom,living,entry,kitchen,entry,kitchen,kitchen,bedroom,entry
11040,d07 Mon 16:00,living,kitchen,kitchen,kitchen,kitchen,living,kitchen,kitchen,kitchen,bedroom,living,kitchen,living,kitchen,kitchen,entry,bedroom,kitchen,kitchen,bathroom,living,bathroom,living,entry,kitchen,entry,kitchen,kitchen,bedroom,entry
11100,d07 Mon 17:00,living,kitchen,kitchen,kitchen,kitchen,living,kitchen,kitchen,kitchen,bedroom,living,kitchen,living,kitchen,kitchen,entry,bedroom,kitchen,kitchen,bathroom,living,bathroom,living,entry,kitchen,entry,kitchen,kitchen,bedroom,entry
11160,d07 Mon 18:00,living,kitchen,kitchen,kitchen,kitchen,living,kitchen,kitchen,kitchen,bedroom,living,kitchen,living,kitchen,kitchen,entry,bedroom,kitchen,kitchen,bathroom,living,bathroom,living,entry,kitchen,entry,kitchen,kitchen,bedroom,entry
11220,d07 Mon 19:00,living,kitchen,kitchen,kitchen,kitchen,living,kitchen,kitchen,kitchen,bedroom,living,kitchen,living,kitchen,kitchen,entry,bedroom,kitchen,kitchen,bathroom,living,bathroom,living,entry,kitchen,entry,kitchen,kitchen,bedroom,entry
11280,d07 Mon 20:00,living,kitchen,kitchen,kitchen,kitchen,living,kitchen,kitchen,kitchen,bedroom,living,kitchen,living,kitchen,kitchen,entry,bedroom,kitchen,kitchen,bathroom,living,bathroom,living,entry,kitchen,entry,kitchen,kitchen,bedroom,entry
11340,d07 Mon 21:00,living,kitchen,kitchen,kitchen,kitchen,living,kitchen,kitchen,kitchen,bedroom,living,kitchen,living,kitchen,kitchen,entry,bedroom,kitchen,kitchen,bathroom,living,bathroom,living,entry,kitchen,entry,kitchen,kitchen,bedroom,entry
11400,d07 Mon 22:00,living,kitchen,kitchen,kitchen,kitchen,living,kitchen,kitchen,kitchen,bedroom,living,kitchen,living,kitchen,kitchen,entry,bedroom,kitchen,kitchen,bathroom,living,bathroom,living,entry,kitchen,entry,kitchen,kitchen,bedroom,entry
11460,d07 Mon 23:00,living,kitchen,kitchen,kitchen,kitchen,living,kitchen,kitchen,kitchen,bedroom,living,kitchen,living,kitchen,kitchen,entry,bedroom,kitchen,kitchen,bathroom,living,bathroom,living,entry,kitchen,entry,kitchen,kitchen,bedroom,entry
11520,d08 Tue 00:00,living,kitchen,kitchen,kitchen,kitchen,living,kitchen,kitchen,kitchen,bedroom,living,kitchen,living,kitchen,kitchen,entry,bedroom,kitchen,kitchen,bathroom,living,bathroom,living,entry,kitchen,entry,kitchen,kitchen,bedroom,entry
11580,d08 Tue 01:00,living,kitchen,kitchen,kitchen,kitchen,living,kitchen,kitchen,kitchen,bedroom,living,kitchen,living,kitchen,kitchen,entry,bedroom,kitchen,kitchen,bathroom,living,bathroom,living,entry,kitchen,entry,kitchen,kitchen,bedroom,entry
11640,d08 Tue 02:00,living,kitchen,kitchen,kitchen,kitchen,living,kitchen,kitchen,kitchen,bedroom,living,kitchen,living,kitchen,kitchen,entry,bedroom,kitchen,kitchen,bathroom,living,bathroom,living,entry,kitchen,entry,kitchen,kitchen,bedroom,entry
11700,d08 Tue 03:00,living,kitchen,kitchen,kitchen,kitchen,living,kitchen,kitchen,kitchen,bedroom,living,kitchen,living,kitchen,kitchen,entry,bedroom,kitchen,kitchen,bathroom,living,bathroom,living,entry,kitchen,entry,kitchen,kitchen,bedroom,entry
11760,d08 Tue 04:00,living,kitchen,kitchen,kitchen,kitchen,living,kitchen,kitchen,kitchen,bedroom,living,kitchen,living,kitchen,kitchen,entry,bedroom,kitchen,kitchen,bathroom,living,bathroom,living,entry,kitchen,entry,kitchen,kitchen,bedroom,entry
11820,d08 Tue 05:00,living,kitchen,kitchen,kitchen,kitchen,living,kitchen,kitchen,kitchen,bedroom,living,kitchen,living,kitchen,kitchen,entry,bedroom,kitchen,kitchen,bathroom,living,bathroom,living,entry,kitchen,entry,kitchen,kitchen,bedroom,entry
11880,d08 Tue 06:00,kitchen,kitchen,kitchen,kitchen,kitchen,living,kitchen,kitchen,kitchen,bedroom,living,kitchen,living,kitchen,kitchen,entry,bedroom,kitchen,kitchen,bathroom,living,bathroom,living,entry,kitchen,entry,kitchen,kitchen,bedroom,entry
11940,d08 Tue 07:00,kitchen,kitchen,kitchen,kitchen,kitchen,living,kitchen,kitchen,kitchen,bedroom,living,kitchen,living,kitchen,kitchen,entry,bedroom,kitchen,kitchen,bathroom,living,bathroom,living,entry,kitchen,entry,kitchen,kitchen,bedroom,entry
12000,d08 Tue 08:00,kitchen,kitchen,kitchen,kitchen,kitchen,kitchen,kitchen,kitchen,kitchen,bedroom,living,kitchen,kitchen,kitchen,kitchen,entry,bedroom,kitchen,kitchen,bathroom,living,bathroom,living,entry,kitchen,entry,kitchen,kitchen,bedroom,entry
12060,d08 Tue 09:00,bedroom,kitchen,kitchen,kitchen,kitchen,kitchen,kitchen,kitchen,kitchen,bedroom,living,kitchen,kitchen,kitchen,kitchen,entry,bedroom,kitchen,kitchen,bathroom,living,bathroom,living,entry,kitchen,entry,kitchen,kitchen,bedroom,entry
12120,d08 Tue 10:00,bedroom,kitchen,kitchen,kitchen,kitchen,kitchen,kitchen,kitchen,kitchen,bedroom,living,kitchen,kitchen,kitchen,kitchen,entry,living,kitchen,kitchen,bathroom,living,bathroom,living,entry,kitchen,entry,kitchen,kitchen,bedroom,entry
12180,d08 Tue 11:00,bedroom,kitchen,kitchen,kitchen,kitchen,kitchen,kitchen,kitchen,kitchen,bedroom,living,kitchen,living,kitchen,kitchen,entry,living,kitchen,kitchen,bathroom,living,bathroom,living,entry,kitchen,entry,kitchen,kitchen,bedroom,entry
12240,d08 Tue 12:00,bedroom,kitchen,kitchen,kitchen,kitchen,kitchen,kitchen,kitchen,kitchen,bedroom,living,kitchen,living,kitchen,kitchen,entry,living,kitchen,kitchen,bathroom,living,bathroom,living,entry,kitchen,entry,kitchen,kitchen,bedroom,entry
12300,d08 Tue 13:00,bedroom,kitchen,kitchen,kitchen,kitchen,kitchen,kitchen,kitchen,kitchen,bedroom,living,kitchen,living,kitchen,kitchen,entry,living,kitchen,kitchen,bathroom,living,bathroom,living,entry,kitchen,entry,kitchen,kitchen,bedroom,entry
12360,d08 Tue 14:00,bedroom,kitchen,kitchen,kitchen,kitchen,kitchen,kitchen,kitchen,kitchen,bedroom,living,kitchen,living,kitchen,kitchen,entry,living,kitchen,kitchen,kitchen,living,bathroom,living,entry,kitchen,entry,kitchen,kitchen,bedroom,entry
12420,d08 Tue 15:00,bedroom,kitchen,kitchen,kitchen,kitchen,kitchen,kitchen,kitchen,kitchen,bedroom,living,kitchen,living,kitchen,kitchen,entry,living,kitchen,kitchen,kitchen,living,bathroom,living,entry,kitchen,entry,kitchen,kitchen,bedroom,entry
12480,d08 Tue 16:00,bedroom,kitchen,kitchen,kitchen,kitchen,kitchen,kitchen,kitchen,kitchen,bedroom,living,kitchen,living,kitchen,kitchen,entry,living,kitchen,kitchen,kitchen,living,bathroom,living,entry,kitchen,entry,kitchen,kitchen,bedroom,entry
12540,d08 Tue 17:00,bedroom,kitchen,kitchen,kitchen,kitchen,kitchen,kitchen,kitchen,kitchen,bedroom,living,kitchen,living,kitchen,kitchen,entry,living,kitchen,kitchen,kitchen,living,bathroom,living,entry,kitchen,entry,kitchen,kitchen,bedroom,entry
12600,d08 Tue 18:00,bedroom,kitchen,kitchen,kitchen,kitchen,kitchen,kitchen,kitchen,kitchen,bedroom,living,kitchen,living,kitchen,kitchen,entry,living,kitchen,kitchen,kitchen,living,bathroom,living,entry,kitchen,entry,kitchen,kitchen,bedroom,entry
12660,d08 Tue 19:00,bedroom,kitchen,kitchen,kitchen,kitchen,kitchen,kitchen,kitchen,kitchen,bedroom,living,kitchen,living,kitchen,kitchen,entry,living,kitchen,kitchen,kitchen,living,bathroom,living,entry,kitchen,entry,kitchen,kitchen,bedroom,entry
12720,d08 Tue 20:00,bedroom,kitchen,kitchen,kitchen,kitchen,kitchen,kitchen,kitchen,kitchen,bedroom,living,kitchen,living,kitchen,kitchen,entry,living,kitchen,kitchen,kitchen,living,bathroom,living,entry,kitchen,entry,kitchen,kitchen,bedroom,entry
12780,d08 Tue 21:00,bedroom,kitchen,kitchen,kitchen,kitchen,kitchen,kitchen,kitchen,kitchen,bedroom,living,kitchen,living,kitchen,kitchen,entry,living,kitchen,kitchen,kitchen,living,bathroom,living,entry,kitchen,entry,kitchen,kitchen,bedroom,entry
12840,d08 Tue 22:00,bedroom,kitchen,kitchen,kitchen,kitchen,kitchen,kitchen,kitchen,kitchen,bedroom,living,kitchen,living,kitchen,kitchen,entry,living,kitchen,kitchen,kitchen,living,bathroom,living,entry,kitchen,entry,kitchen,kitchen,bedroom,entry
12900,d08 Tue 23:00,bedroom,kitchen,kitchen,kitchen,kitchen,kitchen,kitchen,kitchen,kitchen,bedroom,living,kitchen,living,kitchen,kitchen,entry,living,kitchen,kitchen,kitchen,living,bathroom,living,entry,kitchen,entry,kitchen,kitchen,bedroom,entry
12960,d09 Wed 00:00,bedroom,kitchen,kitchen,kitchen,kitchen,kitchen,kitchen,kitchen,kitchen,bedroom,living,kitchen,living,kitchen,kitchen,entry,living,kitchen,kitchen,kitchen,living,bathroom,living,entry,kitchen,entry,kitchen,kitchen,bedroom,entry
13020,d09 Wed 01:00,bedroom,kitchen,kitchen,kitchen,kitchen,kitchen,kitchen,kitchen,kitchen,bedroom,living,kitchen,living,kitchen,kitchen,entry,living,kitchen,kitchen,kitchen,living,bathroom,living,entry,kitchen,entry,kitchen,kitchen,bedroom,entry
13080,d09 Wed 02:00,bedroom,kitchen,kitchen,kitchen,kitchen,kitchen,kitchen,kitchen,kitchen,bedroom,living,kitchen,living,kitchen,kitchen,entry,living,kitchen,kitchen,kitchen,living,bathroom,living,entry,kitchen,entry,kitchen,kitchen,bedroom,entry
13140,d09 Wed 03:00,bedroom,kitchen,kitchen,kitchen,kitchen,kitchen,kitchen,kitchen,kitchen,bedroom,living,kitchen,living,kitchen,kitchen,entry,living,kitchen,kitchen,kitchen,living,bathroom,living,entry,kitchen,entry,kitchen,kitchen,bedroom,entry
13200,d09 Wed 04:00,bedroom,kitchen,kitchen,kitchen,kitchen,kitchen,kitchen,kitchen,kitchen,bedroom,living,kitchen,living,kitchen,kitchen,entry,living,kitchen,kitchen,kitchen,living,bathroom,living,entry,kitchen,entry,kitchen,kitchen,bedroom,entry
13260,d09 Wed 05:00,bedroom,kitchen,kitchen,kitchen,kitchen,kitchen,kitchen,kitchen,kitchen,bedroom,living,kitchen,living,kitchen,kitchen,entry,living,kitchen,kitchen,kitchen,living,bathroom,living,entry,kitchen,entry,kitchen,kitchen,bedroom,entry
13320,d09 Wed 06:00,bedroom,kitchen,kitchen,kitchen,kitchen,kitchen,kitchen,kitchen,kitchen,bedroom,living,kitchen,living,kitchen,kitchen,entry,living,kitchen,kitchen,kitchen,living,bathroom,living,entry,kitchen,entry,kitchen,kitchen,bedroom,entry
13380,d09 Wed 07:00,kitchen,kitchen,kitchen,kitchen,kitchen,kitchen,kitchen,kitchen,kitchen,bedroom,living,kitchen,living,kitchen,kitchen,entry,living,kitchen,kitchen,kitchen,living,bathroom,living,entry,kitchen,entry,kitchen,kitchen,bedroom,entry
13440,d09 Wed 08:00,kitchen,kitchen,kitchen,kitchen,kitchen,kitchen,kitchen,kitchen,kitchen,bedroom,living,kitchen,living,kitchen,kitchen,entry,living,kitchen,bedroom,bathroom,living,bathroom,living,entry,living,entry,kitchen,kitchen,bedroom,kitchen
13500,d09 Wed 09:00,living,kitchen,kitchen,kitchen,kitchen,kitchen,kitchen,kitchen,kitchen,bedroom,living,kitchen,living,kitchen,kitchen,entry,kitchen,kitchen,bedroom,bathroom,living,bathroom,living,entry,living,entry,kitchen,kitchen,bedroom,kitchen
13560,d09 Wed 10:00,living,kitchen,kitchen,kitchen,outside,outside,kitchen,outside,outside,outside,living,outside,living,outside,outside,outside,bedroom,outside,outside,bathroom,living,bathroom,living,outside,living,entry,kitchen,kitchen,outside,kitchen
13620,d09 Wed 11:00,living,kitchen,kitchen,kitchen,kitchen,living,kitchen,entry,bedroom,living,living,kitchen,living,kitchen,kitchen,entry,bedroom,kitchen,bedroom,bathroom,living,bathroom,living,entry,living,entry,kitchen,kitchen,bedroom,kitchen
13680,d09 Wed 12:00,living,kitchen,kitchen,kitchen,kitchen,living,kitchen,entry,bedroom,living,living,kitchen,living,kitchen,kitchen,entry,bedroom,kitchen,bedroom,bathroom,living,bathroom,living,entry,living,entry,kitchen,kitchen,bedroom,kitchen
13740,d09 Wed 13:00,kitchen,kitchen,kitchen,kitchen,kitchen,living,kitchen,entry,kitchen,living,living,kitchen,living,kitchen,kitchen,entry,bedroom,kitchen,bedroom,bathroom,living,bathroom,living,entry,living,entry,kitchen,kitchen,bedroom,kitchen
13800,d09 Wed 14:00,kitchen,kitchen,kitchen,kitchen,kitchen,living,kitchen,entry,kitchen,living,living,kitchen,living,kitchen,kitchen,entry,bedroom,kitchen,bedroom,bathroom,living,bathroom,living,entry,living,entry,kitchen,kitchen,bedroom,kitchen
13860,d09 Wed 15:00,kitchen,kitchen,kitchen,kitchen,kitchen,kitchen,kitchen,entry,kitchen,living,living,kitchen,living,kitchen,kitchen,entry,bedroom,kitchen,living,bathroom,living,bathroom,living,entry,living,entry,kitchen,kitchen,bedroom,kitchen
13920,d09 Wed 16:00,kitchen,kitchen,kitchen,kitchen,kitchen,kitchen,kitchen,entry,kitchen,living,living,kitchen,living,kitchen,kitchen,entry,bedroom,kitchen,living,bathroom,living,bathroom,living,entry,living,entry,kitchen,kitchen,bedroom,kitchen
13980,d09 Wed 17:00,kitchen,kitchen,kitchen,kitchen,kitchen,kitchen,kitchen,entry,kitchen,living,living,kitchen,living,kitchen,kitchen,entry,bedroom,kitchen,living,bathroom,living,bathroom,living,entry,living,entry,kitchen,kitchen,bedroom,kitchen
14040,d09 Wed 18:00,kitchen,kitchen,kitchen,kitchen,kitchen,kitchen,kitchen,entry,kitchen,living,living,kitchen,living,kitchen,kitchen,entry,bedroom,kitchen,living,bathroom,living,bathroom,living,entry,living,entry,kitchen,kitchen,bedroom,kitchen
14100,d09 Wed 19:00,kitchen,kitchen,kitchen,kitchen,kitchen,kitchen,kitchen,entry,kitchen,living,living,kitchen,living,kitchen,kitchen,entry,bedroom,kitchen,living,bathroom,living,bathroom,living,entry,living,entry,kitchen,kitchen,bedroom,kitchen
14160,d09 Wed 20:00,kitchen,kitchen,kitchen,kitchen,kitchen,kitchen,kitchen,entry,kitchen,living,living,kitchen,living,kitchen,kitchen,entry,bedroom,kitchen,living,bathroom,living,bathroom,living,entry,living,entry,kitchen,kitchen,bedroom,kitchen
14220,d09 Wed 21:00,kitchen,kitchen,kitchen,kitchen,kitchen,kitchen,kitchen,entry,kitchen,living,living,kitchen,living,kitchen,kitchen,entry,bedroom,kitchen,living,bathroom,living,bathroom,living,entry,living,entry,kitchen,kitchen,bedroom,kitchen
14280,d09 Wed 22:00,kitchen,kitchen,kitchen,kitchen,kitchen,kitchen,kitchen,entry,kitchen,living,living,kitchen,living,kitchen,kitchen,entry,bedroom,kitchen,living,bathroom,living,bathroom,living,entry,living,entry,kitchen,kitchen,bedroom,kitchen
14340,d09 Wed 23:00,kitchen,kitchen,kitchen,kitchen,kitchen,kitchen,kitchen,entry,kitchen,living,living,kitchen,living,kitchen,kitchen,entry,bedroom,kitchen,living,bathroom,living,bathroom,living,entry,living,entry,kitchen,kitchen,bedroom,kitchen
14400,d10 Thu 00:00,kitchen,kitchen,kitchen,kitchen,kitchen,kitchen,kitchen,entry,kitchen,living,living,kitchen,living,kitchen,kitchen,entry,bedroom,kitchen,living,bathroom,living,bathroom,living,entry,living,entry,kitchen,kitchen,bedroom,kitchen
14460,d10 Thu 01:00,kitchen,kitchen,kitchen,kitchen,kitchen,kitchen,kitchen,kitchen,kitchen,living,living,kitchen,living,kitchen,kitchen,entry,bedroom,kitchen,living,bathroom,living,bathroom,living,entry,living,entry,kitchen,kitchen,bedroom,kitchen
14520,d10 Thu 02:00,kitchen,kitchen,kitchen,kitchen,kitchen,kitchen,kitchen,kitchen,kitchen,living,living,kitchen,living,kitchen,kitchen,entry,bedroom,kitchen,living,bathroom,living,bathroom,living,entry,living,entry,kitchen,kitchen,bedroom,kitchen
14580,d10 Thu 03:00,kitchen,kitchen,kitchen,kitchen,kitchen,kitchen,kitchen,kitchen,kitchen,living,living,kitchen,living,kitchen,kitchen,entry,bedroom,kitchen,living,bathroom,living,bathroom,living,entry,living,entry,kitchen,kitchen,bedroom,kitchen
14640,d10 Thu 04:00,kitchen,kitchen,kitchen,kitchen,kitchen,kitchen,kitchen,kitchen,kitchen,living,living,kitchen,living,kitchen,kitchen,entry,bedroom,kitchen,living,bathroom,living,bathroom,living,entry,living,entry,kitchen,kitchen,bedroom,kitchen
14700,d10 Thu 05:00,kitchen,kitchen,kitchen,kitchen,kitchen,kitchen,kitchen,kitchen,kitchen,living,living,kitchen,living,kitchen,kitchen,entry,bedroom,kitchen,living,bathroom,living,bathroom,living,entry,living,entry,kitchen,kitchen,bedroom,kitchen
14760,d10 Thu 06:00,kitchen,kitchen,kitchen,kitchen,kitchen,kitchen,kitchen,kitchen,kitchen,living,living,kitchen,living,kitchen,kitchen,entry,bedroom,kitchen,living,kitchen,living,bathroom,living,entry,living,entry,kitchen,kitchen,bedroom,kitchen
14820,d10 Thu 07:00,living,kitchen,kitchen,kitchen,kitchen,kitchen,kitchen,kitchen,kitchen,living,living,kitchen,living,kitchen,kitchen,entry,bedroom,kitchen,living,kitchen,living,bathroom,living,entry,living,entry,kitchen,kitchen,bedroom,kitchen
14880,d10 Thu 08:00,living,kitchen,kitchen,kitchen,outside,outside,kitchen,outside,outside,outside,living,outside,living,outside,outside,outside,bedroom,outside,outside,kitchen,living,bathroom,living,outside,living,entry,kitchen,kitchen,outside,kitchen
14940,d10 Thu 09:00,living,kitchen,kitchen,kitchen,outside,outside,kitchen,outside,outside,outside,living,outside,living,outside,outside,outside,bedroom,outside,outside,kitchen,living,bathroom,living,outside,living,entry,kitchen,kitchen,outside,kitchen
15000,d10 Thu 10:00,living,kitchen,kitchen,kitchen,kitchen,entry,kitchen,entry,bedroom,living,living,kitchen,living,kitchen,kitchen,entry,bedroom,kitchen,bedroom,kitchen,living,bathroom,living,entry,living,entry,kitchen,kitchen,bedroom,kitchen
15060,d10 Thu 11:00,living,kitchen,kitchen,kitchen,kitchen,entry,kitchen,entry,bedroom,living,living,kitchen,living,kitchen,kitchen,entry,living,kitchen,bedroom,kitchen,living,bathroom,living,entry,living,entry,kitchen,kitchen,bedroom,kitchen
15120,d10 Thu 12:00,living,kitchen,kitchen,kitchen,kitchen,entry,kitchen,entry,bedroom,living,living,kitchen,living,kitchen,kitchen,entry,living,kitchen,bedroom,kitchen,living,bathroom,living,entry,living,entry,kitchen,kitchen,bedroom,kitchen
15180,d10 Thu 13:00,kitchen,kitchen,kitchen,kitchen,kitchen,entry,kitchen,entry,bedroom,living,living,kitchen,living,kitchen,kitchen,entry,living,living,kitchen,kitchen,living,bathroom,living,entry,living,entry,kitchen,kitchen,bedroom,kitchen
15240,d10 Thu 14:00,kitchen,kitchen,kitchen,kitchen,outside,outside,kitchen,outside,outside,outside,living,outside,living,outside,outside,outside,living,outside,outside,kitchen,living,bathroom,living,outside,living,entry,kitchen,kitchen,outside,kitchen
15300,d10 Thu 15:00,kitchen,kitchen,kitchen,kitchen,outside,outside,kitchen,outside,outside,outside,living,outside,living,outside,outside,outside,living,outside,outside,kitchen,living,bathroom,living,outside,living,entry,kitchen,kitchen,outside,kitchen
15360,d10 Thu 16:00,kitchen,kitchen,kitchen,kitchen,kitchen,kitchen,living,entry,bedroom,living,living,kitchen,living,kitchen,kitchen,entry,living,kitchen,bedroom,kitchen,living,bathroom,living,entry,living,entry,kitchen,kitchen,bedroom,kitchen
15420,d10 Thu 17:00,kitchen,kitchen,kitchen,kitchen,kitchen,kitchen,living,entry,bedroom,living,living,kitchen,living,kitchen,kitchen,entry,living,kitchen,bedroom,kitchen,living,bathroom,living,entry,living,entry,kitchen,kitchen,bedroom,kitchen
15480,d10 Thu 18:00,kitchen,kitchen,kitchen,kitchen,kitchen,kitchen,living,entry,bedroom,living,living,kitchen,living,kitchen,kitchen,entry,living,kitchen,bedroom,kitchen,living,bathroom,living,entry,living,entry,kitchen,kitchen,bedroom,kitchen
15540,d10 Thu 19:00,kitchen,kitchen,kitchen,kitchen,kitchen,kitchen,living,entry,bedroom,living,living,kitchen,living,kitchen,kitchen,entry,living,kitchen,bedroom,kitchen,living,bathroom,living,entry,living,entry,kitchen,kitchen,bedroom,kitchen
15600,d10 Thu 20:00,kitchen,kitchen,kitchen,kitchen,kitchen,kitchen,living,entry,bedroom,living,living,kitchen,living,kitchen,kitchen,entry,living,kitchen,bedroom,kitchen,living,bathroom,living,entry,living,entry,kitchen,kitchen,bedroom,kitchen
15660,d10 Thu 21:00,kitchen,kitchen,kitchen,kitchen,kitchen,kitchen,living,entry,bedroom,living,living,kitchen,living,kitchen,kitchen,entry,living,kitchen,bedroom,kitchen,living,bathroom,living,entry,living,entry,kitchen,kitchen,bedroom,kitchen
15720,d10 Thu 22:00,kitchen,kitchen,kitchen,kitchen,kitchen,kitchen,living,entry,bedroom,living,living,kitchen,living,kitchen,kitchen,entry,living,kitchen,bedroom,kitchen,living,bathroom,living,entry,living,entry,kitchen,kitchen,bedroom,kitchen
15780,d10 Thu 23:00,kitchen,kitchen,kitchen,kitchen,kitchen,kitchen,living,entry,bedroom,living,living,kitchen,living,kitchen,kitchen,entry,living,kitchen,bedroom,kitchen,living,bathroom,living,entry,living,entry,kitchen,kitchen,bedroom,kitchen
15840,d11 Fri 00:00,kitchen,kitchen,kitchen,kitchen,kitchen,kitchen,living,entry,bedroom,living,living,kitchen,living,kitchen,kitchen,entry,living,kitchen,bedroom,kitchen,living,bathroom,living,entry,living,entry,kitchen,kitchen,bedroom,kitchen
15900,d11 Fri 01:00,kitchen,kitchen,kitchen,kitchen,kitchen,kitchen,living,entry,bedroom,living,living,kitchen,living,kitchen,kitchen,entry,living,kitchen,bedroom,kitchen,living,bathroom,living,entry,living,entry,kitchen,kitchen,bedroom,kitchen
15960,d11 Fri 02:00,kitchen,kitchen,kitchen,kitchen,kitchen,kitchen,living,entry,bedroom,living,living,kitchen,living,kitchen,kitchen,entry,living,kitchen,bedroom,kitchen,living,bathroom,living,entry,living,entry,kitchen,kitchen,bedroom,kitchen
16020,d11 Fri 03:00,kitchen,kitchen,kitchen,kitchen,kitchen,kitchen,living,entry,bedroom,living,living,kitchen,living,kitchen,kitchen,entry,living,kitchen,bedroom,kitchen,living,bathroom,living,entry,living,entry,kitchen,kitchen,bedroom,kitchen
16080,d11 Fri 04:00,kitchen,kitchen,kitchen,kitchen,kitchen,kitchen,living,entry,bedroom,living,living,kitchen,living,kitchen,kitchen,entry,living,kitchen,bedroom,kitchen,living,bathroom,living,entry,living,entry,kitchen,kitchen,bedroom,kitchen
16140,d11 Fri 05:00,kitchen,kitchen,kitchen,kitchen,kitchen,kitchen,living,entry,bedroom,living,living,kitchen,living,kitchen,kitchen,entry,living,kitchen,bedroom,kitchen,living,bathroom,living,entry,living,entry,kitchen,kitchen,bedroom,kitchen
16200,d11 Fri 06:00,kitchen,kitchen,kitchen,kitchen,kitchen,kitchen,living,entry,bedroom,living,living,kitchen,living,kitchen,kitchen,entry,living,kitchen,bedroom,kitchen,living,bathroom,kitchen,entry,living,entry,kitchen,kitchen,bedroom,kitchen
16260,d11 Fri 07:00,kitchen,kitchen,kitchen,kitchen,kitchen,kitchen,living,entry,bedroom,living,living,kitchen,living,kitchen,kitchen,entry,living,kitchen,bedroom,bathroom,living,bathroom,kitchen,entry,living,entry,kitchen,kitchen,bedroom,kitchen
16320,d11 Fri 08:00,living,kitchen,kitchen,kitchen,kitchen,kitchen,living,entry,bedroom,living,living,kitchen,living,kitchen,kitchen,entry,living,kitchen,bedroom,bathroom,living,bedroom,kitchen,entry,bedroom,entry,kitchen,kitchen,bedroom,kitchen
16380,d11 Fri 09:00,living,kitchen,kitchen,kitchen,kitchen,kitchen,living,entry,bedroom,living,living,kitchen,living,kitchen,kitchen,entry,living,kitchen,bedroom,bathroom,living,bedroom,kitchen,entry,bedroom,entry,kitchen,kitchen,bedroom,kitchen
16440,d11 Fri 10:00,living,kitchen,kitchen,kitchen,kitchen,kitchen,living,entry,bedroom,kitchen,living,kitchen,living,kitchen,kitchen,entry,living,kitchen,bedroom,bathroom,living,bedroom,kitchen,entry,bedroom,entry,kitchen,kitchen,bedroom,kitchen
16500,d11 Fri 11:00,living,kitchen,kitchen,kitchen,kitchen,kitchen,kitchen,entry,bedroom,kitchen,kitchen,kitchen,living,kitchen,kitchen,entry,kitchen,kitchen,bedroom,kitchen,living,bedroom,kitchen,entry,kitchen,entry,kitchen,kitchen,bedroom,kitchen
16560,d11 Fri 12:00,living,kitchen,kitchen,kitchen,kitchen,kitchen,kitchen,entry,bedroom,kitchen,living,kitchen,living,kitchen,kitchen,entry,bedroom,kitchen,bedroom,bathroom,living,bedroom,living,entry,bedroom,entry,kitchen,kitchen,bedroom,kitchen
16620,d11 Fri 13:00,kitchen,kitchen,kitchen,kitchen,kitchen,kitchen,kitchen,entry,bedroom,kitchen,living,kitchen,living,kitchen,kitchen,entry,bedroom,kitchen,bedroom,bathroom,living,bedroom,living,entry,bedroom,entry,kitchen,kitchen,bedroom,kitchen
16680,d11 Fri 14:00,kitchen,kitchen,kitchen,kitchen,kitchen,living,kitchen,entry,bedroom,kitchen,living,kitchen,living,kitchen,kitchen,entry,bedroom,kitchen,bedroom,bathroom,living,bathroom,living,entry,bedroom,entry,kitchen,kitchen,bedroom,kitchen
16740,d11 Fri 15:00,living,kitchen,kitchen,kitchen,kitchen,living,kitchen,entry,bedroom,kitchen,living,kitchen,living,kitchen,kitchen,entry,living,kitchen,bedroom,bathroom,living,bedroom,living,entry,bedroom,entry,kitchen,kitchen,bedroom,kitchen
16800,d11 Fri 16:00,living,kitchen,kitchen,kitchen,kitchen,living,kitchen,entry,bedroom,living,living,kitchen,living,kitchen,kitchen,entry,living,kitchen,bedroom,bathroom,living,bedroom,living,entry,bedroom,entry,kitchen,kitchen,bedroom,kitchen
16860,d11 Fri 17:00,living,kitchen,kitchen,kitchen,kitchen,living,kitchen,entry,bedroom,living,living,kitchen,living,kitchen,kitchen,entry,living,kitchen,bedroom,bathroom,living,bedroom,living,entry,bedroom,entry,kitchen,kitchen,bedroom,kitchen
16920,d11 Fri 18:00,living,kitchen,kitchen,kitchen,kitchen,living,kitchen,entry,bedroom,living,living,kitchen,living,kitchen,kitchen,entry,living,kitchen,bedroom,bathroom,living,bedroom,living,entry,bedroom,entry,kitchen,kitchen,bedroom,kitchen
16980,d11 Fri 19:00,living,kitchen,kitchen,kitchen,kitchen,living,kitchen,entry,bedroom,living,living,kitchen,living,kitchen,kitchen,entry,living,kitchen,bedroom,bathroom,living,bedroom,living,entry,bedroom,entry,kitchen,kitchen,bedroom,kitchen
17040,d11 Fri 20:00,living,kitchen,kitchen,kitchen,kitchen,living,kitchen,entry,bedroom,living,living,kitchen,living,kitchen,kitchen,entry,living,kitchen,bedroom,bathroom,living,bedroom,living,entry,bedroom,entry,kitchen,kitchen,bedroom,kitchen
17100,d11 Fri 21:00,living,kitchen,kitchen,kitchen,kitchen,living,kitchen,entry,bedroom,living,living,kitchen,living,kitchen,kitchen,entry,living,kitchen,bedroom,bathroom,living,bedroom,living,entry,bedroom,entry,kitchen,kitchen,bedroom,kitchen
17160,d11 Fri 22:00,living,kitchen,kitchen,kitchen,kitchen,living,kitchen,entry,bedroom,living,living,kitchen,living,kitchen,kitchen,entry,living,kitchen,bedroom,bathroom,living,bedroom,living,entry,bedroom,entry,kitchen,kitchen,bedroom,kitchen
17220,d11 Fri 23:00,living,kitchen,kitchen,kitchen,kitchen,living,kitchen,entry,bedroom,living,living,kitchen,living,kitchen,kitchen,entry,living,kitchen,bedroom,bathroom,living,bedroom,living,entry,bedroom,entry,kitchen,kitchen,bedroom,kitchen
17280,d12 Sat 00:00,living,kitchen,kitchen,kitchen,kitchen,living,kitchen,entry,bedroom,living,living,kitchen,living,kitchen,kitchen,entry,living,kitchen,bedroom,bathroom,living,bedroom,living,entry,bedroom,entry,kitchen,kitchen,bedroom,kitchen
17340,d12 Sat 01:00,living,kitchen,kitchen,kitchen,kitchen,living,kitchen,entry,bedroom,living,living,kitchen,living,kitchen,kitchen,entry,living,kitchen,bedroom,bathroom,living,bedroom,living,entry,bedroom,entry,kitchen,kitchen,bedroom,kitchen
17400,d12 Sat 02:00,living,kitchen,kitchen,kitchen,kitchen,living,kitchen,entry,bedroom,living,living,kitchen,living,kitchen,kitchen,entry,living,kitchen,bedroom,bathroom,living,bedroom,living,entry,bedroom,entry,kitchen,kitchen,bedroom,kitchen
17460,d12 Sat 03:00,living,kitchen,kitchen,kitchen,kitchen,living,kitchen,entry,bedroom,living,living,kitchen,living,kitchen,kitchen,entry,living,kitchen,bedroom,bathroom,living,bedroom,living,entry,bedroom,entry,kitchen,kitchen,bedroom,kitchen
17520,d12 Sat 04:00,living,kitchen,kitchen,kitchen,kitchen,living,kitchen,entry,bedroom,living,living,kitchen,living,kitchen,kitchen,entry,living,kitchen,bedroom,bathroom,living,bedroom,living,entry,bedroom,entry,kitchen,kitchen,bedroom,kitchen
17580,d12 Sat 05:00,kitchen,kitchen,kitchen,kitchen,kitchen,living,kitchen,entry,bedroom,living,living,kitchen,living,kitchen,kitchen,entry,living,kitchen,bedroom,bathroom,living,bedroom,living,entry,bedroom,entry,kitchen,kitchen,bedroom,kitchen
17640,d12 Sat 06:00,kitchen,kitchen,kitchen,kitchen,kitchen,living,kitchen,entry,bedroom,living,living,kitchen,living,kitchen,kitchen,entry,living,kitchen,bedroom,kitchen,living,bedroom,living,entry,bedroom,entry,kitchen,kitchen,bedroom,kitchen
17700,d12 Sat 07:00,kitchen,kitchen,kitchen,kitchen,kitchen,living,kitchen,entry,bedroom,living,living,kitchen,living,kitchen,kitchen,entry,living,kitchen,bedroom,kitchen,living,bedroom,living,entry,bedroom,entry,kitchen,kitchen,bedroom,kitchen
17760,d12 Sat 08:00,kitchen,kitchen,kitchen,kitchen,kitchen,living,kitchen,entry,bedroom,living,living,kitchen,living,kitchen,kitchen,entry,living,kitchen,bedroom,kitchen,living,bedroom,living,entry,bedroom,entry,kitchen,kitchen,bedroom,kitchen
17820,d12 Sat 09:00,living,kitchen,kitchen,kitchen,kitchen,living,kitchen,entry,bedroom,living,living,kitchen,living,kitchen,kitchen,entry,living,kitchen,bedroom,kitchen,living,bedroom,living,entry,bedroom,entry,kitchen,kitchen,bedroom,kitchen
17880,d12 Sat 10:00,living,kitchen,kitchen,kitchen,kitchen,living,kitchen,entry,bedroom,living,living,kitchen,living,kitchen,kitchen,kitchen,living,kitchen,bedroom,kitchen,living,bedroom,living,entry,bedroom,entry,kitchen,kitchen,bedroom,kitchen
17940,d12 Sat 11:00,living,kitchen,kitchen,kitchen,kitchen,living,kitchen,entry,bedroom,living,kitchen,kitchen,living,kitchen,kitchen,kitchen,living,kitchen,bedroom,kitchen,living,bedroom,living,entry,bedroom,entry,kitchen,kitchen,bedroom,kitchen
18000,d12 Sat 12:00,living,kitchen,kitchen,kitchen,kitchen,living,kitchen,entry,bedroom,living,kitchen,kitchen,living,kitchen,kitchen,kitchen,kitchen,kitchen,bedroom,kitchen,living,bedroom,living,entry,bedroom,entry,kitchen,kitchen,bedroom,kitchen
18060,d12 Sat 13:00,living,living,kitchen,kitchen,kitchen,living,kitchen,entry,bedroom,living,living,kitchen,living,kitchen,kitchen,kitchen,kitchen,kitchen,bedroom,kitchen,living,bedroom,living,entry,bedroom,entry,kitchen,kitchen,bedroom,kitchen
18120,d12 Sat 14:00,living,living,kitchen,kitchen,kitchen,living,kitchen,entry,kitchen,living,living,kitchen,living,kitchen,kitchen,kitchen,kitchen,kitchen,bedroom,kitchen,living,bedroom,living,entry,bedroom,entry,kitchen,kitchen,bedroom,kitchen
18180,d12 Sat 15:00,kitchen,kitchen,kitchen,kitchen,kitchen,kitchen,kitchen,entry,kitchen,living,living,kitchen,living,kitchen,kitchen,kitchen,kitchen,kitchen,bedroom,kitchen,living,bedroom,living,entry,bedroom,entry,kitchen,kitchen,bedroom,kitchen
18240,d12 Sat 16:00,kitchen,kitchen,kitchen,kitchen,kitchen,kitchen,kitchen,entry,kitchen,living,living,kitchen,living,kitchen,kitchen,kitchen,kitchen,kitchen,bedroom,kitchen,living,bedroom,living,entry,bedroom,entry,kitchen,kitchen,bedroom,kitchen
18300,d12 Sat 17:00,kitchen,kitchen,kitchen,kitchen,kitchen,kitchen,kitchen,entry,kitchen,living,living,kitchen,living,kitchen,kitchen,kitchen,kitchen,kitchen,bedroom,kitchen,living,bedroom,living,entry,bedroom,entry,kitchen,kitchen,bedroom,kitchen
18360,d12 Sat 18:00,kitchen,kitchen,kitchen,kitchen,kitchen,kitchen,kitchen,entry,kitchen,living,living,kitchen,living,kitchen,kitchen,kitchen,kitchen,kitchen,bedroom,kitchen,living,bedroom,living,entry,bedroom,entry,kitchen,kitchen,bedroom,kitchen
18420,d12 Sat 19:00,kitchen,kitchen,kitchen,kitchen,kitchen,kitchen,kitchen,entry,kitchen,living,living,kitchen,living,kitchen,kitchen,kitchen,kitchen,kitchen,bedroom,kitchen,living,bedroom,living,entry,bedroom,entry,kitchen,kitchen,bedroom,kitchen
18480,d12 Sat 20:00,kitchen,kitchen,kitchen,kitchen,kitchen,kitchen,kitchen,entry,kitchen,living,living,kitchen,living,kitchen,kitchen,kitchen,kitchen,kitchen,bedroom,kitchen,living,bedroom,living,entry,bedroom,entry,kitchen,kitchen,bedroom,kitchen
18540,d12 Sat 21:00,kitchen,kitchen,kitchen,kitchen,kitchen,kitchen,kitchen,entry,kitchen,living,living,kitchen,living,kitchen,kitchen,kitchen,kitchen,kitchen,bedroom,kitchen,living,bedroom,living,entry,bedroom,entry,kitchen,kitchen,bedroom,kitchen
18600,d12 Sat 22:00,kitchen,kitchen,kitchen,kitchen,kitchen,kitchen,kitchen,entry,kitchen,living,living,kitchen,living,kitchen,kitchen,kitchen,kitchen,kitchen,bedroom,kitchen,living,bedroom,living,entry,bedroom,entry,kitchen,kitchen,bedroom,kitchen
18660,d12 Sat 23:00,kitchen,kitchen,kitchen,kitchen,kitchen,kitchen,kitchen,entry,kitchen,living,living,kitchen,living,kitchen,kitchen,kitchen,kitchen,kitchen,bedroom,kitchen,living,bedroom,living,entry,bedroom,entry,kitchen,kitchen,bedroom,kitchen
18720,d13 Sun 00:00,kitchen,kitchen,kitchen,kitchen,kitchen,kitchen,kitchen,entry,kitchen,living,living,kitchen,living,kitchen,kitchen,kitchen,kitchen,kitchen,bedroom,kitchen,living,bedroom,living,entry,bedroom,entry,kitchen,kitchen,bedroom,kitchen
18780,d13 Sun 01:00,kitchen,kitchen,kitchen,kitchen,kitchen,kitchen,kitchen,entry,kitchen,living,living,kitchen,living,kitchen,kitchen,kitchen,kitchen,kitchen,bedroom,kitchen,living,bedroom,living,entry,bedroom,entry,kitchen,kitchen,bedroom,kitchen
18840,d13 Sun 02:00,kitchen,kitchen,kitchen,kitchen,kitchen,kitchen,kitchen,entry,kitchen,living,living,kitchen,living,kitchen,kitchen,kitchen,kitchen,kitchen,bedroom,kitchen,living,bedroom,living,entry,bedroom,entry,kitchen,kitchen,bedroom,kitchen
18900,d13 Sun 03:00,kitchen,kitchen,kitchen,kitchen,kitchen,kitchen,kitchen,entry,kitchen,living,living,kitchen,living,kitchen,kitchen,kitchen,kitchen,kitchen,bedroom,kitchen,living,bedroom,living,entry,bedroom,entry,kitchen,kitchen,bedroom,kitchen
18960,d13 Sun 04:00,kitchen,kitchen,kitchen,kitchen,kitchen,kitchen,kitchen,entry,kitchen,living,living,kitchen,living,kitchen,kitchen,kitchen,kitchen,kitchen,bedroom,kitchen,living,bedroom,living,entry,bedroom,entry,kitchen,kitchen,bedroom,kitchen
19020,d13 Sun 05:00,kitchen,kitchen,kitchen,kitchen,kitchen,kitchen,kitchen,entry,kitchen,living,living,kitchen,living,kitchen,kitchen,kitchen,kitchen,kitchen,bedroom,kitchen,living,bedroom,living,entry,bedroom,entry,kitchen,kitchen,bedroom,kitchen
19080,d13 Sun 06:00,kitchen,kitchen,kitchen,kitchen,kitchen,kitchen,kitchen,entry,kitchen,living,living,kitchen,living,kitchen,kitchen,kitchen,kitchen,kitchen,bedroom,kitchen,living,bedroom,living,entry,bedroom,entry,kitchen,kitchen,bedroom,kitchen
19140,d13 Sun 07:00,kitchen,kitchen,kitchen,kitchen,outside,outside,kitchen,outside,outside,outside,living,outside,living,outside,outside,outside,kitchen,outside,outside,kitchen,living,bedroom,living,outside,bedroom,entry,kitchen,kitchen,outside,kitchen
19200,d13 Sun 08:00,kitchen,kitchen,kitchen,kitchen,outside,outside,kitchen,outside,outside,outside,living,outside,living,outside,outside,outside,kitchen,outside,outside,kitchen,living,bedroom,living,outside,bedroom,entry,kitchen,kitchen,outside,kitchen
19260,d13 Sun 09:00,kitchen,kitchen,kitchen,kitchen,kitchen,kitchen,kitchen,kitchen,bedroom,living,living,kitchen,living,kitchen,kitchen,entry,kitchen,kitchen,kitchen,kitchen,living,bedroom,living,entry,bedroom,entry,kitchen,kitchen,bedroom,kitchen
19320,d13 Sun 10:00,kitchen,kitchen,kitchen,kitchen,kitchen,kitchen,kitchen,kitchen,bedroom,living,living,kitchen,living,kitchen,kitchen,entry,kitchen,kitchen,kitchen,kitchen,living,bedroom,living,entry,bedroom,entry,kitchen,kitchen,bedroom,kitchen
19380,d13 Sun 11:00,living,kitchen,kitchen,kitchen,kitchen,kitchen,kitchen,kitchen,bedroom,bedroom,living,kitchen,living,kitchen,kitchen,entry,living,kitchen,kitchen,kitchen,living,bedroom,living,entry,bedroom,entry,kitchen,kitchen,bedroom,kitchen
19440,d13 Sun 12:00,living,kitchen,kitchen,kitchen,kitchen,kitchen,kitchen,kitchen,bedroom,bedroom,living,kitchen,living,kitchen,kitchen,entry,kitchen,kitchen,kitchen,kitchen,living,bedroom,living,entry,bedroom,entry,kitchen,kitchen,bedroom,kitchen
19500,d13 Sun 13:00,living,kitchen,kitchen,kitchen,kitchen,kitchen,kitchen,kitchen,bedroom,bedroom,living,kitchen,living,kitchen,kitchen,entry,kitchen,kitchen,kitchen,kitchen,living,bedroom,living,entry,bedroom,entry,kitchen,kitchen,bedroom,kitchen
19560,d13 Sun 14:00,living,kitchen,kitchen,kitchen,outside,outside,kitchen,outside,outside,outside,living,outside,living,outside,outside,outside,living,outside,outside,kitchen,living,bedroom,living,outside,bedroom,entry,kitchen,kitchen,outside,kitchen
19620,d13 Sun 15:00,living,kitchen,kitchen,kitchen,kitchen,living,kitchen,entry,entry,bedroom,living,kitchen,living,kitchen,kitchen,entry,living,kitchen,bedroom,kitchen,living,bedroom,living,entry,bedroom,entry,kitchen,kitchen,bedroom,kitchen
19680,d13 Sun 16:00,living,kitchen,kitchen,kitchen,kitchen,living,kitchen,entry,entry,bedroom,living,kitchen,living,kitchen,kitchen,entry,living,kitchen,bedroom,kitchen,living,bedroom,living,entry,bedroom,entry,kitchen,kitchen,bedroom,kitchen
19740,d13 Sun 17:00,living,kitchen,kitchen,kitchen,kitchen,living,kitchen,entry,entry,bedroom,living,kitchen,living,kitchen,kitchen,entry,living,kitchen,bedroom,kitchen,living,bedroom,living,entry,bedroom,entry,kitchen,kitchen,bedroom,kitchen
19800,d13 Sun 18:00,living,kitchen,kitchen,kitchen,kitchen,living,kitchen,entry,entry,bedroom,living,kitchen,living,kitchen,kitchen,entry,living,kitchen,bedroom,kitchen,living,bedroom,living,entry,bedroom,entry,kitchen,kitchen,bedroom,kitchen
19860,d13 Sun 19:00,living,kitchen,kitchen,kitchen,kitchen,living,kitchen,entry,kitchen,bedroom,living,kitchen,living,kitchen,kitchen,entry,living,kitchen,bedroom,kitchen,living,bedroom,living,entry,bedroom,entry,kitchen,kitchen,bedroom,kitchen
19920,d13 Sun 20:00,living,kitchen,kitchen,kitchen,kitchen,living,kitchen,entry,kitchen,bedroom,living,kitchen,living,kitchen,kitchen,entry,living,kitchen,bedroom,kitchen,living,bedroom,living,entry,bedroom,entry,kitchen,kitchen,bedroom,kitchen
19980,d13 Sun 21:00,living,kitchen,kitchen,kitchen,kitchen,living,kitchen,entry,kitchen,bedroom,living,kitchen,living,kitchen,kitchen,entry,living,kitchen,bedroom,kitchen,living,bedroom,living,entry,bedroom,entry,kitchen,kitchen,bedroom,kitchen
20040,d13 Sun 22:00,living,kitchen,kitchen,kitchen,kitchen,living,kitchen,entry,kitchen,bedroom,living,kitchen,living,kitchen,kitchen,entry,living,kitchen,bedroom,kitchen,living,bedroom,living,entry,bedroom,entry,kitchen,kitchen,bedroom,kitchen
20100,d13 Sun 23:00,living,kitchen,kitchen,kitchen,kitchen,living,kitchen,entry,kitchen,bedroom,living,kitchen,living,kitchen,kitchen,entry,living,kitchen,bedroom,kitchen,living,bedroom,living,entry,bedroom,entry,kitchen,kitchen,bedroom,kitchen
20160,d14 Mon 00:00,living,kitchen,kitchen,kitchen,kitchen,living,kitchen,entry,kitchen,bedroom,living,kitchen,living,kitchen,kitchen,entry,living,kitchen,bedroom,kitchen,living,bedroom,living,entry,bedroom,entry,kitchen,kitchen,bedroom,kitchen
20220,d14 Mon 01:00,living,kitchen,kitchen,kitchen,kitchen,living,kitchen,entry,kitchen,bedroom,living,kitchen,living,kitchen,kitchen,entry,living,kitchen,bedroom,kitchen,living,bedroom,living,entry,bedroom,entry,kitchen,kitchen,bedroom,kitchen
20280,d14 Mon 02:00,living,kitchen,kitchen,kitchen,kitchen,living,kitchen,entry,kitchen,bedroom,living,kitchen,living,kitchen,kitchen,entry,living,kitchen,bedroom,kitchen,living,bedroom,living,entry,bedroom,entry,kitchen,kitchen,bedroom,kitchen
20340,d14 Mon 03:00,living,kitchen,kitchen,kitchen,kitchen,living,kitchen,entry,kitchen,bedroom,living,kitchen,living,kitchen,kitchen,entry,living,kitchen,bedroom,kitchen,living,bedroom,living,entry,bedroom,entry,kitchen,kitchen,bedroom,kitchen
20400,d14 Mon 04:00,living,kitchen,kitchen,kitchen,kitchen,living,kitchen,entry,kitchen,bedroom,living,kitchen,living,kitchen,kitchen,entry,living,kitchen,bedroom,kitchen,living,bedroom,living,entry,bedroom,entry,kitchen,kitchen,bedroom,kitchen
20460,d14 Mon 05:00,living,kitchen,kitchen,kitchen,kitchen,living,kitchen,entry,kitchen,bedroom,living,kitchen,living,kitchen,kitchen,entry,living,kitchen,bedroom,kitchen,living,bedroom,living,entry,bedroom,entry,kitchen,kitchen,bedroom,kitchen
20520,d14 Mon 06:00,living,kitchen,kitchen,kitchen,kitchen,living,kitchen,entry,kitchen,bedroom,living,kitchen,living,kitchen,kitchen,entry,living,kitchen,bedroom,kitchen,living,bedroom,living,entry,bedroom,entry,kitchen,kitchen,bedroom,kitchen
20580,d14 Mon 07:00,kitchen,kitchen,kitchen,kitchen,kitchen,living,kitchen,entry,kitchen,bedroom,living,kitchen,living,kitchen,kitchen,entry,living,kitchen,kitchen,bathroom,living,bedroom,living,entry,bedroom,entry,kitchen,kitchen,bedroom,kitchen
20640,d14 Mon 08:00,kitchen,kitchen,kitchen,kitchen,kitchen,living,kitchen,entry,kitchen,bedroom,living,kitchen,living,kitchen,kitchen,entry,living,kitchen,kitchen,bathroom,living,bedroom,living,entry,bedroom,entry,kitchen,kitchen,bedroom,kitchen
20700,d14 Mon 09:00,kitchen,kitchen,kitchen,kitchen,kitchen,kitchen,kitchen,entry,kitchen,bedroom,living,kitchen,living,kitchen,kitchen,entry,living,kitchen,kitchen,bathroom,living,bedroom,living,entry,bedroom,entry,kitchen,kitchen,bedroom,kitchen
20760,d14 Mon 10:00,living,kitchen,kitchen,kitchen,kitchen,kitchen,kitchen,entry,kitchen,bedroom,living,kitchen,living,kitchen,kitchen,entry,living,kitchen,kitchen,bathroom,living,bedroom,living,entry,bedroom,entry,kitchen,kitchen,bedroom,kitchen
20820,d14 Mon 11:00,living,kitchen,kitchen,kitchen,outside,outside,kitchen,outside,outside,outside,living,outside,living,outside,outside,outside,living,outside,outside,bathroom,living,bedroom,living,outside,bedroom,entry,kitchen,kitchen,outside,kitchen
20880,d14 Mon 12:00,living,kitchen,kitchen,kitchen,kitchen,living,kitchen,kitchen,bedroom,living,living,kitchen,living,kitchen,kitchen,entry,living,kitchen,bedroom,bathroom,living,bedroom,living,entry,bedroom,entry,kitchen,kitchen,bedroom,kitchen
20940,d14 Mon 13:00,kitchen,kitchen,kitchen,kitchen,kitchen,living,kitchen,kitchen,bedroom,living,living,kitchen,living,kitchen,kitchen,entry,living,kitchen,bedroom,bathroom,living,bedroom,living,entry,bedroom,entry,kitchen,kitchen,bedroom,kitchen
21000,d14 Mon 14:00,kitchen,kitchen,kitchen,kitchen,kitchen,living,kitchen,kitchen,bedroom,living,living,kitchen,kitchen,kitchen,kitchen,entry,living,kitchen,bedroom,bathroom,living,bedroom,living,entry,bedroom,entry,kitchen,kitchen,bedroom,kitchen
21060,d14 Mon 15:00,kitchen,kitchen,kitchen,kitchen,kitchen,living,living,kitchen,bedroom,living,living,kitchen,kitchen,kitchen,kitchen,entry,living,kitchen,kitchen,bathroom,living,bedroom,living,entry,bedroom,entry,kitchen,kitchen,bedroom,kitchen
21120,d14 Mon 16:00,kitchen,kitchen,kitchen,kitchen,kitchen,living,kitchen,kitchen,bedroom,living,living,kitchen,kitchen,kitchen,kitchen,entry,living,kitchen,kitchen,bathroom,living,bedroom,living,entry,bedroom,entry,kitchen,kitchen,bedroom,kitchen
21180,d14 Mon 17:00,kitchen,kitchen,kitchen,kitchen,kitchen,living,kitchen,kitchen,bedroom,living,living,kitchen,kitchen,kitchen,kitchen,entry,living,kitchen,kitchen,bathroom,living,bedroom,living,entry,bedroom,entry,kitchen,kitchen,bedroom,kitchen
21240,d14 Mon 18:00,kitchen,kitchen,kitchen,kitchen,kitchen,living,kitchen,kitchen,bedroom,living,living,kitchen,kitchen,kitchen,kitchen,entry,living,kitchen,kitchen,bathroom,living,bedroom,living,entry,bedroom,entry,kitchen,kitchen,bedroom,kitchen
21300,d14 Mon 19:00,kitchen,kitchen,kitchen,kitchen,kitchen,living,kitchen,kitchen,bedroom,living,living,kitchen,kitchen,kitchen,kitchen,entry,living,kitchen,kitchen,bathroom,living,bedroom,living,entry,bedroom,entry,kitchen,kitchen,bedroom,kitchen
21360,d14 Mon 20:00,kitchen,kitchen,kitchen,kitchen,kitchen,living,kitchen,kitchen,bedroom,living,living,kitchen,kitchen,kitchen,kitchen,entry,living,kitchen,kitchen,bathroom,living,bedroom,living,entry,bedroom,entry,kitchen,kitchen,bedroom,kitchen
21420,d14 Mon 21:00,kitchen,kitchen,kitchen,kitchen,kitchen,living,kitchen,kitchen,bedroom,living,living,kitchen,kitchen,kitchen,kitchen,entry,living,kitchen,kitchen,bathroom,living,bedroom,living,entry,bedroom,entry,kitchen,kitchen,bedroom,kitchen
21480,d14 Mon 22:00,kitchen,kitchen,kitchen,kitchen,kitchen,living,kitchen,kitchen,bedroom,living,living,kitchen,kitchen,kitchen,kitchen,entry,living,kitchen,kitchen,bathroom,living,bedroom,living,entry,bedroom,entry,kitchen,kitchen,bedroom,kitchen
21540,d14 Mon 23:00,kitchen,kitchen,kitchen,kitchen,kitchen,living,kitchen,kitchen,bedroom,living,living,kitchen,kitchen,kitchen,kitchen,entry,living,kitchen,kitchen,bathroom,living,bedroom,living,entry,bedroom,entry,kitchen,kitchen,bedroom,kitchen
21600,d15 Tue 00:00,kitchen,kitchen,kitchen,kitchen,kitchen,living,kitchen,kitchen,bedroom,living,living,kitchen,kitchen,kitchen,kitchen,entry,living,kitchen,kitchen,bathroom,living,bedroom,living,entry,bedroom,entry,kitchen,kitchen,bedroom,kitchen
21660,d15 Tue 01:00,kitchen,kitchen,kitchen,kitchen,kitchen,living,kitchen,kitchen,bedroom,living,living,kitchen,kitchen,kitchen,kitchen,entry,living,kitchen,kitchen,bathroom,living,bedroom,living,entry,bedroom,entry,kitchen,kitchen,bedroom,kitchen
21720,d15 Tue 02:00,kitchen,kitchen,kitchen,kitchen,kitchen,living,kitchen,kitchen,bedroom,living,living,kitchen,kitchen,kitchen,kitchen,entry,living,kitchen,kitchen,bathroom,living,bedroom,living,entry,bedroom,entry,kitchen,kitchen,bedroom,kitchen
21780,d15 Tue 03:00,kitchen,kitchen,kitchen,kitchen,kitchen,living,kitchen,kitchen,bedroom,living,living,kitchen,kitchen,kitchen,kitchen,entry,living,kitchen,kitchen,bathroom,living,bedroom,living,entry,bedroom,entry,kitchen,kitchen,bedroom,kitchen
21840,d15 Tue 04:00,kitchen,kitchen,kitchen,kitchen,kitchen,living,kitchen,kitchen,bedroom,living,living,kitchen,kitchen,kitchen,kitchen,entry,living,kitchen,kitchen,bathroom,living,bedroom,living,entry,bedroom,entry,kitchen,kitchen,bedroom,kitchen
21900,d15 Tue 05:00,kitchen,kitchen,kitchen,kitchen,kitchen,living,kitchen,kitchen,bedroom,living,living,kitchen,kitchen,kitchen,kitchen,entry,living,kitchen,kitchen,bathroom,living,bedroom,living,entry,bedroom,entry,kitchen,kitchen,bedroom,kitchen
21960,d15 Tue 06:00,kitchen,kitchen,kitchen,kitchen,kitchen,living,kitchen,kitchen,bedroom,living,living,kitchen,kitchen,kitchen,kitchen,entry,living,kitchen,kitchen,kitchen,living,bedroom,living,entry,bedroom,entry,kitchen,kitchen,bedroom,kitchen
22020,d15 Tue 07:00,kitchen,kitchen,kitchen,kitchen,kitchen,living,kitchen,kitchen,bedroom,living,living,kitchen,kitchen,kitchen,kitchen,entry,living,kitchen,kitchen,kitchen,living,bedroom,living,entry,bedroom,entry,kitchen,kitchen,bedroom,kitchen
22080,d15 Tue 08:00,kitchen,kitchen,kitchen,kitchen,outside,outside,kitchen,outside,outside,outside,living,outside,kitchen,outside,outside,outside,living,outside,outside,kitchen,living,bedroom,living,outside,bedroom,entry,kitchen,kitchen,outside,kitchen
22140,d15 Tue 09:00,kitchen,kitchen,kitchen,kitchen,kitchen,kitchen,kitchen,entry,bedroom,living,living,kitchen,kitchen,kitchen,kitchen,entry,living,kitchen,kitchen,kitchen,living,bedroom,living,entry,bedroom,entry,kitchen,kitchen,bedroom,kitchen
22200,d15 Tue 10:00,living,kitchen,kitchen,kitchen,kitchen,kitchen,kitchen,entry,bedroom,living,living,kitchen,kitchen,kitchen,kitchen,entry,living,kitchen,kitchen,kitchen,living,bedroom,living,entry,bedroom,entry,kitchen,kitchen,bedroom,kitchen
22260,d15 Tue 11:00,living,kitchen,kitchen,kitchen,kitchen,kitchen,kitchen,entry,bedroom,bedroom,living,kitchen,kitchen,kitchen,kitchen,entry,bedroom,kitchen,kitchen,kitchen,living,bedroom,living,entry,bedroom,entry,kitchen,kitchen,bedroom,kitchen
22320,d15 Tue 12:00,living,kitchen,kitchen,kitchen,kitchen,kitchen,kitchen,entry,bedroom,bedroom,living,kitchen,kitchen,kitchen,kitchen,entry,bedroom,kitchen,kitchen,kitchen,living,bedroom,living,entry,bedroom,entry,kitchen,kitchen,bedroom,kitchen
22380,d15 Tue 13:00,kitchen,kitchen,kitchen,kitchen,kitchen,kitchen,kitchen,entry,bedroom,bedroom,living,kitchen,kitchen,kitchen,kitchen,entry,kitchen,kitchen,kitchen,kitchen,living,bedroom,living,entry,bedroom,entry,kitchen,kitchen,bedroom,kitchen
22440,d15 Tue 14:00,kitchen,kitchen,kitchen,kitchen,kitchen,kitchen,kitchen,entry,bedroom,bedroom,living,kitchen,kitchen,kitchen,kitchen,entry,living,kitchen,kitchen,kitchen,living,bedroom,living,entry,bedroom,entry,kitchen,kitchen,bedroom,kitchen
22500,d15 Tue 15:00,kitchen,kitchen,kitchen,kitchen,kitchen,kitchen,living,entry,bedroom,bedroom,living,kitchen,kitchen,kitchen,kitchen,entry,living,kitchen,kitchen,kitchen,living,bedroom,living,entry,bedroom,entry,kitchen,kitchen,bedroom,kitchen
22560,d15 Tue 16:00,kitchen,kitchen,kitchen,kitchen,kitchen,kitchen,living,entry,bedroom,bedroom,living,kitchen,kitchen,kitchen,kitchen,entry,living,kitchen,kitchen,kitchen,living,bedroom,living,entry,bedroom,entry,kitchen,kitchen,bedroom,kitchen
22620,d15 Tue 17:00,kitchen,kitchen,kitchen,kitchen,kitchen,kitchen,living,entry,bedroom,bedroom,living,kitchen,kitchen,kitchen,kitchen,entry,living,kitchen,kitchen,kitchen,living,bedroom,living,entry,bedroom,entry,kitchen,kitchen,bedroom,kitchen
22680,d15 Tue 18:00,kitchen,kitchen,kitchen,kitchen,kitchen,kitchen,living,entry,bedroom,bedroom,living,kitchen,kitchen,kitchen,kitchen,entry,living,kitchen,kitchen,kitchen,living,bedroom,living,entry,bedroom,entry,kitchen,kitchen,bedroom,kitchen
22740,d15 Tue 19:00,kitchen,kitchen,kitchen,kitchen,kitchen,kitchen,living,entry,bedroom,bedroom,living,kitchen,kitchen,kitchen,kitchen,entry,living,kitchen,kitchen,kitchen,living,bedroom,living,entry,bedroom,entry,kitchen,kitchen,bedroom,kitchen
22800,d15 Tue 20:00,kitchen,kitchen,kitchen,kitchen,kitchen,kitchen,living,entry,bedroom,bedroom,living,kitchen,kitchen,kitchen,kitchen,entry,living,kitchen,kitchen,kitchen,living,bedroom,living,entry,bedroom,entry,kitchen,kitchen,bedroom,kitchen
22860,d15 Tue 21:00,kitchen,kitchen,kitchen,kitchen,kitchen,kitchen,living,entry,bedroom,bedroom,living,kitchen,kitchen,kitchen,kitchen,entry,living,kitchen,kitchen,kitchen,living,bedroom,living,entry,bedroom,entry,kitchen,kitchen,bedroom,kitchen
22920,d15 Tue 22:00,kitchen,kitchen,kitchen,kitchen,kitchen,kitchen,living,entry,bedroom,bedroom,living,kitchen,kitchen,kitchen,kitchen,entry,living,kitchen,kitchen,kitchen,living,bedroom,living,entry,bedroom,entry,kitchen,kitchen,bedroom,kitchen
22980,d15 Tue 23:00,kitchen,kitchen,kitchen,kitchen,kitchen,kitchen,living,entry,bedroom,bedroom,living,kitchen,kitchen,kitchen,kitchen,entry,living,kitchen,kitchen,kitchen,living,bedroom,living,entry,bedroom,entry,kitchen,kitchen,bedroom,kitchen
23040,d16 Wed 00:00,kitchen,kitchen,kitchen,kitchen,kitchen,kitchen,living,entry,bedroom,bedroom,living,kitchen,kitchen,kitchen,kitchen,entry,living,kitchen,kitchen,kitchen,living,bedroom,living,entry,bedroom,entry,kitchen,kitchen,bedroom,kitchen
23100,d16 Wed 01:00,kitchen,kitchen,kitchen,kitchen,kitchen,kitchen,living,entry,bedroom,bedroom,living,kitchen,kitchen,kitchen,kitchen,entry,living,kitchen,kitchen,kitchen,living,bedroom,living,entry,bedroom,entry,kitchen,kitchen,bedroom,kitchen
23160,d16 Wed 02:00,kitchen,kitchen,kitchen,kitchen,kitchen,kitchen,living,entry,bedroom,bedroom,living,kitchen,kitchen,kitchen,kitchen,entry,living,kitchen,kitchen,kitchen,living,bedroom,living,entry,bedroom,entry,kitchen,kitchen,bedroom,kitchen
23220,d16 Wed 03:00,kitchen,kitchen,kitchen,kitchen,kitchen,kitchen,living,entry,bedroom,bedroom,living,kitchen,kitchen,kitchen,kitchen,entry,living,kitchen,kitchen,kitchen,living,bedroom,living,entry,bedroom,entry,kitchen,kitchen,bedroom,kitchen
23280,d16 Wed 04:00,kitchen,kitchen,kitchen,kitchen,kitchen,kitchen,living,entry,bedroom,bedroom,living,kitchen,kitchen,kitchen,kitchen,entry,living,kitchen,kitchen,kitchen,living,bedroom,living,entry,bedroom,entry,kitchen,kitchen,bedroom,kitchen
23340,d16 Wed 05:00,kitchen,kitchen,kitchen,kitchen,kitchen,kitchen,living,entry,bedroom,bedroom,living,kitchen,kitchen,kitchen,kitchen,entry,living,kitchen,kitchen,kitchen,living,bedroom,living,entry,bedroom,entry,kitchen,kitchen,bedroom,kitchen
23400,d16 Wed 06:00,kitchen,kitchen,kitchen,kitchen,kitchen,kitchen,living,entry,bedroom,bedroom,living,kitchen,kitchen,kitchen,kitchen,entry,living,kitchen,kitchen,kitchen,living,bedroom,living,entry,bedroom,entry,kitchen,kitchen,bedroom,kitchen
23460,d16 Wed 07:00,kitchen,kitchen,kitchen,kitchen,kitchen,kitchen,living,entry,bedroom,bedroom,living,kitchen,kitchen,kitchen,kitchen,kitchen,living,kitchen,kitchen,bathroom,living,bedroom,living,entry,bedroom,entry,kitchen,kitchen,bedroom,kitchen
23520,d16 Wed 08:00,kitchen,kitchen,kitchen,kitchen,kitchen,kitchen,living,entry,bedroom,bedroom,living,kitchen,living,kitchen,kitchen,kitchen,living,kitchen,kitchen,bathroom,living,bedroom,living,entry,bedroom,entry,kitchen,kitchen,bedroom,kitchen
23580,d16 Wed 09:00,kitchen,kitchen,kitchen,kitchen,kitchen,kitchen,living,entry,bedroom,bedroom,living,kitchen,living,kitchen,kitchen,kitchen,living,kitchen,kitchen,bathroom,living,bedroom,living,entry,bedroom,entry,kitchen,kitchen,bedroom,kitchen
23640,d16 Wed 10:00,kitchen,kitchen,kitchen,kitchen,kitchen,kitchen,living,entry,bedroom,bedroom,living,kitchen,living,kitchen,kitchen,kitchen,living,kitchen,kitchen,bathroom,living,bathroom,living,entry,bedroom,entry,kitchen,kitchen,bedroom,kitchen
23700,d16 Wed 11:00,living,kitchen,kitchen,kitchen,kitchen,kitchen,living,entry,bedroom,living,living,kitchen,living,kitchen,kitchen,kitchen,living,kitchen,kitchen,bathroom,living,bathroom,living,entry,bedroom,entry,kitchen,kitchen,bedroom,kitchen
23760,d16 Wed 12:00,living,kitchen,kitchen,kitchen,kitchen,kitchen,living,entry,bedroom,living,living,kitchen,living,kitchen,kitchen,kitchen,living,kitchen,kitchen,bathroom,living,bathroom,living,entry,bedroom,entry,kitchen,kitchen,bedroom,kitchen
23820,d16 Wed 13:00,kitchen,kitchen,kitchen,kitchen,kitchen,kitchen,living,entry,bedroom,living,living,kitchen,living,kitchen,kitchen,kitchen,living,kitchen,kitchen,bathroom,living,bathroom,living,entry,bedroom,entry,kitchen,kitchen,bedroom,kitchen
23880,d16 Wed 14:00,kitchen,kitchen,kitchen,kitchen,kitchen,living,kitchen,entry,bedroom,living,living,kitchen,living,kitchen,kitchen,kitchen,living,living,bedroom,bathroom,living,bathroom,kitchen,entry,bedroom,entry,kitchen,kitchen,bedroom,kitchen
23940,d16 Wed 15:00,kitchen,kitchen,kitchen,kitchen,kitchen,living,living,entry,bedroom,living,living,kitchen,living,kitchen,kitchen,kitchen,living,living,bedroom,bathroom,living,bathroom,kitchen,entry,bedroom,entry,kitchen,kitchen,bedroom,kitchen
24000,d16 Wed 16:00,kitchen,kitchen,kitchen,kitchen,kitchen,living,kitchen,entry,bedroom,living,living,kitchen,living,kitchen,kitchen,kitchen,living,living,bedroom,bathroom,living,bathroom,kitchen,entry,bedroom,entry,kitchen,kitchen,bedroom,kitchen
24060,d16 Wed 17:00,kitchen,kitchen,kitchen,kitchen,kitchen,living,kitchen,entry,bedroom,living,living,kitchen,living,kitchen,kitchen,kitchen,living,living,bedroom,bathroom,living,bathroom,kitchen,entry,bedroom,entry,kitchen,kitchen,bedroom,kitchen
24120,d16 Wed 18:00,kitchen,kitchen,kitchen,kitchen,kitchen,living,kitchen,entry,bedroom,living,living,kitchen,living,kitchen,kitchen,kitchen,living,living,bedroom,bathroom,living,bathroom,kitchen,entry,bedroom,entry,kitchen,kitchen,bedroom,kitchen
24180,d16 Wed 19:00,kitchen,kitchen,kitchen,kitchen,kitchen,living,kitchen,entry,bedroom,living,living,kitchen,living,kitchen,kitchen,kitchen,living,living,bedroom,bathroom,living,bathroom,kitchen,entry,bedroom,entry,kitchen,kitchen,bedroom,kitchen
24240,d16 Wed 20:00,kitchen,kitchen,kitchen,kitchen,kitchen,living,kitchen,entry,bedroom,living,living,kitchen,living,kitchen,kitchen,kitchen,living,living,bedroom,bathroom,living,bathroom,kitchen,entry,bedroom,entry,kitchen,kitchen,bedroom,kitchen
24300,d16 Wed 21:00,kitchen,kitchen,kitchen,kitchen,kitchen,living,kitchen,entry,bedroom,living,living,kitchen,living,kitchen,kitchen,kitchen,living,living,bedroom,bathroom,living,bathroom,kitchen,entry,bedroom,entry,kitchen,kitchen,bedroom,kitchen
24360,d16 Wed 22:00,kitchen,kitchen,kitchen,kitchen,kitchen,living,kitchen,entry,bedroom,living,living,kitchen,living,kitchen,kitchen,kitchen,living,living,bedroom,bathroom,living,bathroom,kitchen,entry,bedroom,entry,kitchen,kitchen,bedroom,kitchen
24420,d16 Wed 23:00,kitchen,kitchen,kitchen,kitchen,kitchen,living,kitchen,entry,bedroom,living,living,kitchen,living,kitchen,kitchen,kitchen,living,living,bedroom,bathroom,living,bathroom,kitchen,entry,bedroom,entry,kitchen,kitchen,bedroom,kitchen
24480,d17 Thu 00:00,kitchen,kitchen,kitchen,kitchen,kitchen,living,kitchen,entry,bedroom,living,living,kitchen,living,kitchen,kitchen,kitchen,living,living,bedroom,bathroom,living,bathroom,kitchen,entry,bedroom,entry,kitchen,kitchen,bedroom,kitchen
24540,d17 Thu 01:00,kitchen,kitchen,kitchen,kitchen,kitchen,living,kitchen,entry,bedroom,living,living,kitchen,living,kitchen,kitchen,kitchen,living,living,bedroom,bathroom,living,bathroom,kitchen,entry,bedroom,entry,kitchen,kitchen,bedroom,kitchen
24600,d17 Thu 02:00,kitchen,kitchen,kitchen,kitchen,kitchen,living,kitchen,entry,bedroom,living,living,kitchen,living,kitchen,kitchen,kitchen,living,living,bedroom,bathroom,living,bathroom,kitchen,entry,bedroom,entry,kitchen,kitchen,bedroom,kitchen
24660,d17 Thu 03:00,kitchen,kitchen,kitchen,kitchen,kitchen,living,kitchen,entry,bedroom,living,living,kitchen,living,kitchen,kitchen,kitchen,living,living,bedroom,bathroom,living,bathroom,kitchen,entry,bedroom,entry,kitchen,kitchen,bedroom,kitchen
24720,d17 Thu 04:00,kitchen,kitchen,kitchen,kitchen,kitchen,living,kitchen,entry,bedroom,living,living,kitchen,living,kitchen,kitchen,kitchen,living,living,bedroom,bathroom,living,bathroom,kitchen,entry,bedroom,entry,kitchen,kitchen,bedroom,kitchen
24780,d17 Thu 05:00,kitchen,kitchen,kitchen,kitchen,kitchen,living,kitchen,entry,bedroom,living,living,kitchen,living,kitchen,kitchen,kitchen,living,living,bedroom,bathroom,living,bathroom,kitchen,entry,bedroom,entry,kitchen,kitchen,bedroom,kitchen
24840,d17 Thu 06:00,kitchen,kitchen,kitchen,kitchen,kitchen,living,kitchen,entry,bedroom,living,living,kitchen,living,kitchen,kitchen,kitchen,living,living,bedroom,kitchen,living,bathroom,kitchen,entry,bedroom,entry,kitchen,kitchen,bedroom,kitchen
24900,d17 Thu 07:00,kitchen,kitchen,kitchen,kitchen,kitchen,living,kitchen,entry,bedroom,living,living,kitchen,living,kitchen,kitchen,kitchen,kitchen,living,bedroom,kitchen,living,bathroom,kitchen,entry,bedroom,entry,kitchen,kitchen,bedroom,kitchen
24960,d17 Thu 08:00,kitchen,kitchen,kitchen,kitchen,kitchen,living,kitchen,entry,bedroom,living,kitchen,kitchen,living,kitchen,kitchen,kitchen,kitchen,living,bedroom,kitchen,living,bathroom,kitchen,entry,kitchen,entry,kitchen,kitchen,bedroom,kitchen
25020,d17 Thu 09:00,kitchen,kitchen,kitchen,kitchen,kitchen,living,kitchen,entry,bedroom,living,kitchen,kitchen,living,kitchen,kitchen,kitchen,kitchen,living,bedroom,kitchen,living,bathroom,kitchen,entry,kitchen,entry,kitchen,kitchen,bedroom,kitchen
25080,d17 Thu 10:00,living,kitchen,kitchen,kitchen,kitchen,living,kitchen,entry,bedroom,bedroom,living,kitchen,living,kitchen,kitchen,kitchen,living,living,bedroom,bathroom,living,bathroom,living,entry,kitchen,entry,kitchen,kitchen,bedroom,kitchen
25140,d17 Thu 11:00,living,kitchen,kitchen,kitchen,kitchen,living,kitchen,entry,bedroom,bedroom,kitchen,kitchen,living,kitchen,kitchen,kitchen,living,living,bedroom,bathroom,living,bathroom,living,entry,kitchen,entry,kitchen,kitchen,bedroom,kitchen
25200,d17 Thu 12:00,living,kitchen,kitchen,kitchen,kitchen,living,kitchen,entry,bedroom,bedroom,kitchen,kitchen,living,kitchen,kitchen,kitchen,living,living,bedroom,bathroom,living,bathroom,living,entry,kitchen,entry,kitchen,kitchen,bedroom,kitchen
25260,d17 Thu 13:00,living,living,kitchen,kitchen,kitchen,living,kitchen,entry,bedroom,bedroom,living,kitchen,living,kitchen,kitchen,kitchen,living,living,bedroom,bathroom,living,bathroom,living,entry,kitchen,entry,kitchen,kitchen,bedroom,kitchen
25320,d17 Thu 14:00,kitchen,kitchen,kitchen,kitchen,kitchen,living,kitchen,entry,bedroom,bedroom,living,kitchen,living,kitchen,kitchen,kitchen,living,living,bedroom,bathroom,living,bathroom,living,entry,kitchen,entry,kitchen,kitchen,bedroom,kitchen
25380,d17 Thu 15:00,living,kitchen,kitchen,kitchen,kitchen,kitchen,kitchen,entry,bedroom,living,living,kitchen,kitchen,kitchen,kitchen,kitchen,living,kitchen,bedroom,bathroom,living,bathroom,living,entry,kitchen,entry,kitchen,kitchen,bedroom,kitchen
25440,d17 Thu 16:00,living,kitchen,kitchen,kitchen,kitchen,kitchen,kitchen,entry,bedroom,living,living,kitchen,kitchen,kitchen,kitchen,kitchen,living,kitchen,bedroom,bathroom,living,bathroom,living,entry,kitchen,entry,kitchen,kitchen,bedroom,kitchen
25500,d17 Thu 17:00,living,kitchen,kitchen,kitchen,kitchen,kitchen,kitchen,entry,bedroom,living,living,kitchen,kitchen,kitchen,kitchen,kitchen,living,kitchen,bedroom,bathroom,living,bathroom,living,entry,kitchen,entry,kitchen,kitchen,bedroom,kitchen
25560,d17 Thu 18:00,living,kitchen,kitchen,kitchen,kitchen,kitchen,kitchen,entry,bedroom,living,living,kitchen,kitchen,kitchen,kitchen,kitchen,living,kitchen,bedroom,bathroom,living,bathroom,living,entry,kitchen,entry,kitchen,kitchen,bedroom,kitchen
25620,d17 Thu 19:00,living,kitchen,kitchen,kitchen,kitchen,kitchen,kitchen,entry,bedroom,living,living,kitchen,kitchen,kitchen,kitchen,kitchen,living,kitchen,bedroom,bathroom,living,bathroom,living,entry,kitchen,entry,kitchen,kitchen,bedroom,kitchen
25680,d17 Thu 20:00,living,kitchen,kitchen,kitchen,kitchen,kitchen,kitchen,entry,bedroom,living,living,kitchen,kitchen,kitchen,kitchen,kitchen,living,kitchen,bedroom,bathroom,living,bathroom,living,entry,kitchen,entry,kitchen,kitchen,bedroom,kitchen
25740,d17 Thu 21:00,living,kitchen,kitchen,kitchen,kitchen,kitchen,kitchen,entry,bedroom,living,living,kitchen,kitchen,kitchen,kitchen,kitchen,living,kitchen,bedroom,bathroom,living,bathroom,living,entry,kitchen,entry,kitchen,kitchen,bedroom,kitchen
25800,d17 Thu 22:00,living,kitchen,kitchen,kitchen,kitchen,kitchen,kitchen,entry,bedroom,living,living,kitchen,kitchen,kitchen,kitchen,kitchen,living,kitchen,bedroom,bathroom,living,bathroom,living,entry,kitchen,entry,kitchen,kitchen,bedroom,kitchen
25860,d17 Thu 23:00,living,kitchen,kitchen,kitchen,kitchen,kitchen,kitchen,entry,bedroom,living,living,kitchen,kitchen,kitchen,kitchen,kitchen,living,kitchen,bedroom,bathroom,living,bathroom,living,entry,kitchen,entry,kitchen,kitchen,bedroom,kitchen
25920,d18 Fri 00:00,living,kitchen,kitchen,kitchen,kitchen,kitchen,kitchen,entry,bedroom,living,living,kitchen,kitchen,kitchen,kitchen,kitchen,living,kitchen,bedroom,bathroom,living,bathroom,living,entry,kitchen,entry,kitchen,kitchen,bedroom,kitchen
25980,d18 Fri 01:00,living,kitchen,kitchen,kitchen,kitchen,kitchen,kitchen,entry,bedroom,living,living,kitchen,kitchen,kitchen,kitchen,kitchen,living,kitchen,bedroom,bathroom,living,bathroom,living,entry,kitchen,entry,kitchen,kitchen,bedroom,kitchen
26040,d18 Fri 02:00,living,kitchen,kitchen,kitchen,kitchen,kitchen,kitchen,entry,bedroom,living,living,kitchen,kitchen,kitchen,kitchen,kitchen,living,kitchen,bedroom,bathroom,living,bathroom,living,entry,kitchen,entry,kitchen,kitchen,bedroom,kitchen
26100,d18 Fri 03:00,living,kitchen,kitchen,kitchen,kitchen,kitchen,kitchen,entry,bedroom,living,living,kitchen,kitchen,kitchen,kitchen,kitchen,living,kitchen,bedroom,bathroom,living,bathroom,living,entry,kitchen,entry,kitchen,kitchen,bedroom,kitchen
26160,d18 Fri 04:00,living,kitchen,kitchen,kitchen,kitchen,kitchen,kitchen,entry,bedroom,living,living,kitchen,kitchen,kitchen,kitchen,kitchen,living,kitchen,bedroom,bathroom,living,bathroom,living,entry,kitchen,entry,kitchen,kitchen,bedroom,kitchen
26220,d18 Fri 05:00,living,kitchen,kitchen,kitchen,kitchen,kitchen,kitchen,entry,bedroom,living,living,kitchen,kitchen,kitchen,kitchen,kitchen,living,kitchen,bedroom,bathroom,living,bathroom,living,entry,kitchen,entry,kitchen,kitchen,bedroom,kitchen
26280,d18 Fri 06:00,kitchen,kitchen,kitchen,kitchen,kitchen,kitchen,kitchen,entry,bedroom,living,living,kitchen,kitchen,kitchen,kitchen,kitchen,living,kitchen,bedroom,kitchen,living,bathroom,living,entry,kitchen,entry,kitchen,kitchen,bedroom,kitchen
26340,d18 Fri 07:00,kitchen,kitchen,kitchen,kitchen,kitchen,kitchen,kitchen,entry,bedroom,living,living,kitchen,kitchen,kitchen,kitchen,kitchen,living,kitchen,bedroom,kitchen,living,bathroom,living,entry,kitchen,entry,kitchen,kitchen,bedroom,kitchen
26400,d18 Fri 08:00,kitchen,kitchen,kitchen,kitchen,outside,outside,kitchen,outside,outside,outside,living,outside,kitchen,outside,outside,outside,living,outside,outside,kitchen,living,bathroom,living,outside,kitchen,entry,kitchen,kitchen,outside,kitchen
26460,d18 Fri 09:00,living,kitchen,kitchen,kitchen,kitchen,kitchen,kitchen,entry,bedroom,bedroom,living,kitchen,kitchen,kitchen,entry,entry,living,kitchen,bedroom,kitchen,living,bathroom,living,entry,kitchen,entry,kitchen,kitchen,bedroom,kitchen
26520,d18 Fri 10:00,living,kitchen,kitchen,kitchen,kitchen,kitchen,kitchen,entry,bedroom,bedroom,living,kitchen,kitchen,kitchen,entry,entry,living,kitchen,bedroom,kitchen,living,bathroom,living,entry,kitchen,entry,kitchen,kitchen,bedroom,kitchen
26580,d18 Fri 11:00,living,kitchen,kitchen,kitchen,kitchen,kitchen,kitchen,kitchen,bedroom,living,living,kitchen,kitchen,kitchen,entry,entry,living,kitchen,bedroom,kitchen,living,bathroom,living,entry,kitchen,entry,kitchen,kitchen,bedroom,kitchen
26640,d18 Fri 12:00,living,kitchen,kitchen,kitchen,kitchen,kitchen,kitchen,kitchen,bedroom,living,living,kitchen,kitchen,kitchen,entry,entry,living,kitchen,living,kitchen,living,bathroom,living,entry,kitchen,entry,kitchen,kitchen,bedroom,kitchen
26700,d18 Fri 13:00,kitchen,kitchen,kitchen,kitchen,kitchen,kitchen,kitchen,kitchen,bedroom,living,living,kitchen,kitchen,kitchen,entry,entry,living,kitchen,living,kitchen,living,bathroom,living,entry,kitchen,entry,kitchen,kitchen,bedroom,kitchen
26760,d18 Fri 14:00,living,kitchen,kitchen,kitchen,kitchen,living,kitchen,kitchen,bedroom,living,living,kitchen,living,kitchen,entry,entry,living,kitchen,living,kitchen,living,bathroom,living,entry,kitchen,entry,kitchen,kitchen,bedroom,kitchen
26820,d18 Fri 15:00,living,kitchen,kitchen,kitchen,kitchen,living,kitchen,kitchen,bedroom,living,living,kitchen,living,kitchen,entry,entry,living,kitchen,living,kitchen,living,bathroom,living,entry,kitchen,entry,kitchen,kitchen,bedroom,kitchen
26880,d18 Fri 16:00,living,kitchen,kitchen,kitchen,kitchen,living,kitchen,kitchen,bedroom,living,living,kitchen,living,kitchen,entry,entry,living,kitchen,living,kitchen,living,bathroom,living,entry,kitchen,entry,kitchen,kitchen,bedroom,kitchen
26940,d18 Fri 17:00,living,kitchen,kitchen,kitchen,kitchen,living,kitchen,kitchen,bedroom,living,living,kitchen,living,kitchen,entry,entry,bedroom,kitchen,living,kitchen,living,bathroom,living,entry,kitchen,entry,kitchen,kitchen,bedroom,kitchen
27000,d18 Fri 18:00,living,kitchen,kitchen,kitchen,kitchen,living,kitchen,kitchen,bedroom,living,living,kitchen,living,kitchen,entry,entry,bedroom,kitchen,living,kitchen,living,bathroom,living,entry,kitchen,entry,kitchen,kitchen,bedroom,kitchen
27060,d18 Fri 19:00,living,kitchen,kitchen,kitchen,kitchen,living,kitchen,kitchen,bedroom,living,living,kitchen,living,kitchen,entry,entry,bedroom,kitchen,living,kitchen,living,bathroom,living,entry,kitchen,entry,kitchen,kitchen,bedroom,kitchen
27120,d18 Fri 20:00,living,kitchen,kitchen,kitchen,kitchen,living,kitchen,kitchen,bedroom,living,living,kitchen,living,kitchen,entry,entry,bedroom,kitchen,living,kitchen,living,bathroom,living,entry,kitchen,entry,kitchen,kitchen,bedroom,kitchen
27180,d18 Fri 21:00,living,kitchen,kitchen,kitchen,kitchen,living,kitchen,kitchen,bedroom,living,living,kitchen,living,kitchen,entry,entry,bedroom,kitchen,living,kitchen,living,bathroom,living,entry,kitchen,entry,kitchen,kitchen,bedroom,kitchen
27240,d18 Fri 22:00,living,kitchen,kitchen,kitchen,kitchen,living,kitchen,kitchen,bedroom,living,living,kitchen,living,kitchen,entry,entry,bedroom,kitchen,living,kitchen,living,bathroom,living,entry,kitchen,entry,kitchen,kitchen,bedroom,kitchen
27300,d18 Fri 23:00,living,kitchen,kitchen,kitchen,kitchen,living,kitchen,kitchen,bedroom,living,living,kitchen,living,kitchen,entry,entry,bedroom,kitchen,living,kitchen,living,bathroom,living,entry,kitchen,entry,kitchen,kitchen,bedroom,kitchen
27360,d19 Sat 00:00,living,kitchen,kitchen,kitchen,kitchen,living,kitchen,kitchen,bedroom,living,living,kitchen,living,kitchen,entry,entry,bedroom,kitchen,living,kitchen,living,bathroom,living,entry,kitchen,entry,kitchen,kitchen,bedroom,kitchen
27420,d19 Sat 01:00,living,kitchen,kitchen,kitchen,kitchen,living,kitchen,kitchen,bedroom,living,living,kitchen,living,kitchen,entry,entry,bedroom,kitchen,living,kitchen,living,bathroom,living,entry,kitchen,entry,kitchen,kitchen,bedroom,kitchen
27480,d19 Sat 02:00,living,kitchen,kitchen,kitchen,kitchen,living,kitchen,kitchen,bedroom,living,living,kitchen,living,kitchen,entry,entry,bedroom,kitchen,living,kitchen,living,bathroom,living,entry,kitchen,entry,kitchen,kitchen,bedroom,kitchen
27540,d19 Sat 03:00,living,kitchen,kitchen,kitchen,kitchen,living,kitchen,kitchen,bedroom,living,living,kitchen,living,kitchen,entry,entry,bedroom,kitchen,living,kitchen,living,bathroom,living,entry,kitchen,entry,kitchen,kitchen,bedroom,kitchen
27600,d19 Sat 04:00,living,kitchen,kitchen,kitchen,kitchen,living,kitchen,kitchen,bedroom,living,living,kitchen,living,kitchen,entry,entry,bedroom,kitchen,living,kitchen,living,bathroom,living,entry,kitchen,entry,kitchen,kitchen,bedroom,kitchen
27660,d19 Sat 05:00,living,kitchen,kitchen,kitchen,kitchen,living,kitchen,kitchen,bedroom,living,living,kitchen,living,kitchen,entry,entry,bedroom,kitchen,living,kitchen,living,bathroom,living,entry,kitchen,entry,kitchen,kitchen,bedroom,kitchen
27720,d19 Sat 06:00,living,kitchen,kitchen,kitchen,kitchen,kitchen,kitchen,kitchen,bedroom,living,living,kitchen,living,kitchen,entry,entry,bedroom,kitchen,living,kitchen,living,bathroom,living,entry,kitchen,entry,kitchen,kitchen,bedroom,kitchen
27780,d19 Sat 07:00,living,kitchen,kitchen,kitchen,outside,outside,kitchen,outside,outside,outside,living,outside,living,outside,outside,outside,bedroom,outside,outside,bathroom,living,bathroom,living,outside,kitchen,entry,kitchen,kitchen,outside,kitchen
27840,d19 Sat 08:00,living,kitchen,kitchen,kitchen,outside,outside,kitchen,outside,outside,outside,living,outside,living,outside,outside,outside,bedroom,outside,outside,bathroom,living,bathroom,living,outside,kitchen,entry,kitchen,kitchen,outside,kitchen
27900,d19 Sat 09:00,living,kitchen,kitchen,kitchen,outside,outside,kitchen,outside,outside,outside,living,outside,living,outside,outside,outside,bedroom,outside,outside,bathroom,living,bathroom,living,outside,kitchen,entry,kitchen,kitchen,outside,kitchen
27960,d19 Sat 10:00,living,kitchen,kitchen,kitchen,outside,outside,kitchen,outside,outside,outside,living,outside,living,outside,outside,outside,bedroom,outside,outside,bathroom,living,bathroom,living,outside,kitchen,entry,kitchen,kitchen,outside,kitchen
28020,d19 Sat 11:00,living,kitchen,kitchen,kitchen,kitchen,kitchen,living,kitchen,bedroom,living,living,kitchen,living,kitchen,kitchen,entry,bedroom,kitchen,bedroom,bathroom,living,bathroom,living,entry,kitchen,entry,kitchen,kitchen,kitchen,kitchen
28080,d19 Sat 12:00,living,kitchen,kitchen,kitchen,kitchen,kitchen,living,kitchen,bedroom,living,living,kitchen,living,kitchen,kitchen,entry,bedroom,kitchen,bedroom,bathroom,living,bathroom,living,entry,kitchen,entry,kitchen,kitchen,kitchen,kitchen
28140,d19 Sat 13:00,living,kitchen,kitchen,kitchen,kitchen,kitchen,living,kitchen,bedroom,living,living,kitchen,living,kitchen,kitchen,entry,bedroom,kitchen,bedroom,bathroom,living,bathroom,living,entry,kitchen,entry,kitchen,kitchen,bedroom,kitchen
28200,d19 Sat 14:00,living,kitchen,kitchen,kitchen,kitchen,kitchen,living,kitchen,bedroom,living,living,kitchen,living,kitchen,kitchen,entry,living,kitchen,bedroom,bathroom,living,bathroom,living,entry,kitchen,entry,kitchen,kitchen,living,kitchen
28260,d19 Sat 15:00,living,kitchen,kitchen,kitchen,kitchen,kitchen,living,kitchen,bedroom,bedroom,living,kitchen,living,kitchen,kitchen,entry,bedroom,kitchen,bedroom,bathroom,living,bathroom,living,entry,kitchen,entry,kitchen,kitchen,living,kitchen
28320,d19 Sat 16:00,living,kitchen,kitchen,kitchen,kitchen,kitchen,living,kitchen,bedroom,bedroom,living,kitchen,living,kitchen,kitchen,entry,bedroom,kitchen,bedroom,bathroom,living,bathroom,living,entry,kitchen,entry,kitchen,kitchen,living,kitchen
28380,d19 Sat 17:00,living,kitchen,kitchen,kitchen,kitchen,kitchen,living,kitchen,bedroom,bedroom,living,kitchen,living,kitchen,kitchen,entry,bedroom,kitchen,bedroom,bathroom,living,bathroom,living,entry,kitchen,entry,kitchen,kitchen,living,kitchen
28440,d19 Sat 18:00,living,kitchen,kitchen,kitchen,kitchen,kitchen,living,kitchen,bedroom,bedroom,living,kitchen,living,kitchen,kitchen,entry,bedroom,kitchen,bedroom,bathroom,living,bathroom,living,entry,kitchen,entry,kitchen,kitchen,living,kitchen
28500,d19 Sat 19:00,living,kitchen,kitchen,kitchen,kitchen,kitchen,living,kitchen,bedroom,bedroom,living,kitchen,living,kitchen,kitchen,entry,bedroom,kitchen,bedroom,bathroom,living,bathroom,living,entry,kitchen,entry,kitchen,kitchen,living,kitchen
28560,d19 Sat 20:00,living,kitchen,kitchen,kitchen,kitchen,kitchen,living,kitchen,bedroom,bedroom,living,kitchen,living,kitchen,kitchen,entry,bedroom,kitchen,bedroom,bathroom,living,bathroom,living,entry,kitchen,entry,kitchen,kitchen,living,kitchen
28620,d19 Sat 21:00,living,kitchen,kitchen,kitchen,kitchen,kitchen,living,kitchen,bedroom,bedroom,living,kitchen,living,kitchen,kitchen,entry,bedroom,kitchen,bedroom,bathroom,living,bathroom,living,entry,kitchen,entry,kitchen,kitchen,living,kitchen
28680,d19 Sat 22:00,living,kitchen,kitchen,kitchen,kitchen,kitchen,living,kitchen,bedroom,bedroom,living,kitchen,living,kitchen,kitchen,entry,bedroom,kitchen,bedroom,bathroom,living,bathroom,living,entry,kitchen,entry,kitchen,kitchen,living,kitchen
28740,d19 Sat 23:00,living,kitchen,kitchen,kitchen,kitchen,kitchen,living,kitchen,bedroom,bedroom,living,kitchen,living,kitchen,kitchen,entry,bedroom,kitchen,bedroom,bathroom,living,bathroom,living,entry,kitchen,entry,kitchen,kitchen,living,kitchen
28800,d20 Sun 00:00,living,kitchen,kitchen,kitchen,kitchen,kitchen,living,kitchen,bedroom,bedroom,living,kitchen,living,kitchen,kitchen,entry,bedroom,kitchen,bedroom,bathroom,living,bathroom,living,entry,kitchen,entry,kitchen,kitchen,bedroom,kitchen
28860,d20 Sun 01:00,living,kitchen,kitchen,kitchen,kitchen,kitchen,living,kitchen,bedroom,bedroom,living,kitchen,living,kitchen,kitchen,entry,bedroom,kitchen,bedroom,bathroom,living,bathroom,living,entry,kitchen,entry,kitchen,kitchen,bedroom,kitchen
28920,d20 Sun 02:00,living,kitchen,kitchen,kitchen,kitchen,kitchen,living,kitchen,bedroom,bedroom,living,kitchen,living,kitchen,kitchen,entry,bedroom,kitchen,bedroom,bathroom,living,bathroom,living,entry,kitchen,entry,kitchen,kitchen,bedroom,kitchen
28980,d20 Sun 03:00,living,kitchen,kitchen,kitchen,kitchen,kitchen,living,kitchen,bedroom,bedroom,living,kitchen,living,kitchen,kitchen,entry,bedroom,kitchen,bedroom,bathroom,living,bathroom,living,entry,kitchen,entry,kitchen,kitchen,bedroom,kitchen
29040,d20 Sun 04:00,living,kitchen,kitchen,kitchen,kitchen,kitchen,living,kitchen,bedroom,bedroom,living,kitchen,living,kitchen,kitchen,entry,bedroom,kitchen,bedroom,bathroom,living,bathroom,living,entry,kitchen,entry,kitchen,kitchen,bedroom,kitchen
29100,d20 Sun 05:00,living,kitchen,kitchen,kitchen,kitchen,kitchen,living,kitchen,bedroom,bedroom,living,kitchen,living,kitchen,kitchen,entry,bedroom,kitchen,bedroom,kitchen,living,bathroom,living,entry,kitchen,entry,kitchen,kitchen,kitchen,kitchen
29160,d20 Sun 06:00,kitchen,kitchen,kitchen,kitchen,kitchen,kitchen,living,kitchen,bedroom,bedroom,living,kitchen,living,kitchen,kitchen,entry,bedroom,kitchen,bedroom,kitchen,living,bathroom,living,entry,kitchen,entry,kitchen,kitchen,kitchen,kitchen
29220,d20 Sun 07:00,kitchen,kitchen,kitchen,kitchen,kitchen,kitchen,living,kitchen,bedroom,bedroom,living,kitchen,living,kitchen,kitchen,entry,bedroom,kitchen,bedroom,kitchen,living,bathroom,living,entry,kitchen,entry,kitchen,kitchen,kitchen,entry
29280,d20 Sun 08:00,kitchen,kitchen,kitchen,kitchen,kitchen,kitchen,living,kitchen,bedroom,bedroom,living,kitchen,living,kitchen,kitchen,entry,bedroom,kitchen,bedroom,kitchen,living,bathroom,living,entry,kitchen,entry,kitchen,kitchen,kitchen,entry
29340,d20 Sun 09:00,living,kitchen,kitchen,kitchen,kitchen,kitchen,living,kitchen,bedroom,bedroom,living,kitchen,living,kitchen,kitchen,entry,living,kitchen,bedroom,kitchen,living,bathroom,living,kitchen,kitchen,entry,kitchen,kitchen,living,entry
29400,d20 Sun 10:00,living,kitchen,kitchen,kitchen,kitchen,kitchen,living,kitchen,bedroom,living,living,kitchen,living,kitchen,kitchen,entry,bedroom,kitchen,bedroom,kitchen,living,bathroom,living,kitchen,kitchen,entry,kitchen,kitchen,living,entry
29460,d20 Sun 11:00,living,kitchen,kitchen,kitchen,kitchen,kitchen,kitchen,kitchen,bedroom,living,living,kitchen,living,kitchen,kitchen,entry,kitchen,kitchen,bedroom,kitchen,living,bathroom,living,kitchen,kitchen,entry,kitchen,kitchen,kitchen,entry
29520,d20 Sun 12:00,living,kitchen,kitchen,kitchen,kitchen,kitchen,kitchen,kitchen,bedroom,living,living,kitchen,living,kitchen,kitchen,entry,kitchen,kitchen,bedroom,kitchen,living,bathroom,living,kitchen,kitchen,entry,kitchen,kitchen,kitchen,entry
29580,d20 Sun 13:00,living,kitchen,kitchen,kitchen,kitchen,kitchen,living,entry,bedroom,living,living,kitchen,living,kitchen,entry,entry,kitchen,kitchen,bedroom,kitchen,living,bathroom,living,entry,kitchen,entry,kitchen,kitchen,bedroom,entry
29640,d20 Sun 14:00,living,kitchen,kitchen,kitchen,kitchen,kitchen,living,entry,bedroom,living,living,kitchen,living,kitchen,entry,entry,kitchen,kitchen,bedroom,kitchen,living,bathroom,living,entry,kitchen,entry,kitchen,kitchen,bedroom,entry
29700,d20 Sun 15:00,living,kitchen,kitchen,kitchen,kitchen,kitchen,living,entry,bedroom,living,living,kitchen,living,kitchen,entry,entry,kitchen,kitchen,bedroom,kitchen,living,bathroom,kitchen,entry,kitchen,entry,kitchen,kitchen,bedroom,entry
29760,d20 Sun 16:00,living,kitchen,kitchen,kitchen,kitchen,kitchen,kitchen,entry,bedroom,living,living,kitchen,living,kitchen,entry,entry,kitchen,kitchen,bedroom,kitchen,living,bathroom,kitchen,entry,kitchen,entry,kitchen,kitchen,bedroom,entry
29820,d20 Sun 17:00,living,kitchen,kitchen,kitchen,kitchen,kitchen,kitchen,entry,bedroom,living,living,kitchen,living,kitchen,entry,entry,kitchen,kitchen,bedroom,kitchen,living,bathroom,kitchen,entry,kitchen,entry,kitchen,kitchen,bedroom,entry
29880,d20 Sun 18:00,living,kitchen,kitchen,kitchen,kitchen,kitchen,kitchen,entry,bedroom,living,living,kitchen,living,kitchen,entry,entry,kitchen,kitchen,bedroom,kitchen,living,bathroom,kitchen,entry,kitchen,entry,kitchen,kitchen,bedroom,entry
29940,d20 Sun 19:00,living,kitchen,kitchen,kitchen,kitchen,kitchen,kitchen,entry,bedroom,living,living,kitchen,living,kitchen,entry,entry,kitchen,kitchen,bedroom,kitchen,living,bathroom,kitchen,entry,kitchen,entry,kitchen,kitchen,bedroom,entry
30000,d20 Sun 20:00,living,kitchen,kitchen,kitchen,kitchen,kitchen,kitchen,entry,bedroom,living,living,kitchen,living,kitchen,entry,entry,kitchen,kitchen,bedroom,kitchen,living,bathroom,kitchen,entry,kitchen,entry,kitchen,kitchen,bedroom,entry
30060,d20 Sun 21:00,living,kitchen,kitchen,kitchen,kitchen,kitchen,kitchen,entry,bedroom,living,living,kitchen,living,kitchen,entry,entry,kitchen,kitchen,bedroom,kitchen,living,bathroom,kitchen,entry,kitchen,entry,kitchen,kitchen,bedroom,entry
30120,d20 Sun 22:00,living,kitchen,kitchen,kitchen,kitchen,kitchen,kitchen,entry,bedroom,living,living,kitchen,living,kitchen,entry,entry,kitchen,kitchen,bedroom,kitchen,living,bathroom,kitchen,entry,kitchen,entry,kitchen,kitchen,bedroom,entry
30180,d20 Sun 23:00,living,kitchen,kitchen,kitchen,kitchen,kitchen,kitchen,entry,bedroom,living,living,kitchen,living,kitchen,entry,entry,kitchen,kitchen,bedroom,kitchen,living,bathroom,kitchen,entry,kitchen,entry,kitchen,kitchen,bedroom,entry
30240,d21 Mon 00:00,living,kitchen,kitchen,kitchen,kitchen,kitchen,kitchen,entry,bedroom,living,living,kitchen,living,kitchen,entry,entry,kitchen,kitchen,bedroom,kitchen,living,bathroom,kitchen,entry,kitchen,entry,kitchen,kitchen,bedroom,entry
30300,d21 Mon 01:00,living,kitchen,kitchen,kitchen,kitchen,kitchen,kitchen,entry,bedroom,living,living,kitchen,living,kitchen,entry,entry,kitchen,kitchen,bedroom,kitchen,living,bathroom,kitchen,entry,kitchen,entry,kitchen,kitchen,bedroom,entry
30360,d21 Mon 02:00,living,kitchen,kitchen,kitchen,kitchen,kitchen,kitchen,entry,bedroom,living,living,kitchen,living,kitchen,entry,entry,kitchen,kitchen,bedroom,kitchen,living,bathroom,kitchen,entry,kitchen,entry,kitchen,kitchen,bedroom,entry
30420,d21 Mon 03:00,living,kitchen,kitchen,kitchen,kitchen,kitchen,kitchen,entry,bedroom,living,living,kitchen,living,kitchen,entry,entry,kitchen,kitchen,bedroom,kitchen,living,bathroom,kitchen,entry,kitchen,entry,kitchen,kitchen,bedroom,entry
30480,d21 Mon 04:00,living,kitchen,kitchen,kitchen,kitchen,kitchen,kitchen,entry,bedroom,living,living,kitchen,living,kitchen,entry,entry,kitchen,kitchen,bedroom,kitchen,living,bathroom,kitchen,entry,kitchen,entry,kitchen,kitchen,bedroom,entry
30540,d21 Mon 05:00,living,kitchen,kitchen,kitchen,kitchen,kitchen,kitchen,entry,bedroom,living,living,kitchen,living,kitchen,entry,entry,kitchen,kitchen,bedroom,kitchen,living,bathroom,kitchen,entry,kitchen,entry,kitchen,kitchen,bedroom,entry
30600,d21 Mon 06:00,living,kitchen,kitchen,kitchen,kitchen,kitchen,kitchen,entry,bedroom,kitchen,living,kitchen,living,kitchen,entry,entry,kitchen,kitchen,kitchen,kitchen,living,bathroom,kitchen,entry,kitchen,entry,kitchen,kitchen,bedroom,entry
30660,d21 Mon 07:00,kitchen,kitchen,kitchen,kitchen,kitchen,kitchen,kitchen,entry,bedroom,kitchen,living,kitchen,living,kitchen,entry,entry,kitchen,kitchen,kitchen,kitchen,living,bathroom,kitchen,entry,kitchen,entry,kitchen,kitchen,bedroom,entry
30720,d21 Mon 08:00,kitchen,kitchen,kitchen,kitchen,outside,outside,kitchen,outside,outside,outside,living,outside,living,outside,outside,outside,kitchen,outside,outside,kitchen,living,bathroom,kitchen,outside,kitchen,entry,kitchen,kitchen,outside,entry
30780,d21 Mon 09:00,kitchen,kitchen,kitchen,kitchen,outside,outside,kitchen,kitchen,outside,outside,living,outside,living,outside,outside,outside,kitchen,outside,outside,kitchen,living,bathroom,kitchen,outside,kitchen,entry,kitchen,kitchen,outside,entry
30840,d21 Mon 10:00,living,kitchen,kitchen,kitchen,kitchen,kitchen,kitchen,kitchen,bedroom,living,living,kitchen,living,kitchen,entry,kitchen,living,kitchen,bedroom,kitchen,living,bathroom,kitchen,entry,kitchen,entry,kitchen,kitchen,bedroom,entry
30900,d21 Mon 11:00,living,kitchen,kitchen,kitchen,kitchen,kitchen,kitchen,kitchen,bedroom,living,living,kitchen,living,kitchen,entry,kitchen,bedroom,kitchen,bedroom,kitchen,living,bathroom,kitchen,entry,kitchen,entry,kitchen,kitchen,bedroom,entry
30960,d21 Mon 12:00,living,kitchen,kitchen,kitchen,kitchen,kitchen,kitchen,kitchen,bedroom,living,living,kitchen,living,kitchen,entry,kitchen,bedroom,kitchen,bedroom,kitchen,living,bathroom,kitchen,entry,kitchen,entry,kitchen,kitchen,bedroom,entry
31020,d21 Mon 13:00,kitchen,kitchen,kitchen,kitchen,kitchen,kitchen,kitchen,kitchen,bedroom,living,living,kitchen,living,kitchen,entry,kitchen,bedroom,kitchen,bedroom,kitchen,living,bathroom,kitchen,entry,kitchen,entry,kitchen,kitchen,bedroom,entry
31080,d21 Mon 14:00,kitchen,kitchen,kitchen,kitchen,kitchen,living,kitchen,kitchen,bedroom,bedroom,living,kitchen,living,kitchen,entry,kitchen,bedroom,kitchen,bedroom,kitchen,living,bathroom,kitchen,entry,kitchen,entry,kitchen,kitchen,bedroom,entry
31140,d21 Mon 15:00,kitchen,kitchen,kitchen,kitchen,kitchen,living,kitchen,kitchen,bedroom,bedroom,living,kitchen,living,kitchen,entry,kitchen,bedroom,kitchen,bedroom,kitchen,living,bathroom,kitchen,entry,kitchen,entry,kitchen,kitchen,bedroom,entry
31200,d21 Mon 16:00,kitchen,kitchen,kitchen,kitchen,kitchen,living,kitchen,kitchen,bedroom,bedroom,living,kitchen,living,kitchen,entry,kitchen,bedroom,kitchen,bedroom,kitchen,living,bathroom,kitchen,entry,kitchen,entry,kitchen,kitchen,bedroom,entry
31260,d21 Mon 17:00,kitchen,kitchen,kitchen,kitchen,kitchen,living,kitchen,kitchen,bedroom,bedroom,living,kitchen,living,kitchen,entry,kitchen,bedroom,kitchen,bedroom,kitchen,living,bathroom,kitchen,entry,kitchen,entry,kitchen,kitchen,bedroom,entry
31320,d21 Mon 18:00,kitchen,kitchen,kitchen,kitchen,kitchen,living,kitchen,kitchen,bedroom,bedroom,living,kitchen,living,kitchen,entry,kitchen,bedroom,kitchen,bedroom,kitchen,living,bathroom,kitchen,entry,kitchen,entry,kitchen,kitchen,bedroom,entry
31380,d21 Mon 19:00,kitchen,kitchen,kitchen,kitchen,kitchen,living,kitchen,kitchen,bedroom,bedroom,living,kitchen,living,kitchen,entry,kitchen,bedroom,kitchen,bedroom,kitchen,living,bathroom,kitchen,entry,kitchen,entry,kitchen,kitchen,bedroom,entry
31440,d21 Mon 20:00,kitchen,kitchen,kitchen,kitchen,kitchen,living,kitchen,kitchen,bedroom,bedroom,living,kitchen,living,kitchen,entry,kitchen,bedroom,kitchen,bedroom,kitchen,living,bathroom,kitchen,entry,kitchen,entry,kitchen,kitchen,bedroom,entry
31500,d21 Mon 21:00,kitchen,kitchen,kitchen,kitchen,kitchen,living,kitchen,kitchen,bedroom,bedroom,living,kitchen,living,kitchen,entry,kitchen,bedroom,kitchen,bedroom,kitchen,living,bathroom,kitchen,entry,kitchen,entry,kitchen,kitchen,bedroom,entry
31560,d21 Mon 22:00,kitchen,kitchen,kitchen,kitchen,kitchen,living,kitchen,kitchen,bedroom,bedroom,living,kitchen,living,kitchen,entry,kitchen,bedroom,kitchen,bedroom,kitchen,living,bathroom,kitchen,entry,kitchen,entry,kitchen,kitchen,bedroom,entry
31620,d21 Mon 23:00,kitchen,kitchen,kitchen,kitchen,kitchen,living,kitchen,kitchen,bedroom,bedroom,living,kitchen,living,kitchen,entry,kitchen,bedroom,kitchen,bedroom,kitchen,living,bathroom,kitchen,entry,kitchen,entry,kitchen,kitchen,bedroom,entry
31680,d22 Tue 00:00,kitchen,kitchen,kitchen,kitchen,kitchen,living,kitchen,kitchen,bedroom,bedroom,living,kitchen,living,kitchen,entry,kitchen,bedroom,kitchen,bedroom,kitchen,living,bathroom,kitchen,entry,kitchen,entry,kitchen,kitchen,bedroom,entry
31740,d22 Tue 01:00,kitchen,kitchen,kitchen,kitchen,kitchen,living,kitchen,kitchen,bedroom,bedroom,living,kitchen,living,kitchen,entry,kitchen,bedroom,kitchen,bedroom,kitchen,living,bathroom,kitchen,entry,kitchen,entry,kitchen,kitchen,bedroom,entry
31800,d22 Tue 02:00,kitchen,kitchen,kitchen,kitchen,kitchen,living,kitchen,kitchen,bedroom,bedroom,living,kitchen,living,kitchen,entry,kitchen,bedroom,kitchen,bedroom,kitchen,living,bathroom,kitchen,entry,kitchen,entry,kitchen,kitchen,bedroom,entry
31860,d22 Tue 03:00,kitchen,kitchen,kitchen,kitchen,kitchen,living,kitchen,kitchen,bedroom,bedroom,living,kitchen,living,kitchen,entry,kitchen,bedroom,kitchen,bedroom,kitchen,living,bathroom,kitchen,entry,kitchen,entry,kitchen,kitchen,bedroom,entry
31920,d22 Tue 04:00,kitchen,kitchen,kitchen,kitchen,kitchen,living,kitchen,kitchen,bedroom,bedroom,living,kitchen,living,kitchen,entry,kitchen,bedroom,kitchen,bedroom,kitchen,living,bathroom,kitchen,entry,kitchen,entry,kitchen,kitchen,bedroom,entry
31980,d22 Tue 05:00,kitchen,kitchen,kitchen,kitchen,kitchen,living,kitchen,kitchen,bedroom,bedroom,living,kitchen,living,kitchen,entry,kitchen,bedroom,kitchen,bedroom,kitchen,living,bathroom,kitchen,entry,kitchen,entry,kitchen,kitchen,bedroom,entry
32040,d22 Tue 06:00,living,kitchen,kitchen,kitchen,kitchen,living,kitchen,kitchen,bedroom,bedroom,living,kitchen,living,kitchen,entry,kitchen,bedroom,kitchen,bedroom,kitchen,living,bathroom,kitchen,entry,kitchen,entry,kitchen,kitchen,bedroom,entry
32100,d22 Tue 07:00,kitchen,kitchen,kitchen,kitchen,kitchen,living,kitchen,kitchen,bedroom,bedroom,living,kitchen,living,kitchen,entry,kitchen,kitchen,kitchen,bedroom,kitchen,living,bathroom,kitchen,entry,kitchen,entry,kitchen,kitchen,bedroom,entry
32160,d22 Tue 08:00,living,kitchen,kitchen,kitchen,kitchen,living,kitchen,kitchen,bedroom,bedroom,living,kitchen,living,kitchen,entry,kitchen,living,kitchen,bedroom,kitchen,living,bedroom,kitchen,entry,bedroom,entry,kitchen,kitchen,bedroom,entry
32220,d22 Tue 09:00,living,kitchen,kitchen,kitchen,kitchen,living,kitchen,kitchen,bedroom,bedroom,living,kitchen,living,kitchen,entry,kitchen,living,kitchen,bedroom,kitchen,living,bedroom,kitchen,entry,bedroom,entry,kitchen,kitchen,bedroom,entry
32280,d22 Tue 10:00,living,kitchen,kitchen,kitchen,kitchen,living,kitchen,kitchen,bedroom,living,living,kitchen,living,kitchen,entry,kitchen,living,kitchen,bedroom,kitchen,living,bathroom,kitchen,entry,bedroom,entry,kitchen,kitchen,bedroom,entry
32340,d22 Tue 11:00,living,kitchen,kitchen,kitchen,kitchen,living,kitchen,kitchen,bedroom,living,living,kitchen,living,kitchen,entry,kitchen,living,kitchen,living,kitchen,living,bathroom,kitchen,entry,bedroom,entry,kitchen,kitchen,bedroom,entry
32400,d22 Tue 12:00,living,kitchen,kitchen,kitchen,kitchen,living,kitchen,kitchen,bedroom,living,living,kitchen,living,kitchen,entry,kitchen,living,kitchen,living,kitchen,living,bathroom,kitchen,entry,bedroom,entry,kitchen,kitchen,bedroom,entry
32460,d22 Tue 13:00,kitchen,kitchen,kitchen,kitchen,kitchen,living,kitchen,kitchen,bedroom,living,living,kitchen,living,kitchen,entry,kitchen,living,kitchen,living,kitchen,living,bathroom,kitchen,entry,bedroom,entry,kitchen,kitchen,bedroom,entry
32520,d22 Tue 14:00,kitchen,kitchen,kitchen,kitchen,kitchen,living,kitchen,entry,entry,bedroom,living,kitchen,living,kitchen,entry,entry,kitchen,kitchen,kitchen,kitchen,living,bathroom,kitchen,entry,bedroom,entry,kitchen,kitchen,bedroom,entry
32580,d22 Tue 15:00,kitchen,kitchen,kitchen,kitchen,kitchen,kitchen,living,entry,entry,bedroom,living,kitchen,living,kitchen,entry,entry,kitchen,kitchen,kitchen,kitchen,living,bathroom,kitchen,entry,bedroom,entry,kitchen,kitchen,bedroom,entry
32640,d22 Tue 16:00,kitchen,kitchen,kitchen,kitchen,kitchen,kitchen,living,entry,entry,bedroom,living,kitchen,living,kitchen,entry,entry,kitchen,kitchen,kitchen,kitchen,living,bathroom,kitchen,entry,bedroom,entry,kitchen,kitchen,bedroom,entry
32700,d22 Tue 17:00,kitchen,kitchen,kitchen,kitchen,kitchen,kitchen,living,entry,entry,bedroom,living,kitchen,living,kitchen,entry,entry,kitchen,kitchen,kitchen,kitchen,living,bathroom,kitchen,entry,bedroom,entry,kitchen,kitchen,bedroom,entry
32760,d22 Tue 18:00,kitchen,kitchen,kitchen,kitchen,kitchen,kitchen,living,entry,entry,bedroom,living,kitchen,living,kitchen,entry,entry,kitchen,kitchen,kitchen,kitchen,living,bathroom,kitchen,entry,bedroom,entry,kitchen,kitchen,bedroom,entry
32820,d22 Tue 19:00,kitchen,kitchen,kitchen,kitchen,kitchen,kitchen,living,entry,entry,bedroom,living,kitchen,living,kitchen,entry,entry,kitchen,kitchen,kitchen,kitchen,living,bathroom,kitchen,entry,bedroom,entry,kitchen,kitchen,bedroom,entry
32880,d22 Tue 20:00,kitchen,kitchen,kitchen,kitchen,kitchen,kitchen,living,entry,entry,bedroom,living,kitchen,living,kitchen,entry,entry,kitchen,kitchen,kitchen,kitchen,living,bathroom,kitchen,entry,bedroom,entry,kitchen,kitchen,bedroom,entry
32940,d22 Tue 21:00,kitchen,kitchen,kitchen,kitchen,kitchen,kitchen,living,entry,entry,bedroom,living,kitchen,living,kitchen,entry,entry,kitchen,kitchen,kitchen,kitchen,living,bathroom,kitchen,entry,bedroom,entry,kitchen,kitchen,bedroom,entry
33000,d22 Tue 22:00,kitchen,kitchen,kitchen,kitchen,kitchen,kitchen,living,entry,entry,bedroom,living,kitchen,living,kitchen,entry,entry,kitchen,kitchen,kitchen,kitchen,living,bathroom,kitchen,entry,bedroom,entry,kitchen,kitchen,bedroom,entry
33060,d22 Tue 23:00,kitchen,kitchen,kitchen,kitchen,kitchen,kitchen,living,entry,entry,bedroom,living,kitchen,living,kitchen,entry,entry,kitchen,kitchen,kitchen,kitchen,living,bathroom,kitchen,entry,bedroom,entry,kitchen,kitchen,bedroom,entry
33120,d23 Wed 00:00,kitchen,kitchen,kitchen,kitchen,kitchen,kitchen,living,entry,entry,bedroom,living,kitchen,living,kitchen,entry,entry,kitchen,kitchen,kitchen,kitchen,living,bathroom,kitchen,entry,bedroom,entry,kitchen,kitchen,bedroom,entry
33180,d23 Wed 01:00,kitchen,kitchen,kitchen,kitchen,kitchen,kitchen,living,entry,entry,bedroom,living,kitchen,living,kitchen,entry,entry,kitchen,kitchen,kitchen,kitchen,living,bathroom,kitchen,entry,bedroom,entry,kitchen,kitchen,bedroom,entry
33240,d23 Wed 02:00,kitchen,kitchen,kitchen,kitchen,kitchen,kitchen,living,entry,entry,bedroom,living,kitchen,living,kitchen,entry,entry,kitchen,kitchen,kitchen,kitchen,living,bathroom,kitchen,entry,bedroom,entry,kitchen,kitchen,bedroom,entry
33300,d23 Wed 03:00,kitchen,kitchen,kitchen,kitchen,kitchen,kitchen,living,entry,entry,bedroom,living,kitchen,living,kitchen,entry,entry,kitchen,kitchen,kitchen,kitchen,living,bathroom,kitchen,entry,bedroom,entry,kitchen,kitchen,bedroom,entry
33360,d23 Wed 04:00,kitchen,kitchen,kitchen,kitchen,kitchen,kitchen,living,entry,entry,bedroom,living,kitchen,living,kitchen,entry,entry,kitchen,kitchen,kitchen,kitchen,living,bathroom,kitchen,entry,bedroom,entry,kitchen,kitchen,bedroom,entry
33420,d23 Wed 05:00,kitchen,kitchen,kitchen,kitchen,kitchen,kitchen,living,entry,entry,bedroom,living,kitchen,living,kitchen,entry,entry,kitchen,kitchen,kitchen,kitchen,living,bathroom,kitchen,entry,bedroom,entry,kitchen,kitchen,bedroom,entry
33480,d23 Wed 06:00,kitchen,kitchen,kitchen,kitchen,kitchen,kitchen,living,entry,kitchen,bedroom,living,kitchen,living,kitchen,kitchen,entry,kitchen,kitchen,kitchen,kitchen,living,bathroom,kitchen,entry,bedroom,entry,kitchen,kitchen,bedroom,entry
33540,d23 Wed 07:00,living,kitchen,kitchen,kitchen,kitchen,kitchen,living,entry,kitchen,bedroom,living,kitchen,living,kitchen,kitchen,entry,kitchen,kitchen,kitchen,kitchen,living,bathroom,kitchen,entry,bedroom,entry,kitchen,kitchen,bedroom,entry
33600,d23 Wed 08:00,living,kitchen,kitchen,kitchen,outside,outside,living,outside,outside,outside,living,outside,living,outside,outside,outside,kitchen,outside,outside,kitchen,living,bathroom,kitchen,outside,bedroom,entry,kitchen,kitchen,outside,entry
33660,d23 Wed 09:00,living,kitchen,kitchen,kitchen,outside,outside,living,outside,outside,outside,living,outside,living,outside,outside,outside,kitchen,outside,outside,kitchen,living,bathroom,kitchen,outside,bedroom,entry,kitchen,kitchen,outside,entry
33720,d23 Wed 10:00,living,kitchen,kitchen,kitchen,kitchen,kitchen,kitchen,entry,kitchen,living,living,kitchen,living,kitchen,kitchen,entry,living,kitchen,bedroom,bathroom,living,bathroom,living,entry,kitchen,entry,kitchen,kitchen,bedroom,entry
33780,d23 Wed 11:00,living,kitchen,kitchen,kitchen,kitchen,kitchen,kitchen,entry,kitchen,living,living,kitchen,living,kitchen,kitchen,entry,living,kitchen,bedroom,bathroom,living,bathroom,living,entry,kitchen,entry,kitchen,kitchen,bedroom,entry
33840,d23 Wed 12:00,living,kitchen,kitchen,kitchen,kitchen,kitchen,kitchen,entry,kitchen,living,living,kitchen,living,kitchen,kitchen,entry,living,kitchen,bedroom,bathroom,living,bathroom,living,entry,kitchen,entry,kitchen,kitchen,bedroom,entry
33900,d23 Wed 13:00,kitchen,kitchen,kitchen,kitchen,kitchen,kitchen,kitchen,entry,kitchen,living,living,kitchen,living,kitchen,kitchen,entry,living,kitchen,bedroom,bathroom,living,bathroom,living,entry,kitchen,entry,kitchen,kitchen,bedroom,entry
33960,d23 Wed 14:00,kitchen,kitchen,kitchen,kitchen,kitchen,kitchen,kitchen,entry,kitchen,living,living,kitchen,living,kitchen,kitchen,entry,living,kitchen,bedroom,bathroom,living,bathroom,living,entry,kitchen,entry,kitchen,kitchen,bedroom,entry
34020,d23 Wed 15:00,kitchen,kitchen,kitchen,kitchen,kitchen,kitchen,kitchen,entry,kitchen,living,living,kitchen,living,kitchen,kitchen,entry,living,kitchen,kitchen,bathroom,living,bathroom,living,entry,kitchen,entry,kitchen,kitchen,bedroom,entry
34080,d23 Wed 16:00,living,kitchen,kitchen,kitchen,kitchen,kitchen,kitchen,entry,kitchen,living,living,kitchen,living,kitchen,kitchen,entry,living,kitchen,kitchen,bathroom,living,bathroom,living,entry,kitchen,entry,kitchen,kitchen,bedroom,entry
34140,d23 Wed 17:00,living,kitchen,kitchen,kitchen,kitchen,kitchen,kitchen,entry,kitchen,living,living,kitchen,living,kitchen,kitchen,entry,living,kitchen,kitchen,bathroom,living,bathroom,living,entry,kitchen,entry,kitchen,kitchen,bedroom,entry
34200,d23 Wed 18:00,living,kitchen,kitchen,kitchen,kitchen,kitchen,kitchen,entry,kitchen,living,living,kitchen,living,kitchen,kitchen,entry,living,kitchen,kitchen,bathroom,living,bathroom,living,entry,kitchen,entry,kitchen,kitchen,bedroom,entry
34260,d23 Wed 19:00,living,kitchen,kitchen,kitchen,kitchen,kitchen,kitchen,entry,kitchen,living,living,kitchen,living,kitchen,kitchen,entry,living,kitchen,kitchen,bathroom,living,bathroom,living,entry,kitchen,entry,kitchen,kitchen,bedroom,entry
34320,d23 Wed 20:00,living,kitchen,kitchen,kitchen,kitchen,kitchen,kitchen,entry,kitchen,living,living,kitchen,living,kitchen,kitchen,entry,living,kitchen,kitchen,bathroom,living,bathroom,living,entry,kitchen,entry,kitchen,kitchen,bedroom,entry
34380,d23 Wed 21:00,living,kitchen,kitchen,kitchen,kitchen,kitchen,kitchen,entry,kitchen,living,living,kitchen,living,kitchen,kitchen,entry,living,kitchen,kitchen,bathroom,living,bathroom,living,entry,kitchen,entry,kitchen,kitchen,bedroom,entry
34440,d23 Wed 22:00,living,kitchen,kitchen,kitchen,kitchen,kitchen,kitchen,entry,kitchen,living,living,kitchen,living,kitchen,kitchen,entry,living,kitchen,kitchen,bathroom,living,bathroom,living,entry,kitchen,entry,kitchen,kitchen,bedroom,entry
34500,d23 Wed 23:00,living,kitchen,kitchen,kitchen,kitchen,kitchen,kitchen,entry,kitchen,living,living,kitchen,living,kitchen,kitchen,entry,living,kitchen,kitchen,bathroom,living,bathroom,living,entry,kitchen,entry,kitchen,kitchen,bedroom,entry
34560,d24 Thu 00:00,living,kitchen,kitchen,kitchen,kitchen,kitchen,kitchen,entry,kitchen,living,living,kitchen,living,kitchen,kitchen,entry,living,kitchen,kitchen,bathroom,living,bathroom,living,entry,kitchen,entry,kitchen,kitchen,bedroom,entry
34620,d24 Thu 01:00,living,kitchen,kitchen,kitchen,kitchen,kitchen,kitchen,entry,kitchen,living,living,kitchen,living,kitchen,kitchen,entry,living,kitchen,kitchen,bathroom,living,bathroom,living,entry,kitchen,entry,kitchen,kitchen,bedroom,entry
34680,d24 Thu 02:00,living,kitchen,kitchen,kitchen,kitchen,kitchen,kitchen,entry,kitchen,living,living,kitchen,living,kitchen,kitchen,entry,living,kitchen,kitchen,bathroom,living,bathroom,living,entry,kitchen,entry,kitchen,kitchen,bedroom,entry
34740,d24 Thu 03:00,living,kitchen,kitchen,kitchen,kitchen,kitchen,kitchen,entry,kitchen,living,living,kitchen,living,kitchen,kitchen,entry,living,kitchen,kitchen,bathroom,living,bathroom,living,entry,kitchen,entry,kitchen,kitchen,bedroom,entry
34800,d24 Thu 04:00,living,kitchen,kitchen,kitchen,kitchen,kitchen,kitchen,entry,kitchen,living,living,kitchen,living,kitchen,kitchen,entry,living,kitchen,kitchen,bathroom,living,bathroom,living,entry,kitchen,entry,kitchen,kitchen,bedroom,entry
34860,d24 Thu 05:00,living,kitchen,kitchen,kitchen,kitchen,kitchen,kitchen,entry,kitchen,living,living,kitchen,living,kitchen,kitchen,entry,living,kitchen,kitchen,bathroom,living,bathroom,living,entry,kitchen,entry,kitchen,kitchen,bedroom,entry
34920,d24 Thu 06:00,kitchen,kitchen,kitchen,kitchen,kitchen,kitchen,kitchen,kitchen,kitchen,living,living,kitchen,living,kitchen,kitchen,entry,living,kitchen,kitchen,bathroom,living,bathroom,living,entry,kitchen,entry,kitchen,kitchen,bedroom,entry
34980,d24 Thu 07:00,kitchen,kitchen,kitchen,kitchen,kitchen,kitchen,kitchen,kitchen,kitchen,kitchen,kitchen,kitchen,living,kitchen,kitchen,kitchen,kitchen,kitchen,kitchen,kitchen,living,bathroom,kitchen,entry,kitchen,entry,kitchen,kitchen,bedroom,entry
35040,d24 Thu 08:00,living,kitchen,kitchen,kitchen,kitchen,kitchen,kitchen,kitchen,kitchen,kitchen,living,kitchen,living,kitchen,kitchen,kitchen,living,kitchen,kitchen,bathroom,living,bathroom,living,entry,bedroom,entry,kitchen,kitchen,bedroom,entry
35100,d24 Thu 09:00,living,kitchen,kitchen,kitchen,kitchen,kitchen,kitchen,kitchen,kitchen,kitchen,living,kitchen,living,kitchen,kitchen,kitchen,living,kitchen,kitchen,bathroom,living,bathroom,living,entry,bedroom,entry,kitchen,kitchen,bedroom,entry
35160,d24 Thu 10:00,living,kitchen,kitchen,kitchen,outside,outside,kitchen,outside,outside,outside,living,outside,living,outside,outside,outside,bedroom,outside,outside,bathroom,living,bathroom,living,outside,bedroom,entry,kitchen,kitchen,outside,entry
35220,d24 Thu 11:00,living,kitchen,kitchen,kitchen,kitchen,kitchen,kitchen,entry,bedroom,bedroom,living,kitchen,living,kitchen,kitchen,entry,bedroom,kitchen,bedroom,bathroom,living,bathroom,living,entry,bedroom,entry,kitchen,kitchen,bedroom,entry
35280,d24 Thu 12:00,living,kitchen,kitchen,kitchen,kitchen,kitchen,kitchen,entry,bedroom,bedroom,living,kitchen,living,kitchen,kitchen,entry,bedroom,kitchen,bedroom,bathroom,living,bathroom,living,entry,bedroom,entry,kitchen,kitchen,bedroom,entry
35340,d24 Thu 13:00,living,living,kitchen,kitchen,kitchen,kitchen,kitchen,entry,bedroom,bedroom,living,kitchen,living,kitchen,kitchen,entry,bedroom,kitchen,bedroom,bathroom,living,bathroom,living,entry,bedroom,entry,kitchen,kitchen,bedroom,entry
35400,d24 Thu 14:00,living,living,kitchen,kitchen,kitchen,kitchen,kitchen,entry,kitchen,bedroom,living,kitchen,living,kitchen,kitchen,entry,bedroom,kitchen,bedroom,bathroom,living,bathroom,living,entry,bedroom,entry,kitchen,kitchen,bedroom,entry
35460,d24 Thu 15:00,kitchen,kitchen,kitchen,kitchen,kitchen,kitchen,living,entry,kitchen,bedroom,living,kitchen,living,kitchen,kitchen,entry,bedroom,living,bedroom,bathroom,living,bathroom,living,entry,bedroom,entry,kitchen,kitchen,bedroom,entry
35520,d24 Thu 16:00,kitchen,kitchen,kitchen,kitchen,kitchen,kitchen,living,entry,kitchen,bedroom,living,kitchen,living,kitchen,kitchen,entry,bedroom,living,bedroom,bathroom,living,bathroom,living,entry,bedroom,entry,kitchen,kitchen,bedroom,entry
35580,d24 Thu 17:00,kitchen,kitchen,kitchen,kitchen,kitchen,kitchen,living,entry,kitchen,bedroom,living,kitchen,living,kitchen,kitchen,entry,bedroom,living,bedroom,bathroom,living,bathroom,living,entry,bedroom,entry,kitchen,kitchen,bedroom,entry
35640,d24 Thu 18:00,kitchen,kitchen,kitchen,kitchen,kitchen,kitchen,living,entry,kitchen,bedroom,living,kitchen,living,kitchen,kitchen,entry,bedroom,living,bedroom,bathroom,living,bathroom,living,entry,bedroom,entry,kitchen,kitchen,bedroom,entry
35700,d24 Thu 19:00,kitchen,kitchen,kitchen,kitchen,kitchen,kitchen,living,entry,kitchen,bedroom,living,kitchen,living,kitchen,kitchen,entry,bedroom,living,bedroom,bathroom,living,bathroom,living,entry,bedroom,entry,kitchen,kitchen,bedroom,entry
35760,d24 Thu 20:00,kitchen,kitchen,kitchen,kitchen,kitchen,kitchen,living,entry,kitchen,bedroom,living,kitchen,living,kitchen,kitchen,entry,bedroom,living,bedroom,bathroom,living,bathroom,living,entry,bedroom,entry,kitchen,kitchen,bedroom,entry
35820,d24 Thu 21:00,kitchen,kitchen,kitchen,kitchen,kitchen,kitchen,living,entry,kitchen,bedroom,living,kitchen,living,kitchen,kitchen,entry,bedroom,living,bedroom,bathroom,living,bathroom,living,entry,bedroom,entry,kitchen,kitchen,bedroom,entry
35880,d24 Thu 22:00,kitchen,kitchen,kitchen,kitchen,kitchen,kitchen,living,entry,kitchen,bedroom,living,kitchen,living,kitchen,kitchen,entry,bedroom,living,bedroom,bathroom,living,bathroom,living,entry,bedroom,entry,kitchen,kitchen,bedroom,entry
35940,d24 Thu 23:00,kitchen,kitchen,kitchen,kitchen,kitchen,kitchen,living,entry,kitchen,bedroom,living,kitchen,living,kitchen,kitchen,entry,bedroom,living,bedroom,bathroom,living,bathroom,living,entry,bedroom,entry,kitchen,kitchen,bedroom,entry
36000,d25 Fri 00:00,kitchen,kitchen,kitchen,kitchen,kitchen,kitchen,living,entry,kitchen,bedroom,living,kitchen,living,kitchen,kitchen,entry,bedroom,living,bedroom,bathroom,living,bathroom,living,entry,bedroom,entry,kitchen,kitchen,bedroom,entry
36060,d25 Fri 01:00,kitchen,kitchen,kitchen,kitchen,kitchen,kitchen,living,entry,kitchen,kitchen,living,kitchen,living,kitchen,kitchen,entry,bedroom,living,bedroom,bathroom,living,bathroom,living,entry,bedroom,entry,kitchen,kitchen,bedroom,entry
36120,d25 Fri 02:00,kitchen,kitchen,kitchen,kitchen,kitchen,kitchen,living,entry,kitchen,kitchen,living,kitchen,living,kitchen,kitchen,entry,bedroom,living,bedroom,bathroom,living,bathroom,living,entry,bedroom,entry,kitchen,kitchen,bedroom,entry
36180,d25 Fri 03:00,kitchen,kitchen,kitchen,kitchen,kitchen,kitchen,living,entry,kitchen,kitchen,living,kitchen,living,kitchen,kitchen,entry,bedroom,living,bedroom,bathroom,living,bathroom,living,entry,bedroom,entry,kitchen,kitchen,bedroom,entry
36240,d25 Fri 04:00,kitchen,kitchen,kitchen,kitchen,kitchen,kitchen,living,entry,kitchen,kitchen,living,kitchen,living,kitchen,kitchen,entry,bedroom,living,bedroom,bathroom,living,bathroom,living,entry,bedroom,entry,kitchen,kitchen,bedroom,entry
36300,d25 Fri 05:00,kitchen,kitchen,kitchen,kitchen,kitchen,kitchen,living,entry,kitchen,kitchen,living,kitchen,living,kitchen,kitchen,entry,bedroom,living,bedroom,bathroom,living,bathroom,living,entry,bedroom,entry,kitchen,kitchen,bedroom,entry
36360,d25 Fri 06:00,kitchen,kitchen,kitchen,kitchen,kitchen,kitchen,living,entry,kitchen,kitchen,living,kitchen,living,kitchen,kitchen,entry,bedroom,living,bedroom,kitchen,living,bathroom,living,entry,bedroom,entry,kitchen,kitchen,bedroom,entry
36420,d25 Fri 07:00,kitchen,kitchen,kitchen,kitchen,kitchen,kitchen,living,kitchen,kitchen,kitchen,living,kitchen,living,kitchen,kitchen,entry,bedroom,living,bedroom,kitchen,living,bathroom,kitchen,entry,bedroom,entry,kitchen,kitchen,bedroom,entry
36480,d25 Fri 08:00,kitchen,kitchen,kitchen,kitchen,kitchen,kitchen,living,kitchen,kitchen,kitchen,living,kitchen,living,kitchen,kitchen,entry,bedroom,living,bedroom,kitchen,living,bathroom,kitchen,entry,bedroom,entry,kitchen,kitchen,bedroom,entry
36540,d25 Fri 09:00,living,kitchen,kitchen,kitchen,kitchen,kitchen,living,kitchen,kitchen,kitchen,living,kitchen,living,kitchen,kitchen,entry,living,living,bedroom,kitchen,living,bathroom,kitchen,entry,bedroom,entry,kitchen,kitchen,bedroom,entry
36600,d25 Fri 10:00,living,kitchen,kitchen,kitchen,kitchen,kitchen,living,kitchen,kitchen,bedroom,living,kitchen,living,kitchen,kitchen,entry,living,living,bedroom,kitchen,living,bathroom,kitchen,entry,bedroom,entry,kitchen,kitchen,bedroom,entry
36660,d25 Fri 11:00,living,kitchen,kitchen,kitchen,kitchen,kitchen,living,kitchen,kitchen,bedroom,living,kitchen,living,kitchen,kitchen,entry,living,living,bedroom,kitchen,living,bathroom,kitchen,entry,bedroom,entry,kitchen,kitchen,bedroom,entry
36720,d25 Fri 12:00,living,kitchen,kitchen,kitchen,kitchen,kitchen,living,kitchen,kitchen,bedroom,living,kitchen,living,kitchen,kitchen,entry,living,living,bedroom,kitchen,living,bathroom,kitchen,entry,bedroom,entry,kitchen,kitchen,bedroom,entry
36780,d25 Fri 13:00,living,kitchen,kitchen,kitchen,outside,outside,living,outside,outside,outside,living,outside,living,outside,outside,outside,living,outside,outside,kitchen,living,bathroom,kitchen,outside,bedroom,entry,kitchen,kitchen,outside,entry
36840,d25 Fri 14:00,living,kitchen,kitchen,kitchen,kitchen,kitchen,living,entry,bedroom,living,living,kitchen,living,kitchen,kitchen,entry,living,kitchen,bedroom,kitchen,living,bathroom,kitchen,entry,bedroom,entry,kitchen,kitchen,bedroom,entry
36900,d25 Fri 15:00,living,kitchen,kitchen,kitchen,kitchen,kitchen,living,entry,bedroom,living,living,kitchen,living,kitchen,kitchen,entry,living,kitchen,bedroom,kitchen,living,bathroom,kitchen,entry,bedroom,entry,kitchen,kitchen,bedroom,entry
36960,d25 Fri 16:00,living,kitchen,kitchen,kitchen,kitchen,kitchen,living,entry,bedroom,living,living,kitchen,living,kitchen,kitchen,entry,living,living,bedroom,kitchen,living,bathroom,kitchen,entry,bedroom,entry,kitchen,kitchen,bedroom,entry
37020,d25 Fri 17:00,living,kitchen,kitchen,kitchen,kitchen,kitchen,living,entry,bedroom,living,living,kitchen,living,kitchen,kitchen,entry,living,living,bedroom,kitchen,living,bathroom,kitchen,entry,bedroom,entry,kitchen,kitchen,bedroom,entry
37080,d25 Fri 18:00,living,kitchen,kitchen,kitchen,kitchen,kitchen,living,entry,bedroom,living,living,kitchen,living,kitchen,kitchen,entry,living,living,bedroom,kitchen,living,bathroom,kitchen,entry,bedroom,entry,kitchen,kitchen,bedroom,entry
37140,d25 Fri 19:00,living,kitchen,kitchen,kitchen,kitchen,kitchen,living,entry,bedroom,living,living,kitchen,living,kitchen,kitchen,entry,living,living,bedroom,kitchen,living,bathroom,kitchen,entry,bedroom,entry,kitchen,kitchen,bedroom,entry
37200,d25 Fri 20:00,living,kitchen,kitchen,kitchen,kitchen,kitchen,living,entry,bedroom,living,living,kitchen,living,kitchen,kitchen,entry,living,living,bedroom,kitchen,living,bathroom,kitchen,entry,bedroom,entry,kitchen,kitchen,bedroom,entry
37260,d25 Fri 21:00,living,kitchen,kitchen,kitchen,kitchen,kitchen,living,entry,bedroom,living,living,kitchen,living,kitchen,kitchen,entry,living,living,bedroom,kitchen,living,bathroom,kitchen,entry,bedroom,entry,kitchen,kitchen,bedroom,entry
37320,d25 Fri 22:00,living,kitchen,kitchen,kitchen,kitchen,kitchen,living,entry,bedroom,living,living,kitchen,living,kitchen,kitchen,entry,living,living,bedroom,kitchen,living,bathroom,kitchen,entry,bedroom,entry,kitchen,kitchen,bedroom,entry
37380,d25 Fri 23:00,living,kitchen,kitchen,kitchen,kitchen,kitchen,living,entry,bedroom,living,living,kitchen,living,kitchen,kitchen,entry,living,living,bedroom,kitchen,living,bathroom,kitchen,entry,bedroom,entry,kitchen,kitchen,bedroom,entry
37440,d26 Sat 00:00,living,kitchen,kitchen,kitchen,kitchen,kitchen,living,entry,bedroom,living,living,kitchen,living,kitchen,kitchen,entry,living,living,bedroom,kitchen,living,bathroom,kitchen,entry,bedroom,entry,kitchen,kitchen,bedroom,entry
37500,d26 Sat 01:00,living,kitchen,kitchen,kitchen,kitchen,kitchen,living,entry,bedroom,living,living,kitchen,living,kitchen,kitchen,entry,living,living,bedroom,kitchen,living,bathroom,kitchen,entry,bedroom,entry,kitchen,kitchen,bedroom,entry
37560,d26 Sat 02:00,living,kitchen,kitchen,kitchen,kitchen,kitchen,living,entry,bedroom,living,living,kitchen,living,kitchen,kitchen,entry,living,living,bedroom,kitchen,living,bathroom,kitchen,entry,bedroom,entry,kitchen,kitchen,bedroom,entry
37620,d26 Sat 03:00,living,kitchen,kitchen,kitchen,kitchen,kitchen,living,entry,bedroom,living,living,kitchen,living,kitchen,kitchen,entry,living,living,bedroom,kitchen,living,bathroom,kitchen,entry,bedroom,entry,kitchen,kitchen,bedroom,entry
37680,d26 Sat 04:00,living,kitchen,kitchen,kitchen,kitchen,kitchen,living,entry,bedroom,living,living,kitchen,living,kitchen,kitchen,entry,living,living,bedroom,kitchen,living,bathroom,kitchen,entry,bedroom,entry,kitchen,kitchen,bedroom,entry
37740,d26 Sat 05:00,kitchen,kitchen,kitchen,kitchen,kitchen,kitchen,living,entry,bedroom,living,living,kitchen,living,kitchen,kitchen,entry,living,living,bedroom,kitchen,living,bathroom,kitchen,entry,bedroom,entry,kitchen,kitchen,bedroom,entry
37800,d26 Sat 06:00,living,kitchen,kitchen,kitchen,kitchen,kitchen,living,entry,bedroom,living,living,kitchen,living,kitchen,kitchen,entry,living,living,bedroom,kitchen,living,bathroom,kitchen,entry,bedroom,entry,kitchen,kitchen,bedroom,entry
37860,d26 Sat 07:00,living,kitchen,kitchen,kitchen,kitchen,kitchen,living,entry,bedroom,living,living,kitchen,living,kitchen,kitchen,entry,living,living,bedroom,kitchen,living,bathroom,kitchen,entry,bedroom,entry,kitchen,kitchen,bedroom,entry
37920,d26 Sat 08:00,living,kitchen,kitchen,kitchen,kitchen,kitchen,living,entry,entry,living,living,kitchen,living,kitchen,kitchen,entry,living,kitchen,bedroom,kitchen,living,bathroom,kitchen,entry,bedroom,entry,kitchen,kitchen,bedroom,entry
37980,d26 Sat 09:00,living,kitchen,kitchen,kitchen,kitchen,kitchen,living,entry,entry,living,living,kitchen,living,kitchen,kitchen,entry,living,kitchen,bedroom,kitchen,living,bathroom,kitchen,entry,bedroom,entry,kitchen,kitchen,bedroom,entry
38040,d26 Sat 10:00,living,kitchen,kitchen,kitchen,kitchen,kitchen,living,entry,entry,living,living,kitchen,living,kitchen,kitchen,entry,living,kitchen,bedroom,kitchen,living,bathroom,kitchen,entry,bedroom,entry,kitchen,kitchen,bedroom,entry
38100,d26 Sat 11:00,living,kitchen,kitchen,kitchen,kitchen,kitchen,living,entry,entry,living,living,kitchen,living,kitchen,kitchen,entry,bedroom,kitchen,bedroom,kitchen,living,bathroom,kitchen,entry,bedroom,entry,kitchen,kitchen,bedroom,entry
38160,d26 Sat 12:00,living,kitchen,kitchen,kitchen,kitchen,kitchen,living,entry,entry,living,living,kitchen,living,kitchen,kitchen,entry,bedroom,kitchen,bedroom,kitchen,living,bathroom,kitchen,entry,bedroom,entry,kitchen,kitchen,bedroom,entry
38220,d26 Sat 13:00,kitchen,kitchen,kitchen,kitchen,kitchen,kitchen,living,entry,entry,living,living,kitchen,living,kitchen,kitchen,entry,bedroom,kitchen,bedroom,kitchen,living,bathroom,kitchen,entry,bedroom,entry,kitchen,kitchen,bedroom,entry
38280,d26 Sat 14:00,kitchen,kitchen,kitchen,kitchen,kitchen,kitchen,living,kitchen,entry,living,living,kitchen,living,kitchen,kitchen,entry,bedroom,kitchen,bedroom,kitchen,living,bathroom,kitchen,entry,bedroom,entry,kitchen,kitchen,bedroom,entry
38340,d26 Sat 15:00,kitchen,kitchen,kitchen,kitchen,kitchen,kitchen,living,kitchen,entry,living,living,kitchen,living,kitchen,kitchen,entry,bedroom,kitchen,kitchen,kitchen,living,bathroom,kitchen,entry,bedroom,entry,kitchen,kitchen,bedroom,entry
38400,d26 Sat 16:00,kitchen,kitchen,kitchen,kitchen,kitchen,kitchen,living,kitchen,entry,living,living,kitchen,living,kitchen,kitchen,entry,bedroom,kitchen,kitchen,kitchen,living,bathroom,kitchen,entry,bedroom,entry,kitchen,kitchen,bedroom,entry
38460,d26 Sat 17:00,kitchen,kitchen,kitchen,kitchen,kitchen,kitchen,living,kitchen,entry,living,living,kitchen,living,kitchen,kitchen,entry,bedroom,kitchen,kitchen,kitchen,living,bathroom,kitchen,entry,bedroom,entry,kitchen,kitchen,bedroom,entry
38520,d26 Sat 18:00,kitchen,kitchen,kitchen,kitchen,kitchen,kitchen,living,kitchen,entry,living,living,kitchen,living,kitchen,kitchen,entry,bedroom,kitchen,kitchen,kitchen,living,bathroom,kitchen,entry,bedroom,entry,kitchen,kitchen,bedroom,entry
38580,d26 Sat 19:00,kitchen,kitchen,kitchen,kitchen,kitchen,kitchen,living,kitchen,entry,living,living,kitchen,living,kitchen,kitchen,entry,bedroom,kitchen,kitchen,kitchen,living,bathroom,kitchen,entry,bedroom,entry,kitchen,kitchen,bedroom,entry
38640,d26 Sat 20:00,kitchen,kitchen,kitchen,kitchen,kitchen,kitchen,living,kitchen,entry,living,living,kitchen,living,kitchen,kitchen,entry,bedroom,kitchen,kitchen,kitchen,living,bathroom,kitchen,entry,bedroom,entry,kitchen,kitchen,bedroom,entry
38700,d26 Sat 21:00,kitchen,kitchen,kitchen,kitchen,kitchen,kitchen,living,kitchen,entry,living,living,kitchen,living,kitchen,kitchen,entry,bedroom,kitchen,kitchen,kitchen,living,bathroom,kitchen,entry,bedroom,entry,kitchen,kitchen,bedroom,entry
38760,d26 Sat 22:00,kitchen,kitchen,kitchen,kitchen,kitchen,kitchen,living,kitchen,entry,living,living,kitchen,living,kitchen,kitchen,entry,bedroom,kitchen,kitchen,kitchen,living,bathroom,kitchen,entry,bedroom,entry,kitchen,kitchen,bedroom,entry
38820,d26 Sat 23:00,kitchen,kitchen,kitchen,kitchen,kitchen,kitchen,living,kitchen,entry,living,living,kitchen,living,kitchen,kitchen,entry,bedroom,kitchen,kitchen,kitchen,living,bathroom,kitchen,entry,bedroom,entry,kitchen,kitchen,bedroom,entry
38880,d27 Sun 00:00,kitchen,kitchen,kitchen,kitchen,kitchen,kitchen,living,kitchen,entry,living,living,kitchen,living,kitchen,kitchen,entry,bedroom,kitchen,kitchen,kitchen,living,bathroom,kitchen,entry,bedroom,entry,kitchen,kitchen,bedroom,entry
38940,d27 Sun 01:00,kitchen,kitchen,kitchen,kitchen,kitchen,kitchen,living,kitchen,entry,living,living,kitchen,living,kitchen,kitchen,entry,bedroom,kitchen,kitchen,kitchen,living,bathroom,kitchen,entry,bedroom,entry,kitchen,kitchen,bedroom,entry
39000,d27 Sun 02:00,kitchen,kitchen,kitchen,kitchen,kitchen,kitchen,living,kitchen,entry,living,living,kitchen,living,kitchen,kitchen,entry,bedroom,kitchen,kitchen,kitchen,living,bathroom,kitchen,entry,bedroom,entry,kitchen,kitchen,bedroom,entry
39060,d27 Sun 03:00,kitchen,kitchen,kitchen,kitchen,kitchen,kitchen,living,kitchen,entry,living,living,kitchen,living,kitchen,kitchen,entry,bedroom,kitchen,kitchen,kitchen,living,bathroom,kitchen,entry,bedroom,entry,kitchen,kitchen,bedroom,entry
39120,d27 Sun 04:00,kitchen,kitchen,kitchen,kitchen,kitchen,kitchen,living,kitchen,entry,living,living,kitchen,living,kitchen,kitchen,entry,bedroom,kitchen,kitchen,kitchen,living,bathroom,kitchen,entry,bedroom,entry,kitchen,kitchen,bedroom,entry
39180,d27 Sun 05:00,kitchen,kitchen,kitchen,kitchen,kitchen,kitchen,living,kitchen,entry,living,living,kitchen,living,kitchen,kitchen,entry,bedroom,kitchen,kitchen,kitchen,living,bathroom,kitchen,entry,bedroom,entry,kitchen,kitchen,bedroom,entry
39240,d27 Sun 06:00,kitchen,kitchen,kitchen,kitchen,kitchen,kitchen,living,kitchen,entry,living,living,kitchen,living,kitchen,kitchen,entry,bedroom,kitchen,kitchen,bathroom,living,bathroom,kitchen,entry,bedroom,entry,kitchen,kitchen,bedroom,entry
39300,d27 Sun 07:00,kitchen,kitchen,kitchen,kitchen,kitchen,kitchen,kitchen,kitchen,entry,living,kitchen,kitchen,living,kitchen,kitchen,entry,kitchen,kitchen,kitchen,kitchen,living,bathroom,kitchen,entry,kitchen,entry,kitchen,kitchen,bedroom,kitchen
39360,d27 Sun 08:00,living,kitchen,kitchen,kitchen,kitchen,kitchen,kitchen,kitchen,entry,living,living,kitchen,living,kitchen,kitchen,entry,living,kitchen,bedroom,bathroom,living,bathroom,living,entry,kitchen,entry,kitchen,kitchen,bedroom,kitchen
39420,d27 Sun 09:00,living,kitchen,kitchen,kitchen,kitchen,kitchen,kitchen,kitchen,entry,living,living,kitchen,living,kitchen,kitchen,entry,living,kitchen,bedroom,bathroom,living,bathroom,living,entry,kitchen,entry,kitchen,kitchen,bedroom,kitchen
39480,d27 Sun 10:00,living,kitchen,kitchen,kitchen,kitchen,kitchen,kitchen,kitchen,entry,bedroom,living,kitchen,living,kitchen,kitchen,entry,kitchen,kitchen,bedroom,bathroom,living,bathroom,living,entry,kitchen,entry,kitchen,kitchen,bedroom,kitchen
39540,d27 Sun 11:00,living,kitchen,kitchen,kitchen,kitchen,kitchen,kitchen,kitchen,entry,bedroom,living,kitchen,living,kitchen,kitchen,entry,kitchen,kitchen,bedroom,bathroom,living,bathroom,living,entry,kitchen,entry,kitchen,kitchen,bedroom,kitchen
39600,d27 Sun 12:00,living,kitchen,kitchen,kitchen,kitchen,kitchen,kitchen,kitchen,entry,kitchen,living,kitchen,living,kitchen,kitchen,entry,kitchen,kitchen,bedroom,bathroom,living,bathroom,living,entry,kitchen,entry,kitchen,kitchen,bedroom,kitchen
39660,d27 Sun 13:00,kitchen,kitchen,kitchen,kitchen,kitchen,kitchen,kitchen,kitchen,entry,kitchen,living,kitchen,living,kitchen,kitchen,entry,kitchen,kitchen,bedroom,bathroom,living,bathroom,living,entry,kitchen,entry,kitchen,kitchen,bedroom,kitchen
39720,d27 Sun 14:00,kitchen,kitchen,kitchen,kitchen,kitchen,kitchen,living,entry,entry,living,living,kitchen,living,kitchen,kitchen,entry,kitchen,kitchen,bedroom,bathroom,living,bathroom,living,entry,kitchen,entry,kitchen,kitchen,bedroom,kitchen
39780,d27 Sun 15:00,kitchen,kitchen,kitchen,kitchen,kitchen,kitchen,living,entry,entry,living,living,kitchen,living,kitchen,kitchen,entry,kitchen,kitchen,bedroom,bathroom,living,bathroom,living,entry,kitchen,entry,kitchen,kitchen,bedroom,kitchen
39840,d27 Sun 16:00,kitchen,kitchen,kitchen,kitchen,kitchen,kitchen,living,entry,entry,living,living,kitchen,living,kitchen,kitchen,entry,kitchen,kitchen,bedroom,bathroom,living,bathroom,living,entry,kitchen,entry,kitchen,kitchen,bedroom,kitchen
39900,d27 Sun 17:00,kitchen,kitchen,kitchen,kitchen,kitchen,kitchen,living,entry,entry,living,living,kitchen,living,kitchen,kitchen,entry,kitchen,kitchen,bedroom,bathroom,living,bathroom,living,entry,kitchen,entry,kitchen,kitchen,bedroom,kitchen
39960,d27 Sun 18:00,kitchen,kitchen,kitchen,kitchen,kitchen,kitchen,living,entry,entry,living,living,kitchen,living,kitchen,kitchen,entry,kitchen,kitchen,bedroom,bathroom,living,bathroom,living,entry,kitchen,entry,kitchen,kitchen,bedroom,kitchen
40020,d27 Sun 19:00,kitchen,kitchen,kitchen,kitchen,kitchen,kitchen,living,entry,entry,living,living,kitchen,living,kitchen,kitchen,entry,kitchen,kitchen,bedroom,bathroom,living,bathroom,living,entry,kitchen,entry,kitchen,kitchen,bedroom,kitchen
40080,d27 Sun 20:00,kitchen,kitchen,kitchen,kitchen,kitchen,kitchen,living,entry,entry,living,living,kitchen,living,kitchen,kitchen,entry,kitchen,kitchen,bedroom,bathroom,living,bathroom,living,entry,kitchen,entry,kitchen,kitchen,bedroom,kitchen
40140,d27 Sun 21:00,kitchen,kitchen,kitchen,kitchen,kitchen,kitchen,living,entry,entry,living,living,kitchen,living,kitchen,kitchen,entry,kitchen,kitchen,bedroom,bathroom,living,bathroom,living,entry,kitchen,entry,kitchen,kitchen,bedroom,kitchen
40200,d27 Sun 22:00,kitchen,kitchen,kitchen,kitchen,kitchen,kitchen,living,entry,entry,living,living,kitchen,living,kitchen,kitchen,entry,kitchen,kitchen,bedroom,bathroom,living,bathroom,living,entry,kitchen,entry,kitchen,kitchen,bedroom,kitchen
40260,d27 Sun 23:00,kitchen,kitchen,kitchen,kitchen,kitchen,kitchen,living,entry,entry,living,living,kitchen,living,kitchen,kitchen,entry,kitchen,kitchen,bedroom,bathroom,living,bathroom,living,entry,kitchen,entry,kitchen,kitchen,bedroom,kitchen
