t,stamp,laptop_mara,phone_mara,keys_mara,wallet_mara,backpack_mara,jacket_mara,headphones_mara,glasses_mara,charger_mara,notebook_mara,pen_mara,lunchbox_mara,water_bottle_mara,umbrella_mara,mug_mara,mug_shared_1,bowl_shared_1,bowl_shared_2,plate_shared_1,plate_shared_2,book_mara,tablet_mara,remote_shared_1,blanket_mara,yoga_mat_mara,towel_mara,laundry_basket_mara,vacuum_cleaner_shared_1,pot_shared_1,pan_shared_1,hairbrush_mara,makeup_kit_mara,medication_bottle_mara,suitcase_mara,watering_can_mara
0,d00 Mon 00:00,kitchen,bedroom,entry,entry,entry,entry,kitchen,kitchen,kitchen,kitchen,kitchen,kitchen,kitchen,entry,kitchen,kitchen,entry,kitchen,kitchen,kitchen,living,living,living,living,living,bathroom,bedroom,bedroom,kitchen,kitchen,bathroom,bathroom,bathroom,bedroom,kitchen
60,d00 Mon 01:00,kitchen,bedroom,entry,entry,entry,entry,kitchen,kitchen,kitchen,kitchen,kitchen,kitchen,kitchen,entry,kitchen,kitchen,entry,kitchen,kitchen,kitchen,living,living,living,living,living,bathroom,bedroom,bedroom,kitchen,kitchen,bathroom,bathroom,bathroom,bedroom,kitchen
120,d00 Mon 02:00,kitchen,bedroom,entry,entry,entry,entry,kitchen,kitchen,kitchen,kitchen,kitchen,kitchen,kitchen,entry,kitchen,kitchen,entry,kitchen,kitchen,kitchen,living,living,living,living,living,bathroom,bedroom,bedroom,kitchen,kitchen,bathroom,bathroom,bathroom,bedroom,kitchen
180,d00 Mon 03:00,kitchen,bedroom,entry,entry,entry,entry,kitchen,kitchen,kitchen,kitchen,kitchen,kitchen,kitchen,entry,kitchen,kitchen,entry,kitchen,kitchen,kitchen,living,living,living,living,living,bathroom,bedroom,bedroom,kitchen,kitchen,bathroom,bathroom,bathroom,bedroom,kitchen
240,d00 Mon 04:00,kitchen,bedroom,entry,entry,entry,entry,kitchen,kitchen,kitchen,kitchen,kitchen,kitchen,kitchen,entry,kitchen,kitchen,entry,kitchen,kitchen,kitchen,living,living,living,living,living,bathroom,bedroom,bedroom,kitchen,kitchen,bathroom,bathroom,bathroom,bedroom,kitchen
300,d00 Mon 05:00,kitchen,bedroom,entry,entry,entry,entry,kitchen,kitchen,kitchen,kitchen,kitchen,kitchen,kitchen,entry,kitchen,kitchen,entry,kitchen,kitchen,kitchen,living,living,kitchen,living,living,bathroom,bedroom,bedroom,kitchen,kitchen,bathroom,bathroom,bathroom,bedroom,kitchen
360,d00 Mon 06:00,kitchen,bedroom,entry,entry,entry,entry,kitchen,kitchen,kitchen,kitchen,kitchen,kitchen,kitchen,entry,kitchen,kitchen,entry,kitchen,kitchen,kitchen,living,living,kitchen,living,living,bathroom,bedroom,bedroom,kitchen,kitchen,bathroom,kitchen,kitchen,bedroom,kitchen
420,d00 Mon 07:00,outside,outside,outside,outside,outside,outside,outside,kitchen,outside,outside,kitchen,outside,outside,outside,kitchen,kitchen,entry,kitchen,kitchen,kitchen,outside,outside,kitchen,living,outside,outside,outside,bedroom,kitchen,kitchen,bathroom,outside,kitchen,outside,kitchen
480,d00 Mon 08:00,outside,outside,outside,outside,outside,outside,outside,kitchen,outside,outside,kitchen,outside,outside,outside,kitchen,kitchen,entry,kitchen,kitchen,kitchen,outside,outside,kitchen,living,outside,outside,outside,bedroom,kitchen,kitchen,bathroom,outside,kitchen,outside,kitchen
540,d00 Mon 09:00,outside,outside,outside,outside,outside,outside,outside,kitchen,outside,outside,kitchen,outside,outside,outside,kitchen,kitchen,entry,kitchen,kitchen,kitchen,outside,outside,kitchen,living,outside,outside,outside,bedroom,kitchen,kitchen,bathroom,outside,kitchen,outside,kitchen
600,d00 Mon 10:00,outside,outside,outside,outside,outside,outside,outside,kitchen,outside,outside,kitchen,outside,outside,outside,kitchen,kitchen,entry,kitchen,kitchen,kitchen,outside,outside,kitchen,living,outside,outside,outside,bedroom,kitchen,kitchen,bathroom,outside,kitchen,outside,kitchen
660,d00 Mon 11:00,outside,outside,outside,outside,outside,outside,outside,kitchen,outside,outside,kitchen,outside,outside,outside,kitchen,kitchen,entry,kitchen,kitchen,kitchen,outside,outside,kitchen,living,outside,outside,outside,bedroom,kitchen,kitchen,bathroom,outside,kitchen,outside,kitchen
720,d00 Mon 12:00,outside,outside,outside,outside,outside,outside,outside,kitchen,outside,outside,kitchen,outside,outside,outside,kitchen,kitchen,entry,kitchen,kitchen,kitchen,outside,outside,kitchen,living,outside,outside,outside,bedroom,kitchen,kitchen,bathroom,outside,kitchen,outside,kitchen
780,d00 Mon 13:00,outside,outside,outside,outside,outside,outside,outside,kitchen,outside,outside,kitchen,outside,outside,outside,kitchen,kitchen,entry,kitchen,kitchen,kitchen,outside,outside,kitchen,living,outside,outside,outside,bedroom,kitchen,kitchen,bathroom,outside,kitchen,outside,kitchen
840,d00 Mon 14:00,outside,outside,outside,outside,outside,outside,outside,kitchen,outside,outside,kitchen,outside,outside,outside,kitchen,kitchen,entry,kitchen,kitchen,kitchen,outside,outside,kitchen,living,outside,outside,outside,bedroom,kitchen,kitchen,bathroom,outside,kitchen,outside,kitchen
900,d00 Mon 15:00,outside,outside,outside,outside,outside,outside,outside,kitchen,outside,outside,kitchen,outside,outside,outside,kitchen,kitchen,entry,kitchen,kitchen,kitchen,outside,outside,kitchen,living,outside,outside,outside,bedroom,kitchen,kitchen,bathroom,outside,kitchen,outside,kitchen
960,d00 Mon 16:00,outside,outside,outside,outside,outside,outside,outside,kitchen,outside,outside,kitchen,outside,outside,outside,kitchen,kitchen,entry,kitchen,kitchen,kitchen,outside,outside,kitchen,living,outside,outside,outside,bedroom,kitchen,kitchen,bathroom,outside,kitchen,outside,kitchen
1020,d00 Mon 17:00,kitchen,bedroom,entry,entry,entry,kitchen,kitchen,kitchen,kitchen,kitchen,kitchen,kitchen,kitchen,entry,kitchen,kitchen,entry,kitchen,kitchen,kitchen,kitchen,living,kitchen,living,kitchen,bathroom,bedroom,bedroom,kitchen,kitchen,bathroom,bathroom,kitchen,bedroom,kitchen
1080,d00 Mon 18:00,kitchen,bedroom,entry,entry,kitchen,kitchen,kitchen,kitchen,kitchen,kitchen,kitchen,kitchen,kitchen,entry,kitchen,kitchen,entry,kitchen,kitchen,kitchen,kitchen,living,kitchen,living,kitchen,bathroom,bedroom,bedroom,kitchen,kitchen,bathroom,bathroom,kitchen,bedroom,kitchen
1140,d00 Mon 19:00,kitchen,bedroom,entry,entry,kitchen,kitchen,kitchen,kitchen,kitchen,kitchen,kitchen,kitchen,kitchen,entry,kitchen,kitchen,entry,kitchen,kitchen,kitchen,kitchen,living,kitchen,living,kitchen,bathroom,bedroom,bedroom,kitchen,kitchen,bathroom,bathroom,kitchen,bedroom,kitchen
1200,d00 Mon 20:00,kitchen,bedroom,entry,entry,kitchen,kitchen,kitchen,kitchen,kitchen,kitchen,kitchen,kitchen,kitchen,entry,kitchen,kitchen,entry,kitchen,kitchen,kitchen,kitchen,living,kitchen,living,kitchen,bathroom,bedroom,bedroom,kitchen,kitchen,bathroom,bathroom,kitchen,bedroom,kitchen
1260,d00 Mon 21:00,kitchen,bedroom,entry,entry,kitchen,kitchen,kitchen,kitchen,kitchen,kitchen,kitchen,kitchen,kitchen,entry,kitchen,kitchen,entry,kitchen,kitchen,kitchen,kitchen,living,kitchen,living,kitchen,bathroom,bedroom,bedroom,kitchen,kitchen,bathroom,bathroom,kitchen,bedroom,kitchen
1320,d00 Mon 22:00,kitchen,bedroom,entry,entry,kitchen,kitchen,kitchen,kitchen,kitchen,kitchen,kitchen,kitchen,kitchen,entry,kitchen,kitchen,entry,kitchen,kitchen,kitchen,kitchen,living,kitchen,living,kitchen,bathroom,bedroom,bedroom,kitchen,kitchen,bathroom,bathroom,kitchen,bedroom,kitchen
1380,d00 Mon 23:00,kitchen,bedroom,entry,entry,kitchen,kitchen,kitchen,kitchen,kitchen,kitchen,kitchen,kitchen,kitchen,entry,kitchen,kitchen,entry,kitchen,kitchen,kitchen,kitchen,living,kitchen,living,kitchen,bathroom,bedroom,bedroom,kitchen,kitchen,bathroom,bathroom,kitchen,bedroom,kitchen
1440,d01 Tue 00:00,kitchen,bedroom,entry,entry,kitchen,kitchen,bedroom,kitchen,bedroom,bedroom,kitchen,kitchen,kitchen,entry,kitchen,kitchen,entry,kitchen,kitchen,kitchen,bedroom,living,kitchen,living,bedroom,bathroom,bedroom,bedroom,kitchen,kitchen,bathroom,bathroom,kitchen,bedroom,kitchen
1500,d01 Tue 01:00,kitchen,bedroom,entry,entry,kitchen,kitchen,bedroom,kitchen,bedroom,bedroom,kitchen,kitchen,kitchen,entry,kitchen,kitchen,entry,kitchen,kitchen,kitchen,bedroom,living,kitchen,living,bedroom,bathroom,bedroom,bedroom,kitchen,kitchen,bathroom,bathroom,kitchen,bedroom,kitchen
1560,d01 Tue 02:00,kitchen,bedroom,entry,entry,kitchen,kitchen,bedroom,kitchen,bedroom,bedroom,kitchen,kitchen,kitchen,entry,kitchen,kitchen,entry,kitchen,kitchen,kitchen,bedroom,living,kitchen,living,bedroom,bathroom,bedroom,bedroom,kitchen,kitchen,bathroom,bathroom,kitchen,bedroom,kitchen
1620,d01 Tue 03:00,kitchen,bedroom,entry,entry,kitchen,kitchen,bedroom,kitchen,bedroom,bedroom,kitchen,kitchen,kitchen,entry,kitchen,kitchen,entry,kitchen,kitchen,kitchen,bedroom,living,kitchen,living,bedroom,bathroom,bedroom,bedroom,kitchen,kitchen,bathroom,bathroom,kitchen,bedroom,kitchen
1680,d01 Tue 04:00,kitchen,bedroom,entry,entry,kitchen,kitchen,bedroom,kitchen,bedroom,bedroom,kitchen,kitchen,kitchen,entry,kitchen,kitchen,entry,kitchen,kitchen,kitchen,bedroom,living,kitchen,living,bedroom,bathroom,bedroom,bedroom,kitchen,kitchen,bathroom,bathroom,kitchen,bedroom,kitchen
1740,d01 Tue 05:00,kitchen,bedroom,entry,entry,kitchen,kitchen,bedroom,kitchen,bedroom,bedroom,kitchen,kitchen,kitchen,entry,kitchen,kitchen,entry,kitchen,kitchen,kitchen,bedroom,living,kitchen,living,bedroom,bathroom,bedroom,bedroom,kitchen,kitchen,bathroom,bathroom,kitchen,bedroom,kitchen
1800,d01 Tue 06:00,kitchen,bedroom,kitchen,entry,kitchen,kitchen,kitchen,kitchen,kitchen,kitchen,kitchen,kitchen,kitchen,entry,kitchen,kitchen,entry,kitchen,kitchen,kitchen,kitchen,living,kitchen,living,kitchen,bathroom,bedroom,bedroom,kitchen,kitchen,bathroom,bathroom,kitchen,bedroom,kitchen
1860,d01 Tue 07:00,outside,outside,outside,outside,outside,outside,outside,kitchen,outside,outside,kitchen,outside,outside,outside,kitchen,kitchen,entry,kitchen,kitchen,kitchen,outside,outside,kitchen,living,outside,outside,outside,bedroom,kitchen,kitchen,bathroom,outside,kitchen,outside,kitchen
1920,d01 Tue 08:00,outside,outside,outside,outside,outside,outside,outside,kitchen,outside,outside,kitchen,outside,outside,outside,kitchen,kitchen,entry,kitchen,kitchen,kitchen,outside,outside,kitchen,living,outside,outside,outside,bedroom,kitchen,kitchen,bathroom,outside,kitchen,outside,kitchen
1980,d01 Tue 09:00,outside,outside,outside,outside,outside,outside,outside,kitchen,outside,outside,kitchen,outside,outside,outside,kitchen,kitchen,entry,kitchen,kitchen,kitchen,outside,outside,kitchen,living,outside,outside,outside,bedroom,kitchen,kitchen,bathroom,outside,kitchen,outside,kitchen
2040,d01 Tue 10:00,outside,outside,outside,outside,outside,outside,outside,kitchen,outside,outside,kitchen,outside,outside,outside,kitchen,kitchen,entry,kitchen,kitchen,kitchen,outside,outside,kitchen,living,outside,outside,outside,bedroom,kitchen,kitchen,bathroom,outside,kitchen,outside,kitchen
2100,d01 Tue 11:00,outside,outside,outside,outside,outside,outside,outside,kitchen,outside,outside,kitchen,outside,outside,outside,kitchen,kitchen,entry,kitchen,kitchen,kitchen,outside,outside,kitchen,living,outside,outside,outside,bedroom,kitchen,kitchen,bathroom,outside,kitchen,outside,kitchen
2160,d01 Tue 12:00,outside,outside,outside,outside,outside,outside,outside,kitchen,outside,outside,kitchen,outside,outside,outside,kitchen,kitchen,entry,kitchen,kitchen,kitchen,outside,outside,kitchen,living,outside,outside,outside,bedroom,kitchen,kitchen,bathroom,outside,kitchen,outside,kitchen
2220,d01 Tue 13:00,outside,outside,outside,outside,outside,outside,outside,kitchen,outside,outside,kitchen,outside,outside,outside,kitchen,kitchen,entry,kitchen,kitchen,kitchen,outside,outside,kitchen,living,outside,outside,outside,bedroom,kitchen,kitchen,bathroom,outside,kitchen,outside,kitchen
2280,d01 Tue 14:00,outside,outside,outside,outside,outside,outside,outside,kitchen,outside,outside,kitchen,outside,outside,outside,kitchen,kitchen,entry,kitchen,kitchen,kitchen,outside,outside,kitchen,living,outside,outside,outside,bedroom,kitchen,kitchen,bathroom,outside,kitchen,outside,kitchen
2340,d01 Tue 15:00,outside,outside,outside,outside,outside,outside,outside,kitchen,outside,outside,kitchen,outside,outside,outside,kitchen,kitchen,entry,kitchen,kitchen,kitchen,outside,outside,kitchen,living,outside,outside,outside,bedroom,kitchen,kitchen,bathroom,outside,kitchen,outside,kitchen
2400,d01 Tue 16:00,outside,outside,outside,outside,outside,outside,outside,kitchen,outside,outside,kitchen,outside,outside,outside,kitchen,kitchen,entry,kitchen,kitchen,kitchen,outside,outside,kitchen,living,outside,outside,outside,bedroom,kitchen,kitchen,bathroom,outside,kitchen,outside,kitchen
2460,d01 Tue 17:00,outside,outside,outside,outside,outside,outside,outside,kitchen,outside,outside,kitchen,outside,outside,outside,kitchen,kitchen,entry,kitchen,kitchen,kitchen,outside,outside,kitchen,living,outside,outside,outside,bedroom,kitchen,kitchen,bathroom,outside,kitchen,outside,kitchen
2520,d01 Tue 18:00,outside,outside,outside,outside,outside,outside,outside,kitchen,outside,outside,kitchen,outside,outside,outside,kitchen,kitchen,entry,kitchen,kitchen,kitchen,outside,outside,kitchen,living,outside,outside,outside,bedroom,kitchen,kitchen,bathroom,outside,kitchen,outside,kitchen
2580,d01 Tue 19:00,kitchen,bedroom,entry,entry,entry,entry,kitchen,kitchen,kitchen,kitchen,kitchen,kitchen,kitchen,entry,kitchen,kitchen,entry,kitchen,kitchen,kitchen,living,living,kitchen,living,kitchen,bathroom,bedroom,bedroom,kitchen,kitchen,bathroom,bathroom,kitchen,bedroom,kitchen
2640,d01 Tue 20:00,kitchen,bedroom,entry,entry,entry,entry,kitchen,kitchen,kitchen,kitchen,kitchen,kitchen,kitchen,entry,kitchen,kitchen,entry,kitchen,kitchen,kitchen,living,living,kitchen,living,kitchen,bathroom,bedroom,bedroom,kitchen,kitchen,bathroom,bathroom,kitchen,bedroom,kitchen
2700,d01 Tue 21:00,kitchen,bedroom,entry,entry,entry,entry,kitchen,kitchen,kitchen,kitchen,kitchen,kitchen,kitchen,entry,kitchen,kitchen,entry,kitchen,kitchen,kitchen,living,living,kitchen,living,kitchen,bathroom,bedroom,bedroom,kitchen,kitchen,bathroom,bathroom,kitchen,bedroom,kitchen
2760,d01 Tue 22:00,kitchen,bedroom,entry,entry,entry,entry,kitchen,kitchen,kitchen,kitchen,kitchen,kitchen,kitchen,entry,kitchen,kitchen,entry,kitchen,kitchen,kitchen,living,living,kitchen,living,kitchen,bathroom,bedroom,bedroom,kitchen,kitchen,bathroom,bathroom,kitchen,bedroom,kitchen
2820,d01 Tue 23:00,kitchen,bedroom,entry,entry,entry,entry,kitchen,kitchen,kitchen,kitchen,kitchen,kitchen,kitchen,entry,kitchen,kitchen,entry,kitchen,kitchen,kitchen,living,living,kitchen,living,kitchen,bathroom,bedroom,bedroom,kitchen,kitchen,bathroom,bathroom,kitchen,bedroom,kitchen
2880,d02 Wed 00:00,kitchen,bedroom,entry,entry,entry,entry,kitchen,kitchen,kitchen,kitchen,kitchen,kitchen,kitchen,entry,kitchen,kitchen,entry,kitchen,kitchen,kitchen,living,living,kitchen,living,bedroom,bathroom,bedroom,bedroom,kitchen,kitchen,bathroom,bathroom,kitchen,bedroom,kitchen
2940,d02 Wed 01:00,kitchen,bedroom,entry,entry,entry,entry,kitchen,kitchen,kitchen,kitchen,kitchen,kitchen,kitchen,entry,kitchen,kitchen,entry,kitchen,kitchen,kitchen,living,living,kitchen,living,bedroom,bathroom,bedroom,bedroom,kitchen,kitchen,bathroom,bathroom,kitchen,bedroom,kitchen
3000,d02 Wed 02:00,kitchen,bedroom,entry,entry,entry,entry,kitchen,kitchen,kitchen,kitchen,kitchen,kitchen,kitchen,entry,kitchen,kitchen,entry,kitchen,kitchen,kitchen,living,living,kitchen,living,bedroom,bathroom,bedroom,bedroom,kitchen,kitchen,bathroom,bathroom,kitchen,bedroom,kitchen
3060,d02 Wed 03:00,kitchen,bedroom,entry,entry,entry,entry,kitchen,kitchen,kitchen,kitchen,kitchen,kitchen,kitchen,entry,kitchen,kitchen,entry,kitchen,kitchen,kitchen,living,living,kitchen,living,bedroom,bathroom,bedroom,bedroom,kitchen,kitchen,bathroom,bathroom,kitchen,bedroom,kitchen
3120,d02 Wed 04:00,kitchen,bedroom,entry,entry,entry,entry,kitchen,kitchen,kitchen,kitchen,kitchen,kitchen,kitchen,entry,kitchen,kitchen,entry,kitchen,kitchen,kitchen,living,living,kitchen,living,bedroom,bathroom,bedroom,bedroom,kitchen,kitchen,bathroom,bathroom,kitchen,bedroom,kitchen
3180,d02 Wed 05:00,kitchen,bedroom,entry,entry,entry,entry,kitchen,kitchen,kitchen,kitchen,kitchen,kitchen,kitchen,entry,kitchen,kitchen,entry,kitchen,kitchen,kitchen,living,living,kitchen,living,bedroom,bathroom,bedroom,bedroom,kitchen,kitchen,bathroom,bathroom,kitchen,bedroom,kitchen
3240,d02 Wed 06:00,kitchen,kitchen,entry,kitchen,entry,kitchen,kitchen,kitchen,kitchen,kitchen,kitchen,kitchen,kitchen,entry,kitchen,kitchen,entry,kitchen,kitchen,kitchen,living,living,kitchen,living,kitchen,bathroom,bedroom,bedroom,kitchen,kitchen,kitchen,kitchen,kitchen,bedroom,kitchen
3300,d02 Wed 07:00,kitchen,kitchen,entry,kitchen,kitchen,kitchen,kitchen,kitchen,kitchen,kitchen,kitchen,kitchen,kitchen,entry,kitchen,kitchen,entry,kitchen,kitchen,kitchen,living,living,kitchen,living,outside,bathroom,bedroom,bedroom,kitchen,kitchen,kitchen,kitchen,kitchen,bedroom,kitchen
3360,d02 Wed 08:00,outside,outside,outside,outside,outside,outside,outside,kitchen,outside,outside,kitchen,outside,outside,outside,kitchen,kitchen,entry,kitchen,kitchen,kitchen,outside,outside,kitchen,living,outside,outside,outside,bedroom,kitchen,kitchen,kitchen,outside,kitchen,outside,kitchen
3420,d02 Wed 09:00,outside,outside,outside,outside,outside,outside,outside,kitchen,outside,outside,kitchen,outside,outside,outside,kitchen,kitchen,entry,kitchen,kitchen,kitchen,outside,outside,kitchen,living,outside,outside,outside,bedroom,kitchen,kitchen,kitchen,outside,kitchen,outside,kitchen
3480,d02 Wed 10:00,outside,outside,outside,outside,outside,outside,outside,kitchen,outside,outside,kitchen,outside,outside,outside,kitchen,kitchen,entry,kitchen,kitchen,kitchen,outside,outside,kitchen,living,outside,outside,outside,bedroom,kitchen,kitchen,kitchen,outside,kitchen,outside,kitchen
3540,d02 Wed 11:00,outside,outside,outside,outside,outside,outside,outside,kitchen,outside,outside,kitchen,outside,outside,outside,kitchen,kitchen,entry,kitchen,kitchen,kitchen,outside,outside,kitchen,living,outside,outside,outside,bedroom,kitchen,kitchen,kitchen,outside,kitchen,outside,kitchen
3600,d02 Wed 12:00,outside,outside,outside,outside,outside,outside,outside,kitchen,outside,outside,kitchen,outside,outside,outside,kitchen,kitchen,entry,kitchen,kitchen,kitchen,outside,outside,kitchen,living,outside,outside,outside,bedroom,kitchen,kitchen,kitchen,outside,kitchen,outside,kitchen
3660,d02 Wed 13:00,outside,outside,outside,outside,outside,outside,outside,kitchen,outside,outside,kitchen,outside,outside,outside,kitchen,kitchen,entry,kitchen,kitchen,kitchen,outside,outside,kitchen,living,outside,outside,outside,bedroom,kitchen,kitchen,kitchen,outside,kitchen,outside,kitchen
3720,d02 Wed 14:00,outside,outside,outside,outside,outside,outside,outside,kitchen,outside,outside,kitchen,outside,outside,outside,kitchen,kitchen,entry,kitchen,kitchen,kitchen,outside,outside,kitchen,living,outside,outside,outside,bedroom,kitchen,kitchen,kitchen,outside,kitchen,outside,kitchen
3780,d02 Wed 15:00,outside,outside,outside,outside,outside,outside,outside,kitchen,outside,outside,kitchen,outside,outside,outside,kitchen,kitchen,entry,kitchen,kitchen,kitchen,outside,outside,kitchen,living,outside,outside,outside,bedroom,kitchen,kitchen,kitchen,outside,kitchen,outside,kitchen
3840,d02 Wed 16:00,kitchen,entry,entry,kitchen,entry,entry,kitchen,kitchen,bathroom,kitchen,kitchen,kitchen,kitchen,entry,kitchen,kitchen,entry,kitchen,kitchen,kitchen,bathroom,living,kitchen,living,living,bathroom,bedroom,bedroom,kitchen,kitchen,kitchen,bathroom,kitchen,bedroom,kitchen
3900,d02 Wed 17:00,kitchen,entry,entry,kitchen,entry,entry,kitchen,kitchen,bathroom,kitchen,kitchen,kitchen,kitchen,entry,kitchen,kitchen,entry,kitchen,kitchen,kitchen,bathroom,living,kitchen,living,living,bathroom,bedroom,bedroom,kitchen,kitchen,kitchen,bathroom,kitchen,bedroom,kitchen
3960,d02 Wed 18:00,kitchen,entry,entry,kitchen,kitchen,entry,kitchen,living,living,kitchen,kitchen,kitchen,kitchen,entry,kitchen,kitchen,entry,kitchen,kitchen,kitchen,living,living,kitchen,living,living,bathroom,bedroom,bedroom,kitchen,kitchen,kitchen,kitchen,kitchen,bedroom,kitchen
4020,d02 Wed 19:00,kitchen,entry,entry,kitchen,kitchen,entry,kitchen,living,living,kitchen,kitchen,kitchen,kitchen,entry,living,kitchen,entry,kitchen,kitchen,kitchen,living,living,kitchen,living,living,bathroom,bedroom,bedroom,kitchen,kitchen,kitchen,kitchen,kitchen,bedroom,kitchen
4080,d02 Wed 20:00,kitchen,entry,entry,kitchen,kitchen,entry,kitchen,living,living,kitchen,kitchen,kitchen,kitchen,entry,living,kitchen,entry,kitchen,kitchen,kitchen,living,living,kitchen,living,living,bathroom,bedroom,bedroom,kitchen,kitchen,kitchen,kitchen,kitchen,bedroom,kitchen
4140,d02 Wed 21:00,kitchen,entry,entry,kitchen,kitchen,entry,kitchen,living,living,kitchen,kitchen,kitchen,kitchen,entry,living,kitchen,entry,kitchen,kitchen,kitchen,living,living,kitchen,living,living,bathroom,bedroom,bedroom,kitchen,kitchen,kitchen,kitchen,kitchen,bedroom,kitchen
4200,d02 Wed 22:00,kitchen,entry,entry,kitchen,kitchen,entry,kitchen,living,living,kitchen,kitchen,kitchen,kitchen,entry,living,kitchen,entry,kitchen,kitchen,kitchen,living,living,kitchen,living,living,bathroom,bedroom,bedroom,kitchen,kitchen,kitchen,kitchen,kitchen,bedroom,kitchen
4260,d02 Wed 23:00,kitchen,entry,entry,kitchen,kitchen,entry,kitchen,living,living,kitchen,kitchen,kitchen,kitchen,entry,living,kitchen,entry,kitchen,kitchen,kitchen,living,living,kitchen,living,living,bathroom,bedroom,bedroom,kitchen,kitchen,kitchen,kitchen,kitchen,bedroom,kitchen
4320,d03 Thu 00:00,kitchen,entry,entry,kitchen,kitchen,entry,kitchen,living,living,kitchen,kitchen,kitchen,kitchen,entry,living,kitchen,entry,kitchen,kitchen,kitchen,living,living,kitchen,living,living,bathroom,bedroom,bedroom,kitchen,kitchen,kitchen,kitchen,kitchen,bedroom,kitchen
4380,d03 Thu 01:00,kitchen,entry,entry,kitchen,kitchen,entry,kitchen,living,bedroom,kitchen,kitchen,kitchen,kitchen,entry,living,kitchen,entry,kitchen,kitchen,kitchen,bedroom,living,kitchen,living,living,bathroom,bedroom,bedroom,kitchen,kitchen,kitchen,kitchen,kitchen,bedroom,kitchen
4440,d03 Thu 02:00,kitchen,entry,entry,kitchen,kitchen,entry,kitchen,living,bedroom,kitchen,kitchen,kitchen,kitchen,entry,living,kitchen,entry,kitchen,kitchen,kitchen,bedroom,living,kitchen,living,living,bathroom,bedroom,bedroom,kitchen,kitchen,kitchen,kitchen,kitchen,bedroom,kitchen
4500,d03 Thu 03:00,kitchen,entry,entry,kitchen,kitchen,entry,kitchen,living,bedroom,kitchen,kitchen,kitchen,kitchen,entry,living,kitchen,entry,kitchen,kitchen,kitchen,bedroom,living,kitchen,living,living,bathroom,bedroom,bedroom,kitchen,kitchen,kitchen,kitchen,kitchen,bedroom,kitchen
4560,d03 Thu 04:00,kitchen,entry,entry,kitchen,kitchen,entry,kitchen,living,bedroom,kitchen,kitchen,kitchen,kitchen,entry,living,kitchen,entry,kitchen,kitchen,kitchen,bedroom,living,kitchen,living,living,bathroom,bedroom,bedroom,kitchen,kitchen,kitchen,kitchen,kitchen,bedroom,kitchen
4620,d03 Thu 05:00,kitchen,entry,entry,kitchen,kitchen,entry,kitchen,living,bedroom,kitchen,kitchen,kitchen,kitchen,entry,living,kitchen,entry,kitchen,kitchen,kitchen,bedroom,living,kitchen,living,living,bathroom,bedroom,bedroom,kitchen,kitchen,kitchen,kitchen,kitchen,bedroom,kitchen
4680,d03 Thu 06:00,kitchen,bedroom,entry,kitchen,kitchen,entry,kitchen,living,bathroom,kitchen,kitchen,kitchen,kitchen,entry,living,kitchen,entry,kitchen,kitchen,kitchen,bathroom,living,kitchen,living,living,bathroom,bedroom,bedroom,kitchen,kitchen,bathroom,kitchen,bathroom,bedroom,kitchen
4740,d03 Thu 07:00,kitchen,bedroom,entry,kitchen,kitchen,entry,kitchen,living,kitchen,kitchen,kitchen,kitchen,kitchen,entry,kitchen,kitchen,entry,kitchen,kitchen,kitchen,kitchen,living,kitchen,living,living,bathroom,bedroom,bedroom,kitchen,kitchen,bathroom,bathroom,bathroom,bedroom,kitchen
4800,d03 Thu 08:00,kitchen,bedroom,entry,entry,kitchen,entry,kitchen,kitchen,kitchen,kitchen,kitchen,kitchen,kitchen,kitchen,kitchen,kitchen,entry,kitchen,kitchen,kitchen,living,living,kitchen,living,living,bathroom,bedroom,bedroom,kitchen,kitchen,bathroom,kitchen,bathroom,bedroom,kitchen
4860,d03 Thu 09:00,kitchen,bedroom,entry,entry,kitchen,entry,kitchen,kitchen,kitchen,kitchen,kitchen,kitchen,kitchen,kitchen,kitchen,kitchen,entry,kitchen,kitchen,kitchen,living,living,kitchen,living,living,bathroom,bedroom,bedroom,kitchen,kitchen,bathroom,kitchen,bathroom,bedroom,kitchen
4920,d03 Thu 10:00,kitchen,bedroom,entry,entry,kitchen,entry,kitchen,kitchen,kitchen,kitchen,kitchen,kitchen,kitchen,kitchen,kitchen,kitchen,entry,kitchen,kitchen,kitchen,living,living,kitchen,living,living,bathroom,bedroom,bedroom,kitchen,kitchen,bathroom,kitchen,bathroom,bedroom,kitchen
4980,d03 Thu 11:00,kitchen,bedroom,entry,entry,kitchen,entry,kitchen,kitchen,kitchen,kitchen,kitchen,kitchen,kitchen,kitchen,kitchen,kitchen,entry,kitchen,kitchen,kitchen,living,living,kitchen,living,living,bathroom,bedroom,bedroom,kitchen,kitchen,bathroom,kitchen,bathroom,bedroom,kitchen
5040,d03 Thu 12:00,kitchen,bedroom,entry,entry,kitchen,entry,kitchen,kitchen,kitchen,kitchen,kitchen,kitchen,kitchen,kitchen,kitchen,kitchen,entry,kitchen,kitchen,kitchen,living,living,kitchen,living,living,bathroom,bedroom,bedroom,kitchen,kitchen,bathroom,kitchen,bathroom,bedroom,kitchen
5100,d03 Thu 13:00,kitchen,bedroom,entry,entry,kitchen,entry,kitchen,kitchen,kitchen,kitchen,kitchen,kitchen,kitchen,kitchen,kitchen,kitchen,entry,kitchen,kitchen,kitchen,living,living,kitchen,living,living,bathroom,bedroom,bedroom,kitchen,kitchen,bathroom,kitchen,bathroom,bedroom,kitchen
5160,d03 Thu 14:00,kitchen,bedroom,entry,entry,kitchen,entry,kitchen,kitchen,kitchen,kitchen,kitchen,kitchen,kitchen,kitchen,kitchen,kitchen,entry,kitchen,kitchen,kitchen,living,living,kitchen,living,living,bathroom,bedroom,bedroom,kitchen,kitchen,bathroom,kitchen,bathroom,bedroom,kitchen
5220,d03 Thu 15:00,kitchen,bedroom,entry,entry,kitchen,entry,kitchen,kitchen,kitchen,kitchen,kitchen,kitchen,kitchen,kitchen,kitchen,kitchen,entry,kitchen,kitchen,kitchen,living,living,kitchen,living,living,bathroom,bedroom,bedroom,kitchen,kitchen,bathroom,kitchen,bathroom,bedroom,kitchen
5280,d03 Thu 16:00,kitchen,bedroom,entry,entry,kitchen,entry,kitchen,kitchen,kitchen,living,kitchen,kitchen,kitchen,kitchen,kitchen,kitchen,kitchen,kitchen,kitchen,kitchen,living,living,kitchen,living,living,bathroom,bedroom,bedroom,kitchen,kitchen,bathroom,outside,bathroom,bedroom,kitchen
5340,d03 Thu 17:00,kitchen,bedroom,entry,entry,entry,entry,kitchen,kitchen,kitchen,kitchen,kitchen,kitchen,kitchen,entry,kitchen,kitchen,entry,kitchen,kitchen,kitchen,kitchen,living,kitchen,living,living,bathroom,bedroom,bedroom,kitchen,kitchen,bathroom,bathroom,bathroom,bedroom,kitchen
5400,d03 Thu 18:00,kitchen,bedroom,entry,entry,kitchen,kitchen,kitchen,kitchen,kitchen,kitchen,kitchen,kitchen,kitchen,entry,kitchen,kitchen,entry,kitchen,kitchen,kitchen,kitchen,living,kitchen,living,living,bathroom,bedroom,bedroom,kitchen,kitchen,bathroom,bathroom,bathroom,bedroom,kitchen
5460,d03 Thu 19:00,kitchen,bedroom,entry,entry,kitchen,kitchen,kitchen,kitchen,kitchen,kitchen,kitchen,kitchen,kitchen,entry,kitchen,kitchen,entry,kitchen,kitchen,kitchen,living,living,living,living,living,bathroom,bedroom,bedroom,kitchen,kitchen,bathroom,bathroom,bathroom,bedroom,kitchen
5520,d03 Thu 20:00,kitchen,bedroom,entry,entry,kitchen,kitchen,kitchen,kitchen,kitchen,kitchen,kitchen,kitchen,kitchen,entry,kitchen,kitchen,entry,kitchen,kitchen,kitchen,living,living,kitchen,living,living,bathroom,bedroom,bedroom,kitchen,kitchen,bathroom,bathroom,bathroom,bedroom,kitchen
5580,d03 Thu 21:00,kitchen,bedroom,entry,entry,kitchen,kitchen,kitchen,kitchen,kitchen,kitchen,kitchen,kitchen,kitchen,entry,kitchen,kitchen,entry,kitchen,kitchen,kitchen,living,living,kitchen,living,living,bathroom,bedroom,bedroom,kitchen,kitchen,bathroom,bathroom,bathroom,bedroom,kitchen
5640,d03 Thu 22:00,kitchen,bedroom,entry,entry,kitchen,kitchen,kitchen,kitchen,kitchen,kitchen,kitchen,kitchen,kitchen,entry,kitchen,kitchen,entry,kitchen,kitchen,kitchen,living,living,kitchen,living,living,bathroom,bedroom,bedroom,kitchen,kitchen,bathroom,bathroom,bathroom,bedroom,kitchen
5700,d03 Thu 23:00,kitchen,bedroom,entry,entry,kitchen,kitchen,kitchen,kitchen,kitchen,kitchen,kitchen,kitchen,kitchen,entry,kitchen,kitchen,entry,kitchen,kitchen,kitchen,living,living,kitchen,living,living,bathroom,bedroom,bedroom,kitchen,kitchen,bathroom,bathroom,bathroom,bedroom,kitchen
5760,d04 Fri 00:00,kitchen,bedroom,entry,entry,kitchen,kitchen,kitchen,kitchen,kitchen,kitchen,kitchen,kitchen,kitchen,entry,kitchen,kitchen,entry,kitchen,kitchen,kitchen,bedroom,living,kitchen,living,living,bathroom,bedroom,bedroom,kitchen,kitchen,bathroom,bathroom,bathroom,bedroom,kitchen
5820,d04 Fri 01:00,kitchen,bedroom,entry,entry,kitchen,kitchen,kitchen,kitchen,kitchen,kitchen,kitchen,kitchen,kitchen,entry,kitchen,kitchen,entry,kitchen,kitchen,kitchen,bedroom,living,kitchen,living,living,bathroom,bedroom,bedroom,kitchen,kitchen,bathroom,bathroom,bathroom,bedroom,kitchen
5880,d04 Fri 02:00,kitchen,bedroom,entry,entry,kitchen,kitchen,kitchen,kitchen,kitchen,kitchen,kitchen,kitchen,kitchen,entry,kitchen,kitchen,entry,kitchen,kitchen,kitchen,bedroom,living,kitchen,living,living,bathroom,bedroom,bedroom,kitchen,kitchen,bathroom,bathroom,bathroom,bedroom,kitchen
5940,d04 Fri 03:00,kitchen,bedroom,entry,entry,kitchen,kitchen,kitchen,kitchen,kitchen,kitchen,kitchen,kitchen,kitchen,entry,kitchen,kitchen,entry,kitchen,kitchen,kitchen,bedroom,living,kitchen,living,living,bathroom,bedroom,bedroom,kitchen,kitchen,bathroom,bathroom,bathroom,bedroom,kitchen
6000,d04 Fri 04:00,kitchen,bedroom,entry,entry,kitchen,kitchen,kitchen,kitchen,kitchen,kitchen,kitchen,kitchen,kitchen,entry,kitchen,kitchen,entry,kitchen,kitchen,kitchen,bedroom,living,kitchen,living,living,bathroom,bedroom,bedroom,kitchen,kitchen,bathroom,bathroom,bathroom,bedroom,kitchen
6060,d04 Fri 05:00,kitchen,bedroom,entry,entry,kitchen,kitchen,kitchen,kitchen,kitchen,kitchen,kitchen,kitchen,kitchen,entry,kitchen,kitchen,entry,kitchen,kitchen,kitchen,bathroom,living,kitchen,living,living,bathroom,bedroom,bedroom,kitchen,kitchen,bathroom,bathroom,bathroom,bedroom,kitchen
6120,d04 Fri 06:00,kitchen,kitchen,entry,entry,kitchen,kitchen,kitchen,kitchen,kitchen,kitchen,kitchen,kitchen,kitchen,entry,kitchen,kitchen,entry,kitchen,kitchen,kitchen,kitchen,living,kitchen,living,living,bathroom,bedroom,bedroom,kitchen,kitchen,bedroom,bathroom,bathroom,bedroom,kitchen
6180,d04 Fri 07:00,outside,outside,outside,outside,outside,outside,outside,kitchen,outside,outside,kitchen,outside,outside,outside,kitchen,kitchen,entry,kitchen,kitchen,kitchen,outside,outside,kitchen,living,outside,outside,outside,bedroom,kitchen,kitchen,bedroom,outside,bathroom,outside,kitchen
6240,d04 Fri 08:00,outside,outside,outside,outside,outside,outside,outside,kitchen,outside,outside,kitchen,outside,outside,outside,kitchen,kitchen,entry,kitchen,kitchen,kitchen,outside,outside,kitchen,living,outside,outside,outside,bedroom,kitchen,kitchen,bedroom,outside,bathroom,outside,kitchen
6300,d04 Fri 09:00,outside,outside,outside,outside,outside,outside,outside,kitchen,outside,outside,kitchen,outside,outside,outside,kitchen,kitchen,entry,kitchen,kitchen,kitchen,outside,outside,kitchen,living,outside,outside,outside,bedroom,kitchen,kitchen,bedroom,outside,bathroom,outside,kitchen
6360,d04 Fri 10:00,outside,outside,outside,outside,outside,outside,outside,kitchen,outside,outside,kitchen,outside,outside,outside,kitchen,kitchen,entry,kitchen,kitchen,kitchen,outside,outside,kitchen,living,outside,outside,outside,bedroom,kitchen,kitchen,bedroom,outside,bathroom,outside,kitchen
6420,d04 Fri 11:00,outside,outside,outside,outside,outside,outside,outside,kitchen,outside,outside,kitchen,outside,outside,outside,kitchen,kitchen,entry,kitchen,kitchen,kitchen,outside,outside,kitchen,living,outside,outside,outside,bedroom,kitchen,kitchen,bedroom,outside,bathroom,outside,kitchen
6480,d04 Fri 12:00,outside,outside,outside,outside,outside,outside,outside,kitchen,outside,outside,kitchen,outside,outside,outside,kitchen,kitchen,entry,kitchen,kitchen,kitchen,outside,outside,kitchen,living,outside,outside,outside,bedroom,kitchen,kitchen,bedroom,outside,bathroom,outside,kitchen
6540,d04 Fri 13:00,outside,outside,outside,outside,outside,outside,outside,kitchen,outside,outside,kitchen,outside,outside,outside,kitchen,kitchen,entry,kitchen,kitchen,kitchen,outside,outside,kitchen,living,outside,outside,outside,bedroom,kitchen,kitchen,bedroom,outside,bathroom,outside,kitchen
6600,d04 Fri 14:00,outside,outside,outside,outside,outside,outside,outside,kitchen,outside,outside,kitchen,outside,outside,outside,kitchen,kitchen,entry,kitchen,kitchen,kitchen,outside,outside,kitchen,living,outside,outside,outside,bedroom,kitchen,kitchen,bedroom,outside,bathroom,outside,kitchen
6660,d04 Fri 15:00,outside,outside,outside,outside,outside,outside,outside,kitchen,outside,outside,kitchen,outside,outside,outside,kitchen,kitchen,entry,kitchen,kitchen,kitchen,outside,outside,kitchen,living,outside,outside,outside,bedroom,kitchen,kitchen,bedroom,outside,bathroom,outside,kitchen
6720,d04 Fri 16:00,outside,outside,outside,outside,outside,outside,outside,kitchen,outside,outside,kitchen,outside,outside,outside,kitchen,kitchen,entry,kitchen,kitchen,kitchen,outside,outside,kitchen,living,outside,outside,outside,bedroom,kitchen,kitchen,bedroom,outside,bathroom,outside,kitchen
6780,d04 Fri 17:00,outside,outside,outside,outside,outside,outside,outside,kitchen,outside,outside,kitchen,outside,outside,outside,kitchen,kitchen,entry,kitchen,kitchen,kitchen,outside,outside,kitchen,living,outside,outside,outside,bedroom,kitchen,kitchen,bedroom,outside,bathroom,outside,kitchen
6840,d04 Fri 18:00,outside,outside,outside,outside,outside,outside,outside,kitchen,outside,outside,kitchen,outside,outside,outside,kitchen,kitchen,entry,kitchen,kitchen,kitchen,outside,outside,kitchen,living,outside,outside,outside,bedroom,kitchen,kitchen,bedroom,outside,bathroom,outside,kitchen
6900,d04 Fri 19:00,kitchen,living,entry,living,entry,kitchen,kitchen,kitchen,kitchen,kitchen,kitchen,kitchen,kitchen,entry,kitchen,kitchen,entry,kitchen,kitchen,kitchen,living,living,kitchen,living,living,bathroom,bedroom,bedroom,kitchen,kitchen,bedroom,bathroom,bathroom,bedroom,kitchen
6960,d04 Fri 20:00,kitchen,living,entry,living,entry,kitchen,kitchen,kitchen,kitchen,kitchen,kitchen,kitchen,kitchen,entry,kitchen,kitchen,entry,kitchen,kitchen,kitchen,living,living,kitchen,living,living,bathroom,bedroom,bedroom,kitchen,kitchen,bedroom,bathroom,bathroom,bedroom,kitchen
7020,d04 Fri 21:00,kitchen,bedroom,entry,bedroom,entry,kitchen,kitchen,kitchen,kitchen,kitchen,kitchen,kitchen,bedroom,entry,kitchen,kitchen,entry,kitchen,kitchen,kitchen,bedroom,bedroom,kitchen,living,bedroom,bathroom,bedroom,bedroom,kitchen,kitchen,bathroom,bathroom,bathroom,bedroom,kitchen
7080,d04 Fri 22:00,kitchen,bedroom,entry,bedroom,entry,kitchen,kitchen,kitchen,kitchen,kitchen,kitchen,kitchen,bedroom,entry,kitchen,kitchen,entry,kitchen,kitchen,kitchen,bedroom,bedroom,kitchen,living,bedroom,bathroom,bedroom,bedroom,kitchen,kitchen,bathroom,bathroom,bathroom,bedroom,kitchen
7140,d04 Fri 23:00,kitchen,bedroom,entry,bedroom,entry,kitchen,kitchen,kitchen,kitchen,kitchen,kitchen,kitchen,bedroom,entry,kitchen,kitchen,entry,kitchen,kitchen,kitchen,bedroom,bedroom,kitchen,living,bedroom,bathroom,bedroom,bedroom,kitchen,kitchen,bathroom,bathroom,bathroom,bedroom,kitchen
7200,d05 Sat 00:00,kitchen,bedroom,entry,bedroom,entry,kitchen,kitchen,kitchen,kitchen,kitchen,kitchen,kitchen,bedroom,entry,kitchen,kitchen,entry,kitchen,kitchen,kitchen,bedroom,bedroom,kitchen,living,bedroom,bathroom,bedroom,bedroom,kitchen,kitchen,bathroom,bathroom,bathroom,bedroom,kitchen
7260,d05 Sat 01:00,kitchen,bedroom,entry,bedroom,entry,kitchen,kitchen,kitchen,kitchen,kitchen,kitchen,kitchen,bedroom,entry,kitchen,kitchen,entry,kitchen,kitchen,kitchen,bedroom,bedroom,kitchen,living,bedroom,bathroom,bedroom,bedroom,kitchen,kitchen,bathroom,bathroom,bathroom,bedroom,kitchen
7320,d05 Sat 02:00,kitchen,bedroom,entry,bedroom,entry,kitchen,kitchen,kitchen,kitchen,kitchen,kitchen,kitchen,bedroom,entry,kitchen,kitchen,entry,kitchen,kitchen,kitchen,bedroom,bedroom,kitchen,living,bedroom,bathroom,bedroom,bedroom,kitchen,kitchen,bathroom,bathroom,bathroom,bedroom,kitchen
7380,d05 Sat 03:00,kitchen,bedroom,entry,bedroom,entry,kitchen,kitchen,kitchen,kitchen,kitchen,kitchen,kitchen,bedroom,entry,kitchen,kitchen,entry,kitchen,kitchen,kitchen,bedroom,bedroom,kitchen,living,bedroom,bathroom,bedroom,bedroom,kitchen,kitchen,bathroom,bathroom,bathroom,bedroom,kitchen
7440,d05 Sat 04:00,kitchen,bedroom,entry,bedroom,entry,kitchen,kitchen,kitchen,kitchen,kitchen,kitchen,kitchen,bedroom,entry,kitchen,kitchen,entry,kitchen,kitchen,kitchen,bedroom,bedroom,kitchen,living,bedroom,bathroom,bedroom,bedroom,kitchen,kitchen,bathroom,bathroom,bathroom,bedroom,kitchen
7500,d05 Sat 05:00,kitchen,bedroom,entry,bedroom,entry,kitchen,kitchen,kitchen,kitchen,kitchen,kitchen,kitchen,bedroom,entry,kitchen,kitchen,entry,kitchen,kitchen,kitchen,bedroom,bedroom,kitchen,living,bedroom,bathroom,bedroom,bedroom,kitchen,kitchen,bathroom,bathroom,bathroom,bedroom,kitchen
7560,d05 Sat 06:00,kitchen,bedroom,entry,bedroom,entry,kitchen,kitchen,kitchen,kitchen,kitchen,kitchen,kitchen,bedroom,entry,kitchen,kitchen,entry,kitchen,kitchen,kitchen,bedroom,bedroom,kitchen,living,bedroom,bathroom,bedroom,bedroom,kitchen,kitchen,bathroom,bathroom,bathroom,bedroom,kitchen
7620,d05 Sat 07:00,kitchen,bedroom,entry,bedroom,entry,kitchen,kitchen,kitchen,kitchen,kitchen,kitchen,kitchen,bedroom,entry,kitchen,kitchen,entry,kitchen,kitchen,kitchen,bedroom,bedroom,kitchen,living,bedroom,bathroom,bedroom,bedroom,kitchen,kitchen,bathroom,kitchen,bathroom,bedroom,kitchen
7680,d05 Sat 08:00,kitchen,living,entry,living,entry,kitchen,kitchen,kitchen,kitchen,kitchen,kitchen,kitchen,bedroom,entry,kitchen,kitchen,entry,kitchen,kitchen,kitchen,living,living,kitchen,living,living,bathroom,bedroom,bedroom,kitchen,kitchen,bathroom,kitchen,kitchen,bedroom,kitchen
7740,d05 Sat 09:00,outside,outside,outside,outside,outside,outside,outside,kitchen,outside,outside,kitchen,outside,outside,outside,kitchen,kitchen,entry,kitchen,kitchen,kitchen,outside,outside,kitchen,living,outside,outside,outside,bedroom,kitchen,kitchen,bathroom,outside,kitchen,outside,kitchen
7800,d05 Sat 10:00,outside,outside,outside,outside,outside,outside,outside,kitchen,outside,outside,kitchen,outside,outside,outside,kitchen,kitchen,entry,kitchen,kitchen,kitchen,outside,outside,kitchen,living,outside,outside,outside,bedroom,kitchen,kitchen,bathroom,outside,kitchen,outside,kitchen
7860,d05 Sat 11:00,kitchen,bedroom,entry,entry,entry,entry,kitchen,kitchen,kitchen,kitchen,kitchen,kitchen,kitchen,entry,kitchen,kitchen,entry,kitchen,kitchen,kitchen,living,living,kitchen,living,living,bedroom,bedroom,bedroom,kitchen,kitchen,bathroom,bathroom,kitchen,bedroom,kitchen
7920,d05 Sat 12:00,kitchen,bedroom,entry,entry,entry,entry,kitchen,kitchen,kitchen,kitchen,kitchen,kitchen,kitchen,entry,kitchen,kitchen,entry,kitchen,kitchen,kitchen,living,living,kitchen,living,living,bedroom,bedroom,bedroom,kitchen,kitchen,bathroom,bathroom,kitchen,bedroom,kitchen
7980,d05 Sat 13:00,kitchen,bedroom,entry,entry,entry,entry,kitchen,kitchen,kitchen,kitchen,kitchen,kitchen,kitchen,entry,kitchen,kitchen,entry,kitchen,kitchen,kitchen,living,living,living,living,living,bedroom,bedroom,living,kitchen,kitchen,bathroom,bathroom,kitchen,bedroom,kitchen
8040,d05 Sat 14:00,kitchen,bedroom,entry,entry,entry,entry,kitchen,kitchen,kitchen,kitchen,kitchen,kitchen,kitchen,entry,kitchen,kitchen,entry,kitchen,kitchen,kitchen,living,living,living,living,living,bedroom,bedroom,living,kitchen,kitchen,bathroom,bathroom,kitchen,bedroom,kitchen
8100,d05 Sat 15:00,kitchen,bedroom,entry,entry,entry,entry,kitchen,living,kitchen,kitchen,kitchen,kitchen,kitchen,entry,living,kitchen,entry,kitchen,kitchen,kitchen,living,living,living,living,living,bedroom,bedroom,entry,kitchen,kitchen,bathroom,bathroom,kitchen,bedroom,kitchen
8160,d05 Sat 16:00,kitchen,bedroom,entry,entry,entry,entry,kitchen,living,kitchen,kitchen,kitchen,kitchen,kitchen,entry,kitchen,kitchen,entry,kitchen,kitchen,kitchen,living,living,living,living,living,bedroom,bedroom,entry,kitchen,kitchen,bathroom,bathroom,kitchen,bedroom,kitchen
8220,d05 Sat 17:00,kitchen,bedroom,entry,entry,entry,entry,kitchen,living,kitchen,kitchen,kitchen,kitchen,kitchen,entry,kitchen,kitchen,entry,kitchen,kitchen,kitchen,living,living,living,living,living,bedroom,bedroom,entry,kitchen,kitchen,bathroom,bathroom,kitchen,bedroom,kitchen
8280,d05 Sat 18:00,kitchen,bedroom,entry,entry,entry,entry,kitchen,living,kitchen,kitchen,kitchen,kitchen,kitchen,entry,kitchen,kitchen,entry,kitchen,kitchen,kitchen,living,living,living,living,living,bedroom,bedroom,entry,kitchen,kitchen,bathroom,bathroom,kitchen,bedroom,kitchen
8340,d05 Sat 19:00,kitchen,bedroom,entry,entry,entry,entry,kitchen,living,kitchen,kitchen,kitchen,kitchen,kitchen,entry,kitchen,kitchen,entry,kitchen,kitchen,kitchen,living,living,living,living,living,bedroom,bedroom,entry,kitchen,kitchen,bathroom,bathroom,kitchen,bedroom,kitchen
8400,d05 Sat 20:00,kitchen,bedroom,entry,entry,entry,entry,kitchen,living,kitchen,kitchen,kitchen,kitchen,kitchen,entry,kitchen,kitchen,entry,kitchen,kitchen,kitchen,living,living,living,living,living,bedroom,bedroom,entry,kitchen,kitchen,bathroom,bathroom,kitchen,bedroom,kitchen
8460,d05 Sat 21:00,kitchen,bedroom,entry,entry,entry,entry,kitchen,living,kitchen,kitchen,kitchen,kitchen,kitchen,entry,kitchen,kitchen,entry,kitchen,kitchen,kitchen,living,living,living,living,living,bedroom,bedroom,entry,kitchen,kitchen,bathroom,bathroom,kitchen,bedroom,kitchen
8520,d05 Sat 22:00,kitchen,bedroom,kitchen,entry,entry,entry,kitchen,living,kitchen,kitchen,kitchen,kitchen,kitchen,entry,kitchen,kitchen,entry,kitchen,kitchen,kitchen,living,living,living,living,living,bedroom,bedroom,entry,kitchen,kitchen,bathroom,bathroom,kitchen,bedroom,kitchen
8580,d05 Sat 23:00,kitchen,bedroom,kitchen,entry,entry,entry,kitchen,living,kitchen,kitchen,kitchen,kitchen,kitchen,entry,kitchen,kitchen,entry,kitchen,kitchen,kitchen,living,living,living,living,living,bedroom,bedroom,entry,kitchen,kitchen,bathroom,bathroom,kitchen,bedroom,kitchen
8640,d06 Sun 00:00,kitchen,bedroom,kitchen,entry,entry,entry,kitchen,living,kitchen,kitchen,kitchen,kitchen,kitchen,entry,kitchen,kitchen,entry,kitchen,kitchen,kitchen,living,living,living,living,living,bedroom,bedroom,entry,kitchen,kitchen,bathroom,bathroom,kitchen,bedroom,kitchen
8700,d06 Sun 01:00,kitchen,bedroom,kitchen,entry,entry,entry,kitchen,living,kitchen,kitchen,kitchen,kitchen,kitchen,entry,kitchen,kitchen,entry,kitchen,kitchen,kitchen,living,living,living,living,living,bedroom,bedroom,entry,kitchen,kitchen,bathroom,bathroom,kitchen,bedroom,kitchen
8760,d06 Sun 02:00,kitchen,bedroom,kitchen,entry,entry,entry,kitchen,living,kitchen,kitchen,kitchen,kitchen,kitchen,entry,kitchen,kitchen,entry,kitchen,kitchen,kitchen,living,living,living,living,living,bedroom,bedroom,entry,kitchen,kitchen,bathroom,bathroom,kitchen,bedroom,kitchen
8820,d06 Sun 03:00,kitchen,bedroom,kitchen,entry,entry,entry,kitchen,living,kitchen,kitchen,kitchen,kitchen,kitchen,entry,kitchen,kitchen,entry,kitchen,kitchen,kitchen,living,living,living,living,living,bedroom,bedroom,entry,kitchen,kitchen,bathroom,bathroom,kitchen,bedroom,kitchen
8880,d06 Sun 04:00,kitchen,bedroom,kitchen,entry,entry,entry,kitchen,living,kitchen,kitchen,kitchen,kitchen,kitchen,entry,kitchen,kitchen,entry,kitchen,kitchen,kitchen,living,living,living,living,living,bedroom,bedroom,entry,kitchen,kitchen,bathroom,bathroom,kitchen,bedroom,kitchen
8940,d06 Sun 05:00,kitchen,bedroom,kitchen,entry,entry,entry,kitchen,living,kitchen,kitchen,kitchen,kitchen,kitchen,entry,kitchen,kitchen,entry,kitchen,kitchen,kitchen,living,living,living,living,living,bedroom,bedroom,entry,kitchen,kitchen,bathroom,bathroom,kitchen,bedroom,kitchen
9000,d06 Sun 06:00,kitchen,bedroom,kitchen,entry,entry,entry,kitchen,living,kitchen,kitchen,kitchen,kitchen,kitchen,entry,kitchen,kitchen,entry,kitchen,kitchen,kitchen,living,living,living,living,living,bedroom,bedroom,entry,kitchen,kitchen,bathroom,bathroom,kitchen,bedroom,kitchen
9060,d06 Sun 07:00,kitchen,bedroom,kitchen,entry,entry,entry,kitchen,living,kitchen,kitchen,kitchen,kitchen,kitchen,entry,kitchen,kitchen,entry,kitchen,kitchen,kitchen,living,living,living,living,living,bedroom,bedroom,entry,kitchen,kitchen,bathroom,bathroom,kitchen,bedroom,kitchen
9120,d06 Sun 08:00,kitchen,bedroom,kitchen,entry,entry,entry,kitchen,living,kitchen,kitchen,kitchen,kitchen,kitchen,entry,kitchen,kitchen,kitchen,kitchen,kitchen,kitchen,living,living,living,living,living,bedroom,bedroom,entry,kitchen,kitchen,bathroom,bathroom,bathroom,bedroom,living
9180,d06 Sun 09:00,outside,outside,outside,outside,outside,outside,outside,living,outside,outside,kitchen,outside,outside,outside,kitchen,kitchen,entry,kitchen,kitchen,kitchen,outside,outside,living,living,outside,outside,outside,entry,kitchen,kitchen,bathroom,outside,bathroom,outside,living
9240,d06 Sun 10:00,outside,outside,outside,outside,outside,outside,outside,living,outside,kitchen,kitchen,outside,outside,outside,kitchen,kitchen,entry,kitchen,kitchen,kitchen,outside,outside,living,living,outside,outside,outside,entry,kitchen,kitchen,bathroom,outside,bathroom,outside,living
9300,d06 Sun 11:00,kitchen,bedroom,entry,entry,entry,entry,kitchen,living,kitchen,kitchen,kitchen,kitchen,kitchen,entry,kitchen,kitchen,entry,kitchen,kitchen,kitchen,kitchen,living,living,living,living,bathroom,bedroom,entry,kitchen,kitchen,bathroom,bathroom,bathroom,bedroom,living
9360,d06 Sun 12:00,kitchen,bedroom,entry,entry,kitchen,entry,kitchen,living,kitchen,kitchen,kitchen,kitchen,kitchen,entry,kitchen,kitchen,entry,kitchen,kitchen,kitchen,living,kitchen,living,living,living,bathroom,bedroom,entry,kitchen,kitchen,bathroom,bathroom,bathroom,bedroom,living
9420,d06 Sun 13:00,kitchen,bedroom,entry,entry,kitchen,entry,kitchen,living,kitchen,kitchen,kitchen,kitchen,kitchen,entry,kitchen,kitchen,entry,kitchen,kitchen,kitchen,living,kitchen,living,living,living,bathroom,bedroom,entry,kitchen,kitchen,bathroom,bathroom,bathroom,bedroom,living
9480,d06 Sun 14:00,kitchen,bedroom,kitchen,entry,entry,entry,kitchen,living,kitchen,kitchen,kitchen,kitchen,living,entry,kitchen,kitchen,entry,kitchen,kitchen,kitchen,bathroom,kitchen,living,living,living,bathroom,bedroom,entry,kitchen,kitchen,bathroom,bathroom,bathroom,bedroom,living
9540,d06 Sun 15:00,kitchen,bedroom,kitchen,entry,entry,entry,kitchen,living,kitchen,kitchen,kitchen,kitchen,living,entry,living,kitchen,entry,kitchen,kitchen,kitchen,living,kitchen,living,living,living,bathroom,bedroom,entry,kitchen,kitchen,bathroom,bathroom,bathroom,bedroom,living
9600,d06 Sun 16:00,kitchen,bedroom,kitchen,entry,entry,entry,kitchen,bedroom,kitchen,kitchen,kitchen,kitchen,living,entry,living,kitchen,entry,kitchen,kitchen,kitchen,living,kitchen,kitchen,living,living,bathroom,bedroom,entry,kitchen,kitchen,bathroom,bathroom,bathroom,bedroom,living
9660,d06 Sun 17:00,kitchen,bedroom,kitchen,entry,entry,entry,kitchen,bedroom,kitchen,kitchen,kitchen,kitchen,living,entry,living,kitchen,entry,kitchen,kitchen,kitchen,living,kitchen,kitchen,living,living,bathroom,bedroom,entry,kitchen,kitchen,bathroom,bathroom,bathroom,bedroom,living
9720,d06 Sun 18:00,kitchen,bedroom,kitchen,entry,entry,entry,kitchen,bedroom,kitchen,kitchen,kitchen,kitchen,living,entry,living,kitchen,entry,kitchen,kitchen,kitchen,kitchen,kitchen,kitchen,living,living,bathroom,bedroom,entry,kitchen,kitchen,bathroom,bathroom,bathroom,bedroom,living
9780,d06 Sun 19:00,kitchen,bedroom,kitchen,entry,entry,entry,kitchen,bedroom,kitchen,kitchen,kitchen,kitchen,living,entry,living,kitchen,entry,kitchen,kitchen,kitchen,kitchen,kitchen,kitchen,living,living,bathroom,bedroom,entry,kitchen,kitchen,bathroom,bathroom,bathroom,bedroom,living
9840,d06 Sun 20:00,kitchen,bedroom,kitchen,entry,entry,entry,kitchen,bedroom,kitchen,kitchen,kitchen,kitchen,living,entry,living,kitchen,entry,kitchen,kitchen,kitchen,kitchen,kitchen,kitchen,living,living,bathroom,bedroom,entry,kitchen,kitchen,bathroom,bathroom,bathroom,bedroom,living
9900,d06 Sun 21:00,kitchen,bedroom,kitchen,entry,entry,entry,kitchen,bedroom,kitchen,kitchen,kitchen,kitchen,living,entry,living,kitchen,entry,kitchen,kitchen,kitchen,bathroom,kitchen,kitchen,living,living,bathroom,bedroom,entry,kitchen,kitchen,bathroom,bathroom,bathroom,bedroom,living
9960,d06 Sun 22:00,kitchen,bedroom,kitchen,entry,entry,entry,kitchen,bedroom,kitchen,kitchen,kitchen,kitchen,bedroom,entry,living,kitchen,entry,kitchen,kitchen,kitchen,bathroom,kitchen,kitchen,living,living,bathroom,bedroom,entry,kitchen,kitchen,bathroom,bathroom,bathroom,bedroom,living
10020,d06 Sun 23:00,kitchen,bedroom,kitchen,entry,entry,entry,kitchen,bedroom,kitchen,kitchen,kitchen,kitchen,bedroom,entry,living,kitchen,entry,kitchen,kitchen,kitchen,bathroom,kitchen,kitchen,living,living,bathroom,bedroom,entry,kitchen,kitchen,bathroom,bathroom,bathroom,bedroom,living
10080,d07 Mon 00:00,kitchen,bedroom,kitchen,entry,entry,entry,kitchen,bedroom,kitchen,kitchen,kitchen,kitchen,bedroom,entry,living,kitchen,entry,kitchen,kitchen,kitchen,bedroom,kitchen,kitchen,living,living,bathroom,bedroom,entry,kitchen,kitchen,bathroom,bathroom,bathroom,bedroom,living
10140,d07 Mon 01:00,kitchen,bedroom,kitchen,entry,entry,entry,kitchen,bedroom,kitchen,kitchen,kitchen,kitchen,bedroom,entry,living,kitchen,entry,kitchen,kitchen,kitchen,bedroom,kitchen,kitchen,living,living,bathroom,bedroom,entry,kitchen,kitchen,bathroom,bathroom,bathroom,bedroom,living
10200,d07 Mon 02:00,kitchen,bedroom,kitchen,entry,entry,entry,kitchen,bedroom,kitchen,kitchen,kitchen,kitchen,bedroom,entry,living,kitchen,entry,kitchen,kitchen,kitchen,bedroom,kitchen,kitchen,living,living,bathroom,bedroom,entry,kitchen,kitchen,bathroom,bathroom,bathroom,bedroom,living
10260,d07 Mon 03:00,kitchen,bedroom,kitchen,entry,entry,entry,kitchen,bedroom,kitchen,kitchen,kitchen,kitchen,bedroom,entry,living,kitchen,entry,kitchen,kitchen,kitchen,bedroom,kitchen,kitchen,living,living,bathroom,bedroom,entry,kitchen,kitchen,bathroom,bathroom,bathroom,bedroom,living
10320,d07 Mon 04:00,kitchen,bedroom,kitchen,entry,entry,entry,kitchen,bedroom,kitchen,kitchen,kitchen,kitchen,bedroom,entry,living,kitchen,entry,kitchen,kitchen,kitchen,bedroom,kitchen,kitchen,living,living,bathroom,bedroom,entry,kitchen,kitchen,bathroom,bathroom,bathroom,bedroom,living
10380,d07 Mon 05:00,kitchen,bedroom,kitchen,entry,entry,entry,kitchen,bedroom,kitchen,kitchen,kitchen,kitchen,bedroom,entry,living,kitchen,entry,kitchen,kitchen,kitchen,bathroom,kitchen,kitchen,living,living,bathroom,bedroom,entry,kitchen,kitchen,bathroom,bathroom,bathroom,bedroom,living
10440,d07 Mon 06:00,kitchen,bedroom,kitchen,entry,entry,entry,kitchen,bedroom,kitchen,kitchen,kitchen,kitchen,bedroom,entry,kitchen,kitchen,entry,kitchen,kitchen,kitchen,kitchen,kitchen,kitchen,living,living,bathroom,bedroom,entry,kitchen,kitchen,bathroom,bathroom,kitchen,bedroom,living
10500,d07 Mon 07:00,outside,outside,outside,outside,outside,outside,outside,bedroom,outside,outside,kitchen,outside,outside,outside,kitchen,kitchen,entry,kitchen,kitchen,kitchen,outside,outside,kitchen,living,outside,outside,outside,entry,kitchen,kitchen,bathroom,outside,kitchen,outside,living
10560,d07 Mon 08:00,outside,outside,outside,outside,outside,outside,outside,bedroom,outside,outside,kitchen,outside,outside,outside,kitchen,kitchen,entry,kitchen,kitchen,kitchen,outside,outside,kitchen,living,outside,outside,outside,entry,kitchen,kitchen,bathroom,outside,kitchen,outside,living
10620,d07 Mon 09:00,outside,outside,outside,outside,outside,outside,outside,bedroom,outside,outside,kitchen,outside,outside,outside,kitchen,kitchen,entry,kitchen,kitchen,kitchen,outside,outside,kitchen,living,outside,outside,outside,entry,kitchen,kitchen,bathroom,outside,kitchen,outside,living
10680,d07 Mon 10:00,outside,outside,outside,outside,outside,outside,outside,bedroom,outside,outside,kitchen,outside,outside,outside,kitchen,kitchen,entry,kitchen,kitchen,kitchen,outside,outside,kitchen,living,outside,outside,outside,entry,kitchen,kitchen,bathroom,outside,kitchen,outside,living
10740,d07 Mon 11:00,outside,outside,outside,outside,outside,outside,outside,bedroom,outside,outside,kitchen,outside,outside,outside,kitchen,kitchen,entry,kitchen,kitchen,kitchen,outside,outside,kitchen,living,outside,outside,outside,entry,kitchen,kitchen,bathroom,outside,kitchen,outside,living
10800,d07 Mon 12:00,outside,outside,outside,outside,outside,outside,outside,bedroom,outside,outside,kitchen,outside,outside,outside,kitchen,kitchen,entry,kitchen,kitchen,kitchen,outside,outside,kitchen,living,outside,outside,outside,entry,kitchen,kitchen,bathroom,outside,kitchen,outside,living
10860,d07 Mon 13:00,outside,outside,outside,outside,outside,outside,outside,bedroom,outside,outside,kitchen,outside,outside,outside,kitchen,kitchen,entry,kitchen,kitchen,kitchen,outside,outside,kitchen,living,outside,outside,outside,entry,kitchen,kitchen,bathroom,outside,kitchen,outside,living
10920,d07 Mon 14:00,outside,outside,outside,outside,outside,outside,outside,bedroom,outside,outside,kitchen,outside,outside,outside,kitchen,kitchen,entry,kitchen,kitchen,kitchen,outside,outside,kitchen,living,outside,outside,outside,entry,kitchen,kitchen,bathroom,outside,kitchen,outside,living
10980,d07 Mon 15:00,outside,outside,outside,outside,outside,outside,outside,bedroom,outside,outside,kitchen,outside,outside,outside,kitchen,kitchen,entry,kitchen,kitchen,kitchen,outside,outside,kitchen,living,outside,outside,outside,entry,kitchen,kitchen,bathroom,outside,kitchen,outside,living
11040,d07 Mon 16:00,outside,outside,outside,outside,outside,outside,outside,bedroom,outside,outside,kitchen,outside,outside,outside,kitchen,kitchen,entry,kitchen,kitchen,kitchen,outside,outside,kitchen,living,outside,outside,outside,entry,kitchen,kitchen,bathroom,outside,kitchen,outside,living
11100,d07 Mon 17:00,kitchen,kitchen,entry,entry,kitchen,entry,kitchen,kitchen,kitchen,kitchen,kitchen,kitchen,kitchen,entry,kitchen,kitchen,entry,kitchen,kitchen,kitchen,kitchen,living,kitchen,living,kitchen,bathroom,bedroom,entry,kitchen,kitchen,bathroom,bathroom,kitchen,bedroom,living
11160,d07 Mon 18:00,kitchen,kitchen,entry,entry,kitchen,entry,kitchen,kitchen,kitchen,kitchen,kitchen,kitchen,kitchen,entry,kitchen,kitchen,entry,kitchen,kitchen,kitchen,kitchen,living,kitchen,living,kitchen,bathroom,bedroom,entry,kitchen,kitchen,bathroom,bathroom,kitchen,bedroom,living
11220,d07 Mon 19:00,kitchen,kitchen,entry,entry,kitchen,entry,kitchen,kitchen,kitchen,kitchen,kitchen,kitchen,kitchen,entry,kitchen,kitchen,entry,kitchen,kitchen,kitchen,kitchen,living,kitchen,living,kitchen,bathroom,bedroom,entry,kitchen,kitchen,bathroom,bathroom,kitchen,bedroom,living
11280,d07 Mon 20:00,kitchen,kitchen,entry,entry,bathroom,entry,kitchen,kitchen,kitchen,bathroom,kitchen,kitchen,kitchen,entry,kitchen,kitchen,entry,kitchen,kitchen,kitchen,bathroom,living,kitchen,living,bathroom,bathroom,bedroom,entry,kitchen,kitchen,bathroom,bathroom,bathroom,bedroom,living
11340,d07 Mon 21:00,kitchen,kitchen,entry,entry,bathroom,entry,kitchen,kitchen,kitchen,bathroom,kitchen,kitchen,kitchen,entry,kitchen,kitchen,entry,kitchen,kitchen,kitchen,bathroom,living,kitchen,living,bathroom,bathroom,bedroom,entry,kitchen,kitchen,bathroom,bathroom,bathroom,bedroom,living
11400,d07 Mon 22:00,kitchen,kitchen,entry,entry,bathroom,entry,kitchen,kitchen,kitchen,bathroom,kitchen,kitchen,bedroom,entry,kitchen,kitchen,entry,kitchen,kitchen,kitchen,bathroom,living,kitchen,living,bathroom,bathroom,bedroom,entry,kitchen,kitchen,bathroom,bathroom,bathroom,bedroom,living
11460,d07 Mon 23:00,kitchen,kitchen,entry,entry,bathroom,entry,kitchen,kitchen,kitchen,bathroom,kitchen,kitchen,bedroom,entry,kitchen,kitchen,entry,kitchen,kitchen,kitchen,bathroom,living,kitchen,living,bathroom,bathroom,bedroom,entry,kitchen,kitchen,bathroom,bathroom,bathroom,bedroom,living
11520,d08 Tue 00:00,kitchen,kitchen,entry,entry,bathroom,entry,kitchen,kitchen,kitchen,bathroom,kitchen,kitchen,bedroom,entry,kitchen,kitchen,entry,kitchen,kitchen,kitchen,bathroom,living,kitchen,living,bathroom,bathroom,bedroom,entry,kitchen,kitchen,bathroom,bathroom,bathroom,bedroom,living
11580,d08 Tue 01:00,kitchen,kitchen,entry,entry,bedroom,entry,kitchen,kitchen,kitchen,bedroom,kitchen,kitchen,bedroom,entry,kitchen,kitchen,entry,kitchen,kitchen,kitchen,bedroom,living,kitchen,living,bedroom,bathroom,bedroom,entry,kitchen,kitchen,bathroom,bathroom,bathroom,bedroom,living
11640,d08 Tue 02:00,kitchen,kitchen,entry,entry,bedroom,entry,kitchen,kitchen,kitchen,bedroom,kitchen,kitchen,bedroom,entry,kitchen,kitchen,entry,kitchen,kitchen,kitchen,bedroom,living,kitchen,living,bedroom,bathroom,bedroom,entry,kitchen,kitchen,bathroom,bathroom,bathroom,bedroom,living
11700,d08 Tue 03:00,kitchen,kitchen,entry,entry,bedroom,entry,kitchen,kitchen,kitchen,bedroom,kitchen,kitchen,bedroom,entry,kitchen,kitchen,entry,kitchen,kitchen,kitchen,bedroom,living,kitchen,living,bedroom,bathroom,bedroom,entry,kitchen,kitchen,bathroom,bathroom,bathroom,bedroom,living
11760,d08 Tue 04:00,kitchen,kitchen,entry,entry,bedroom,entry,kitchen,kitchen,kitchen,bedroom,kitchen,kitchen,bedroom,entry,kitchen,kitchen,entry,kitchen,kitchen,kitchen,bedroom,living,kitchen,living,bedroom,bathroom,bedroom,entry,kitchen,kitchen,bathroom,bathroom,bathroom,bedroom,living
11820,d08 Tue 05:00,kitchen,kitchen,entry,entry,bedroom,entry,kitchen,kitchen,kitchen,bedroom,kitchen,kitchen,bedroom,entry,kitchen,kitchen,entry,kitchen,kitchen,kitchen,bedroom,living,kitchen,living,bedroom,bathroom,bedroom,entry,kitchen,kitchen,bathroom,bathroom,bathroom,bedroom,living
11880,d08 Tue 06:00,kitchen,kitchen,entry,entry,kitchen,entry,kitchen,kitchen,kitchen,kitchen,kitchen,kitchen,bedroom,entry,kitchen,kitchen,entry,kitchen,kitchen,kitchen,kitchen,living,kitchen,living,kitchen,bedroom,bedroom,entry,kitchen,kitchen,bathroom,bathroom,bathroom,bedroom,living
11940,d08 Tue 07:00,kitchen,kitchen,entry,entry,kitchen,entry,kitchen,kitchen,kitchen,kitchen,kitchen,kitchen,bedroom,entry,kitchen,kitchen,entry,kitchen,kitchen,kitchen,kitchen,living,kitchen,living,kitchen,bedroom,bedroom,entry,kitchen,kitchen,bathroom,bathroom,bathroom,bedroom,living
12000,d08 Tue 08:00,outside,outside,outside,outside,outside,outside,outside,kitchen,outside,outside,kitchen,outside,outside,outside,kitchen,kitchen,entry,kitchen,kitchen,kitchen,outside,outside,kitchen,living,outside,outside,outside,entry,kitchen,kitchen,bathroom,outside,bathroom,outside,living
12060,d08 Tue 09:00,outside,outside,outside,outside,outside,outside,outside,kitchen,outside,outside,kitchen,outside,outside,outside,kitchen,kitchen,entry,kitchen,kitchen,kitchen,outside,outside,kitchen,living,outside,outside,outside,entry,kitchen,kitchen,bathroom,outside,bathroom,outside,living
12120,d08 Tue 10:00,outside,outside,outside,outside,outside,outside,outside,kitchen,outside,outside,kitchen,outside,outside,outside,kitchen,kitchen,entry,kitchen,kitchen,kitchen,outside,outside,kitchen,living,outside,outside,outside,entry,kitchen,kitchen,bathroom,outside,bathroom,outside,living
12180,d08 Tue 11:00,outside,outside,outside,outside,outside,outside,outside,kitchen,outside,outside,kitchen,outside,outside,outside,kitchen,kitchen,entry,kitchen,kitchen,kitchen,outside,outside,kitchen,living,outside,outside,outside,entry,kitchen,kitchen,bathroom,outside,bathroom,outside,living
12240,d08 Tue 12:00,outside,outside,outside,outside,outside,outside,outside,kitchen,outside,outside,kitchen,outside,outside,outside,kitchen,kitchen,entry,kitchen,kitchen,kitchen,outside,outside,kitchen,living,outside,outside,outside,entry,kitchen,kitchen,bathroom,outside,bathroom,outside,living
12300,d08 Tue 13:00,outside,outside,outside,outside,outside,outside,outside,kitchen,outside,outside,kitchen,outside,outside,outside,kitchen,kitchen,entry,kitchen,kitchen,kitchen,outside,outside,kitchen,living,outside,outside,outside,entry,kitchen,kitchen,bathroom,outside,bathroom,outside,living
12360,d08 Tue 14:00,outside,outside,outside,outside,outside,outside,outside,kitchen,outside,outside,kitchen,outside,outside,outside,kitchen,kitchen,entry,kitchen,kitchen,kitchen,outside,outside,kitchen,living,outside,outside,outside,entry,kitchen,kitchen,bathroom,outside,bathroom,outside,living
12420,d08 Tue 15:00,outside,outside,outside,outside,outside,outside,outside,kitchen,outside,outside,kitchen,outside,outside,outside,kitchen,kitchen,entry,kitchen,kitchen,kitchen,outside,outside,kitchen,living,outside,outside,outside,entry,kitchen,kitchen,bathroom,outside,bathroom,outside,living
12480,d08 Tue 16:00,outside,outside,outside,outside,outside,outside,outside,kitchen,outside,outside,kitchen,outside,outside,outside,kitchen,kitchen,entry,kitchen,kitchen,kitchen,outside,outside,kitchen,living,outside,outside,outside,entry,kitchen,kitchen,bathroom,outside,bathroom,outside,living
12540,d08 Tue 17:00,kitchen,kitchen,entry,entry,entry,entry,kitchen,kitchen,kitchen,kitchen,kitchen,kitchen,kitchen,entry,kitchen,kitchen,entry,kitchen,kitchen,kitchen,entry,living,kitchen,living,kitchen,bathroom,bedroom,entry,kitchen,kitchen,bathroom,bathroom,bathroom,bedroom,living
12600,d08 Tue 18:00,kitchen,kitchen,kitchen,entry,entry,entry,kitchen,kitchen,kitchen,kitchen,kitchen,kitchen,kitchen,entry,kitchen,kitchen,entry,kitchen,kitchen,kitchen,entry,living,kitchen,living,kitchen,bathroom,bedroom,entry,kitchen,kitchen,bathroom,bathroom,bathroom,bedroom,living
12660,d08 Tue 19:00,living,living,kitchen,entry,entry,entry,kitchen,kitchen,kitchen,kitchen,kitchen,kitchen,kitchen,entry,kitchen,kitchen,entry,kitchen,kitchen,kitchen,entry,living,kitchen,living,living,bathroom,bedroom,entry,kitchen,kitchen,bathroom,bathroom,bathroom,bedroom,living
12720,d08 Tue 20:00,living,living,kitchen,entry,entry,entry,kitchen,kitchen,kitchen,kitchen,kitchen,kitchen,kitchen,entry,kitchen,kitchen,entry,kitchen,kitchen,kitchen,entry,living,kitchen,living,living,bathroom,bedroom,entry,kitchen,kitchen,bathroom,bathroom,bathroom,bedroom,living
12780,d08 Tue 21:00,bathroom,bathroom,kitchen,entry,entry,entry,kitchen,kitchen,kitchen,kitchen,kitchen,kitchen,kitchen,entry,kitchen,kitchen,entry,kitchen,kitchen,kitchen,entry,living,kitchen,living,bathroom,bathroom,bedroom,entry,kitchen,kitchen,bedroom,bathroom,bathroom,bedroom,living
12840,d08 Tue 22:00,bathroom,bathroom,kitchen,entry,entry,entry,kitchen,kitchen,kitchen,kitchen,kitchen,kitchen,kitchen,entry,kitchen,kitchen,entry,kitchen,kitchen,kitchen,entry,living,kitchen,living,bathroom,bathroom,bedroom,entry,kitchen,kitchen,bedroom,bathroom,bathroom,bedroom,living
12900,d08 Tue 23:00,bathroom,bathroom,kitchen,entry,entry,entry,kitchen,kitchen,kitchen,kitchen,kitchen,kitchen,kitchen,entry,kitchen,kitchen,entry,kitchen,kitchen,kitchen,entry,living,kitchen,living,bathroom,bathroom,bedroom,entry,kitchen,kitchen,bedroom,bathroom,bathroom,bedroom,living
12960,d09 Wed 00:00,bedroom,bedroom,kitchen,entry,entry,entry,kitchen,kitchen,kitchen,kitchen,kitchen,kitchen,kitchen,entry,kitchen,kitchen,entry,kitchen,kitchen,kitchen,entry,living,kitchen,living,bedroom,bathroom,bedroom,entry,kitchen,kitchen,bedroom,bathroom,bathroom,bedroom,living
13020,d09 Wed 01:00,bedroom,bedroom,kitchen,entry,entry,entry,kitchen,kitchen,kitchen,kitchen,kitchen,kitchen,kitchen,entry,kitchen,kitchen,entry,kitchen,kitchen,kitchen,entry,living,kitchen,living,bedroom,bathroom,bedroom,entry,kitchen,kitchen,bedroom,bathroom,bathroom,bedroom,living
13080,d09 Wed 02:00,bedroom,bedroom,kitchen,entry,entry,entry,kitchen,kitchen,kitchen,kitchen,kitchen,kitchen,kitchen,entry,kitchen,kitchen,entry,kitchen,kitchen,kitchen,entry,living,kitchen,living,bedroom,bathroom,bedroom,entry,kitchen,kitchen,bedroom,bathroom,bathroom,bedroom,living
13140,d09 Wed 03:00,bedroom,bedroom,kitchen,entry,entry,entry,kitchen,kitchen,kitchen,kitchen,kitchen,kitchen,kitchen,entry,kitchen,kitchen,entry,kitchen,kitchen,kitchen,entry,living,kitchen,living,bedroom,bathroom,bedroom,entry,kitchen,kitchen,bedroom,bathroom,bathroom,bedroom,living
13200,d09 Wed 04:00,bedroom,bedroom,kitchen,entry,entry,entry,kitchen,kitchen,kitchen,kitchen,kitchen,kitchen,kitchen,entry,kitchen,kitchen,entry,kitchen,kitchen,kitchen,entry,living,kitchen,living,bedroom,bathroom,bedroom,entry,kitchen,kitchen,bedroom,bathroom,bathroom,bedroom,living
13260,d09 Wed 05:00,bedroom,bedroom,kitchen,entry,entry,entry,kitchen,kitchen,kitchen,kitchen,kitchen,kitchen,kitchen,entry,kitchen,kitchen,entry,kitchen,kitchen,kitchen,entry,living,kitchen,living,bedroom,bathroom,bedroom,entry,kitchen,kitchen,bedroom,bathroom,bathroom,bedroom,living
13320,d09 Wed 06:00,kitchen,kitchen,kitchen,entry,entry,entry,kitchen,kitchen,kitchen,kitchen,kitchen,kitchen,kitchen,entry,kitchen,kitchen,entry,kitchen,kitchen,kitchen,entry,living,kitchen,living,kitchen,bathroom,bedroom,entry,kitchen,kitchen,bathroom,bathroom,bathroom,bedroom,living
13380,d09 Wed 07:00,outside,outside,outside,outside,outside,outside,outside,kitchen,outside,outside,kitchen,outside,outside,outside,kitchen,kitchen,entry,kitchen,kitchen,kitchen,outside,outside,kitchen,living,outside,outside,outside,entry,kitchen,kitchen,bathroom,outside,bathroom,outside,living
13440,d09 Wed 08:00,outside,outside,outside,outside,outside,outside,outside,kitchen,outside,outside,kitchen,outside,outside,outside,kitchen,kitchen,entry,kitchen,kitchen,kitchen,outside,outside,kitchen,living,outside,outside,outside,entry,kitchen,kitchen,bathroom,outside,bathroom,outside,living
13500,d09 Wed 09:00,outside,outside,outside,outside,outside,outside,outside,kitchen,outside,outside,kitchen,outside,outside,outside,kitchen,kitchen,entry,kitchen,kitchen,kitchen,outside,outside,kitchen,living,outside,outside,outside,entry,kitchen,kitchen,bathroom,outside,bathroom,outside,living
13560,d09 Wed 10:00,outside,outside,outside,outside,outside,outside,outside,kitchen,outside,outside,kitchen,outside,outside,outside,kitchen,kitchen,entry,kitchen,kitchen,kitchen,outside,outside,kitchen,living,outside,outside,outside,entry,kitchen,kitchen,bathroom,outside,bathroom,outside,living
13620,d09 Wed 11:00,outside,outside,outside,outside,outside,outside,outside,kitchen,outside,outside,kitchen,outside,outside,outside,kitchen,kitchen,entry,kitchen,kitchen,kitchen,outside,outside,kitchen,living,outside,outside,outside,entry,kitchen,kitchen,bathroom,outside,bathroom,outside,living
13680,d09 Wed 12:00,outside,outside,outside,outside,outside,outside,outside,kitchen,outside,outside,kitchen,outside,outside,outside,kitchen,kitchen,entry,kitchen,kitchen,kitchen,outside,outside,kitchen,living,outside,outside,outside,entry,kitchen,kitchen,bathroom,outside,bathroom,outside,living
13740,d09 Wed 13:00,outside,outside,outside,outside,outside,outside,outside,kitchen,outside,outside,kitchen,outside,outside,outside,kitchen,kitchen,entry,kitchen,kitchen,kitchen,outside,outside,kitchen,living,outside,outside,outside,entry,kitchen,kitchen,bathroom,outside,bathroom,outside,living
13800,d09 Wed 14:00,outside,outside,outside,outside,outside,outside,outside,kitchen,outside,kitchen,kitchen,outside,outside,outside,kitchen,kitchen,entry,kitchen,kitchen,kitchen,outside,outside,kitchen,living,outside,outside,outside,entry,kitchen,kitchen,bathroom,outside,bathroom,outside,living
13860,d09 Wed 15:00,outside,outside,outside,outside,outside,outside,outside,kitchen,outside,kitchen,kitchen,outside,outside,outside,kitchen,kitchen,entry,kitchen,kitchen,kitchen,outside,outside,kitchen,living,outside,outside,outside,entry,kitchen,kitchen,bathroom,outside,bathroom,outside,living
13920,d09 Wed 16:00,bedroom,kitchen,entry,entry,entry,entry,kitchen,kitchen,entry,kitchen,kitchen,kitchen,kitchen,entry,kitchen,kitchen,entry,kitchen,kitchen,kitchen,entry,bedroom,kitchen,living,bedroom,bathroom,bedroom,entry,kitchen,kitchen,bathroom,bathroom,bathroom,bedroom,living
13980,d09 Wed 17:00,kitchen,kitchen,entry,kitchen,entry,entry,kitchen,kitchen,entry,kitchen,kitchen,kitchen,kitchen,entry,kitchen,kitchen,entry,kitchen,kitchen,kitchen,entry,kitchen,kitchen,living,kitchen,bathroom,bedroom,entry,kitchen,kitchen,bathroom,bathroom,bathroom,bedroom,living
14040,d09 Wed 18:00,living,kitchen,entry,kitchen,entry,entry,kitchen,kitchen,entry,kitchen,kitchen,kitchen,kitchen,entry,kitchen,kitchen,entry,kitchen,kitchen,kitchen,entry,living,living,living,living,bathroom,bedroom,entry,kitchen,kitchen,bathroom,bathroom,bathroom,bedroom,living
14100,d09 Wed 19:00,kitchen,kitchen,entry,kitchen,entry,entry,kitchen,kitchen,entry,kitchen,kitchen,kitchen,kitchen,entry,kitchen,kitchen,entry,kitchen,kitchen,kitchen,entry,kitchen,living,living,kitchen,bathroom,bedroom,entry,kitchen,kitchen,bathroom,bathroom,bathroom,bedroom,living
14160,d09 Wed 20:00,kitchen,kitchen,entry,kitchen,entry,entry,kitchen,kitchen,entry,kitchen,kitchen,kitchen,kitchen,entry,kitchen,kitchen,entry,kitchen,kitchen,kitchen,entry,kitchen,living,living,kitchen,bathroom,bedroom,entry,kitchen,kitchen,bathroom,bathroom,bathroom,bedroom,living
14220,d09 Wed 21:00,bathroom,kitchen,entry,kitchen,entry,entry,kitchen,kitchen,entry,kitchen,kitchen,kitchen,bedroom,entry,kitchen,kitchen,entry,kitchen,kitchen,kitchen,entry,bathroom,living,living,bathroom,bathroom,bedroom,entry,kitchen,kitchen,bathroom,bathroom,bathroom,bedroom,living
14280,d09 Wed 22:00,bathroom,kitchen,entry,kitchen,entry,entry,kitchen,kitchen,entry,kitchen,kitchen,kitchen,bedroom,entry,kitchen,kitchen,entry,kitchen,kitchen,kitchen,entry,bathroom,living,living,bathroom,bathroom,bedroom,entry,kitchen,kitchen,bathroom,bathroom,bathroom,bedroom,living
14340,d09 Wed 23:00,bathroom,kitchen,entry,kitchen,kitchen,entry,kitchen,kitchen,entry,kitchen,kitchen,kitchen,bedroom,entry,kitchen,kitchen,entry,kitchen,kitchen,kitchen,entry,bathroom,living,living,bathroom,bathroom,bedroom,entry,kitchen,kitchen,bathroom,bathroom,bathroom,bedroom,living
14400,d10 Thu 00:00,bedroom,kitchen,entry,kitchen,kitchen,entry,kitchen,kitchen,entry,kitchen,kitchen,kitchen,bedroom,entry,kitchen,kitchen,entry,kitchen,kitchen,kitchen,entry,bedroom,living,living,bedroom,bathroom,bedroom,entry,kitchen,kitchen,bathroom,bathroom,bathroom,bedroom,living
14460,d10 Thu 01:00,bedroom,kitchen,entry,kitchen,kitchen,entry,kitchen,kitchen,entry,kitchen,kitchen,kitchen,bedroom,entry,kitchen,kitchen,entry,kitchen,kitchen,kitchen,entry,bedroom,living,living,bedroom,bathroom,bedroom,entry,kitchen,kitchen,bathroom,bathroom,bathroom,bedroom,living
14520,d10 Thu 02:00,bedroom,kitchen,entry,kitchen,kitchen,entry,kitchen,kitchen,entry,kitchen,kitchen,kitchen,bedroom,entry,kitchen,kitchen,entry,kitchen,kitchen,kitchen,entry,bedroom,living,living,bedroom,bathroom,bedroom,entry,kitchen,kitchen,bathroom,bathroom,bathroom,bedroom,living
14580,d10 Thu 03:00,bedroom,kitchen,entry,kitchen,kitchen,entry,kitchen,kitchen,entry,kitchen,kitchen,kitchen,bedroom,entry,kitchen,kitchen,entry,kitchen,kitchen,kitchen,entry,bedroom,living,living,bedroom,bathroom,bedroom,entry,kitchen,kitchen,bathroom,bathroom,bathroom,bedroom,living
14640,d10 Thu 04:00,bedroom,kitchen,entry,kitchen,kitchen,entry,kitchen,kitchen,entry,kitchen,kitchen,kitchen,bedroom,entry,kitchen,kitchen,entry,kitchen,kitchen,kitchen,entry,bedroom,living,living,bedroom,bathroom,bedroom,entry,kitchen,kitchen,bathroom,bathroom,bathroom,bedroom,living
14700,d10 Thu 05:00,bedroom,kitchen,entry,kitchen,kitchen,entry,kitchen,kitchen,entry,kitchen,kitchen,kitchen,bedroom,entry,kitchen,kitchen,entry,kitchen,kitchen,kitchen,entry,bedroom,living,living,bedroom,bathroom,bedroom,entry,kitchen,kitchen,bathroom,bathroom,bathroom,bedroom,living
14760,d10 Thu 06:00,kitchen,bedroom,entry,kitchen,kitchen,entry,kitchen,kitchen,entry,kitchen,kitchen,kitchen,bedroom,entry,kitchen,kitchen,entry,kitchen,kitchen,kitchen,entry,kitchen,kitchen,living,kitchen,bathroom,bedroom,entry,kitchen,kitchen,bathroom,bathroom,kitchen,bedroom,living
14820,d10 Thu 07:00,outside,bedroom,entry,kitchen,entry,entry,kitchen,kitchen,entry,kitchen,kitchen,kitchen,bedroom,kitchen,kitchen,kitchen,entry,kitchen,kitchen,kitchen,entry,outside,kitchen,living,outside,bathroom,bedroom,entry,kitchen,kitchen,bathroom,bathroom,kitchen,bedroom,living
14880,d10 Thu 08:00,outside,outside,outside,outside,outside,outside,outside,kitchen,outside,outside,kitchen,outside,outside,outside,kitchen,kitchen,entry,kitchen,kitchen,kitchen,outside,outside,kitchen,living,outside,outside,outside,entry,kitchen,kitchen,bathroom,outside,kitchen,outside,living
14940,d10 Thu 09:00,outside,outside,outside,outside,outside,outside,outside,kitchen,outside,outside,kitchen,outside,outside,outside,kitchen,kitchen,entry,kitchen,kitchen,kitchen,outside,outside,kitchen,living,outside,outside,outside,entry,kitchen,kitchen,bathroom,outside,kitchen,outside,living
15000,d10 Thu 10:00,outside,outside,outside,outside,outside,outside,outside,kitchen,outside,outside,kitchen,outside,outside,outside,kitchen,kitchen,entry,kitchen,kitchen,kitchen,outside,outside,kitchen,living,outside,outside,outside,entry,kitchen,kitchen,bathroom,outside,kitchen,outside,living
15060,d10 Thu 11:00,outside,outside,outside,outside,outside,outside,outside,kitchen,outside,outside,kitchen,outside,outside,outside,kitchen,kitchen,entry,kitchen,kitchen,kitchen,outside,outside,kitchen,living,outside,outside,outside,entry,kitchen,kitchen,bathroom,outside,kitchen,outside,living
15120,d10 Thu 12:00,outside,outside,outside,outside,outside,outside,outside,kitchen,outside,outside,kitchen,outside,outside,outside,kitchen,kitchen,entry,kitchen,kitchen,kitchen,outside,outside,kitchen,living,outside,outside,outside,entry,kitchen,kitchen,bathroom,outside,kitchen,outside,living
15180,d10 Thu 13:00,outside,outside,outside,outside,outside,outside,outside,kitchen,outside,outside,kitchen,outside,outside,outside,kitchen,kitchen,entry,kitchen,kitchen,kitchen,outside,outside,kitchen,living,outside,outside,outside,entry,kitchen,kitchen,bathroom,outside,kitchen,outside,living
15240,d10 Thu 14:00,outside,outside,outside,outside,outside,outside,outside,kitchen,outside,outside,kitchen,outside,outside,outside,kitchen,kitchen,entry,kitchen,kitchen,kitchen,outside,outside,kitchen,living,outside,outside,outside,entry,kitchen,kitchen,bathroom,outside,kitchen,outside,living
15300,d10 Thu 15:00,outside,outside,outside,outside,outside,outside,outside,kitchen,outside,outside,kitchen,outside,outside,outside,kitchen,kitchen,entry,kitchen,kitchen,kitchen,outside,outside,kitchen,living,outside,outside,outside,entry,kitchen,kitchen,bathroom,outside,kitchen,outside,living
15360,d10 Thu 16:00,bedroom,kitchen,entry,entry,entry,entry,bathroom,kitchen,kitchen,kitchen,kitchen,kitchen,kitchen,entry,kitchen,kitchen,entry,kitchen,kitchen,kitchen,bathroom,bathroom,kitchen,living,bathroom,bathroom,bedroom,entry,kitchen,kitchen,bathroom,bathroom,bathroom,bedroom,living
15420,d10 Thu 17:00,bedroom,kitchen,entry,entry,entry,entry,bedroom,kitchen,kitchen,kitchen,kitchen,kitchen,kitchen,entry,kitchen,kitchen,entry,kitchen,kitchen,kitchen,bedroom,bedroom,kitchen,living,bedroom,bathroom,bedroom,entry,kitchen,kitchen,bathroom,bathroom,bathroom,bedroom,living
15480,d10 Thu 18:00,bedroom,kitchen,entry,entry,kitchen,entry,bedroom,kitchen,kitchen,kitchen,kitchen,kitchen,kitchen,entry,kitchen,kitchen,entry,kitchen,kitchen,kitchen,bedroom,bedroom,kitchen,living,bedroom,bathroom,bedroom,entry,kitchen,kitchen,bathroom,bathroom,bathroom,bedroom,living
15540,d10 Thu 19:00,bedroom,kitchen,entry,entry,kitchen,entry,bedroom,kitchen,kitchen,kitchen,kitchen,kitchen,kitchen,entry,kitchen,kitchen,entry,kitchen,kitchen,kitchen,bedroom,bedroom,kitchen,living,bedroom,bathroom,bedroom,entry,kitchen,kitchen,bathroom,bathroom,bathroom,bedroom,living
15600,d10 Thu 20:00,bedroom,kitchen,entry,entry,kitchen,entry,kitchen,kitchen,kitchen,kitchen,kitchen,kitchen,bedroom,entry,kitchen,kitchen,entry,kitchen,kitchen,kitchen,bathroom,bathroom,kitchen,living,bathroom,bathroom,bedroom,entry,kitchen,kitchen,bathroom,bathroom,bathroom,bedroom,living
15660,d10 Thu 21:00,bedroom,kitchen,entry,entry,kitchen,entry,kitchen,kitchen,kitchen,kitchen,kitchen,kitchen,bedroom,entry,kitchen,kitchen,entry,kitchen,kitchen,kitchen,bathroom,bathroom,kitchen,living,bathroom,bathroom,bedroom,entry,kitchen,kitchen,bathroom,bathroom,bathroom,bedroom,living
15720,d10 Thu 22:00,bedroom,kitchen,entry,entry,kitchen,entry,kitchen,kitchen,kitchen,kitchen,kitchen,kitchen,bedroom,entry,kitchen,kitchen,entry,kitchen,kitchen,kitchen,bathroom,bathroom,kitchen,living,bathroom,bathroom,bedroom,entry,kitchen,kitchen,bathroom,bathroom,bathroom,bedroom,living
15780,d10 Thu 23:00,bedroom,kitchen,entry,entry,kitchen,entry,kitchen,kitchen,kitchen,kitchen,kitchen,kitchen,bedroom,entry,kitchen,kitchen,entry,kitchen,kitchen,kitchen,bathroom,bathroom,kitchen,living,bathroom,bathroom,bedroom,entry,kitchen,kitchen,bathroom,bathroom,bathroom,bedroom,living
15840,d11 Fri 00:00,bedroom,kitchen,entry,entry,kitchen,entry,kitchen,kitchen,kitchen,kitchen,kitchen,kitchen,kitchen,entry,kitchen,kitchen,entry,kitchen,kitchen,kitchen,bathroom,bathroom,kitchen,living,bathroom,bathroom,bedroom,entry,kitchen,kitchen,bathroom,bathroom,bathroom,bedroom,living
15900,d11 Fri 01:00,bedroom,kitchen,entry,entry,kitchen,entry,kitchen,kitchen,kitchen,kitchen,kitchen,kitchen,kitchen,entry,kitchen,kitchen,entry,kitchen,kitchen,kitchen,bedroom,bedroom,kitchen,living,bedroom,bathroom,bedroom,entry,kitchen,kitchen,bathroom,bathroom,bathroom,bedroom,living
15960,d11 Fri 02:00,bedroom,kitchen,entry,entry,kitchen,entry,kitchen,kitchen,kitchen,kitchen,kitchen,kitchen,kitchen,entry,kitchen,kitchen,entry,kitchen,kitchen,kitchen,bedroom,bedroom,kitchen,living,bedroom,bathroom,bedroom,entry,kitchen,kitchen,bathroom,bathroom,bathroom,bedroom,living
16020,d11 Fri 03:00,bedroom,kitchen,entry,entry,kitchen,entry,kitchen,kitchen,kitchen,kitchen,kitchen,kitchen,kitchen,entry,kitchen,kitchen,entry,kitchen,kitchen,kitchen,bedroom,bedroom,kitchen,living,bedroom,bathroom,bedroom,entry,kitchen,kitchen,bathroom,bathroom,bathroom,bedroom,living
16080,d11 Fri 04:00,bedroom,kitchen,entry,entry,kitchen,entry,kitchen,kitchen,kitchen,kitchen,kitchen,kitchen,kitchen,entry,kitchen,kitchen,entry,kitchen,kitchen,kitchen,bedroom,bedroom,kitchen,living,bedroom,bathroom,bedroom,entry,kitchen,kitchen,bathroom,bathroom,bathroom,bedroom,living
16140,d11 Fri 05:00,bedroom,kitchen,entry,entry,kitchen,entry,kitchen,kitchen,kitchen,kitchen,kitchen,kitchen,kitchen,entry,kitchen,kitchen,entry,kitchen,kitchen,kitchen,bedroom,bedroom,kitchen,living,bedroom,bathroom,bedroom,entry,kitchen,kitchen,bathroom,bathroom,bathroom,bedroom,living
16200,d11 Fri 06:00,bedroom,bedroom,entry,entry,kitchen,entry,kitchen,kitchen,kitchen,kitchen,kitchen,kitchen,kitchen,entry,kitchen,kitchen,entry,kitchen,kitchen,kitchen,kitchen,kitchen,kitchen,living,kitchen,bathroom,bedroom,entry,kitchen,kitchen,bathroom,bathroom,bathroom,bedroom,living
16260,d11 Fri 07:00,bedroom,bedroom,entry,entry,kitchen,entry,kitchen,kitchen,kitchen,kitchen,kitchen,kitchen,kitchen,entry,kitchen,kitchen,entry,kitchen,kitchen,kitchen,kitchen,kitchen,kitchen,living,kitchen,bathroom,bedroom,entry,kitchen,kitchen,bathroom,bathroom,bathroom,bedroom,living
16320,d11 Fri 08:00,bedroom,bedroom,entry,entry,kitchen,entry,kitchen,kitchen,kitchen,kitchen,kitchen,kitchen,kitchen,entry,kitchen,kitchen,entry,kitchen,kitchen,kitchen,kitchen,kitchen,kitchen,living,kitchen,bathroom,bedroom,entry,kitchen,kitchen,bathroom,bathroom,bathroom,bedroom,living
16380,d11 Fri 09:00,kitchen,bedroom,entry,entry,kitchen,entry,kitchen,kitchen,kitchen,kitchen,kitchen,kitchen,kitchen,entry,kitchen,kitchen,entry,kitchen,kitchen,kitchen,bedroom,bedroom,kitchen,living,bedroom,bathroom,bedroom,entry,kitchen,kitchen,bathroom,bathroom,bathroom,bedroom,living
16440,d11 Fri 10:00,kitchen,living,entry,entry,kitchen,entry,kitchen,kitchen,kitchen,kitchen,kitchen,kitchen,kitchen,entry,kitchen,kitchen,entry,kitchen,kitchen,kitchen,bedroom,bedroom,kitchen,living,bedroom,bathroom,bedroom,entry,kitchen,kitchen,bathroom,bathroom,bathroom,bedroom,living
16500,d11 Fri 11:00,kitchen,living,entry,entry,kitchen,entry,kitchen,kitchen,kitchen,kitchen,kitchen,kitchen,kitchen,entry,kitchen,kitchen,entry,kitchen,kitchen,kitchen,kitchen,kitchen,kitchen,living,kitchen,bathroom,bedroom,entry,kitchen,kitchen,bathroom,bathroom,bathroom,bedroom,living
16560,d11 Fri 12:00,kitchen,living,entry,entry,kitchen,entry,kitchen,kitchen,kitchen,kitchen,kitchen,kitchen,kitchen,entry,kitchen,kitchen,entry,kitchen,kitchen,kitchen,kitchen,kitchen,kitchen,living,kitchen,bathroom,bedroom,entry,kitchen,kitchen,bathroom,bathroom,bathroom,bedroom,living
16620,d11 Fri 13:00,kitchen,living,entry,entry,kitchen,entry,kitchen,kitchen,kitchen,kitchen,kitchen,kitchen,kitchen,entry,kitchen,kitchen,entry,kitchen,kitchen,kitchen,bedroom,bedroom,kitchen,living,bedroom,bathroom,bedroom,entry,kitchen,kitchen,bathroom,bathroom,bathroom,bedroom,living
16680,d11 Fri 14:00,kitchen,living,entry,entry,kitchen,entry,kitchen,kitchen,kitchen,kitchen,kitchen,kitchen,kitchen,entry,kitchen,kitchen,entry,kitchen,kitchen,kitchen,living,living,living,living,living,bathroom,bedroom,entry,kitchen,kitchen,bathroom,bathroom,bathroom,bedroom,living
16740,d11 Fri 15:00,kitchen,living,entry,entry,kitchen,entry,kitchen,kitchen,kitchen,kitchen,kitchen,kitchen,kitchen,entry,kitchen,kitchen,entry,kitchen,kitchen,kitchen,kitchen,kitchen,living,living,kitchen,bathroom,bedroom,entry,kitchen,kitchen,bathroom,bathroom,bathroom,bedroom,living
16800,d11 Fri 16:00,kitchen,living,entry,entry,entry,entry,kitchen,kitchen,kitchen,kitchen,kitchen,kitchen,kitchen,entry,kitchen,kitchen,entry,kitchen,kitchen,kitchen,bathroom,bathroom,living,living,bathroom,bathroom,bedroom,entry,kitchen,kitchen,bathroom,bathroom,bathroom,bedroom,living
16860,d11 Fri 17:00,kitchen,living,entry,entry,entry,entry,kitchen,kitchen,kitchen,kitchen,kitchen,kitchen,kitchen,entry,kitchen,kitchen,entry,kitchen,kitchen,kitchen,bathroom,bathroom,living,living,bathroom,bathroom,bedroom,entry,kitchen,kitchen,bathroom,bathroom,bathroom,bedroom,living
16920,d11 Fri 18:00,kitchen,living,kitchen,entry,entry,entry,kitchen,kitchen,kitchen,kitchen,kitchen,kitchen,kitchen,entry,kitchen,kitchen,entry,kitchen,kitchen,kitchen,bathroom,bathroom,living,living,bathroom,bathroom,bedroom,entry,kitchen,kitchen,bathroom,bathroom,bathroom,bedroom,living
16980,d11 Fri 19:00,kitchen,living,kitchen,entry,entry,entry,kitchen,kitchen,kitchen,kitchen,kitchen,kitchen,kitchen,entry,kitchen,kitchen,entry,kitchen,kitchen,kitchen,bathroom,bathroom,living,living,bathroom,bathroom,bedroom,entry,kitchen,kitchen,bathroom,bathroom,bathroom,bedroom,living
17040,d11 Fri 20:00,kitchen,living,kitchen,entry,entry,entry,kitchen,kitchen,kitchen,kitchen,kitchen,kitchen,kitchen,kitchen,kitchen,kitchen,entry,kitchen,kitchen,kitchen,bathroom,bathroom,living,living,bathroom,bathroom,bedroom,entry,kitchen,kitchen,bathroom,bathroom,bathroom,bedroom,living
17100,d11 Fri 21:00,kitchen,living,kitchen,entry,entry,entry,kitchen,kitchen,kitchen,kitchen,kitchen,kitchen,kitchen,kitchen,kitchen,kitchen,entry,kitchen,kitchen,kitchen,bedroom,bedroom,living,living,bedroom,bathroom,bedroom,entry,kitchen,kitchen,bedroom,bathroom,bathroom,bedroom,living
17160,d11 Fri 22:00,kitchen,living,kitchen,entry,entry,entry,kitchen,kitchen,kitchen,kitchen,kitchen,kitchen,kitchen,kitchen,kitchen,kitchen,entry,kitchen,kitchen,kitchen,bedroom,bedroom,living,living,bedroom,bathroom,bedroom,entry,kitchen,kitchen,bedroom,bathroom,bathroom,bedroom,living
17220,d11 Fri 23:00,kitchen,living,kitchen,entry,entry,entry,kitchen,kitchen,kitchen,kitchen,kitchen,kitchen,kitchen,kitchen,kitchen,kitchen,entry,kitchen,kitchen,kitchen,bedroom,bedroom,living,living,bedroom,bathroom,bedroom,entry,kitchen,kitchen,bedroom,bathroom,bathroom,bedroom,living
17280,d12 Sat 00:00,kitchen,living,kitchen,entry,entry,entry,kitchen,kitchen,kitchen,kitchen,kitchen,kitchen,kitchen,kitchen,kitchen,kitchen,entry,kitchen,kitchen,kitchen,bedroom,bedroom,living,living,bedroom,bathroom,bedroom,entry,kitchen,kitchen,bedroom,bathroom,bathroom,bedroom,living
17340,d12 Sat 01:00,kitchen,living,kitchen,entry,entry,entry,kitchen,kitchen,kitchen,kitchen,kitchen,kitchen,kitchen,kitchen,kitchen,kitchen,entry,kitchen,kitchen,kitchen,bedroom,bedroom,living,living,bedroom,bathroom,bedroom,entry,kitchen,kitchen,bedroom,bathroom,bathroom,bedroom,living
17400,d12 Sat 02:00,kitchen,living,kitchen,entry,entry,entry,kitchen,kitchen,kitchen,kitchen,kitchen,kitchen,kitchen,kitchen,kitchen,kitchen,entry,kitchen,kitchen,kitchen,bedroom,bedroom,living,living,bedroom,bathroom,bedroom,entry,kitchen,kitchen,bedroom,bathroom,bathroom,bedroom,living
17460,d12 Sat 03:00,kitchen,living,kitchen,entry,entry,entry,kitchen,kitchen,kitchen,kitchen,kitchen,kitchen,kitchen,kitchen,kitchen,kitchen,entry,kitchen,kitchen,kitchen,bedroom,bedroom,living,living,bedroom,bathroom,bedroom,entry,kitchen,kitchen,bedroom,bathroom,bathroom,bedroom,living
17520,d12 Sat 04:00,kitchen,living,kitchen,entry,entry,entry,kitchen,kitchen,kitchen,kitchen,kitchen,kitchen,kitchen,kitchen,kitchen,kitchen,entry,kitchen,kitchen,kitchen,bedroom,bedroom,living,living,bedroom,bathroom,bedroom,entry,kitchen,kitchen,bedroom,bathroom,bathroom,bedroom,living
17580,d12 Sat 05:00,kitchen,living,kitchen,entry,entry,entry,kitchen,kitchen,kitchen,kitchen,kitchen,kitchen,kitchen,kitchen,kitchen,kitchen,entry,kitchen,kitchen,kitchen,bedroom,bedroom,living,living,bedroom,bathroom,bedroom,entry,kitchen,kitchen,bedroom,bathroom,bathroom,bedroom,living
17640,d12 Sat 06:00,kitchen,living,kitchen,entry,entry,entry,kitchen,kitchen,kitchen,kitchen,kitchen,kitchen,kitchen,kitchen,kitchen,kitchen,entry,kitchen,kitchen,kitchen,bedroom,bedroom,living,living,bedroom,bathroom,bedroom,entry,kitchen,kitchen,bedroom,bathroom,bathroom,bedroom,living
17700,d12 Sat 07:00,kitchen,living,kitchen,entry,entry,entry,kitchen,kitchen,kitchen,kitchen,kitchen,kitchen,kitchen,kitchen,kitchen,kitchen,entry,kitchen,kitchen,kitchen,bedroom,bedroom,living,living,bedroom,bathroom,bedroom,entry,kitchen,kitchen,bedroom,bathroom,bathroom,bedroom,living
17760,d12 Sat 08:00,kitchen,bedroom,kitchen,entry,entry,entry,kitchen,kitchen,kitchen,kitchen,kitchen,kitchen,kitchen,kitchen,kitchen,kitchen,entry,kitchen,kitchen,kitchen,kitchen,kitchen,kitchen,living,kitchen,bathroom,bedroom,entry,kitchen,kitchen,bedroom,bathroom,kitchen,bedroom,living
17820,d12 Sat 09:00,kitchen,bedroom,kitchen,entry,kitchen,entry,kitchen,bedroom,kitchen,kitchen,kitchen,kitchen,kitchen,kitchen,living,kitchen,entry,kitchen,kitchen,kitchen,bedroom,bedroom,kitchen,living,bedroom,bathroom,bedroom,entry,kitchen,kitchen,bedroom,bathroom,kitchen,bedroom,living
17880,d12 Sat 10:00,kitchen,bedroom,kitchen,entry,kitchen,entry,kitchen,bedroom,kitchen,kitchen,kitchen,kitchen,kitchen,kitchen,living,kitchen,entry,kitchen,kitchen,kitchen,bedroom,bedroom,kitchen,living,bedroom,bathroom,bedroom,entry,kitchen,kitchen,bedroom,bathroom,kitchen,bedroom,living
17940,d12 Sat 11:00,kitchen,bedroom,kitchen,entry,kitchen,entry,kitchen,bedroom,kitchen,kitchen,kitchen,kitchen,kitchen,kitchen,living,kitchen,entry,kitchen,kitchen,kitchen,kitchen,kitchen,kitchen,living,kitchen,bathroom,bedroom,entry,kitchen,kitchen,bedroom,bathroom,kitchen,bedroom,living
18000,d12 Sat 12:00,kitchen,bedroom,kitchen,entry,entry,entry,kitchen,bedroom,kitchen,kitchen,kitchen,kitchen,kitchen,kitchen,kitchen,kitchen,kitchen,kitchen,kitchen,kitchen,kitchen,kitchen,kitchen,living,kitchen,bathroom,bedroom,entry,kitchen,kitchen,bedroom,bathroom,kitchen,bedroom,living
18060,d12 Sat 13:00,kitchen,bedroom,entry,entry,entry,entry,kitchen,bedroom,kitchen,kitchen,kitchen,kitchen,kitchen,entry,kitchen,kitchen,entry,kitchen,kitchen,kitchen,bedroom,bedroom,living,living,bedroom,bathroom,bedroom,entry,kitchen,kitchen,bedroom,bathroom,kitchen,bedroom,living
18120,d12 Sat 14:00,kitchen,bedroom,entry,entry,entry,entry,kitchen,bedroom,kitchen,kitchen,kitchen,kitchen,kitchen,entry,kitchen,kitchen,entry,kitchen,kitchen,kitchen,bedroom,bedroom,living,living,bedroom,bathroom,bedroom,entry,kitchen,kitchen,bedroom,bathroom,kitchen,bedroom,living
18180,d12 Sat 15:00,kitchen,bedroom,entry,entry,entry,entry,kitchen,bedroom,kitchen,kitchen,kitchen,kitchen,kitchen,entry,kitchen,kitchen,entry,kitchen,kitchen,kitchen,bedroom,bedroom,living,living,bedroom,bathroom,bedroom,entry,kitchen,kitchen,bedroom,bathroom,kitchen,bedroom,living
18240,d12 Sat 16:00,kitchen,bedroom,entry,entry,entry,entry,kitchen,bedroom,kitchen,kitchen,kitchen,kitchen,kitchen,entry,kitchen,kitchen,entry,kitchen,kitchen,kitchen,bedroom,bedroom,living,living,bedroom,bathroom,bedroom,entry,kitchen,kitchen,bedroom,bathroom,kitchen,bedroom,living
18300,d12 Sat 17:00,kitchen,bedroom,entry,entry,entry,entry,kitchen,bedroom,kitchen,kitchen,kitchen,kitchen,kitchen,entry,kitchen,kitchen,entry,kitchen,kitchen,kitchen,bedroom,bedroom,living,living,bedroom,bathroom,bedroom,entry,kitchen,kitchen,bedroom,bathroom,kitchen,bedroom,living
18360,d12 Sat 18:00,kitchen,bedroom,entry,entry,entry,entry,kitchen,bedroom,kitchen,kitchen,kitchen,kitchen,kitchen,entry,kitchen,kitchen,entry,kitchen,kitchen,kitchen,kitchen,kitchen,living,living,kitchen,bathroom,bedroom,entry,kitchen,kitchen,bedroom,bathroom,kitchen,bedroom,living
18420,d12 Sat 19:00,kitchen,bedroom,entry,entry,entry,entry,kitchen,bedroom,kitchen,kitchen,kitchen,kitchen,kitchen,entry,kitchen,kitchen,entry,kitchen,kitchen,kitchen,kitchen,kitchen,living,living,kitchen,bathroom,bedroom,entry,kitchen,kitchen,bedroom,bathroom,kitchen,bedroom,living
18480,d12 Sat 20:00,kitchen,bedroom,entry,entry,entry,entry,kitchen,bedroom,kitchen,kitchen,kitchen,kitchen,kitchen,entry,kitchen,kitchen,entry,kitchen,kitchen,kitchen,bathroom,bathroom,living,living,bathroom,bathroom,bedroom,entry,kitchen,kitchen,bathroom,bathroom,bathroom,bedroom,living
18540,d12 Sat 21:00,kitchen,bedroom,entry,entry,entry,entry,kitchen,bedroom,kitchen,kitchen,kitchen,kitchen,kitchen,entry,kitchen,kitchen,entry,kitchen,kitchen,kitchen,bathroom,bathroom,living,living,bathroom,bathroom,bedroom,entry,kitchen,kitchen,bathroom,bathroom,bathroom,bedroom,living
18600,d12 Sat 22:00,kitchen,bedroom,entry,entry,entry,entry,kitchen,bedroom,kitchen,kitchen,kitchen,kitchen,kitchen,entry,kitchen,kitchen,entry,kitchen,kitchen,kitchen,bathroom,bathroom,living,living,bathroom,bathroom,bedroom,entry,kitchen,kitchen,bathroom,bathroom,bedroom,bedroom,living
18660,d12 Sat 23:00,kitchen,bedroom,entry,entry,entry,entry,kitchen,bedroom,kitchen,kitchen,kitchen,kitchen,kitchen,entry,kitchen,kitchen,entry,kitchen,kitchen,kitchen,bathroom,bathroom,living,living,bathroom,bathroom,bedroom,entry,kitchen,kitchen,bathroom,bathroom,bedroom,bedroom,living
18720,d13 Sun 00:00,kitchen,bedroom,entry,entry,entry,entry,kitchen,bedroom,kitchen,kitchen,kitchen,kitchen,kitchen,entry,kitchen,kitchen,entry,kitchen,kitchen,kitchen,bedroom,bedroom,living,living,bedroom,bathroom,bedroom,entry,kitchen,kitchen,bathroom,bathroom,bedroom,bedroom,living
18780,d13 Sun 01:00,kitchen,bedroom,entry,entry,entry,entry,kitchen,bedroom,kitchen,kitchen,kitchen,kitchen,kitchen,entry,kitchen,kitchen,entry,kitchen,kitchen,kitchen,bedroom,bedroom,living,living,bedroom,bathroom,bedroom,entry,kitchen,kitchen,bathroom,bathroom,bedroom,bedroom,living
18840,d13 Sun 02:00,kitchen,bedroom,entry,entry,entry,entry,kitchen,bedroom,kitchen,kitchen,kitchen,kitchen,kitchen,entry,kitchen,kitchen,entry,kitchen,kitchen,kitchen,bedroom,bedroom,living,living,bedroom,bathroom,bedroom,entry,kitchen,kitchen,bathroom,bathroom,bedroom,bedroom,living
18900,d13 Sun 03:00,kitchen,bedroom,entry,entry,entry,entry,kitchen,bedroom,kitchen,kitchen,kitchen,kitchen,kitchen,entry,kitchen,kitchen,entry,kitchen,kitchen,kitchen,bedroom,bedroom,living,living,bedroom,bathroom,bedroom,entry,kitchen,kitchen,bathroom,bathroom,bedroom,bedroom,living
18960,d13 Sun 04:00,kitchen,bedroom,entry,entry,entry,entry,kitchen,bedroom,kitchen,kitchen,kitchen,kitchen,kitchen,entry,kitchen,kitchen,entry,kitchen,kitchen,kitchen,bedroom,bedroom,living,living,bedroom,bathroom,bedroom,entry,kitchen,kitchen,bathroom,bathroom,bedroom,bedroom,living
19020,d13 Sun 05:00,kitchen,bedroom,entry,entry,entry,entry,kitchen,bedroom,kitchen,kitchen,kitchen,kitchen,kitchen,entry,kitchen,kitchen,entry,kitchen,kitchen,kitchen,bedroom,bedroom,living,living,bedroom,bathroom,bedroom,entry,kitchen,kitchen,bathroom,bathroom,bedroom,bedroom,living
19080,d13 Sun 06:00,kitchen,bedroom,entry,entry,entry,entry,kitchen,bedroom,kitchen,kitchen,kitchen,kitchen,kitchen,entry,kitchen,kitchen,entry,kitchen,kitchen,kitchen,bedroom,bedroom,living,living,bedroom,bathroom,bedroom,entry,kitchen,kitchen,bathroom,bathroom,bedroom,bedroom,living
19140,d13 Sun 07:00,kitchen,bedroom,entry,entry,entry,entry,kitchen,bedroom,kitchen,kitchen,kitchen,kitchen,kitchen,entry,kitchen,kitchen,entry,kitchen,kitchen,kitchen,bedroom,bedroom,living,living,bedroom,bathroom,bedroom,entry,kitchen,kitchen,bathroom,bathroom,bedroom,bedroom,living
19200,d13 Sun 08:00,outside,outside,outside,outside,outside,outside,outside,bedroom,outside,outside,kitchen,outside,outside,outside,kitchen,kitchen,entry,kitchen,kitchen,kitchen,outside,outside,living,living,outside,outside,outside,entry,kitchen,kitchen,kitchen,outside,kitchen,outside,living
19260,d13 Sun 09:00,kitchen,bedroom,entry,entry,entry,entry,kitchen,bedroom,kitchen,kitchen,kitchen,kitchen,kitchen,entry,kitchen,kitchen,entry,kitchen,kitchen,kitchen,living,living,living,living,living,bedroom,bedroom,entry,kitchen,kitchen,kitchen,bathroom,kitchen,bedroom,living
19320,d13 Sun 10:00,kitchen,bedroom,entry,entry,entry,entry,kitchen,bedroom,kitchen,kitchen,kitchen,kitchen,kitchen,entry,kitchen,kitchen,entry,kitchen,kitchen,kitchen,living,living,living,living,living,bedroom,bedroom,entry,kitchen,kitchen,kitchen,bathroom,kitchen,bedroom,living
19380,d13 Sun 11:00,outside,outside,outside,outside,outside,outside,outside,kitchen,outside,outside,kitchen,outside,outside,outside,kitchen,kitchen,entry,kitchen,kitchen,kitchen,outside,outside,living,living,outside,outside,outside,entry,kitchen,kitchen,kitchen,outside,kitchen,outside,living
19440,d13 Sun 12:00,outside,outside,outside,outside,outside,outside,outside,kitchen,outside,outside,kitchen,outside,outside,outside,kitchen,kitchen,entry,kitchen,kitchen,kitchen,outside,outside,living,living,outside,outside,outside,entry,kitchen,kitchen,kitchen,outside,kitchen,outside,living
19500,d13 Sun 13:00,kitchen,bedroom,entry,entry,entry,entry,kitchen,living,kitchen,kitchen,kitchen,kitchen,kitchen,bathroom,living,kitchen,entry,kitchen,kitchen,kitchen,living,living,living,living,living,bathroom,bedroom,entry,kitchen,kitchen,kitchen,bathroom,kitchen,bedroom,living
19560,d13 Sun 14:00,kitchen,bedroom,entry,entry,entry,entry,kitchen,bedroom,kitchen,kitchen,kitchen,kitchen,kitchen,entry,living,kitchen,kitchen,kitchen,kitchen,kitchen,kitchen,living,living,living,living,bathroom,bedroom,entry,kitchen,kitchen,kitchen,bathroom,kitchen,bedroom,living
19620,d13 Sun 15:00,kitchen,bedroom,entry,entry,entry,entry,kitchen,bedroom,kitchen,kitchen,kitchen,kitchen,kitchen,entry,living,kitchen,kitchen,kitchen,kitchen,kitchen,kitchen,living,living,living,living,bathroom,bedroom,entry,kitchen,kitchen,kitchen,bathroom,kitchen,bedroom,living
19680,d13 Sun 16:00,kitchen,bedroom,entry,entry,entry,entry,kitchen,bedroom,kitchen,kitchen,kitchen,kitchen,kitchen,entry,living,kitchen,kitchen,kitchen,kitchen,kitchen,kitchen,living,living,living,living,bathroom,bedroom,entry,kitchen,kitchen,kitchen,bathroom,kitchen,bedroom,living
19740,d13 Sun 17:00,kitchen,bedroom,entry,entry,entry,entry,kitchen,bedroom,kitchen,kitchen,kitchen,kitchen,kitchen,entry,living,kitchen,kitchen,kitchen,kitchen,kitchen,kitchen,living,living,living,living,bathroom,bedroom,entry,kitchen,kitchen,kitchen,bathroom,kitchen,bedroom,living
19800,d13 Sun 18:00,kitchen,bedroom,entry,entry,entry,entry,kitchen,bedroom,kitchen,kitchen,kitchen,kitchen,kitchen,entry,living,kitchen,kitchen,kitchen,kitchen,kitchen,kitchen,living,living,living,living,bathroom,bedroom,entry,kitchen,kitchen,kitchen,bathroom,kitchen,bedroom,living
19860,d13 Sun 19:00,kitchen,bedroom,entry,entry,entry,entry,kitchen,bedroom,kitchen,kitchen,kitchen,kitchen,kitchen,entry,living,kitchen,kitchen,kitchen,kitchen,kitchen,kitchen,living,living,living,living,bathroom,bedroom,entry,kitchen,kitchen,kitchen,bathroom,kitchen,bedroom,living
19920,d13 Sun 20:00,kitchen,bedroom,entry,entry,entry,entry,kitchen,bedroom,kitchen,kitchen,kitchen,kitchen,kitchen,entry,living,kitchen,kitchen,kitchen,kitchen,kitchen,kitchen,living,living,living,living,bathroom,bedroom,entry,kitchen,kitchen,kitchen,bathroom,kitchen,bedroom,living
19980,d13 Sun 21:00,kitchen,bedroom,entry,entry,entry,entry,kitchen,bedroom,kitchen,kitchen,kitchen,kitchen,kitchen,entry,living,kitchen,kitchen,kitchen,kitchen,kitchen,bathroom,living,living,living,living,bathroom,bedroom,entry,kitchen,kitchen,bathroom,bathroom,bathroom,bedroom,living
20040,d13 Sun 22:00,kitchen,bedroom,entry,entry,entry,entry,kitchen,bedroom,kitchen,kitchen,kitchen,kitchen,kitchen,entry,living,kitchen,kitchen,kitchen,kitchen,kitchen,bathroom,living,living,living,living,bathroom,bedroom,entry,kitchen,kitchen,bedroom,bathroom,bathroom,bedroom,living
20100,d13 Sun 23:00,kitchen,bedroom,entry,entry,entry,entry,kitchen,bedroom,kitchen,kitchen,kitchen,kitchen,kitchen,entry,living,kitchen,kitchen,kitchen,kitchen,kitchen,bathroom,living,living,living,living,bathroom,bedroom,entry,kitchen,kitchen,bedroom,bathroom,bathroom,bedroom,living
20160,d14 Mon 00:00,kitchen,bedroom,entry,entry,entry,entry,kitchen,bedroom,kitchen,kitchen,kitchen,kitchen,kitchen,entry,living,kitchen,kitchen,kitchen,kitchen,kitchen,bathroom,living,living,living,living,bathroom,bedroom,entry,kitchen,kitchen,bedroom,bathroom,bathroom,bedroom,living
20220,d14 Mon 01:00,kitchen,bedroom,entry,entry,entry,entry,kitchen,bedroom,kitchen,kitchen,kitchen,kitchen,kitchen,entry,living,kitchen,kitchen,kitchen,kitchen,kitchen,bedroom,living,living,living,living,bathroom,bedroom,entry,kitchen,kitchen,bedroom,bathroom,bathroom,bedroom,living
20280,d14 Mon 02:00,kitchen,bedroom,entry,entry,entry,entry,kitchen,bedroom,kitchen,kitchen,kitchen,kitchen,kitchen,entry,living,kitchen,kitchen,kitchen,kitchen,kitchen,bedroom,living,living,living,living,bathroom,bedroom,entry,kitchen,kitchen,bedroom,bathroom,bathroom,bedroom,living
20340,d14 Mon 03:00,kitchen,bedroom,entry,entry,entry,entry,kitchen,bedroom,kitchen,kitchen,kitchen,kitchen,kitchen,entry,living,kitchen,kitchen,kitchen,kitchen,kitchen,bedroom,living,living,living,living,bathroom,bedroom,entry,kitchen,kitchen,bedroom,bathroom,bathroom,bedroom,living
20400,d14 Mon 04:00,kitchen,bedroom,entry,entry,entry,entry,kitchen,bedroom,kitchen,kitchen,kitchen,kitchen,kitchen,entry,living,kitchen,kitchen,kitchen,kitchen,kitchen,bedroom,living,living,living,living,bathroom,bedroom,entry,kitchen,kitchen,bedroom,bathroom,bathroom,bedroom,living
20460,d14 Mon 05:00,kitchen,bedroom,entry,entry,entry,entry,kitchen,bedroom,kitchen,kitchen,kitchen,kitchen,kitchen,entry,living,kitchen,kitchen,kitchen,kitchen,kitchen,bedroom,living,living,living,living,bathroom,bedroom,entry,kitchen,kitchen,bedroom,bathroom,bathroom,bedroom,living
20520,d14 Mon 06:00,kitchen,bedroom,entry,entry,kitchen,entry,kitchen,bedroom,kitchen,kitchen,kitchen,kitchen,kitchen,entry,kitchen,kitchen,kitchen,kitchen,kitchen,kitchen,kitchen,living,living,living,living,bathroom,bedroom,entry,kitchen,kitchen,bathroom,bathroom,bathroom,bedroom,living
20580,d14 Mon 07:00,outside,outside,outside,outside,outside,outside,outside,bedroom,outside,outside,kitchen,outside,outside,outside,kitchen,kitchen,kitchen,kitchen,kitchen,kitchen,outside,outside,living,living,outside,outside,outside,entry,kitchen,kitchen,bathroom,outside,bathroom,outside,living
20640,d14 Mon 08:00,outside,outside,outside,outside,outside,outside,outside,bedroom,outside,outside,kitchen,outside,outside,outside,kitchen,kitchen,kitchen,kitchen,kitchen,kitchen,outside,outside,living,living,outside,outside,outside,entry,kitchen,kitchen,bathroom,outside,bathroom,outside,living
20700,d14 Mon 09:00,outside,outside,outside,outside,outside,outside,outside,bedroom,outside,outside,kitchen,outside,outside,outside,kitchen,kitchen,kitchen,kitchen,kitchen,kitchen,outside,outside,living,living,outside,outside,outside,entry,kitchen,kitchen,bathroom,outside,bathroom,outside,living
20760,d14 Mon 10:00,outside,outside,outside,outside,outside,outside,outside,bedroom,outside,outside,kitchen,outside,outside,outside,kitchen,kitchen,kitchen,kitchen,kitchen,kitchen,outside,outside,living,living,outside,outside,outside,entry,kitchen,kitchen,bathroom,outside,bathroom,outside,living
20820,d14 Mon 11:00,outside,outside,outside,outside,outside,outside,outside,bedroom,outside,outside,kitchen,outside,outside,outside,kitchen,kitchen,kitchen,kitchen,kitchen,kitchen,outside,outside,living,living,outside,outside,outside,entry,kitchen,kitchen,bathroom,outside,bathroom,outside,living
20880,d14 Mon 12:00,outside,outside,outside,outside,outside,outside,outside,bedroom,outside,outside,kitchen,outside,outside,outside,kitchen,kitchen,kitchen,kitchen,kitchen,kitchen,outside,outside,living,living,outside,outside,outside,entry,kitchen,kitchen,bathroom,outside,bathroom,outside,living
20940,d14 Mon 13:00,outside,outside,outside,outside,outside,outside,outside,bedroom,outside,outside,kitchen,outside,outside,outside,kitchen,kitchen,kitchen,kitchen,kitchen,kitchen,outside,outside,living,living,outside,outside,outside,entry,kitchen,kitchen,bathroom,outside,bathroom,outside,living
21000,d14 Mon 14:00,outside,outside,outside,outside,outside,outside,outside,bedroom,outside,outside,kitchen,outside,outside,outside,kitchen,kitchen,kitchen,kitchen,kitchen,kitchen,outside,outside,living,living,outside,outside,outside,entry,kitchen,kitchen,bathroom,outside,bathroom,outside,living
21060,d14 Mon 15:00,outside,outside,outside,outside,outside,outside,outside,bedroom,outside,outside,kitchen,outside,outside,outside,kitchen,kitchen,kitchen,kitchen,kitchen,kitchen,outside,outside,living,living,outside,outside,outside,entry,kitchen,kitchen,bathroom,outside,bathroom,outside,living
21120,d14 Mon 16:00,kitchen,kitchen,entry,entry,entry,entry,entry,bedroom,kitchen,kitchen,kitchen,kitchen,kitchen,entry,kitchen,kitchen,kitchen,kitchen,kitchen,kitchen,kitchen,living,living,living,kitchen,bathroom,bedroom,entry,kitchen,kitchen,bathroom,bathroom,bathroom,bedroom,living
21180,d14 Mon 17:00,kitchen,kitchen,entry,entry,entry,entry,entry,bedroom,kitchen,kitchen,kitchen,kitchen,kitchen,entry,kitchen,kitchen,kitchen,kitchen,kitchen,kitchen,kitchen,living,living,living,kitchen,bathroom,bedroom,entry,kitchen,kitchen,bathroom,bathroom,bathroom,bedroom,living
21240,d14 Mon 18:00,kitchen,kitchen,entry,entry,entry,entry,entry,living,living,kitchen,kitchen,kitchen,kitchen,entry,kitchen,kitchen,kitchen,kitchen,kitchen,kitchen,kitchen,living,living,living,living,bathroom,bedroom,entry,kitchen,kitchen,bathroom,bathroom,bathroom,bedroom,living
21300,d14 Mon 19:00,kitchen,kitchen,entry,entry,entry,entry,entry,living,living,kitchen,kitchen,kitchen,kitchen,entry,living,kitchen,kitchen,kitchen,kitchen,kitchen,living,living,living,living,living,bathroom,bedroom,entry,kitchen,kitchen,bathroom,bathroom,bathroom,bedroom,living
21360,d14 Mon 20:00,kitchen,kitchen,entry,entry,entry,entry,entry,living,living,kitchen,kitchen,kitchen,kitchen,entry,kitchen,kitchen,kitchen,kitchen,kitchen,kitchen,living,living,living,living,living,bathroom,bedroom,entry,kitchen,kitchen,bathroom,bathroom,bathroom,bedroom,living
21420,d14 Mon 21:00,kitchen,kitchen,entry,entry,entry,entry,entry,living,bathroom,kitchen,kitchen,kitchen,kitchen,entry,kitchen,kitchen,kitchen,kitchen,kitchen,kitchen,living,living,living,living,bathroom,bathroom,bedroom,entry,kitchen,kitchen,bedroom,bathroom,bathroom,bedroom,living
21480,d14 Mon 22:00,kitchen,kitchen,entry,entry,entry,entry,entry,living,bathroom,kitchen,kitchen,kitchen,kitchen,entry,kitchen,kitchen,kitchen,kitchen,kitchen,kitchen,living,living,living,living,bathroom,bathroom,bedroom,entry,kitchen,kitchen,bedroom,bathroom,bathroom,bedroom,living
21540,d14 Mon 23:00,kitchen,kitchen,entry,entry,entry,entry,entry,living,bathroom,kitchen,kitchen,kitchen,kitchen,entry,kitchen,kitchen,kitchen,kitchen,kitchen,kitchen,living,living,living,living,bathroom,bathroom,bedroom,entry,kitchen,kitchen,bedroom,bathroom,bathroom,bedroom,living
21600,d15 Tue 00:00,kitchen,kitchen,entry,entry,entry,entry,entry,living,bedroom,kitchen,kitchen,kitchen,kitchen,entry,kitchen,kitchen,kitchen,kitchen,kitchen,kitchen,living,living,living,living,bedroom,bathroom,bedroom,entry,kitchen,kitchen,bedroom,bathroom,bathroom,bedroom,living
21660,d15 Tue 01:00,kitchen,kitchen,entry,entry,entry,entry,entry,living,bedroom,kitchen,kitchen,kitchen,kitchen,entry,kitchen,kitchen,kitchen,kitchen,kitchen,kitchen,living,living,living,living,bedroom,bathroom,bedroom,entry,kitchen,kitchen,bedroom,bathroom,bathroom,bedroom,living
21720,d15 Tue 02:00,kitchen,kitchen,entry,entry,entry,entry,entry,living,bedroom,kitchen,kitchen,kitchen,kitchen,entry,kitchen,kitchen,kitchen,kitchen,kitchen,kitchen,living,living,living,living,bedroom,bathroom,bedroom,entry,kitchen,kitchen,bedroom,bathroom,bathroom,bedroom,living
21780,d15 Tue 03:00,kitchen,kitchen,entry,entry,entry,entry,entry,living,bedroom,kitchen,kitchen,kitchen,kitchen,entry,kitchen,kitchen,kitchen,kitchen,kitchen,kitchen,living,living,living,living,bedroom,bathroom,bedroom,entry,kitchen,kitchen,bedroom,bathroom,bathroom,bedroom,living
21840,d15 Tue 04:00,kitchen,kitchen,entry,entry,entry,entry,entry,living,bedroom,kitchen,kitchen,kitchen,kitchen,entry,kitchen,kitchen,kitchen,kitchen,kitchen,kitchen,living,living,living,living,bedroom,bathroom,bedroom,entry,kitchen,kitchen,bedroom,bathroom,bathroom,bedroom,living
21900,d15 Tue 05:00,kitchen,kitchen,entry,entry,entry,entry,entry,living,bedroom,kitchen,kitchen,kitchen,kitchen,entry,kitchen,kitchen,kitchen,kitchen,kitchen,kitchen,living,living,living,living,bedroom,bathroom,bedroom,entry,kitchen,kitchen,bedroom,kitchen,bathroom,bedroom,living
21960,d15 Tue 06:00,kitchen,bedroom,entry,entry,entry,entry,entry,living,kitchen,kitchen,kitchen,kitchen,kitchen,entry,kitchen,kitchen,kitchen,kitchen,kitchen,kitchen,living,living,living,living,kitchen,bathroom,bedroom,entry,kitchen,kitchen,bathroom,bathroom,kitchen,bedroom,living
22020,d15 Tue 07:00,outside,outside,outside,outside,outside,outside,outside,living,outside,outside,kitchen,outside,outside,outside,kitchen,kitchen,kitchen,kitchen,kitchen,kitchen,outside,outside,living,living,outside,outside,outside,entry,kitchen,kitchen,bathroom,outside,kitchen,outside,living
22080,d15 Tue 08:00,outside,outside,outside,outside,outside,outside,outside,living,outside,outside,kitchen,outside,outside,outside,kitchen,kitchen,kitchen,kitchen,kitchen,kitchen,outside,outside,living,living,outside,outside,outside,entry,kitchen,kitchen,bathroom,outside,kitchen,outside,living
22140,d15 Tue 09:00,outside,outside,outside,outside,outside,outside,outside,living,outside,outside,kitchen,outside,outside,outside,kitchen,kitchen,kitchen,kitchen,kitchen,kitchen,outside,outside,living,living,outside,outside,outside,entry,kitchen,kitchen,bathroom,outside,kitchen,outside,living
22200,d15 Tue 10:00,outside,outside,outside,outside,outside,outside,outside,living,outside,outside,kitchen,outside,outside,outside,kitchen,kitchen,kitchen,kitchen,kitchen,kitchen,outside,outside,living,living,outside,outside,outside,entry,kitchen,kitchen,bathroom,outside,kitchen,outside,living
22260,d15 Tue 11:00,outside,outside,outside,outside,outside,outside,outside,living,outside,outside,kitchen,outside,outside,outside,kitchen,kitchen,kitchen,kitchen,kitchen,kitchen,outside,outside,living,living,outside,outside,outside,entry,kitchen,kitchen,bathroom,outside,kitchen,outside,living
22320,d15 Tue 12:00,outside,outside,outside,outside,outside,outside,outside,living,outside,outside,kitchen,outside,outside,outside,kitchen,kitchen,kitchen,kitchen,kitchen,kitchen,outside,outside,living,living,outside,outside,outside,entry,kitchen,kitchen,bathroom,outside,kitchen,outside,living
22380,d15 Tue 13:00,outside,outside,outside,outside,outside,kitchen,outside,living,outside,outside,kitchen,outside,outside,outside,kitchen,kitchen,kitchen,kitchen,kitchen,kitchen,outside,outside,living,living,outside,outside,outside,entry,kitchen,kitchen,bathroom,outside,kitchen,outside,living
22440,d15 Tue 14:00,outside,outside,outside,outside,outside,kitchen,outside,living,outside,outside,kitchen,outside,outside,outside,kitchen,kitchen,kitchen,kitchen,kitchen,kitchen,outside,outside,living,living,outside,outside,outside,entry,kitchen,kitchen,bathroom,outside,kitchen,outside,living
22500,d15 Tue 15:00,outside,outside,outside,outside,outside,kitchen,outside,living,outside,outside,kitchen,outside,outside,outside,kitchen,kitchen,kitchen,kitchen,kitchen,kitchen,outside,outside,living,living,outside,outside,outside,entry,kitchen,kitchen,bathroom,outside,kitchen,outside,living
22560,d15 Tue 16:00,outside,outside,outside,outside,outside,kitchen,outside,living,outside,outside,kitchen,outside,outside,outside,kitchen,kitchen,kitchen,kitchen,kitchen,kitchen,outside,outside,living,living,outside,outside,outside,entry,kitchen,kitchen,bathroom,outside,kitchen,outside,living
22620,d15 Tue 17:00,bedroom,entry,kitchen,kitchen,entry,entry,kitchen,living,entry,kitchen,kitchen,kitchen,kitchen,entry,kitchen,kitchen,kitchen,kitchen,kitchen,kitchen,kitchen,living,living,living,living,bathroom,bedroom,entry,kitchen,kitchen,bathroom,bathroom,kitchen,bedroom,living
22680,d15 Tue 18:00,bedroom,entry,kitchen,kitchen,entry,entry,kitchen,living,entry,kitchen,kitchen,kitchen,kitchen,entry,kitchen,kitchen,kitchen,kitchen,kitchen,kitchen,kitchen,living,living,living,living,bathroom,bedroom,entry,kitchen,kitchen,bathroom,bathroom,kitchen,bedroom,living
22740,d15 Tue 19:00,bedroom,entry,bathroom,bathroom,entry,entry,kitchen,living,entry,kitchen,kitchen,kitchen,bathroom,entry,kitchen,kitchen,kitchen,kitchen,kitchen,kitchen,bathroom,living,living,living,living,bathroom,bedroom,entry,kitchen,kitchen,bathroom,bathroom,kitchen,bedroom,living
22800,d15 Tue 20:00,bedroom,entry,bathroom,bathroom,entry,entry,kitchen,living,entry,kitchen,kitchen,kitchen,bathroom,entry,kitchen,kitchen,kitchen,kitchen,kitchen,kitchen,bathroom,living,living,living,living,bathroom,bedroom,entry,kitchen,kitchen,bathroom,bathroom,kitchen,bedroom,living
22860,d15 Tue 21:00,bedroom,entry,bathroom,bathroom,entry,entry,kitchen,living,kitchen,kitchen,kitchen,kitchen,bathroom,entry,kitchen,kitchen,kitchen,kitchen,kitchen,kitchen,bathroom,living,living,living,living,bathroom,bedroom,entry,kitchen,kitchen,bathroom,bathroom,bathroom,bedroom,living
22920,d15 Tue 22:00,bedroom,entry,bathroom,bathroom,entry,entry,kitchen,living,kitchen,kitchen,kitchen,kitchen,bathroom,entry,kitchen,kitchen,kitchen,kitchen,kitchen,kitchen,bathroom,living,living,living,living,bathroom,bedroom,entry,kitchen,kitchen,bathroom,bathroom,bathroom,bedroom,living
22980,d15 Tue 23:00,bedroom,entry,bathroom,bathroom,entry,entry,kitchen,living,kitchen,kitchen,kitchen,kitchen,bathroom,entry,kitchen,kitchen,kitchen,kitchen,kitchen,kitchen,bathroom,living,living,living,living,bathroom,bedroom,entry,kitchen,kitchen,bathroom,bathroom,bathroom,bedroom,living
23040,d16 Wed 00:00,bedroom,entry,bedroom,bedroom,entry,entry,kitchen,living,kitchen,kitchen,kitchen,kitchen,bedroom,entry,kitchen,kitchen,kitchen,kitchen,kitchen,kitchen,bedroom,living,living,living,living,bathroom,bedroom,entry,kitchen,kitchen,bathroom,bathroom,bathroom,bedroom,living
23100,d16 Wed 01:00,bedroom,entry,bedroom,bedroom,entry,entry,kitchen,living,kitchen,kitchen,kitchen,kitchen,bedroom,entry,kitchen,kitchen,kitchen,kitchen,kitchen,kitchen,bedroom,living,living,living,living,bathroom,bedroom,entry,kitchen,kitchen,bathroom,bathroom,bathroom,bedroom,living
23160,d16 Wed 02:00,bedroom,entry,bedroom,bedroom,entry,entry,kitchen,living,kitchen,kitchen,kitchen,kitchen,bedroom,entry,kitchen,kitchen,kitchen,kitchen,kitchen,kitchen,bedroom,living,living,living,living,bathroom,bedroom,entry,kitchen,kitchen,bathroom,bathroom,bathroom,bedroom,living
23220,d16 Wed 03:00,bedroom,entry,bedroom,bedroom,entry,entry,kitchen,living,kitchen,kitchen,kitchen,kitchen,bedroom,entry,kitchen,kitchen,kitchen,kitchen,kitchen,kitchen,bedroom,living,living,living,living,bathroom,bedroom,entry,kitchen,kitchen,bathroom,bathroom,bathroom,bedroom,living
23280,d16 Wed 04:00,bedroom,entry,bedroom,bedroom,entry,entry,kitchen,living,kitchen,kitchen,kitchen,kitchen,bedroom,entry,kitchen,kitchen,kitchen,kitchen,kitchen,kitchen,bedroom,living,living,living,living,bathroom,bedroom,entry,kitchen,kitchen,bathroom,bathroom,bathroom,bedroom,living
23340,d16 Wed 05:00,bedroom,entry,bedroom,bedroom,entry,entry,kitchen,living,kitchen,kitchen,kitchen,kitchen,bedroom,entry,kitchen,kitchen,kitchen,kitchen,kitchen,kitchen,bedroom,living,living,living,living,bathroom,bedroom,entry,kitchen,kitchen,bathroom,bathroom,bathroom,bedroom,living
23400,d16 Wed 06:00,bedroom,bedroom,kitchen,kitchen,entry,entry,kitchen,living,kitchen,kitchen,kitchen,kitchen,kitchen,entry,kitchen,kitchen,kitchen,kitchen,kitchen,kitchen,kitchen,living,living,living,living,bathroom,bedroom,entry,kitchen,kitchen,bathroom,kitchen,bathroom,bedroom,living
23460,d16 Wed 07:00,outside,outside,outside,outside,outside,outside,outside,living,outside,outside,kitchen,outside,outside,outside,kitchen,kitchen,kitchen,kitchen,kitchen,kitchen,outside,outside,living,living,outside,outside,outside,entry,kitchen,kitchen,bathroom,outside,bathroom,outside,living
23520,d16 Wed 08:00,outside,outside,outside,outside,outside,outside,outside,living,outside,outside,kitchen,outside,outside,outside,kitchen,kitchen,kitchen,kitchen,kitchen,kitchen,outside,outside,living,living,outside,outside,outside,entry,kitchen,kitchen,bathroom,outside,bathroom,outside,living
23580,d16 Wed 09:00,outside,outside,outside,outside,outside,outside,outside,living,outside,outside,kitchen,outside,outside,outside,kitchen,kitchen,kitchen,kitchen,kitchen,kitchen,outside,outside,living,living,outside,outside,outside,entry,kitchen,kitchen,bathroom,outside,bathroom,outside,living
23640,d16 Wed 10:00,outside,outside,outside,outside,outside,outside,outside,living,outside,outside,kitchen,outside,outside,outside,kitchen,kitchen,kitchen,kitchen,kitchen,kitchen,outside,outside,living,living,outside,outside,outside,entry,kitchen,kitchen,bathroom,outside,bathroom,outside,living
23700,d16 Wed 11:00,outside,outside,outside,outside,outside,outside,outside,living,outside,outside,kitchen,outside,outside,outside,kitchen,kitchen,kitchen,kitchen,kitchen,kitchen,outside,outside,living,living,outside,outside,outside,entry,kitchen,kitchen,bathroom,outside,bathroom,outside,living
23760,d16 Wed 12:00,outside,outside,outside,outside,outside,outside,outside,living,outside,kitchen,kitchen,outside,outside,outside,kitchen,kitchen,kitchen,kitchen,kitchen,kitchen,outside,outside,living,living,outside,outside,outside,entry,kitchen,kitchen,bathroom,outside,bathroom,outside,living
23820,d16 Wed 13:00,outside,outside,outside,outside,outside,outside,outside,living,outside,kitchen,kitchen,outside,outside,outside,kitchen,kitchen,kitchen,kitchen,kitchen,kitchen,outside,outside,living,living,outside,outside,outside,entry,kitchen,kitchen,bathroom,outside,bathroom,outside,living
23880,d16 Wed 14:00,outside,outside,outside,outside,outside,outside,outside,living,outside,kitchen,kitchen,outside,outside,outside,kitchen,kitchen,kitchen,kitchen,kitchen,kitchen,outside,outside,living,living,outside,outside,outside,entry,kitchen,kitchen,bathroom,outside,bathroom,outside,living
23940,d16 Wed 15:00,outside,outside,outside,outside,outside,outside,outside,living,outside,kitchen,kitchen,outside,outside,outside,kitchen,kitchen,kitchen,kitchen,kitchen,kitchen,outside,outside,living,living,outside,outside,outside,entry,kitchen,kitchen,bathroom,outside,bathroom,outside,living
24000,d16 Wed 16:00,outside,outside,outside,outside,outside,outside,outside,living,outside,kitchen,kitchen,outside,outside,outside,kitchen,kitchen,kitchen,kitchen,kitchen,kitchen,outside,outside,living,living,outside,outside,outside,entry,kitchen,kitchen,bathroom,outside,bathroom,outside,living
24060,d16 Wed 17:00,kitchen,entry,entry,entry,entry,entry,kitchen,living,entry,kitchen,kitchen,kitchen,kitchen,entry,kitchen,kitchen,kitchen,kitchen,kitchen,kitchen,kitchen,living,living,living,kitchen,bathroom,bedroom,entry,kitchen,kitchen,bathroom,bathroom,bathroom,bedroom,living
24120,d16 Wed 18:00,kitchen,bedroom,entry,entry,entry,entry,kitchen,living,entry,kitchen,kitchen,kitchen,kitchen,entry,kitchen,kitchen,kitchen,kitchen,kitchen,kitchen,living,living,living,living,living,bathroom,bedroom,entry,kitchen,kitchen,bathroom,bathroom,bathroom,bedroom,living
24180,d16 Wed 19:00,kitchen,bedroom,entry,entry,entry,entry,kitchen,living,entry,kitchen,kitchen,kitchen,kitchen,entry,kitchen,kitchen,kitchen,kitchen,kitchen,kitchen,living,living,living,living,living,bathroom,bedroom,entry,kitchen,kitchen,bathroom,bathroom,bathroom,bedroom,living
24240,d16 Wed 20:00,kitchen,bedroom,entry,entry,entry,entry,kitchen,living,entry,kitchen,kitchen,kitchen,kitchen,entry,kitchen,kitchen,kitchen,kitchen,kitchen,kitchen,living,living,living,living,living,bathroom,bedroom,entry,kitchen,kitchen,bathroom,bathroom,bathroom,bedroom,living
24300,d16 Wed 21:00,kitchen,bedroom,entry,entry,entry,entry,kitchen,living,entry,kitchen,kitchen,kitchen,kitchen,entry,kitchen,kitchen,kitchen,kitchen,kitchen,kitchen,kitchen,living,living,living,bathroom,bathroom,bedroom,entry,kitchen,kitchen,bedroom,bathroom,bathroom,bedroom,living
24360,d16 Wed 22:00,kitchen,bedroom,entry,entry,entry,entry,kitchen,living,entry,kitchen,kitchen,kitchen,kitchen,entry,kitchen,kitchen,kitchen,kitchen,kitchen,kitchen,kitchen,living,living,living,bathroom,bathroom,bedroom,entry,kitchen,kitchen,bedroom,bathroom,bathroom,bedroom,living
24420,d16 Wed 23:00,kitchen,bedroom,entry,entry,entry,entry,kitchen,living,entry,kitchen,kitchen,kitchen,kitchen,entry,kitchen,kitchen,kitchen,kitchen,kitchen,kitchen,kitchen,living,living,living,bathroom,bathroom,bedroom,entry,kitchen,kitchen,bedroom,bathroom,bathroom,bedroom,living
24480,d17 Thu 00:00,kitchen,bedroom,entry,entry,entry,entry,kitchen,living,entry,kitchen,kitchen,kitchen,kitchen,entry,kitchen,kitchen,kitchen,kitchen,kitchen,kitchen,kitchen,living,living,living,bathroom,bathroom,bedroom,entry,kitchen,kitchen,bedroom,bathroom,bathroom,bedroom,living
24540,d17 Thu 01:00,kitchen,bedroom,entry,entry,entry,entry,kitchen,living,entry,kitchen,kitchen,kitchen,kitchen,entry,kitchen,kitchen,kitchen,kitchen,kitchen,kitchen,kitchen,living,living,living,bedroom,bathroom,bedroom,entry,kitchen,kitchen,bedroom,bathroom,bathroom,bedroom,living
24600,d17 Thu 02:00,kitchen,bedroom,entry,entry,entry,entry,kitchen,living,entry,kitchen,kitchen,kitchen,kitchen,entry,kitchen,kitchen,kitchen,kitchen,kitchen,kitchen,kitchen,living,living,living,bedroom,bathroom,bedroom,entry,kitchen,kitchen,bedroom,bathroom,bathroom,bedroom,living
24660,d17 Thu 03:00,kitchen,bedroom,entry,entry,entry,entry,kitchen,living,entry,kitchen,kitchen,kitchen,kitchen,entry,kitchen,kitchen,kitchen,kitchen,kitchen,kitchen,kitchen,living,living,living,bedroom,bathroom,bedroom,entry,kitchen,kitchen,bedroom,bathroom,bathroom,bedroom,living
24720,d17 Thu 04:00,kitchen,bedroom,entry,entry,entry,entry,kitchen,living,entry,kitchen,kitchen,kitchen,kitchen,entry,kitchen,kitchen,kitchen,kitchen,kitchen,kitchen,kitchen,living,living,living,bedroom,bathroom,bedroom,entry,kitchen,kitchen,bedroom,bathroom,bathroom,bedroom,living
24780,d17 Thu 05:00,kitchen,bedroom,entry,entry,entry,entry,kitchen,living,entry,kitchen,kitchen,kitchen,kitchen,entry,kitchen,kitchen,kitchen,kitchen,kitchen,kitchen,kitchen,living,living,living,bedroom,bathroom,bedroom,entry,kitchen,kitchen,bedroom,bathroom,bathroom,bedroom,living
24840,d17 Thu 06:00,kitchen,bedroom,entry,entry,entry,entry,kitchen,living,entry,kitchen,kitchen,kitchen,kitchen,entry,kitchen,kitchen,kitchen,kitchen,kitchen,kitchen,kitchen,living,living,living,kitchen,bathroom,bedroom,entry,kitchen,kitchen,bathroom,bathroom,bathroom,bedroom,living
24900,d17 Thu 07:00,outside,outside,outside,outside,outside,outside,outside,living,outside,outside,kitchen,outside,outside,outside,kitchen,kitchen,kitchen,kitchen,kitchen,kitchen,outside,outside,living,living,outside,outside,outside,entry,kitchen,kitchen,bathroom,outside,bathroom,outside,living
24960,d17 Thu 08:00,outside,outside,outside,outside,outside,outside,outside,living,outside,outside,kitchen,outside,outside,outside,kitchen,kitchen,kitchen,kitchen,kitchen,kitchen,outside,outside,living,living,outside,outside,outside,entry,kitchen,kitchen,bathroom,outside,bathroom,outside,living
25020,d17 Thu 09:00,outside,outside,outside,outside,outside,outside,outside,living,outside,outside,kitchen,outside,outside,outside,kitchen,kitchen,kitchen,kitchen,kitchen,kitchen,outside,outside,living,living,outside,outside,outside,entry,kitchen,kitchen,bathroom,outside,bathroom,outside,living
25080,d17 Thu 10:00,outside,outside,outside,outside,outside,outside,outside,living,outside,outside,kitchen,outside,outside,outside,kitchen,kitchen,kitchen,kitchen,kitchen,kitchen,outside,outside,living,living,outside,outside,outside,entry,kitchen,kitchen,bathroom,outside,bathroom,outside,living
25140,d17 Thu 11:00,outside,outside,outside,outside,outside,outside,outside,living,outside,outside,kitchen,outside,outside,outside,kitchen,kitchen,kitchen,kitchen,kitchen,kitchen,outside,outside,living,living,outside,outside,outside,entry,kitchen,kitchen,bathroom,outside,bathroom,outside,living
25200,d17 Thu 12:00,outside,outside,outside,outside,outside,outside,outside,living,outside,outside,kitchen,outside,outside,outside,kitchen,kitchen,kitchen,kitchen,kitchen,kitchen,outside,outside,living,living,outside,outside,outside,entry,kitchen,kitchen,bathroom,outside,bathroom,outside,living
25260,d17 Thu 13:00,outside,outside,outside,outside,outside,outside,outside,living,outside,outside,kitchen,outside,outside,outside,kitchen,kitchen,kitchen,kitchen,kitchen,kitchen,outside,outside,living,living,outside,outside,outside,entry,kitchen,kitchen,bathroom,outside,bathroom,outside,living
25320,d17 Thu 14:00,outside,outside,outside,outside,outside,outside,outside,living,outside,outside,kitchen,outside,outside,outside,kitchen,kitchen,kitchen,kitchen,kitchen,kitchen,outside,outside,living,living,outside,outside,outside,entry,kitchen,kitchen,bathroom,outside,bathroom,outside,living
25380,d17 Thu 15:00,outside,outside,outside,outside,outside,outside,outside,living,outside,outside,kitchen,outside,outside,outside,kitchen,kitchen,kitchen,kitchen,kitchen,kitchen,outside,outside,living,living,outside,outside,outside,entry,kitchen,kitchen,bathroom,outside,bathroom,outside,living
25440,d17 Thu 16:00,outside,outside,outside,outside,outside,outside,outside,living,outside,outside,kitchen,outside,outside,outside,kitchen,kitchen,kitchen,kitchen,kitchen,kitchen,outside,outside,living,living,outside,outside,outside,entry,kitchen,kitchen,bathroom,outside,bathroom,outside,living
25500,d17 Thu 17:00,kitchen,bathroom,entry,entry,entry,entry,bathroom,living,kitchen,kitchen,kitchen,kitchen,kitchen,entry,kitchen,kitchen,entry,kitchen,kitchen,kitchen,entry,living,living,living,living,bathroom,bedroom,entry,kitchen,kitchen,bathroom,bathroom,bathroom,bedroom,living
25560,d17 Thu 18:00,kitchen,living,entry,entry,entry,entry,living,living,kitchen,kitchen,kitchen,kitchen,kitchen,entry,living,kitchen,entry,kitchen,kitchen,kitchen,entry,living,living,living,living,bathroom,bedroom,entry,kitchen,kitchen,bathroom,bathroom,bathroom,bedroom,living
25620,d17 Thu 19:00,kitchen,living,entry,entry,entry,entry,living,living,kitchen,kitchen,kitchen,kitchen,kitchen,entry,living,kitchen,entry,kitchen,kitchen,kitchen,entry,living,living,living,living,bathroom,bedroom,entry,kitchen,kitchen,bathroom,bathroom,bathroom,bedroom,living
25680,d17 Thu 20:00,kitchen,living,entry,entry,entry,entry,living,bedroom,kitchen,kitchen,kitchen,kitchen,kitchen,entry,living,kitchen,entry,kitchen,kitchen,kitchen,bedroom,living,living,living,living,bathroom,bedroom,entry,kitchen,kitchen,bathroom,bathroom,bathroom,bedroom,living
25740,d17 Thu 21:00,kitchen,living,entry,entry,entry,entry,living,bedroom,kitchen,kitchen,kitchen,kitchen,kitchen,entry,living,kitchen,entry,kitchen,kitchen,kitchen,bedroom,living,living,living,living,bathroom,bedroom,entry,kitchen,kitchen,bathroom,bathroom,bathroom,bedroom,living
25800,d17 Thu 22:00,kitchen,living,entry,entry,entry,entry,living,bedroom,kitchen,kitchen,kitchen,kitchen,kitchen,entry,living,kitchen,entry,kitchen,kitchen,kitchen,bedroom,living,living,living,living,bathroom,bedroom,entry,kitchen,kitchen,bathroom,bathroom,bathroom,bedroom,living
25860,d17 Thu 23:00,kitchen,living,entry,entry,entry,entry,living,bedroom,kitchen,kitchen,kitchen,kitchen,kitchen,entry,living,kitchen,entry,kitchen,kitchen,kitchen,bedroom,living,living,living,living,bathroom,bedroom,entry,kitchen,kitchen,bathroom,bathroom,bathroom,bedroom,living
25920,d18 Fri 00:00,kitchen,bedroom,entry,entry,entry,entry,bedroom,bedroom,kitchen,kitchen,kitchen,kitchen,kitchen,entry,living,kitchen,entry,kitchen,kitchen,kitchen,bedroom,living,living,living,living,bathroom,bedroom,entry,kitchen,kitchen,bathroom,bathroom,bathroom,bedroom,living
25980,d18 Fri 01:00,kitchen,bedroom,entry,entry,entry,entry,bedroom,bedroom,kitchen,kitchen,kitchen,kitchen,kitchen,entry,living,kitchen,entry,kitchen,kitchen,kitchen,bedroom,living,living,living,living,bathroom,bedroom,entry,kitchen,kitchen,bathroom,bathroom,bathroom,bedroom,living
26040,d18 Fri 02:00,kitchen,bedroom,entry,entry,entry,entry,bedroom,bedroom,kitchen,kitchen,kitchen,kitchen,kitchen,entry,living,kitchen,entry,kitchen,kitchen,kitchen,bedroom,living,living,living,living,bathroom,bedroom,entry,kitchen,kitchen,bathroom,bathroom,bathroom,bedroom,living
26100,d18 Fri 03:00,kitchen,bedroom,entry,entry,entry,entry,bedroom,bedroom,kitchen,kitchen,kitchen,kitchen,kitchen,entry,living,kitchen,entry,kitchen,kitchen,kitchen,bedroom,living,living,living,living,bathroom,bedroom,entry,kitchen,kitchen,bathroom,bathroom,bathroom,bedroom,living
26160,d18 Fri 04:00,kitchen,bedroom,entry,entry,entry,entry,bedroom,bedroom,kitchen,kitchen,kitchen,kitchen,kitchen,entry,living,kitchen,entry,kitchen,kitchen,kitchen,bedroom,living,living,living,living,bathroom,bedroom,entry,kitchen,kitchen,bathroom,bathroom,bathroom,bedroom,living
26220,d18 Fri 05:00,kitchen,bedroom,entry,entry,entry,entry,bedroom,bedroom,kitchen,kitchen,kitchen,kitchen,kitchen,entry,living,kitchen,entry,kitchen,kitchen,kitchen,bedroom,living,living,living,living,bathroom,bedroom,entry,kitchen,kitchen,bathroom,bathroom,bathroom,bedroom,living
26280,d18 Fri 06:00,kitchen,kitchen,entry,entry,entry,entry,kitchen,bedroom,kitchen,kitchen,kitchen,kitchen,kitchen,entry,kitchen,kitchen,entry,kitchen,kitchen,kitchen,bedroom,living,living,living,living,bathroom,bedroom,entry,kitchen,kitchen,bathroom,bathroom,bathroom,bedroom,living
26340,d18 Fri 07:00,outside,outside,outside,outside,outside,outside,outside,bedroom,outside,outside,kitchen,outside,outside,outside,kitchen,kitchen,entry,kitchen,kitchen,kitchen,outside,outside,living,living,outside,outside,outside,entry,kitchen,kitchen,bathroom,outside,bathroom,outside,living
26400,d18 Fri 08:00,outside,outside,outside,outside,outside,outside,outside,bedroom,outside,outside,kitchen,outside,outside,outside,kitchen,kitchen,entry,kitchen,kitchen,kitchen,outside,outside,living,living,outside,outside,outside,entry,kitchen,kitchen,bathroom,outside,bathroom,outside,living
26460,d18 Fri 09:00,outside,outside,outside,outside,outside,outside,outside,bedroom,outside,outside,kitchen,outside,outside,outside,kitchen,kitchen,entry,kitchen,kitchen,kitchen,outside,outside,living,living,outside,outside,outside,entry,kitchen,kitchen,bathroom,outside,bathroom,outside,living
26520,d18 Fri 10:00,outside,outside,outside,outside,outside,outside,outside,bedroom,outside,outside,kitchen,outside,outside,outside,kitchen,kitchen,entry,kitchen,kitchen,kitchen,outside,outside,living,living,outside,outside,outside,entry,kitchen,kitchen,bathroom,outside,bathroom,outside,living
26580,d18 Fri 11:00,outside,outside,outside,outside,outside,outside,outside,bedroom,outside,outside,kitchen,outside,outside,outside,kitchen,kitchen,entry,kitchen,kitchen,kitchen,outside,outside,living,living,outside,outside,outside,entry,kitchen,kitchen,bathroom,outside,bathroom,outside,living
26640,d18 Fri 12:00,outside,outside,outside,outside,outside,outside,outside,bedroom,outside,outside,kitchen,outside,outside,outside,kitchen,kitchen,entry,kitchen,kitchen,kitchen,outside,outside,living,living,outside,outside,outside,entry,kitchen,kitchen,bathroom,outside,bathroom,outside,living
26700,d18 Fri 13:00,outside,outside,outside,outside,outside,outside,outside,bedroom,outside,outside,kitchen,outside,outside,outside,kitchen,kitchen,entry,kitchen,kitchen,kitchen,outside,outside,living,living,outside,outside,outside,entry,kitchen,kitchen,bathroom,outside,bathroom,outside,living
26760,d18 Fri 14:00,outside,outside,outside,outside,outside,outside,outside,bedroom,outside,outside,kitchen,outside,outside,outside,kitchen,kitchen,entry,kitchen,kitchen,kitchen,outside,outside,living,living,outside,outside,outside,entry,kitchen,kitchen,bathroom,outside,bathroom,outside,living
26820,d18 Fri 15:00,outside,outside,outside,outside,outside,outside,outside,bedroom,outside,outside,kitchen,outside,outside,outside,kitchen,kitchen,entry,kitchen,kitchen,kitchen,outside,outside,living,living,outside,outside,outside,entry,kitchen,kitchen,bathroom,outside,bathroom,outside,living
26880,d18 Fri 16:00,outside,outside,outside,outside,outside,outside,outside,bedroom,outside,outside,kitchen,outside,outside,outside,kitchen,kitchen,entry,kitchen,kitchen,kitchen,outside,outside,living,living,outside,outside,outside,entry,kitchen,kitchen,bathroom,outside,bathroom,outside,living
26940,d18 Fri 17:00,kitchen,entry,entry,entry,entry,entry,kitchen,bedroom,kitchen,kitchen,kitchen,kitchen,kitchen,entry,kitchen,kitchen,entry,kitchen,kitchen,kitchen,kitchen,living,living,living,kitchen,bathroom,bedroom,entry,kitchen,kitchen,bathroom,bathroom,bathroom,bedroom,living
27000,d18 Fri 18:00,kitchen,entry,entry,entry,entry,entry,kitchen,bedroom,kitchen,kitchen,kitchen,kitchen,kitchen,entry,kitchen,kitchen,entry,kitchen,kitchen,kitchen,kitchen,living,living,living,living,bathroom,bedroom,entry,kitchen,kitchen,bathroom,bathroom,bathroom,bedroom,living
27060,d18 Fri 19:00,kitchen,entry,entry,entry,entry,entry,kitchen,bedroom,kitchen,kitchen,kitchen,kitchen,kitchen,entry,kitchen,kitchen,entry,kitchen,kitchen,kitchen,kitchen,living,living,living,living,bathroom,bedroom,entry,kitchen,kitchen,bathroom,bathroom,bathroom,bedroom,living
27120,d18 Fri 20:00,kitchen,entry,entry,entry,entry,entry,kitchen,bedroom,kitchen,kitchen,kitchen,kitchen,kitchen,entry,kitchen,kitchen,entry,kitchen,kitchen,kitchen,kitchen,living,living,living,living,bathroom,bedroom,entry,kitchen,kitchen,bathroom,bathroom,bathroom,bedroom,living
27180,d18 Fri 21:00,kitchen,entry,entry,entry,entry,entry,kitchen,bedroom,kitchen,kitchen,kitchen,kitchen,kitchen,entry,kitchen,kitchen,entry,kitchen,kitchen,kitchen,kitchen,living,living,living,bathroom,bathroom,bedroom,entry,kitchen,kitchen,bathroom,bathroom,bathroom,bedroom,living
27240,d18 Fri 22:00,kitchen,entry,entry,entry,entry,entry,kitchen,bedroom,kitchen,kitchen,kitchen,kitchen,kitchen,entry,kitchen,kitchen,entry,kitchen,kitchen,kitchen,kitchen,living,living,living,bathroom,bathroom,bedroom,entry,kitchen,kitchen,bedroom,bathroom,bathroom,bedroom,living
27300,d18 Fri 23:00,kitchen,entry,entry,entry,entry,entry,kitchen,bedroom,kitchen,kitchen,kitchen,kitchen,kitchen,entry,kitchen,kitchen,entry,kitchen,kitchen,kitchen,kitchen,living,living,living,bathroom,bathroom,bedroom,entry,kitchen,kitchen,bedroom,bathroom,bathroom,bedroom,living
27360,d19 Sat 00:00,kitchen,entry,entry,entry,entry,entry,kitchen,bedroom,kitchen,kitchen,kitchen,kitchen,kitchen,entry,kitchen,kitchen,entry,kitchen,kitchen,kitchen,kitchen,living,living,living,bathroom,bathroom,bedroom,entry,kitchen,kitchen,bedroom,bathroom,bathroom,bedroom,living
27420,d19 Sat 01:00,kitchen,entry,entry,entry,entry,entry,kitchen,bedroom,kitchen,kitchen,kitchen,kitchen,kitchen,entry,kitchen,kitchen,entry,kitchen,kitchen,kitchen,kitchen,living,living,living,bedroom,bathroom,bedroom,entry,kitchen,kitchen,bedroom,bathroom,bathroom,bedroom,living
27480,d19 Sat 02:00,kitchen,entry,entry,entry,entry,entry,kitchen,bedroom,kitchen,kitchen,kitchen,kitchen,kitchen,entry,kitchen,kitchen,entry,kitchen,kitchen,kitchen,kitchen,living,living,living,bedroom,bathroom,bedroom,entry,kitchen,kitchen,bedroom,bathroom,bathroom,bedroom,living
27540,d19 Sat 03:00,kitchen,entry,entry,entry,entry,entry,kitchen,bedroom,kitchen,kitchen,kitchen,kitchen,kitchen,entry,kitchen,kitchen,entry,kitchen,kitchen,kitchen,kitchen,living,living,living,bedroom,bathroom,bedroom,entry,kitchen,kitchen,bedroom,bathroom,bathroom,bedroom,living
27600,d19 Sat 04:00,kitchen,entry,entry,entry,entry,entry,kitchen,bedroom,kitchen,kitchen,kitchen,kitchen,kitchen,entry,kitchen,kitchen,entry,kitchen,kitchen,kitchen,kitchen,living,living,living,bedroom,bathroom,bedroom,entry,kitchen,kitchen,bedroom,bathroom,bathroom,bedroom,living
27660,d19 Sat 05:00,kitchen,entry,entry,entry,entry,entry,kitchen,bedroom,kitchen,kitchen,kitchen,kitchen,kitchen,entry,kitchen,kitchen,entry,kitchen,kitchen,kitchen,kitchen,living,living,living,bedroom,bathroom,bedroom,entry,kitchen,kitchen,bedroom,bathroom,bathroom,bedroom,living
27720,d19 Sat 06:00,kitchen,entry,entry,entry,entry,entry,kitchen,bedroom,kitchen,kitchen,kitchen,kitchen,kitchen,entry,kitchen,kitchen,entry,kitchen,kitchen,kitchen,kitchen,living,living,living,bedroom,bathroom,bedroom,entry,kitchen,kitchen,bedroom,bathroom,bathroom,bedroom,living
27780,d19 Sat 07:00,kitchen,entry,entry,entry,entry,entry,kitchen,bedroom,kitchen,kitchen,kitchen,kitchen,kitchen,entry,kitchen,kitchen,entry,kitchen,kitchen,kitchen,kitchen,living,living,living,bedroom,bathroom,bedroom,entry,kitchen,kitchen,bedroom,bathroom,bathroom,bedroom,living
27840,d19 Sat 08:00,kitchen,bedroom,entry,entry,entry,entry,kitchen,bedroom,kitchen,kitchen,kitchen,kitchen,kitchen,kitchen,kitchen,kitchen,entry,kitchen,kitchen,kitchen,kitchen,living,living,living,outside,bathroom,bedroom,entry,kitchen,kitchen,bedroom,bathroom,bathroom,bedroom,living
27900,d19 Sat 09:00,kitchen,bedroom,entry,entry,entry,entry,kitchen,bedroom,kitchen,kitchen,kitchen,kitchen,kitchen,entry,kitchen,kitchen,entry,kitchen,kitchen,kitchen,kitchen,living,living,living,living,bathroom,bedroom,entry,kitchen,kitchen,bedroom,bathroom,bathroom,bedroom,living
27960,d19 Sat 10:00,kitchen,bedroom,entry,entry,entry,entry,kitchen,bedroom,kitchen,kitchen,kitchen,kitchen,kitchen,entry,kitchen,kitchen,entry,kitchen,kitchen,kitchen,kitchen,living,living,living,living,bathroom,bedroom,entry,kitchen,kitchen,bedroom,bathroom,bathroom,bedroom,living
28020,d19 Sat 11:00,kitchen,kitchen,entry,entry,entry,entry,kitchen,bedroom,kitchen,kitchen,kitchen,kitchen,kitchen,entry,kitchen,kitchen,entry,kitchen,kitchen,kitchen,kitchen,living,living,living,living,bathroom,bedroom,entry,kitchen,kitchen,bedroom,bathroom,bathroom,bedroom,living
28080,d19 Sat 12:00,kitchen,kitchen,entry,entry,entry,entry,kitchen,bedroom,kitchen,kitchen,kitchen,kitchen,kitchen,entry,kitchen,kitchen,entry,kitchen,kitchen,kitchen,kitchen,living,living,living,living,bathroom,bedroom,entry,kitchen,kitchen,bedroom,bathroom,bathroom,bedroom,living
28140,d19 Sat 13:00,outside,outside,outside,outside,outside,outside,outside,bedroom,outside,outside,kitchen,outside,outside,outside,kitchen,kitchen,entry,kitchen,kitchen,kitchen,outside,outside,living,living,outside,outside,outside,entry,kitchen,kitchen,bedroom,outside,bathroom,outside,living
28200,d19 Sat 14:00,kitchen,bedroom,entry,entry,entry,entry,kitchen,bedroom,kitchen,kitchen,kitchen,kitchen,kitchen,bathroom,kitchen,kitchen,entry,kitchen,kitchen,kitchen,living,living,living,living,living,bathroom,bedroom,entry,kitchen,kitchen,bedroom,bathroom,bathroom,bedroom,living
28260,d19 Sat 15:00,kitchen,bedroom,entry,entry,entry,entry,living,living,kitchen,kitchen,kitchen,kitchen,kitchen,bathroom,living,kitchen,entry,kitchen,kitchen,kitchen,living,living,living,living,living,bathroom,bedroom,entry,kitchen,kitchen,bedroom,bathroom,bathroom,bedroom,living
28320,d19 Sat 16:00,kitchen,bedroom,entry,entry,entry,entry,living,living,kitchen,kitchen,kitchen,kitchen,kitchen,bathroom,living,kitchen,entry,kitchen,kitchen,kitchen,living,living,living,living,living,bathroom,bedroom,entry,kitchen,kitchen,bedroom,bathroom,bathroom,bedroom,living
28380,d19 Sat 17:00,kitchen,bedroom,entry,entry,entry,entry,living,living,kitchen,kitchen,kitchen,kitchen,kitchen,bathroom,living,kitchen,entry,kitchen,kitchen,kitchen,living,living,living,living,living,bathroom,bedroom,entry,kitchen,kitchen,bedroom,bathroom,bathroom,bedroom,living
28440,d19 Sat 18:00,kitchen,bedroom,entry,entry,entry,entry,living,living,kitchen,kitchen,kitchen,kitchen,kitchen,bathroom,living,kitchen,entry,kitchen,kitchen,kitchen,kitchen,living,living,living,living,bathroom,bedroom,entry,kitchen,kitchen,bedroom,bathroom,bathroom,bedroom,living
28500,d19 Sat 19:00,kitchen,bedroom,entry,entry,entry,entry,living,living,kitchen,kitchen,kitchen,kitchen,kitchen,bathroom,living,kitchen,entry,kitchen,kitchen,kitchen,kitchen,living,living,living,living,bathroom,bedroom,entry,kitchen,kitchen,bedroom,bathroom,bathroom,bedroom,living
28560,d19 Sat 20:00,kitchen,bedroom,entry,entry,entry,entry,living,living,kitchen,kitchen,kitchen,kitchen,kitchen,bathroom,living,kitchen,entry,kitchen,kitchen,kitchen,kitchen,living,living,living,living,bathroom,bedroom,entry,kitchen,kitchen,bedroom,bathroom,bathroom,bedroom,living
28620,d19 Sat 21:00,kitchen,bedroom,entry,entry,entry,entry,living,living,kitchen,kitchen,kitchen,kitchen,bedroom,bathroom,living,kitchen,entry,kitchen,kitchen,kitchen,bathroom,living,living,living,living,bathroom,bedroom,entry,kitchen,kitchen,bathroom,bathroom,bathroom,bedroom,living
28680,d19 Sat 22:00,kitchen,bedroom,entry,kitchen,entry,entry,living,living,kitchen,kitchen,kitchen,kitchen,bedroom,bathroom,living,kitchen,entry,kitchen,kitchen,kitchen,bathroom,living,living,living,living,bathroom,bedroom,entry,kitchen,kitchen,bathroom,bathroom,bathroom,bedroom,living
28740,d19 Sat 23:00,kitchen,bedroom,entry,kitchen,entry,entry,living,living,kitchen,kitchen,kitchen,kitchen,bedroom,bathroom,living,kitchen,entry,kitchen,kitchen,kitchen,bathroom,living,living,living,living,bathroom,bedroom,entry,kitchen,kitchen,bathroom,bathroom,bathroom,bedroom,living
28800,d20 Sun 00:00,kitchen,bedroom,entry,kitchen,entry,entry,living,living,kitchen,kitchen,kitchen,kitchen,bedroom,bathroom,living,kitchen,entry,kitchen,kitchen,kitchen,bathroom,living,living,living,living,bathroom,bedroom,entry,kitchen,kitchen,bathroom,bathroom,bathroom,bedroom,living
28860,d20 Sun 01:00,kitchen,kitchen,entry,kitchen,entry,entry,living,living,kitchen,kitchen,kitchen,kitchen,bedroom,bathroom,living,kitchen,entry,kitchen,kitchen,kitchen,bedroom,living,living,living,living,bathroom,bedroom,entry,kitchen,kitchen,bathroom,bathroom,bathroom,bedroom,living
28920,d20 Sun 02:00,kitchen,kitchen,entry,kitchen,entry,entry,living,living,kitchen,kitchen,kitchen,kitchen,bedroom,bathroom,living,kitchen,entry,kitchen,kitchen,kitchen,bedroom,living,living,living,living,bathroom,bedroom,entry,kitchen,kitchen,bathroom,bathroom,bathroom,bedroom,living
28980,d20 Sun 03:00,kitchen,kitchen,entry,kitchen,entry,entry,living,living,kitchen,kitchen,kitchen,kitchen,bedroom,bathroom,living,kitchen,entry,kitchen,kitchen,kitchen,bedroom,living,living,living,living,bathroom,bedroom,entry,kitchen,kitchen,bathroom,bathroom,bathroom,bedroom,living
29040,d20 Sun 04:00,kitchen,kitchen,entry,kitchen,entry,entry,living,living,kitchen,kitchen,kitchen,kitchen,bedroom,bathroom,living,kitchen,entry,kitchen,kitchen,kitchen,bedroom,living,living,living,living,bathroom,bedroom,entry,kitchen,kitchen,bathroom,bathroom,bathroom,bedroom,living
29100,d20 Sun 05:00,kitchen,kitchen,entry,kitchen,entry,entry,living,living,kitchen,kitchen,kitchen,kitchen,bedroom,bathroom,living,kitchen,entry,kitchen,kitchen,kitchen,bedroom,living,living,living,living,bathroom,bedroom,entry,kitchen,kitchen,bathroom,bathroom,bathroom,bedroom,living
29160,d20 Sun 06:00,kitchen,kitchen,entry,kitchen,entry,entry,living,living,kitchen,kitchen,kitchen,kitchen,bedroom,bathroom,living,kitchen,entry,kitchen,kitchen,kitchen,bedroom,living,living,living,living,bathroom,bedroom,entry,kitchen,kitchen,bathroom,bathroom,bathroom,bedroom,living
29220,d20 Sun 07:00,kitchen,kitchen,entry,kitchen,entry,entry,living,living,kitchen,kitchen,kitchen,kitchen,bedroom,bathroom,living,kitchen,entry,kitchen,kitchen,kitchen,bedroom,living,living,living,living,bathroom,bedroom,entry,kitchen,kitchen,bathroom,bathroom,bathroom,bedroom,living
29280,d20 Sun 08:00,outside,outside,outside,outside,outside,outside,outside,living,outside,outside,kitchen,outside,outside,outside,kitchen,kitchen,entry,kitchen,kitchen,kitchen,outside,outside,living,living,outside,outside,outside,entry,kitchen,kitchen,bathroom,outside,bathroom,outside,living
29340,d20 Sun 09:00,outside,outside,outside,outside,outside,outside,outside,living,outside,outside,kitchen,outside,outside,outside,kitchen,kitchen,entry,kitchen,kitchen,kitchen,outside,outside,living,living,outside,outside,outside,entry,kitchen,kitchen,bathroom,outside,bathroom,outside,living
29400,d20 Sun 10:00,kitchen,bedroom,entry,entry,entry,entry,kitchen,living,kitchen,kitchen,kitchen,kitchen,kitchen,entry,kitchen,kitchen,entry,kitchen,kitchen,kitchen,living,living,living,living,living,living,living,living,kitchen,kitchen,bathroom,bathroom,bathroom,bedroom,living
29460,d20 Sun 11:00,kitchen,bedroom,entry,entry,entry,entry,kitchen,living,kitchen,kitchen,kitchen,kitchen,kitchen,entry,kitchen,kitchen,entry,kitchen,kitchen,kitchen,living,living,living,living,living,kitchen,kitchen,bedroom,kitchen,kitchen,bathroom,bathroom,bathroom,bedroom,living
29520,d20 Sun 12:00,kitchen,bedroom,entry,kitchen,kitchen,entry,kitchen,living,kitchen,kitchen,kitchen,kitchen,kitchen,entry,kitchen,kitchen,entry,kitchen,kitchen,kitchen,living,living,living,living,living,bedroom,bedroom,bedroom,kitchen,kitchen,bathroom,bathroom,bathroom,bedroom,living
29580,d20 Sun 13:00,kitchen,bedroom,entry,kitchen,entry,entry,kitchen,living,kitchen,kitchen,kitchen,kitchen,kitchen,entry,living,kitchen,entry,kitchen,kitchen,kitchen,living,living,living,living,living,living,living,bedroom,kitchen,kitchen,bathroom,bathroom,bathroom,bedroom,living
29640,d20 Sun 14:00,kitchen,bedroom,entry,kitchen,entry,entry,kitchen,bedroom,kitchen,kitchen,kitchen,kitchen,kitchen,entry,living,kitchen,entry,kitchen,kitchen,kitchen,bedroom,living,living,living,living,living,living,bedroom,kitchen,kitchen,bathroom,bathroom,bathroom,bedroom,living
29700,d20 Sun 15:00,kitchen,bedroom,entry,kitchen,entry,entry,kitchen,bedroom,kitchen,kitchen,kitchen,kitchen,kitchen,entry,living,kitchen,entry,kitchen,kitchen,kitchen,bedroom,living,living,living,living,living,living,bedroom,kitchen,kitchen,bathroom,bathroom,bathroom,bedroom,living
29760,d20 Sun 16:00,kitchen,bedroom,entry,kitchen,entry,entry,kitchen,bedroom,kitchen,kitchen,kitchen,kitchen,kitchen,entry,living,kitchen,entry,kitchen,kitchen,kitchen,bedroom,living,living,living,living,living,living,bedroom,kitchen,kitchen,bathroom,bathroom,bathroom,bedroom,living
29820,d20 Sun 17:00,kitchen,bedroom,entry,kitchen,entry,entry,kitchen,bedroom,kitchen,kitchen,kitchen,kitchen,kitchen,entry,living,kitchen,entry,kitchen,kitchen,kitchen,bedroom,living,living,living,living,living,living,bedroom,kitchen,kitchen,bathroom,bathroom,bathroom,bedroom,living
29880,d20 Sun 18:00,kitchen,bedroom,entry,kitchen,entry,entry,kitchen,bedroom,kitchen,kitchen,kitchen,kitchen,kitchen,entry,living,kitchen,entry,kitchen,kitchen,kitchen,kitchen,living,living,living,living,kitchen,kitchen,bedroom,kitchen,kitchen,bathroom,bathroom,bathroom,bedroom,living
29940,d20 Sun 19:00,kitchen,bedroom,entry,kitchen,entry,entry,kitchen,bedroom,kitchen,kitchen,kitchen,kitchen,kitchen,entry,living,kitchen,entry,kitchen,kitchen,kitchen,kitchen,living,living,living,living,kitchen,kitchen,bedroom,kitchen,kitchen,bathroom,bathroom,bathroom,bedroom,living
30000,d20 Sun 20:00,kitchen,bedroom,entry,kitchen,entry,entry,kitchen,bedroom,kitchen,kitchen,kitchen,kitchen,kitchen,entry,living,kitchen,entry,kitchen,kitchen,kitchen,kitchen,living,living,living,living,kitchen,kitchen,bedroom,kitchen,kitchen,bathroom,bathroom,bathroom,bedroom,living
30060,d20 Sun 21:00,kitchen,bedroom,entry,kitchen,entry,entry,kitchen,bedroom,kitchen,kitchen,kitchen,kitchen,kitchen,entry,living,kitchen,entry,kitchen,kitchen,kitchen,kitchen,living,living,living,living,bathroom,bathroom,bedroom,kitchen,kitchen,bathroom,kitchen,bathroom,bedroom,living
30120,d20 Sun 22:00,kitchen,bedroom,entry,kitchen,entry,entry,kitchen,bedroom,kitchen,kitchen,kitchen,kitchen,kitchen,entry,living,kitchen,entry,kitchen,kitchen,kitchen,kitchen,living,kitchen,living,living,bathroom,bathroom,bedroom,kitchen,kitchen,bedroom,kitchen,bathroom,bedroom,living
30180,d20 Sun 23:00,kitchen,bedroom,entry,kitchen,entry,entry,kitchen,bedroom,kitchen,kitchen,kitchen,kitchen,kitchen,entry,living,kitchen,entry,kitchen,kitchen,kitchen,kitchen,living,kitchen,living,living,bathroom,bathroom,bedroom,kitchen,kitchen,bedroom,kitchen,bathroom,bedroom,living
30240,d21 Mon 00:00,kitchen,bedroom,entry,kitchen,entry,entry,kitchen,bedroom,kitchen,kitchen,kitchen,kitchen,kitchen,entry,living,kitchen,entry,kitchen,kitchen,kitchen,kitchen,living,kitchen,living,living,bedroom,bedroom,bedroom,kitchen,kitchen,bedroom,kitchen,bathroom,bedroom,living
30300,d21 Mon 01:00,kitchen,bedroom,entry,kitchen,entry,entry,kitchen,bedroom,kitchen,kitchen,kitchen,kitchen,kitchen,entry,living,kitchen,entry,kitchen,kitchen,kitchen,kitchen,living,kitchen,living,living,bedroom,bedroom,bedroom,kitchen,kitchen,bedroom,kitchen,bathroom,bedroom,living
30360,d21 Mon 02:00,kitchen,bedroom,entry,kitchen,entry,entry,kitchen,bedroom,kitchen,kitchen,kitchen,kitchen,kitchen,entry,living,kitchen,entry,kitchen,kitchen,kitchen,kitchen,living,kitchen,living,living,bedroom,bedroom,bedroom,kitchen,kitchen,bedroom,kitchen,bathroom,bedroom,living
30420,d21 Mon 03:00,kitchen,bedroom,entry,kitchen,entry,entry,kitchen,bedroom,kitchen,kitchen,kitchen,kitchen,kitchen,entry,living,kitchen,entry,kitchen,kitchen,kitchen,kitchen,living,kitchen,living,living,bedroom,bedroom,bedroom,kitchen,kitchen,bedroom,kitchen,bathroom,bedroom,living
30480,d21 Mon 04:00,kitchen,bedroom,entry,kitchen,entry,entry,kitchen,bedroom,kitchen,kitchen,kitchen,kitchen,kitchen,entry,living,kitchen,entry,kitchen,kitchen,kitchen,kitchen,living,kitchen,living,living,bedroom,bedroom,bedroom,kitchen,kitchen,bedroom,kitchen,bathroom,bedroom,living
30540,d21 Mon 05:00,kitchen,bedroom,entry,kitchen,entry,entry,kitchen,bedroom,kitchen,kitchen,kitchen,kitchen,kitchen,entry,living,kitchen,entry,kitchen,kitchen,kitchen,kitchen,living,kitchen,living,living,bedroom,bedroom,bedroom,kitchen,kitchen,bedroom,kitchen,bathroom,bedroom,living
30600,d21 Mon 06:00,kitchen,bedroom,kitchen,kitchen,entry,entry,kitchen,bedroom,kitchen,kitchen,kitchen,kitchen,kitchen,entry,kitchen,kitchen,entry,kitchen,kitchen,kitchen,kitchen,living,kitchen,living,living,kitchen,kitchen,bedroom,kitchen,kitchen,bathroom,bathroom,bathroom,bedroom,living
30660,d21 Mon 07:00,outside,outside,outside,outside,outside,outside,outside,bedroom,outside,outside,kitchen,outside,outside,outside,kitchen,kitchen,entry,kitchen,kitchen,kitchen,outside,outside,kitchen,living,outside,outside,outside,bedroom,kitchen,kitchen,bathroom,outside,bathroom,outside,living
30720,d21 Mon 08:00,outside,outside,outside,outside,outside,outside,outside,bedroom,outside,outside,kitchen,outside,outside,outside,kitchen,kitchen,entry,kitchen,kitchen,kitchen,outside,outside,kitchen,living,outside,outside,outside,bedroom,kitchen,kitchen,bathroom,outside,bathroom,outside,living
30780,d21 Mon 09:00,outside,outside,outside,outside,outside,outside,outside,bedroom,outside,outside,kitchen,outside,outside,outside,kitchen,kitchen,entry,kitchen,kitchen,kitchen,outside,outside,kitchen,living,outside,outside,outside,bedroom,kitchen,kitchen,bathroom,outside,bathroom,outside,living
30840,d21 Mon 10:00,outside,outside,outside,outside,outside,outside,outside,bedroom,outside,outside,kitchen,outside,outside,outside,kitchen,kitchen,entry,kitchen,kitchen,kitchen,outside,outside,kitchen,living,outside,outside,outside,bedroom,kitchen,kitchen,bathroom,outside,bathroom,outside,living
30900,d21 Mon 11:00,outside,outside,outside,outside,outside,outside,outside,bedroom,outside,outside,kitchen,outside,outside,outside,kitchen,kitchen,entry,kitchen,kitchen,kitchen,outside,outside,kitchen,living,outside,outside,outside,bedroom,kitchen,kitchen,bathroom,outside,bathroom,outside,living
30960,d21 Mon 12:00,outside,outside,outside,outside,outside,outside,outside,bedroom,outside,outside,kitchen,outside,outside,outside,kitchen,kitchen,entry,kitchen,kitchen,kitchen,outside,outside,kitchen,living,outside,outside,outside,bedroom,kitchen,kitchen,bathroom,outside,bathroom,outside,living
31020,d21 Mon 13:00,outside,outside,outside,outside,outside,outside,outside,bedroom,outside,outside,kitchen,outside,outside,outside,kitchen,kitchen,entry,kitchen,kitchen,kitchen,outside,outside,kitchen,living,outside,outside,outside,bedroom,kitchen,kitchen,bathroom,outside,bathroom,outside,living
31080,d21 Mon 14:00,outside,outside,outside,outside,outside,outside,outside,bedroom,outside,outside,kitchen,outside,outside,outside,kitchen,kitchen,entry,kitchen,kitchen,kitchen,outside,outside,kitchen,living,outside,outside,outside,bedroom,kitchen,kitchen,bathroom,outside,bathroom,outside,living
31140,d21 Mon 15:00,outside,outside,outside,outside,outside,outside,outside,bedroom,outside,outside,kitchen,outside,outside,outside,kitchen,kitchen,entry,kitchen,kitchen,kitchen,outside,outside,kitchen,living,outside,outside,outside,bedroom,kitchen,kitchen,bathroom,outside,bathroom,outside,living
31200,d21 Mon 16:00,outside,outside,outside,outside,outside,outside,outside,bedroom,outside,outside,kitchen,outside,outside,outside,kitchen,kitchen,entry,kitchen,kitchen,kitchen,outside,outside,kitchen,living,outside,outside,outside,bedroom,kitchen,kitchen,bathroom,outside,bathroom,outside,living
31260,d21 Mon 17:00,outside,outside,outside,outside,outside,outside,outside,bedroom,outside,outside,kitchen,outside,outside,outside,kitchen,kitchen,entry,kitchen,kitchen,kitchen,outside,outside,kitchen,living,outside,outside,outside,bedroom,kitchen,kitchen,bathroom,outside,bathroom,outside,living
31320,d21 Mon 18:00,kitchen,living,entry,entry,entry,kitchen,kitchen,living,kitchen,kitchen,kitchen,living,kitchen,entry,kitchen,kitchen,entry,kitchen,kitchen,kitchen,living,living,kitchen,living,living,bathroom,bedroom,bedroom,kitchen,kitchen,bathroom,bathroom,bathroom,bedroom,living
31380,d21 Mon 19:00,kitchen,living,entry,entry,entry,kitchen,kitchen,living,kitchen,kitchen,kitchen,living,kitchen,entry,living,kitchen,entry,kitchen,kitchen,kitchen,living,living,kitchen,living,living,bathroom,bedroom,bedroom,kitchen,kitchen,bathroom,bathroom,bathroom,bedroom,living
31440,d21 Mon 20:00,kitchen,living,entry,entry,entry,kitchen,kitchen,living,kitchen,kitchen,kitchen,living,kitchen,entry,living,kitchen,entry,kitchen,kitchen,kitchen,living,living,kitchen,living,living,bathroom,bedroom,bedroom,kitchen,kitchen,bathroom,bathroom,bathroom,bedroom,living
31500,d21 Mon 21:00,kitchen,bathroom,entry,entry,entry,kitchen,kitchen,living,kitchen,kitchen,kitchen,bathroom,kitchen,entry,living,kitchen,entry,kitchen,kitchen,kitchen,bathroom,bathroom,kitchen,living,bathroom,bathroom,bedroom,bedroom,kitchen,kitchen,bathroom,bathroom,bathroom,bedroom,living
31560,d21 Mon 22:00,kitchen,bathroom,entry,entry,entry,kitchen,kitchen,living,kitchen,kitchen,kitchen,bathroom,kitchen,entry,living,kitchen,entry,kitchen,kitchen,kitchen,bathroom,bathroom,kitchen,living,bathroom,bathroom,bedroom,bedroom,kitchen,kitchen,bathroom,bathroom,bathroom,bedroom,living
31620,d21 Mon 23:00,kitchen,bathroom,entry,entry,entry,kitchen,kitchen,living,kitchen,kitchen,kitchen,bathroom,kitchen,entry,living,kitchen,entry,kitchen,kitchen,kitchen,bathroom,bathroom,kitchen,living,bathroom,bathroom,bedroom,bedroom,kitchen,kitchen,bathroom,bathroom,bathroom,bedroom,living
31680,d22 Tue 00:00,kitchen,bathroom,entry,entry,entry,kitchen,kitchen,living,kitchen,kitchen,kitchen,bathroom,kitchen,entry,living,kitchen,entry,kitchen,kitchen,kitchen,bathroom,bathroom,kitchen,living,bathroom,bathroom,bedroom,bedroom,kitchen,kitchen,bathroom,bathroom,bathroom,bedroom,living
31740,d22 Tue 01:00,kitchen,bedroom,entry,entry,entry,kitchen,kitchen,living,kitchen,kitchen,kitchen,bedroom,kitchen,entry,living,kitchen,entry,kitchen,kitchen,kitchen,bedroom,bedroom,kitchen,living,bedroom,bathroom,bedroom,bedroom,kitchen,kitchen,bathroom,bathroom,bathroom,bedroom,living
31800,d22 Tue 02:00,kitchen,bedroom,entry,entry,entry,kitchen,kitchen,living,kitchen,kitchen,kitchen,bedroom,kitchen,entry,living,kitchen,entry,kitchen,kitchen,kitchen,bedroom,bedroom,kitchen,living,bedroom,bathroom,bedroom,bedroom,kitchen,kitchen,bathroom,bathroom,bathroom,bedroom,living
31860,d22 Tue 03:00,kitchen,bedroom,entry,entry,entry,kitchen,kitchen,living,kitchen,kitchen,kitchen,bedroom,kitchen,entry,living,kitchen,entry,kitchen,kitchen,kitchen,bedroom,bedroom,kitchen,living,bedroom,bathroom,bedroom,bedroom,kitchen,kitchen,bathroom,bathroom,bathroom,bedroom,living
31920,d22 Tue 04:00,kitchen,bedroom,entry,entry,entry,kitchen,kitchen,living,kitchen,kitchen,kitchen,bedroom,kitchen,entry,living,kitchen,entry,kitchen,kitchen,kitchen,bedroom,bedroom,kitchen,living,bedroom,bathroom,bedroom,bedroom,kitchen,kitchen,bathroom,bathroom,bathroom,bedroom,living
31980,d22 Tue 05:00,kitchen,bedroom,entry,entry,entry,kitchen,kitchen,living,kitchen,kitchen,kitchen,bedroom,kitchen,entry,living,kitchen,entry,kitchen,kitchen,kitchen,bedroom,bedroom,kitchen,living,bedroom,bathroom,bedroom,bedroom,kitchen,kitchen,bathroom,bathroom,bathroom,bedroom,living
32040,d22 Tue 06:00,kitchen,kitchen,entry,entry,entry,kitchen,kitchen,living,kitchen,kitchen,kitchen,kitchen,kitchen,entry,kitchen,kitchen,entry,kitchen,kitchen,kitchen,kitchen,kitchen,kitchen,living,kitchen,bathroom,bedroom,bedroom,kitchen,kitchen,bathroom,bathroom,bathroom,bedroom,living
32100,d22 Tue 07:00,outside,outside,outside,outside,outside,outside,outside,living,outside,outside,kitchen,outside,outside,outside,kitchen,kitchen,entry,kitchen,kitchen,kitchen,outside,outside,kitchen,living,outside,outside,outside,bedroom,kitchen,kitchen,bathroom,outside,bathroom,outside,living
32160,d22 Tue 08:00,outside,outside,outside,outside,outside,outside,outside,living,outside,outside,kitchen,outside,outside,outside,kitchen,kitchen,entry,kitchen,kitchen,kitchen,outside,outside,kitchen,living,outside,outside,outside,bedroom,kitchen,kitchen,bathroom,outside,bathroom,outside,living
32220,d22 Tue 09:00,outside,outside,outside,outside,outside,outside,outside,living,outside,outside,kitchen,outside,outside,outside,kitchen,kitchen,entry,kitchen,kitchen,kitchen,outside,outside,kitchen,living,outside,outside,outside,bedroom,kitchen,kitchen,bathroom,outside,bathroom,outside,living
32280,d22 Tue 10:00,outside,outside,outside,outside,outside,outside,outside,living,outside,outside,kitchen,outside,outside,outside,kitchen,kitchen,entry,kitchen,kitchen,kitchen,outside,outside,kitchen,living,outside,outside,outside,bedroom,kitchen,kitchen,bathroom,outside,bathroom,outside,living
32340,d22 Tue 11:00,outside,outside,outside,outside,outside,outside,outside,living,outside,outside,kitchen,outside,outside,outside,kitchen,kitchen,entry,kitchen,kitchen,kitchen,outside,outside,kitchen,living,outside,outside,outside,bedroom,kitchen,kitchen,bathroom,outside,bathroom,outside,living
32400,d22 Tue 12:00,outside,outside,outside,outside,outside,outside,outside,living,outside,outside,kitchen,outside,outside,outside,kitchen,kitchen,entry,kitchen,kitchen,kitchen,outside,outside,kitchen,living,outside,outside,outside,bedroom,kitchen,kitchen,bathroom,outside,bathroom,outside,living
32460,d22 Tue 13:00,outside,outside,outside,outside,outside,outside,outside,living,outside,outside,kitchen,outside,outside,kitchen,kitchen,kitchen,entry,kitchen,kitchen,kitchen,outside,outside,kitchen,living,outside,outside,outside,bedroom,kitchen,kitchen,bathroom,outside,bathroom,outside,living
32520,d22 Tue 14:00,outside,outside,outside,outside,outside,outside,outside,living,outside,outside,kitchen,outside,outside,kitchen,kitchen,kitchen,entry,kitchen,kitchen,kitchen,outside,outside,kitchen,living,outside,outside,outside,bedroom,kitchen,kitchen,bathroom,outside,bathroom,outside,living
32580,d22 Tue 15:00,outside,outside,outside,outside,outside,outside,outside,living,outside,outside,kitchen,outside,outside,kitchen,kitchen,kitchen,entry,kitchen,kitchen,kitchen,outside,outside,kitchen,living,outside,outside,outside,bedroom,kitchen,kitchen,bathroom,outside,bathroom,outside,living
32640,d22 Tue 16:00,outside,outside,outside,outside,outside,outside,outside,living,outside,outside,kitchen,outside,outside,kitchen,kitchen,kitchen,entry,kitchen,kitchen,kitchen,outside,outside,kitchen,living,outside,outside,outside,bedroom,kitchen,kitchen,bathroom,outside,bathroom,outside,living
32700,d22 Tue 17:00,kitchen,kitchen,entry,kitchen,entry,entry,entry,living,kitchen,kitchen,kitchen,kitchen,kitchen,kitchen,kitchen,kitchen,entry,kitchen,kitchen,kitchen,kitchen,living,kitchen,living,bedroom,bathroom,bedroom,bedroom,kitchen,kitchen,bathroom,bathroom,bathroom,bedroom,living
32760,d22 Tue 18:00,kitchen,kitchen,entry,kitchen,entry,entry,entry,living,kitchen,kitchen,kitchen,kitchen,kitchen,kitchen,kitchen,kitchen,kitchen,kitchen,kitchen,kitchen,kitchen,living,living,living,bedroom,bathroom,bedroom,bedroom,kitchen,kitchen,bathroom,bathroom,bathroom,bedroom,living
32820,d22 Tue 19:00,kitchen,kitchen,entry,kitchen,entry,entry,entry,living,kitchen,kitchen,kitchen,kitchen,kitchen,kitchen,kitchen,kitchen,kitchen,kitchen,kitchen,kitchen,kitchen,living,living,living,bedroom,bathroom,bedroom,bedroom,kitchen,kitchen,bathroom,bathroom,bathroom,bedroom,living
32880,d22 Tue 20:00,kitchen,kitchen,entry,kitchen,entry,entry,entry,living,kitchen,kitchen,kitchen,kitchen,kitchen,entry,kitchen,kitchen,entry,kitchen,kitchen,kitchen,kitchen,living,living,living,living,bathroom,bedroom,bedroom,kitchen,kitchen,bathroom,bathroom,bathroom,bedroom,living
32940,d22 Tue 21:00,kitchen,kitchen,entry,kitchen,entry,entry,entry,living,bathroom,kitchen,kitchen,kitchen,kitchen,entry,kitchen,kitchen,entry,kitchen,kitchen,kitchen,bathroom,living,living,living,living,bathroom,bedroom,bedroom,kitchen,kitchen,bathroom,bathroom,bathroom,bedroom,living
33000,d22 Tue 22:00,kitchen,kitchen,entry,kitchen,entry,entry,entry,living,bathroom,kitchen,kitchen,kitchen,kitchen,entry,kitchen,kitchen,entry,kitchen,kitchen,kitchen,bathroom,living,living,living,living,bathroom,bedroom,bedroom,kitchen,kitchen,bathroom,bathroom,bathroom,bedroom,living
33060,d22 Tue 23:00,kitchen,kitchen,entry,kitchen,entry,entry,entry,living,bathroom,kitchen,kitchen,kitchen,kitchen,entry,kitchen,kitchen,entry,kitchen,kitchen,kitchen,bathroom,living,living,living,living,bathroom,bedroom,bedroom,kitchen,kitchen,bathroom,bathroom,bathroom,bedroom,living
33120,d23 Wed 00:00,kitchen,kitchen,entry,kitchen,entry,entry,entry,living,bedroom,kitchen,kitchen,kitchen,kitchen,entry,kitchen,kitchen,entry,kitchen,kitchen,kitchen,bedroom,living,living,living,living,bathroom,bedroom,bedroom,kitchen,kitchen,bathroom,bathroom,bathroom,bedroom,living
33180,d23 Wed 01:00,kitchen,kitchen,entry,kitchen,entry,entry,entry,living,bedroom,kitchen,kitchen,kitchen,kitchen,entry,kitchen,kitchen,entry,kitchen,kitchen,kitchen,bedroom,living,living,living,living,bathroom,bedroom,bedroom,kitchen,kitchen,bathroom,bathroom,bathroom,bedroom,living
33240,d23 Wed 02:00,kitchen,kitchen,entry,kitchen,entry,entry,entry,living,bedroom,kitchen,kitchen,kitchen,kitchen,entry,kitchen,kitchen,entry,kitchen,kitchen,kitchen,bedroom,living,living,living,living,bathroom,bedroom,bedroom,kitchen,kitchen,bathroom,bathroom,bathroom,bedroom,living
33300,d23 Wed 03:00,kitchen,kitchen,entry,kitchen,entry,entry,entry,living,bedroom,kitchen,kitchen,kitchen,kitchen,entry,kitchen,kitchen,entry,kitchen,kitchen,kitchen,bedroom,living,living,living,living,bathroom,bedroom,bedroom,kitchen,kitchen,bathroom,bathroom,bathroom,bedroom,living
33360,d23 Wed 04:00,kitchen,kitchen,entry,kitchen,entry,entry,entry,living,bedroom,kitchen,kitchen,kitchen,kitchen,entry,kitchen,kitchen,entry,kitchen,kitchen,kitchen,bedroom,living,living,living,living,bathroom,bedroom,bedroom,kitchen,kitchen,bathroom,bathroom,bathroom,bedroom,living
33420,d23 Wed 05:00,kitchen,kitchen,entry,kitchen,entry,entry,entry,living,bedroom,kitchen,kitchen,kitchen,kitchen,entry,kitchen,kitchen,entry,kitchen,kitchen,kitchen,bedroom,living,living,living,living,bathroom,bedroom,bedroom,kitchen,kitchen,bathroom,bathroom,bathroom,bedroom,living
33480,d23 Wed 06:00,kitchen,bedroom,entry,kitchen,entry,kitchen,entry,living,kitchen,kitchen,kitchen,kitchen,kitchen,entry,kitchen,kitchen,entry,kitchen,kitchen,kitchen,kitchen,living,living,living,living,bathroom,bedroom,bedroom,kitchen,kitchen,bathroom,bathroom,bathroom,bedroom,living
33540,d23 Wed 07:00,outside,outside,outside,outside,outside,outside,outside,living,outside,outside,kitchen,outside,outside,outside,kitchen,kitchen,entry,kitchen,kitchen,kitchen,outside,outside,living,living,outside,outside,outside,bedroom,kitchen,kitchen,bathroom,outside,bathroom,outside,living
33600,d23 Wed 08:00,outside,outside,outside,outside,outside,outside,outside,living,outside,outside,kitchen,outside,outside,outside,kitchen,kitchen,entry,kitchen,kitchen,kitchen,outside,outside,living,living,outside,outside,outside,bedroom,kitchen,kitchen,bathroom,outside,bathroom,outside,living
33660,d23 Wed 09:00,outside,outside,outside,outside,outside,outside,outside,living,outside,outside,kitchen,outside,outside,outside,kitchen,kitchen,entry,kitchen,kitchen,kitchen,outside,outside,living,living,outside,outside,outside,bedroom,kitchen,kitchen,bathroom,outside,bathroom,outside,living
33720,d23 Wed 10:00,outside,outside,outside,outside,outside,outside,outside,living,outside,outside,kitchen,outside,outside,outside,kitchen,kitchen,entry,kitchen,kitchen,kitchen,outside,outside,living,living,outside,outside,outside,bedroom,kitchen,kitchen,bathroom,outside,bathroom,outside,living
33780,d23 Wed 11:00,outside,outside,outside,outside,outside,outside,outside,living,outside,outside,kitchen,kitchen,outside,outside,kitchen,kitchen,entry,kitchen,kitchen,kitchen,outside,outside,living,living,outside,outside,outside,bedroom,kitchen,kitchen,bathroom,outside,bathroom,outside,living
33840,d23 Wed 12:00,outside,outside,outside,outside,outside,outside,outside,living,outside,outside,kitchen,kitchen,outside,outside,kitchen,kitchen,entry,kitchen,kitchen,kitchen,outside,outside,living,living,outside,outside,outside,bedroom,kitchen,kitchen,bathroom,outside,bathroom,outside,living
33900,d23 Wed 13:00,outside,outside,outside,outside,outside,outside,outside,living,outside,outside,kitchen,kitchen,outside,outside,kitchen,kitchen,entry,kitchen,kitchen,kitchen,outside,outside,living,living,outside,outside,outside,bedroom,kitchen,kitchen,bathroom,outside,bathroom,outside,living
33960,d23 Wed 14:00,outside,outside,kitchen,outside,outside,outside,outside,living,outside,outside,kitchen,kitchen,outside,outside,kitchen,kitchen,entry,kitchen,kitchen,kitchen,outside,outside,living,living,outside,outside,outside,bedroom,kitchen,kitchen,bathroom,outside,bathroom,outside,living
34020,d23 Wed 15:00,outside,outside,kitchen,outside,outside,outside,outside,living,outside,outside,kitchen,kitchen,outside,outside,kitchen,kitchen,entry,kitchen,kitchen,kitchen,outside,outside,living,living,outside,outside,outside,bedroom,kitchen,kitchen,bathroom,outside,bathroom,outside,living
34080,d23 Wed 16:00,kitchen,kitchen,entry,kitchen,entry,entry,kitchen,living,kitchen,kitchen,kitchen,kitchen,kitchen,entry,kitchen,kitchen,entry,kitchen,kitchen,kitchen,kitchen,living,living,living,living,bathroom,bedroom,bedroom,kitchen,kitchen,bathroom,bathroom,bathroom,bedroom,living
34140,d23 Wed 17:00,kitchen,kitchen,entry,kitchen,entry,entry,living,living,kitchen,kitchen,kitchen,kitchen,kitchen,entry,living,kitchen,entry,kitchen,kitchen,kitchen,living,living,living,living,living,bathroom,bedroom,bedroom,kitchen,kitchen,bathroom,bathroom,bathroom,bedroom,living
34200,d23 Wed 18:00,kitchen,kitchen,entry,kitchen,entry,entry,living,living,kitchen,kitchen,kitchen,kitchen,kitchen,entry,living,kitchen,entry,kitchen,kitchen,kitchen,living,living,living,living,living,bathroom,bedroom,bedroom,kitchen,kitchen,bathroom,bathroom,bathroom,bedroom,living
34260,d23 Wed 19:00,kitchen,kitchen,entry,kitchen,entry,entry,living,living,kitchen,kitchen,kitchen,kitchen,kitchen,entry,living,kitchen,entry,kitchen,kitchen,kitchen,living,living,living,living,living,bathroom,bedroom,bedroom,kitchen,kitchen,bathroom,bathroom,bathroom,bedroom,living
34320,d23 Wed 20:00,kitchen,bedroom,entry,kitchen,entry,entry,living,living,kitchen,kitchen,kitchen,kitchen,kitchen,entry,living,kitchen,entry,kitchen,kitchen,kitchen,living,living,living,living,living,bathroom,bedroom,bedroom,kitchen,kitchen,bathroom,bathroom,bathroom,bedroom,living
34380,d23 Wed 21:00,kitchen,bedroom,entry,kitchen,entry,entry,bathroom,living,kitchen,kitchen,kitchen,kitchen,kitchen,entry,kitchen,kitchen,entry,kitchen,kitchen,kitchen,bathroom,living,living,living,living,bathroom,bedroom,bedroom,kitchen,kitchen,bathroom,bathroom,bathroom,bedroom,living
34440,d23 Wed 22:00,kitchen,bedroom,entry,kitchen,entry,entry,bathroom,living,kitchen,kitchen,kitchen,kitchen,bedroom,entry,kitchen,kitchen,entry,kitchen,kitchen,kitchen,bathroom,living,living,living,living,bathroom,bedroom,bedroom,kitchen,kitchen,bathroom,bathroom,bathroom,bedroom,living
34500,d23 Wed 23:00,kitchen,bedroom,entry,kitchen,entry,entry,bathroom,living,kitchen,kitchen,kitchen,kitchen,bedroom,entry,kitchen,kitchen,entry,kitchen,kitchen,kitchen,bathroom,living,living,living,living,bathroom,bedroom,bedroom,kitchen,kitchen,bathroom,bathroom,bathroom,bedroom,living
34560,d24 Thu 00:00,kitchen,bedroom,entry,kitchen,entry,entry,bedroom,living,kitchen,kitchen,kitchen,kitchen,bedroom,entry,kitchen,kitchen,entry,kitchen,kitchen,kitchen,bedroom,living,living,living,living,bathroom,bedroom,bedroom,kitchen,kitchen,bathroom,bathroom,bathroom,bedroom,living
34620,d24 Thu 01:00,kitchen,bedroom,entry,kitchen,entry,entry,bedroom,living,kitchen,kitchen,kitchen,kitchen,bedroom,entry,kitchen,kitchen,entry,kitchen,kitchen,kitchen,bedroom,living,living,living,living,bathroom,bedroom,bedroom,kitchen,kitchen,bathroom,bathroom,bathroom,bedroom,living
34680,d24 Thu 02:00,kitchen,bedroom,entry,kitchen,entry,entry,bedroom,living,kitchen,kitchen,kitchen,kitchen,bedroom,entry,kitchen,kitchen,entry,kitchen,kitchen,kitchen,bedroom,living,living,living,living,bathroom,bedroom,bedroom,kitchen,kitchen,bathroom,bathroom,bathroom,bedroom,living
34740,d24 Thu 03:00,kitchen,bedroom,entry,kitchen,entry,entry,bedroom,living,kitchen,kitchen,kitchen,kitchen,bedroom,entry,kitchen,kitchen,entry,kitchen,kitchen,kitchen,bedroom,living,living,living,living,bathroom,bedroom,bedroom,kitchen,kitchen,bathroom,bathroom,bathroom,bedroom,living
34800,d24 Thu 04:00,kitchen,bedroom,entry,kitchen,entry,entry,bedroom,living,kitchen,kitchen,kitchen,kitchen,bedroom,entry,kitchen,kitchen,entry,kitchen,kitchen,kitchen,bedroom,living,living,living,living,bathroom,bedroom,bedroom,kitchen,kitchen,bathroom,bathroom,bathroom,bedroom,living
34860,d24 Thu 05:00,kitchen,bedroom,entry,kitchen,entry,entry,bedroom,living,kitchen,kitchen,kitchen,kitchen,bedroom,entry,kitchen,kitchen,entry,kitchen,kitchen,kitchen,bedroom,living,living,living,living,bathroom,bedroom,bedroom,kitchen,kitchen,bathroom,bathroom,bathroom,bedroom,living
34920,d24 Thu 06:00,kitchen,bedroom,entry,kitchen,entry,entry,kitchen,living,kitchen,kitchen,kitchen,kitchen,kitchen,entry,kitchen,kitchen,entry,kitchen,kitchen,kitchen,kitchen,living,kitchen,living,living,bathroom,bedroom,bedroom,kitchen,kitchen,bathroom,bathroom,bathroom,bedroom,living
34980,d24 Thu 07:00,kitchen,bedroom,entry,kitchen,entry,entry,kitchen,living,kitchen,kitchen,kitchen,kitchen,kitchen,entry,kitchen,kitchen,entry,kitchen,kitchen,kitchen,kitchen,living,kitchen,living,living,bathroom,bedroom,bedroom,kitchen,kitchen,bathroom,bathroom,bathroom,bedroom,living
35040,d24 Thu 08:00,outside,outside,outside,outside,outside,outside,outside,living,outside,outside,kitchen,outside,outside,outside,kitchen,kitchen,entry,kitchen,kitchen,kitchen,outside,outside,kitchen,living,outside,outside,outside,bedroom,kitchen,kitchen,bathroom,outside,bathroom,outside,living
35100,d24 Thu 09:00,outside,outside,outside,outside,outside,outside,outside,living,outside,outside,kitchen,outside,outside,outside,kitchen,kitchen,entry,kitchen,kitchen,kitchen,outside,outside,kitchen,living,outside,outside,outside,bedroom,kitchen,kitchen,bathroom,outside,bathroom,outside,living
35160,d24 Thu 10:00,outside,outside,outside,outside,outside,outside,outside,living,outside,outside,kitchen,outside,outside,outside,kitchen,kitchen,entry,kitchen,kitchen,kitchen,outside,outside,kitchen,living,outside,outside,outside,bedroom,kitchen,kitchen,bathroom,outside,bathroom,outside,living
35220,d24 Thu 11:00,outside,outside,outside,outside,outside,outside,outside,living,outside,outside,kitchen,outside,outside,outside,kitchen,kitchen,entry,kitchen,kitchen,kitchen,outside,outside,kitchen,living,outside,outside,outside,bedroom,kitchen,kitchen,bathroom,outside,bathroom,outside,living
35280,d24 Thu 12:00,outside,outside,outside,outside,outside,outside,outside,living,outside,outside,kitchen,outside,outside,outside,kitchen,kitchen,entry,kitchen,kitchen,kitchen,outside,outside,kitchen,living,outside,outside,outside,bedroom,kitchen,kitchen,bathroom,outside,bathroom,outside,living
35340,d24 Thu 13:00,outside,outside,outside,outside,outside,outside,outside,living,outside,outside,kitchen,outside,outside,outside,kitchen,kitchen,entry,kitchen,kitchen,kitchen,outside,outside,kitchen,living,outside,outside,outside,bedroom,kitchen,kitchen,bathroom,outside,bathroom,outside,living
35400,d24 Thu 14:00,outside,outside,outside,outside,outside,outside,outside,living,outside,outside,kitchen,outside,outside,outside,kitchen,kitchen,entry,kitchen,kitchen,kitchen,outside,outside,kitchen,living,outside,outside,outside,bedroom,kitchen,kitchen,bathroom,outside,bathroom,outside,living
35460,d24 Thu 15:00,outside,outside,outside,outside,outside,outside,outside,living,outside,outside,kitchen,outside,outside,outside,kitchen,kitchen,entry,kitchen,kitchen,kitchen,outside,outside,kitchen,living,outside,outside,outside,bedroom,kitchen,kitchen,bathroom,outside,bathroom,outside,living
35520,d24 Thu 16:00,outside,outside,outside,outside,outside,outside,outside,living,outside,outside,kitchen,outside,outside,outside,kitchen,kitchen,entry,kitchen,kitchen,kitchen,outside,outside,kitchen,living,outside,outside,outside,bedroom,kitchen,kitchen,bathroom,outside,bathroom,outside,living
35580,d24 Thu 17:00,outside,outside,outside,outside,outside,outside,outside,living,outside,outside,kitchen,outside,outside,outside,kitchen,kitchen,entry,kitchen,kitchen,kitchen,outside,outside,kitchen,living,outside,outside,outside,bedroom,kitchen,kitchen,bathroom,outside,bathroom,outside,living
35640,d24 Thu 18:00,kitchen,kitchen,kitchen,entry,entry,kitchen,kitchen,living,kitchen,kitchen,kitchen,kitchen,kitchen,entry,kitchen,kitchen,entry,kitchen,kitchen,kitchen,kitchen,living,kitchen,living,kitchen,bathroom,bedroom,bedroom,kitchen,kitchen,bathroom,bathroom,bathroom,bedroom,living
35700,d24 Thu 19:00,kitchen,kitchen,kitchen,entry,entry,kitchen,kitchen,living,kitchen,kitchen,kitchen,kitchen,kitchen,entry,kitchen,kitchen,entry,kitchen,kitchen,kitchen,kitchen,living,kitchen,living,kitchen,bathroom,bedroom,bedroom,kitchen,kitchen,bathroom,bathroom,bathroom,bedroom,living
35760,d24 Thu 20:00,kitchen,kitchen,kitchen,entry,entry,kitchen,kitchen,living,kitchen,kitchen,kitchen,kitchen,kitchen,entry,kitchen,kitchen,entry,kitchen,kitchen,kitchen,kitchen,living,kitchen,living,kitchen,bathroom,bedroom,bedroom,kitchen,kitchen,bathroom,bathroom,bathroom,bedroom,living
35820,d24 Thu 21:00,kitchen,kitchen,kitchen,entry,entry,kitchen,kitchen,living,kitchen,kitchen,kitchen,kitchen,kitchen,entry,kitchen,kitchen,entry,kitchen,kitchen,kitchen,kitchen,living,kitchen,living,kitchen,bathroom,bedroom,bedroom,kitchen,kitchen,bathroom,bathroom,bathroom,bedroom,living
35880,d24 Thu 22:00,kitchen,kitchen,kitchen,entry,entry,kitchen,kitchen,living,kitchen,kitchen,kitchen,kitchen,kitchen,entry,kitchen,kitchen,entry,kitchen,kitchen,kitchen,kitchen,living,kitchen,living,kitchen,bathroom,bedroom,bedroom,kitchen,kitchen,bathroom,bathroom,bathroom,bedroom,living
35940,d24 Thu 23:00,kitchen,kitchen,kitchen,entry,entry,kitchen,kitchen,living,kitchen,kitchen,kitchen,kitchen,kitchen,entry,kitchen,kitchen,entry,kitchen,kitchen,kitchen,kitchen,living,kitchen,living,kitchen,bathroom,bedroom,bedroom,kitchen,kitchen,bathroom,bathroom,bathroom,bedroom,living
36000,d25 Fri 00:00,kitchen,kitchen,bedroom,entry,entry,kitchen,bedroom,living,bedroom,kitchen,kitchen,kitchen,kitchen,entry,kitchen,kitchen,entry,kitchen,kitchen,kitchen,bedroom,living,kitchen,living,bedroom,bathroom,bedroom,bedroom,kitchen,kitchen,bathroom,bathroom,bathroom,bedroom,living
36060,d25 Fri 01:00,kitchen,kitchen,bedroom,entry,entry,kitchen,bedroom,living,bedroom,kitchen,kitchen,kitchen,kitchen,entry,kitchen,kitchen,entry,kitchen,kitchen,kitchen,bedroom,living,kitchen,living,bedroom,bathroom,bedroom,bedroom,kitchen,kitchen,bathroom,bathroom,bathroom,bedroom,living
36120,d25 Fri 02:00,kitchen,kitchen,bedroom,entry,entry,kitchen,bedroom,living,bedroom,kitchen,kitchen,kitchen,kitchen,entry,kitchen,kitchen,entry,kitchen,kitchen,kitchen,bedroom,living,kitchen,living,bedroom,bathroom,bedroom,bedroom,kitchen,kitchen,bathroom,bathroom,bathroom,bedroom,living
36180,d25 Fri 03:00,kitchen,kitchen,bedroom,entry,entry,kitchen,bedroom,living,bedroom,kitchen,kitchen,kitchen,kitchen,entry,kitchen,kitchen,entry,kitchen,kitchen,kitchen,bedroom,living,kitchen,living,bedroom,bathroom,bedroom,bedroom,kitchen,kitchen,bathroom,bathroom,bathroom,bedroom,living
36240,d25 Fri 04:00,kitchen,kitchen,bedroom,entry,entry,kitchen,bedroom,living,bedroom,kitchen,kitchen,kitchen,kitchen,entry,kitchen,kitchen,entry,kitchen,kitchen,kitchen,bedroom,living,kitchen,living,bedroom,bathroom,bedroom,bedroom,kitchen,kitchen,bathroom,bathroom,bathroom,bedroom,living
36300,d25 Fri 05:00,kitchen,kitchen,bedroom,entry,entry,kitchen,bedroom,living,bedroom,kitchen,kitchen,kitchen,kitchen,entry,kitchen,kitchen,entry,kitchen,kitchen,kitchen,bedroom,living,kitchen,living,bedroom,bathroom,bedroom,bedroom,kitchen,kitchen,bathroom,bathroom,bathroom,bedroom,living
36360,d25 Fri 06:00,kitchen,bedroom,kitchen,entry,entry,kitchen,kitchen,living,kitchen,kitchen,kitchen,kitchen,kitchen,entry,kitchen,kitchen,entry,kitchen,kitchen,kitchen,kitchen,living,kitchen,living,kitchen,bathroom,bedroom,bedroom,kitchen,kitchen,bathroom,bathroom,bathroom,bedroom,living
36420,d25 Fri 07:00,kitchen,bedroom,kitchen,entry,entry,kitchen,kitchen,living,kitchen,kitchen,kitchen,kitchen,kitchen,entry,kitchen,kitchen,entry,kitchen,kitchen,kitchen,kitchen,living,kitchen,living,kitchen,bathroom,bedroom,bedroom,kitchen,kitchen,bathroom,bathroom,bathroom,bedroom,living
36480,d25 Fri 08:00,outside,outside,outside,outside,outside,outside,outside,living,outside,outside,kitchen,outside,outside,outside,kitchen,kitchen,entry,kitchen,kitchen,kitchen,outside,outside,kitchen,living,outside,outside,outside,bedroom,kitchen,kitchen,bathroom,outside,bathroom,outside,living
36540,d25 Fri 09:00,outside,outside,outside,outside,outside,outside,outside,living,outside,outside,kitchen,outside,outside,outside,kitchen,kitchen,entry,kitchen,kitchen,kitchen,outside,outside,kitchen,living,outside,outside,outside,bedroom,kitchen,kitchen,bathroom,outside,bathroom,outside,living
36600,d25 Fri 10:00,outside,outside,outside,outside,outside,outside,outside,living,outside,outside,kitchen,outside,outside,outside,kitchen,kitchen,entry,kitchen,kitchen,kitchen,outside,outside,kitchen,living,outside,outside,outside,bedroom,kitchen,kitchen,bathroom,outside,bathroom,outside,living
36660,d25 Fri 11:00,outside,outside,outside,outside,outside,outside,outside,living,outside,outside,kitchen,outside,outside,outside,kitchen,kitchen,entry,kitchen,kitchen,kitchen,outside,outside,kitchen,living,outside,outside,outside,bedroom,kitchen,kitchen,bathroom,outside,bathroom,outside,living
36720,d25 Fri 12:00,outside,outside,outside,outside,outside,outside,outside,living,outside,outside,kitchen,outside,outside,outside,kitchen,kitchen,entry,kitchen,kitchen,kitchen,outside,outside,kitchen,living,outside,outside,outside,bedroom,kitchen,kitchen,bathroom,outside,bathroom,outside,living
36780,d25 Fri 13:00,outside,outside,outside,outside,outside,outside,outside,living,outside,outside,kitchen,outside,outside,outside,kitchen,kitchen,entry,kitchen,kitchen,kitchen,outside,outside,kitchen,living,outside,outside,outside,bedroom,kitchen,kitchen,bathroom,outside,bathroom,outside,living
36840,d25 Fri 14:00,outside,outside,outside,outside,outside,outside,outside,living,outside,outside,kitchen,outside,outside,outside,kitchen,kitchen,entry,kitchen,kitchen,kitchen,outside,outside,kitchen,living,outside,outside,outside,bedroom,kitchen,kitchen,bathroom,outside,bathroom,outside,living
36900,d25 Fri 15:00,outside,outside,outside,outside,outside,outside,outside,living,outside,outside,kitchen,outside,outside,outside,kitchen,kitchen,entry,kitchen,kitchen,kitchen,outside,outside,kitchen,living,outside,outside,outside,bedroom,kitchen,kitchen,bathroom,outside,bathroom,outside,living
36960,d25 Fri 16:00,outside,outside,outside,outside,outside,outside,outside,living,outside,outside,kitchen,outside,outside,outside,kitchen,kitchen,entry,kitchen,kitchen,kitchen,outside,outside,kitchen,living,outside,outside,outside,bedroom,kitchen,kitchen,bathroom,outside,bathroom,outside,living
37020,d25 Fri 17:00,kitchen,kitchen,entry,entry,entry,entry,kitchen,kitchen,kitchen,kitchen,kitchen,kitchen,kitchen,entry,kitchen,kitchen,entry,kitchen,kitchen,kitchen,living,kitchen,kitchen,living,kitchen,bathroom,bedroom,bedroom,kitchen,kitchen,bathroom,bathroom,bathroom,bedroom,living
37080,d25 Fri 18:00,living,kitchen,entry,entry,kitchen,entry,kitchen,kitchen,kitchen,living,kitchen,kitchen,kitchen,entry,kitchen,living,entry,kitchen,kitchen,kitchen,living,kitchen,kitchen,living,living,bathroom,bedroom,bedroom,kitchen,kitchen,bathroom,bathroom,bathroom,bedroom,living
37140,d25 Fri 19:00,living,kitchen,entry,kitchen,kitchen,entry,kitchen,kitchen,kitchen,living,kitchen,kitchen,kitchen,entry,kitchen,living,entry,kitchen,kitchen,kitchen,living,kitchen,living,living,living,bathroom,bedroom,bedroom,kitchen,kitchen,bathroom,bathroom,bathroom,bedroom,living
37200,d25 Fri 20:00,living,kitchen,entry,kitchen,kitchen,entry,kitchen,kitchen,kitchen,living,kitchen,kitchen,kitchen,entry,kitchen,living,entry,kitchen,kitchen,kitchen,living,kitchen,living,living,living,bathroom,bedroom,bedroom,kitchen,kitchen,bathroom,bathroom,bathroom,bedroom,living
37260,d25 Fri 21:00,bathroom,kitchen,entry,kitchen,kitchen,entry,kitchen,kitchen,kitchen,bathroom,kitchen,kitchen,kitchen,entry,kitchen,living,entry,kitchen,kitchen,kitchen,living,kitchen,living,living,bathroom,bathroom,bedroom,bedroom,kitchen,kitchen,bathroom,bathroom,bathroom,bedroom,living
37320,d25 Fri 22:00,bathroom,kitchen,entry,kitchen,kitchen,entry,kitchen,kitchen,kitchen,bathroom,kitchen,kitchen,kitchen,entry,kitchen,living,entry,kitchen,kitchen,kitchen,living,kitchen,living,living,bathroom,bathroom,bedroom,bedroom,kitchen,kitchen,bathroom,bathroom,bathroom,bedroom,living
37380,d25 Fri 23:00,bedroom,kitchen,entry,kitchen,kitchen,entry,kitchen,kitchen,kitchen,bedroom,kitchen,kitchen,bedroom,entry,kitchen,living,entry,kitchen,kitchen,kitchen,living,kitchen,living,living,bedroom,bathroom,bedroom,bedroom,kitchen,kitchen,bathroom,bathroom,bathroom,bedroom,living
37440,d26 Sat 00:00,bedroom,kitchen,entry,kitchen,kitchen,entry,kitchen,kitchen,kitchen,bedroom,kitchen,kitchen,bedroom,entry,kitchen,living,entry,kitchen,kitchen,kitchen,living,kitchen,living,living,bedroom,bathroom,bedroom,bedroom,kitchen,kitchen,bathroom,bathroom,bathroom,bedroom,living
37500,d26 Sat 01:00,bedroom,kitchen,entry,kitchen,kitchen,entry,kitchen,kitchen,kitchen,bedroom,kitchen,kitchen,bedroom,entry,kitchen,living,entry,kitchen,kitchen,kitchen,living,kitchen,living,living,bedroom,bathroom,bedroom,bedroom,kitchen,kitchen,bathroom,bathroom,bathroom,bedroom,living
37560,d26 Sat 02:00,bedroom,kitchen,entry,kitchen,kitchen,entry,kitchen,kitchen,kitchen,bedroom,kitchen,kitchen,bedroom,entry,kitchen,living,entry,kitchen,kitchen,kitchen,living,kitchen,living,living,bedroom,bathroom,bedroom,bedroom,kitchen,kitchen,bathroom,bathroom,bathroom,bedroom,living
37620,d26 Sat 03:00,bedroom,kitchen,entry,kitchen,kitchen,entry,kitchen,kitchen,kitchen,bedroom,kitchen,kitchen,bedroom,entry,kitchen,living,entry,kitchen,kitchen,kitchen,living,kitchen,living,living,bedroom,bathroom,bedroom,bedroom,kitchen,kitchen,bathroom,bathroom,bathroom,bedroom,living
37680,d26 Sat 04:00,bedroom,kitchen,entry,kitchen,kitchen,entry,kitchen,kitchen,kitchen,bedroom,kitchen,kitchen,bedroom,entry,kitchen,living,entry,kitchen,kitchen,kitchen,living,kitchen,living,living,bedroom,bathroom,bedroom,bedroom,kitchen,kitchen,bathroom,bathroom,bathroom,bedroom,living
37740,d26 Sat 05:00,bedroom,kitchen,entry,kitchen,kitchen,entry,kitchen,kitchen,kitchen,bedroom,kitchen,kitchen,bedroom,entry,kitchen,living,entry,kitchen,kitchen,kitchen,living,kitchen,living,living,bedroom,bathroom,bedroom,bedroom,kitchen,kitchen,bathroom,bathroom,bathroom,bedroom,living
37800,d26 Sat 06:00,bedroom,kitchen,entry,kitchen,kitchen,entry,kitchen,kitchen,kitchen,bedroom,kitchen,kitchen,bedroom,entry,kitchen,living,entry,kitchen,kitchen,kitchen,living,kitchen,living,living,bedroom,bathroom,bedroom,bedroom,kitchen,kitchen,bathroom,bathroom,bathroom,bedroom,living
37860,d26 Sat 07:00,bedroom,kitchen,entry,kitchen,kitchen,entry,kitchen,kitchen,kitchen,bedroom,kitchen,kitchen,bedroom,entry,kitchen,living,entry,kitchen,kitchen,kitchen,living,kitchen,living,living,bedroom,bathroom,bedroom,bedroom,kitchen,kitchen,bathroom,bathroom,bathroom,bedroom,living
37920,d26 Sat 08:00,kitchen,bedroom,entry,kitchen,kitchen,entry,kitchen,kitchen,kitchen,kitchen,kitchen,kitchen,bedroom,entry,kitchen,living,entry,kitchen,kitchen,kitchen,living,kitchen,living,living,kitchen,bathroom,bedroom,bedroom,kitchen,kitchen,bathroom,bathroom,bathroom,bedroom,living
37980,d26 Sat 09:00,living,bedroom,entry,kitchen,kitchen,entry,kitchen,kitchen,kitchen,living,living,kitchen,bedroom,entry,kitchen,living,living,kitchen,kitchen,kitchen,living,kitchen,living,living,living,bathroom,bedroom,bedroom,kitchen,kitchen,bathroom,bathroom,bathroom,bedroom,living
38040,d26 Sat 10:00,outside,outside,outside,outside,kitchen,outside,outside,kitchen,outside,outside,bedroom,outside,outside,outside,kitchen,living,entry,kitchen,kitchen,kitchen,outside,outside,living,living,outside,outside,outside,bedroom,kitchen,kitchen,bathroom,outside,bathroom,outside,living
38100,d26 Sat 11:00,kitchen,bedroom,entry,entry,kitchen,entry,kitchen,kitchen,kitchen,kitchen,bedroom,kitchen,kitchen,bathroom,kitchen,living,entry,kitchen,kitchen,kitchen,kitchen,living,living,living,living,bathroom,bedroom,bedroom,kitchen,kitchen,bathroom,bathroom,bathroom,bedroom,living
38160,d26 Sat 12:00,kitchen,bedroom,entry,entry,kitchen,entry,kitchen,living,kitchen,kitchen,bedroom,kitchen,kitchen,bathroom,living,living,entry,kitchen,kitchen,kitchen,kitchen,living,kitchen,living,living,bathroom,bedroom,bedroom,kitchen,kitchen,bathroom,bathroom,bathroom,bedroom,living
38220,d26 Sat 13:00,kitchen,bedroom,entry,entry,kitchen,entry,kitchen,living,kitchen,kitchen,bedroom,kitchen,kitchen,bathroom,living,living,entry,kitchen,kitchen,kitchen,kitchen,living,kitchen,living,living,bathroom,bedroom,bedroom,kitchen,kitchen,bathroom,bathroom,bathroom,bedroom,living
38280,d26 Sat 14:00,kitchen,bedroom,entry,entry,kitchen,entry,kitchen,living,kitchen,kitchen,bedroom,kitchen,kitchen,bathroom,living,living,entry,kitchen,kitchen,kitchen,kitchen,living,kitchen,living,living,bathroom,bedroom,bedroom,kitchen,kitchen,bathroom,bathroom,bathroom,bedroom,living
38340,d26 Sat 15:00,kitchen,bedroom,entry,kitchen,entry,entry,kitchen,bedroom,kitchen,kitchen,bedroom,kitchen,living,bathroom,living,living,entry,kitchen,kitchen,kitchen,bedroom,living,kitchen,living,living,bathroom,bedroom,bedroom,kitchen,kitchen,bathroom,bathroom,bathroom,bedroom,living
38400,d26 Sat 16:00,kitchen,bedroom,entry,kitchen,entry,entry,kitchen,kitchen,kitchen,kitchen,bedroom,kitchen,living,bathroom,living,living,entry,kitchen,kitchen,kitchen,bedroom,living,kitchen,living,living,bathroom,bedroom,bedroom,kitchen,kitchen,bathroom,bathroom,bathroom,bedroom,living
38460,d26 Sat 17:00,kitchen,bedroom,entry,kitchen,entry,entry,kitchen,kitchen,kitchen,kitchen,bedroom,kitchen,living,bathroom,living,living,entry,kitchen,kitchen,kitchen,bedroom,living,kitchen,living,living,bathroom,bedroom,bedroom,kitchen,kitchen,bathroom,bathroom,bathroom,bedroom,living
38520,d26 Sat 18:00,kitchen,bedroom,entry,kitchen,entry,entry,kitchen,kitchen,kitchen,kitchen,bedroom,kitchen,living,bathroom,living,living,entry,kitchen,kitchen,kitchen,bedroom,living,kitchen,living,living,bathroom,bedroom,bedroom,kitchen,kitchen,bathroom,bathroom,bathroom,bedroom,living
38580,d26 Sat 19:00,kitchen,bedroom,entry,kitchen,entry,entry,kitchen,kitchen,kitchen,kitchen,bedroom,kitchen,living,bathroom,living,living,entry,kitchen,kitchen,kitchen,bedroom,living,kitchen,living,living,bathroom,bedroom,bedroom,kitchen,kitchen,bathroom,bathroom,bathroom,bedroom,living
38640,d26 Sat 20:00,kitchen,bedroom,entry,kitchen,entry,entry,kitchen,kitchen,kitchen,kitchen,bedroom,kitchen,living,bathroom,living,living,entry,kitchen,kitchen,kitchen,bedroom,living,kitchen,living,living,bathroom,bedroom,bedroom,kitchen,kitchen,bathroom,bathroom,bathroom,bedroom,living
38700,d26 Sat 21:00,kitchen,bedroom,entry,kitchen,entry,entry,kitchen,kitchen,kitchen,kitchen,bedroom,kitchen,living,bathroom,living,living,entry,kitchen,kitchen,kitchen,bedroom,living,kitchen,living,living,bathroom,bedroom,bedroom,kitchen,kitchen,bathroom,bathroom,bathroom,bedroom,living
38760,d26 Sat 22:00,kitchen,bedroom,entry,kitchen,entry,entry,kitchen,kitchen,kitchen,kitchen,bedroom,kitchen,bedroom,bathroom,living,living,entry,kitchen,kitchen,kitchen,bedroom,living,kitchen,living,living,bathroom,bedroom,bedroom,kitchen,kitchen,bathroom,bathroom,bathroom,bedroom,living
38820,d26 Sat 23:00,kitchen,bedroom,entry,kitchen,entry,entry,kitchen,kitchen,kitchen,kitchen,bedroom,kitchen,bedroom,bathroom,living,living,entry,kitchen,kitchen,kitchen,bedroom,kitchen,kitchen,living,living,bathroom,bedroom,bedroom,kitchen,kitchen,bathroom,bathroom,bathroom,bedroom,living
38880,d27 Sun 00:00,kitchen,bedroom,entry,kitchen,entry,entry,kitchen,kitchen,kitchen,kitchen,bedroom,kitchen,bedroom,bathroom,living,living,entry,kitchen,kitchen,kitchen,bedroom,kitchen,kitchen,living,living,bathroom,bedroom,bedroom,kitchen,kitchen,bathroom,bathroom,bathroom,bedroom,living
38940,d27 Sun 01:00,kitchen,bedroom,entry,kitchen,entry,entry,kitchen,kitchen,kitchen,kitchen,bedroom,kitchen,bedroom,bathroom,living,living,entry,kitchen,kitchen,kitchen,bedroom,kitchen,kitchen,living,living,bathroom,bedroom,bedroom,kitchen,kitchen,bathroom,bathroom,bathroom,bedroom,living
39000,d27 Sun 02:00,kitchen,bedroom,entry,kitchen,entry,entry,kitchen,kitchen,kitchen,kitchen,bedroom,kitchen,bedroom,bathroom,living,living,entry,kitchen,kitchen,kitchen,bedroom,kitchen,kitchen,living,living,bathroom,bedroom,bedroom,kitchen,kitchen,bathroom,bathroom,bathroom,bedroom,living
39060,d27 Sun 03:00,kitchen,bedroom,entry,kitchen,entry,entry,kitchen,kitchen,kitchen,kitchen,bedroom,kitchen,bedroom,bathroom,living,living,entry,kitchen,kitchen,kitchen,bedroom,kitchen,kitchen,living,living,bathroom,bedroom,bedroom,kitchen,kitchen,bathroom,bathroom,bathroom,bedroom,living
39120,d27 Sun 04:00,kitchen,bedroom,entry,kitchen,entry,entry,kitchen,kitchen,kitchen,kitchen,bedroom,kitchen,bedroom,bathroom,living,living,entry,kitchen,kitchen,kitchen,bedroom,kitchen,kitchen,living,living,bathroom,bedroom,bedroom,kitchen,kitchen,bathroom,bathroom,bathroom,bedroom,living
39180,d27 Sun 05:00,kitchen,bedroom,entry,kitchen,entry,entry,kitchen,kitchen,kitchen,kitchen,bedroom,kitchen,bedroom,bathroom,living,living,entry,kitchen,kitchen,kitchen,bedroom,kitchen,kitchen,living,living,bathroom,bedroom,bedroom,kitchen,kitchen,bathroom,bathroom,bathroom,bedroom,living
39240,d27 Sun 06:00,kitchen,bedroom,entry,kitchen,entry,entry,kitchen,kitchen,kitchen,kitchen,bedroom,kitchen,bedroom,bathroom,living,living,entry,kitchen,kitchen,kitchen,bedroom,kitchen,kitchen,living,living,bathroom,bedroom,bedroom,kitchen,kitchen,bathroom,bathroom,bathroom,bedroom,living
39300,d27 Sun 07:00,kitchen,bedroom,entry,kitchen,entry,entry,kitchen,kitchen,kitchen,kitchen,bedroom,kitchen,bedroom,bathroom,living,living,entry,kitchen,kitchen,kitchen,bedroom,kitchen,kitchen,living,living,bathroom,bedroom,bedroom,kitchen,kitchen,bathroom,bathroom,bathroom,bedroom,living
39360,d27 Sun 08:00,kitchen,bedroom,entry,kitchen,entry,entry,kitchen,kitchen,kitchen,kitchen,bedroom,kitchen,bedroom,bathroom,kitchen,living,entry,kitchen,kitchen,kitchen,bedroom,kitchen,kitchen,living,living,bathroom,bedroom,bedroom,kitchen,kitchen,bathroom,bathroom,bathroom,bedroom,living
39420,d27 Sun 09:00,kitchen,bedroom,entry,entry,entry,entry,kitchen,kitchen,kitchen,kitchen,kitchen,kitchen,kitchen,entry,kitchen,living,entry,kitchen,kitchen,kitchen,living,kitchen,kitchen,living,living,bedroom,bedroom,bedroom,kitchen,kitchen,bathroom,bathroom,bathroom,bedroom,living
39480,d27 Sun 10:00,kitchen,bedroom,entry,entry,entry,entry,kitchen,kitchen,kitchen,kitchen,kitchen,kitchen,kitchen,entry,kitchen,living,entry,kitchen,kitchen,kitchen,living,kitchen,kitchen,living,living,bedroom,bedroom,bedroom,kitchen,kitchen,bathroom,bathroom,bathroom,bedroom,living
39540,d27 Sun 11:00,kitchen,kitchen,entry,entry,entry,entry,kitchen,kitchen,kitchen,kitchen,kitchen,kitchen,kitchen,entry,kitchen,living,entry,kitchen,kitchen,kitchen,living,kitchen,kitchen,living,living,bedroom,bedroom,bedroom,kitchen,kitchen,bathroom,bathroom,bathroom,bedroom,living
39600,d27 Sun 12:00,kitchen,kitchen,entry,entry,entry,entry,kitchen,living,kitchen,kitchen,kitchen,kitchen,kitchen,entry,living,living,entry,kitchen,kitchen,kitchen,living,kitchen,kitchen,living,living,bedroom,bedroom,bedroom,kitchen,kitchen,bathroom,bathroom,bathroom,bedroom,living
39660,d27 Sun 13:00,kitchen,kitchen,entry,entry,entry,entry,kitchen,living,kitchen,kitchen,kitchen,kitchen,kitchen,entry,living,living,entry,kitchen,kitchen,kitchen,living,kitchen,kitchen,living,living,bedroom,bedroom,bedroom,kitchen,kitchen,bathroom,bathroom,bathroom,bedroom,living
39720,d27 Sun 14:00,outside,outside,outside,outside,outside,outside,outside,living,outside,outside,kitchen,outside,outside,outside,living,living,entry,kitchen,kitchen,kitchen,outside,outside,kitchen,living,outside,outside,outside,bedroom,kitchen,kitchen,bathroom,outside,bathroom,outside,living
39780,d27 Sun 15:00,outside,outside,outside,outside,outside,outside,outside,living,outside,outside,kitchen,outside,outside,outside,living,living,entry,kitchen,kitchen,kitchen,outside,outside,kitchen,living,outside,outside,outside,bedroom,kitchen,kitchen,bathroom,outside,bathroom,outside,living
39840,d27 Sun 16:00,outside,outside,outside,outside,outside,outside,outside,living,outside,outside,kitchen,outside,outside,outside,living,living,entry,kitchen,kitchen,kitchen,outside,outside,kitchen,living,outside,outside,outside,bedroom,kitchen,kitchen,bathroom,outside,bathroom,outside,living
39900,d27 Sun 17:00,outside,outside,outside,outside,outside,outside,outside,living,outside,outside,kitchen,outside,outside,outside,living,living,entry,kitchen,kitchen,kitchen,outside,outside,kitchen,living,outside,outside,outside,bedroom,kitchen,kitchen,bathroom,outside,bathroom,outside,living
39960,d27 Sun 18:00,kitchen,bedroom,entry,entry,kitchen,entry,kitchen,living,kitchen,kitchen,kitchen,kitchen,kitchen,entry,living,living,entry,kitchen,kitchen,kitchen,living,living,kitchen,living,living,bathroom,bedroom,bedroom,kitchen,kitchen,bathroom,bathroom,bathroom,bedroom,living
40020,d27 Sun 19:00,kitchen,bedroom,entry,entry,kitchen,entry,kitchen,living,kitchen,kitchen,kitchen,kitchen,kitchen,entry,living,living,entry,kitchen,kitchen,kitchen,living,living,kitchen,living,living,bathroom,bedroom,bedroom,kitchen,kitchen,bathroom,bathroom,bathroom,bedroom,living
40080,d27 Sun 20:00,kitchen,bedroom,entry,entry,kitchen,entry,kitchen,living,kitchen,kitchen,kitchen,kitchen,kitchen,entry,living,living,entry,kitchen,kitchen,kitchen,living,living,kitchen,living,living,bathroom,bedroom,bedroom,kitchen,kitchen,bathroom,bathroom,bathroom,bedroom,living
40140,d27 Sun 21:00,kitchen,bedroom,entry,entry,kitchen,entry,kitchen,living,kitchen,kitchen,kitchen,kitchen,kitchen,kitchen,living,living,entry,kitchen,kitchen,kitchen,living,living,kitchen,living,living,bathroom,bedroom,bedroom,kitchen,kitchen,bathroom,bathroom,bathroom,bedroom,living
40200,d27 Sun 22:00,kitchen,bedroom,entry,entry,kitchen,entry,kitchen,living,kitchen,kitchen,kitchen,kitchen,bedroom,kitchen,living,living,entry,kitchen,kitchen,kitchen,living,living,kitchen,living,living,bathroom,bedroom,bedroom,kitchen,kitchen,bathroom,bathroom,bathroom,bedroom,living
40260,d27 Sun 23:00,kitchen,bedroom,entry,entry,kitchen,entry,kitchen,living,kitchen,kitchen,kitchen,kitchen,bedroom,kitchen,living,living,entry,kitchen,kitchen,kitchen,living,living,kitchen,living,living,bathroom,bedroom,bedroom,kitchen,kitchen,bathroom,bathroom,bathroom,bedroom,living
