t,stamp,mug_1,mug_2,mug_3,mug_4,laptop_1,phone_1,phone_2,keys_1,keys_2,book_1,book_2,water_bottle_1,remote_1,charger_1,backpack_1,jacket_1,headphones_1,glasses_1,notebook_1,pen_1,toy_1,blanket_1,towel_1,lunchbox_1,wallet_1,wallet_2
0,d00 Mon 00:00,kitchen,kitchen,kitchen,kitchen,kitchen,outside,outside,entry,entry,living,living,kitchen,living,kitchen,entry,entry,kitchen,bedroom_2,kitchen,kitchen,bedroom_3,bedroom_3,bathroom,kitchen,entry,outside
60,d00 Mon 01:00,kitchen,kitchen,kitchen,kitchen,kitchen,outside,outside,entry,entry,living,living,kitchen,living,kitchen,entry,entry,kitchen,bedroom_2,kitchen,kitchen,bedroom_3,bedroom_3,bathroom,kitchen,entry,outside
120,d00 Mon 02:00,kitchen,kitchen,kitchen,kitchen,kitchen,outside,outside,entry,entry,living,living,kitchen,living,kitchen,entry,entry,kitchen,bedroom_2,kitchen,kitchen,bedroom_3,bedroom_3,bathroom,kitchen,entry,outside
180,d00 Mon 03:00,kitchen,kitchen,kitchen,kitchen,kitchen,outside,outside,entry,entry,living,living,kitchen,living,kitchen,entry,entry,kitchen,bedroom_2,kitchen,kitchen,bedroom_3,bedroom_3,bathroom,kitchen,entry,outside
240,d00 Mon 04:00,kitchen,kitchen,kitchen,kitchen,kitchen,outside,outside,entry,entry,living,living,kitchen,living,kitchen,entry,entry,kitchen,bedroom_2,kitchen,kitchen,bedroom_3,bedroom_3,bathroom,kitchen,entry,outside
300,d00 Mon 05:00,kitchen,kitchen,kitchen,kitchen,kitchen,outside,outside,entry,entry,living,living,kitchen,living,kitchen,entry,entry,kitchen,bedroom_2,kitchen,kitchen,bedroom_3,bedroom_3,bathroom,kitchen,entry,outside
360,d00 Mon 06:00,kitchen,kitchen,kitchen,kitchen,kitchen,outside,outside,outside,outside,living,living,outside,living,kitchen,outside,outside,kitchen,bedroom_2,kitchen,kitchen,bedroom_3,bedroom_3,bathroom,outside,outside,outside
420,d00 Mon 07:00,kitchen,kitchen,kitchen,kitchen,kitchen,outside,outside,outside,outside,living,living,outside,living,kitchen,outside,outside,outside,bedroom_2,kitchen,kitchen,bedroom_3,bedroom_3,bathroom,outside,outside,outside
480,d00 Mon 08:00,kitchen,kitchen,kitchen,kitchen,kitchen,outside,outside,outside,outside,living,living,outside,living,kitchen,outside,outside,outside,bedroom_2,kitchen,kitchen,bedroom_3,bedroom_3,bathroom,outside,outside,outside
540,d00 Mon 09:00,kitchen,kitchen,kitchen,kitchen,kitchen,outside,outside,outside,outside,living,living,outside,living,kitchen,outside,outside,outside,bedroom_2,kitchen,kitchen,bedroom_3,bedroom_3,bathroom,outside,outside,outside
600,d00 Mon 10:00,kitchen,kitchen,kitchen,kitchen,kitchen,outside,outside,outside,outside,living,living,outside,living,kitchen,outside,outside,outside,bedroom_2,kitchen,kitchen,bedroom_3,bedroom_3,bathroom,outside,outside,outside
660,d00 Mon 11:00,kitchen,kitchen,kitchen,kitchen,kitchen,outside,outside,outside,outside,living,living,outside,living,kitchen,outside,outside,outside,bedroom_2,kitchen,kitchen,bedroom_3,bedroom_3,bathroom,outside,outside,outside
720,d00 Mon 12:00,kitchen,kitchen,kitchen,kitchen,kitchen,outside,outside,outside,outside,living,living,outside,living,kitchen,outside,outside,outside,bedroom_2,kitchen,kitchen,bedroom_3,bedroom_3,bathroom,outside,outside,outside
780,d00 Mon 13:00,kitchen,kitchen,kitchen,kitchen,kitchen,outside,living,outside,outside,living,living,outside,living,kitchen,outside,outside,outside,bedroom_2,kitchen,kitchen,bedroom_3,bedroom_3,bathroom,outside,outside,outside
840,d00 Mon 14:00,kitchen,kitchen,kitchen,kitchen,kitchen,outside,living,outside,outside,living,living,outside,living,kitchen,outside,outside,outside,bedroom_2,kitchen,kitchen,bedroom_3,bedroom_3,bathroom,outside,outside,outside
900,d00 Mon 15:00,kitchen,kitchen,kitchen,kitchen,kitchen,kitchen,living,entry,entry,living,living,kitchen,living,kitchen,entry,kitchen,kitchen,living,kitchen,kitchen,bedroom_3,bedroom_3,kitchen,kitchen,entry,outside
960,d00 Mon 16:00,kitchen,kitchen,kitchen,living,kitchen,kitchen,kitchen,entry,entry,living,living,kitchen,living,kitchen,entry,kitchen,kitchen,kitchen,kitchen,kitchen,bedroom_3,living,kitchen,kitchen,entry,kitchen
1020,d00 Mon 17:00,kitchen,kitchen,kitchen,living,kitchen,kitchen,kitchen,entry,entry,living,living,kitchen,living,kitchen,entry,kitchen,kitchen,kitchen,kitchen,kitchen,bedroom_3,living,kitchen,kitchen,entry,kitchen
1080,d00 Mon 18:00,kitchen,kitchen,kitchen,living,kitchen,kitchen,living,entry,entry,living,living,kitchen,living,living,entry,kitchen,kitchen,kitchen,kitchen,kitchen,bedroom_3,living,kitchen,kitchen,entry,living
1140,d00 Mon 19:00,kitchen,kitchen,kitchen,living,kitchen,kitchen,living,entry,entry,living,living,kitchen,bedroom_3,living,entry,kitchen,kitchen,kitchen,kitchen,kitchen,living,living,kitchen,kitchen,entry,living
1200,d00 Mon 20:00,kitchen,kitchen,kitchen,living,kitchen,kitchen,living,entry,entry,living,living,kitchen,bedroom_3,living,entry,kitchen,kitchen,living,kitchen,kitchen,living,living,kitchen,kitchen,entry,living
1260,d00 Mon 21:00,kitchen,kitchen,kitchen,living,kitchen,kitchen,living,entry,entry,living,living,kitchen,bedroom_3,living,entry,kitchen,kitchen,living,kitchen,kitchen,living,living,kitchen,kitchen,entry,bedroom_2
1320,d00 Mon 22:00,kitchen,kitchen,kitchen,kitchen,kitchen,bedroom_1,living,entry,entry,living,living,kitchen,bedroom_3,living,entry,kitchen,kitchen,living,kitchen,kitchen,living,bedroom_3,bathroom,kitchen,entry,bedroom_2
1380,d00 Mon 23:00,kitchen,kitchen,kitchen,kitchen,kitchen,bedroom_1,living,entry,entry,living,living,kitchen,bedroom_3,living,entry,kitchen,kitchen,living,kitchen,kitchen,living,bedroom_3,bathroom,kitchen,entry,bedroom_2
1440,d01 Tue 00:00,kitchen,kitchen,kitchen,kitchen,kitchen,bedroom_1,living,entry,entry,living,living,kitchen,bedroom_3,living,entry,kitchen,kitchen,living,kitchen,kitchen,living,bedroom_3,bathroom,kitchen,entry,bedroom_2
1500,d01 Tue 01:00,kitchen,kitchen,kitchen,kitchen,kitchen,bedroom_1,living,entry,entry,living,living,kitchen,bedroom_3,living,entry,kitchen,kitchen,living,kitchen,kitchen,living,bedroom_3,bathroom,kitchen,entry,bedroom_2
1560,d01 Tue 02:00,kitchen,kitchen,kitchen,kitchen,kitchen,bedroom_1,living,entry,entry,living,living,kitchen,bedroom_3,living,entry,kitchen,kitchen,living,kitchen,kitchen,living,bedroom_3,bathroom,kitchen,entry,bedroom_2
1620,d01 Tue 03:00,kitchen,kitchen,kitchen,kitchen,kitchen,bedroom_1,living,entry,entry,living,living,kitchen,bedroom_3,living,entry,kitchen,kitchen,living,kitchen,kitchen,living,bedroom_3,bathroom,kitchen,entry,bedroom_2
1680,d01 Tue 04:00,kitchen,kitchen,kitchen,kitchen,kitchen,bedroom_1,living,entry,entry,living,living,kitchen,bedroom_3,living,entry,kitchen,kitchen,living,kitchen,kitchen,living,bedroom_3,bathroom,kitchen,entry,bedroom_2
1740,d01 Tue 05:00,kitchen,kitchen,kitchen,kitchen,kitchen,bedroom_1,living,entry,entry,living,living,kitchen,bedroom_3,living,entry,kitchen,kitchen,living,kitchen,kitchen,living,bedroom_3,bathroom,kitchen,entry,bedroom_2
1800,d01 Tue 06:00,kitchen,kitchen,kitchen,kitchen,kitchen,outside,outside,outside,outside,living,living,outside,bedroom_3,living,outside,outside,kitchen,living,kitchen,kitchen,bedroom_3,bedroom_3,bathroom,outside,outside,outside
1860,d01 Tue 07:00,kitchen,kitchen,kitchen,kitchen,kitchen,outside,outside,outside,outside,living,living,outside,bedroom_3,living,outside,outside,outside,living,kitchen,kitchen,bedroom_3,bedroom_3,bathroom,outside,outside,outside
1920,d01 Tue 08:00,kitchen,kitchen,kitchen,kitchen,kitchen,outside,outside,outside,outside,living,living,outside,bedroom_3,living,outside,outside,outside,living,kitchen,kitchen,bedroom_3,bedroom_3,bathroom,outside,outside,outside
1980,d01 Tue 09:00,kitchen,kitchen,kitchen,kitchen,kitchen,outside,outside,outside,outside,living,living,outside,bedroom_3,living,outside,outside,outside,living,kitchen,kitchen,bedroom_3,bedroom_3,bathroom,outside,outside,outside
2040,d01 Tue 10:00,kitchen,kitchen,kitchen,kitchen,kitchen,outside,outside,outside,outside,living,living,outside,bedroom_3,living,outside,outside,outside,living,kitchen,kitchen,bedroom_3,bedroom_3,bathroom,outside,outside,outside
2100,d01 Tue 11:00,kitchen,kitchen,kitchen,kitchen,kitchen,outside,outside,outside,outside,living,living,outside,bedroom_3,living,outside,outside,outside,living,kitchen,kitchen,bedroom_3,bedroom_3,bathroom,outside,outside,outside
2160,d01 Tue 12:00,kitchen,kitchen,kitchen,kitchen,kitchen,outside,outside,outside,outside,living,living,outside,bedroom_3,living,outside,outside,outside,living,kitchen,kitchen,bedroom_3,bedroom_3,bathroom,outside,outside,outside
2220,d01 Tue 13:00,kitchen,kitchen,kitchen,kitchen,kitchen,outside,outside,outside,outside,living,living,outside,bedroom_3,living,outside,outside,outside,living,kitchen,kitchen,bedroom_3,bedroom_3,bathroom,outside,outside,outside
2280,d01 Tue 14:00,kitchen,kitchen,kitchen,kitchen,kitchen,outside,outside,outside,outside,living,living,outside,bedroom_3,living,outside,outside,outside,living,kitchen,kitchen,bedroom_3,bedroom_3,bathroom,outside,outside,outside
2340,d01 Tue 15:00,kitchen,kitchen,kitchen,kitchen,kitchen,kitchen,outside,outside,outside,living,living,outside,bedroom_3,living,outside,outside,outside,living,kitchen,kitchen,bedroom_3,bedroom_3,bathroom,outside,outside,outside
2400,d01 Tue 16:00,kitchen,kitchen,kitchen,kitchen,kitchen,kitchen,outside,entry,entry,living,living,kitchen,bedroom_3,living,entry,kitchen,kitchen,kitchen,kitchen,kitchen,bedroom_3,bedroom_3,kitchen,kitchen,entry,outside
2460,d01 Tue 17:00,kitchen,kitchen,kitchen,living,kitchen,kitchen,kitchen,entry,entry,living,living,kitchen,living,living,entry,kitchen,kitchen,kitchen,kitchen,kitchen,living,living,kitchen,kitchen,entry,kitchen
2520,d01 Tue 18:00,kitchen,kitchen,kitchen,living,kitchen,kitchen,kitchen,entry,entry,living,living,kitchen,living,living,entry,kitchen,kitchen,kitchen,kitchen,kitchen,living,living,kitchen,kitchen,entry,kitchen
2580,d01 Tue 19:00,kitchen,kitchen,kitchen,living,kitchen,kitchen,living,entry,entry,living,living,kitchen,living,living,entry,kitchen,kitchen,kitchen,kitchen,kitchen,living,living,kitchen,kitchen,entry,living
2640,d01 Tue 20:00,kitchen,kitchen,kitchen,kitchen,kitchen,living,living,entry,entry,living,living,kitchen,living,living,entry,kitchen,kitchen,kitchen,kitchen,kitchen,living,bedroom_3,kitchen,kitchen,entry,living
2700,d01 Tue 21:00,kitchen,kitchen,kitchen,kitchen,kitchen,living,living,entry,entry,bedroom_3,living,kitchen,living,living,entry,kitchen,kitchen,bedroom_2,kitchen,kitchen,living,bedroom_3,kitchen,kitchen,entry,living
2760,d01 Tue 22:00,kitchen,kitchen,kitchen,kitchen,kitchen,bedroom_1,living,entry,entry,bedroom_3,living,kitchen,living,living,entry,kitchen,kitchen,bedroom_2,kitchen,kitchen,living,bedroom_3,kitchen,kitchen,entry,bedroom_2
2820,d01 Tue 23:00,kitchen,kitchen,kitchen,kitchen,kitchen,bedroom_1,living,entry,entry,bedroom_3,living,kitchen,living,living,entry,kitchen,kitchen,bedroom_2,kitchen,kitchen,living,bedroom_3,kitchen,kitchen,entry,bedroom_2
2880,d02 Wed 00:00,kitchen,kitchen,kitchen,kitchen,kitchen,bedroom_1,living,entry,entry,bedroom_3,living,kitchen,living,living,entry,kitchen,kitchen,bedroom_2,kitchen,kitchen,living,bedroom_3,kitchen,kitchen,entry,bedroom_2
2940,d02 Wed 01:00,kitchen,kitchen,kitchen,kitchen,kitchen,bedroom_1,living,entry,entry,bedroom_3,living,kitchen,living,living,entry,kitchen,kitchen,bedroom_2,kitchen,kitchen,living,bedroom_3,kitchen,kitchen,entry,bedroom_2
3000,d02 Wed 02:00,kitchen,kitchen,kitchen,kitchen,kitchen,bedroom_1,living,entry,entry,bedroom_3,living,kitchen,living,living,entry,kitchen,kitchen,bedroom_2,kitchen,kitchen,living,bedroom_3,kitchen,kitchen,entry,bedroom_2
3060,d02 Wed 03:00,kitchen,kitchen,kitchen,kitchen,kitchen,bedroom_1,living,entry,entry,bedroom_3,living,kitchen,living,living,entry,kitchen,kitchen,bedroom_2,kitchen,kitchen,living,bedroom_3,kitchen,kitchen,entry,bedroom_2
3120,d02 Wed 04:00,kitchen,kitchen,kitchen,kitchen,kitchen,bedroom_1,living,entry,entry,bedroom_3,living,kitchen,living,living,entry,kitchen,kitchen,bedroom_2,kitchen,kitchen,living,bedroom_3,kitchen,kitchen,entry,bedroom_2
3180,d02 Wed 05:00,kitchen,kitchen,kitchen,kitchen,kitchen,bedroom_1,living,entry,entry,bedroom_3,living,kitchen,living,living,entry,kitchen,kitchen,bedroom_2,kitchen,kitchen,living,bedroom_3,kitchen,kitchen,entry,bedroom_2
3240,d02 Wed 06:00,kitchen,kitchen,kitchen,kitchen,kitchen,outside,outside,outside,outside,bedroom_3,bedroom_1,outside,living,living,outside,outside,kitchen,bedroom_2,kitchen,kitchen,bedroom_3,bedroom_3,kitchen,outside,outside,outside
3300,d02 Wed 07:00,kitchen,kitchen,kitchen,kitchen,kitchen,outside,outside,outside,outside,bedroom_3,bedroom_1,outside,living,living,outside,outside,outside,bedroom_2,kitchen,kitchen,bedroom_3,bedroom_3,kitchen,outside,outside,outside
3360,d02 Wed 08:00,kitchen,kitchen,kitchen,kitchen,kitchen,outside,outside,outside,outside,bedroom_3,bedroom_1,outside,living,living,outside,outside,outside,bedroom_2,kitchen,kitchen,bedroom_3,bedroom_3,kitchen,outside,outside,outside
3420,d02 Wed 09:00,kitchen,kitchen,kitchen,kitchen,kitchen,outside,outside,outside,outside,bedroom_3,bedroom_1,outside,living,living,outside,outside,outside,bedroom_2,kitchen,kitchen,bedroom_3,bedroom_3,kitchen,outside,outside,outside
3480,d02 Wed 10:00,kitchen,kitchen,kitchen,kitchen,kitchen,outside,outside,outside,outside,bedroom_3,bedroom_1,outside,living,living,outside,outside,outside,bedroom_2,kitchen,kitchen,bedroom_3,bedroom_3,kitchen,outside,outside,outside
3540,d02 Wed 11:00,kitchen,kitchen,kitchen,kitchen,kitchen,outside,outside,outside,outside,bedroom_3,bedroom_1,outside,living,living,outside,outside,outside,bedroom_2,kitchen,kitchen,bedroom_3,bedroom_3,kitchen,outside,outside,outside
3600,d02 Wed 12:00,kitchen,kitchen,kitchen,kitchen,kitchen,outside,outside,outside,outside,bedroom_3,bedroom_1,outside,living,living,outside,outside,outside,bedroom_2,kitchen,kitchen,bedroom_3,bedroom_3,kitchen,outside,outside,outside
3660,d02 Wed 13:00,kitchen,kitchen,kitchen,kitchen,kitchen,outside,outside,outside,outside,bedroom_3,bedroom_1,outside,living,living,outside,outside,outside,bedroom_2,kitchen,kitchen,bedroom_3,bedroom_3,kitchen,outside,outside,outside
3720,d02 Wed 14:00,kitchen,kitchen,kitchen,kitchen,kitchen,outside,outside,outside,outside,bedroom_3,bedroom_1,outside,living,living,outside,outside,outside,bedroom_2,kitchen,kitchen,bedroom_3,bedroom_3,kitchen,outside,outside,outside
3780,d02 Wed 15:00,kitchen,kitchen,kitchen,living,kitchen,outside,outside,entry,entry,bedroom_3,bedroom_1,kitchen,living,living,entry,kitchen,kitchen,bedroom_2,kitchen,kitchen,bedroom_3,living,kitchen,kitchen,entry,outside
3840,d02 Wed 16:00,kitchen,kitchen,kitchen,living,kitchen,outside,outside,entry,entry,bedroom_3,bedroom_1,kitchen,living,living,entry,kitchen,kitchen,bedroom_2,kitchen,kitchen,living,living,kitchen,kitchen,entry,outside
3900,d02 Wed 17:00,kitchen,kitchen,kitchen,living,kitchen,kitchen,kitchen,entry,entry,bedroom_3,bedroom_1,kitchen,living,living,entry,kitchen,kitchen,kitchen,kitchen,kitchen,living,living,kitchen,kitchen,entry,kitchen
3960,d02 Wed 18:00,kitchen,kitchen,kitchen,living,kitchen,kitchen,living,entry,entry,living,living,kitchen,living,living,entry,kitchen,kitchen,kitchen,kitchen,kitchen,living,living,kitchen,kitchen,entry,living
4020,d02 Wed 19:00,kitchen,kitchen,kitchen,living,kitchen,kitchen,living,entry,entry,living,living,kitchen,living,living,entry,kitchen,kitchen,kitchen,kitchen,kitchen,living,living,kitchen,kitchen,entry,living
4080,d02 Wed 20:00,kitchen,kitchen,kitchen,living,kitchen,kitchen,living,entry,entry,living,living,kitchen,living,living,entry,kitchen,kitchen,bedroom_2,kitchen,kitchen,living,living,kitchen,kitchen,entry,living
4140,d02 Wed 21:00,kitchen,kitchen,kitchen,living,kitchen,kitchen,living,entry,entry,living,living,kitchen,living,living,entry,kitchen,kitchen,bedroom_2,kitchen,bedroom_3,living,living,kitchen,kitchen,entry,living
4200,d02 Wed 22:00,kitchen,kitchen,kitchen,kitchen,kitchen,bedroom_1,living,entry,entry,living,living,kitchen,living,living,entry,kitchen,kitchen,bedroom_2,kitchen,bedroom_3,living,bedroom_3,bathroom,kitchen,entry,bedroom_2
4260,d02 Wed 23:00,kitchen,kitchen,kitchen,kitchen,kitchen,bedroom_1,living,entry,entry,living,living,kitchen,living,living,entry,kitchen,kitchen,bedroom_2,kitchen,bedroom_3,living,bedroom_3,bathroom,kitchen,entry,bedroom_2
4320,d03 Thu 00:00,kitchen,kitchen,kitchen,kitchen,kitchen,bedroom_1,living,entry,entry,living,living,kitchen,living,living,entry,kitchen,kitchen,bedroom_2,kitchen,bedroom_3,living,bedroom_3,bathroom,kitchen,entry,bedroom_2
4380,d03 Thu 01:00,kitchen,kitchen,kitchen,kitchen,kitchen,bedroom_1,living,entry,entry,living,living,kitchen,living,living,entry,kitchen,kitchen,bedroom_2,kitchen,bedroom_3,living,bedroom_3,bathroom,kitchen,entry,bedroom_2
4440,d03 Thu 02:00,kitchen,kitchen,kitchen,kitchen,kitchen,bedroom_1,living,entry,entry,living,living,kitchen,living,living,entry,kitchen,kitchen,bedroom_2,kitchen,bedroom_3,living,bedroom_3,bathroom,kitchen,entry,bedroom_2
4500,d03 Thu 03:00,kitchen,kitchen,kitchen,kitchen,kitchen,bedroom_1,living,entry,entry,living,living,kitchen,living,living,entry,kitchen,kitchen,bedroom_2,kitchen,bedroom_3,living,bedroom_3,bathroom,kitchen,entry,bedroom_2
4560,d03 Thu 04:00,kitchen,kitchen,kitchen,kitchen,kitchen,bedroom_1,living,entry,entry,living,living,kitchen,living,living,entry,kitchen,kitchen,bedroom_2,kitchen,bedroom_3,living,bedroom_3,bathroom,kitchen,entry,bedroom_2
4620,d03 Thu 05:00,kitchen,kitchen,kitchen,kitchen,kitchen,bedroom_1,living,entry,entry,living,living,kitchen,living,living,entry,kitchen,kitchen,bedroom_2,kitchen,bedroom_3,living,bedroom_3,bathroom,kitchen,entry,bedroom_2
4680,d03 Thu 06:00,kitchen,kitchen,kitchen,kitchen,kitchen,outside,outside,outside,outside,living,living,outside,living,living,outside,outside,kitchen,bedroom_2,kitchen,bedroom_3,bedroom_3,bedroom_3,bathroom,outside,outside,outside
4740,d03 Thu 07:00,kitchen,kitchen,kitchen,kitchen,kitchen,outside,outside,outside,outside,living,living,outside,living,living,outside,outside,outside,bedroom_2,kitchen,bedroom_3,bedroom_3,bedroom_3,bathroom,outside,outside,outside
4800,d03 Thu 08:00,kitchen,kitchen,kitchen,kitchen,kitchen,outside,outside,outside,outside,living,living,outside,living,living,outside,outside,outside,bedroom_2,kitchen,bedroom_3,bedroom_3,bedroom_3,bathroom,outside,outside,outside
4860,d03 Thu 09:00,kitchen,kitchen,kitchen,kitchen,kitchen,outside,outside,outside,outside,living,living,outside,living,living,outside,outside,outside,bedroom_2,kitchen,bedroom_3,bedroom_3,bedroom_3,bathroom,outside,outside,outside
4920,d03 Thu 10:00,kitchen,kitchen,kitchen,kitchen,kitchen,outside,outside,outside,outside,living,living,outside,living,living,outside,outside,outside,bedroom_2,kitchen,bedroom_3,bedroom_3,bedroom_3,bathroom,outside,outside,outside
4980,d03 Thu 11:00,kitchen,kitchen,kitchen,kitchen,kitchen,outside,outside,outside,outside,living,living,outside,living,living,outside,outside,outside,bedroom_2,kitchen,bedroom_3,bedroom_3,bedroom_3,bathroom,outside,outside,outside
5040,d03 Thu 12:00,kitchen,kitchen,kitchen,kitchen,kitchen,outside,outside,outside,outside,living,living,outside,living,living,outside,outside,outside,bedroom_2,kitchen,bedroom_3,bedroom_3,bedroom_3,bathroom,outside,outside,outside
5100,d03 Thu 13:00,kitchen,kitchen,kitchen,kitchen,kitchen,outside,outside,outside,outside,living,living,outside,living,living,outside,outside,outside,bedroom_2,kitchen,bedroom_3,bedroom_3,bedroom_3,bathroom,outside,outside,outside
5160,d03 Thu 14:00,kitchen,kitchen,kitchen,kitchen,kitchen,outside,outside,outside,outside,living,living,outside,living,living,outside,outside,outside,bedroom_2,kitchen,bedroom_3,bedroom_3,bedroom_3,bathroom,outside,outside,outside
5220,d03 Thu 15:00,kitchen,kitchen,kitchen,kitchen,kitchen,kitchen,outside,entry,kitchen,living,living,kitchen,living,living,entry,kitchen,kitchen,bedroom_2,kitchen,bedroom_3,bedroom_3,bedroom_3,kitchen,kitchen,entry,outside
5280,d03 Thu 16:00,kitchen,kitchen,kitchen,kitchen,kitchen,kitchen,outside,entry,kitchen,living,living,kitchen,living,living,entry,kitchen,kitchen,bedroom_2,kitchen,bedroom_3,bedroom_3,bedroom_3,kitchen,kitchen,entry,outside
5340,d03 Thu 17:00,kitchen,kitchen,kitchen,living,bedroom_2,kitchen,kitchen,entry,kitchen,living,living,kitchen,living,living,entry,kitchen,kitchen,kitchen,kitchen,bedroom_3,bedroom_3,living,kitchen,kitchen,entry,kitchen
5400,d03 Thu 18:00,kitchen,kitchen,kitchen,living,bedroom_2,kitchen,living,entry,kitchen,living,living,kitchen,living,living,entry,kitchen,kitchen,kitchen,kitchen,bedroom_3,bedroom_3,living,kitchen,kitchen,entry,living
5460,d03 Thu 19:00,kitchen,kitchen,kitchen,kitchen,bedroom_2,living,living,entry,kitchen,living,living,kitchen,living,living,entry,kitchen,kitchen,kitchen,kitchen,bedroom_3,living,bedroom_3,kitchen,kitchen,entry,living
5520,d03 Thu 20:00,kitchen,kitchen,kitchen,kitchen,bedroom_2,living,living,entry,kitchen,living,living,kitchen,living,living,entry,kitchen,kitchen,kitchen,kitchen,bedroom_3,living,bedroom_3,kitchen,kitchen,entry,living
5580,d03 Thu 21:00,kitchen,kitchen,kitchen,kitchen,bedroom_2,living,living,entry,kitchen,living,living,kitchen,living,living,entry,kitchen,kitchen,kitchen,kitchen,bedroom_3,living,bedroom_3,kitchen,kitchen,entry,living
5640,d03 Thu 22:00,kitchen,kitchen,kitchen,kitchen,bedroom_2,bedroom_1,living,entry,kitchen,living,living,kitchen,living,living,entry,kitchen,kitchen,living,kitchen,bedroom_3,living,bedroom_3,kitchen,kitchen,entry,bedroom_2
5700,d03 Thu 23:00,kitchen,kitchen,kitchen,kitchen,bedroom_2,bedroom_1,living,entry,kitchen,living,living,kitchen,living,living,entry,kitchen,kitchen,living,kitchen,bedroom_3,living,bedroom_3,kitchen,kitchen,entry,bedroom_2
5760,d04 Fri 00:00,kitchen,kitchen,kitchen,kitchen,bedroom_2,bedroom_1,living,entry,kitchen,living,living,kitchen,living,living,entry,kitchen,kitchen,living,kitchen,bedroom_3,living,bedroom_3,kitchen,kitchen,entry,bedroom_2
5820,d04 Fri 01:00,kitchen,kitchen,kitchen,kitchen,bedroom_2,bedroom_1,living,entry,kitchen,living,living,kitchen,living,living,entry,kitchen,kitchen,living,kitchen,bedroom_3,living,bedroom_3,kitchen,kitchen,entry,bedroom_2
5880,d04 Fri 02:00,kitchen,kitchen,kitchen,kitchen,bedroom_2,bedroom_1,living,entry,kitchen,living,living,kitchen,living,living,entry,kitchen,kitchen,living,kitchen,bedroom_3,living,bedroom_3,kitchen,kitchen,entry,bedroom_2
5940,d04 Fri 03:00,kitchen,kitchen,kitchen,kitchen,bedroom_2,bedroom_1,living,entry,kitchen,living,living,kitchen,living,living,entry,kitchen,kitchen,living,kitchen,bedroom_3,living,bedroom_3,kitchen,kitchen,entry,bedroom_2
6000,d04 Fri 04:00,kitchen,kitchen,kitchen,kitchen,bedroom_2,bedroom_1,living,entry,kitchen,living,living,kitchen,living,living,entry,kitchen,kitchen,living,kitchen,bedroom_3,living,bedroom_3,kitchen,kitchen,entry,bedroom_2
6060,d04 Fri 05:00,kitchen,kitchen,kitchen,kitchen,bedroom_2,bedroom_1,living,entry,kitchen,living,living,kitchen,living,living,entry,kitchen,kitchen,living,kitchen,bedroom_3,living,bedroom_3,kitchen,kitchen,entry,bedroom_2
6120,d04 Fri 06:00,kitchen,kitchen,kitchen,kitchen,bedroom_2,outside,outside,outside,outside,living,bedroom_1,outside,living,living,outside,outside,kitchen,living,kitchen,bedroom_3,bedroom_3,bedroom_3,kitchen,outside,outside,outside
6180,d04 Fri 07:00,kitchen,kitchen,kitchen,kitchen,bedroom_2,outside,outside,outside,outside,living,bedroom_1,outside,living,living,outside,outside,outside,living,kitchen,bedroom_3,bedroom_3,bedroom_3,kitchen,outside,outside,outside
6240,d04 Fri 08:00,kitchen,kitchen,kitchen,kitchen,bedroom_2,outside,outside,outside,outside,living,bedroom_1,outside,living,living,outside,outside,outside,living,kitchen,bedroom_3,bedroom_3,bedroom_3,kitchen,outside,outside,outside
6300,d04 Fri 09:00,kitchen,kitchen,kitchen,kitchen,bedroom_2,outside,outside,outside,outside,living,bedroom_1,outside,living,living,outside,outside,outside,living,kitchen,bedroom_3,bedroom_3,bedroom_3,kitchen,outside,outside,outside
6360,d04 Fri 10:00,kitchen,kitchen,kitchen,kitchen,bedroom_2,outside,outside,outside,outside,living,bedroom_1,outside,living,living,outside,outside,outside,living,kitchen,bedroom_3,bedroom_3,bedroom_3,kitchen,outside,outside,outside
6420,d04 Fri 11:00,kitchen,kitchen,kitchen,kitchen,bedroom_2,outside,outside,outside,outside,living,bedroom_1,outside,living,living,outside,outside,outside,living,kitchen,bedroom_3,bedroom_3,bedroom_3,kitchen,outside,outside,outside
6480,d04 Fri 12:00,kitchen,kitchen,kitchen,kitchen,bedroom_2,outside,outside,outside,outside,living,bedroom_1,outside,living,living,outside,outside,outside,living,kitchen,bedroom_3,bedroom_3,bedroom_3,kitchen,outside,outside,outside
6540,d04 Fri 13:00,kitchen,kitchen,kitchen,kitchen,bedroom_2,outside,outside,outside,outside,living,bedroom_1,outside,living,living,outside,outside,outside,living,kitchen,bedroom_3,bedroom_3,bedroom_3,kitchen,outside,outside,outside
6600,d04 Fri 14:00,kitchen,kitchen,kitchen,kitchen,bedroom_2,outside,outside,outside,outside,living,bedroom_1,outside,living,living,outside,outside,outside,living,kitchen,bedroom_3,bedroom_3,bedroom_3,kitchen,outside,outside,outside
6660,d04 Fri 15:00,kitchen,kitchen,kitchen,kitchen,bedroom_2,kitchen,outside,entry,kitchen,living,bedroom_1,kitchen,living,living,entry,kitchen,kitchen,living,kitchen,bedroom_3,bedroom_3,bedroom_3,kitchen,kitchen,entry,outside
6720,d04 Fri 16:00,kitchen,kitchen,kitchen,kitchen,bedroom_2,kitchen,outside,entry,kitchen,living,bedroom_1,kitchen,living,living,entry,kitchen,kitchen,living,kitchen,bedroom_3,bedroom_3,bedroom_3,kitchen,kitchen,entry,outside
6780,d04 Fri 17:00,kitchen,kitchen,kitchen,living,kitchen,kitchen,kitchen,entry,kitchen,living,bedroom_1,kitchen,living,living,entry,kitchen,kitchen,kitchen,kitchen,kitchen,bedroom_3,living,kitchen,kitchen,entry,kitchen
6840,d04 Fri 18:00,kitchen,kitchen,kitchen,living,kitchen,kitchen,living,entry,kitchen,living,living,kitchen,living,living,entry,kitchen,kitchen,kitchen,kitchen,kitchen,living,living,kitchen,kitchen,entry,living
6900,d04 Fri 19:00,kitchen,kitchen,kitchen,living,kitchen,kitchen,living,entry,kitchen,living,living,kitchen,living,living,entry,kitchen,kitchen,kitchen,kitchen,kitchen,living,living,kitchen,kitchen,entry,living
6960,d04 Fri 20:00,kitchen,kitchen,kitchen,living,kitchen,kitchen,living,entry,kitchen,living,living,kitchen,living,living,entry,kitchen,kitchen,kitchen,kitchen,kitchen,living,living,kitchen,kitchen,entry,living
7020,d04 Fri 21:00,kitchen,kitchen,kitchen,living,kitchen,kitchen,living,entry,kitchen,bedroom_3,living,kitchen,living,living,entry,kitchen,kitchen,living,kitchen,kitchen,living,living,kitchen,kitchen,entry,living
7080,d04 Fri 22:00,kitchen,kitchen,kitchen,kitchen,kitchen,bedroom_1,living,entry,kitchen,bedroom_3,living,kitchen,living,living,entry,kitchen,kitchen,living,kitchen,kitchen,living,bedroom_3,bathroom,kitchen,entry,bedroom_2
7140,d04 Fri 23:00,kitchen,kitchen,kitchen,kitchen,kitchen,bedroom_1,living,entry,kitchen,bedroom_3,living,kitchen,living,living,entry,kitchen,kitchen,living,kitchen,kitchen,living,bedroom_3,bathroom,kitchen,entry,bedroom_2
7200,d05 Sat 00:00,kitchen,kitchen,kitchen,kitchen,kitchen,bedroom_1,living,entry,kitchen,bedroom_3,living,kitchen,living,living,entry,kitchen,kitchen,living,kitchen,kitchen,living,bedroom_3,bathroom,kitchen,entry,bedroom_2
7260,d05 Sat 01:00,kitchen,kitchen,kitchen,kitchen,kitchen,bedroom_1,living,entry,kitchen,bedroom_3,living,kitchen,living,living,entry,kitchen,kitchen,living,kitchen,kitchen,living,bedroom_3,bathroom,kitchen,entry,bedroom_2
7320,d05 Sat 02:00,kitchen,kitchen,kitchen,kitchen,kitchen,bedroom_1,living,entry,kitchen,bedroom_3,living,kitchen,living,living,entry,kitchen,kitchen,living,kitchen,kitchen,living,bedroom_3,bathroom,kitchen,entry,bedroom_2
7380,d05 Sat 03:00,kitchen,kitchen,kitchen,kitchen,kitchen,bedroom_1,living,entry,kitchen,bedroom_3,living,kitchen,living,living,entry,kitchen,kitchen,living,kitchen,kitchen,living,bedroom_3,bathroom,kitchen,entry,bedroom_2
7440,d05 Sat 04:00,kitchen,kitchen,kitchen,kitchen,kitchen,bedroom_1,living,entry,kitchen,bedroom_3,living,kitchen,living,living,entry,kitchen,kitchen,living,kitchen,kitchen,living,bedroom_3,bathroom,kitchen,entry,bedroom_2
7500,d05 Sat 05:00,kitchen,kitchen,kitchen,kitchen,kitchen,bedroom_1,living,entry,kitchen,bedroom_3,living,kitchen,living,living,entry,kitchen,kitchen,living,kitchen,kitchen,living,bedroom_3,bathroom,kitchen,entry,bedroom_2
7560,d05 Sat 06:00,kitchen,kitchen,kitchen,kitchen,kitchen,bedroom_1,living,entry,kitchen,bedroom_3,living,kitchen,living,living,entry,kitchen,kitchen,living,kitchen,kitchen,bedroom_3,bedroom_3,bathroom,kitchen,entry,bedroom_2
7620,d05 Sat 07:00,kitchen,kitchen,kitchen,kitchen,kitchen,bedroom_1,living,entry,kitchen,bedroom_3,living,kitchen,living,living,entry,kitchen,kitchen,living,kitchen,kitchen,bedroom_3,bedroom_3,bathroom,kitchen,entry,bedroom_2
7680,d05 Sat 08:00,kitchen,kitchen,kitchen,kitchen,kitchen,bedroom_1,living,entry,kitchen,bedroom_3,living,kitchen,living,living,entry,kitchen,kitchen,living,kitchen,kitchen,bedroom_3,bedroom_3,bathroom,kitchen,entry,bedroom_2
7740,d05 Sat 09:00,kitchen,kitchen,kitchen,kitchen,kitchen,bedroom_1,living,entry,kitchen,bedroom_3,living,kitchen,living,living,entry,kitchen,kitchen,living,kitchen,kitchen,bedroom_3,bedroom_3,bathroom,kitchen,entry,bedroom_2
7800,d05 Sat 10:00,kitchen,kitchen,kitchen,kitchen,kitchen,bedroom_1,living,entry,kitchen,bedroom_3,living,kitchen,living,living,entry,kitchen,kitchen,living,kitchen,kitchen,bedroom_3,bedroom_3,bathroom,kitchen,entry,bedroom_2
7860,d05 Sat 11:00,kitchen,kitchen,kitchen,kitchen,kitchen,bedroom_1,living,entry,kitchen,bedroom_3,living,kitchen,living,living,entry,kitchen,kitchen,kitchen,kitchen,kitchen,bedroom_3,bedroom_3,bathroom,kitchen,entry,bedroom_2
7920,d05 Sat 12:00,kitchen,kitchen,kitchen,kitchen,kitchen,bedroom_1,living,entry,kitchen,bedroom_3,living,bedroom_3,living,living,entry,kitchen,kitchen,kitchen,kitchen,kitchen,bedroom_3,bedroom_3,bathroom,kitchen,entry,bedroom_2
7980,d05 Sat 13:00,kitchen,kitchen,kitchen,kitchen,kitchen,bedroom_1,living,entry,kitchen,bedroom_3,living,bedroom_3,living,living,entry,kitchen,kitchen,kitchen,kitchen,kitchen,bedroom_3,bedroom_3,bathroom,kitchen,entry,bedroom_2
8040,d05 Sat 14:00,kitchen,kitchen,kitchen,kitchen,kitchen,bedroom_1,living,entry,kitchen,bedroom_3,living,bedroom_3,living,living,entry,kitchen,kitchen,kitchen,kitchen,kitchen,bedroom_3,bedroom_3,bathroom,kitchen,entry,bedroom_2
8100,d05 Sat 15:00,kitchen,kitchen,kitchen,kitchen,kitchen,bedroom_1,living,entry,kitchen,bedroom_3,living,bedroom_3,living,living,entry,kitchen,kitchen,kitchen,kitchen,kitchen,bedroom_3,bedroom_3,bathroom,kitchen,entry,bedroom_2
8160,d05 Sat 16:00,kitchen,kitchen,kitchen,living,kitchen,bedroom_1,living,entry,kitchen,bedroom_3,living,bedroom_3,living,living,entry,kitchen,outside,kitchen,kitchen,kitchen,living,living,bathroom,kitchen,entry,outside
8220,d05 Sat 17:00,kitchen,kitchen,kitchen,living,kitchen,bedroom_1,living,entry,kitchen,bedroom_3,living,bedroom_3,living,living,entry,kitchen,outside,kitchen,kitchen,kitchen,living,living,bathroom,kitchen,entry,kitchen
8280,d05 Sat 18:00,kitchen,kitchen,kitchen,living,kitchen,kitchen,living,entry,kitchen,living,living,bedroom_3,living,living,entry,kitchen,outside,kitchen,kitchen,kitchen,living,living,bathroom,kitchen,entry,living
8340,d05 Sat 19:00,kitchen,kitchen,kitchen,kitchen,kitchen,living,living,entry,kitchen,living,living,bedroom_3,living,living,entry,kitchen,outside,kitchen,kitchen,kitchen,living,bedroom_3,bathroom,kitchen,entry,living
8400,d05 Sat 20:00,kitchen,kitchen,kitchen,kitchen,kitchen,living,living,entry,kitchen,living,living,bedroom_3,living,living,entry,kitchen,outside,living,kitchen,kitchen,living,bedroom_3,bathroom,kitchen,entry,living
8460,d05 Sat 21:00,kitchen,kitchen,kitchen,kitchen,kitchen,living,living,entry,kitchen,living,living,bedroom_3,living,living,entry,kitchen,outside,living,kitchen,kitchen,living,bedroom_3,bathroom,kitchen,entry,living
8520,d05 Sat 22:00,kitchen,kitchen,kitchen,kitchen,kitchen,bedroom_1,living,entry,kitchen,living,living,bedroom_3,living,living,entry,kitchen,outside,living,kitchen,kitchen,living,bedroom_3,bathroom,kitchen,entry,bedroom_2
8580,d05 Sat 23:00,kitchen,kitchen,kitchen,kitchen,kitchen,bedroom_1,living,entry,kitchen,living,living,bedroom_3,living,living,entry,kitchen,outside,living,kitchen,kitchen,living,bedroom_3,bathroom,kitchen,entry,bedroom_2
8640,d06 Sun 00:00,kitchen,kitchen,kitchen,kitchen,kitchen,bedroom_1,living,entry,kitchen,living,living,bedroom_3,living,living,entry,kitchen,outside,living,kitchen,kitchen,living,bedroom_3,bathroom,kitchen,entry,bedroom_2
8700,d06 Sun 01:00,kitchen,kitchen,kitchen,kitchen,kitchen,bedroom_1,living,entry,kitchen,living,living,bedroom_3,living,living,entry,kitchen,outside,living,kitchen,kitchen,living,bedroom_3,bathroom,kitchen,entry,bedroom_2
8760,d06 Sun 02:00,kitchen,kitchen,kitchen,kitchen,kitchen,bedroom_1,living,entry,kitchen,living,living,bedroom_3,living,living,entry,kitchen,outside,living,kitchen,kitchen,living,bedroom_3,bathroom,kitchen,entry,bedroom_2
8820,d06 Sun 03:00,kitchen,kitchen,kitchen,kitchen,kitchen,bedroom_1,living,entry,kitchen,living,living,bedroom_3,living,living,entry,kitchen,outside,living,kitchen,kitchen,living,bedroom_3,bathroom,kitchen,entry,bedroom_2
8880,d06 Sun 04:00,kitchen,kitchen,kitchen,kitchen,kitchen,bedroom_1,living,entry,kitchen,living,living,bedroom_3,living,living,entry,kitchen,outside,living,kitchen,kitchen,living,bedroom_3,bathroom,kitchen,entry,bedroom_2
8940,d06 Sun 05:00,kitchen,kitchen,kitchen,kitchen,kitchen,bedroom_1,living,entry,kitchen,living,living,bedroom_3,living,living,entry,kitchen,outside,living,kitchen,kitchen,living,bedroom_3,bathroom,kitchen,entry,bedroom_2
9000,d06 Sun 06:00,kitchen,kitchen,kitchen,kitchen,kitchen,bedroom_1,living,entry,kitchen,living,living,bedroom_3,living,living,entry,kitchen,outside,living,kitchen,kitchen,bedroom_3,bedroom_3,bathroom,kitchen,entry,bedroom_2
9060,d06 Sun 07:00,kitchen,kitchen,kitchen,kitchen,kitchen,bedroom_1,living,entry,kitchen,living,living,bedroom_3,living,living,entry,kitchen,outside,living,kitchen,kitchen,bedroom_3,bedroom_3,bathroom,kitchen,entry,bedroom_2
9120,d06 Sun 08:00,kitchen,kitchen,kitchen,kitchen,kitchen,bedroom_1,living,entry,kitchen,living,living,bedroom_3,living,living,entry,kitchen,outside,living,kitchen,kitchen,bedroom_3,bedroom_3,bathroom,kitchen,entry,bedroom_2
9180,d06 Sun 09:00,kitchen,kitchen,kitchen,kitchen,kitchen,bedroom_1,living,entry,kitchen,living,living,bedroom_3,living,living,entry,kitchen,outside,living,kitchen,kitchen,bedroom_3,bedroom_3,bathroom,kitchen,entry,bedroom_2
9240,d06 Sun 10:00,kitchen,kitchen,kitchen,kitchen,kitchen,bedroom_3,living,entry,kitchen,living,living,bedroom_3,living,living,entry,kitchen,outside,living,kitchen,kitchen,bedroom_3,bedroom_3,bathroom,kitchen,entry,bedroom_2
9300,d06 Sun 11:00,kitchen,kitchen,kitchen,kitchen,kitchen,bedroom_3,living,entry,kitchen,living,living,bedroom_3,living,living,entry,kitchen,outside,living,kitchen,kitchen,bedroom_3,bedroom_3,bathroom,kitchen,entry,bedroom_2
9360,d06 Sun 12:00,kitchen,kitchen,kitchen,kitchen,kitchen,bedroom_3,living,entry,kitchen,living,living,bedroom_3,living,living,entry,kitchen,outside,living,kitchen,kitchen,bedroom_3,bedroom_3,bathroom,kitchen,entry,bedroom_2
9420,d06 Sun 13:00,kitchen,kitchen,kitchen,kitchen,kitchen,bedroom_3,living,entry,kitchen,living,living,bedroom_3,living,living,entry,kitchen,outside,living,kitchen,kitchen,bedroom_3,bedroom_3,bathroom,kitchen,entry,bedroom_2
9480,d06 Sun 14:00,kitchen,kitchen,kitchen,kitchen,kitchen,bedroom_3,living,entry,kitchen,living,living,bedroom_3,living,living,entry,kitchen,outside,living,kitchen,kitchen,bedroom_3,bedroom_3,bathroom,kitchen,entry,bedroom_2
9540,d06 Sun 15:00,kitchen,kitchen,kitchen,kitchen,kitchen,bedroom_3,living,entry,kitchen,living,living,bedroom_3,living,living,entry,kitchen,outside,living,kitchen,kitchen,bedroom_3,bedroom_3,bathroom,kitchen,entry,bedroom_2
9600,d06 Sun 16:00,kitchen,kitchen,kitchen,kitchen,kitchen,bedroom_3,living,entry,kitchen,living,living,bedroom_3,living,living,entry,kitchen,outside,living,kitchen,kitchen,living,bedroom_3,bathroom,kitchen,entry,bedroom_2
9660,d06 Sun 17:00,kitchen,kitchen,kitchen,living,kitchen,bedroom_3,living,entry,kitchen,living,living,bedroom_3,living,living,entry,kitchen,outside,living,kitchen,kitchen,living,living,bathroom,kitchen,entry,kitchen
9720,d06 Sun 18:00,kitchen,kitchen,kitchen,kitchen,kitchen,living,living,entry,kitchen,living,living,bedroom_3,living,living,entry,kitchen,outside,living,kitchen,kitchen,living,bedroom_3,bathroom,kitchen,entry,kitchen
9780,d06 Sun 19:00,kitchen,kitchen,kitchen,kitchen,kitchen,living,living,entry,kitchen,living,living,bedroom_3,living,living,entry,kitchen,outside,living,kitchen,kitchen,living,bedroom_3,bathroom,kitchen,entry,kitchen
9840,d06 Sun 20:00,kitchen,kitchen,kitchen,kitchen,kitchen,living,living,entry,kitchen,living,living,bedroom_3,living,living,entry,kitchen,outside,living,kitchen,kitchen,living,bedroom_3,bathroom,kitchen,entry,living
9900,d06 Sun 21:00,kitchen,kitchen,kitchen,kitchen,kitchen,living,living,entry,kitchen,living,living,bedroom_3,living,living,entry,kitchen,outside,living,kitchen,kitchen,living,bedroom_3,bathroom,kitchen,entry,living
9960,d06 Sun 22:00,kitchen,kitchen,kitchen,kitchen,kitchen,bedroom_1,living,entry,kitchen,living,living,bedroom_3,living,living,entry,kitchen,outside,living,kitchen,kitchen,living,bedroom_3,bathroom,kitchen,entry,bedroom_2
10020,d06 Sun 23:00,kitchen,kitchen,kitchen,kitchen,kitchen,bedroom_1,living,entry,kitchen,living,living,bedroom_3,living,living,entry,kitchen,outside,living,kitchen,kitchen,living,bedroom_3,bathroom,kitchen,entry,bedroom_2
10080,d07 Mon 00:00,kitchen,kitchen,kitchen,kitchen,kitchen,bedroom_1,living,entry,kitchen,living,living,bedroom_3,living,living,entry,kitchen,outside,living,kitchen,kitchen,living,bedroom_3,bathroom,kitchen,entry,bedroom_2
10140,d07 Mon 01:00,kitchen,kitchen,kitchen,kitchen,kitchen,bedroom_1,living,entry,kitchen,living,living,bedroom_3,living,living,entry,kitchen,outside,living,kitchen,kitchen,living,bedroom_3,bathroom,kitchen,entry,bedroom_2
10200,d07 Mon 02:00,kitchen,kitchen,kitchen,kitchen,kitchen,bedroom_1,living,entry,kitchen,living,living,bedroom_3,living,living,entry,kitchen,outside,living,kitchen,kitchen,living,bedroom_3,bathroom,kitchen,entry,bedroom_2
10260,d07 Mon 03:00,kitchen,kitchen,kitchen,kitchen,kitchen,bedroom_1,living,entry,kitchen,living,living,bedroom_3,living,living,entry,kitchen,outside,living,kitchen,kitchen,living,bedroom_3,bathroom,kitchen,entry,bedroom_2
10320,d07 Mon 04:00,kitchen,kitchen,kitchen,kitchen,kitchen,bedroom_1,living,entry,kitchen,living,living,bedroom_3,living,living,entry,kitchen,outside,living,kitchen,kitchen,living,bedroom_3,bathroom,kitchen,entry,bedroom_2
10380,d07 Mon 05:00,kitchen,kitchen,kitchen,kitchen,kitchen,bedroom_1,living,entry,kitchen,living,living,bedroom_3,living,living,entry,kitchen,outside,living,kitchen,kitchen,living,bedroom_3,bathroom,kitchen,entry,bedroom_2
10440,d07 Mon 06:00,kitchen,kitchen,kitchen,kitchen,kitchen,outside,outside,outside,outside,living,living,outside,living,living,outside,outside,outside,living,kitchen,kitchen,bedroom_3,bedroom_3,bathroom,outside,outside,outside
10500,d07 Mon 07:00,kitchen,kitchen,kitchen,kitchen,kitchen,outside,outside,outside,outside,living,living,outside,bedroom_3,living,outside,outside,outside,living,kitchen,kitchen,bedroom_3,bedroom_3,bathroom,outside,outside,outside
10560,d07 Mon 08:00,kitchen,kitchen,kitchen,kitchen,kitchen,outside,outside,outside,outside,living,living,outside,bedroom_3,living,outside,outside,outside,living,kitchen,kitchen,bedroom_3,bedroom_3,bathroom,outside,outside,outside
10620,d07 Mon 09:00,kitchen,kitchen,kitchen,kitchen,kitchen,outside,outside,outside,outside,living,living,outside,bedroom_3,living,outside,outside,outside,living,kitchen,kitchen,bedroom_3,bedroom_3,bathroom,outside,outside,outside
10680,d07 Mon 10:00,kitchen,kitchen,kitchen,kitchen,kitchen,outside,outside,outside,outside,living,living,outside,bedroom_3,living,outside,outside,outside,living,kitchen,kitchen,bedroom_3,bedroom_3,bathroom,outside,outside,outside
10740,d07 Mon 11:00,kitchen,kitchen,kitchen,kitchen,kitchen,outside,outside,outside,outside,living,living,outside,bedroom_3,living,outside,outside,outside,living,kitchen,kitchen,bedroom_3,bedroom_3,bathroom,outside,outside,outside
10800,d07 Mon 12:00,kitchen,kitchen,kitchen,kitchen,kitchen,outside,outside,outside,outside,living,living,outside,bedroom_3,living,outside,outside,outside,living,kitchen,kitchen,bedroom_3,bedroom_3,bathroom,outside,outside,outside
10860,d07 Mon 13:00,kitchen,kitchen,kitchen,kitchen,kitchen,outside,outside,outside,outside,living,living,outside,bedroom_3,living,outside,outside,outside,living,kitchen,kitchen,bedroom_3,bedroom_3,bathroom,outside,outside,outside
10920,d07 Mon 14:00,kitchen,kitchen,kitchen,kitchen,kitchen,outside,outside,outside,outside,living,living,outside,bedroom_3,living,outside,outside,outside,living,kitchen,kitchen,bedroom_3,bedroom_3,bathroom,outside,outside,outside
10980,d07 Mon 15:00,kitchen,kitchen,kitchen,living,kitchen,outside,outside,entry,entry,living,living,kitchen,living,living,entry,entry,kitchen,living,kitchen,kitchen,bedroom_3,living,bathroom,kitchen,entry,outside
11040,d07 Mon 16:00,kitchen,kitchen,kitchen,living,kitchen,kitchen,kitchen,entry,entry,living,living,kitchen,living,living,entry,entry,kitchen,kitchen,kitchen,kitchen,living,living,kitchen,kitchen,entry,kitchen
11100,d07 Mon 17:00,kitchen,kitchen,kitchen,living,bedroom_2,kitchen,kitchen,entry,entry,living,living,kitchen,living,living,entry,entry,kitchen,kitchen,kitchen,kitchen,living,living,kitchen,kitchen,entry,kitchen
11160,d07 Mon 18:00,kitchen,kitchen,kitchen,living,bedroom_2,kitchen,kitchen,entry,entry,living,living,kitchen,living,living,entry,entry,kitchen,kitchen,kitchen,bedroom_3,living,living,kitchen,kitchen,entry,kitchen
11220,d07 Mon 19:00,kitchen,kitchen,kitchen,living,bedroom_2,kitchen,kitchen,entry,entry,living,living,kitchen,living,living,entry,entry,kitchen,kitchen,kitchen,bedroom_3,living,living,kitchen,kitchen,entry,kitchen
11280,d07 Mon 20:00,kitchen,kitchen,kitchen,living,bedroom_2,kitchen,kitchen,entry,entry,living,living,kitchen,living,living,entry,entry,kitchen,kitchen,kitchen,bedroom_3,living,living,kitchen,kitchen,entry,kitchen
11340,d07 Mon 21:00,kitchen,kitchen,kitchen,living,bedroom_2,kitchen,bedroom_2,entry,entry,living,living,kitchen,living,living,entry,entry,kitchen,kitchen,kitchen,bedroom_3,living,living,kitchen,kitchen,entry,bedroom_2
11400,d07 Mon 22:00,kitchen,kitchen,kitchen,kitchen,bedroom_2,bedroom_1,bedroom_2,entry,entry,living,living,kitchen,living,living,entry,entry,kitchen,kitchen,kitchen,bedroom_3,living,bedroom_3,bathroom,kitchen,entry,bedroom_2
11460,d07 Mon 23:00,kitchen,kitchen,kitchen,kitchen,bedroom_2,bedroom_1,bedroom_2,entry,entry,living,living,kitchen,living,living,entry,entry,kitchen,kitchen,kitchen,bedroom_3,living,bedroom_3,bathroom,kitchen,entry,bedroom_2
11520,d08 Tue 00:00,kitchen,kitchen,kitchen,kitchen,bedroom_2,bedroom_1,bedroom_2,entry,entry,living,living,kitchen,living,living,entry,entry,kitchen,kitchen,kitchen,bedroom_3,living,bedroom_3,bathroom,kitchen,entry,bedroom_2
11580,d08 Tue 01:00,kitchen,kitchen,kitchen,kitchen,bedroom_2,bedroom_1,bedroom_2,entry,entry,living,living,kitchen,living,living,entry,entry,kitchen,kitchen,kitchen,bedroom_3,living,bedroom_3,bathroom,kitchen,entry,bedroom_2
11640,d08 Tue 02:00,kitchen,kitchen,kitchen,kitchen,bedroom_2,bedroom_1,bedroom_2,entry,entry,living,living,kitchen,living,living,entry,entry,kitchen,kitchen,kitchen,bedroom_3,living,bedroom_3,bathroom,kitchen,entry,bedroom_2
11700,d08 Tue 03:00,kitchen,kitchen,kitchen,kitchen,bedroom_2,bedroom_1,bedroom_2,entry,entry,living,living,kitchen,living,living,entry,entry,kitchen,kitchen,kitchen,bedroom_3,living,bedroom_3,bathroom,kitchen,entry,bedroom_2
11760,d08 Tue 04:00,kitchen,kitchen,kitchen,kitchen,bedroom_2,bedroom_1,bedroom_2,entry,entry,living,living,kitchen,living,living,entry,entry,kitchen,kitchen,kitchen,bedroom_3,living,bedroom_3,bathroom,kitchen,entry,bedroom_2
11820,d08 Tue 05:00,kitchen,kitchen,kitchen,kitchen,bedroom_2,bedroom_1,bedroom_2,entry,entry,living,living,kitchen,living,living,entry,entry,kitchen,kitchen,kitchen,bedroom_3,living,bedroom_3,bathroom,kitchen,entry,bedroom_2
11880,d08 Tue 06:00,kitchen,kitchen,kitchen,kitchen,bedroom_2,outside,outside,outside,outside,living,living,outside,living,living,outside,outside,kitchen,kitchen,kitchen,bedroom_3,bedroom_3,bedroom_3,bathroom,outside,outside,outside
11940,d08 Tue 07:00,kitchen,kitchen,kitchen,kitchen,bedroom_2,outside,outside,outside,outside,living,living,outside,living,living,outside,outside,outside,kitchen,kitchen,bedroom_3,bedroom_3,bedroom_3,bathroom,outside,outside,outside
12000,d08 Tue 08:00,kitchen,kitchen,kitchen,kitchen,bedroom_2,outside,outside,outside,outside,living,living,outside,living,living,outside,outside,outside,kitchen,kitchen,bedroom_3,bedroom_3,bedroom_3,bathroom,outside,outside,outside
12060,d08 Tue 09:00,kitchen,kitchen,kitchen,kitchen,bedroom_2,outside,outside,outside,outside,living,living,outside,bedroom_3,living,outside,outside,outside,kitchen,kitchen,bedroom_3,bedroom_3,bedroom_3,bathroom,outside,outside,outside
12120,d08 Tue 10:00,kitchen,kitchen,kitchen,kitchen,bedroom_2,outside,outside,outside,outside,living,living,outside,bedroom_3,living,outside,outside,outside,kitchen,kitchen,bedroom_3,bedroom_3,bedroom_3,bathroom,outside,outside,outside
12180,d08 Tue 11:00,kitchen,kitchen,kitchen,kitchen,bedroom_2,outside,outside,outside,outside,living,living,outside,bedroom_3,living,outside,outside,outside,kitchen,kitchen,bedroom_3,bedroom_3,bedroom_3,bathroom,outside,outside,outside
12240,d08 Tue 12:00,kitchen,kitchen,kitchen,kitchen,bedroom_2,outside,outside,outside,outside,living,living,outside,bedroom_3,living,outside,outside,outside,kitchen,kitchen,bedroom_3,bedroom_3,bedroom_3,bathroom,outside,outside,outside
12300,d08 Tue 13:00,kitchen,kitchen,kitchen,kitchen,bedroom_2,outside,outside,outside,outside,living,living,outside,bedroom_3,living,outside,outside,outside,kitchen,kitchen,bedroom_3,bedroom_3,bedroom_3,bathroom,outside,outside,outside
12360,d08 Tue 14:00,kitchen,kitchen,kitchen,kitchen,bedroom_2,outside,outside,outside,outside,living,living,outside,bedroom_3,living,outside,outside,outside,kitchen,kitchen,bedroom_3,bedroom_3,bedroom_3,bathroom,outside,outside,outside
12420,d08 Tue 15:00,kitchen,kitchen,kitchen,kitchen,bedroom_2,kitchen,outside,entry,entry,living,living,kitchen,bedroom_3,living,entry,kitchen,kitchen,kitchen,kitchen,bedroom_3,bedroom_3,bedroom_3,bathroom,kitchen,entry,outside
12480,d08 Tue 16:00,kitchen,kitchen,kitchen,kitchen,bedroom_2,kitchen,kitchen,entry,entry,living,living,kitchen,bedroom_3,living,entry,kitchen,kitchen,kitchen,kitchen,kitchen,bedroom_3,bedroom_3,kitchen,kitchen,entry,kitchen
12540,d08 Tue 17:00,kitchen,kitchen,kitchen,living,bedroom_2,kitchen,kitchen,entry,entry,living,living,kitchen,living,living,entry,kitchen,kitchen,kitchen,kitchen,kitchen,living,living,kitchen,kitchen,entry,kitchen
12600,d08 Tue 18:00,kitchen,kitchen,kitchen,kitchen,bedroom_2,living,living,entry,entry,living,living,kitchen,living,living,entry,kitchen,kitchen,kitchen,kitchen,kitchen,living,bedroom_3,bathroom,kitchen,entry,kitchen
12660,d08 Tue 19:00,kitchen,kitchen,kitchen,kitchen,bedroom_2,living,living,entry,entry,living,living,kitchen,living,living,entry,kitchen,kitchen,kitchen,kitchen,kitchen,living,bedroom_3,bathroom,kitchen,entry,kitchen
12720,d08 Tue 20:00,kitchen,kitchen,kitchen,kitchen,bedroom_2,living,living,entry,entry,living,living,kitchen,living,living,entry,kitchen,kitchen,kitchen,kitchen,kitchen,living,bedroom_3,bathroom,kitchen,entry,living
12780,d08 Tue 21:00,kitchen,kitchen,kitchen,kitchen,bedroom_2,living,living,entry,entry,bedroom_3,living,kitchen,living,living,entry,kitchen,kitchen,living,kitchen,kitchen,living,bedroom_3,bathroom,kitchen,entry,living
12840,d08 Tue 22:00,kitchen,kitchen,kitchen,kitchen,bedroom_2,bedroom_1,living,entry,entry,bedroom_3,living,kitchen,living,living,entry,kitchen,kitchen,living,kitchen,kitchen,living,bedroom_3,bathroom,kitchen,entry,living
12900,d08 Tue 23:00,kitchen,kitchen,kitchen,kitchen,bedroom_2,bedroom_1,living,entry,entry,bedroom_3,living,kitchen,living,living,entry,kitchen,kitchen,living,kitchen,kitchen,living,bedroom_3,bathroom,kitchen,entry,bedroom_2
12960,d09 Wed 00:00,kitchen,kitchen,kitchen,kitchen,bedroom_2,bedroom_1,living,entry,entry,bedroom_3,living,kitchen,living,living,entry,kitchen,kitchen,living,kitchen,kitchen,living,bedroom_3,bathroom,kitchen,entry,bedroom_2
13020,d09 Wed 01:00,kitchen,kitchen,kitchen,kitchen,bedroom_2,bedroom_1,living,entry,entry,bedroom_3,living,kitchen,living,living,entry,kitchen,kitchen,living,kitchen,kitchen,living,bedroom_3,bathroom,kitchen,entry,bedroom_2
13080,d09 Wed 02:00,kitchen,kitchen,kitchen,kitchen,bedroom_2,bedroom_1,living,entry,entry,bedroom_3,living,kitchen,living,living,entry,kitchen,kitchen,living,kitchen,kitchen,living,bedroom_3,bathroom,kitchen,entry,bedroom_2
13140,d09 Wed 03:00,kitchen,kitchen,kitchen,kitchen,bedroom_2,bedroom_1,living,entry,entry,bedroom_3,living,kitchen,living,living,entry,kitchen,kitchen,living,kitchen,kitchen,living,bedroom_3,bathroom,kitchen,entry,bedroom_2
13200,d09 Wed 04:00,kitchen,kitchen,kitchen,kitchen,bedroom_2,bedroom_1,living,entry,entry,bedroom_3,living,kitchen,living,living,entry,kitchen,kitchen,living,kitchen,kitchen,living,bedroom_3,bathroom,kitchen,entry,bedroom_2
13260,d09 Wed 05:00,kitchen,kitchen,kitchen,kitchen,bedroom_2,bedroom_1,living,entry,entry,bedroom_3,living,kitchen,living,living,entry,kitchen,kitchen,living,kitchen,kitchen,living,bedroom_3,bathroom,kitchen,entry,bedroom_2
13320,d09 Wed 06:00,kitchen,kitchen,kitchen,kitchen,bedroom_2,bedroom_1,living,entry,entry,bedroom_3,living,kitchen,living,living,entry,kitchen,kitchen,living,kitchen,kitchen,bedroom_3,bedroom_3,bathroom,kitchen,entry,bedroom_2
13380,d09 Wed 07:00,kitchen,kitchen,kitchen,kitchen,bedroom_2,outside,outside,entry,entry,bedroom_3,living,kitchen,living,living,entry,kitchen,outside,living,kitchen,kitchen,bedroom_3,bedroom_3,bathroom,kitchen,entry,outside
13440,d09 Wed 08:00,kitchen,kitchen,kitchen,kitchen,bedroom_2,outside,living,entry,entry,living,living,kitchen,living,living,entry,kitchen,outside,living,kitchen,kitchen,bedroom_3,bedroom_3,bathroom,kitchen,entry,outside
13500,d09 Wed 09:00,kitchen,kitchen,kitchen,kitchen,bedroom_2,outside,living,entry,entry,living,living,kitchen,living,living,entry,kitchen,outside,living,kitchen,kitchen,bedroom_3,bedroom_3,bathroom,kitchen,entry,outside
13560,d09 Wed 10:00,kitchen,kitchen,kitchen,kitchen,bedroom_2,outside,living,entry,entry,living,living,kitchen,living,living,entry,kitchen,outside,living,kitchen,kitchen,bedroom_3,bedroom_3,bathroom,kitchen,entry,outside
13620,d09 Wed 11:00,kitchen,kitchen,kitchen,kitchen,bedroom_2,outside,living,entry,entry,living,living,kitchen,living,living,entry,kitchen,outside,living,kitchen,kitchen,bedroom_3,bedroom_3,bathroom,kitchen,entry,outside
13680,d09 Wed 12:00,kitchen,kitchen,kitchen,kitchen,bedroom_2,outside,living,entry,entry,living,living,kitchen,living,living,entry,kitchen,outside,living,kitchen,kitchen,bedroom_3,bedroom_3,bathroom,kitchen,entry,outside
13740,d09 Wed 13:00,kitchen,kitchen,kitchen,kitchen,bedroom_2,outside,living,entry,entry,living,living,kitchen,living,living,entry,kitchen,outside,living,kitchen,kitchen,bedroom_3,bedroom_3,bathroom,kitchen,entry,outside
13800,d09 Wed 14:00,kitchen,kitchen,kitchen,kitchen,bedroom_2,outside,living,entry,entry,living,living,kitchen,living,living,entry,kitchen,outside,living,kitchen,kitchen,bedroom_3,bedroom_3,bathroom,kitchen,entry,outside
13860,d09 Wed 15:00,kitchen,kitchen,kitchen,living,bedroom_2,kitchen,living,entry,entry,living,living,kitchen,living,living,entry,kitchen,outside,living,kitchen,kitchen,bedroom_3,living,kitchen,kitchen,entry,outside
13920,d09 Wed 16:00,kitchen,kitchen,kitchen,living,kitchen,kitchen,living,entry,entry,living,living,kitchen,living,living,entry,kitchen,outside,kitchen,kitchen,kitchen,bedroom_3,living,kitchen,kitchen,entry,kitchen
13980,d09 Wed 17:00,kitchen,kitchen,kitchen,living,kitchen,kitchen,living,entry,entry,living,living,kitchen,living,living,entry,kitchen,outside,kitchen,kitchen,kitchen,bedroom_3,living,kitchen,kitchen,entry,kitchen
14040,d09 Wed 18:00,kitchen,kitchen,kitchen,living,kitchen,kitchen,living,entry,entry,living,living,kitchen,living,living,entry,kitchen,outside,kitchen,kitchen,kitchen,bedroom_3,living,kitchen,kitchen,entry,kitchen
14100,d09 Wed 19:00,kitchen,kitchen,kitchen,living,kitchen,kitchen,living,entry,kitchen,living,living,kitchen,living,living,entry,kitchen,outside,kitchen,kitchen,kitchen,living,living,kitchen,kitchen,entry,kitchen
14160,d09 Wed 20:00,kitchen,kitchen,kitchen,living,kitchen,kitchen,living,entry,kitchen,living,living,kitchen,living,living,entry,kitchen,outside,kitchen,kitchen,kitchen,living,living,kitchen,kitchen,entry,kitchen
14220,d09 Wed 21:00,kitchen,kitchen,kitchen,living,kitchen,kitchen,living,entry,kitchen,living,living,kitchen,living,living,entry,kitchen,outside,kitchen,kitchen,kitchen,living,living,kitchen,kitchen,entry,bedroom_2
14280,d09 Wed 22:00,kitchen,kitchen,kitchen,kitchen,kitchen,bedroom_1,living,entry,kitchen,living,living,kitchen,living,living,entry,kitchen,outside,kitchen,kitchen,kitchen,living,bedroom_3,kitchen,kitchen,entry,bedroom_2
14340,d09 Wed 23:00,kitchen,kitchen,kitchen,kitchen,kitchen,bedroom_1,living,entry,kitchen,living,living,kitchen,living,living,entry,kitchen,outside,kitchen,kitchen,kitchen,living,bedroom_3,kitchen,kitchen,entry,bedroom_2
14400,d10 Thu 00:00,kitchen,kitchen,kitchen,kitchen,kitchen,bedroom_1,living,entry,kitchen,living,living,kitchen,living,living,entry,kitchen,outside,kitchen,kitchen,kitchen,living,bedroom_3,kitchen,kitchen,entry,bedroom_2
14460,d10 Thu 01:00,kitchen,kitchen,kitchen,kitchen,kitchen,bedroom_1,living,entry,kitchen,living,living,kitchen,living,living,entry,kitchen,outside,kitchen,kitchen,kitchen,living,bedroom_3,kitchen,kitchen,entry,bedroom_2
14520,d10 Thu 02:00,kitchen,kitchen,kitchen,kitchen,kitchen,bedroom_1,living,entry,kitchen,living,living,kitchen,living,living,entry,kitchen,outside,kitchen,kitchen,kitchen,living,bedroom_3,kitchen,kitchen,entry,bedroom_2
14580,d10 Thu 03:00,kitchen,kitchen,kitchen,kitchen,kitchen,bedroom_1,living,entry,kitchen,living,living,kitchen,living,living,entry,kitchen,outside,kitchen,kitchen,kitchen,living,bedroom_3,kitchen,kitchen,entry,bedroom_2
14640,d10 Thu 04:00,kitchen,kitchen,kitchen,kitchen,kitchen,bedroom_1,living,entry,kitchen,living,living,kitchen,living,living,entry,kitchen,outside,kitchen,kitchen,kitchen,living,bedroom_3,kitchen,kitchen,entry,bedroom_2
14700,d10 Thu 05:00,kitchen,kitchen,kitchen,kitchen,kitchen,bedroom_1,living,entry,kitchen,living,living,kitchen,living,living,entry,kitchen,outside,kitchen,kitchen,kitchen,living,bedroom_3,kitchen,kitchen,entry,bedroom_2
14760,d10 Thu 06:00,kitchen,kitchen,kitchen,kitchen,kitchen,bedroom_1,living,entry,kitchen,living,living,kitchen,living,living,entry,kitchen,outside,kitchen,kitchen,kitchen,bedroom_3,bedroom_3,kitchen,kitchen,entry,bedroom_2
14820,d10 Thu 07:00,kitchen,kitchen,kitchen,kitchen,kitchen,outside,outside,entry,kitchen,living,living,kitchen,living,living,entry,kitchen,outside,kitchen,kitchen,kitchen,bedroom_3,bedroom_3,kitchen,kitchen,entry,outside
14880,d10 Thu 08:00,kitchen,kitchen,kitchen,kitchen,kitchen,outside,living,entry,kitchen,living,living,kitchen,living,living,entry,kitchen,outside,kitchen,kitchen,kitchen,bedroom_3,bedroom_3,kitchen,kitchen,entry,outside
14940,d10 Thu 09:00,kitchen,kitchen,kitchen,kitchen,kitchen,outside,living,entry,kitchen,living,living,kitchen,living,living,entry,kitchen,outside,kitchen,kitchen,kitchen,bedroom_3,bedroom_3,kitchen,kitchen,entry,outside
15000,d10 Thu 10:00,kitchen,kitchen,kitchen,kitchen,kitchen,outside,living,entry,kitchen,living,living,kitchen,living,living,entry,kitchen,outside,kitchen,kitchen,kitchen,bedroom_3,bedroom_3,kitchen,kitchen,entry,outside
15060,d10 Thu 11:00,kitchen,kitchen,kitchen,kitchen,kitchen,outside,living,entry,kitchen,living,living,kitchen,living,living,entry,kitchen,outside,kitchen,kitchen,kitchen,bedroom_3,bedroom_3,kitchen,kitchen,entry,outside
15120,d10 Thu 12:00,kitchen,kitchen,kitchen,kitchen,kitchen,outside,living,entry,kitchen,living,living,kitchen,living,living,entry,kitchen,outside,living,kitchen,kitchen,bedroom_3,bedroom_3,kitchen,kitchen,entry,outside
15180,d10 Thu 13:00,kitchen,kitchen,kitchen,kitchen,kitchen,outside,living,entry,kitchen,living,living,kitchen,living,living,entry,kitchen,outside,living,kitchen,kitchen,bedroom_3,bedroom_3,kitchen,kitchen,entry,outside
15240,d10 Thu 14:00,kitchen,kitchen,kitchen,kitchen,kitchen,outside,living,entry,kitchen,living,living,kitchen,living,living,entry,kitchen,outside,living,kitchen,kitchen,bedroom_3,bedroom_3,kitchen,kitchen,entry,outside
15300,d10 Thu 15:00,kitchen,kitchen,kitchen,living,kitchen,kitchen,living,entry,kitchen,living,living,kitchen,living,living,entry,kitchen,outside,living,kitchen,kitchen,bedroom_3,living,kitchen,kitchen,entry,outside
15360,d10 Thu 16:00,kitchen,kitchen,kitchen,living,kitchen,kitchen,living,entry,kitchen,living,living,kitchen,living,living,entry,kitchen,outside,living,kitchen,kitchen,living,living,kitchen,kitchen,entry,outside
15420,d10 Thu 17:00,kitchen,kitchen,kitchen,living,kitchen,kitchen,living,entry,kitchen,living,living,kitchen,living,living,entry,kitchen,outside,kitchen,kitchen,kitchen,living,living,kitchen,kitchen,entry,kitchen
15480,d10 Thu 18:00,kitchen,kitchen,kitchen,kitchen,bedroom_2,living,living,entry,kitchen,living,living,bedroom_3,living,living,entry,kitchen,outside,kitchen,kitchen,kitchen,living,bedroom_3,kitchen,kitchen,entry,kitchen
15540,d10 Thu 19:00,kitchen,kitchen,kitchen,kitchen,bedroom_2,living,living,entry,kitchen,living,living,bedroom_3,living,living,entry,kitchen,outside,kitchen,kitchen,kitchen,living,bedroom_3,kitchen,kitchen,entry,living
15600,d10 Thu 20:00,kitchen,kitchen,kitchen,kitchen,bedroom_2,living,living,entry,kitchen,bedroom_3,living,bedroom_3,living,living,entry,kitchen,outside,living,kitchen,kitchen,living,bedroom_3,kitchen,kitchen,entry,living
15660,d10 Thu 21:00,kitchen,kitchen,kitchen,kitchen,bedroom_2,living,living,entry,kitchen,bedroom_3,living,bedroom_3,living,living,entry,kitchen,outside,living,kitchen,kitchen,living,bedroom_3,kitchen,kitchen,entry,living
15720,d10 Thu 22:00,kitchen,kitchen,kitchen,kitchen,bedroom_2,bedroom_1,living,entry,kitchen,bedroom_3,living,bedroom_3,living,living,entry,kitchen,outside,living,kitchen,kitchen,living,bedroom_3,kitchen,kitchen,entry,living
15780,d10 Thu 23:00,kitchen,kitchen,kitchen,kitchen,bedroom_2,bedroom_1,living,entry,kitchen,bedroom_3,living,bedroom_3,living,living,entry,kitchen,outside,living,kitchen,kitchen,living,bedroom_3,kitchen,kitchen,entry,bedroom_2
15840,d11 Fri 00:00,kitchen,kitchen,kitchen,kitchen,bedroom_2,bedroom_1,living,entry,kitchen,bedroom_3,living,bedroom_3,living,living,entry,kitchen,outside,living,kitchen,kitchen,living,bedroom_3,kitchen,kitchen,entry,bedroom_2
15900,d11 Fri 01:00,kitchen,kitchen,kitchen,kitchen,bedroom_2,bedroom_1,living,entry,kitchen,bedroom_3,living,bedroom_3,living,living,entry,kitchen,outside,living,kitchen,kitchen,living,bedroom_3,kitchen,kitchen,entry,bedroom_2
15960,d11 Fri 02:00,kitchen,kitchen,kitchen,kitchen,bedroom_2,bedroom_1,living,entry,kitchen,bedroom_3,living,bedroom_3,living,living,entry,kitchen,outside,living,kitchen,kitchen,living,bedroom_3,kitchen,kitchen,entry,bedroom_2
16020,d11 Fri 03:00,kitchen,kitchen,kitchen,kitchen,bedroom_2,bedroom_1,living,entry,kitchen,bedroom_3,living,bedroom_3,living,living,entry,kitchen,outside,living,kitchen,kitchen,living,bedroom_3,kitchen,kitchen,entry,bedroom_2
16080,d11 Fri 04:00,kitchen,kitchen,kitchen,kitchen,bedroom_2,bedroom_1,living,entry,kitchen,bedroom_3,living,bedroom_3,living,living,entry,kitchen,outside,living,kitchen,kitchen,living,bedroom_3,kitchen,kitchen,entry,bedroom_2
16140,d11 Fri 05:00,kitchen,kitchen,kitchen,kitchen,bedroom_2,bedroom_1,living,entry,kitchen,bedroom_3,living,bedroom_3,living,living,entry,kitchen,outside,living,kitchen,kitchen,living,bedroom_3,kitchen,kitchen,entry,bedroom_2
16200,d11 Fri 06:00,kitchen,kitchen,kitchen,kitchen,bedroom_2,bedroom_1,living,entry,kitchen,bedroom_3,living,bedroom_3,living,living,entry,kitchen,outside,living,kitchen,kitchen,living,bedroom_3,kitchen,kitchen,entry,bedroom_2
16260,d11 Fri 07:00,kitchen,kitchen,kitchen,kitchen,bedroom_2,outside,outside,entry,kitchen,bedroom_3,living,bedroom_3,living,living,entry,kitchen,outside,living,kitchen,bedroom_3,bedroom_3,bedroom_3,kitchen,kitchen,entry,outside
16320,d11 Fri 08:00,kitchen,kitchen,kitchen,kitchen,bedroom_2,outside,outside,entry,kitchen,bedroom_3,living,bedroom_3,living,living,entry,kitchen,outside,living,kitchen,bedroom_3,bedroom_3,bedroom_3,kitchen,kitchen,entry,outside
16380,d11 Fri 09:00,kitchen,kitchen,kitchen,kitchen,bedroom_2,outside,living,entry,kitchen,living,living,bedroom_3,living,living,entry,kitchen,outside,living,kitchen,bedroom_3,bedroom_3,bedroom_3,kitchen,kitchen,entry,outside
16440,d11 Fri 10:00,kitchen,kitchen,kitchen,kitchen,bedroom_2,outside,living,entry,kitchen,living,living,bedroom_3,living,living,entry,kitchen,outside,living,kitchen,bedroom_3,bedroom_3,bedroom_3,kitchen,kitchen,entry,outside
16500,d11 Fri 11:00,kitchen,kitchen,kitchen,kitchen,bedroom_2,outside,living,entry,kitchen,living,living,bedroom_3,living,living,entry,kitchen,outside,living,kitchen,bedroom_3,bedroom_3,bedroom_3,kitchen,kitchen,entry,outside
16560,d11 Fri 12:00,kitchen,kitchen,kitchen,kitchen,bedroom_2,outside,living,entry,kitchen,living,living,bedroom_3,living,living,entry,kitchen,outside,living,kitchen,bedroom_3,bedroom_3,bedroom_3,kitchen,kitchen,entry,outside
16620,d11 Fri 13:00,kitchen,kitchen,kitchen,kitchen,bedroom_2,outside,living,entry,kitchen,bedroom_3,living,bedroom_3,living,living,entry,kitchen,outside,living,kitchen,bedroom_3,bedroom_3,bedroom_3,kitchen,kitchen,entry,outside
16680,d11 Fri 14:00,kitchen,kitchen,kitchen,kitchen,bedroom_2,outside,living,entry,kitchen,bedroom_3,living,bedroom_3,living,living,entry,kitchen,outside,living,kitchen,bedroom_3,bedroom_3,bedroom_3,kitchen,kitchen,entry,outside
16740,d11 Fri 15:00,kitchen,kitchen,kitchen,kitchen,bedroom_2,kitchen,living,entry,kitchen,bedroom_3,living,bedroom_3,living,living,entry,kitchen,outside,living,kitchen,bedroom_3,bedroom_3,bedroom_3,kitchen,kitchen,entry,outside
16800,d11 Fri 16:00,kitchen,kitchen,kitchen,kitchen,bedroom_2,kitchen,living,entry,kitchen,bedroom_3,living,bedroom_3,living,living,entry,kitchen,outside,living,kitchen,kitchen,bedroom_3,bedroom_3,kitchen,kitchen,entry,outside
16860,d11 Fri 17:00,kitchen,kitchen,kitchen,living,bedroom_2,kitchen,living,entry,kitchen,bedroom_3,living,bedroom_3,living,living,entry,kitchen,outside,living,kitchen,kitchen,bedroom_3,living,kitchen,kitchen,entry,outside
16920,d11 Fri 18:00,kitchen,kitchen,kitchen,kitchen,bedroom_2,living,living,entry,kitchen,living,living,bedroom_3,living,living,entry,kitchen,outside,living,kitchen,kitchen,living,bedroom_3,kitchen,kitchen,entry,living
16980,d11 Fri 19:00,kitchen,kitchen,kitchen,kitchen,bedroom_2,living,living,entry,kitchen,living,living,bedroom_3,living,living,entry,kitchen,outside,living,kitchen,kitchen,living,bedroom_3,kitchen,kitchen,entry,living
17040,d11 Fri 20:00,kitchen,kitchen,kitchen,kitchen,bedroom_2,living,living,entry,kitchen,living,living,bedroom_3,living,living,entry,kitchen,outside,living,kitchen,kitchen,living,bedroom_3,kitchen,kitchen,entry,living
17100,d11 Fri 21:00,kitchen,kitchen,kitchen,kitchen,bedroom_2,living,living,entry,kitchen,bedroom_3,living,bedroom_3,bedroom_3,living,entry,kitchen,outside,living,kitchen,kitchen,living,bedroom_3,kitchen,kitchen,entry,living
17160,d11 Fri 22:00,kitchen,kitchen,kitchen,kitchen,bedroom_2,bedroom_1,living,entry,kitchen,bedroom_3,living,bedroom_3,bedroom_3,living,entry,kitchen,outside,living,kitchen,kitchen,living,bedroom_3,kitchen,kitchen,entry,bedroom_2
17220,d11 Fri 23:00,kitchen,kitchen,kitchen,kitchen,bedroom_2,bedroom_1,living,entry,kitchen,bedroom_3,living,bedroom_3,bedroom_3,living,entry,kitchen,outside,living,kitchen,kitchen,living,bedroom_3,kitchen,kitchen,entry,bedroom_2
17280,d12 Sat 00:00,kitchen,kitchen,kitchen,kitchen,bedroom_2,bedroom_1,living,entry,kitchen,bedroom_3,living,bedroom_3,bedroom_3,living,entry,kitchen,outside,living,kitchen,kitchen,living,bedroom_3,kitchen,kitchen,entry,bedroom_2
17340,d12 Sat 01:00,kitchen,kitchen,kitchen,kitchen,bedroom_2,bedroom_1,living,entry,kitchen,bedroom_3,living,bedroom_3,bedroom_3,living,entry,kitchen,outside,living,kitchen,kitchen,living,bedroom_3,kitchen,kitchen,entry,bedroom_2
17400,d12 Sat 02:00,kitchen,kitchen,kitchen,kitchen,bedroom_2,bedroom_1,living,entry,kitchen,bedroom_3,living,bedroom_3,bedroom_3,living,entry,kitchen,outside,living,kitchen,kitchen,living,bedroom_3,kitchen,kitchen,entry,bedroom_2
17460,d12 Sat 03:00,kitchen,kitchen,kitchen,kitchen,bedroom_2,bedroom_1,living,entry,kitchen,bedroom_3,living,bedroom_3,bedroom_3,living,entry,kitchen,outside,living,kitchen,kitchen,living,bedroom_3,kitchen,kitchen,entry,bedroom_2
17520,d12 Sat 04:00,kitchen,kitchen,kitchen,kitchen,bedroom_2,bedroom_1,living,entry,kitchen,bedroom_3,living,bedroom_3,bedroom_3,living,entry,kitchen,outside,living,kitchen,kitchen,living,bedroom_3,kitchen,kitchen,entry,bedroom_2
17580,d12 Sat 05:00,kitchen,kitchen,kitchen,kitchen,bedroom_2,bedroom_1,living,entry,kitchen,bedroom_3,living,bedroom_3,bedroom_3,living,entry,kitchen,outside,living,kitchen,kitchen,living,bedroom_3,kitchen,kitchen,entry,bedroom_2
17640,d12 Sat 06:00,kitchen,kitchen,kitchen,kitchen,bedroom_2,bedroom_1,living,entry,kitchen,bedroom_3,living,bedroom_3,bedroom_3,living,entry,kitchen,outside,living,kitchen,kitchen,bedroom_3,bedroom_3,kitchen,kitchen,entry,bedroom_2
17700,d12 Sat 07:00,kitchen,kitchen,kitchen,kitchen,bedroom_2,bedroom_1,living,entry,kitchen,bedroom_3,living,bedroom_3,bedroom_3,living,entry,kitchen,outside,living,kitchen,kitchen,bedroom_3,bedroom_3,kitchen,kitchen,entry,bedroom_2
17760,d12 Sat 08:00,kitchen,kitchen,kitchen,kitchen,bedroom_2,bedroom_1,living,entry,kitchen,bedroom_3,living,bedroom_3,bedroom_3,living,entry,kitchen,outside,living,kitchen,kitchen,bedroom_3,bedroom_3,kitchen,kitchen,entry,bedroom_2
17820,d12 Sat 09:00,kitchen,kitchen,kitchen,kitchen,bedroom_2,bedroom_1,living,entry,kitchen,bedroom_3,living,bedroom_3,bedroom_3,living,entry,kitchen,outside,living,kitchen,kitchen,bedroom_3,bedroom_3,kitchen,kitchen,entry,bedroom_2
17880,d12 Sat 10:00,kitchen,kitchen,kitchen,kitchen,bedroom_2,bedroom_1,living,entry,kitchen,bedroom_3,living,bedroom_3,bedroom_3,living,entry,kitchen,outside,living,kitchen,kitchen,bedroom_3,bedroom_3,kitchen,kitchen,entry,bedroom_2
17940,d12 Sat 11:00,kitchen,kitchen,kitchen,kitchen,bedroom_2,bedroom_1,living,entry,kitchen,bedroom_3,living,bedroom_3,bedroom_3,living,entry,kitchen,outside,living,kitchen,kitchen,bedroom_3,bedroom_3,kitchen,kitchen,entry,bedroom_2
18000,d12 Sat 12:00,kitchen,kitchen,kitchen,kitchen,bedroom_2,bedroom_1,living,entry,kitchen,bedroom_3,living,bedroom_3,bedroom_3,living,entry,kitchen,outside,living,kitchen,kitchen,bedroom_3,bedroom_3,kitchen,kitchen,entry,bedroom_2
18060,d12 Sat 13:00,kitchen,kitchen,kitchen,kitchen,bedroom_2,bedroom_1,living,entry,kitchen,bedroom_3,living,bedroom_3,bedroom_3,living,entry,kitchen,outside,living,kitchen,kitchen,bedroom_3,bedroom_3,kitchen,kitchen,entry,bedroom_2
18120,d12 Sat 14:00,kitchen,kitchen,kitchen,kitchen,bedroom_2,bedroom_1,living,entry,kitchen,bedroom_3,living,bedroom_3,bedroom_3,living,entry,kitchen,outside,living,kitchen,kitchen,bedroom_3,bedroom_3,kitchen,kitchen,entry,bedroom_2
18180,d12 Sat 15:00,kitchen,kitchen,kitchen,kitchen,bedroom_2,bedroom_1,living,entry,kitchen,bedroom_3,living,bedroom_3,bedroom_3,living,entry,kitchen,outside,living,kitchen,kitchen,bedroom_3,bedroom_3,kitchen,kitchen,entry,bedroom_2
18240,d12 Sat 16:00,kitchen,kitchen,kitchen,kitchen,bedroom_2,bedroom_1,living,entry,kitchen,bedroom_3,living,bedroom_3,bedroom_3,living,entry,kitchen,outside,living,kitchen,kitchen,bedroom_3,bedroom_3,kitchen,kitchen,entry,bedroom_2
18300,d12 Sat 17:00,kitchen,kitchen,kitchen,living,bedroom_2,bedroom_1,living,entry,kitchen,bedroom_3,living,bedroom_3,living,living,entry,kitchen,outside,living,kitchen,kitchen,living,living,kitchen,kitchen,entry,kitchen
18360,d12 Sat 18:00,kitchen,kitchen,kitchen,living,bedroom_2,kitchen,living,entry,kitchen,living,living,bedroom_3,living,living,entry,kitchen,outside,living,kitchen,kitchen,living,living,kitchen,kitchen,entry,living
18420,d12 Sat 19:00,kitchen,kitchen,kitchen,kitchen,bedroom_2,living,living,entry,kitchen,living,living,bedroom_3,living,kitchen,entry,kitchen,outside,living,kitchen,kitchen,living,bedroom_3,kitchen,kitchen,entry,living
18480,d12 Sat 20:00,kitchen,kitchen,kitchen,kitchen,bedroom_2,living,living,entry,kitchen,living,living,bedroom_3,living,kitchen,entry,kitchen,outside,living,kitchen,kitchen,living,bedroom_3,kitchen,kitchen,entry,living
18540,d12 Sat 21:00,kitchen,kitchen,kitchen,kitchen,bedroom_2,living,living,entry,kitchen,living,living,bedroom_3,living,kitchen,entry,kitchen,outside,living,kitchen,kitchen,living,bedroom_3,kitchen,kitchen,entry,living
18600,d12 Sat 22:00,kitchen,kitchen,kitchen,kitchen,bedroom_2,bedroom_1,living,entry,kitchen,living,living,bedroom_3,living,kitchen,entry,kitchen,outside,living,kitchen,kitchen,living,bedroom_3,kitchen,kitchen,entry,bedroom_2
18660,d12 Sat 23:00,kitchen,kitchen,kitchen,kitchen,bedroom_2,bedroom_1,living,entry,kitchen,living,living,bedroom_3,living,kitchen,entry,kitchen,outside,living,kitchen,kitchen,living,bedroom_3,kitchen,kitchen,entry,bedroom_2
18720,d13 Sun 00:00,kitchen,kitchen,kitchen,kitchen,bedroom_2,bedroom_1,living,entry,kitchen,living,living,bedroom_3,living,kitchen,entry,kitchen,outside,living,kitchen,kitchen,living,bedroom_3,kitchen,kitchen,entry,bedroom_2
18780,d13 Sun 01:00,kitchen,kitchen,kitchen,kitchen,bedroom_2,bedroom_1,living,entry,kitchen,living,living,bedroom_3,living,kitchen,entry,kitchen,outside,living,kitchen,kitchen,living,bedroom_3,kitchen,kitchen,entry,bedroom_2
18840,d13 Sun 02:00,kitchen,kitchen,kitchen,kitchen,bedroom_2,bedroom_1,living,entry,kitchen,living,living,bedroom_3,living,kitchen,entry,kitchen,outside,living,kitchen,kitchen,living,bedroom_3,kitchen,kitchen,entry,bedroom_2
18900,d13 Sun 03:00,kitchen,kitchen,kitchen,kitchen,bedroom_2,bedroom_1,living,entry,kitchen,living,living,bedroom_3,living,kitchen,entry,kitchen,outside,living,kitchen,kitchen,living,bedroom_3,kitchen,kitchen,entry,bedroom_2
18960,d13 Sun 04:00,kitchen,kitchen,kitchen,kitchen,bedroom_2,bedroom_1,living,entry,kitchen,living,living,bedroom_3,living,kitchen,entry,kitchen,outside,living,kitchen,kitchen,living,bedroom_3,kitchen,kitchen,entry,bedroom_2
19020,d13 Sun 05:00,kitchen,kitchen,kitchen,kitchen,bedroom_2,bedroom_1,living,entry,kitchen,living,living,bedroom_3,living,kitchen,entry,kitchen,outside,living,kitchen,kitchen,bedroom_3,bedroom_3,kitchen,kitchen,entry,bedroom_2
19080,d13 Sun 06:00,kitchen,kitchen,kitchen,kitchen,bedroom_2,bedroom_1,living,entry,kitchen,living,living,bedroom_3,living,kitchen,entry,kitchen,outside,living,kitchen,kitchen,bedroom_3,bedroom_3,kitchen,kitchen,entry,bedroom_2
19140,d13 Sun 07:00,kitchen,kitchen,kitchen,kitchen,bedroom_2,bedroom_1,living,entry,kitchen,living,living,bedroom_3,living,kitchen,entry,kitchen,outside,living,kitchen,kitchen,bedroom_3,bedroom_3,kitchen,kitchen,entry,bedroom_2
19200,d13 Sun 08:00,kitchen,kitchen,kitchen,kitchen,bedroom_2,bedroom_1,living,entry,kitchen,living,living,bedroom_3,living,kitchen,entry,kitchen,outside,living,kitchen,kitchen,bedroom_3,bedroom_3,kitchen,kitchen,entry,bedroom_2
19260,d13 Sun 09:00,kitchen,kitchen,kitchen,kitchen,kitchen,bedroom_1,living,entry,kitchen,living,living,bedroom_3,living,kitchen,entry,kitchen,outside,kitchen,kitchen,kitchen,bedroom_3,bedroom_3,kitchen,kitchen,entry,bedroom_2
19320,d13 Sun 10:00,kitchen,kitchen,kitchen,kitchen,kitchen,bedroom_3,living,entry,kitchen,living,living,bedroom_3,living,kitchen,entry,kitchen,outside,kitchen,kitchen,kitchen,bedroom_3,bedroom_3,kitchen,kitchen,entry,bedroom_2
19380,d13 Sun 11:00,kitchen,kitchen,kitchen,kitchen,kitchen,bedroom_3,living,entry,kitchen,living,living,bedroom_3,living,kitchen,entry,kitchen,outside,kitchen,kitchen,kitchen,bedroom_3,bedroom_3,kitchen,kitchen,entry,bedroom_2
19440,d13 Sun 12:00,kitchen,kitchen,kitchen,kitchen,bedroom_2,bedroom_3,living,entry,kitchen,living,living,bedroom_3,living,kitchen,entry,kitchen,outside,kitchen,kitchen,kitchen,bedroom_3,bedroom_3,kitchen,kitchen,entry,bedroom_2
19500,d13 Sun 13:00,kitchen,kitchen,kitchen,kitchen,bedroom_2,bedroom_3,living,entry,kitchen,living,living,bedroom_3,living,kitchen,entry,kitchen,outside,kitchen,kitchen,kitchen,bedroom_3,bedroom_3,kitchen,kitchen,entry,bedroom_2
19560,d13 Sun 14:00,kitchen,kitchen,kitchen,kitchen,bedroom_2,bedroom_3,living,entry,kitchen,living,living,bedroom_3,living,kitchen,entry,kitchen,outside,kitchen,kitchen,kitchen,bedroom_3,bedroom_3,kitchen,kitchen,entry,bedroom_2
19620,d13 Sun 15:00,kitchen,kitchen,kitchen,kitchen,bedroom_2,bedroom_3,living,entry,kitchen,living,living,bedroom_3,living,kitchen,entry,kitchen,outside,kitchen,kitchen,kitchen,bedroom_3,bedroom_3,kitchen,kitchen,entry,bedroom_2
19680,d13 Sun 16:00,kitchen,kitchen,kitchen,living,bedroom_2,bedroom_3,living,entry,kitchen,living,living,bedroom_3,living,kitchen,entry,kitchen,outside,kitchen,kitchen,kitchen,living,living,kitchen,kitchen,entry,kitchen
19740,d13 Sun 17:00,kitchen,kitchen,kitchen,living,bedroom_2,bedroom_3,living,entry,kitchen,living,living,bedroom_3,living,living,entry,kitchen,outside,kitchen,kitchen,kitchen,living,living,kitchen,kitchen,entry,living
19800,d13 Sun 18:00,kitchen,kitchen,kitchen,kitchen,bedroom_2,living,living,entry,kitchen,living,living,bedroom_3,living,living,entry,kitchen,outside,kitchen,kitchen,kitchen,living,bedroom_3,kitchen,kitchen,entry,living
19860,d13 Sun 19:00,kitchen,kitchen,kitchen,kitchen,bedroom_2,living,living,entry,kitchen,living,living,bedroom_3,living,living,entry,kitchen,outside,kitchen,kitchen,kitchen,living,bedroom_3,kitchen,kitchen,entry,living
19920,d13 Sun 20:00,kitchen,kitchen,kitchen,kitchen,bedroom_2,living,living,entry,kitchen,living,living,bedroom_3,living,living,entry,kitchen,outside,kitchen,kitchen,kitchen,living,bedroom_3,kitchen,kitchen,entry,living
19980,d13 Sun 21:00,kitchen,kitchen,kitchen,kitchen,bedroom_2,living,living,entry,kitchen,living,living,bedroom_3,living,living,entry,kitchen,outside,living,kitchen,kitchen,living,bedroom_3,kitchen,kitchen,entry,living
20040,d13 Sun 22:00,kitchen,kitchen,kitchen,kitchen,bedroom_2,bedroom_1,living,entry,kitchen,living,living,bedroom_3,living,living,entry,kitchen,outside,living,kitchen,kitchen,living,bedroom_3,kitchen,kitchen,entry,bedroom_2
20100,d13 Sun 23:00,kitchen,kitchen,kitchen,kitchen,bedroom_2,bedroom_1,living,entry,kitchen,living,living,bedroom_3,living,living,entry,kitchen,outside,living,kitchen,kitchen,living,bedroom_3,kitchen,kitchen,entry,bedroom_2
20160,d14 Mon 00:00,kitchen,kitchen,kitchen,kitchen,bedroom_2,bedroom_1,living,entry,kitchen,living,living,bedroom_3,living,living,entry,kitchen,outside,living,kitchen,kitchen,living,bedroom_3,kitchen,kitchen,entry,bedroom_2
20220,d14 Mon 01:00,kitchen,kitchen,kitchen,kitchen,bedroom_2,bedroom_1,living,entry,kitchen,living,living,bedroom_3,living,living,entry,kitchen,outside,living,kitchen,kitchen,living,bedroom_3,kitchen,kitchen,entry,bedroom_2
20280,d14 Mon 02:00,kitchen,kitchen,kitchen,kitchen,bedroom_2,bedroom_1,living,entry,kitchen,living,living,bedroom_3,living,living,entry,kitchen,outside,living,kitchen,kitchen,living,bedroom_3,kitchen,kitchen,entry,bedroom_2
20340,d14 Mon 03:00,kitchen,kitchen,kitchen,kitchen,bedroom_2,bedroom_1,living,entry,kitchen,living,living,bedroom_3,living,living,entry,kitchen,outside,living,kitchen,kitchen,living,bedroom_3,kitchen,kitchen,entry,bedroom_2
20400,d14 Mon 04:00,kitchen,kitchen,kitchen,kitchen,bedroom_2,bedroom_1,living,entry,kitchen,living,living,bedroom_3,living,living,entry,kitchen,outside,living,kitchen,kitchen,living,bedroom_3,kitchen,kitchen,entry,bedroom_2
20460,d14 Mon 05:00,kitchen,kitchen,kitchen,kitchen,bedroom_2,bedroom_1,living,entry,kitchen,living,living,bedroom_3,living,living,entry,kitchen,outside,living,kitchen,kitchen,living,bedroom_3,kitchen,kitchen,entry,bedroom_2
20520,d14 Mon 06:00,kitchen,kitchen,kitchen,kitchen,bedroom_2,outside,outside,outside,outside,living,living,outside,living,living,outside,outside,outside,living,kitchen,kitchen,bedroom_3,bedroom_3,kitchen,outside,outside,outside
20580,d14 Mon 07:00,kitchen,kitchen,kitchen,kitchen,bedroom_2,outside,outside,outside,outside,living,living,outside,living,living,outside,outside,outside,living,kitchen,kitchen,bedroom_3,bedroom_3,kitchen,outside,outside,outside
20640,d14 Mon 08:00,kitchen,kitchen,kitchen,kitchen,bedroom_2,outside,outside,outside,outside,living,living,outside,living,living,outside,outside,outside,living,kitchen,kitchen,bedroom_3,bedroom_3,kitchen,outside,outside,outside
20700,d14 Mon 09:00,kitchen,kitchen,kitchen,kitchen,bedroom_2,outside,outside,outside,outside,living,living,outside,living,living,outside,outside,outside,living,kitchen,kitchen,bedroom_3,bedroom_3,kitchen,outside,outside,outside
20760,d14 Mon 10:00,kitchen,kitchen,kitchen,kitchen,bedroom_2,outside,outside,outside,outside,living,living,outside,living,living,outside,outside,outside,living,kitchen,kitchen,bedroom_3,bedroom_3,kitchen,outside,outside,outside
20820,d14 Mon 11:00,kitchen,kitchen,kitchen,kitchen,bedroom_2,outside,outside,outside,outside,living,living,outside,living,living,outside,outside,outside,living,kitchen,kitchen,bedroom_3,bedroom_3,kitchen,outside,outside,outside
20880,d14 Mon 12:00,kitchen,kitchen,kitchen,kitchen,bedroom_2,outside,outside,outside,outside,living,living,outside,living,living,outside,outside,outside,living,kitchen,kitchen,bedroom_3,bedroom_3,kitchen,outside,outside,outside
20940,d14 Mon 13:00,kitchen,kitchen,kitchen,kitchen,bedroom_2,outside,outside,outside,outside,living,living,outside,living,living,outside,outside,outside,living,kitchen,kitchen,bedroom_3,bedroom_3,kitchen,outside,outside,outside
21000,d14 Mon 14:00,kitchen,kitchen,kitchen,kitchen,bedroom_2,outside,outside,outside,outside,living,living,outside,living,living,outside,outside,outside,living,kitchen,kitchen,bedroom_3,bedroom_3,kitchen,outside,outside,outside
21060,d14 Mon 15:00,kitchen,kitchen,kitchen,kitchen,bedroom_2,kitchen,outside,entry,kitchen,living,living,kitchen,living,living,entry,entry,kitchen,living,kitchen,kitchen,bedroom_3,bedroom_3,kitchen,kitchen,entry,outside
21120,d14 Mon 16:00,kitchen,kitchen,kitchen,kitchen,bedroom_2,kitchen,outside,entry,kitchen,living,living,kitchen,living,living,entry,entry,kitchen,living,kitchen,kitchen,bedroom_3,bedroom_3,kitchen,kitchen,entry,outside
21180,d14 Mon 17:00,kitchen,kitchen,kitchen,kitchen,bedroom_2,kitchen,kitchen,entry,kitchen,living,living,kitchen,living,living,entry,entry,kitchen,kitchen,kitchen,kitchen,living,bedroom_3,kitchen,kitchen,entry,kitchen
21240,d14 Mon 18:00,kitchen,kitchen,kitchen,kitchen,bedroom_2,living,living,entry,kitchen,living,living,kitchen,living,living,entry,entry,kitchen,kitchen,kitchen,kitchen,living,bedroom_3,bathroom,kitchen,entry,kitchen
21300,d14 Mon 19:00,kitchen,kitchen,kitchen,kitchen,bedroom_2,living,living,entry,kitchen,living,living,kitchen,living,living,entry,entry,kitchen,kitchen,kitchen,kitchen,living,bedroom_3,bathroom,kitchen,entry,kitchen
21360,d14 Mon 20:00,kitchen,kitchen,kitchen,kitchen,bedroom_2,living,living,entry,kitchen,living,living,kitchen,living,living,entry,entry,kitchen,kitchen,kitchen,kitchen,living,bedroom_3,bathroom,kitchen,entry,living
21420,d14 Mon 21:00,kitchen,kitchen,kitchen,kitchen,bedroom_2,living,living,entry,kitchen,living,living,kitchen,living,living,entry,entry,kitchen,living,kitchen,kitchen,living,bedroom_3,bathroom,kitchen,entry,living
21480,d14 Mon 22:00,kitchen,kitchen,kitchen,kitchen,bedroom_2,bedroom_1,living,entry,kitchen,living,living,kitchen,living,living,entry,entry,kitchen,living,kitchen,kitchen,living,bedroom_3,bathroom,kitchen,entry,bedroom_2
21540,d14 Mon 23:00,kitchen,kitchen,kitchen,kitchen,bedroom_2,bedroom_1,living,entry,kitchen,living,living,kitchen,living,living,entry,entry,kitchen,living,kitchen,kitchen,living,bedroom_3,bathroom,kitchen,entry,bedroom_2
21600,d15 Tue 00:00,kitchen,kitchen,kitchen,kitchen,bedroom_2,bedroom_1,living,entry,kitchen,living,living,kitchen,living,living,entry,entry,kitchen,living,kitchen,kitchen,living,bedroom_3,bathroom,kitchen,entry,bedroom_2
21660,d15 Tue 01:00,kitchen,kitchen,kitchen,kitchen,bedroom_2,bedroom_1,living,entry,kitchen,living,living,kitchen,living,living,entry,entry,kitchen,living,kitchen,kitchen,living,bedroom_3,bathroom,kitchen,entry,bedroom_2
21720,d15 Tue 02:00,kitchen,kitchen,kitchen,kitchen,bedroom_2,bedroom_1,living,entry,kitchen,living,living,kitchen,living,living,entry,entry,kitchen,living,kitchen,kitchen,living,bedroom_3,bathroom,kitchen,entry,bedroom_2
21780,d15 Tue 03:00,kitchen,kitchen,kitchen,kitchen,bedroom_2,bedroom_1,living,entry,kitchen,living,living,kitchen,living,living,entry,entry,kitchen,living,kitchen,kitchen,living,bedroom_3,bathroom,kitchen,entry,bedroom_2
21840,d15 Tue 04:00,kitchen,kitchen,kitchen,kitchen,bedroom_2,bedroom_1,living,entry,kitchen,living,living,kitchen,living,living,entry,entry,kitchen,living,kitchen,kitchen,living,bedroom_3,bathroom,kitchen,entry,bedroom_2
21900,d15 Tue 05:00,kitchen,kitchen,kitchen,kitchen,bedroom_2,bedroom_1,living,entry,kitchen,living,living,kitchen,living,living,entry,entry,kitchen,living,kitchen,kitchen,living,bedroom_3,bathroom,kitchen,entry,bedroom_2
21960,d15 Tue 06:00,kitchen,kitchen,kitchen,kitchen,bedroom_2,outside,outside,outside,outside,living,living,outside,living,living,outside,outside,kitchen,living,kitchen,kitchen,bedroom_3,bedroom_3,bathroom,outside,outside,outside
22020,d15 Tue 07:00,kitchen,kitchen,kitchen,kitchen,bedroom_2,outside,outside,outside,outside,living,living,outside,living,living,outside,outside,outside,living,kitchen,kitchen,bedroom_3,bedroom_3,bathroom,outside,outside,outside
22080,d15 Tue 08:00,kitchen,kitchen,kitchen,kitchen,bedroom_2,outside,outside,outside,outside,living,living,outside,living,living,outside,outside,outside,living,kitchen,kitchen,bedroom_3,bedroom_3,bathroom,outside,outside,outside
22140,d15 Tue 09:00,kitchen,kitchen,kitchen,kitchen,bedroom_2,outside,outside,outside,outside,living,living,outside,living,living,outside,outside,outside,living,kitchen,kitchen,bedroom_3,bedroom_3,bathroom,outside,outside,outside
22200,d15 Tue 10:00,kitchen,kitchen,kitchen,kitchen,bedroom_2,outside,outside,outside,outside,living,living,outside,living,living,outside,outside,outside,living,kitchen,kitchen,bedroom_3,bedroom_3,bathroom,outside,outside,outside
22260,d15 Tue 11:00,kitchen,kitchen,kitchen,kitchen,bedroom_2,outside,outside,outside,outside,living,living,outside,living,living,outside,outside,outside,living,kitchen,kitchen,bedroom_3,bedroom_3,bathroom,outside,outside,outside
22320,d15 Tue 12:00,kitchen,kitchen,kitchen,kitchen,bedroom_2,outside,outside,outside,outside,living,living,outside,living,living,outside,outside,outside,living,kitchen,kitchen,bedroom_3,bedroom_3,bathroom,outside,outside,outside
22380,d15 Tue 13:00,kitchen,kitchen,kitchen,kitchen,bedroom_2,outside,outside,outside,outside,living,living,outside,living,living,outside,outside,outside,living,kitchen,kitchen,bedroom_3,bedroom_3,bathroom,outside,outside,outside
22440,d15 Tue 14:00,kitchen,kitchen,kitchen,kitchen,bedroom_2,outside,outside,outside,outside,living,living,outside,living,living,outside,outside,outside,living,kitchen,kitchen,bedroom_3,bedroom_3,bathroom,outside,outside,outside
22500,d15 Tue 15:00,kitchen,kitchen,kitchen,kitchen,bedroom_2,kitchen,outside,entry,kitchen,living,living,kitchen,living,living,entry,kitchen,kitchen,living,kitchen,kitchen,bedroom_3,bedroom_3,kitchen,kitchen,entry,outside
22560,d15 Tue 16:00,kitchen,kitchen,kitchen,kitchen,bedroom_2,kitchen,kitchen,entry,kitchen,living,living,kitchen,living,living,entry,kitchen,kitchen,living,kitchen,kitchen,bedroom_3,bedroom_3,kitchen,kitchen,entry,kitchen
22620,d15 Tue 17:00,kitchen,kitchen,kitchen,living,kitchen,kitchen,kitchen,entry,kitchen,living,living,kitchen,living,living,entry,kitchen,kitchen,kitchen,kitchen,kitchen,living,living,kitchen,kitchen,entry,kitchen
22680,d15 Tue 18:00,kitchen,kitchen,kitchen,living,bedroom_2,kitchen,living,entry,kitchen,living,living,kitchen,living,living,entry,kitchen,kitchen,living,kitchen,kitchen,living,living,kitchen,kitchen,entry,living
22740,d15 Tue 19:00,kitchen,kitchen,kitchen,kitchen,bedroom_2,living,living,entry,kitchen,living,living,kitchen,living,living,entry,kitchen,kitchen,living,kitchen,kitchen,living,bedroom_3,bathroom,kitchen,entry,living
22800,d15 Tue 20:00,kitchen,kitchen,kitchen,kitchen,bedroom_2,living,living,entry,kitchen,bedroom_3,living,kitchen,living,living,entry,kitchen,kitchen,living,kitchen,kitchen,living,bedroom_3,bathroom,kitchen,entry,living
22860,d15 Tue 21:00,kitchen,kitchen,kitchen,kitchen,bedroom_2,living,living,entry,kitchen,bedroom_3,living,kitchen,living,living,entry,kitchen,kitchen,living,kitchen,kitchen,living,bedroom_3,bathroom,kitchen,entry,living
22920,d15 Tue 22:00,kitchen,kitchen,kitchen,kitchen,bedroom_2,bedroom_1,living,entry,kitchen,bedroom_3,living,kitchen,living,living,entry,kitchen,kitchen,living,kitchen,kitchen,living,bedroom_3,bathroom,kitchen,entry,bedroom_2
22980,d15 Tue 23:00,kitchen,kitchen,kitchen,kitchen,bedroom_2,bedroom_1,living,entry,kitchen,bedroom_3,living,kitchen,living,living,entry,kitchen,kitchen,living,kitchen,kitchen,living,bedroom_3,bathroom,kitchen,entry,bedroom_2
23040,d16 Wed 00:00,kitchen,kitchen,kitchen,kitchen,bedroom_2,bedroom_1,living,entry,kitchen,bedroom_3,living,kitchen,living,living,entry,kitchen,kitchen,living,kitchen,kitchen,living,bedroom_3,bathroom,kitchen,entry,bedroom_2
23100,d16 Wed 01:00,kitchen,kitchen,kitchen,kitchen,bedroom_2,bedroom_1,living,entry,kitchen,bedroom_3,living,kitchen,living,living,entry,kitchen,kitchen,living,kitchen,kitchen,living,bedroom_3,bathroom,kitchen,entry,bedroom_2
23160,d16 Wed 02:00,kitchen,kitchen,kitchen,kitchen,bedroom_2,bedroom_1,living,entry,kitchen,bedroom_3,living,kitchen,living,living,entry,kitchen,kitchen,living,kitchen,kitchen,living,bedroom_3,bathroom,kitchen,entry,bedroom_2
23220,d16 Wed 03:00,kitchen,kitchen,kitchen,kitchen,bedroom_2,bedroom_1,living,entry,kitchen,bedroom_3,living,kitchen,living,living,entry,kitchen,kitchen,living,kitchen,kitchen,living,bedroom_3,bathroom,kitchen,entry,bedroom_2
23280,d16 Wed 04:00,kitchen,kitchen,kitchen,kitchen,bedroom_2,bedroom_1,living,entry,kitchen,bedroom_3,living,kitchen,living,living,entry,kitchen,kitchen,living,kitchen,kitchen,living,bedroom_3,bathroom,kitchen,entry,bedroom_2
23340,d16 Wed 05:00,kitchen,kitchen,kitchen,kitchen,bedroom_2,bedroom_1,living,entry,kitchen,bedroom_3,living,kitchen,living,living,entry,kitchen,kitchen,living,kitchen,kitchen,living,bedroom_3,bathroom,kitchen,entry,bedroom_2
23400,d16 Wed 06:00,kitchen,kitchen,kitchen,kitchen,bedroom_2,outside,outside,outside,outside,bedroom_3,bedroom_1,outside,living,living,outside,outside,kitchen,living,kitchen,kitchen,bedroom_3,bedroom_3,bathroom,outside,outside,outside
23460,d16 Wed 07:00,kitchen,kitchen,kitchen,kitchen,bedroom_2,outside,outside,outside,outside,bedroom_3,bedroom_1,outside,living,living,outside,outside,outside,living,kitchen,kitchen,bedroom_3,bedroom_3,bathroom,outside,outside,outside
23520,d16 Wed 08:00,kitchen,kitchen,kitchen,kitchen,bedroom_2,outside,outside,outside,outside,bedroom_3,bedroom_1,outside,living,living,outside,outside,outside,living,kitchen,kitchen,bedroom_3,bedroom_3,bathroom,outside,outside,outside
23580,d16 Wed 09:00,kitchen,kitchen,kitchen,kitchen,bedroom_2,outside,outside,outside,outside,bedroom_3,bedroom_1,outside,living,living,outside,outside,outside,living,kitchen,kitchen,bedroom_3,bedroom_3,bathroom,outside,outside,outside
23640,d16 Wed 10:00,kitchen,kitchen,kitchen,kitchen,bedroom_2,outside,outside,outside,outside,bedroom_3,bedroom_1,outside,living,living,outside,outside,outside,living,kitchen,kitchen,bedroom_3,bedroom_3,bathroom,outside,outside,outside
23700,d16 Wed 11:00,kitchen,kitchen,kitchen,kitchen,bedroom_2,outside,outside,outside,outside,bedroom_3,bedroom_1,outside,living,living,outside,outside,outside,living,kitchen,kitchen,bedroom_3,bedroom_3,bathroom,outside,outside,outside
23760,d16 Wed 12:00,kitchen,kitchen,kitchen,kitchen,bedroom_2,outside,outside,outside,outside,bedroom_3,bedroom_1,outside,living,living,outside,outside,outside,living,kitchen,kitchen,bedroom_3,bedroom_3,bathroom,outside,outside,outside
23820,d16 Wed 13:00,kitchen,kitchen,kitchen,kitchen,bedroom_2,outside,outside,outside,outside,bedroom_3,bedroom_1,outside,living,living,outside,outside,outside,living,kitchen,kitchen,bedroom_3,bedroom_3,bathroom,outside,outside,outside
23880,d16 Wed 14:00,kitchen,kitchen,kitchen,kitchen,bedroom_2,outside,outside,outside,outside,bedroom_3,bedroom_1,outside,living,living,outside,outside,outside,living,kitchen,kitchen,bedroom_3,bedroom_3,bathroom,outside,outside,outside
23940,d16 Wed 15:00,kitchen,kitchen,kitchen,living,bedroom_2,kitchen,outside,entry,kitchen,bedroom_3,bedroom_1,kitchen,living,living,entry,kitchen,kitchen,living,kitchen,kitchen,bedroom_3,living,kitchen,kitchen,entry,outside
24000,d16 Wed 16:00,kitchen,kitchen,kitchen,living,kitchen,kitchen,kitchen,entry,kitchen,bedroom_3,bedroom_1,kitchen,living,living,entry,kitchen,kitchen,kitchen,kitchen,kitchen,living,living,kitchen,kitchen,entry,kitchen
24060,d16 Wed 17:00,kitchen,kitchen,kitchen,living,kitchen,kitchen,kitchen,entry,kitchen,bedroom_3,bedroom_1,kitchen,living,living,entry,kitchen,kitchen,kitchen,kitchen,kitchen,living,living,kitchen,kitchen,entry,kitchen
24120,d16 Wed 18:00,kitchen,kitchen,kitchen,living,kitchen,kitchen,kitchen,entry,kitchen,bedroom_3,bedroom_1,kitchen,living,living,entry,kitchen,kitchen,kitchen,kitchen,kitchen,living,living,kitchen,kitchen,entry,kitchen
24180,d16 Wed 19:00,kitchen,kitchen,kitchen,kitchen,kitchen,living,living,entry,kitchen,living,living,kitchen,living,living,entry,kitchen,kitchen,kitchen,kitchen,kitchen,living,bedroom_3,bathroom,kitchen,entry,living
24240,d16 Wed 20:00,kitchen,kitchen,kitchen,kitchen,kitchen,living,living,entry,kitchen,living,living,kitchen,living,living,entry,kitchen,kitchen,kitchen,kitchen,kitchen,living,bedroom_3,bathroom,kitchen,entry,living
24300,d16 Wed 21:00,kitchen,kitchen,kitchen,kitchen,kitchen,living,living,entry,kitchen,bedroom_3,living,kitchen,living,living,entry,kitchen,kitchen,bedroom_2,kitchen,kitchen,living,bedroom_3,bathroom,kitchen,entry,living
24360,d16 Wed 22:00,kitchen,kitchen,kitchen,kitchen,kitchen,bedroom_1,living,entry,kitchen,bedroom_3,living,kitchen,living,living,entry,kitchen,kitchen,bedroom_2,kitchen,kitchen,living,bedroom_3,bathroom,kitchen,entry,bedroom_2
24420,d16 Wed 23:00,kitchen,kitchen,kitchen,kitchen,kitchen,bedroom_1,living,entry,kitchen,bedroom_3,living,kitchen,living,living,entry,kitchen,kitchen,bedroom_2,kitchen,kitchen,living,bedroom_3,bathroom,kitchen,entry,bedroom_2
24480,d17 Thu 00:00,kitchen,kitchen,kitchen,kitchen,kitchen,bedroom_1,living,entry,kitchen,bedroom_3,living,kitchen,living,living,entry,kitchen,kitchen,bedroom_2,kitchen,kitchen,living,bedroom_3,bathroom,kitchen,entry,bedroom_2
24540,d17 Thu 01:00,kitchen,kitchen,kitchen,kitchen,kitchen,bedroom_1,living,entry,kitchen,bedroom_3,living,kitchen,living,living,entry,kitchen,kitchen,bedroom_2,kitchen,kitchen,living,bedroom_3,bathroom,kitchen,entry,bedroom_2
24600,d17 Thu 02:00,kitchen,kitchen,kitchen,kitchen,kitchen,bedroom_1,living,entry,kitchen,bedroom_3,living,kitchen,living,living,entry,kitchen,kitchen,bedroom_2,kitchen,kitchen,living,bedroom_3,bathroom,kitchen,entry,bedroom_2
24660,d17 Thu 03:00,kitchen,kitchen,kitchen,kitchen,kitchen,bedroom_1,living,entry,kitchen,bedroom_3,living,kitchen,living,living,entry,kitchen,kitchen,bedroom_2,kitchen,kitchen,living,bedroom_3,bathroom,kitchen,entry,bedroom_2
24720,d17 Thu 04:00,kitchen,kitchen,kitchen,kitchen,kitchen,bedroom_1,living,entry,kitchen,bedroom_3,living,kitchen,living,living,entry,kitchen,kitchen,bedroom_2,kitchen,kitchen,living,bedroom_3,bathroom,kitchen,entry,bedroom_2
24780,d17 Thu 05:00,kitchen,kitchen,kitchen,kitchen,kitchen,bedroom_1,living,entry,kitchen,bedroom_3,living,kitchen,living,living,entry,kitchen,kitchen,bedroom_2,kitchen,kitchen,living,bedroom_3,bathroom,kitchen,entry,bedroom_2
24840,d17 Thu 06:00,kitchen,kitchen,kitchen,kitchen,kitchen,outside,outside,outside,outside,bedroom_3,bedroom_1,outside,living,living,outside,outside,kitchen,bedroom_2,kitchen,kitchen,bedroom_3,bedroom_3,bathroom,outside,outside,outside
24900,d17 Thu 07:00,kitchen,kitchen,kitchen,kitchen,kitchen,outside,outside,outside,outside,bedroom_3,bedroom_1,outside,living,living,outside,outside,outside,bedroom_2,kitchen,kitchen,bedroom_3,bedroom_3,bathroom,outside,outside,outside
24960,d17 Thu 08:00,kitchen,kitchen,kitchen,kitchen,kitchen,outside,outside,outside,outside,bedroom_3,bedroom_1,outside,living,living,outside,outside,outside,bedroom_2,kitchen,kitchen,bedroom_3,bedroom_3,bathroom,outside,outside,outside
25020,d17 Thu 09:00,kitchen,kitchen,kitchen,kitchen,kitchen,outside,outside,outside,outside,bedroom_3,bedroom_1,outside,living,living,outside,outside,outside,bedroom_2,kitchen,kitchen,bedroom_3,bedroom_3,bathroom,outside,outside,outside
25080,d17 Thu 10:00,kitchen,kitchen,kitchen,kitchen,kitchen,outside,outside,outside,outside,bedroom_3,bedroom_1,outside,living,living,outside,outside,outside,bedroom_2,kitchen,kitchen,bedroom_3,bedroom_3,bathroom,outside,outside,outside
25140,d17 Thu 11:00,kitchen,kitchen,kitchen,kitchen,kitchen,outside,outside,outside,outside,bedroom_3,bedroom_1,outside,living,living,outside,outside,outside,bedroom_2,kitchen,kitchen,bedroom_3,bedroom_3,bathroom,outside,outside,outside
25200,d17 Thu 12:00,kitchen,kitchen,kitchen,kitchen,kitchen,outside,outside,outside,outside,bedroom_3,bedroom_1,outside,living,living,outside,outside,outside,bedroom_2,kitchen,kitchen,bedroom_3,bedroom_3,bathroom,outside,outside,outside
25260,d17 Thu 13:00,kitchen,kitchen,kitchen,kitchen,kitchen,outside,outside,outside,outside,bedroom_3,bedroom_1,outside,living,living,outside,outside,outside,bedroom_2,kitchen,kitchen,bedroom_3,bedroom_3,bathroom,outside,outside,outside
25320,d17 Thu 14:00,kitchen,kitchen,kitchen,kitchen,kitchen,outside,outside,outside,outside,bedroom_3,bedroom_1,outside,living,living,outside,outside,outside,bedroom_2,kitchen,kitchen,bedroom_3,bedroom_3,bathroom,outside,outside,outside
25380,d17 Thu 15:00,kitchen,kitchen,kitchen,kitchen,kitchen,kitchen,outside,entry,kitchen,bedroom_3,bedroom_1,kitchen,living,living,entry,kitchen,kitchen,bedroom_2,kitchen,kitchen,bedroom_3,bedroom_3,kitchen,kitchen,entry,outside
25440,d17 Thu 16:00,kitchen,kitchen,kitchen,kitchen,kitchen,living,kitchen,entry,kitchen,bedroom_3,bedroom_1,kitchen,bedroom_3,living,entry,kitchen,kitchen,kitchen,kitchen,kitchen,bedroom_3,bedroom_3,kitchen,kitchen,entry,kitchen
25500,d17 Thu 17:00,kitchen,kitchen,kitchen,living,kitchen,living,kitchen,entry,kitchen,bedroom_3,bedroom_1,kitchen,living,living,entry,kitchen,kitchen,kitchen,kitchen,kitchen,living,living,kitchen,kitchen,entry,kitchen
25560,d17 Thu 18:00,kitchen,kitchen,kitchen,living,kitchen,living,kitchen,entry,kitchen,bedroom_3,bedroom_1,kitchen,living,living,entry,kitchen,kitchen,kitchen,kitchen,kitchen,living,living,kitchen,kitchen,entry,kitchen
25620,d17 Thu 19:00,kitchen,kitchen,kitchen,kitchen,kitchen,living,living,entry,kitchen,living,living,kitchen,living,living,entry,kitchen,kitchen,kitchen,kitchen,kitchen,living,bedroom_3,kitchen,kitchen,entry,kitchen
25680,d17 Thu 20:00,kitchen,kitchen,kitchen,kitchen,kitchen,living,living,entry,kitchen,living,living,kitchen,living,living,entry,kitchen,kitchen,kitchen,kitchen,kitchen,living,bedroom_3,kitchen,kitchen,entry,living
25740,d17 Thu 21:00,kitchen,kitchen,kitchen,kitchen,kitchen,living,living,entry,kitchen,living,living,kitchen,living,living,entry,kitchen,kitchen,kitchen,kitchen,kitchen,living,bedroom_3,kitchen,kitchen,entry,living
25800,d17 Thu 22:00,kitchen,kitchen,kitchen,kitchen,kitchen,living,living,entry,kitchen,bedroom_3,living,kitchen,living,living,entry,kitchen,kitchen,bedroom_2,kitchen,kitchen,living,bedroom_3,kitchen,kitchen,entry,bedroom_2
25860,d17 Thu 23:00,kitchen,kitchen,kitchen,kitchen,kitchen,living,living,entry,kitchen,bedroom_3,living,kitchen,living,living,entry,kitchen,kitchen,bedroom_2,kitchen,kitchen,living,bedroom_3,kitchen,kitchen,entry,bedroom_2
25920,d18 Fri 00:00,kitchen,kitchen,kitchen,kitchen,kitchen,living,living,entry,kitchen,bedroom_3,living,kitchen,living,living,entry,kitchen,kitchen,bedroom_2,kitchen,kitchen,living,bedroom_3,kitchen,kitchen,entry,bedroom_2
25980,d18 Fri 01:00,kitchen,kitchen,kitchen,kitchen,kitchen,living,living,entry,kitchen,bedroom_3,living,kitchen,living,living,entry,kitchen,kitchen,bedroom_2,kitchen,kitchen,living,bedroom_3,kitchen,kitchen,entry,bedroom_2
26040,d18 Fri 02:00,kitchen,kitchen,kitchen,kitchen,kitchen,living,living,entry,kitchen,bedroom_3,living,kitchen,living,living,entry,kitchen,kitchen,bedroom_2,kitchen,kitchen,living,bedroom_3,kitchen,kitchen,entry,bedroom_2
26100,d18 Fri 03:00,kitchen,kitchen,kitchen,kitchen,kitchen,living,living,entry,kitchen,bedroom_3,living,kitchen,living,living,entry,kitchen,kitchen,bedroom_2,kitchen,kitchen,living,bedroom_3,kitchen,kitchen,entry,bedroom_2
26160,d18 Fri 04:00,kitchen,kitchen,kitchen,kitchen,kitchen,living,living,entry,kitchen,bedroom_3,living,kitchen,living,living,entry,kitchen,kitchen,bedroom_2,kitchen,kitchen,living,bedroom_3,kitchen,kitchen,entry,bedroom_2
26220,d18 Fri 05:00,kitchen,kitchen,kitchen,kitchen,kitchen,living,living,entry,kitchen,bedroom_3,living,kitchen,living,living,entry,kitchen,kitchen,bedroom_2,kitchen,kitchen,living,bedroom_3,kitchen,kitchen,entry,bedroom_2
26280,d18 Fri 06:00,kitchen,kitchen,kitchen,kitchen,kitchen,outside,outside,outside,outside,bedroom_3,bedroom_1,outside,living,living,outside,outside,kitchen,bedroom_2,kitchen,kitchen,bedroom_3,bedroom_3,kitchen,outside,outside,outside
26340,d18 Fri 07:00,kitchen,kitchen,kitchen,kitchen,kitchen,outside,outside,outside,outside,bedroom_3,bedroom_1,outside,living,living,outside,outside,outside,kitchen,kitchen,kitchen,bedroom_3,bedroom_3,kitchen,outside,outside,outside
26400,d18 Fri 08:00,kitchen,kitchen,kitchen,kitchen,kitchen,outside,outside,outside,outside,bedroom_3,bedroom_1,outside,living,living,outside,outside,outside,kitchen,kitchen,kitchen,bedroom_3,bedroom_3,kitchen,outside,outside,outside
26460,d18 Fri 09:00,kitchen,kitchen,kitchen,kitchen,kitchen,outside,outside,outside,outside,bedroom_3,bedroom_1,outside,living,living,outside,outside,outside,kitchen,kitchen,kitchen,bedroom_3,bedroom_3,kitchen,outside,outside,outside
26520,d18 Fri 10:00,kitchen,kitchen,kitchen,kitchen,kitchen,outside,outside,outside,outside,bedroom_3,bedroom_1,outside,living,living,outside,outside,outside,kitchen,kitchen,kitchen,bedroom_3,bedroom_3,kitchen,outside,outside,outside
26580,d18 Fri 11:00,kitchen,kitchen,kitchen,kitchen,kitchen,outside,outside,outside,outside,bedroom_3,bedroom_1,outside,living,living,outside,outside,outside,kitchen,kitchen,kitchen,bedroom_3,bedroom_3,kitchen,outside,outside,outside
26640,d18 Fri 12:00,kitchen,kitchen,kitchen,kitchen,kitchen,outside,outside,outside,outside,bedroom_3,bedroom_1,outside,living,living,outside,outside,outside,kitchen,kitchen,kitchen,bedroom_3,bedroom_3,kitchen,outside,outside,outside
26700,d18 Fri 13:00,kitchen,kitchen,kitchen,kitchen,kitchen,outside,outside,outside,outside,bedroom_3,bedroom_1,outside,living,living,outside,outside,outside,kitchen,kitchen,kitchen,bedroom_3,bedroom_3,kitchen,outside,outside,outside
26760,d18 Fri 14:00,kitchen,kitchen,kitchen,kitchen,kitchen,outside,outside,outside,outside,bedroom_3,bedroom_1,outside,living,living,outside,outside,outside,kitchen,kitchen,kitchen,bedroom_3,bedroom_3,kitchen,outside,outside,outside
26820,d18 Fri 15:00,kitchen,kitchen,kitchen,kitchen,kitchen,kitchen,outside,entry,kitchen,bedroom_3,bedroom_1,kitchen,living,living,entry,kitchen,kitchen,kitchen,kitchen,kitchen,bedroom_3,bedroom_3,kitchen,kitchen,entry,outside
26880,d18 Fri 16:00,kitchen,kitchen,kitchen,kitchen,kitchen,kitchen,outside,entry,kitchen,bedroom_3,bedroom_1,kitchen,living,living,entry,kitchen,kitchen,kitchen,kitchen,kitchen,bedroom_3,bedroom_3,kitchen,kitchen,entry,outside
26940,d18 Fri 17:00,kitchen,kitchen,kitchen,living,kitchen,kitchen,kitchen,entry,kitchen,bedroom_3,bedroom_1,kitchen,living,living,entry,kitchen,kitchen,kitchen,kitchen,kitchen,living,living,kitchen,kitchen,entry,kitchen
27000,d18 Fri 18:00,kitchen,kitchen,kitchen,living,kitchen,kitchen,living,entry,kitchen,living,living,kitchen,living,living,entry,kitchen,kitchen,kitchen,kitchen,kitchen,living,living,kitchen,kitchen,entry,living
27060,d18 Fri 19:00,kitchen,kitchen,kitchen,living,kitchen,kitchen,living,entry,kitchen,living,living,kitchen,living,living,entry,kitchen,kitchen,kitchen,kitchen,kitchen,living,living,kitchen,kitchen,entry,living
27120,d18 Fri 20:00,kitchen,kitchen,kitchen,kitchen,kitchen,living,living,entry,kitchen,living,living,kitchen,living,living,entry,kitchen,kitchen,kitchen,kitchen,kitchen,living,bedroom_3,kitchen,kitchen,entry,living
27180,d18 Fri 21:00,kitchen,kitchen,kitchen,kitchen,kitchen,living,living,entry,kitchen,living,living,kitchen,living,living,entry,kitchen,kitchen,living,kitchen,kitchen,living,bedroom_3,kitchen,kitchen,entry,living
27240,d18 Fri 22:00,kitchen,kitchen,kitchen,kitchen,kitchen,kitchen,living,entry,kitchen,living,living,kitchen,living,living,entry,kitchen,kitchen,living,kitchen,kitchen,living,bedroom_3,kitchen,kitchen,entry,bedroom_2
27300,d18 Fri 23:00,kitchen,kitchen,kitchen,kitchen,kitchen,kitchen,living,entry,kitchen,living,living,kitchen,living,living,entry,kitchen,kitchen,living,kitchen,kitchen,living,bedroom_3,kitchen,kitchen,entry,bedroom_2
27360,d19 Sat 00:00,kitchen,kitchen,kitchen,kitchen,kitchen,kitchen,living,entry,kitchen,living,living,kitchen,living,living,entry,kitchen,kitchen,living,kitchen,kitchen,living,bedroom_3,kitchen,kitchen,entry,bedroom_2
27420,d19 Sat 01:00,kitchen,kitchen,kitchen,kitchen,kitchen,kitchen,living,entry,kitchen,living,living,kitchen,living,living,entry,kitchen,kitchen,living,kitchen,kitchen,living,bedroom_3,kitchen,kitchen,entry,bedroom_2
27480,d19 Sat 02:00,kitchen,kitchen,kitchen,kitchen,kitchen,kitchen,living,entry,kitchen,living,living,kitchen,living,living,entry,kitchen,kitchen,living,kitchen,kitchen,living,bedroom_3,kitchen,kitchen,entry,bedroom_2
27540,d19 Sat 03:00,kitchen,kitchen,kitchen,kitchen,kitchen,kitchen,living,entry,kitchen,living,living,kitchen,living,living,entry,kitchen,kitchen,living,kitchen,kitchen,living,bedroom_3,kitchen,kitchen,entry,bedroom_2
27600,d19 Sat 04:00,kitchen,kitchen,kitchen,kitchen,kitchen,kitchen,living,entry,kitchen,living,living,kitchen,living,living,entry,kitchen,kitchen,living,kitchen,kitchen,living,bedroom_3,kitchen,kitchen,entry,bedroom_2
27660,d19 Sat 05:00,kitchen,kitchen,kitchen,kitchen,kitchen,kitchen,living,entry,kitchen,living,living,kitchen,living,living,entry,kitchen,kitchen,living,kitchen,kitchen,living,bedroom_3,kitchen,kitchen,entry,bedroom_2
27720,d19 Sat 06:00,kitchen,kitchen,kitchen,kitchen,kitchen,kitchen,living,entry,kitchen,living,living,kitchen,living,living,entry,kitchen,kitchen,living,kitchen,kitchen,bedroom_3,bedroom_3,kitchen,kitchen,entry,bedroom_2
27780,d19 Sat 07:00,kitchen,kitchen,kitchen,kitchen,kitchen,kitchen,living,entry,kitchen,living,living,kitchen,living,living,entry,kitchen,kitchen,living,kitchen,kitchen,bedroom_3,bedroom_3,kitchen,kitchen,entry,bedroom_2
27840,d19 Sat 08:00,kitchen,kitchen,kitchen,kitchen,kitchen,kitchen,living,entry,kitchen,living,living,kitchen,living,living,entry,kitchen,kitchen,living,kitchen,kitchen,bedroom_3,bedroom_3,kitchen,kitchen,entry,bedroom_2
27900,d19 Sat 09:00,kitchen,kitchen,kitchen,kitchen,kitchen,kitchen,living,entry,kitchen,living,living,kitchen,living,living,entry,kitchen,kitchen,kitchen,kitchen,kitchen,bedroom_3,bedroom_3,kitchen,kitchen,entry,bedroom_2
27960,d19 Sat 10:00,kitchen,kitchen,kitchen,kitchen,bedroom_2,kitchen,living,entry,kitchen,living,living,kitchen,living,living,entry,kitchen,kitchen,kitchen,kitchen,kitchen,bedroom_3,bedroom_3,kitchen,kitchen,entry,bedroom_2
28020,d19 Sat 11:00,kitchen,kitchen,kitchen,kitchen,bedroom_2,kitchen,living,entry,kitchen,living,living,kitchen,living,living,entry,kitchen,kitchen,kitchen,kitchen,kitchen,bedroom_3,bedroom_3,kitchen,kitchen,entry,bedroom_2
28080,d19 Sat 12:00,kitchen,kitchen,kitchen,kitchen,bedroom_2,kitchen,living,entry,kitchen,living,living,kitchen,living,living,entry,kitchen,kitchen,kitchen,kitchen,kitchen,bedroom_3,bedroom_3,kitchen,kitchen,entry,bedroom_2
28140,d19 Sat 13:00,kitchen,kitchen,kitchen,kitchen,bedroom_2,kitchen,living,entry,kitchen,living,living,kitchen,living,living,entry,kitchen,kitchen,kitchen,kitchen,kitchen,bedroom_3,bedroom_3,kitchen,kitchen,entry,bedroom_2
28200,d19 Sat 14:00,kitchen,kitchen,kitchen,kitchen,bedroom_2,kitchen,living,entry,kitchen,living,living,kitchen,living,living,entry,kitchen,kitchen,kitchen,kitchen,kitchen,bedroom_3,bedroom_3,kitchen,kitchen,entry,bedroom_2
28260,d19 Sat 15:00,kitchen,kitchen,kitchen,kitchen,bedroom_2,kitchen,living,entry,kitchen,living,living,kitchen,living,living,entry,kitchen,kitchen,kitchen,kitchen,kitchen,bedroom_3,bedroom_3,kitchen,kitchen,entry,bedroom_2
28320,d19 Sat 16:00,kitchen,kitchen,kitchen,living,bedroom_2,kitchen,living,entry,kitchen,living,living,kitchen,living,living,entry,kitchen,kitchen,kitchen,kitchen,kitchen,bedroom_3,living,kitchen,kitchen,entry,bedroom_2
28380,d19 Sat 17:00,kitchen,kitchen,kitchen,living,bedroom_2,kitchen,living,entry,kitchen,living,living,bedroom_3,living,living,entry,kitchen,kitchen,kitchen,kitchen,kitchen,bedroom_3,living,kitchen,kitchen,entry,kitchen
28440,d19 Sat 18:00,kitchen,kitchen,kitchen,living,bedroom_2,kitchen,living,entry,kitchen,living,living,bedroom_3,living,living,entry,kitchen,kitchen,kitchen,kitchen,kitchen,bedroom_3,living,kitchen,kitchen,entry,living
28500,d19 Sat 19:00,kitchen,kitchen,kitchen,living,bedroom_2,kitchen,living,entry,kitchen,living,living,bedroom_3,living,living,entry,kitchen,kitchen,living,kitchen,kitchen,living,living,kitchen,kitchen,entry,living
28560,d19 Sat 20:00,kitchen,kitchen,kitchen,living,bedroom_2,kitchen,living,entry,kitchen,living,living,bedroom_3,living,living,entry,kitchen,kitchen,living,kitchen,kitchen,living,living,kitchen,kitchen,entry,living
28620,d19 Sat 21:00,kitchen,kitchen,kitchen,living,bedroom_2,kitchen,living,entry,kitchen,living,living,bedroom_3,living,living,entry,kitchen,kitchen,living,kitchen,kitchen,living,living,kitchen,kitchen,entry,living
28680,d19 Sat 22:00,kitchen,kitchen,kitchen,kitchen,bedroom_2,kitchen,living,entry,kitchen,living,living,bedroom_3,living,living,entry,kitchen,kitchen,living,kitchen,kitchen,living,bedroom_3,bathroom,kitchen,entry,living
28740,d19 Sat 23:00,kitchen,kitchen,kitchen,kitchen,bedroom_2,kitchen,living,entry,kitchen,living,living,bedroom_3,living,living,entry,kitchen,kitchen,living,kitchen,kitchen,living,bedroom_3,bathroom,kitchen,entry,living
28800,d20 Sun 00:00,kitchen,kitchen,kitchen,kitchen,bedroom_2,kitchen,living,entry,kitchen,living,living,bedroom_3,living,living,entry,kitchen,kitchen,living,kitchen,kitchen,living,bedroom_3,bathroom,kitchen,entry,bedroom_2
28860,d20 Sun 01:00,kitchen,kitchen,kitchen,kitchen,bedroom_2,kitchen,living,entry,kitchen,living,living,bedroom_3,living,living,entry,kitchen,kitchen,living,kitchen,kitchen,living,bedroom_3,bathroom,kitchen,entry,bedroom_2
28920,d20 Sun 02:00,kitchen,kitchen,kitchen,kitchen,bedroom_2,kitchen,living,entry,kitchen,living,living,bedroom_3,living,living,entry,kitchen,kitchen,living,kitchen,kitchen,living,bedroom_3,bathroom,kitchen,entry,bedroom_2
28980,d20 Sun 03:00,kitchen,kitchen,kitchen,kitchen,bedroom_2,kitchen,living,entry,kitchen,living,living,bedroom_3,living,living,entry,kitchen,kitchen,living,kitchen,kitchen,living,bedroom_3,bathroom,kitchen,entry,bedroom_2
29040,d20 Sun 04:00,kitchen,kitchen,kitchen,kitchen,bedroom_2,kitchen,living,entry,kitchen,living,living,bedroom_3,living,living,entry,kitchen,kitchen,living,kitchen,kitchen,living,bedroom_3,bathroom,kitchen,entry,bedroom_2
29100,d20 Sun 05:00,kitchen,kitchen,kitchen,kitchen,bedroom_2,kitchen,living,entry,kitchen,living,living,bedroom_3,living,living,entry,kitchen,kitchen,living,kitchen,kitchen,living,bedroom_3,bathroom,kitchen,entry,bedroom_2
29160,d20 Sun 06:00,kitchen,kitchen,kitchen,kitchen,bedroom_2,kitchen,living,entry,kitchen,living,living,bedroom_3,living,living,entry,kitchen,kitchen,living,kitchen,kitchen,living,bedroom_3,bathroom,kitchen,entry,bedroom_2
29220,d20 Sun 07:00,kitchen,kitchen,kitchen,kitchen,bedroom_2,kitchen,living,entry,kitchen,living,bedroom_1,bedroom_3,living,living,entry,kitchen,kitchen,living,kitchen,kitchen,bedroom_3,bedroom_3,bathroom,kitchen,entry,bedroom_2
29280,d20 Sun 08:00,kitchen,kitchen,kitchen,kitchen,bedroom_2,kitchen,living,entry,kitchen,living,bedroom_1,bedroom_3,living,living,entry,kitchen,kitchen,living,kitchen,kitchen,bedroom_3,bedroom_3,bathroom,kitchen,entry,bedroom_2
29340,d20 Sun 09:00,kitchen,kitchen,kitchen,kitchen,bedroom_2,kitchen,living,entry,kitchen,living,bedroom_1,bedroom_3,living,living,entry,kitchen,kitchen,living,kitchen,kitchen,bedroom_3,bedroom_3,bathroom,kitchen,entry,bedroom_2
29400,d20 Sun 10:00,kitchen,kitchen,kitchen,kitchen,bedroom_2,kitchen,living,entry,kitchen,living,bedroom_1,bedroom_3,living,living,entry,kitchen,kitchen,living,kitchen,kitchen,bedroom_3,bedroom_3,bathroom,kitchen,entry,bedroom_2
29460,d20 Sun 11:00,kitchen,kitchen,kitchen,kitchen,bedroom_2,kitchen,living,entry,kitchen,living,bedroom_1,kitchen,living,living,entry,kitchen,kitchen,living,kitchen,kitchen,bedroom_3,bedroom_3,bathroom,kitchen,entry,bedroom_2
29520,d20 Sun 12:00,kitchen,kitchen,kitchen,kitchen,kitchen,kitchen,living,entry,kitchen,living,bedroom_1,kitchen,living,living,entry,kitchen,kitchen,kitchen,kitchen,kitchen,bedroom_3,bedroom_3,bathroom,kitchen,entry,bedroom_2
29580,d20 Sun 13:00,kitchen,kitchen,kitchen,kitchen,kitchen,kitchen,living,entry,kitchen,living,bedroom_1,kitchen,living,living,entry,kitchen,kitchen,kitchen,kitchen,kitchen,bedroom_3,bedroom_3,bathroom,kitchen,entry,bedroom_2
29640,d20 Sun 14:00,kitchen,kitchen,kitchen,kitchen,kitchen,kitchen,living,entry,kitchen,living,bedroom_1,kitchen,living,living,entry,kitchen,kitchen,kitchen,kitchen,kitchen,bedroom_3,bedroom_3,bathroom,kitchen,entry,bedroom_2
29700,d20 Sun 15:00,kitchen,kitchen,kitchen,living,kitchen,kitchen,living,entry,kitchen,living,bedroom_1,kitchen,living,living,entry,kitchen,kitchen,kitchen,kitchen,kitchen,bedroom_3,living,bathroom,kitchen,entry,bedroom_2
29760,d20 Sun 16:00,kitchen,kitchen,kitchen,living,kitchen,kitchen,living,entry,kitchen,living,bedroom_1,kitchen,living,living,entry,kitchen,kitchen,kitchen,kitchen,kitchen,bedroom_3,living,bathroom,kitchen,entry,bedroom_2
29820,d20 Sun 17:00,kitchen,kitchen,kitchen,living,kitchen,kitchen,living,entry,kitchen,living,bedroom_1,kitchen,living,living,entry,kitchen,kitchen,kitchen,kitchen,kitchen,bedroom_3,living,bathroom,kitchen,entry,kitchen
29880,d20 Sun 18:00,kitchen,kitchen,kitchen,living,kitchen,kitchen,living,entry,kitchen,living,bedroom_1,kitchen,living,living,entry,kitchen,kitchen,living,kitchen,kitchen,living,living,bathroom,kitchen,entry,kitchen
29940,d20 Sun 19:00,kitchen,kitchen,kitchen,kitchen,kitchen,kitchen,living,entry,kitchen,living,living,kitchen,living,living,entry,kitchen,kitchen,living,kitchen,kitchen,living,bedroom_3,bathroom,kitchen,entry,kitchen
30000,d20 Sun 20:00,kitchen,kitchen,kitchen,kitchen,kitchen,kitchen,living,entry,kitchen,living,living,kitchen,living,living,entry,kitchen,kitchen,living,kitchen,kitchen,living,bedroom_3,bathroom,kitchen,entry,living
30060,d20 Sun 21:00,kitchen,kitchen,kitchen,kitchen,kitchen,kitchen,living,entry,kitchen,living,living,kitchen,living,living,entry,kitchen,kitchen,living,kitchen,kitchen,living,bedroom_3,bathroom,kitchen,entry,bedroom_2
30120,d20 Sun 22:00,kitchen,kitchen,kitchen,kitchen,kitchen,kitchen,living,entry,kitchen,living,living,kitchen,living,living,entry,kitchen,kitchen,living,kitchen,kitchen,living,bedroom_3,bathroom,kitchen,entry,bedroom_2
30180,d20 Sun 23:00,kitchen,kitchen,kitchen,kitchen,kitchen,kitchen,living,entry,kitchen,living,living,kitchen,living,living,entry,kitchen,kitchen,living,kitchen,kitchen,living,bedroom_3,bathroom,kitchen,entry,bedroom_2
