t,stamp,mug_1,mug_2,mug_3,mug_4,laptop_1,laptop_2,phone_1,phone_2,phone_3,phone_4,keys_1,keys_2,book_1,book_2,book_3,book_4,water_bottle_1,water_bottle_2,water_bottle_3,water_bottle_4,remote_1,charger_1,charger_2,backpack_1,backpack_2,jacket_1,jacket_2,jacket_3,jacket_4,headphones_1,headphones_2,glasses_1,glasses_2,notebook_1,notebook_2,notebook_3,notebook_4,pen_1,pen_2,pen_3
0,d00 Mon 00:00,kitchen,kitchen,kitchen,kitchen,bedroom_1,bedroom_2,kitchen,kitchen,outside,bedroom_2,entry,entry,bedroom_1,bedroom_2,outside,bedroom_2,bedroom_1,kitchen,outside,living,living,bedroom_1,kitchen,entry,entry,entry,entry,entry,entry,bedroom_1,bedroom_2,bedroom_1,bedroom_2,bedroom_1,bedroom_2,outside,living,bedroom_1,bedroom_2,outside
60,d00 Mon 01:00,kitchen,kitchen,kitchen,kitchen,bedroom_1,bedroom_2,kitchen,kitchen,outside,bedroom_2,entry,entry,bedroom_1,bedroom_2,outside,bedroom_2,bedroom_1,kitchen,outside,living,living,bedroom_1,kitchen,entry,entry,entry,entry,entry,entry,bedroom_1,bedroom_2,bedroom_1,bedroom_2,bedroom_1,bedroom_2,outside,living,bedroom_1,bedroom_2,outside
120,d00 Mon 02:00,kitchen,kitchen,kitchen,kitchen,bedroom_1,bedroom_2,kitchen,kitchen,outside,bedroom_2,entry,entry,bedroom_1,bedroom_2,outside,bedroom_2,bedroom_1,kitchen,outside,living,living,bedroom_1,kitchen,entry,entry,entry,entry,entry,entry,bedroom_1,bedroom_2,bedroom_1,bedroom_2,bedroom_1,bedroom_2,outside,living,bedroom_1,bedroom_2,outside
180,d00 Mon 03:00,kitchen,kitchen,kitchen,kitchen,bedroom_1,bedroom_2,kitchen,kitchen,outside,bedroom_2,entry,entry,bedroom_1,bedroom_2,outside,bedroom_2,bedroom_1,kitchen,outside,living,living,bedroom_1,kitchen,entry,entry,entry,entry,entry,entry,bedroom_1,bedroom_2,bedroom_1,bedroom_2,bedroom_1,bedroom_2,outside,living,bedroom_1,bedroom_2,outside
240,d00 Mon 04:00,kitchen,kitchen,kitchen,kitchen,bedroom_1,bedroom_2,kitchen,kitchen,outside,bedroom_2,entry,entry,bedroom_1,bedroom_2,outside,bedroom_2,bedroom_1,kitchen,outside,living,living,bedroom_1,kitchen,entry,entry,entry,entry,entry,entry,bedroom_1,bedroom_2,bedroom_1,bedroom_2,bedroom_1,bedroom_2,outside,living,bedroom_1,bedroom_2,outside
300,d00 Mon 05:00,kitchen,kitchen,kitchen,kitchen,bedroom_1,bedroom_2,kitchen,kitchen,outside,bedroom_2,entry,entry,bedroom_1,bedroom_2,outside,bedroom_2,bedroom_1,kitchen,outside,living,living,bedroom_1,kitchen,entry,entry,entry,entry,entry,entry,bedroom_1,bedroom_2,bedroom_1,bedroom_2,bedroom_1,bedroom_2,outside,living,bedroom_1,bedroom_2,outside
360,d00 Mon 06:00,kitchen,kitchen,kitchen,kitchen,bedroom_1,bedroom_2,kitchen,kitchen,outside,bedroom_2,entry,entry,bedroom_1,bedroom_2,outside,bedroom_2,bedroom_1,kitchen,outside,living,living,bedroom_1,kitchen,entry,entry,entry,entry,entry,entry,bedroom_1,bedroom_2,bedroom_1,bedroom_2,bedroom_1,bedroom_2,outside,living,bedroom_1,bedroom_2,outside
420,d00 Mon 07:00,kitchen,kitchen,kitchen,kitchen,bedroom_1,bedroom_2,kitchen,kitchen,outside,bedroom_2,entry,entry,bedroom_1,bedroom_2,outside,bedroom_2,bedroom_1,kitchen,outside,living,living,bedroom_1,kitchen,entry,entry,entry,entry,entry,entry,bedroom_1,bedroom_2,bedroom_1,bedroom_2,bedroom_1,bedroom_2,outside,living,bedroom_1,bedroom_2,outside
480,d00 Mon 08:00,kitchen,kitchen,entry,kitchen,kitchen,bedroom_2,kitchen,outside,outside,bedroom_2,kitchen,entry,kitchen,bedroom_2,outside,bedroom_2,bedroom_1,kitchen,outside,living,living,kitchen,kitchen,entry,entry,kitchen,entry,entry,living,kitchen,bedroom_2,kitchen,bedroom_2,kitchen,bedroom_2,outside,living,kitchen,bedroom_2,outside
540,d00 Mon 09:00,kitchen,kitchen,entry,kitchen,bedroom_1,bedroom_2,kitchen,outside,outside,bedroom_2,kitchen,entry,kitchen,bedroom_2,outside,bedroom_2,bedroom_1,kitchen,outside,living,living,living,kitchen,entry,entry,kitchen,entry,entry,living,kitchen,bedroom_2,kitchen,bedroom_2,kitchen,bedroom_2,outside,living,kitchen,bedroom_2,outside
600,d00 Mon 10:00,kitchen,kitchen,entry,kitchen,bedroom_1,bedroom_2,kitchen,outside,outside,bedroom_2,kitchen,entry,kitchen,bedroom_2,outside,bedroom_2,bedroom_1,kitchen,outside,living,living,living,kitchen,entry,entry,kitchen,entry,entry,living,kitchen,bedroom_2,kitchen,bedroom_2,kitchen,bedroom_2,outside,living,kitchen,bedroom_2,outside
660,d00 Mon 11:00,kitchen,kitchen,entry,kitchen,bedroom_1,bedroom_2,kitchen,outside,outside,bedroom_2,kitchen,entry,kitchen,bedroom_2,outside,bedroom_2,bedroom_1,kitchen,outside,living,living,living,kitchen,entry,entry,kitchen,entry,entry,living,kitchen,bedroom_2,kitchen,bedroom_2,kitchen,bedroom_2,outside,living,kitchen,bedroom_2,outside
720,d00 Mon 12:00,kitchen,kitchen,entry,kitchen,living,bedroom_2,kitchen,outside,outside,bedroom_2,kitchen,entry,kitchen,bedroom_2,outside,bedroom_2,bedroom_1,kitchen,outside,living,living,bedroom_1,kitchen,entry,entry,kitchen,entry,entry,living,kitchen,bedroom_2,kitchen,bedroom_2,kitchen,bedroom_2,outside,living,kitchen,bedroom_2,outside
780,d00 Mon 13:00,kitchen,kitchen,entry,kitchen,living,bedroom_2,kitchen,outside,outside,bedroom_2,kitchen,entry,kitchen,bedroom_2,outside,bedroom_2,bedroom_1,kitchen,outside,living,living,bedroom_1,kitchen,entry,entry,kitchen,entry,entry,living,kitchen,bedroom_2,kitchen,bedroom_2,kitchen,bedroom_2,outside,living,kitchen,bedroom_2,outside
840,d00 Mon 14:00,kitchen,kitchen,entry,kitchen,living,bedroom_2,kitchen,outside,outside,bedroom_2,kitchen,entry,kitchen,bedroom_2,outside,bedroom_2,bedroom_1,kitchen,outside,living,living,bedroom_1,kitchen,entry,entry,kitchen,entry,entry,living,kitchen,bedroom_2,kitchen,bedroom_2,kitchen,bedroom_2,outside,living,kitchen,bedroom_2,outside
900,d00 Mon 15:00,kitchen,kitchen,kitchen,living,living,bedroom_2,kitchen,outside,kitchen,living,kitchen,entry,kitchen,bedroom_2,kitchen,living,bedroom_1,kitchen,kitchen,living,living,bedroom_1,kitchen,entry,entry,kitchen,entry,entry,living,kitchen,bedroom_2,kitchen,bedroom_2,kitchen,bedroom_2,kitchen,living,kitchen,bedroom_2,kitchen
960,d00 Mon 16:00,kitchen,kitchen,kitchen,living,living,bedroom_2,kitchen,outside,kitchen,living,kitchen,entry,kitchen,bedroom_2,kitchen,living,bedroom_1,kitchen,kitchen,living,living,bedroom_1,kitchen,entry,entry,kitchen,entry,entry,living,kitchen,bedroom_2,kitchen,bedroom_2,kitchen,bedroom_2,kitchen,living,kitchen,bedroom_2,kitchen
1020,d00 Mon 17:00,kitchen,kitchen,kitchen,living,living,bedroom_2,kitchen,outside,kitchen,living,kitchen,entry,kitchen,bedroom_2,kitchen,living,bedroom_1,kitchen,kitchen,living,living,bedroom_1,kitchen,entry,entry,kitchen,entry,entry,living,kitchen,bedroom_2,kitchen,bedroom_2,kitchen,bedroom_2,kitchen,living,kitchen,bedroom_2,kitchen
1080,d00 Mon 18:00,kitchen,kitchen,kitchen,living,living,bedroom_2,kitchen,outside,kitchen,living,kitchen,entry,kitchen,bedroom_2,kitchen,living,kitchen,kitchen,kitchen,living,living,bedroom_1,kitchen,entry,entry,kitchen,entry,entry,living,kitchen,bedroom_2,kitchen,living,kitchen,bedroom_2,kitchen,living,kitchen,bedroom_2,kitchen
1140,d00 Mon 19:00,kitchen,living,kitchen,living,living,living,kitchen,living,living,living,kitchen,entry,kitchen,living,kitchen,living,kitchen,kitchen,kitchen,living,living,bedroom_1,living,entry,entry,kitchen,entry,entry,living,kitchen,living,kitchen,living,kitchen,living,kitchen,living,kitchen,living,kitchen
1200,d00 Mon 20:00,kitchen,living,kitchen,living,living,living,kitchen,living,living,living,kitchen,entry,kitchen,living,kitchen,living,kitchen,kitchen,kitchen,living,living,bedroom_1,living,entry,entry,kitchen,entry,entry,living,kitchen,living,kitchen,living,kitchen,living,kitchen,living,kitchen,living,kitchen
1260,d00 Mon 21:00,kitchen,living,kitchen,living,living,living,kitchen,living,living,living,kitchen,entry,kitchen,living,kitchen,living,kitchen,kitchen,kitchen,living,living,bedroom_1,living,entry,entry,kitchen,entry,entry,living,kitchen,living,kitchen,living,kitchen,living,kitchen,living,kitchen,living,kitchen
1320,d00 Mon 22:00,kitchen,kitchen,kitchen,kitchen,bedroom_1,bedroom_2,bedroom_1,kitchen,bedroom_3,bedroom_2,entry,entry,bedroom_1,kitchen,kitchen,bedroom_2,bedroom_1,kitchen,kitchen,living,living,bedroom_1,kitchen,entry,entry,kitchen,entry,entry,entry,bedroom_1,bedroom_2,bedroom_1,bedroom_2,bedroom_1,bedroom_2,kitchen,living,bedroom_1,bedroom_2,kitchen
1380,d00 Mon 23:00,kitchen,kitchen,entry,kitchen,bedroom_1,bedroom_2,bedroom_1,kitchen,bedroom_3,bedroom_2,entry,entry,bedroom_1,kitchen,bedroom_3,bedroom_2,bedroom_3,kitchen,bedroom_3,living,bedroom_2,bedroom_1,living,entry,entry,entry,entry,entry,living,kitchen,bedroom_2,bedroom_1,bedroom_2,bedroom_1,bedroom_2,bedroom_3,living,bedroom_1,bedroom_2,bedroom_3
1440,d01 Tue 00:00,kitchen,kitchen,entry,kitchen,bedroom_1,bedroom_2,bedroom_1,kitchen,bedroom_3,bedroom_2,entry,entry,bedroom_1,kitchen,bedroom_3,bedroom_2,bedroom_3,kitchen,bedroom_3,living,bedroom_2,bedroom_1,living,entry,entry,entry,entry,entry,living,kitchen,bedroom_2,bedroom_1,bedroom_2,bedroom_1,bedroom_2,bedroom_3,living,bedroom_1,bedroom_2,bedroom_3
1500,d01 Tue 01:00,kitchen,kitchen,entry,kitchen,bedroom_1,bedroom_2,bedroom_1,kitchen,bedroom_3,bedroom_2,entry,entry,bedroom_1,kitchen,bedroom_3,bedroom_2,bedroom_3,kitchen,bedroom_3,living,bedroom_2,bedroom_1,living,entry,entry,entry,entry,entry,living,kitchen,bedroom_2,bedroom_1,bedroom_2,bedroom_1,bedroom_2,bedroom_3,living,bedroom_1,bedroom_2,bedroom_3
1560,d01 Tue 02:00,kitchen,kitchen,entry,kitchen,bedroom_1,bedroom_2,bedroom_1,kitchen,bedroom_3,bedroom_2,entry,entry,bedroom_1,kitchen,bedroom_3,bedroom_2,bedroom_3,kitchen,bedroom_3,living,bedroom_2,bedroom_1,living,entry,entry,entry,entry,entry,living,kitchen,bedroom_2,bedroom_1,bedroom_2,bedroom_1,bedroom_2,bedroom_3,living,bedroom_1,bedroom_2,bedroom_3
1620,d01 Tue 03:00,kitchen,kitchen,entry,kitchen,bedroom_1,bedroom_2,bedroom_1,kitchen,bedroom_3,bedroom_2,entry,entry,bedroom_1,kitchen,bedroom_3,bedroom_2,bedroom_3,kitchen,bedroom_3,living,bedroom_2,bedroom_1,living,entry,entry,entry,entry,entry,living,kitchen,bedroom_2,bedroom_1,bedroom_2,bedroom_1,bedroom_2,bedroom_3,living,bedroom_1,bedroom_2,bedroom_3
1680,d01 Tue 04:00,kitchen,kitchen,entry,kitchen,bedroom_1,bedroom_2,bedroom_1,kitchen,bedroom_3,bedroom_2,entry,entry,bedroom_1,kitchen,bedroom_3,bedroom_2,bedroom_3,kitchen,bedroom_3,living,bedroom_2,bedroom_1,living,entry,entry,entry,entry,entry,living,kitchen,bedroom_2,bedroom_1,bedroom_2,bedroom_1,bedroom_2,bedroom_3,living,bedroom_1,bedroom_2,bedroom_3
1740,d01 Tue 05:00,kitchen,kitchen,entry,kitchen,bedroom_1,bedroom_2,bedroom_1,kitchen,bedroom_3,bedroom_2,entry,entry,bedroom_1,kitchen,bedroom_3,bedroom_2,bedroom_3,kitchen,bedroom_3,living,bedroom_2,bedroom_1,living,entry,entry,entry,entry,entry,living,kitchen,bedroom_2,bedroom_1,bedroom_2,bedroom_1,bedroom_2,bedroom_3,living,bedroom_1,bedroom_2,bedroom_3
1800,d01 Tue 06:00,kitchen,kitchen,entry,kitchen,bedroom_1,bedroom_2,bedroom_1,kitchen,bedroom_3,bedroom_2,entry,entry,bedroom_1,kitchen,bedroom_3,bedroom_2,bedroom_3,kitchen,bedroom_3,living,bedroom_2,bedroom_1,living,entry,entry,entry,entry,entry,living,kitchen,bedroom_2,bedroom_1,bedroom_2,bedroom_1,bedroom_2,bedroom_3,living,bedroom_1,bedroom_2,bedroom_3
1860,d01 Tue 07:00,kitchen,kitchen,entry,kitchen,bedroom_1,bedroom_2,bedroom_1,kitchen,bedroom_3,bedroom_2,entry,entry,bedroom_1,kitchen,bedroom_3,bedroom_2,bedroom_3,kitchen,bedroom_3,living,bedroom_2,bedroom_1,living,entry,entry,entry,entry,entry,living,kitchen,bedroom_2,bedroom_1,bedroom_2,bedroom_1,bedroom_2,bedroom_3,living,bedroom_1,bedroom_2,bedroom_3
1920,d01 Tue 08:00,kitchen,kitchen,entry,kitchen,living,bedroom_2,kitchen,outside,outside,bedroom_2,kitchen,entry,kitchen,kitchen,outside,living,bedroom_1,kitchen,outside,living,bedroom_2,bedroom_1,living,entry,entry,kitchen,entry,entry,living,kitchen,bedroom_2,kitchen,bedroom_2,kitchen,bedroom_2,outside,living,kitchen,bedroom_2,outside
1980,d01 Tue 09:00,kitchen,kitchen,entry,kitchen,living,bedroom_2,kitchen,outside,outside,bedroom_2,kitchen,entry,kitchen,kitchen,outside,living,bedroom_1,kitchen,outside,living,bedroom_2,bedroom_1,living,entry,entry,kitchen,entry,entry,living,kitchen,bedroom_2,kitchen,bedroom_2,kitchen,bedroom_2,outside,living,kitchen,bedroom_2,outside
2040,d01 Tue 10:00,kitchen,kitchen,entry,kitchen,living,bedroom_2,kitchen,outside,outside,bedroom_2,kitchen,entry,kitchen,kitchen,outside,living,bedroom_1,kitchen,outside,living,bedroom_2,bedroom_1,living,entry,entry,kitchen,entry,entry,living,kitchen,bedroom_2,kitchen,bedroom_2,kitchen,bedroom_2,outside,living,kitchen,bedroom_2,outside
2100,d01 Tue 11:00,kitchen,kitchen,entry,kitchen,living,bedroom_2,kitchen,outside,outside,bedroom_2,kitchen,entry,kitchen,kitchen,outside,living,bedroom_1,kitchen,outside,living,bedroom_2,bedroom_1,living,entry,entry,kitchen,entry,entry,living,kitchen,bedroom_2,kitchen,bedroom_2,kitchen,bedroom_2,outside,living,kitchen,bedroom_2,outside
2160,d01 Tue 12:00,kitchen,kitchen,entry,kitchen,living,bedroom_2,kitchen,outside,outside,bedroom_2,kitchen,entry,kitchen,kitchen,outside,living,bedroom_1,kitchen,outside,living,bedroom_2,bedroom_1,living,entry,entry,kitchen,entry,entry,living,kitchen,bedroom_2,kitchen,bedroom_2,kitchen,bedroom_2,outside,living,kitchen,bedroom_2,outside
2220,d01 Tue 13:00,kitchen,kitchen,entry,kitchen,living,bedroom_2,kitchen,outside,outside,bedroom_2,kitchen,entry,kitchen,kitchen,outside,living,bedroom_1,kitchen,outside,living,bedroom_2,bedroom_1,living,entry,entry,kitchen,entry,entry,living,kitchen,bedroom_2,kitchen,bedroom_2,kitchen,bedroom_2,outside,living,kitchen,bedroom_2,outside
2280,d01 Tue 14:00,kitchen,kitchen,entry,kitchen,living,bedroom_2,kitchen,outside,outside,bedroom_2,kitchen,entry,kitchen,kitchen,outside,living,bedroom_1,kitchen,outside,living,bedroom_2,bedroom_1,living,entry,entry,kitchen,entry,entry,living,kitchen,bedroom_2,kitchen,bedroom_2,kitchen,bedroom_2,outside,living,kitchen,bedroom_2,outside
2340,d01 Tue 15:00,kitchen,kitchen,entry,kitchen,living,bedroom_2,kitchen,outside,outside,bedroom_2,kitchen,entry,kitchen,kitchen,outside,living,bedroom_1,kitchen,outside,living,bedroom_2,bedroom_1,living,entry,entry,kitchen,entry,entry,living,kitchen,bedroom_2,kitchen,bedroom_2,kitchen,bedroom_2,outside,living,kitchen,bedroom_2,outside
2400,d01 Tue 16:00,kitchen,kitchen,kitchen,living,bedroom_1,bedroom_2,kitchen,outside,kitchen,living,kitchen,entry,kitchen,kitchen,kitchen,living,bedroom_1,kitchen,kitchen,living,bedroom_2,bedroom_1,living,entry,entry,kitchen,entry,entry,living,kitchen,bedroom_2,kitchen,bedroom_2,kitchen,bedroom_2,kitchen,living,kitchen,bedroom_2,kitchen
2460,d01 Tue 17:00,kitchen,kitchen,kitchen,living,living,bedroom_2,kitchen,outside,kitchen,living,kitchen,entry,kitchen,kitchen,kitchen,living,bedroom_1,kitchen,kitchen,living,bedroom_2,bedroom_1,living,entry,entry,kitchen,entry,entry,living,kitchen,bedroom_2,kitchen,bedroom_2,kitchen,bedroom_2,kitchen,living,kitchen,bedroom_2,kitchen
2520,d01 Tue 18:00,kitchen,kitchen,kitchen,living,living,bedroom_2,kitchen,outside,living,living,kitchen,entry,kitchen,kitchen,kitchen,living,bedroom_1,kitchen,kitchen,living,living,bedroom_1,living,entry,entry,kitchen,entry,entry,living,kitchen,bedroom_2,kitchen,bedroom_2,kitchen,bedroom_2,kitchen,living,kitchen,bedroom_2,kitchen
2580,d01 Tue 19:00,kitchen,living,kitchen,living,living,living,kitchen,living,living,living,kitchen,entry,kitchen,living,kitchen,living,bedroom_1,kitchen,kitchen,living,living,bedroom_1,living,entry,entry,kitchen,entry,entry,living,kitchen,living,kitchen,living,kitchen,living,kitchen,living,kitchen,living,kitchen
2640,d01 Tue 20:00,kitchen,living,kitchen,living,living,living,kitchen,living,living,living,kitchen,entry,kitchen,living,kitchen,living,bedroom_1,kitchen,kitchen,living,living,bedroom_1,living,entry,entry,kitchen,entry,entry,living,kitchen,living,kitchen,living,kitchen,living,kitchen,living,kitchen,living,kitchen
2700,d01 Tue 21:00,kitchen,living,kitchen,living,living,living,kitchen,living,living,living,kitchen,entry,kitchen,living,kitchen,living,bedroom_3,kitchen,kitchen,living,living,bedroom_1,living,entry,entry,kitchen,entry,entry,living,kitchen,living,kitchen,living,kitchen,living,kitchen,living,kitchen,living,kitchen
2760,d01 Tue 22:00,kitchen,living,kitchen,kitchen,bedroom_1,kitchen,bedroom_1,kitchen,bedroom_3,bedroom_2,entry,entry,bedroom_1,living,living,bedroom_2,bedroom_1,kitchen,living,kitchen,living,bedroom_1,kitchen,entry,entry,entry,entry,entry,entry,bedroom_1,bedroom_2,kitchen,living,bedroom_1,kitchen,living,living,bedroom_1,kitchen,living
2820,d01 Tue 23:00,kitchen,living,kitchen,kitchen,bedroom_1,kitchen,bedroom_1,kitchen,bedroom_3,bedroom_2,entry,entry,bedroom_1,living,living,bedroom_2,bedroom_1,kitchen,living,kitchen,living,bedroom_1,kitchen,entry,entry,entry,entry,entry,entry,bedroom_1,bedroom_2,kitchen,living,bedroom_1,kitchen,living,living,bedroom_1,kitchen,living
2880,d02 Wed 00:00,kitchen,living,kitchen,kitchen,bedroom_1,kitchen,bedroom_1,kitchen,bedroom_3,bedroom_2,entry,entry,bedroom_1,living,bedroom_3,bedroom_2,bedroom_1,kitchen,bedroom_3,kitchen,living,bedroom_1,kitchen,entry,entry,entry,entry,entry,entry,bedroom_1,bedroom_2,kitchen,living,bedroom_1,kitchen,bedroom_3,living,bedroom_1,kitchen,bedroom_3
2940,d02 Wed 01:00,kitchen,living,kitchen,kitchen,bedroom_1,kitchen,bedroom_1,kitchen,bedroom_3,bedroom_2,entry,entry,bedroom_1,living,bedroom_3,bedroom_2,bedroom_1,kitchen,bedroom_3,kitchen,living,bedroom_1,kitchen,entry,entry,entry,entry,entry,entry,bedroom_1,bedroom_2,kitchen,living,bedroom_1,kitchen,bedroom_3,living,bedroom_1,kitchen,bedroom_3
3000,d02 Wed 02:00,kitchen,living,kitchen,kitchen,bedroom_1,kitchen,bedroom_1,kitchen,bedroom_3,bedroom_2,entry,entry,bedroom_1,living,bedroom_3,bedroom_2,bedroom_1,kitchen,bedroom_3,kitchen,living,bedroom_1,kitchen,entry,entry,entry,entry,entry,entry,bedroom_1,bedroom_2,kitchen,living,bedroom_1,kitchen,bedroom_3,living,bedroom_1,kitchen,bedroom_3
3060,d02 Wed 03:00,kitchen,living,kitchen,kitchen,bedroom_1,kitchen,bedroom_1,kitchen,bedroom_3,bedroom_2,entry,entry,bedroom_1,living,bedroom_3,bedroom_2,bedroom_1,kitchen,bedroom_3,kitchen,living,bedroom_1,kitchen,entry,entry,entry,entry,entry,entry,bedroom_1,bedroom_2,kitchen,living,bedroom_1,kitchen,bedroom_3,living,bedroom_1,kitchen,bedroom_3
3120,d02 Wed 04:00,kitchen,living,kitchen,kitchen,bedroom_1,kitchen,bedroom_1,kitchen,bedroom_3,bedroom_2,entry,entry,bedroom_1,living,bedroom_3,bedroom_2,bedroom_1,kitchen,bedroom_3,kitchen,living,bedroom_1,kitchen,entry,entry,entry,entry,entry,entry,bedroom_1,bedroom_2,kitchen,living,bedroom_1,kitchen,bedroom_3,living,bedroom_1,kitchen,bedroom_3
3180,d02 Wed 05:00,kitchen,living,kitchen,kitchen,bedroom_1,kitchen,bedroom_1,kitchen,bedroom_3,bedroom_2,entry,entry,bedroom_1,living,bedroom_3,bedroom_2,bedroom_1,kitchen,bedroom_3,kitchen,living,bedroom_1,kitchen,entry,entry,entry,entry,entry,entry,bedroom_1,bedroom_2,kitchen,living,bedroom_1,kitchen,bedroom_3,living,bedroom_1,kitchen,bedroom_3
3240,d02 Wed 06:00,kitchen,living,kitchen,kitchen,bedroom_1,kitchen,bedroom_1,kitchen,bedroom_3,bedroom_2,entry,entry,bedroom_1,living,bedroom_3,bedroom_2,bedroom_1,kitchen,bedroom_3,kitchen,living,bedroom_1,kitchen,entry,entry,entry,entry,entry,entry,bedroom_1,bedroom_2,kitchen,living,bedroom_1,kitchen,bedroom_3,living,bedroom_1,kitchen,bedroom_3
3300,d02 Wed 07:00,kitchen,living,kitchen,kitchen,kitchen,kitchen,kitchen,kitchen,bedroom_3,bedroom_2,kitchen,entry,kitchen,living,bedroom_3,bedroom_2,bedroom_1,kitchen,bedroom_3,kitchen,living,kitchen,kitchen,entry,entry,kitchen,entry,entry,entry,kitchen,bedroom_2,kitchen,living,kitchen,kitchen,bedroom_3,living,kitchen,kitchen,bedroom_3
3360,d02 Wed 08:00,kitchen,living,entry,kitchen,kitchen,kitchen,kitchen,outside,outside,bedroom_2,kitchen,entry,kitchen,living,outside,bedroom_2,bedroom_1,kitchen,outside,kitchen,living,kitchen,kitchen,entry,entry,kitchen,entry,entry,living,kitchen,bedroom_2,kitchen,living,kitchen,kitchen,outside,living,kitchen,kitchen,outside
3420,d02 Wed 09:00,kitchen,living,entry,kitchen,bedroom_1,kitchen,kitchen,outside,outside,bedroom_2,kitchen,entry,kitchen,living,outside,bedroom_2,bedroom_1,kitchen,outside,kitchen,living,living,kitchen,entry,entry,kitchen,entry,entry,living,kitchen,bedroom_2,kitchen,living,kitchen,kitchen,outside,living,kitchen,kitchen,outside
3480,d02 Wed 10:00,kitchen,living,entry,kitchen,bedroom_1,kitchen,kitchen,outside,outside,bedroom_2,kitchen,entry,kitchen,living,outside,bedroom_2,bedroom_1,kitchen,outside,kitchen,living,living,kitchen,entry,entry,kitchen,entry,entry,living,kitchen,bedroom_2,kitchen,living,kitchen,kitchen,outside,living,kitchen,kitchen,outside
3540,d02 Wed 11:00,kitchen,living,entry,kitchen,living,kitchen,kitchen,outside,outside,bedroom_2,kitchen,entry,kitchen,living,outside,bedroom_2,bedroom_1,kitchen,outside,kitchen,living,living,kitchen,entry,entry,kitchen,entry,entry,living,kitchen,bedroom_2,kitchen,living,kitchen,kitchen,outside,living,kitchen,kitchen,outside
3600,d02 Wed 12:00,kitchen,living,entry,kitchen,living,kitchen,kitchen,outside,outside,bedroom_2,kitchen,entry,kitchen,living,outside,bedroom_2,bedroom_1,kitchen,outside,kitchen,living,living,kitchen,entry,entry,kitchen,entry,entry,living,kitchen,bedroom_2,kitchen,living,kitchen,kitchen,outside,living,kitchen,kitchen,outside
3660,d02 Wed 13:00,kitchen,living,entry,kitchen,living,kitchen,kitchen,outside,outside,bedroom_2,kitchen,entry,kitchen,living,outside,bedroom_2,bedroom_1,kitchen,outside,kitchen,living,living,kitchen,entry,entry,kitchen,entry,entry,living,kitchen,bedroom_2,kitchen,living,kitchen,kitchen,outside,living,kitchen,kitchen,outside
3720,d02 Wed 14:00,kitchen,living,entry,kitchen,living,kitchen,kitchen,outside,outside,bedroom_2,kitchen,entry,kitchen,living,outside,bedroom_2,bedroom_1,kitchen,outside,kitchen,living,living,kitchen,entry,entry,kitchen,entry,entry,living,kitchen,bedroom_2,kitchen,living,kitchen,kitchen,outside,living,kitchen,kitchen,outside
3780,d02 Wed 15:00,kitchen,living,entry,kitchen,living,kitchen,kitchen,outside,outside,bedroom_2,kitchen,entry,kitchen,living,outside,bedroom_2,bedroom_1,kitchen,outside,kitchen,living,living,kitchen,entry,entry,kitchen,entry,entry,living,kitchen,bedroom_2,kitchen,living,kitchen,kitchen,outside,living,kitchen,kitchen,outside
3840,d02 Wed 16:00,kitchen,living,entry,kitchen,living,kitchen,kitchen,outside,outside,bedroom_2,kitchen,entry,kitchen,living,outside,bedroom_2,bedroom_1,kitchen,outside,kitchen,living,living,kitchen,entry,entry,kitchen,entry,entry,living,kitchen,bedroom_2,kitchen,living,kitchen,kitchen,outside,living,kitchen,kitchen,outside
3900,d02 Wed 17:00,kitchen,living,kitchen,living,living,kitchen,kitchen,outside,kitchen,living,kitchen,entry,kitchen,living,kitchen,living,bedroom_1,kitchen,kitchen,living,living,living,kitchen,entry,entry,kitchen,entry,entry,living,kitchen,bedroom_2,kitchen,living,kitchen,kitchen,kitchen,living,kitchen,kitchen,kitchen
3960,d02 Wed 18:00,kitchen,living,kitchen,living,living,kitchen,kitchen,outside,kitchen,living,kitchen,entry,kitchen,living,kitchen,living,kitchen,kitchen,kitchen,living,living,living,kitchen,entry,entry,kitchen,entry,entry,living,kitchen,bedroom_2,kitchen,living,kitchen,kitchen,kitchen,living,kitchen,kitchen,kitchen
4020,d02 Wed 19:00,kitchen,living,kitchen,living,living,living,kitchen,living,living,living,kitchen,entry,kitchen,living,kitchen,living,kitchen,kitchen,kitchen,living,living,living,living,entry,entry,kitchen,entry,entry,living,kitchen,living,kitchen,living,kitchen,living,kitchen,living,kitchen,living,kitchen
4080,d02 Wed 20:00,kitchen,living,kitchen,living,living,living,kitchen,living,living,living,kitchen,entry,kitchen,living,kitchen,living,kitchen,kitchen,kitchen,living,living,living,living,entry,entry,kitchen,entry,entry,living,kitchen,living,kitchen,living,kitchen,living,kitchen,living,kitchen,living,kitchen
4140,d02 Wed 21:00,kitchen,living,kitchen,living,living,living,kitchen,living,living,living,kitchen,entry,kitchen,living,kitchen,living,kitchen,kitchen,kitchen,living,living,living,living,entry,entry,kitchen,entry,entry,living,kitchen,living,kitchen,living,kitchen,living,kitchen,living,kitchen,living,kitchen
4200,d02 Wed 22:00,kitchen,living,kitchen,living,living,kitchen,kitchen,living,living,living,kitchen,entry,kitchen,living,kitchen,living,kitchen,kitchen,kitchen,living,living,living,living,entry,entry,kitchen,entry,entry,living,kitchen,bedroom_2,kitchen,living,kitchen,kitchen,kitchen,living,kitchen,kitchen,kitchen
4260,d02 Wed 23:00,kitchen,living,kitchen,living,living,kitchen,kitchen,living,living,living,bedroom_1,entry,kitchen,living,kitchen,living,kitchen,kitchen,kitchen,living,living,living,living,entry,entry,kitchen,entry,entry,living,kitchen,bedroom_2,kitchen,living,kitchen,kitchen,kitchen,living,kitchen,kitchen,kitchen
4320,d03 Thu 00:00,kitchen,living,kitchen,living,living,kitchen,kitchen,living,living,living,bedroom_1,entry,kitchen,living,kitchen,living,kitchen,kitchen,kitchen,living,living,living,living,entry,entry,kitchen,entry,entry,living,kitchen,bedroom_2,kitchen,living,kitchen,kitchen,kitchen,living,kitchen,kitchen,kitchen
4380,d03 Thu 01:00,kitchen,living,kitchen,living,living,kitchen,kitchen,living,living,living,bedroom_1,entry,kitchen,living,kitchen,living,kitchen,kitchen,kitchen,living,living,living,living,entry,entry,kitchen,entry,entry,living,kitchen,bedroom_2,kitchen,living,kitchen,kitchen,kitchen,living,kitchen,kitchen,kitchen
4440,d03 Thu 02:00,kitchen,living,kitchen,living,living,kitchen,kitchen,living,living,living,bedroom_1,entry,kitchen,living,kitchen,living,kitchen,kitchen,kitchen,living,living,living,living,entry,entry,kitchen,entry,entry,living,kitchen,bedroom_2,kitchen,living,kitchen,kitchen,kitchen,living,kitchen,kitchen,kitchen
4500,d03 Thu 03:00,kitchen,living,kitchen,living,living,kitchen,kitchen,living,living,living,bedroom_1,entry,kitchen,living,kitchen,living,kitchen,kitchen,kitchen,living,living,living,living,entry,entry,kitchen,entry,entry,living,kitchen,bedroom_2,kitchen,living,kitchen,kitchen,kitchen,living,kitchen,kitchen,kitchen
4560,d03 Thu 04:00,kitchen,living,kitchen,living,living,kitchen,kitchen,living,living,living,bedroom_1,entry,kitchen,living,kitchen,living,kitchen,kitchen,kitchen,living,living,living,living,entry,entry,kitchen,entry,entry,living,kitchen,bedroom_2,kitchen,living,kitchen,kitchen,kitchen,living,kitchen,kitchen,kitchen
4620,d03 Thu 05:00,kitchen,living,kitchen,living,living,kitchen,kitchen,living,living,living,bedroom_1,entry,kitchen,living,kitchen,living,kitchen,kitchen,kitchen,living,living,living,living,entry,entry,kitchen,entry,entry,living,kitchen,bedroom_2,kitchen,living,kitchen,kitchen,kitchen,living,kitchen,kitchen,kitchen
4680,d03 Thu 06:00,kitchen,living,kitchen,living,living,kitchen,kitchen,living,living,living,bedroom_1,entry,kitchen,living,kitchen,living,kitchen,kitchen,kitchen,living,living,living,living,entry,entry,kitchen,entry,entry,living,kitchen,bedroom_2,kitchen,living,kitchen,kitchen,kitchen,living,kitchen,kitchen,kitchen
4740,d03 Thu 07:00,kitchen,living,kitchen,living,living,kitchen,kitchen,kitchen,living,living,bedroom_1,entry,kitchen,living,kitchen,bedroom_2,kitchen,kitchen,kitchen,living,living,living,living,entry,entry,kitchen,entry,entry,living,kitchen,bedroom_2,kitchen,living,kitchen,kitchen,kitchen,living,kitchen,kitchen,kitchen
4800,d03 Thu 08:00,kitchen,living,entry,living,living,kitchen,kitchen,kitchen,outside,living,bedroom_1,entry,kitchen,living,outside,bedroom_2,kitchen,kitchen,outside,living,living,living,living,entry,entry,kitchen,entry,entry,living,kitchen,bedroom_2,kitchen,living,kitchen,kitchen,outside,living,kitchen,kitchen,outside
4860,d03 Thu 09:00,kitchen,living,entry,living,living,kitchen,kitchen,kitchen,outside,living,bedroom_1,entry,kitchen,living,outside,bedroom_2,kitchen,kitchen,outside,living,living,living,living,entry,entry,kitchen,entry,entry,living,kitchen,bedroom_2,kitchen,living,kitchen,kitchen,outside,living,kitchen,kitchen,outside
4920,d03 Thu 10:00,kitchen,living,entry,living,kitchen,kitchen,kitchen,kitchen,outside,living,kitchen,entry,kitchen,living,outside,bedroom_2,bedroom_1,kitchen,outside,living,living,kitchen,living,entry,entry,kitchen,entry,entry,living,kitchen,bedroom_2,kitchen,living,kitchen,kitchen,outside,living,kitchen,kitchen,outside
4980,d03 Thu 11:00,kitchen,living,entry,living,kitchen,kitchen,kitchen,kitchen,outside,living,kitchen,entry,kitchen,living,outside,bedroom_2,bedroom_1,kitchen,outside,living,living,kitchen,living,entry,entry,kitchen,entry,entry,living,kitchen,bedroom_2,kitchen,living,kitchen,kitchen,outside,living,kitchen,kitchen,outside
5040,d03 Thu 12:00,kitchen,living,entry,living,kitchen,kitchen,kitchen,kitchen,outside,living,kitchen,entry,kitchen,living,outside,bedroom_2,bedroom_1,kitchen,outside,living,living,kitchen,living,entry,entry,kitchen,entry,entry,living,kitchen,bedroom_2,kitchen,living,kitchen,kitchen,outside,living,kitchen,kitchen,outside
5100,d03 Thu 13:00,kitchen,living,entry,living,living,kitchen,kitchen,kitchen,outside,living,kitchen,entry,kitchen,living,outside,bedroom_2,bedroom_1,kitchen,outside,living,living,living,living,entry,entry,kitchen,entry,entry,living,kitchen,bedroom_2,kitchen,living,kitchen,kitchen,outside,living,kitchen,kitchen,outside
5160,d03 Thu 14:00,kitchen,living,entry,living,living,kitchen,kitchen,kitchen,outside,living,kitchen,entry,kitchen,living,outside,bedroom_2,bedroom_1,kitchen,outside,living,living,living,living,entry,entry,kitchen,entry,entry,living,kitchen,bedroom_2,kitchen,living,kitchen,kitchen,outside,living,kitchen,kitchen,outside
5220,d03 Thu 15:00,kitchen,living,entry,living,living,kitchen,kitchen,kitchen,outside,living,kitchen,entry,kitchen,living,outside,bedroom_2,bedroom_1,kitchen,outside,living,living,living,living,entry,entry,kitchen,entry,entry,living,kitchen,bedroom_2,kitchen,living,kitchen,kitchen,outside,living,kitchen,kitchen,outside
5280,d03 Thu 16:00,kitchen,living,entry,living,living,kitchen,kitchen,kitchen,kitchen,living,kitchen,entry,kitchen,living,kitchen,bedroom_2,bedroom_1,kitchen,kitchen,living,living,living,living,entry,entry,kitchen,entry,entry,living,kitchen,bedroom_2,kitchen,living,kitchen,kitchen,kitchen,living,kitchen,kitchen,kitchen
5340,d03 Thu 17:00,kitchen,living,kitchen,living,living,kitchen,kitchen,kitchen,living,living,kitchen,entry,kitchen,living,kitchen,living,kitchen,kitchen,kitchen,living,living,living,living,entry,entry,kitchen,entry,entry,living,kitchen,bedroom_2,kitchen,living,kitchen,kitchen,kitchen,living,kitchen,kitchen,kitchen
5400,d03 Thu 18:00,kitchen,living,kitchen,living,living,kitchen,kitchen,kitchen,living,living,kitchen,entry,kitchen,living,kitchen,living,kitchen,kitchen,kitchen,living,living,living,living,entry,entry,kitchen,entry,entry,living,kitchen,bedroom_2,kitchen,living,kitchen,kitchen,kitchen,living,kitchen,kitchen,kitchen
5460,d03 Thu 19:00,kitchen,living,kitchen,living,living,living,kitchen,living,living,living,kitchen,entry,kitchen,living,kitchen,living,kitchen,kitchen,kitchen,living,living,living,living,entry,entry,kitchen,entry,entry,living,kitchen,living,kitchen,living,kitchen,living,kitchen,living,kitchen,living,kitchen
5520,d03 Thu 20:00,kitchen,living,kitchen,living,living,living,kitchen,living,living,living,kitchen,entry,kitchen,living,kitchen,living,kitchen,kitchen,kitchen,living,living,living,living,entry,entry,kitchen,entry,entry,living,kitchen,living,kitchen,living,kitchen,living,kitchen,living,kitchen,living,kitchen
5580,d03 Thu 21:00,kitchen,living,kitchen,living,living,living,kitchen,living,living,living,kitchen,entry,kitchen,living,kitchen,living,kitchen,kitchen,kitchen,living,living,living,living,entry,entry,kitchen,entry,entry,living,kitchen,living,kitchen,living,kitchen,living,kitchen,living,kitchen,living,kitchen
5640,d03 Thu 22:00,kitchen,living,kitchen,living,living,kitchen,kitchen,living,living,living,kitchen,entry,kitchen,living,kitchen,living,kitchen,kitchen,kitchen,living,living,living,living,entry,entry,kitchen,entry,entry,living,kitchen,bedroom_2,kitchen,living,kitchen,kitchen,kitchen,living,kitchen,kitchen,kitchen
5700,d03 Thu 23:00,kitchen,living,kitchen,living,living,kitchen,kitchen,living,living,living,kitchen,entry,kitchen,living,kitchen,living,kitchen,kitchen,kitchen,living,living,living,living,entry,entry,kitchen,entry,entry,living,kitchen,bedroom_2,kitchen,living,kitchen,kitchen,kitchen,living,kitchen,kitchen,kitchen
5760,d04 Fri 00:00,kitchen,living,kitchen,living,living,kitchen,kitchen,living,living,living,kitchen,entry,kitchen,living,kitchen,living,kitchen,kitchen,kitchen,living,living,living,living,entry,entry,kitchen,entry,entry,living,kitchen,bedroom_2,kitchen,living,kitchen,kitchen,kitchen,living,kitchen,kitchen,kitchen
5820,d04 Fri 01:00,kitchen,living,kitchen,living,living,kitchen,kitchen,living,living,living,kitchen,entry,kitchen,living,kitchen,living,kitchen,kitchen,kitchen,living,living,living,living,entry,entry,kitchen,entry,entry,living,kitchen,bedroom_2,kitchen,living,kitchen,kitchen,kitchen,living,kitchen,kitchen,kitchen
5880,d04 Fri 02:00,kitchen,living,kitchen,living,living,kitchen,kitchen,living,living,living,kitchen,entry,kitchen,living,kitchen,living,kitchen,kitchen,kitchen,living,living,living,living,entry,entry,kitchen,entry,entry,living,kitchen,bedroom_2,kitchen,living,kitchen,kitchen,kitchen,living,kitchen,kitchen,kitchen
5940,d04 Fri 03:00,kitchen,living,kitchen,living,living,kitchen,kitchen,living,living,living,kitchen,entry,kitchen,living,kitchen,living,kitchen,kitchen,kitchen,living,living,living,living,entry,entry,kitchen,entry,entry,living,kitchen,bedroom_2,kitchen,living,kitchen,kitchen,kitchen,living,kitchen,kitchen,kitchen
6000,d04 Fri 04:00,kitchen,living,kitchen,living,living,kitchen,kitchen,living,living,living,kitchen,entry,kitchen,living,kitchen,living,kitchen,kitchen,kitchen,living,living,living,living,entry,entry,kitchen,entry,entry,living,kitchen,bedroom_2,kitchen,living,kitchen,kitchen,kitchen,living,kitchen,kitchen,kitchen
6060,d04 Fri 05:00,kitchen,living,kitchen,living,living,kitchen,kitchen,living,living,living,kitchen,entry,kitchen,living,kitchen,living,kitchen,kitchen,kitchen,living,living,living,living,entry,entry,kitchen,entry,entry,living,kitchen,bedroom_2,kitchen,living,kitchen,kitchen,kitchen,living,kitchen,kitchen,kitchen
6120,d04 Fri 06:00,kitchen,living,kitchen,living,living,kitchen,kitchen,living,living,living,kitchen,entry,kitchen,living,kitchen,living,kitchen,kitchen,kitchen,living,living,living,living,entry,entry,kitchen,entry,entry,living,kitchen,bedroom_2,kitchen,living,kitchen,kitchen,kitchen,living,kitchen,kitchen,kitchen
6180,d04 Fri 07:00,kitchen,living,kitchen,living,living,kitchen,kitchen,kitchen,living,living,kitchen,entry,kitchen,living,kitchen,bedroom_2,kitchen,kitchen,kitchen,living,living,living,living,entry,entry,kitchen,entry,entry,living,kitchen,bedroom_2,kitchen,living,kitchen,kitchen,kitchen,living,kitchen,kitchen,kitchen
6240,d04 Fri 08:00,kitchen,living,entry,living,bedroom_1,kitchen,kitchen,outside,outside,living,kitchen,entry,kitchen,living,outside,bedroom_2,bedroom_1,kitchen,outside,living,living,living,living,entry,entry,kitchen,entry,entry,living,kitchen,bedroom_2,kitchen,living,kitchen,kitchen,outside,living,kitchen,kitchen,outside
6300,d04 Fri 09:00,kitchen,living,entry,living,living,kitchen,kitchen,outside,outside,living,kitchen,entry,kitchen,living,outside,bedroom_2,bedroom_1,kitchen,outside,living,living,bedroom_1,living,entry,entry,kitchen,entry,entry,living,kitchen,bedroom_2,kitchen,living,kitchen,kitchen,outside,living,kitchen,kitchen,outside
6360,d04 Fri 10:00,kitchen,living,entry,living,living,kitchen,kitchen,outside,outside,living,kitchen,entry,kitchen,living,outside,bedroom_2,bedroom_1,kitchen,outside,living,living,bedroom_1,living,entry,entry,kitchen,entry,entry,living,kitchen,bedroom_2,kitchen,living,kitchen,kitchen,outside,living,kitchen,kitchen,outside
6420,d04 Fri 11:00,kitchen,living,entry,living,living,kitchen,kitchen,outside,outside,living,kitchen,entry,kitchen,living,outside,bedroom_2,bedroom_1,kitchen,outside,living,living,bedroom_1,living,entry,entry,kitchen,entry,entry,living,kitchen,bedroom_2,kitchen,living,kitchen,kitchen,outside,living,kitchen,kitchen,outside
6480,d04 Fri 12:00,kitchen,living,entry,living,living,kitchen,kitchen,outside,outside,living,kitchen,entry,kitchen,living,outside,bedroom_2,bedroom_1,kitchen,outside,living,living,bedroom_1,living,entry,entry,kitchen,entry,entry,living,kitchen,bedroom_2,kitchen,living,kitchen,kitchen,outside,living,kitchen,kitchen,outside
6540,d04 Fri 13:00,kitchen,living,entry,living,bedroom_1,kitchen,kitchen,outside,outside,living,kitchen,entry,kitchen,living,outside,bedroom_2,bedroom_1,kitchen,outside,living,living,living,living,entry,entry,kitchen,entry,entry,living,kitchen,bedroom_2,kitchen,living,kitchen,kitchen,outside,living,kitchen,kitchen,outside
6600,d04 Fri 14:00,kitchen,living,entry,living,bedroom_1,kitchen,kitchen,outside,outside,living,kitchen,entry,kitchen,living,outside,bedroom_2,bedroom_1,kitchen,outside,living,living,living,living,entry,entry,kitchen,entry,entry,living,kitchen,bedroom_2,kitchen,living,kitchen,kitchen,outside,living,kitchen,kitchen,outside
6660,d04 Fri 15:00,kitchen,living,kitchen,living,bedroom_1,kitchen,kitchen,outside,kitchen,living,kitchen,entry,kitchen,living,kitchen,living,bedroom_1,kitchen,kitchen,living,living,living,living,entry,entry,kitchen,entry,entry,living,kitchen,bedroom_2,kitchen,living,kitchen,kitchen,kitchen,living,kitchen,kitchen,kitchen
6720,d04 Fri 16:00,kitchen,living,kitchen,living,bedroom_1,kitchen,kitchen,outside,kitchen,living,kitchen,entry,kitchen,living,kitchen,living,bedroom_1,kitchen,kitchen,living,living,living,living,entry,entry,kitchen,entry,entry,living,kitchen,bedroom_2,kitchen,living,kitchen,kitchen,kitchen,living,kitchen,kitchen,kitchen
6780,d04 Fri 17:00,kitchen,living,kitchen,living,bedroom_1,kitchen,kitchen,outside,kitchen,living,kitchen,entry,kitchen,living,kitchen,living,bedroom_1,kitchen,kitchen,living,living,living,living,entry,entry,kitchen,entry,entry,living,kitchen,bedroom_2,kitchen,living,kitchen,kitchen,kitchen,living,kitchen,kitchen,kitchen
6840,d04 Fri 18:00,kitchen,living,kitchen,living,bedroom_1,kitchen,kitchen,outside,kitchen,living,kitchen,entry,kitchen,living,kitchen,living,bedroom_1,kitchen,kitchen,living,living,living,living,entry,entry,kitchen,entry,entry,living,kitchen,bedroom_2,kitchen,living,kitchen,kitchen,kitchen,living,kitchen,kitchen,kitchen
6900,d04 Fri 19:00,kitchen,living,kitchen,living,bedroom_1,living,kitchen,living,living,living,kitchen,entry,kitchen,living,kitchen,living,bedroom_3,kitchen,kitchen,living,living,living,living,entry,entry,kitchen,entry,entry,living,kitchen,living,kitchen,living,kitchen,living,kitchen,living,kitchen,living,kitchen
6960,d04 Fri 20:00,kitchen,living,kitchen,living,bedroom_1,living,kitchen,living,living,living,kitchen,entry,kitchen,living,kitchen,living,bedroom_3,kitchen,kitchen,living,living,living,living,entry,entry,kitchen,entry,entry,living,kitchen,living,kitchen,living,kitchen,living,kitchen,living,kitchen,living,kitchen
7020,d04 Fri 21:00,kitchen,living,kitchen,living,bedroom_1,living,kitchen,living,living,living,kitchen,entry,kitchen,living,kitchen,living,bedroom_3,kitchen,kitchen,living,living,living,living,entry,entry,kitchen,entry,entry,living,kitchen,living,kitchen,living,kitchen,living,kitchen,living,kitchen,living,kitchen
7080,d04 Fri 22:00,kitchen,living,kitchen,living,bedroom_1,kitchen,kitchen,living,living,living,kitchen,entry,kitchen,bedroom_2,kitchen,living,bedroom_3,kitchen,kitchen,living,living,living,living,entry,entry,kitchen,entry,entry,living,kitchen,living,kitchen,living,kitchen,kitchen,kitchen,living,kitchen,kitchen,kitchen
7140,d04 Fri 23:00,kitchen,living,kitchen,living,bedroom_1,kitchen,kitchen,living,living,living,kitchen,entry,kitchen,bedroom_2,kitchen,living,bedroom_3,kitchen,kitchen,living,living,living,living,entry,entry,kitchen,entry,entry,living,kitchen,living,kitchen,living,kitchen,kitchen,kitchen,living,kitchen,kitchen,kitchen
7200,d05 Sat 00:00,kitchen,living,kitchen,living,bedroom_1,kitchen,kitchen,living,living,living,kitchen,entry,kitchen,bedroom_2,kitchen,living,bedroom_3,kitchen,kitchen,living,living,living,living,entry,entry,kitchen,entry,entry,living,kitchen,living,kitchen,living,kitchen,kitchen,kitchen,living,kitchen,kitchen,kitchen
7260,d05 Sat 01:00,kitchen,living,kitchen,living,bedroom_1,kitchen,kitchen,living,living,living,kitchen,entry,kitchen,bedroom_2,kitchen,living,bedroom_3,kitchen,kitchen,living,living,living,living,entry,entry,kitchen,entry,entry,living,kitchen,living,kitchen,living,kitchen,kitchen,kitchen,living,kitchen,kitchen,kitchen
7320,d05 Sat 02:00,kitchen,living,kitchen,living,bedroom_1,kitchen,kitchen,living,living,living,kitchen,entry,kitchen,bedroom_2,kitchen,living,bedroom_3,kitchen,kitchen,living,living,living,living,entry,entry,kitchen,entry,entry,living,kitchen,living,kitchen,living,kitchen,kitchen,kitchen,living,kitchen,kitchen,kitchen
7380,d05 Sat 03:00,kitchen,living,kitchen,living,bedroom_1,kitchen,kitchen,living,living,living,kitchen,entry,kitchen,bedroom_2,kitchen,living,bedroom_3,kitchen,kitchen,living,living,living,living,entry,entry,kitchen,entry,entry,living,kitchen,living,kitchen,living,kitchen,kitchen,kitchen,living,kitchen,kitchen,kitchen
7440,d05 Sat 04:00,kitchen,living,kitchen,living,bedroom_1,kitchen,kitchen,living,living,living,kitchen,entry,kitchen,bedroom_2,kitchen,living,bedroom_3,kitchen,kitchen,living,living,living,living,entry,entry,kitchen,entry,entry,living,kitchen,living,kitchen,living,kitchen,kitchen,kitchen,living,kitchen,kitchen,kitchen
7500,d05 Sat 05:00,kitchen,living,kitchen,living,bedroom_1,kitchen,kitchen,living,living,living,kitchen,entry,kitchen,bedroom_2,kitchen,living,bedroom_3,kitchen,kitchen,living,living,living,living,entry,entry,kitchen,entry,entry,living,kitchen,living,kitchen,living,kitchen,kitchen,kitchen,living,kitchen,kitchen,kitchen
7560,d05 Sat 06:00,kitchen,living,kitchen,living,bedroom_1,kitchen,kitchen,living,living,living,kitchen,entry,kitchen,bedroom_2,kitchen,bedroom_2,bedroom_3,kitchen,kitchen,living,living,living,living,entry,entry,kitchen,entry,entry,living,kitchen,living,kitchen,living,kitchen,kitchen,kitchen,living,kitchen,kitchen,kitchen
7620,d05 Sat 07:00,kitchen,living,kitchen,living,bedroom_1,kitchen,kitchen,living,living,living,kitchen,entry,kitchen,bedroom_2,kitchen,bedroom_2,bedroom_3,kitchen,kitchen,living,living,living,living,entry,entry,kitchen,entry,entry,living,kitchen,living,kitchen,living,kitchen,kitchen,kitchen,living,kitchen,kitchen,kitchen
7680,d05 Sat 08:00,kitchen,living,kitchen,living,kitchen,kitchen,kitchen,living,living,living,kitchen,entry,kitchen,bedroom_2,kitchen,bedroom_2,bedroom_1,kitchen,kitchen,living,living,kitchen,living,entry,entry,kitchen,entry,entry,living,kitchen,living,kitchen,living,kitchen,kitchen,kitchen,living,kitchen,kitchen,kitchen
7740,d05 Sat 09:00,kitchen,living,kitchen,living,living,kitchen,kitchen,living,living,living,kitchen,entry,kitchen,bedroom_2,kitchen,bedroom_2,bedroom_1,kitchen,kitchen,living,living,bedroom_1,living,entry,entry,kitchen,entry,entry,living,kitchen,living,kitchen,living,kitchen,kitchen,kitchen,living,kitchen,kitchen,kitchen
7800,d05 Sat 10:00,kitchen,living,kitchen,living,living,kitchen,kitchen,living,living,living,kitchen,entry,kitchen,bedroom_2,kitchen,bedroom_2,bedroom_1,kitchen,kitchen,living,living,bedroom_1,living,entry,entry,kitchen,entry,entry,living,kitchen,living,kitchen,living,kitchen,kitchen,kitchen,living,kitchen,kitchen,kitchen
7860,d05 Sat 11:00,kitchen,living,kitchen,living,living,kitchen,kitchen,living,living,living,kitchen,entry,kitchen,bedroom_2,kitchen,bedroom_2,bedroom_1,kitchen,kitchen,living,living,bedroom_1,living,entry,entry,kitchen,entry,entry,living,kitchen,living,kitchen,living,kitchen,kitchen,kitchen,living,kitchen,kitchen,kitchen
7920,d05 Sat 12:00,kitchen,living,kitchen,living,bedroom_1,kitchen,kitchen,living,living,living,kitchen,entry,kitchen,bedroom_2,kitchen,bedroom_2,bedroom_1,kitchen,kitchen,living,living,bedroom_1,living,entry,entry,kitchen,entry,entry,living,kitchen,living,kitchen,living,kitchen,kitchen,kitchen,living,kitchen,kitchen,kitchen
7980,d05 Sat 13:00,kitchen,living,kitchen,living,bedroom_1,kitchen,kitchen,living,living,living,kitchen,entry,kitchen,bedroom_2,kitchen,bedroom_2,bedroom_1,kitchen,kitchen,living,living,bedroom_1,living,entry,entry,kitchen,entry,entry,living,kitchen,living,kitchen,living,kitchen,kitchen,kitchen,living,kitchen,kitchen,kitchen
8040,d05 Sat 14:00,kitchen,living,kitchen,living,bedroom_1,kitchen,kitchen,living,living,living,kitchen,entry,kitchen,bedroom_2,kitchen,bedroom_2,bedroom_1,kitchen,kitchen,living,living,bedroom_1,living,entry,entry,kitchen,entry,entry,living,kitchen,living,kitchen,living,kitchen,kitchen,kitchen,living,kitchen,kitchen,kitchen
8100,d05 Sat 15:00,kitchen,living,kitchen,living,bedroom_1,kitchen,kitchen,living,living,living,kitchen,entry,kitchen,bedroom_2,kitchen,bedroom_2,bedroom_1,kitchen,kitchen,living,living,bedroom_1,living,entry,entry,kitchen,entry,entry,living,kitchen,living,kitchen,living,kitchen,kitchen,kitchen,living,kitchen,kitchen,kitchen
8160,d05 Sat 16:00,kitchen,living,kitchen,living,bedroom_1,kitchen,kitchen,living,living,living,kitchen,entry,kitchen,bedroom_2,kitchen,bedroom_2,bedroom_1,kitchen,kitchen,living,living,bedroom_1,living,entry,entry,kitchen,entry,entry,living,kitchen,living,kitchen,living,kitchen,kitchen,kitchen,living,kitchen,kitchen,kitchen
8220,d05 Sat 17:00,kitchen,living,kitchen,living,bedroom_1,kitchen,kitchen,living,living,living,kitchen,entry,kitchen,bedroom_2,kitchen,bedroom_2,bedroom_1,kitchen,kitchen,living,living,bedroom_1,living,entry,entry,kitchen,entry,entry,living,kitchen,living,kitchen,living,kitchen,kitchen,kitchen,living,kitchen,kitchen,kitchen
8280,d05 Sat 18:00,kitchen,living,kitchen,living,bedroom_1,kitchen,kitchen,living,living,living,kitchen,entry,kitchen,bedroom_2,kitchen,bedroom_2,bedroom_1,kitchen,kitchen,living,living,bedroom_1,living,entry,entry,kitchen,entry,entry,living,kitchen,living,kitchen,living,kitchen,kitchen,kitchen,living,kitchen,kitchen,kitchen
8340,d05 Sat 19:00,kitchen,living,kitchen,living,bedroom_1,living,kitchen,living,living,living,kitchen,entry,kitchen,living,kitchen,bedroom_2,bedroom_1,kitchen,kitchen,living,living,bedroom_1,living,entry,entry,kitchen,entry,entry,living,kitchen,living,kitchen,living,kitchen,living,kitchen,living,kitchen,living,kitchen
8400,d05 Sat 20:00,kitchen,living,kitchen,living,bedroom_1,living,kitchen,living,living,living,kitchen,entry,kitchen,living,kitchen,bedroom_2,bedroom_1,kitchen,kitchen,living,living,bedroom_1,living,entry,entry,kitchen,entry,entry,living,kitchen,living,kitchen,living,kitchen,living,kitchen,living,kitchen,living,kitchen
8460,d05 Sat 21:00,kitchen,living,kitchen,living,bedroom_1,living,kitchen,living,living,living,kitchen,entry,kitchen,living,kitchen,bedroom_2,bedroom_1,kitchen,kitchen,living,living,bedroom_1,living,entry,entry,kitchen,entry,entry,living,kitchen,living,kitchen,living,kitchen,living,kitchen,living,kitchen,living,kitchen
8520,d05 Sat 22:00,kitchen,living,kitchen,living,bedroom_1,living,kitchen,living,living,living,kitchen,entry,kitchen,living,kitchen,bedroom_2,bedroom_1,kitchen,kitchen,living,living,bedroom_1,living,entry,entry,kitchen,entry,entry,living,kitchen,living,kitchen,living,kitchen,living,kitchen,living,kitchen,living,kitchen
8580,d05 Sat 23:00,kitchen,living,kitchen,living,bedroom_1,kitchen,kitchen,living,living,living,kitchen,entry,kitchen,bedroom_2,kitchen,bedroom_2,bedroom_1,kitchen,kitchen,living,living,bedroom_1,living,entry,entry,kitchen,entry,entry,living,kitchen,bedroom_2,kitchen,living,kitchen,kitchen,kitchen,living,kitchen,kitchen,kitchen
8640,d06 Sun 00:00,kitchen,living,kitchen,living,bedroom_1,kitchen,kitchen,living,living,living,kitchen,entry,kitchen,bedroom_2,kitchen,bedroom_2,bedroom_1,kitchen,kitchen,living,living,bedroom_1,living,entry,entry,kitchen,entry,entry,living,kitchen,bedroom_2,kitchen,living,kitchen,kitchen,kitchen,living,kitchen,kitchen,kitchen
8700,d06 Sun 01:00,kitchen,living,kitchen,living,bedroom_1,kitchen,kitchen,living,living,living,kitchen,entry,kitchen,bedroom_2,kitchen,bedroom_2,bedroom_1,kitchen,kitchen,living,living,bedroom_1,living,entry,entry,kitchen,entry,entry,living,kitchen,bedroom_2,kitchen,living,kitchen,kitchen,kitchen,living,kitchen,kitchen,kitchen
8760,d06 Sun 02:00,kitchen,living,kitchen,living,bedroom_1,kitchen,kitchen,living,living,living,kitchen,entry,kitchen,bedroom_2,kitchen,bedroom_2,bedroom_1,kitchen,kitchen,living,living,bedroom_1,living,entry,entry,kitchen,entry,entry,living,kitchen,bedroom_2,kitchen,living,kitchen,kitchen,kitchen,living,kitchen,kitchen,kitchen
8820,d06 Sun 03:00,kitchen,living,kitchen,living,bedroom_1,kitchen,kitchen,living,living,living,kitchen,entry,kitchen,bedroom_2,kitchen,bedroom_2,bedroom_1,kitchen,kitchen,living,living,bedroom_1,living,entry,entry,kitchen,entry,entry,living,kitchen,bedroom_2,kitchen,living,kitchen,kitchen,kitchen,living,kitchen,kitchen,kitchen
8880,d06 Sun 04:00,kitchen,living,kitchen,living,bedroom_1,kitchen,kitchen,living,living,living,kitchen,entry,kitchen,bedroom_2,kitchen,bedroom_2,bedroom_1,kitchen,kitchen,living,living,bedroom_1,living,entry,entry,kitchen,entry,entry,living,kitchen,bedroom_2,kitchen,living,kitchen,kitchen,kitchen,living,kitchen,kitchen,kitchen
8940,d06 Sun 05:00,kitchen,living,kitchen,living,bedroom_1,kitchen,kitchen,living,living,living,kitchen,entry,kitchen,bedroom_2,kitchen,bedroom_2,bedroom_1,kitchen,kitchen,living,living,bedroom_1,living,entry,entry,kitchen,entry,entry,living,kitchen,bedroom_2,kitchen,living,kitchen,kitchen,kitchen,living,kitchen,kitchen,kitchen
9000,d06 Sun 06:00,kitchen,living,kitchen,living,bedroom_1,kitchen,kitchen,living,living,living,kitchen,entry,kitchen,bedroom_2,kitchen,bedroom_2,bedroom_1,kitchen,kitchen,living,living,bedroom_1,living,entry,entry,kitchen,entry,entry,living,kitchen,bedroom_2,kitchen,living,kitchen,kitchen,kitchen,living,kitchen,kitchen,kitchen
9060,d06 Sun 07:00,kitchen,living,kitchen,living,bedroom_1,kitchen,kitchen,living,living,living,kitchen,entry,kitchen,bedroom_2,kitchen,bedroom_2,bedroom_1,kitchen,kitchen,living,living,bedroom_1,living,entry,entry,kitchen,entry,entry,living,kitchen,bedroom_2,kitchen,living,kitchen,kitchen,kitchen,living,kitchen,kitchen,kitchen
9120,d06 Sun 08:00,kitchen,living,kitchen,living,bedroom_1,kitchen,kitchen,living,living,living,kitchen,entry,kitchen,bedroom_2,kitchen,bedroom_2,bedroom_1,kitchen,kitchen,living,living,bedroom_1,living,entry,entry,kitchen,entry,entry,living,kitchen,bedroom_2,kitchen,living,kitchen,kitchen,kitchen,living,kitchen,kitchen,kitchen
9180,d06 Sun 09:00,kitchen,living,kitchen,living,bedroom_1,kitchen,kitchen,living,living,living,kitchen,entry,kitchen,bedroom_2,kitchen,bedroom_2,bedroom_1,kitchen,kitchen,living,living,bedroom_1,living,entry,entry,kitchen,entry,entry,living,kitchen,bedroom_2,kitchen,living,kitchen,kitchen,kitchen,living,kitchen,kitchen,kitchen
9240,d06 Sun 10:00,kitchen,living,kitchen,living,bedroom_1,kitchen,kitchen,living,living,living,kitchen,entry,kitchen,bedroom_2,kitchen,bedroom_2,bedroom_1,kitchen,kitchen,living,living,bedroom_1,living,entry,entry,kitchen,entry,entry,living,kitchen,bedroom_2,kitchen,living,kitchen,kitchen,kitchen,living,kitchen,kitchen,kitchen
9300,d06 Sun 11:00,kitchen,living,kitchen,living,bedroom_1,kitchen,kitchen,living,living,living,kitchen,entry,kitchen,bedroom_2,kitchen,bedroom_2,bedroom_1,kitchen,kitchen,living,living,bedroom_1,living,entry,entry,kitchen,entry,entry,living,kitchen,bedroom_2,kitchen,living,kitchen,kitchen,kitchen,living,kitchen,kitchen,kitchen
9360,d06 Sun 12:00,kitchen,living,kitchen,living,bedroom_1,kitchen,kitchen,living,living,living,kitchen,entry,kitchen,bedroom_2,kitchen,bedroom_2,bedroom_1,kitchen,kitchen,living,living,bedroom_1,living,entry,entry,kitchen,entry,entry,living,kitchen,bedroom_2,kitchen,living,kitchen,kitchen,kitchen,living,kitchen,kitchen,kitchen
9420,d06 Sun 13:00,kitchen,living,kitchen,living,bedroom_1,kitchen,kitchen,living,living,living,kitchen,entry,kitchen,bedroom_2,kitchen,bedroom_2,bedroom_1,kitchen,kitchen,living,living,bedroom_1,living,entry,entry,kitchen,entry,entry,living,kitchen,bedroom_2,kitchen,living,kitchen,kitchen,kitchen,living,kitchen,kitchen,kitchen
9480,d06 Sun 14:00,kitchen,living,kitchen,living,bedroom_1,kitchen,kitchen,living,living,living,kitchen,entry,kitchen,bedroom_2,kitchen,bedroom_2,bedroom_1,kitchen,kitchen,living,living,bedroom_1,living,entry,entry,kitchen,entry,entry,living,kitchen,bedroom_2,kitchen,living,kitchen,kitchen,kitchen,living,kitchen,kitchen,kitchen
9540,d06 Sun 15:00,kitchen,living,kitchen,living,bedroom_1,kitchen,kitchen,living,living,living,kitchen,entry,kitchen,bedroom_2,kitchen,bedroom_2,bedroom_1,kitchen,kitchen,living,living,bedroom_1,living,entry,entry,kitchen,entry,entry,living,kitchen,bedroom_2,kitchen,living,kitchen,kitchen,kitchen,living,kitchen,kitchen,kitchen
9600,d06 Sun 16:00,kitchen,living,kitchen,living,bedroom_1,kitchen,kitchen,living,living,living,kitchen,entry,kitchen,bedroom_2,kitchen,bedroom_2,bedroom_1,kitchen,kitchen,living,living,bedroom_1,living,entry,entry,kitchen,entry,entry,living,kitchen,bedroom_2,kitchen,living,kitchen,kitchen,kitchen,living,kitchen,kitchen,kitchen
9660,d06 Sun 17:00,kitchen,living,kitchen,living,bedroom_1,kitchen,kitchen,living,living,living,kitchen,entry,kitchen,bedroom_2,kitchen,bedroom_2,bedroom_1,kitchen,kitchen,living,living,bedroom_1,living,entry,entry,kitchen,entry,entry,living,kitchen,bedroom_2,kitchen,living,kitchen,kitchen,kitchen,living,kitchen,kitchen,kitchen
9720,d06 Sun 18:00,kitchen,living,kitchen,living,bedroom_1,kitchen,kitchen,living,living,living,kitchen,entry,kitchen,bedroom_2,kitchen,bedroom_2,bedroom_1,kitchen,kitchen,living,living,bedroom_1,living,entry,entry,kitchen,entry,entry,living,kitchen,bedroom_2,kitchen,living,kitchen,kitchen,kitchen,living,kitchen,kitchen,kitchen
9780,d06 Sun 19:00,kitchen,living,kitchen,living,bedroom_1,living,kitchen,living,living,living,kitchen,entry,kitchen,living,kitchen,bedroom_2,bedroom_1,kitchen,kitchen,living,living,bedroom_1,living,entry,entry,kitchen,entry,entry,living,kitchen,living,kitchen,living,kitchen,living,kitchen,living,kitchen,living,kitchen
9840,d06 Sun 20:00,kitchen,living,kitchen,living,bedroom_1,living,kitchen,living,living,living,kitchen,entry,kitchen,living,kitchen,bedroom_2,bedroom_1,kitchen,kitchen,living,living,bedroom_1,living,entry,entry,kitchen,entry,entry,living,kitchen,living,kitchen,living,kitchen,living,kitchen,living,kitchen,living,kitchen
9900,d06 Sun 21:00,kitchen,kitchen,kitchen,kitchen,bedroom_1,bedroom_2,bedroom_1,kitchen,bedroom_3,bedroom_2,entry,entry,bedroom_1,bedroom_2,living,bedroom_2,bedroom_1,kitchen,living,living,living,bedroom_1,kitchen,entry,entry,entry,entry,entry,entry,bedroom_1,bedroom_2,bedroom_1,bedroom_2,bedroom_1,bedroom_2,living,living,bedroom_1,bedroom_2,living
9960,d06 Sun 22:00,kitchen,living,kitchen,kitchen,bedroom_1,living,bedroom_1,kitchen,living,bedroom_2,entry,entry,bedroom_1,living,living,bedroom_2,bedroom_1,kitchen,living,living,living,bedroom_1,living,entry,entry,entry,living,entry,entry,living,bedroom_2,kitchen,living,bedroom_1,kitchen,living,living,bedroom_1,kitchen,living
10020,d06 Sun 23:00,kitchen,living,kitchen,kitchen,bedroom_1,living,bedroom_1,kitchen,living,bedroom_2,entry,entry,bedroom_1,living,bedroom_3,bedroom_2,bedroom_1,kitchen,bedroom_3,living,living,bedroom_1,living,entry,entry,entry,entry,entry,entry,living,bedroom_2,kitchen,living,bedroom_1,kitchen,bedroom_3,living,bedroom_1,kitchen,bedroom_3
10080,d07 Mon 00:00,kitchen,living,kitchen,kitchen,bedroom_1,living,bedroom_1,kitchen,living,bedroom_2,entry,entry,bedroom_1,living,bedroom_3,bedroom_2,bedroom_1,kitchen,bedroom_3,living,living,bedroom_1,living,entry,entry,entry,entry,entry,entry,living,bedroom_2,kitchen,living,bedroom_1,kitchen,bedroom_3,living,bedroom_1,kitchen,bedroom_3
10140,d07 Mon 01:00,kitchen,living,kitchen,kitchen,bedroom_1,living,bedroom_1,kitchen,living,bedroom_2,entry,entry,bedroom_1,living,bedroom_3,bedroom_2,bedroom_1,kitchen,bedroom_3,living,living,bedroom_1,living,entry,entry,entry,entry,entry,entry,living,bedroom_2,kitchen,living,bedroom_1,kitchen,bedroom_3,living,bedroom_1,kitchen,bedroom_3
10200,d07 Mon 02:00,kitchen,living,kitchen,kitchen,bedroom_1,living,bedroom_1,kitchen,living,bedroom_2,entry,entry,bedroom_1,living,bedroom_3,bedroom_2,bedroom_1,kitchen,bedroom_3,living,living,bedroom_1,living,entry,entry,entry,entry,entry,entry,living,bedroom_2,kitchen,living,bedroom_1,kitchen,bedroom_3,living,bedroom_1,kitchen,bedroom_3
10260,d07 Mon 03:00,kitchen,living,kitchen,kitchen,bedroom_1,living,bedroom_1,kitchen,living,bedroom_2,entry,entry,bedroom_1,living,bedroom_3,bedroom_2,bedroom_1,kitchen,bedroom_3,living,living,bedroom_1,living,entry,entry,entry,entry,entry,entry,living,bedroom_2,kitchen,living,bedroom_1,kitchen,bedroom_3,living,bedroom_1,kitchen,bedroom_3
10320,d07 Mon 04:00,kitchen,living,kitchen,kitchen,bedroom_1,living,bedroom_1,kitchen,living,bedroom_2,entry,entry,bedroom_1,living,bedroom_3,bedroom_2,bedroom_1,kitchen,bedroom_3,living,living,bedroom_1,living,entry,entry,entry,entry,entry,entry,living,bedroom_2,kitchen,living,bedroom_1,kitchen,bedroom_3,living,bedroom_1,kitchen,bedroom_3
10380,d07 Mon 05:00,kitchen,living,kitchen,kitchen,bedroom_1,living,bedroom_1,kitchen,living,bedroom_2,entry,entry,bedroom_1,living,bedroom_3,bedroom_2,bedroom_1,kitchen,bedroom_3,living,living,bedroom_1,living,entry,entry,entry,entry,entry,entry,living,bedroom_2,kitchen,living,bedroom_1,kitchen,bedroom_3,living,bedroom_1,kitchen,bedroom_3
10440,d07 Mon 06:00,kitchen,living,kitchen,kitchen,bedroom_1,living,bedroom_1,kitchen,living,bedroom_2,entry,entry,bedroom_1,living,bedroom_3,bedroom_2,bedroom_1,kitchen,bedroom_3,living,living,bedroom_1,living,entry,entry,entry,entry,entry,entry,living,bedroom_2,kitchen,living,bedroom_1,kitchen,bedroom_3,living,bedroom_1,kitchen,bedroom_3
10500,d07 Mon 07:00,kitchen,living,kitchen,kitchen,bedroom_1,living,bedroom_1,kitchen,living,bedroom_2,entry,entry,bedroom_1,living,bedroom_3,living,bedroom_1,kitchen,bedroom_3,living,living,bedroom_1,living,entry,entry,entry,entry,entry,entry,living,bedroom_2,kitchen,living,bedroom_1,kitchen,bedroom_3,living,bedroom_1,kitchen,bedroom_3
10560,d07 Mon 08:00,kitchen,living,entry,kitchen,kitchen,living,kitchen,outside,outside,bedroom_2,kitchen,entry,kitchen,living,outside,living,bedroom_1,kitchen,outside,living,living,kitchen,living,entry,entry,kitchen,entry,entry,living,kitchen,bedroom_2,kitchen,living,kitchen,kitchen,outside,living,kitchen,kitchen,outside
10620,d07 Mon 09:00,kitchen,living,entry,kitchen,living,living,kitchen,outside,outside,bedroom_2,kitchen,entry,kitchen,living,outside,living,bedroom_1,kitchen,outside,living,living,living,living,entry,entry,kitchen,entry,entry,living,kitchen,bedroom_2,kitchen,living,kitchen,kitchen,outside,living,kitchen,kitchen,outside
10680,d07 Mon 10:00,kitchen,living,entry,kitchen,bedroom_1,living,kitchen,outside,outside,bedroom_2,kitchen,entry,kitchen,living,outside,living,bedroom_1,kitchen,outside,living,living,living,living,entry,entry,kitchen,entry,entry,living,kitchen,bedroom_2,kitchen,living,kitchen,kitchen,outside,living,kitchen,kitchen,outside
10740,d07 Mon 11:00,kitchen,living,entry,kitchen,bedroom_1,living,kitchen,outside,outside,bedroom_2,kitchen,entry,kitchen,living,outside,living,bedroom_1,kitchen,outside,living,living,living,living,entry,entry,kitchen,entry,entry,living,kitchen,bedroom_2,kitchen,living,kitchen,kitchen,outside,living,kitchen,kitchen,outside
10800,d07 Mon 12:00,kitchen,living,entry,kitchen,bedroom_1,living,kitchen,outside,outside,bedroom_2,kitchen,entry,kitchen,living,outside,living,bedroom_1,kitchen,outside,living,living,living,living,entry,entry,kitchen,entry,entry,living,kitchen,bedroom_2,kitchen,living,kitchen,kitchen,outside,living,kitchen,kitchen,outside
10860,d07 Mon 13:00,kitchen,living,entry,kitchen,bedroom_1,living,kitchen,outside,outside,bedroom_2,kitchen,entry,kitchen,living,outside,living,bedroom_1,kitchen,outside,living,living,living,living,entry,entry,kitchen,entry,entry,living,kitchen,bedroom_2,kitchen,living,kitchen,kitchen,outside,living,kitchen,kitchen,outside
10920,d07 Mon 14:00,kitchen,living,entry,kitchen,bedroom_1,living,kitchen,outside,outside,bedroom_2,kitchen,entry,kitchen,living,outside,living,bedroom_1,kitchen,outside,living,living,living,living,entry,entry,kitchen,entry,entry,living,kitchen,bedroom_2,kitchen,living,kitchen,kitchen,outside,living,kitchen,kitchen,outside
10980,d07 Mon 15:00,kitchen,living,kitchen,living,bedroom_1,living,kitchen,outside,kitchen,living,kitchen,entry,kitchen,living,kitchen,living,bedroom_1,kitchen,kitchen,living,living,living,living,entry,entry,kitchen,entry,entry,living,kitchen,bedroom_2,kitchen,living,kitchen,kitchen,kitchen,living,kitchen,kitchen,kitchen
11040,d07 Mon 16:00,kitchen,living,kitchen,living,bedroom_1,living,kitchen,outside,kitchen,living,kitchen,entry,kitchen,living,kitchen,living,bedroom_1,kitchen,kitchen,living,living,living,living,entry,entry,kitchen,entry,entry,living,kitchen,bedroom_2,kitchen,living,kitchen,kitchen,kitchen,living,kitchen,kitchen,kitchen
11100,d07 Mon 17:00,kitchen,living,kitchen,living,bedroom_1,living,kitchen,outside,kitchen,living,kitchen,entry,kitchen,living,kitchen,living,bedroom_3,kitchen,kitchen,living,living,living,living,entry,entry,kitchen,entry,entry,living,kitchen,bedroom_2,kitchen,living,kitchen,kitchen,kitchen,living,kitchen,kitchen,kitchen
11160,d07 Mon 18:00,kitchen,living,kitchen,living,bedroom_1,living,kitchen,living,kitchen,living,kitchen,entry,kitchen,living,kitchen,living,bedroom_3,kitchen,kitchen,living,living,living,living,entry,entry,kitchen,entry,entry,living,kitchen,living,kitchen,living,kitchen,living,kitchen,living,kitchen,living,kitchen
11220,d07 Mon 19:00,kitchen,living,kitchen,living,bedroom_1,living,kitchen,living,kitchen,living,kitchen,entry,kitchen,living,kitchen,living,bedroom_3,kitchen,kitchen,living,living,living,living,entry,entry,kitchen,entry,entry,living,kitchen,living,kitchen,living,kitchen,living,kitchen,living,kitchen,living,kitchen
11280,d07 Mon 20:00,kitchen,living,kitchen,living,bedroom_1,living,kitchen,living,kitchen,living,kitchen,entry,kitchen,living,kitchen,living,bedroom_3,kitchen,kitchen,living,living,living,living,entry,entry,kitchen,entry,entry,living,kitchen,living,kitchen,living,kitchen,living,kitchen,living,kitchen,living,kitchen
11340,d07 Mon 21:00,kitchen,living,kitchen,living,bedroom_1,living,kitchen,living,living,living,kitchen,entry,kitchen,living,kitchen,living,bedroom_3,kitchen,kitchen,living,living,living,living,entry,entry,kitchen,entry,entry,living,kitchen,living,kitchen,living,kitchen,living,kitchen,living,kitchen,living,kitchen
11400,d07 Mon 22:00,kitchen,living,kitchen,kitchen,bedroom_1,kitchen,bedroom_1,kitchen,bedroom_3,bedroom_2,entry,entry,bedroom_1,living,bedroom_3,bedroom_2,bedroom_1,kitchen,bedroom_3,living,living,bedroom_1,kitchen,entry,entry,entry,entry,entry,entry,bedroom_1,living,kitchen,living,bedroom_1,kitchen,bedroom_3,living,bedroom_1,kitchen,bedroom_3
11460,d07 Mon 23:00,kitchen,living,kitchen,kitchen,bedroom_1,kitchen,bedroom_1,kitchen,bedroom_3,bedroom_2,entry,entry,bedroom_1,living,bedroom_3,bedroom_2,bedroom_1,kitchen,bedroom_3,living,living,bedroom_1,kitchen,entry,entry,entry,entry,entry,entry,bedroom_1,living,kitchen,living,bedroom_1,kitchen,bedroom_3,living,bedroom_1,kitchen,bedroom_3
11520,d08 Tue 00:00,kitchen,living,kitchen,kitchen,bedroom_1,kitchen,bedroom_1,kitchen,bedroom_3,bedroom_2,entry,entry,bedroom_1,living,bedroom_3,bedroom_2,bedroom_1,kitchen,bedroom_3,living,living,bedroom_1,kitchen,entry,entry,entry,entry,entry,entry,bedroom_1,living,kitchen,living,bedroom_1,kitchen,bedroom_3,living,bedroom_1,kitchen,bedroom_3
11580,d08 Tue 01:00,kitchen,living,kitchen,kitchen,bedroom_1,kitchen,bedroom_1,kitchen,bedroom_3,bedroom_2,entry,entry,bedroom_1,living,bedroom_3,bedroom_2,bedroom_1,kitchen,bedroom_3,living,living,bedroom_1,kitchen,entry,entry,entry,entry,entry,entry,bedroom_1,living,kitchen,living,bedroom_1,kitchen,bedroom_3,living,bedroom_1,kitchen,bedroom_3
11640,d08 Tue 02:00,kitchen,living,kitchen,kitchen,bedroom_1,kitchen,bedroom_1,kitchen,bedroom_3,bedroom_2,entry,entry,bedroom_1,living,bedroom_3,bedroom_2,bedroom_1,kitchen,bedroom_3,living,living,bedroom_1,kitchen,entry,entry,entry,entry,entry,entry,bedroom_1,living,kitchen,living,bedroom_1,kitchen,bedroom_3,living,bedroom_1,kitchen,bedroom_3
11700,d08 Tue 03:00,kitchen,living,kitchen,kitchen,bedroom_1,kitchen,bedroom_1,kitchen,bedroom_3,bedroom_2,entry,entry,bedroom_1,living,bedroom_3,bedroom_2,bedroom_1,kitchen,bedroom_3,living,living,bedroom_1,kitchen,entry,entry,entry,entry,entry,entry,bedroom_1,living,kitchen,living,bedroom_1,kitchen,bedroom_3,living,bedroom_1,kitchen,bedroom_3
11760,d08 Tue 04:00,kitchen,living,kitchen,kitchen,bedroom_1,kitchen,bedroom_1,kitchen,bedroom_3,bedroom_2,entry,entry,bedroom_1,living,bedroom_3,bedroom_2,bedroom_1,kitchen,bedroom_3,living,living,bedroom_1,kitchen,entry,entry,entry,entry,entry,entry,bedroom_1,living,kitchen,living,bedroom_1,kitchen,bedroom_3,living,bedroom_1,kitchen,bedroom_3
11820,d08 Tue 05:00,kitchen,living,kitchen,kitchen,bedroom_1,kitchen,bedroom_1,kitchen,bedroom_3,bedroom_2,entry,entry,bedroom_1,living,bedroom_3,bedroom_2,bedroom_1,kitchen,bedroom_3,living,living,bedroom_1,kitchen,entry,entry,entry,entry,entry,entry,bedroom_1,living,kitchen,living,bedroom_1,kitchen,bedroom_3,living,bedroom_1,kitchen,bedroom_3
11880,d08 Tue 06:00,kitchen,living,kitchen,kitchen,bedroom_1,kitchen,bedroom_1,kitchen,bedroom_3,bedroom_2,entry,entry,bedroom_1,living,bedroom_3,bedroom_2,bedroom_1,kitchen,bedroom_3,living,living,bedroom_1,kitchen,entry,entry,entry,entry,entry,entry,bedroom_1,living,kitchen,living,bedroom_1,kitchen,bedroom_3,living,bedroom_1,kitchen,bedroom_3
11940,d08 Tue 07:00,kitchen,living,kitchen,kitchen,kitchen,kitchen,kitchen,kitchen,bedroom_3,bedroom_2,kitchen,entry,kitchen,living,bedroom_3,living,bedroom_1,kitchen,bedroom_3,living,living,kitchen,kitchen,entry,entry,kitchen,entry,entry,entry,kitchen,living,kitchen,living,kitchen,kitchen,bedroom_3,living,kitchen,kitchen,bedroom_3
12000,d08 Tue 08:00,kitchen,living,kitchen,living,kitchen,kitchen,kitchen,outside,bedroom_3,living,kitchen,entry,kitchen,living,kitchen,living,bedroom_1,kitchen,kitchen,living,living,kitchen,kitchen,entry,entry,kitchen,entry,entry,entry,kitchen,living,kitchen,living,kitchen,kitchen,kitchen,living,kitchen,kitchen,kitchen
12060,d08 Tue 09:00,kitchen,living,kitchen,living,bedroom_1,kitchen,kitchen,outside,bedroom_3,living,kitchen,entry,kitchen,living,kitchen,living,bedroom_1,kitchen,kitchen,living,living,living,kitchen,entry,entry,kitchen,entry,entry,entry,kitchen,living,kitchen,living,kitchen,kitchen,kitchen,living,kitchen,kitchen,kitchen
12120,d08 Tue 10:00,kitchen,living,kitchen,living,bedroom_1,kitchen,kitchen,outside,bedroom_3,living,kitchen,entry,kitchen,living,kitchen,living,bedroom_1,kitchen,kitchen,living,living,living,kitchen,entry,entry,kitchen,entry,entry,entry,kitchen,living,kitchen,living,kitchen,kitchen,kitchen,living,kitchen,kitchen,kitchen
12180,d08 Tue 11:00,kitchen,living,kitchen,living,bedroom_1,kitchen,kitchen,outside,bedroom_3,living,kitchen,entry,kitchen,living,kitchen,living,bedroom_1,kitchen,kitchen,living,living,living,kitchen,entry,entry,kitchen,entry,entry,entry,kitchen,living,kitchen,living,kitchen,kitchen,kitchen,living,kitchen,kitchen,kitchen
12240,d08 Tue 12:00,kitchen,living,kitchen,living,bedroom_1,kitchen,kitchen,outside,bedroom_3,living,kitchen,entry,kitchen,living,kitchen,living,kitchen,kitchen,kitchen,living,living,living,kitchen,entry,entry,kitchen,entry,entry,living,kitchen,living,kitchen,living,kitchen,kitchen,kitchen,living,kitchen,kitchen,kitchen
12300,d08 Tue 13:00,kitchen,living,kitchen,living,bedroom_1,kitchen,kitchen,outside,bedroom_3,living,kitchen,entry,kitchen,living,kitchen,living,kitchen,kitchen,kitchen,living,living,living,kitchen,entry,entry,kitchen,entry,entry,living,kitchen,living,kitchen,living,kitchen,kitchen,kitchen,living,kitchen,kitchen,kitchen
12360,d08 Tue 14:00,kitchen,living,kitchen,living,bedroom_1,kitchen,kitchen,outside,bedroom_3,living,kitchen,entry,kitchen,living,kitchen,living,kitchen,kitchen,kitchen,living,living,living,kitchen,entry,entry,kitchen,entry,entry,living,kitchen,living,kitchen,living,kitchen,kitchen,kitchen,living,kitchen,kitchen,kitchen
12420,d08 Tue 15:00,kitchen,living,kitchen,living,bedroom_1,kitchen,kitchen,outside,bedroom_3,living,kitchen,entry,kitchen,living,kitchen,living,kitchen,kitchen,kitchen,living,living,living,kitchen,entry,entry,kitchen,entry,entry,living,kitchen,living,kitchen,living,kitchen,kitchen,kitchen,living,kitchen,kitchen,kitchen
12480,d08 Tue 16:00,kitchen,living,kitchen,living,bedroom_1,kitchen,kitchen,outside,bedroom_3,living,kitchen,entry,kitchen,living,kitchen,living,kitchen,kitchen,kitchen,living,living,living,kitchen,entry,entry,kitchen,entry,entry,living,kitchen,living,kitchen,living,kitchen,kitchen,kitchen,living,kitchen,kitchen,kitchen
12540,d08 Tue 17:00,kitchen,living,kitchen,living,bedroom_1,kitchen,kitchen,outside,living,living,kitchen,entry,kitchen,living,kitchen,living,kitchen,kitchen,kitchen,living,living,living,living,entry,entry,kitchen,entry,entry,living,kitchen,living,kitchen,living,kitchen,kitchen,kitchen,living,kitchen,kitchen,kitchen
12600,d08 Tue 18:00,kitchen,living,kitchen,living,bedroom_1,kitchen,kitchen,outside,living,living,kitchen,entry,kitchen,living,kitchen,living,kitchen,kitchen,kitchen,living,living,living,living,entry,entry,kitchen,entry,entry,living,kitchen,living,kitchen,living,kitchen,kitchen,kitchen,living,kitchen,kitchen,kitchen
12660,d08 Tue 19:00,kitchen,living,kitchen,living,bedroom_1,living,kitchen,living,living,living,kitchen,entry,kitchen,living,kitchen,living,kitchen,kitchen,kitchen,living,living,living,living,entry,entry,kitchen,entry,entry,living,kitchen,living,kitchen,living,kitchen,living,kitchen,living,kitchen,living,kitchen
12720,d08 Tue 20:00,kitchen,living,kitchen,living,bedroom_1,living,kitchen,living,living,living,kitchen,entry,kitchen,living,kitchen,living,kitchen,kitchen,kitchen,living,living,living,living,entry,entry,kitchen,entry,entry,living,kitchen,living,kitchen,living,kitchen,living,kitchen,living,kitchen,living,kitchen
12780,d08 Tue 21:00,kitchen,living,kitchen,living,bedroom_1,living,kitchen,living,living,living,kitchen,entry,kitchen,living,kitchen,living,kitchen,kitchen,kitchen,living,living,living,living,entry,entry,kitchen,entry,entry,living,kitchen,living,kitchen,living,kitchen,living,kitchen,living,kitchen,living,kitchen
12840,d08 Tue 22:00,kitchen,living,kitchen,living,bedroom_1,living,kitchen,living,living,living,kitchen,entry,kitchen,bedroom_2,kitchen,living,kitchen,kitchen,kitchen,living,living,living,living,entry,entry,kitchen,entry,entry,living,kitchen,bedroom_2,kitchen,living,kitchen,kitchen,kitchen,living,kitchen,kitchen,kitchen
12900,d08 Tue 23:00,kitchen,living,kitchen,living,bedroom_1,living,kitchen,living,living,living,kitchen,entry,kitchen,bedroom_2,kitchen,living,kitchen,kitchen,kitchen,living,living,living,living,entry,entry,kitchen,entry,entry,living,kitchen,bedroom_2,kitchen,living,kitchen,kitchen,kitchen,living,kitchen,kitchen,kitchen
12960,d09 Wed 00:00,kitchen,living,kitchen,living,bedroom_1,living,kitchen,living,living,living,kitchen,entry,kitchen,bedroom_2,kitchen,living,kitchen,kitchen,kitchen,living,living,living,living,entry,entry,kitchen,entry,entry,living,kitchen,bedroom_2,kitchen,living,kitchen,kitchen,kitchen,living,kitchen,kitchen,kitchen
13020,d09 Wed 01:00,kitchen,living,kitchen,living,bedroom_1,living,kitchen,living,living,living,kitchen,entry,kitchen,bedroom_2,kitchen,living,kitchen,kitchen,kitchen,living,living,living,living,entry,entry,kitchen,entry,entry,living,kitchen,bedroom_2,kitchen,living,kitchen,kitchen,kitchen,living,kitchen,kitchen,kitchen
13080,d09 Wed 02:00,kitchen,living,kitchen,living,bedroom_1,living,kitchen,living,living,living,kitchen,entry,kitchen,bedroom_2,kitchen,living,kitchen,kitchen,kitchen,living,living,living,living,entry,entry,kitchen,entry,entry,living,kitchen,bedroom_2,kitchen,living,kitchen,kitchen,kitchen,living,kitchen,kitchen,kitchen
13140,d09 Wed 03:00,kitchen,living,kitchen,living,bedroom_1,living,kitchen,living,living,living,kitchen,entry,kitchen,bedroom_2,kitchen,living,kitchen,kitchen,kitchen,living,living,living,living,entry,entry,kitchen,entry,entry,living,kitchen,bedroom_2,kitchen,living,kitchen,kitchen,kitchen,living,kitchen,kitchen,kitchen
13200,d09 Wed 04:00,kitchen,living,kitchen,living,bedroom_1,living,kitchen,living,living,living,kitchen,entry,kitchen,bedroom_2,kitchen,living,kitchen,kitchen,kitchen,living,living,living,living,entry,entry,kitchen,entry,entry,living,kitchen,bedroom_2,kitchen,living,kitchen,kitchen,kitchen,living,kitchen,kitchen,kitchen
13260,d09 Wed 05:00,kitchen,living,kitchen,living,bedroom_1,living,kitchen,living,living,living,kitchen,entry,kitchen,bedroom_2,kitchen,living,kitchen,kitchen,kitchen,living,living,living,living,entry,entry,kitchen,entry,entry,living,kitchen,bedroom_2,kitchen,living,kitchen,kitchen,kitchen,living,kitchen,kitchen,kitchen
13320,d09 Wed 06:00,kitchen,living,kitchen,living,bedroom_1,living,kitchen,living,living,living,kitchen,entry,kitchen,bedroom_2,kitchen,bedroom_2,kitchen,kitchen,kitchen,living,living,living,living,entry,entry,kitchen,entry,entry,living,kitchen,bedroom_2,kitchen,living,kitchen,kitchen,kitchen,living,kitchen,kitchen,kitchen
13380,d09 Wed 07:00,kitchen,living,kitchen,living,kitchen,living,kitchen,kitchen,living,living,kitchen,entry,kitchen,bedroom_2,kitchen,living,bedroom_1,kitchen,kitchen,living,living,kitchen,living,entry,entry,kitchen,entry,entry,living,kitchen,bedroom_2,kitchen,living,kitchen,kitchen,kitchen,living,kitchen,kitchen,kitchen
13440,d09 Wed 08:00,kitchen,living,entry,living,living,living,kitchen,outside,outside,living,kitchen,entry,kitchen,bedroom_2,outside,living,bedroom_1,kitchen,outside,living,living,bedroom_1,living,entry,entry,kitchen,entry,entry,living,kitchen,bedroom_2,kitchen,living,kitchen,kitchen,outside,living,kitchen,kitchen,outside
13500,d09 Wed 09:00,kitchen,living,entry,living,bedroom_1,living,kitchen,outside,outside,living,kitchen,entry,kitchen,bedroom_2,outside,living,bedroom_1,kitchen,outside,living,living,bedroom_1,living,entry,entry,kitchen,entry,entry,living,kitchen,bedroom_2,kitchen,living,kitchen,kitchen,outside,living,kitchen,kitchen,outside
13560,d09 Wed 10:00,kitchen,living,entry,living,bedroom_1,living,kitchen,outside,outside,living,kitchen,entry,kitchen,bedroom_2,outside,living,bedroom_1,kitchen,outside,living,living,bedroom_1,living,entry,entry,kitchen,entry,entry,living,kitchen,bedroom_2,kitchen,living,kitchen,kitchen,outside,living,kitchen,kitchen,outside
13620,d09 Wed 11:00,kitchen,living,entry,living,bedroom_1,living,kitchen,outside,outside,living,kitchen,entry,kitchen,bedroom_2,outside,living,bedroom_1,kitchen,outside,living,living,bedroom_1,living,entry,entry,kitchen,entry,entry,living,kitchen,bedroom_2,kitchen,living,kitchen,kitchen,outside,living,kitchen,kitchen,outside
13680,d09 Wed 12:00,kitchen,living,entry,living,bedroom_1,living,kitchen,outside,outside,living,kitchen,entry,kitchen,bedroom_2,outside,living,bedroom_1,kitchen,outside,living,living,bedroom_1,living,entry,entry,kitchen,entry,entry,living,kitchen,bedroom_2,kitchen,living,kitchen,kitchen,outside,living,kitchen,kitchen,outside
13740,d09 Wed 13:00,kitchen,living,entry,living,living,living,kitchen,outside,outside,living,kitchen,entry,kitchen,bedroom_2,outside,living,bedroom_1,kitchen,outside,living,living,bedroom_1,living,entry,entry,kitchen,entry,entry,living,kitchen,bedroom_2,kitchen,living,kitchen,kitchen,outside,living,kitchen,kitchen,outside
13800,d09 Wed 14:00,kitchen,living,entry,living,bedroom_1,living,kitchen,outside,outside,living,kitchen,entry,kitchen,bedroom_2,outside,living,bedroom_1,kitchen,outside,living,living,living,living,entry,entry,kitchen,entry,entry,living,kitchen,bedroom_2,kitchen,living,kitchen,kitchen,outside,living,kitchen,kitchen,outside
13860,d09 Wed 15:00,kitchen,living,entry,living,living,living,kitchen,outside,outside,living,kitchen,entry,kitchen,bedroom_2,outside,living,bedroom_1,kitchen,outside,living,living,bedroom_1,living,entry,entry,kitchen,entry,entry,living,kitchen,bedroom_2,kitchen,living,kitchen,kitchen,outside,living,kitchen,kitchen,outside
13920,d09 Wed 16:00,kitchen,living,entry,living,living,living,kitchen,outside,outside,living,kitchen,entry,kitchen,bedroom_2,outside,living,bedroom_1,kitchen,outside,living,living,bedroom_1,living,entry,entry,kitchen,entry,entry,living,kitchen,bedroom_2,kitchen,living,kitchen,kitchen,outside,living,kitchen,kitchen,outside
13980,d09 Wed 17:00,kitchen,living,kitchen,living,living,living,kitchen,outside,kitchen,living,kitchen,entry,kitchen,bedroom_2,kitchen,living,bedroom_1,kitchen,kitchen,living,living,bedroom_1,living,entry,entry,kitchen,entry,entry,living,kitchen,bedroom_2,kitchen,living,kitchen,kitchen,kitchen,living,kitchen,kitchen,kitchen
14040,d09 Wed 18:00,kitchen,living,kitchen,living,living,living,kitchen,outside,kitchen,living,kitchen,entry,kitchen,bedroom_2,kitchen,living,kitchen,kitchen,kitchen,living,living,bedroom_1,living,entry,entry,kitchen,entry,entry,living,kitchen,bedroom_2,kitchen,living,kitchen,kitchen,kitchen,living,kitchen,kitchen,kitchen
14100,d09 Wed 19:00,kitchen,living,kitchen,living,living,living,kitchen,outside,living,living,kitchen,entry,kitchen,bedroom_2,kitchen,living,kitchen,kitchen,kitchen,living,living,bedroom_1,living,entry,entry,kitchen,entry,entry,living,kitchen,bedroom_2,kitchen,living,kitchen,kitchen,kitchen,living,kitchen,kitchen,kitchen
14160,d09 Wed 20:00,kitchen,living,kitchen,living,living,living,kitchen,outside,living,living,kitchen,entry,kitchen,bedroom_2,kitchen,living,kitchen,kitchen,kitchen,living,living,bedroom_1,living,entry,entry,kitchen,entry,entry,living,kitchen,bedroom_2,kitchen,living,kitchen,kitchen,kitchen,living,kitchen,kitchen,kitchen
14220,d09 Wed 21:00,kitchen,living,kitchen,living,living,living,kitchen,outside,living,living,kitchen,entry,kitchen,bedroom_2,kitchen,living,kitchen,kitchen,kitchen,living,living,bedroom_1,living,entry,entry,kitchen,entry,entry,living,kitchen,bedroom_2,kitchen,living,kitchen,kitchen,kitchen,living,kitchen,kitchen,kitchen
14280,d09 Wed 22:00,kitchen,living,kitchen,living,living,living,kitchen,outside,living,living,kitchen,entry,kitchen,bedroom_2,kitchen,living,kitchen,kitchen,kitchen,living,living,bedroom_1,living,entry,entry,kitchen,entry,entry,living,kitchen,bedroom_2,kitchen,living,kitchen,kitchen,kitchen,living,kitchen,kitchen,kitchen
14340,d09 Wed 23:00,kitchen,living,kitchen,living,living,living,kitchen,bedroom_2,living,living,kitchen,entry,kitchen,bedroom_2,kitchen,living,kitchen,kitchen,kitchen,living,living,bedroom_1,living,entry,entry,kitchen,entry,entry,living,kitchen,bedroom_2,kitchen,living,kitchen,kitchen,kitchen,living,kitchen,kitchen,kitchen
14400,d10 Thu 00:00,kitchen,living,kitchen,living,living,living,kitchen,bedroom_2,living,living,kitchen,entry,kitchen,bedroom_2,kitchen,living,kitchen,kitchen,kitchen,living,living,bedroom_1,living,entry,entry,kitchen,entry,entry,living,kitchen,bedroom_2,kitchen,living,kitchen,kitchen,kitchen,living,kitchen,kitchen,kitchen
14460,d10 Thu 01:00,kitchen,living,kitchen,living,living,living,kitchen,bedroom_2,living,living,kitchen,entry,kitchen,bedroom_2,kitchen,living,kitchen,kitchen,kitchen,living,living,bedroom_1,living,entry,entry,kitchen,entry,entry,living,kitchen,bedroom_2,kitchen,living,kitchen,kitchen,kitchen,living,kitchen,kitchen,kitchen
14520,d10 Thu 02:00,kitchen,living,kitchen,living,living,living,kitchen,bedroom_2,living,living,kitchen,entry,kitchen,bedroom_2,kitchen,living,kitchen,kitchen,kitchen,living,living,bedroom_1,living,entry,entry,kitchen,entry,entry,living,kitchen,bedroom_2,kitchen,living,kitchen,kitchen,kitchen,living,kitchen,kitchen,kitchen
14580,d10 Thu 03:00,kitchen,living,kitchen,living,living,living,kitchen,bedroom_2,living,living,kitchen,entry,kitchen,bedroom_2,kitchen,living,kitchen,kitchen,kitchen,living,living,bedroom_1,living,entry,entry,kitchen,entry,entry,living,kitchen,bedroom_2,kitchen,living,kitchen,kitchen,kitchen,living,kitchen,kitchen,kitchen
14640,d10 Thu 04:00,kitchen,living,kitchen,living,living,living,kitchen,bedroom_2,living,living,kitchen,entry,kitchen,bedroom_2,kitchen,living,kitchen,kitchen,kitchen,living,living,bedroom_1,living,entry,entry,kitchen,entry,entry,living,kitchen,bedroom_2,kitchen,living,kitchen,kitchen,kitchen,living,kitchen,kitchen,kitchen
14700,d10 Thu 05:00,kitchen,living,kitchen,living,living,living,kitchen,bedroom_2,living,living,kitchen,entry,kitchen,bedroom_2,kitchen,living,kitchen,kitchen,kitchen,living,living,bedroom_1,living,entry,entry,kitchen,entry,entry,living,kitchen,bedroom_2,kitchen,living,kitchen,kitchen,kitchen,living,kitchen,kitchen,kitchen
14760,d10 Thu 06:00,kitchen,living,kitchen,living,living,living,kitchen,bedroom_2,living,living,kitchen,entry,kitchen,bedroom_2,kitchen,living,kitchen,kitchen,kitchen,living,living,bedroom_1,living,entry,entry,kitchen,entry,entry,living,kitchen,bedroom_2,kitchen,living,kitchen,kitchen,kitchen,living,kitchen,kitchen,kitchen
14820,d10 Thu 07:00,kitchen,living,kitchen,living,living,living,kitchen,kitchen,living,living,kitchen,entry,kitchen,bedroom_2,kitchen,bedroom_2,kitchen,kitchen,kitchen,living,living,bedroom_1,living,entry,entry,kitchen,entry,entry,living,kitchen,bedroom_2,kitchen,living,kitchen,kitchen,kitchen,living,kitchen,kitchen,kitchen
14880,d10 Thu 08:00,kitchen,living,entry,living,kitchen,living,kitchen,outside,outside,living,kitchen,entry,kitchen,bedroom_2,outside,bedroom_2,bedroom_1,kitchen,outside,living,living,kitchen,living,entry,entry,kitchen,entry,entry,living,kitchen,bedroom_2,kitchen,living,kitchen,kitchen,outside,living,kitchen,kitchen,outside
14940,d10 Thu 09:00,kitchen,living,entry,living,living,living,kitchen,outside,outside,living,kitchen,entry,kitchen,bedroom_2,outside,bedroom_2,bedroom_1,kitchen,outside,living,living,living,living,entry,entry,kitchen,entry,entry,living,kitchen,bedroom_2,kitchen,living,kitchen,kitchen,outside,living,kitchen,kitchen,outside
15000,d10 Thu 10:00,kitchen,living,entry,living,living,living,kitchen,outside,outside,living,kitchen,entry,kitchen,bedroom_2,outside,bedroom_2,bedroom_1,kitchen,outside,living,living,living,living,entry,entry,kitchen,entry,entry,living,kitchen,bedroom_2,kitchen,living,kitchen,kitchen,outside,living,kitchen,kitchen,outside
15060,d10 Thu 11:00,kitchen,living,entry,living,living,living,kitchen,outside,outside,living,kitchen,entry,kitchen,bedroom_2,outside,bedroom_2,bedroom_1,kitchen,outside,living,living,living,living,entry,entry,kitchen,entry,entry,living,kitchen,bedroom_2,kitchen,living,kitchen,kitchen,outside,living,kitchen,kitchen,outside
15120,d10 Thu 12:00,kitchen,living,entry,living,living,living,kitchen,outside,outside,living,kitchen,entry,kitchen,bedroom_2,outside,bedroom_2,bedroom_1,kitchen,outside,living,living,bedroom_1,living,entry,entry,kitchen,entry,entry,living,kitchen,bedroom_2,kitchen,living,kitchen,kitchen,outside,living,kitchen,kitchen,outside
15180,d10 Thu 13:00,kitchen,living,entry,living,living,living,kitchen,outside,outside,living,kitchen,entry,kitchen,bedroom_2,outside,bedroom_2,bedroom_1,kitchen,outside,living,living,bedroom_1,living,entry,entry,kitchen,entry,entry,living,kitchen,bedroom_2,kitchen,living,kitchen,kitchen,outside,living,kitchen,kitchen,outside
15240,d10 Thu 14:00,kitchen,living,entry,living,living,living,kitchen,outside,outside,living,kitchen,entry,kitchen,bedroom_2,outside,bedroom_2,bedroom_1,kitchen,outside,living,living,living,living,entry,entry,kitchen,entry,entry,living,kitchen,bedroom_2,kitchen,living,kitchen,kitchen,outside,living,kitchen,kitchen,outside
15300,d10 Thu 15:00,kitchen,living,entry,living,living,living,kitchen,outside,outside,living,kitchen,entry,kitchen,bedroom_2,outside,bedroom_2,bedroom_1,kitchen,outside,living,living,living,living,entry,entry,kitchen,entry,entry,living,kitchen,bedroom_2,kitchen,living,kitchen,kitchen,outside,living,kitchen,kitchen,outside
15360,d10 Thu 16:00,kitchen,living,kitchen,living,living,living,kitchen,outside,kitchen,living,kitchen,entry,kitchen,bedroom_2,kitchen,living,bedroom_1,kitchen,kitchen,living,living,living,living,entry,entry,kitchen,entry,entry,living,kitchen,bedroom_2,kitchen,living,kitchen,kitchen,kitchen,living,kitchen,kitchen,kitchen
15420,d10 Thu 17:00,kitchen,living,kitchen,living,living,living,kitchen,outside,kitchen,living,kitchen,entry,kitchen,bedroom_2,kitchen,living,kitchen,kitchen,kitchen,living,living,living,living,entry,entry,kitchen,entry,entry,living,kitchen,bedroom_2,kitchen,living,kitchen,kitchen,kitchen,living,kitchen,kitchen,kitchen
15480,d10 Thu 18:00,kitchen,living,kitchen,living,living,living,kitchen,outside,kitchen,living,kitchen,entry,kitchen,bedroom_2,kitchen,living,kitchen,kitchen,kitchen,living,living,living,living,entry,entry,kitchen,entry,entry,living,kitchen,bedroom_2,kitchen,living,kitchen,kitchen,kitchen,living,kitchen,kitchen,kitchen
15540,d10 Thu 19:00,kitchen,living,kitchen,living,living,living,kitchen,living,kitchen,living,kitchen,entry,kitchen,living,kitchen,living,kitchen,kitchen,kitchen,living,living,living,living,entry,entry,kitchen,entry,entry,living,kitchen,living,kitchen,living,kitchen,living,kitchen,living,kitchen,living,kitchen
15600,d10 Thu 20:00,kitchen,living,kitchen,living,living,living,kitchen,living,kitchen,living,kitchen,entry,kitchen,living,kitchen,living,kitchen,kitchen,kitchen,living,living,living,living,entry,entry,kitchen,entry,entry,living,kitchen,living,kitchen,living,kitchen,living,kitchen,living,kitchen,living,kitchen
15660,d10 Thu 21:00,kitchen,living,kitchen,living,living,living,kitchen,living,kitchen,living,kitchen,entry,kitchen,living,kitchen,living,kitchen,kitchen,kitchen,living,living,living,living,entry,entry,kitchen,entry,entry,living,kitchen,living,kitchen,living,kitchen,living,kitchen,living,kitchen,living,kitchen
15720,d10 Thu 22:00,kitchen,kitchen,kitchen,kitchen,bedroom_1,bedroom_2,bedroom_1,kitchen,bedroom_3,bedroom_2,entry,entry,bedroom_1,bedroom_2,kitchen,bedroom_2,bedroom_1,kitchen,kitchen,living,living,bedroom_1,kitchen,entry,entry,entry,entry,entry,entry,bedroom_1,bedroom_2,bedroom_1,bedroom_2,bedroom_1,bedroom_2,kitchen,living,bedroom_1,bedroom_2,kitchen
15780,d10 Thu 23:00,kitchen,kitchen,kitchen,kitchen,bedroom_1,bedroom_2,bedroom_1,kitchen,bedroom_3,bedroom_2,entry,entry,bedroom_1,bedroom_2,kitchen,bedroom_2,bedroom_1,kitchen,kitchen,living,living,bedroom_1,kitchen,entry,entry,entry,kitchen,entry,entry,bedroom_1,bedroom_2,bedroom_1,bedroom_2,bedroom_1,bedroom_2,kitchen,living,bedroom_1,bedroom_2,kitchen
15840,d11 Fri 00:00,kitchen,kitchen,kitchen,living,bedroom_1,bedroom_2,bedroom_1,kitchen,bedroom_3,bedroom_2,entry,entry,bedroom_1,bedroom_2,bedroom_3,bedroom_2,bedroom_3,kitchen,bedroom_3,living,living,bedroom_1,kitchen,entry,entry,entry,kitchen,entry,entry,bedroom_1,bedroom_2,bedroom_1,living,bedroom_1,bedroom_2,bedroom_3,living,bedroom_1,bedroom_2,bedroom_3
15900,d11 Fri 01:00,kitchen,kitchen,kitchen,living,bedroom_1,bedroom_2,bedroom_1,kitchen,bedroom_3,bedroom_2,entry,entry,bedroom_1,bedroom_2,bedroom_3,bedroom_2,bedroom_3,kitchen,bedroom_3,living,living,bedroom_1,kitchen,entry,entry,entry,kitchen,entry,entry,bedroom_1,bedroom_2,bedroom_1,living,bedroom_1,bedroom_2,bedroom_3,living,bedroom_1,bedroom_2,bedroom_3
15960,d11 Fri 02:00,kitchen,kitchen,kitchen,living,bedroom_1,bedroom_2,bedroom_1,kitchen,bedroom_3,bedroom_2,entry,entry,bedroom_1,bedroom_2,bedroom_3,bedroom_2,bedroom_3,kitchen,bedroom_3,living,living,bedroom_1,kitchen,entry,entry,entry,kitchen,entry,entry,bedroom_1,bedroom_2,bedroom_1,living,bedroom_1,bedroom_2,bedroom_3,living,bedroom_1,bedroom_2,bedroom_3
16020,d11 Fri 03:00,kitchen,kitchen,kitchen,living,bedroom_1,bedroom_2,bedroom_1,kitchen,bedroom_3,bedroom_2,entry,entry,bedroom_1,bedroom_2,bedroom_3,bedroom_2,bedroom_3,kitchen,bedroom_3,living,living,bedroom_1,kitchen,entry,entry,entry,kitchen,entry,entry,bedroom_1,bedroom_2,bedroom_1,living,bedroom_1,bedroom_2,bedroom_3,living,bedroom_1,bedroom_2,bedroom_3
16080,d11 Fri 04:00,kitchen,kitchen,kitchen,living,bedroom_1,bedroom_2,bedroom_1,kitchen,bedroom_3,bedroom_2,entry,entry,bedroom_1,bedroom_2,bedroom_3,bedroom_2,bedroom_3,kitchen,bedroom_3,living,living,bedroom_1,kitchen,entry,entry,entry,kitchen,entry,entry,bedroom_1,bedroom_2,bedroom_1,living,bedroom_1,bedroom_2,bedroom_3,living,bedroom_1,bedroom_2,bedroom_3
16140,d11 Fri 05:00,kitchen,kitchen,kitchen,living,bedroom_1,bedroom_2,bedroom_1,kitchen,bedroom_3,bedroom_2,entry,entry,bedroom_1,bedroom_2,bedroom_3,bedroom_2,bedroom_3,kitchen,bedroom_3,living,living,bedroom_1,kitchen,entry,entry,entry,kitchen,entry,entry,bedroom_1,bedroom_2,bedroom_1,living,bedroom_1,bedroom_2,bedroom_3,living,bedroom_1,bedroom_2,bedroom_3
16200,d11 Fri 06:00,kitchen,kitchen,kitchen,living,bedroom_1,bedroom_2,bedroom_1,kitchen,bedroom_3,bedroom_2,entry,entry,bedroom_1,bedroom_2,bedroom_3,bedroom_2,bedroom_3,kitchen,bedroom_3,living,living,bedroom_1,kitchen,entry,entry,entry,kitchen,entry,entry,bedroom_1,bedroom_2,bedroom_1,living,bedroom_1,bedroom_2,bedroom_3,living,bedroom_1,bedroom_2,bedroom_3
16260,d11 Fri 07:00,kitchen,kitchen,entry,living,kitchen,bedroom_2,kitchen,kitchen,bedroom_3,bedroom_2,kitchen,entry,kitchen,bedroom_2,bedroom_3,bedroom_2,bedroom_1,kitchen,bedroom_3,living,living,kitchen,kitchen,entry,entry,kitchen,entry,entry,living,kitchen,bedroom_2,kitchen,living,kitchen,bedroom_2,bedroom_3,living,kitchen,bedroom_2,bedroom_3
16320,d11 Fri 08:00,kitchen,kitchen,entry,living,kitchen,bedroom_2,kitchen,outside,outside,bedroom_2,kitchen,entry,kitchen,bedroom_2,outside,bedroom_2,bedroom_1,kitchen,outside,living,living,kitchen,kitchen,entry,entry,kitchen,entry,entry,living,kitchen,bedroom_2,kitchen,living,kitchen,bedroom_2,outside,living,kitchen,bedroom_2,outside
16380,d11 Fri 09:00,kitchen,kitchen,entry,living,living,bedroom_2,kitchen,outside,outside,bedroom_2,kitchen,entry,kitchen,bedroom_2,outside,bedroom_2,bedroom_1,kitchen,outside,living,living,bedroom_1,kitchen,entry,entry,kitchen,entry,entry,living,kitchen,bedroom_2,kitchen,living,kitchen,bedroom_2,outside,living,kitchen,bedroom_2,outside
16440,d11 Fri 10:00,kitchen,kitchen,entry,living,living,bedroom_2,kitchen,outside,outside,bedroom_2,kitchen,entry,kitchen,bedroom_2,outside,bedroom_2,bedroom_1,kitchen,outside,living,living,bedroom_1,kitchen,entry,entry,kitchen,entry,entry,living,kitchen,bedroom_2,kitchen,living,kitchen,bedroom_2,outside,living,kitchen,bedroom_2,outside
16500,d11 Fri 11:00,kitchen,kitchen,entry,living,bedroom_1,bedroom_2,kitchen,outside,outside,bedroom_2,kitchen,entry,kitchen,bedroom_2,outside,bedroom_2,bedroom_1,kitchen,outside,living,living,living,kitchen,entry,entry,kitchen,entry,entry,living,kitchen,bedroom_2,kitchen,living,kitchen,bedroom_2,outside,living,kitchen,bedroom_2,outside
16560,d11 Fri 12:00,kitchen,kitchen,entry,living,living,bedroom_2,kitchen,outside,outside,bedroom_2,kitchen,entry,kitchen,bedroom_2,outside,bedroom_2,bedroom_1,kitchen,outside,living,living,bedroom_1,kitchen,entry,entry,kitchen,entry,entry,living,kitchen,bedroom_2,kitchen,living,kitchen,bedroom_2,outside,living,kitchen,bedroom_2,outside
16620,d11 Fri 13:00,kitchen,kitchen,entry,living,bedroom_1,bedroom_2,kitchen,outside,outside,bedroom_2,kitchen,entry,kitchen,bedroom_2,outside,bedroom_2,bedroom_1,kitchen,outside,living,living,bedroom_1,kitchen,entry,entry,kitchen,entry,entry,living,kitchen,bedroom_2,kitchen,living,kitchen,bedroom_2,outside,living,kitchen,bedroom_2,outside
16680,d11 Fri 14:00,kitchen,kitchen,entry,living,bedroom_1,bedroom_2,kitchen,outside,outside,bedroom_2,kitchen,entry,kitchen,bedroom_2,outside,bedroom_2,bedroom_1,kitchen,outside,living,living,bedroom_1,kitchen,entry,entry,kitchen,entry,entry,living,kitchen,bedroom_2,kitchen,living,kitchen,bedroom_2,outside,living,kitchen,bedroom_2,outside
16740,d11 Fri 15:00,kitchen,kitchen,kitchen,living,bedroom_1,bedroom_2,kitchen,outside,kitchen,living,kitchen,entry,kitchen,bedroom_2,kitchen,living,bedroom_1,kitchen,kitchen,living,living,bedroom_1,kitchen,entry,entry,kitchen,entry,entry,living,kitchen,bedroom_2,kitchen,living,kitchen,bedroom_2,kitchen,living,kitchen,bedroom_2,kitchen
16800,d11 Fri 16:00,kitchen,kitchen,kitchen,living,living,bedroom_2,kitchen,outside,kitchen,living,kitchen,entry,kitchen,bedroom_2,kitchen,living,bedroom_1,kitchen,kitchen,living,living,bedroom_1,kitchen,entry,entry,kitchen,entry,entry,living,kitchen,bedroom_2,kitchen,living,kitchen,bedroom_2,kitchen,living,kitchen,bedroom_2,kitchen
16860,d11 Fri 17:00,kitchen,kitchen,kitchen,living,living,bedroom_2,kitchen,outside,kitchen,living,kitchen,entry,kitchen,bedroom_2,kitchen,living,bedroom_1,kitchen,kitchen,living,living,bedroom_1,kitchen,entry,entry,kitchen,entry,entry,living,kitchen,bedroom_2,kitchen,living,kitchen,bedroom_2,kitchen,living,kitchen,bedroom_2,kitchen
16920,d11 Fri 18:00,kitchen,kitchen,kitchen,living,living,bedroom_2,kitchen,outside,kitchen,living,kitchen,entry,kitchen,bedroom_2,kitchen,living,bedroom_3,kitchen,kitchen,living,living,bedroom_1,kitchen,entry,entry,kitchen,entry,entry,living,kitchen,bedroom_2,kitchen,living,kitchen,bedroom_2,kitchen,living,kitchen,bedroom_2,kitchen
16980,d11 Fri 19:00,kitchen,living,kitchen,living,living,living,kitchen,living,kitchen,living,kitchen,entry,kitchen,living,kitchen,living,bedroom_3,kitchen,kitchen,living,living,bedroom_1,living,entry,entry,kitchen,entry,entry,living,kitchen,living,kitchen,living,kitchen,living,kitchen,living,kitchen,living,kitchen
17040,d11 Fri 20:00,kitchen,living,kitchen,living,living,living,kitchen,living,living,living,kitchen,entry,kitchen,living,kitchen,living,bedroom_3,kitchen,kitchen,living,living,bedroom_1,living,entry,entry,kitchen,entry,entry,living,kitchen,living,kitchen,living,kitchen,living,kitchen,living,kitchen,living,kitchen
17100,d11 Fri 21:00,kitchen,living,kitchen,living,living,living,kitchen,living,living,living,kitchen,entry,kitchen,living,kitchen,living,bedroom_3,kitchen,kitchen,living,living,bedroom_1,living,entry,entry,kitchen,entry,entry,living,kitchen,living,kitchen,living,kitchen,living,kitchen,living,kitchen,living,kitchen
17160,d11 Fri 22:00,kitchen,living,kitchen,kitchen,bedroom_1,living,bedroom_1,kitchen,bedroom_3,bedroom_2,entry,entry,bedroom_1,living,bedroom_3,bedroom_2,bedroom_1,kitchen,bedroom_3,kitchen,living,bedroom_1,kitchen,entry,entry,entry,entry,entry,entry,bedroom_1,bedroom_2,kitchen,bedroom_2,bedroom_1,kitchen,bedroom_3,living,bedroom_1,kitchen,bedroom_3
17220,d11 Fri 23:00,kitchen,living,kitchen,kitchen,bedroom_1,living,bedroom_1,kitchen,bedroom_3,bedroom_2,entry,entry,bedroom_1,living,bedroom_3,bedroom_2,bedroom_1,kitchen,bedroom_3,kitchen,living,bedroom_1,kitchen,entry,entry,entry,entry,entry,entry,bedroom_1,bedroom_2,kitchen,bedroom_2,bedroom_1,kitchen,bedroom_3,living,bedroom_1,kitchen,bedroom_3
17280,d12 Sat 00:00,kitchen,living,kitchen,kitchen,bedroom_1,living,bedroom_1,kitchen,bedroom_3,bedroom_2,kitchen,entry,bedroom_1,living,bedroom_3,bedroom_2,bedroom_1,kitchen,bedroom_3,kitchen,living,bedroom_1,kitchen,entry,entry,entry,entry,entry,entry,bedroom_1,bedroom_2,kitchen,bedroom_2,bedroom_1,kitchen,bedroom_3,living,bedroom_1,kitchen,bedroom_3
17340,d12 Sat 01:00,kitchen,living,kitchen,kitchen,bedroom_1,living,bedroom_1,kitchen,bedroom_3,bedroom_2,kitchen,entry,bedroom_1,living,bedroom_3,bedroom_2,bedroom_1,kitchen,bedroom_3,kitchen,living,bedroom_1,kitchen,entry,entry,entry,entry,entry,entry,bedroom_1,bedroom_2,kitchen,bedroom_2,bedroom_1,kitchen,bedroom_3,living,bedroom_1,kitchen,bedroom_3
17400,d12 Sat 02:00,kitchen,living,kitchen,kitchen,bedroom_1,living,bedroom_1,kitchen,bedroom_3,bedroom_2,kitchen,entry,bedroom_1,living,bedroom_3,bedroom_2,bedroom_1,kitchen,bedroom_3,kitchen,living,bedroom_1,kitchen,entry,entry,entry,entry,entry,entry,bedroom_1,bedroom_2,kitchen,bedroom_2,bedroom_1,kitchen,bedroom_3,living,bedroom_1,kitchen,bedroom_3
17460,d12 Sat 03:00,kitchen,living,kitchen,kitchen,bedroom_1,living,bedroom_1,kitchen,bedroom_3,bedroom_2,kitchen,entry,bedroom_1,living,bedroom_3,bedroom_2,bedroom_1,kitchen,bedroom_3,kitchen,living,bedroom_1,kitchen,entry,entry,entry,entry,entry,entry,bedroom_1,bedroom_2,kitchen,bedroom_2,bedroom_1,kitchen,bedroom_3,living,bedroom_1,kitchen,bedroom_3
17520,d12 Sat 04:00,kitchen,living,kitchen,kitchen,bedroom_1,living,bedroom_1,kitchen,bedroom_3,bedroom_2,kitchen,entry,bedroom_1,living,bedroom_3,bedroom_2,bedroom_1,kitchen,bedroom_3,kitchen,living,bedroom_1,kitchen,entry,entry,entry,entry,entry,entry,bedroom_1,bedroom_2,kitchen,bedroom_2,bedroom_1,kitchen,bedroom_3,living,bedroom_1,kitchen,bedroom_3
17580,d12 Sat 05:00,kitchen,living,kitchen,kitchen,bedroom_1,living,bedroom_1,kitchen,bedroom_3,bedroom_2,kitchen,entry,bedroom_1,living,bedroom_3,bedroom_2,bedroom_1,kitchen,bedroom_3,kitchen,living,bedroom_1,kitchen,entry,entry,entry,entry,entry,entry,bedroom_1,bedroom_2,kitchen,bedroom_2,bedroom_1,kitchen,bedroom_3,living,bedroom_1,kitchen,bedroom_3
17640,d12 Sat 06:00,kitchen,living,kitchen,kitchen,bedroom_1,living,bedroom_1,kitchen,bedroom_3,bedroom_2,kitchen,entry,bedroom_1,living,bedroom_3,bedroom_2,bedroom_1,kitchen,bedroom_3,kitchen,living,bedroom_1,kitchen,entry,entry,entry,entry,entry,entry,bedroom_1,bedroom_2,kitchen,bedroom_2,bedroom_1,kitchen,bedroom_3,living,bedroom_1,kitchen,bedroom_3
17700,d12 Sat 07:00,kitchen,living,kitchen,kitchen,bedroom_1,living,bedroom_1,kitchen,bedroom_3,bedroom_2,kitchen,entry,bedroom_1,living,bedroom_3,bedroom_2,bedroom_1,kitchen,bedroom_3,kitchen,living,bedroom_1,kitchen,entry,entry,entry,entry,entry,entry,bedroom_1,bedroom_2,kitchen,bedroom_2,bedroom_1,kitchen,bedroom_3,living,bedroom_1,kitchen,bedroom_3
17760,d12 Sat 08:00,kitchen,living,kitchen,kitchen,bedroom_1,living,bedroom_1,kitchen,bedroom_3,bedroom_2,kitchen,entry,bedroom_1,living,bedroom_3,living,bedroom_1,kitchen,bedroom_3,kitchen,living,bedroom_1,kitchen,entry,entry,entry,entry,entry,entry,bedroom_1,bedroom_2,kitchen,bedroom_2,bedroom_1,kitchen,bedroom_3,living,bedroom_1,kitchen,bedroom_3
17820,d12 Sat 09:00,kitchen,living,kitchen,kitchen,bedroom_1,living,kitchen,kitchen,bedroom_3,bedroom_2,kitchen,entry,kitchen,living,bedroom_3,living,bedroom_1,kitchen,bedroom_3,kitchen,living,living,kitchen,entry,entry,kitchen,entry,entry,entry,kitchen,bedroom_2,kitchen,bedroom_2,kitchen,kitchen,bedroom_3,living,kitchen,kitchen,bedroom_3
17880,d12 Sat 10:00,kitchen,living,kitchen,kitchen,bedroom_1,living,kitchen,kitchen,bedroom_3,bedroom_2,kitchen,entry,kitchen,living,bedroom_3,living,bedroom_1,kitchen,bedroom_3,kitchen,living,living,kitchen,entry,entry,kitchen,entry,entry,entry,kitchen,bedroom_2,kitchen,bedroom_2,kitchen,kitchen,bedroom_3,living,kitchen,kitchen,bedroom_3
17940,d12 Sat 11:00,kitchen,living,kitchen,kitchen,bedroom_1,living,kitchen,kitchen,bedroom_3,bedroom_2,kitchen,entry,kitchen,living,bedroom_3,living,bedroom_1,kitchen,bedroom_3,kitchen,living,living,kitchen,entry,entry,kitchen,entry,entry,entry,kitchen,bedroom_2,kitchen,bedroom_2,kitchen,kitchen,bedroom_3,living,kitchen,kitchen,bedroom_3
18000,d12 Sat 12:00,kitchen,living,kitchen,kitchen,bedroom_1,living,kitchen,kitchen,bedroom_3,bedroom_2,kitchen,entry,kitchen,living,bedroom_3,bedroom_2,bedroom_1,kitchen,bedroom_3,kitchen,living,living,kitchen,entry,entry,kitchen,entry,entry,entry,kitchen,bedroom_2,kitchen,bedroom_2,kitchen,kitchen,bedroom_3,living,kitchen,kitchen,bedroom_3
18060,d12 Sat 13:00,kitchen,living,kitchen,kitchen,living,living,kitchen,kitchen,bedroom_3,bedroom_2,kitchen,entry,kitchen,living,bedroom_3,bedroom_2,bedroom_1,kitchen,bedroom_3,kitchen,living,bedroom_1,kitchen,entry,entry,kitchen,entry,entry,entry,kitchen,bedroom_2,kitchen,bedroom_2,kitchen,kitchen,bedroom_3,living,kitchen,kitchen,bedroom_3
18120,d12 Sat 14:00,kitchen,living,kitchen,kitchen,living,living,kitchen,kitchen,bedroom_3,bedroom_2,kitchen,entry,kitchen,living,bedroom_3,bedroom_2,bedroom_1,kitchen,bedroom_3,kitchen,living,bedroom_1,kitchen,entry,entry,kitchen,entry,entry,entry,kitchen,bedroom_2,kitchen,bedroom_2,kitchen,kitchen,bedroom_3,living,kitchen,kitchen,bedroom_3
18180,d12 Sat 15:00,kitchen,living,kitchen,kitchen,living,living,kitchen,kitchen,bedroom_3,bedroom_2,kitchen,entry,kitchen,living,bedroom_3,bedroom_2,bedroom_1,kitchen,bedroom_3,kitchen,living,bedroom_1,kitchen,entry,entry,kitchen,entry,entry,entry,kitchen,bedroom_2,kitchen,bedroom_2,kitchen,kitchen,bedroom_3,living,kitchen,kitchen,bedroom_3
18240,d12 Sat 16:00,kitchen,living,kitchen,kitchen,living,living,kitchen,kitchen,bedroom_3,bedroom_2,kitchen,entry,kitchen,living,bedroom_3,bedroom_2,bedroom_1,kitchen,bedroom_3,kitchen,living,bedroom_1,kitchen,entry,entry,kitchen,entry,entry,entry,kitchen,bedroom_2,kitchen,bedroom_2,kitchen,kitchen,bedroom_3,living,kitchen,kitchen,bedroom_3
18300,d12 Sat 17:00,kitchen,living,kitchen,kitchen,living,living,kitchen,kitchen,bedroom_3,bedroom_2,kitchen,entry,kitchen,living,bedroom_3,bedroom_2,bedroom_1,kitchen,bedroom_3,kitchen,living,bedroom_1,kitchen,entry,entry,kitchen,entry,entry,entry,kitchen,bedroom_2,kitchen,bedroom_2,kitchen,kitchen,bedroom_3,living,kitchen,kitchen,bedroom_3
18360,d12 Sat 18:00,kitchen,living,kitchen,kitchen,living,living,kitchen,kitchen,bedroom_3,bedroom_2,kitchen,entry,kitchen,living,bedroom_3,bedroom_2,bedroom_1,kitchen,bedroom_3,kitchen,living,bedroom_1,kitchen,entry,entry,kitchen,entry,entry,entry,kitchen,bedroom_2,kitchen,bedroom_2,kitchen,kitchen,bedroom_3,living,kitchen,kitchen,bedroom_3
18420,d12 Sat 19:00,kitchen,living,kitchen,kitchen,living,living,kitchen,living,bedroom_3,bedroom_2,kitchen,entry,kitchen,living,bedroom_3,bedroom_2,bedroom_1,kitchen,bedroom_3,kitchen,living,bedroom_1,living,entry,entry,kitchen,entry,entry,entry,kitchen,living,kitchen,living,kitchen,living,bedroom_3,living,kitchen,living,bedroom_3
18480,d12 Sat 20:00,kitchen,living,kitchen,kitchen,living,living,kitchen,living,bedroom_3,bedroom_2,kitchen,entry,kitchen,living,bedroom_3,bedroom_2,bedroom_1,kitchen,bedroom_3,kitchen,living,bedroom_1,living,entry,entry,kitchen,entry,entry,entry,kitchen,living,kitchen,living,kitchen,living,bedroom_3,living,kitchen,living,bedroom_3
18540,d12 Sat 21:00,kitchen,living,kitchen,kitchen,living,kitchen,kitchen,living,bedroom_3,bedroom_2,kitchen,entry,kitchen,bedroom_2,bedroom_3,bedroom_2,bedroom_1,kitchen,bedroom_3,kitchen,living,bedroom_1,living,entry,entry,kitchen,entry,entry,entry,kitchen,bedroom_2,kitchen,living,kitchen,living,bedroom_3,living,kitchen,living,bedroom_3
18600,d12 Sat 22:00,kitchen,kitchen,kitchen,kitchen,bedroom_1,bedroom_2,bedroom_1,kitchen,bedroom_3,bedroom_2,entry,entry,bedroom_1,bedroom_2,bedroom_3,bedroom_2,bedroom_1,kitchen,bedroom_3,living,living,bedroom_1,kitchen,entry,entry,entry,entry,entry,entry,bedroom_1,bedroom_2,bedroom_1,living,bedroom_1,bedroom_2,bedroom_3,living,bedroom_1,bedroom_2,bedroom_3
18660,d12 Sat 23:00,kitchen,kitchen,kitchen,kitchen,bedroom_1,bedroom_2,bedroom_1,kitchen,bedroom_3,bedroom_2,entry,entry,bedroom_1,bedroom_2,bedroom_3,bedroom_2,bedroom_1,kitchen,bedroom_3,living,living,bedroom_1,kitchen,entry,entry,entry,entry,entry,entry,bedroom_1,bedroom_2,bedroom_1,living,bedroom_1,bedroom_2,bedroom_3,living,bedroom_1,bedroom_2,bedroom_3
18720,d13 Sun 00:00,kitchen,kitchen,kitchen,kitchen,bedroom_1,bedroom_2,bedroom_1,kitchen,bedroom_3,bedroom_2,entry,entry,bedroom_1,bedroom_2,bedroom_3,bedroom_2,bedroom_1,kitchen,bedroom_3,living,living,bedroom_1,kitchen,entry,entry,entry,entry,entry,entry,bedroom_1,bedroom_2,bedroom_1,living,bedroom_1,bedroom_2,bedroom_3,living,bedroom_1,bedroom_2,bedroom_3
18780,d13 Sun 01:00,kitchen,kitchen,kitchen,kitchen,bedroom_1,bedroom_2,bedroom_1,kitchen,bedroom_3,bedroom_2,entry,entry,bedroom_1,bedroom_2,bedroom_3,bedroom_2,bedroom_1,kitchen,bedroom_3,living,living,bedroom_1,kitchen,entry,entry,entry,entry,entry,entry,bedroom_1,bedroom_2,bedroom_1,living,bedroom_1,bedroom_2,bedroom_3,living,bedroom_1,bedroom_2,bedroom_3
18840,d13 Sun 02:00,kitchen,kitchen,kitchen,kitchen,bedroom_1,bedroom_2,bedroom_1,kitchen,bedroom_3,bedroom_2,entry,entry,bedroom_1,bedroom_2,bedroom_3,bedroom_2,bedroom_1,kitchen,bedroom_3,living,living,bedroom_1,kitchen,entry,entry,entry,entry,entry,entry,bedroom_1,bedroom_2,bedroom_1,living,bedroom_1,bedroom_2,bedroom_3,living,bedroom_1,bedroom_2,bedroom_3
18900,d13 Sun 03:00,kitchen,kitchen,kitchen,kitchen,bedroom_1,bedroom_2,bedroom_1,kitchen,bedroom_3,bedroom_2,entry,entry,bedroom_1,bedroom_2,bedroom_3,bedroom_2,bedroom_1,kitchen,bedroom_3,living,living,bedroom_1,kitchen,entry,entry,entry,entry,entry,entry,bedroom_1,bedroom_2,bedroom_1,living,bedroom_1,bedroom_2,bedroom_3,living,bedroom_1,bedroom_2,bedroom_3
18960,d13 Sun 04:00,kitchen,kitchen,kitchen,kitchen,bedroom_1,bedroom_2,bedroom_1,kitchen,bedroom_3,bedroom_2,entry,entry,bedroom_1,bedroom_2,bedroom_3,bedroom_2,bedroom_1,kitchen,bedroom_3,living,living,bedroom_1,kitchen,entry,entry,entry,entry,entry,entry,bedroom_1,bedroom_2,bedroom_1,living,bedroom_1,bedroom_2,bedroom_3,living,bedroom_1,bedroom_2,bedroom_3
19020,d13 Sun 05:00,kitchen,kitchen,kitchen,kitchen,bedroom_1,bedroom_2,bedroom_1,kitchen,bedroom_3,bedroom_2,entry,entry,bedroom_1,bedroom_2,bedroom_3,bedroom_2,bedroom_1,kitchen,bedroom_3,living,living,bedroom_1,kitchen,entry,entry,entry,entry,entry,entry,bedroom_1,bedroom_2,bedroom_1,living,bedroom_1,bedroom_2,bedroom_3,living,bedroom_1,bedroom_2,bedroom_3
19080,d13 Sun 06:00,kitchen,kitchen,kitchen,kitchen,bedroom_1,bedroom_2,bedroom_1,kitchen,bedroom_3,bedroom_2,entry,entry,bedroom_1,bedroom_2,bedroom_3,living,bedroom_1,kitchen,bedroom_3,living,living,bedroom_1,kitchen,entry,entry,entry,entry,entry,entry,bedroom_1,bedroom_2,bedroom_1,living,bedroom_1,bedroom_2,bedroom_3,living,bedroom_1,bedroom_2,bedroom_3
19140,d13 Sun 07:00,kitchen,kitchen,kitchen,kitchen,bedroom_1,bedroom_2,bedroom_1,kitchen,bedroom_3,bedroom_2,entry,entry,bedroom_1,bedroom_2,bedroom_3,bedroom_2,bedroom_1,kitchen,bedroom_3,living,living,bedroom_1,kitchen,entry,entry,entry,entry,entry,entry,bedroom_1,bedroom_2,bedroom_1,living,bedroom_1,bedroom_2,bedroom_3,living,bedroom_1,bedroom_2,bedroom_3
19200,d13 Sun 08:00,kitchen,kitchen,kitchen,kitchen,bedroom_1,bedroom_2,bedroom_1,kitchen,bedroom_3,bedroom_2,entry,entry,bedroom_1,bedroom_2,bedroom_3,bedroom_2,bedroom_1,kitchen,bedroom_3,living,living,bedroom_1,kitchen,entry,entry,entry,entry,entry,entry,bedroom_1,bedroom_2,bedroom_1,living,bedroom_1,bedroom_2,bedroom_3,living,bedroom_1,bedroom_2,bedroom_3
19260,d13 Sun 09:00,kitchen,kitchen,kitchen,kitchen,bedroom_1,bedroom_2,bedroom_1,kitchen,bedroom_3,bedroom_2,entry,entry,bedroom_1,bedroom_2,bedroom_3,living,bedroom_1,kitchen,bedroom_3,living,living,bedroom_1,kitchen,entry,entry,entry,entry,entry,entry,bedroom_1,bedroom_2,bedroom_1,living,bedroom_1,bedroom_2,bedroom_3,living,bedroom_1,bedroom_2,bedroom_3
19320,d13 Sun 10:00,kitchen,kitchen,kitchen,kitchen,bedroom_1,bedroom_2,bedroom_1,kitchen,bedroom_3,bedroom_2,entry,entry,bedroom_1,bedroom_2,bedroom_3,bedroom_2,bedroom_1,kitchen,bedroom_3,living,living,bedroom_1,kitchen,entry,entry,entry,entry,entry,entry,bedroom_1,bedroom_2,bedroom_1,living,bedroom_1,bedroom_2,bedroom_3,living,bedroom_1,bedroom_2,bedroom_3
19380,d13 Sun 11:00,kitchen,kitchen,kitchen,kitchen,bedroom_1,bedroom_2,bedroom_1,kitchen,bedroom_3,bedroom_2,entry,entry,bedroom_1,bedroom_2,bedroom_3,bedroom_2,bedroom_1,kitchen,bedroom_3,living,living,bedroom_1,kitchen,entry,entry,entry,entry,entry,entry,bedroom_1,bedroom_2,bedroom_1,living,bedroom_1,bedroom_2,bedroom_3,living,bedroom_1,bedroom_2,bedroom_3
19440,d13 Sun 12:00,kitchen,kitchen,kitchen,kitchen,bedroom_1,bedroom_2,bedroom_1,kitchen,bedroom_3,bedroom_2,entry,entry,bedroom_1,bedroom_2,bedroom_3,bedroom_2,bedroom_1,kitchen,bedroom_3,living,living,bedroom_1,kitchen,entry,entry,entry,entry,entry,entry,bedroom_1,bedroom_2,bedroom_1,living,bedroom_1,bedroom_2,bedroom_3,living,bedroom_1,bedroom_2,bedroom_3
19500,d13 Sun 13:00,kitchen,kitchen,kitchen,kitchen,bedroom_1,bedroom_2,bedroom_1,kitchen,bedroom_3,bedroom_2,entry,entry,bedroom_1,bedroom_2,bedroom_3,bedroom_2,bedroom_1,kitchen,bedroom_3,living,living,bedroom_1,kitchen,entry,entry,entry,entry,entry,entry,bedroom_1,bedroom_2,bedroom_1,living,bedroom_1,bedroom_2,bedroom_3,living,bedroom_1,bedroom_2,bedroom_3
19560,d13 Sun 14:00,kitchen,kitchen,kitchen,kitchen,bedroom_1,bedroom_2,bedroom_1,kitchen,bedroom_3,bedroom_2,entry,entry,bedroom_1,bedroom_2,bedroom_3,bedroom_2,bedroom_1,kitchen,bedroom_3,living,living,bedroom_1,kitchen,entry,entry,entry,entry,entry,entry,bedroom_1,bedroom_2,bedroom_1,living,bedroom_1,bedroom_2,bedroom_3,living,bedroom_1,bedroom_2,bedroom_3
19620,d13 Sun 15:00,kitchen,kitchen,kitchen,kitchen,bedroom_1,bedroom_2,bedroom_1,kitchen,living,bedroom_2,entry,entry,bedroom_1,bedroom_2,living,bedroom_2,bedroom_1,kitchen,living,living,living,bedroom_1,kitchen,entry,entry,entry,entry,entry,entry,bedroom_1,bedroom_2,bedroom_1,living,bedroom_1,bedroom_2,living,living,bedroom_1,bedroom_2,living
19680,d13 Sun 16:00,kitchen,kitchen,kitchen,kitchen,bedroom_1,bedroom_2,bedroom_1,kitchen,living,bedroom_2,entry,entry,bedroom_1,bedroom_2,living,bedroom_2,bedroom_1,kitchen,living,living,living,bedroom_1,kitchen,entry,entry,entry,entry,entry,entry,bedroom_1,bedroom_2,bedroom_1,living,bedroom_1,bedroom_2,living,living,bedroom_1,bedroom_2,living
19740,d13 Sun 17:00,kitchen,kitchen,kitchen,kitchen,bedroom_1,bedroom_2,bedroom_1,kitchen,living,bedroom_2,entry,entry,bedroom_1,bedroom_2,living,bedroom_2,bedroom_1,kitchen,living,living,living,bedroom_1,kitchen,entry,entry,entry,entry,entry,entry,bedroom_1,bedroom_2,bedroom_1,living,bedroom_1,bedroom_2,living,living,bedroom_1,bedroom_2,living
19800,d13 Sun 18:00,kitchen,kitchen,kitchen,kitchen,bedroom_1,bedroom_2,bedroom_1,kitchen,living,bedroom_2,entry,entry,bedroom_1,bedroom_2,living,bedroom_2,bedroom_1,kitchen,living,living,living,bedroom_1,kitchen,entry,entry,entry,entry,entry,entry,bedroom_1,bedroom_2,bedroom_1,living,bedroom_1,bedroom_2,living,living,bedroom_1,bedroom_2,living
19860,d13 Sun 19:00,kitchen,living,kitchen,kitchen,bedroom_1,living,bedroom_1,living,living,bedroom_2,entry,entry,bedroom_1,living,living,bedroom_2,bedroom_1,kitchen,living,living,living,bedroom_1,living,entry,entry,entry,entry,entry,entry,bedroom_1,living,bedroom_1,living,bedroom_1,living,living,living,bedroom_1,living,living
19920,d13 Sun 20:00,kitchen,living,kitchen,kitchen,bedroom_1,living,bedroom_1,living,living,bedroom_2,kitchen,entry,bedroom_1,living,living,bedroom_2,bedroom_1,kitchen,living,living,living,bedroom_1,living,entry,entry,entry,entry,entry,entry,bedroom_1,living,bedroom_1,living,bedroom_1,living,living,living,bedroom_1,living,living
19980,d13 Sun 21:00,kitchen,living,kitchen,kitchen,bedroom_1,living,bedroom_1,living,living,bedroom_2,kitchen,entry,bedroom_1,living,bedroom_3,bedroom_2,bedroom_1,kitchen,bedroom_3,living,living,bedroom_1,living,entry,entry,entry,entry,entry,entry,living,living,bedroom_1,living,bedroom_1,living,bedroom_3,living,bedroom_1,living,bedroom_3
20040,d13 Sun 22:00,kitchen,living,kitchen,kitchen,bedroom_1,kitchen,bedroom_1,kitchen,living,bedroom_2,entry,entry,bedroom_1,bedroom_2,bedroom_3,bedroom_2,bedroom_1,kitchen,bedroom_3,kitchen,living,bedroom_1,living,entry,entry,entry,living,entry,entry,kitchen,bedroom_2,kitchen,living,bedroom_1,kitchen,bedroom_3,living,bedroom_1,living,bedroom_3
20100,d13 Sun 23:00,kitchen,living,kitchen,kitchen,bedroom_1,kitchen,bedroom_1,kitchen,living,bedroom_2,entry,entry,bedroom_1,bedroom_2,bedroom_3,bedroom_2,bedroom_1,kitchen,bedroom_3,kitchen,living,bedroom_1,living,entry,entry,entry,entry,entry,entry,kitchen,bedroom_2,kitchen,living,bedroom_1,kitchen,bedroom_3,living,bedroom_1,living,bedroom_3
20160,d14 Mon 00:00,kitchen,living,kitchen,kitchen,bedroom_1,kitchen,bedroom_1,kitchen,living,bedroom_2,entry,entry,bedroom_1,bedroom_2,bedroom_3,bedroom_2,bedroom_1,kitchen,bedroom_3,kitchen,living,bedroom_1,living,entry,entry,entry,entry,entry,entry,kitchen,bedroom_2,kitchen,living,bedroom_1,kitchen,bedroom_3,living,bedroom_1,living,bedroom_3
20220,d14 Mon 01:00,kitchen,living,kitchen,kitchen,bedroom_1,kitchen,bedroom_1,kitchen,living,bedroom_2,entry,entry,bedroom_1,bedroom_2,bedroom_3,bedroom_2,bedroom_1,kitchen,bedroom_3,kitchen,living,bedroom_1,living,entry,entry,entry,entry,entry,entry,kitchen,bedroom_2,kitchen,living,bedroom_1,kitchen,bedroom_3,living,bedroom_1,living,bedroom_3
20280,d14 Mon 02:00,kitchen,living,kitchen,kitchen,bedroom_1,kitchen,bedroom_1,kitchen,living,bedroom_2,entry,entry,bedroom_1,bedroom_2,bedroom_3,bedroom_2,bedroom_1,kitchen,bedroom_3,kitchen,living,bedroom_1,living,entry,entry,entry,entry,entry,entry,kitchen,bedroom_2,kitchen,living,bedroom_1,kitchen,bedroom_3,living,bedroom_1,living,bedroom_3
20340,d14 Mon 03:00,kitchen,living,kitchen,kitchen,bedroom_1,kitchen,bedroom_1,kitchen,living,bedroom_2,entry,entry,bedroom_1,bedroom_2,bedroom_3,bedroom_2,bedroom_1,kitchen,bedroom_3,kitchen,living,bedroom_1,living,entry,entry,entry,entry,entry,entry,kitchen,bedroom_2,kitchen,living,bedroom_1,kitchen,bedroom_3,living,bedroom_1,living,bedroom_3
20400,d14 Mon 04:00,kitchen,living,kitchen,kitchen,bedroom_1,kitchen,bedroom_1,kitchen,living,bedroom_2,entry,entry,bedroom_1,bedroom_2,bedroom_3,bedroom_2,bedroom_1,kitchen,bedroom_3,kitchen,living,bedroom_1,living,entry,entry,entry,entry,entry,entry,kitchen,bedroom_2,kitchen,living,bedroom_1,kitchen,bedroom_3,living,bedroom_1,living,bedroom_3
20460,d14 Mon 05:00,kitchen,living,kitchen,kitchen,bedroom_1,kitchen,bedroom_1,kitchen,living,bedroom_2,entry,entry,bedroom_1,bedroom_2,bedroom_3,bedroom_2,bedroom_1,kitchen,bedroom_3,kitchen,living,bedroom_1,living,entry,entry,entry,entry,entry,entry,kitchen,bedroom_2,kitchen,living,bedroom_1,kitchen,bedroom_3,living,bedroom_1,living,bedroom_3
20520,d14 Mon 06:00,kitchen,living,kitchen,kitchen,bedroom_1,kitchen,bedroom_1,kitchen,living,bedroom_2,entry,entry,bedroom_1,bedroom_2,bedroom_3,bedroom_2,bedroom_1,kitchen,bedroom_3,kitchen,living,bedroom_1,living,entry,entry,entry,entry,entry,entry,kitchen,bedroom_2,kitchen,living,bedroom_1,kitchen,bedroom_3,living,bedroom_1,living,bedroom_3
20580,d14 Mon 07:00,kitchen,living,entry,kitchen,kitchen,kitchen,kitchen,kitchen,living,bedroom_2,kitchen,entry,kitchen,bedroom_2,bedroom_3,bedroom_2,bedroom_1,kitchen,bedroom_3,kitchen,living,kitchen,living,entry,entry,kitchen,entry,entry,living,kitchen,bedroom_2,kitchen,living,kitchen,kitchen,bedroom_3,living,kitchen,living,bedroom_3
20640,d14 Mon 08:00,kitchen,living,entry,kitchen,kitchen,kitchen,kitchen,outside,outside,bedroom_2,kitchen,entry,kitchen,bedroom_2,outside,bedroom_2,bedroom_1,kitchen,outside,kitchen,living,kitchen,living,entry,entry,kitchen,entry,entry,living,kitchen,bedroom_2,kitchen,living,kitchen,kitchen,outside,living,kitchen,living,outside
20700,d14 Mon 09:00,kitchen,living,entry,kitchen,living,kitchen,kitchen,outside,outside,bedroom_2,kitchen,entry,kitchen,bedroom_2,outside,bedroom_2,bedroom_1,kitchen,outside,kitchen,living,bedroom_1,living,entry,entry,kitchen,entry,entry,living,kitchen,bedroom_2,kitchen,living,kitchen,kitchen,outside,living,kitchen,living,outside
20760,d14 Mon 10:00,kitchen,living,entry,kitchen,living,kitchen,kitchen,outside,outside,bedroom_2,kitchen,entry,kitchen,bedroom_2,outside,bedroom_2,bedroom_1,kitchen,outside,kitchen,living,bedroom_1,living,entry,entry,kitchen,entry,entry,living,kitchen,bedroom_2,kitchen,living,kitchen,kitchen,outside,living,kitchen,living,outside
20820,d14 Mon 11:00,kitchen,living,entry,kitchen,living,kitchen,kitchen,outside,outside,bedroom_2,kitchen,entry,kitchen,bedroom_2,outside,bedroom_2,bedroom_1,kitchen,outside,kitchen,living,bedroom_1,living,entry,entry,kitchen,entry,entry,living,kitchen,bedroom_2,kitchen,living,kitchen,kitchen,outside,living,kitchen,living,outside
20880,d14 Mon 12:00,kitchen,living,entry,kitchen,living,kitchen,kitchen,outside,outside,bedroom_2,kitchen,entry,kitchen,bedroom_2,outside,bedroom_2,bedroom_1,kitchen,outside,kitchen,living,bedroom_1,living,entry,entry,kitchen,entry,entry,living,kitchen,bedroom_2,kitchen,living,kitchen,kitchen,outside,living,kitchen,living,outside
20940,d14 Mon 13:00,kitchen,living,entry,kitchen,living,kitchen,kitchen,outside,outside,bedroom_2,kitchen,entry,kitchen,bedroom_2,outside,bedroom_2,bedroom_1,kitchen,outside,kitchen,living,bedroom_1,living,entry,entry,kitchen,entry,entry,living,kitchen,bedroom_2,kitchen,living,kitchen,kitchen,outside,living,kitchen,living,outside
21000,d14 Mon 14:00,kitchen,living,entry,kitchen,living,kitchen,kitchen,outside,outside,bedroom_2,kitchen,entry,kitchen,bedroom_2,outside,bedroom_2,bedroom_1,kitchen,outside,kitchen,living,bedroom_1,living,entry,entry,kitchen,entry,entry,living,kitchen,bedroom_2,kitchen,living,kitchen,kitchen,outside,living,kitchen,living,outside
21060,d14 Mon 15:00,kitchen,living,entry,kitchen,living,kitchen,kitchen,outside,outside,bedroom_2,kitchen,entry,kitchen,bedroom_2,outside,bedroom_2,bedroom_1,kitchen,outside,kitchen,living,living,living,entry,entry,kitchen,entry,entry,living,kitchen,bedroom_2,kitchen,living,kitchen,kitchen,outside,living,kitchen,living,outside
21120,d14 Mon 16:00,kitchen,living,kitchen,living,living,kitchen,kitchen,outside,kitchen,living,kitchen,entry,kitchen,bedroom_2,kitchen,living,bedroom_1,kitchen,kitchen,living,living,living,living,entry,entry,kitchen,entry,entry,living,kitchen,bedroom_2,kitchen,living,kitchen,kitchen,kitchen,living,kitchen,living,kitchen
21180,d14 Mon 17:00,kitchen,living,kitchen,living,living,kitchen,kitchen,outside,kitchen,living,kitchen,entry,kitchen,bedroom_2,kitchen,living,bedroom_1,kitchen,kitchen,living,living,living,living,entry,entry,kitchen,entry,entry,living,kitchen,bedroom_2,kitchen,living,kitchen,kitchen,kitchen,living,kitchen,living,kitchen
21240,d14 Mon 18:00,kitchen,living,kitchen,living,living,kitchen,kitchen,outside,living,living,kitchen,entry,kitchen,bedroom_2,kitchen,living,bedroom_1,kitchen,kitchen,living,living,living,living,entry,entry,kitchen,entry,entry,living,kitchen,bedroom_2,kitchen,living,kitchen,kitchen,kitchen,living,kitchen,living,kitchen
21300,d14 Mon 19:00,kitchen,living,kitchen,living,living,living,kitchen,living,living,living,kitchen,entry,kitchen,living,kitchen,living,kitchen,kitchen,kitchen,living,living,living,living,entry,entry,kitchen,entry,entry,living,kitchen,living,kitchen,living,kitchen,living,kitchen,living,kitchen,living,kitchen
21360,d14 Mon 20:00,kitchen,living,kitchen,living,living,living,kitchen,living,living,living,kitchen,entry,kitchen,living,kitchen,living,kitchen,kitchen,kitchen,living,living,living,living,entry,entry,kitchen,entry,entry,living,kitchen,living,kitchen,living,kitchen,living,kitchen,living,kitchen,living,kitchen
21420,d14 Mon 21:00,kitchen,living,kitchen,living,living,living,kitchen,living,living,living,kitchen,entry,kitchen,living,kitchen,living,kitchen,kitchen,kitchen,living,living,living,living,entry,entry,kitchen,entry,entry,living,kitchen,living,kitchen,living,kitchen,living,kitchen,living,kitchen,living,kitchen
21480,d14 Mon 22:00,kitchen,kitchen,kitchen,kitchen,bedroom_1,kitchen,bedroom_1,kitchen,bedroom_3,bedroom_2,entry,entry,bedroom_1,living,living,bedroom_2,bedroom_1,living,living,living,living,bedroom_1,kitchen,entry,entry,kitchen,living,entry,entry,bedroom_1,bedroom_2,kitchen,living,bedroom_1,kitchen,living,living,bedroom_1,kitchen,living
21540,d14 Mon 23:00,kitchen,kitchen,kitchen,kitchen,bedroom_1,kitchen,bedroom_1,kitchen,bedroom_3,bedroom_2,entry,entry,bedroom_1,living,living,bedroom_2,bedroom_1,living,living,living,living,bedroom_1,kitchen,entry,entry,kitchen,kitchen,entry,entry,bedroom_1,bedroom_2,kitchen,living,bedroom_1,kitchen,living,living,bedroom_1,kitchen,living
21600,d15 Tue 00:00,kitchen,kitchen,kitchen,kitchen,bedroom_1,kitchen,bedroom_1,kitchen,bedroom_3,bedroom_2,entry,entry,bedroom_1,living,bedroom_3,bedroom_2,bedroom_1,living,bedroom_3,living,living,bedroom_1,kitchen,entry,entry,kitchen,kitchen,entry,entry,bedroom_1,bedroom_2,kitchen,living,bedroom_1,kitchen,bedroom_3,living,bedroom_1,kitchen,bedroom_3
21660,d15 Tue 01:00,kitchen,kitchen,kitchen,kitchen,bedroom_1,kitchen,bedroom_1,kitchen,bedroom_3,bedroom_2,entry,entry,bedroom_1,living,bedroom_3,bedroom_2,bedroom_1,living,bedroom_3,living,living,bedroom_1,kitchen,entry,entry,kitchen,kitchen,entry,entry,bedroom_1,bedroom_2,kitchen,living,bedroom_1,kitchen,bedroom_3,living,bedroom_1,kitchen,bedroom_3
21720,d15 Tue 02:00,kitchen,kitchen,kitchen,kitchen,bedroom_1,kitchen,bedroom_1,kitchen,bedroom_3,bedroom_2,entry,entry,bedroom_1,living,bedroom_3,bedroom_2,bedroom_1,living,bedroom_3,living,living,bedroom_1,kitchen,entry,entry,kitchen,kitchen,entry,entry,bedroom_1,bedroom_2,kitchen,living,bedroom_1,kitchen,bedroom_3,living,bedroom_1,kitchen,bedroom_3
21780,d15 Tue 03:00,kitchen,kitchen,kitchen,kitchen,bedroom_1,kitchen,bedroom_1,kitchen,bedroom_3,bedroom_2,entry,entry,bedroom_1,living,bedroom_3,bedroom_2,bedroom_1,living,bedroom_3,living,living,bedroom_1,kitchen,entry,entry,kitchen,kitchen,entry,entry,bedroom_1,bedroom_2,kitchen,living,bedroom_1,kitchen,bedroom_3,living,bedroom_1,kitchen,bedroom_3
21840,d15 Tue 04:00,kitchen,kitchen,kitchen,kitchen,bedroom_1,kitchen,bedroom_1,kitchen,bedroom_3,bedroom_2,entry,entry,bedroom_1,living,bedroom_3,bedroom_2,bedroom_1,living,bedroom_3,living,living,bedroom_1,kitchen,entry,entry,kitchen,kitchen,entry,entry,bedroom_1,bedroom_2,kitchen,living,bedroom_1,kitchen,bedroom_3,living,bedroom_1,kitchen,bedroom_3
21900,d15 Tue 05:00,kitchen,kitchen,kitchen,kitchen,bedroom_1,kitchen,bedroom_1,kitchen,bedroom_3,bedroom_2,entry,entry,bedroom_1,living,bedroom_3,bedroom_2,bedroom_1,living,bedroom_3,living,living,bedroom_1,kitchen,entry,entry,kitchen,kitchen,entry,entry,bedroom_1,bedroom_2,kitchen,living,bedroom_1,kitchen,bedroom_3,living,bedroom_1,kitchen,bedroom_3
21960,d15 Tue 06:00,kitchen,kitchen,kitchen,kitchen,bedroom_1,kitchen,bedroom_1,kitchen,bedroom_3,bedroom_2,entry,entry,bedroom_1,living,bedroom_3,bedroom_2,bedroom_1,living,bedroom_3,living,living,bedroom_1,kitchen,entry,entry,kitchen,kitchen,entry,entry,bedroom_1,bedroom_2,kitchen,living,bedroom_1,kitchen,bedroom_3,living,bedroom_1,kitchen,bedroom_3
22020,d15 Tue 07:00,kitchen,kitchen,kitchen,kitchen,bedroom_1,kitchen,bedroom_1,kitchen,bedroom_3,bedroom_2,entry,entry,bedroom_1,living,bedroom_3,bedroom_2,bedroom_1,kitchen,bedroom_3,living,living,bedroom_1,kitchen,entry,entry,kitchen,entry,entry,entry,bedroom_1,bedroom_2,kitchen,living,bedroom_1,kitchen,bedroom_3,living,bedroom_1,kitchen,bedroom_3
22080,d15 Tue 08:00,kitchen,kitchen,entry,kitchen,kitchen,kitchen,kitchen,outside,outside,bedroom_2,kitchen,entry,kitchen,living,outside,bedroom_2,bedroom_1,kitchen,outside,living,living,kitchen,kitchen,entry,entry,kitchen,entry,entry,living,kitchen,bedroom_2,kitchen,living,kitchen,kitchen,outside,living,kitchen,kitchen,outside
22140,d15 Tue 09:00,kitchen,kitchen,entry,kitchen,living,kitchen,kitchen,outside,outside,bedroom_2,kitchen,entry,kitchen,living,outside,bedroom_2,bedroom_1,kitchen,outside,living,living,living,kitchen,entry,entry,kitchen,entry,entry,living,kitchen,bedroom_2,kitchen,living,kitchen,kitchen,outside,living,kitchen,kitchen,outside
22200,d15 Tue 10:00,kitchen,kitchen,entry,kitchen,living,kitchen,kitchen,outside,outside,bedroom_2,kitchen,entry,kitchen,living,outside,bedroom_2,bedroom_1,kitchen,outside,living,living,living,kitchen,entry,entry,kitchen,entry,entry,living,kitchen,bedroom_2,kitchen,living,kitchen,kitchen,outside,living,kitchen,kitchen,outside
22260,d15 Tue 11:00,kitchen,kitchen,entry,kitchen,living,kitchen,kitchen,outside,outside,bedroom_2,kitchen,entry,kitchen,living,outside,bedroom_2,bedroom_1,kitchen,outside,living,living,living,kitchen,entry,entry,kitchen,entry,entry,living,kitchen,bedroom_2,kitchen,living,kitchen,kitchen,outside,living,kitchen,kitchen,outside
22320,d15 Tue 12:00,kitchen,kitchen,entry,kitchen,living,kitchen,kitchen,outside,outside,bedroom_2,kitchen,entry,kitchen,living,outside,bedroom_2,bedroom_1,kitchen,outside,living,living,living,kitchen,entry,entry,kitchen,entry,entry,living,kitchen,bedroom_2,kitchen,living,kitchen,kitchen,outside,living,kitchen,kitchen,outside
22380,d15 Tue 13:00,kitchen,kitchen,entry,kitchen,living,kitchen,kitchen,outside,outside,bedroom_2,kitchen,entry,kitchen,living,outside,bedroom_2,bedroom_1,kitchen,outside,living,living,living,kitchen,entry,entry,kitchen,entry,entry,living,kitchen,bedroom_2,kitchen,living,kitchen,kitchen,outside,living,kitchen,kitchen,outside
22440,d15 Tue 14:00,kitchen,kitchen,entry,kitchen,living,kitchen,kitchen,outside,outside,bedroom_2,kitchen,entry,kitchen,living,outside,bedroom_2,bedroom_1,kitchen,outside,living,living,living,kitchen,entry,entry,kitchen,entry,entry,living,kitchen,bedroom_2,kitchen,living,kitchen,kitchen,outside,living,kitchen,kitchen,outside
22500,d15 Tue 15:00,kitchen,kitchen,kitchen,living,living,kitchen,kitchen,outside,kitchen,living,kitchen,entry,kitchen,living,kitchen,living,bedroom_1,kitchen,kitchen,living,living,living,kitchen,entry,entry,kitchen,entry,entry,living,kitchen,bedroom_2,kitchen,living,kitchen,kitchen,kitchen,living,kitchen,kitchen,kitchen
22560,d15 Tue 16:00,kitchen,kitchen,kitchen,living,living,kitchen,kitchen,outside,kitchen,living,kitchen,entry,kitchen,living,kitchen,living,kitchen,kitchen,kitchen,living,living,living,kitchen,entry,entry,kitchen,entry,entry,living,kitchen,bedroom_2,kitchen,living,kitchen,kitchen,kitchen,living,kitchen,kitchen,kitchen
22620,d15 Tue 17:00,kitchen,kitchen,kitchen,living,living,kitchen,kitchen,outside,kitchen,living,kitchen,entry,kitchen,living,kitchen,living,kitchen,kitchen,kitchen,living,living,living,kitchen,entry,entry,kitchen,entry,entry,living,kitchen,bedroom_2,kitchen,living,kitchen,kitchen,kitchen,living,kitchen,kitchen,kitchen
22680,d15 Tue 18:00,kitchen,kitchen,kitchen,living,living,kitchen,kitchen,outside,living,living,kitchen,entry,kitchen,living,kitchen,living,kitchen,kitchen,kitchen,living,living,living,kitchen,entry,entry,kitchen,entry,entry,living,kitchen,bedroom_2,kitchen,living,kitchen,kitchen,kitchen,living,kitchen,kitchen,kitchen
22740,d15 Tue 19:00,kitchen,kitchen,kitchen,living,kitchen,kitchen,kitchen,outside,living,living,kitchen,entry,kitchen,living,kitchen,living,kitchen,kitchen,kitchen,living,living,kitchen,kitchen,entry,entry,kitchen,entry,entry,living,kitchen,bedroom_2,kitchen,living,kitchen,kitchen,kitchen,living,kitchen,kitchen,kitchen
22800,d15 Tue 20:00,kitchen,kitchen,kitchen,living,bedroom_1,kitchen,kitchen,outside,living,living,kitchen,entry,kitchen,living,kitchen,living,bedroom_1,kitchen,kitchen,living,living,living,kitchen,entry,entry,kitchen,entry,entry,living,kitchen,bedroom_2,kitchen,living,kitchen,kitchen,kitchen,living,kitchen,kitchen,kitchen
22860,d15 Tue 21:00,kitchen,kitchen,kitchen,living,living,kitchen,kitchen,outside,living,living,kitchen,entry,kitchen,living,kitchen,living,bedroom_1,kitchen,kitchen,living,living,bedroom_1,living,entry,entry,kitchen,entry,entry,living,kitchen,bedroom_2,kitchen,living,kitchen,kitchen,kitchen,living,kitchen,kitchen,kitchen
22920,d15 Tue 22:00,kitchen,kitchen,kitchen,living,living,kitchen,kitchen,outside,living,living,kitchen,entry,kitchen,living,kitchen,living,bedroom_1,kitchen,kitchen,living,living,bedroom_1,living,entry,entry,kitchen,entry,entry,living,kitchen,bedroom_2,kitchen,living,kitchen,kitchen,kitchen,living,kitchen,kitchen,kitchen
22980,d15 Tue 23:00,kitchen,kitchen,kitchen,kitchen,bedroom_1,bedroom_2,bedroom_1,kitchen,bedroom_3,bedroom_2,entry,entry,bedroom_1,bedroom_2,living,bedroom_2,bedroom_1,kitchen,living,kitchen,living,bedroom_1,kitchen,entry,entry,entry,entry,entry,entry,bedroom_1,bedroom_2,bedroom_1,bedroom_2,bedroom_1,bedroom_2,living,living,bedroom_1,bedroom_2,living
23040,d16 Wed 00:00,kitchen,kitchen,kitchen,kitchen,bedroom_1,bedroom_2,bedroom_1,kitchen,bedroom_3,bedroom_2,entry,entry,bedroom_1,bedroom_2,living,bedroom_2,bedroom_1,kitchen,living,kitchen,living,bedroom_1,kitchen,entry,entry,entry,entry,entry,entry,bedroom_1,bedroom_2,bedroom_1,bedroom_2,bedroom_1,bedroom_2,living,living,bedroom_1,bedroom_2,living
23100,d16 Wed 01:00,kitchen,kitchen,kitchen,kitchen,bedroom_1,bedroom_2,bedroom_1,kitchen,bedroom_3,bedroom_2,entry,entry,bedroom_1,bedroom_2,living,bedroom_2,bedroom_1,kitchen,living,kitchen,living,bedroom_1,kitchen,entry,entry,entry,entry,entry,entry,bedroom_1,bedroom_2,bedroom_1,bedroom_2,bedroom_1,bedroom_2,living,living,bedroom_1,bedroom_2,living
23160,d16 Wed 02:00,kitchen,kitchen,kitchen,kitchen,bedroom_1,bedroom_2,bedroom_1,kitchen,bedroom_3,bedroom_2,entry,entry,bedroom_1,bedroom_2,living,bedroom_2,bedroom_1,kitchen,living,kitchen,living,bedroom_1,kitchen,entry,entry,entry,entry,entry,entry,bedroom_1,bedroom_2,bedroom_1,bedroom_2,bedroom_1,bedroom_2,living,living,bedroom_1,bedroom_2,living
23220,d16 Wed 03:00,kitchen,kitchen,kitchen,kitchen,bedroom_1,bedroom_2,bedroom_1,kitchen,bedroom_3,bedroom_2,entry,entry,bedroom_1,bedroom_2,living,bedroom_2,bedroom_1,kitchen,living,kitchen,living,bedroom_1,kitchen,entry,entry,entry,entry,entry,entry,bedroom_1,bedroom_2,bedroom_1,bedroom_2,bedroom_1,bedroom_2,living,living,bedroom_1,bedroom_2,living
23280,d16 Wed 04:00,kitchen,kitchen,kitchen,kitchen,bedroom_1,bedroom_2,bedroom_1,kitchen,bedroom_3,bedroom_2,entry,entry,bedroom_1,bedroom_2,living,bedroom_2,bedroom_1,kitchen,living,kitchen,living,bedroom_1,kitchen,entry,entry,entry,entry,entry,entry,bedroom_1,bedroom_2,bedroom_1,bedroom_2,bedroom_1,bedroom_2,living,living,bedroom_1,bedroom_2,living
23340,d16 Wed 05:00,kitchen,kitchen,kitchen,kitchen,bedroom_1,bedroom_2,bedroom_1,kitchen,bedroom_3,bedroom_2,entry,entry,bedroom_1,bedroom_2,living,bedroom_2,bedroom_1,kitchen,living,kitchen,living,bedroom_1,kitchen,entry,entry,entry,entry,entry,entry,bedroom_1,bedroom_2,bedroom_1,bedroom_2,bedroom_1,bedroom_2,living,living,bedroom_1,bedroom_2,living
23400,d16 Wed 06:00,kitchen,kitchen,kitchen,kitchen,bedroom_1,bedroom_2,bedroom_1,kitchen,bedroom_3,bedroom_2,entry,entry,bedroom_1,bedroom_2,living,bedroom_2,bedroom_1,kitchen,living,kitchen,living,bedroom_1,kitchen,entry,entry,entry,entry,entry,entry,bedroom_1,bedroom_2,bedroom_1,bedroom_2,bedroom_1,bedroom_2,living,living,bedroom_1,bedroom_2,living
23460,d16 Wed 07:00,kitchen,kitchen,kitchen,kitchen,bedroom_1,bedroom_2,bedroom_1,kitchen,bedroom_3,bedroom_2,entry,entry,bedroom_1,bedroom_2,living,bedroom_2,bedroom_1,kitchen,living,kitchen,living,bedroom_1,kitchen,entry,entry,entry,entry,entry,entry,bedroom_1,bedroom_2,bedroom_1,bedroom_2,bedroom_1,bedroom_2,living,living,bedroom_1,bedroom_2,living
23520,d16 Wed 08:00,kitchen,kitchen,entry,kitchen,bedroom_1,bedroom_2,kitchen,outside,outside,bedroom_2,kitchen,entry,kitchen,bedroom_2,outside,bedroom_2,bedroom_1,kitchen,outside,kitchen,living,bedroom_1,kitchen,entry,entry,kitchen,entry,entry,living,kitchen,bedroom_2,kitchen,bedroom_2,kitchen,bedroom_2,outside,living,kitchen,bedroom_2,outside
23580,d16 Wed 09:00,kitchen,kitchen,entry,kitchen,living,bedroom_2,kitchen,outside,outside,bedroom_2,kitchen,entry,kitchen,bedroom_2,outside,bedroom_2,bedroom_1,kitchen,outside,kitchen,living,bedroom_1,kitchen,entry,entry,kitchen,entry,entry,living,kitchen,bedroom_2,kitchen,bedroom_2,kitchen,bedroom_2,outside,living,kitchen,bedroom_2,outside
23640,d16 Wed 10:00,kitchen,kitchen,entry,kitchen,living,bedroom_2,kitchen,outside,outside,bedroom_2,kitchen,entry,kitchen,bedroom_2,outside,bedroom_2,bedroom_1,kitchen,outside,kitchen,living,bedroom_1,kitchen,entry,entry,kitchen,entry,entry,living,kitchen,bedroom_2,kitchen,bedroom_2,kitchen,bedroom_2,outside,living,kitchen,bedroom_2,outside
23700,d16 Wed 11:00,kitchen,kitchen,entry,kitchen,living,bedroom_2,kitchen,outside,outside,bedroom_2,kitchen,entry,kitchen,bedroom_2,outside,bedroom_2,bedroom_1,kitchen,outside,kitchen,living,bedroom_1,kitchen,entry,entry,kitchen,entry,entry,living,kitchen,bedroom_2,kitchen,bedroom_2,kitchen,bedroom_2,outside,living,kitchen,bedroom_2,outside
23760,d16 Wed 12:00,kitchen,kitchen,entry,kitchen,living,bedroom_2,kitchen,outside,outside,bedroom_2,kitchen,entry,kitchen,bedroom_2,outside,bedroom_2,bedroom_1,kitchen,outside,kitchen,living,bedroom_1,kitchen,entry,entry,kitchen,entry,entry,living,kitchen,bedroom_2,kitchen,bedroom_2,kitchen,bedroom_2,outside,living,kitchen,bedroom_2,outside
23820,d16 Wed 13:00,kitchen,kitchen,entry,kitchen,living,bedroom_2,kitchen,outside,outside,bedroom_2,kitchen,entry,kitchen,bedroom_2,outside,bedroom_2,bedroom_1,kitchen,outside,kitchen,living,bedroom_1,kitchen,entry,entry,kitchen,entry,entry,living,kitchen,bedroom_2,kitchen,bedroom_2,kitchen,bedroom_2,outside,living,kitchen,bedroom_2,outside
23880,d16 Wed 14:00,kitchen,kitchen,entry,kitchen,living,bedroom_2,kitchen,outside,outside,bedroom_2,kitchen,entry,kitchen,bedroom_2,outside,bedroom_2,bedroom_1,kitchen,outside,kitchen,living,bedroom_1,kitchen,entry,entry,kitchen,entry,entry,living,kitchen,bedroom_2,kitchen,bedroom_2,kitchen,bedroom_2,outside,living,kitchen,bedroom_2,outside
23940,d16 Wed 15:00,kitchen,kitchen,entry,kitchen,living,bedroom_2,kitchen,outside,outside,bedroom_2,kitchen,entry,kitchen,bedroom_2,outside,bedroom_2,bedroom_1,kitchen,outside,kitchen,living,bedroom_1,kitchen,entry,entry,kitchen,entry,entry,living,kitchen,bedroom_2,kitchen,bedroom_2,kitchen,bedroom_2,outside,living,kitchen,bedroom_2,outside
24000,d16 Wed 16:00,kitchen,kitchen,entry,kitchen,living,bedroom_2,kitchen,outside,outside,bedroom_2,kitchen,entry,kitchen,bedroom_2,outside,bedroom_2,bedroom_1,kitchen,outside,kitchen,living,bedroom_1,kitchen,entry,entry,kitchen,entry,entry,living,kitchen,bedroom_2,kitchen,bedroom_2,kitchen,bedroom_2,outside,living,kitchen,bedroom_2,outside
24060,d16 Wed 17:00,kitchen,kitchen,entry,kitchen,living,bedroom_2,kitchen,outside,outside,bedroom_2,kitchen,entry,kitchen,bedroom_2,outside,bedroom_2,bedroom_1,kitchen,outside,kitchen,living,bedroom_1,kitchen,entry,entry,kitchen,entry,entry,living,kitchen,bedroom_2,kitchen,bedroom_2,kitchen,bedroom_2,outside,living,kitchen,bedroom_2,outside
24120,d16 Wed 18:00,kitchen,kitchen,kitchen,living,living,bedroom_2,kitchen,outside,living,living,kitchen,entry,kitchen,bedroom_2,kitchen,living,kitchen,kitchen,kitchen,living,living,bedroom_1,kitchen,entry,entry,kitchen,entry,entry,living,kitchen,bedroom_2,kitchen,living,kitchen,bedroom_2,kitchen,living,kitchen,bedroom_2,kitchen
24180,d16 Wed 19:00,kitchen,living,kitchen,living,living,living,kitchen,living,living,living,kitchen,entry,kitchen,living,kitchen,living,kitchen,kitchen,kitchen,living,living,bedroom_1,living,entry,entry,kitchen,entry,entry,living,kitchen,living,kitchen,living,kitchen,living,kitchen,living,kitchen,living,kitchen
24240,d16 Wed 20:00,kitchen,living,kitchen,living,living,living,kitchen,living,living,living,kitchen,entry,kitchen,living,kitchen,living,kitchen,kitchen,kitchen,living,living,bedroom_1,living,entry,entry,kitchen,entry,entry,living,kitchen,living,kitchen,living,kitchen,living,kitchen,living,kitchen,living,kitchen
24300,d16 Wed 21:00,kitchen,living,kitchen,living,living,living,kitchen,living,living,living,kitchen,entry,kitchen,living,kitchen,living,kitchen,kitchen,kitchen,living,living,bedroom_1,living,entry,entry,kitchen,entry,entry,living,kitchen,living,kitchen,living,kitchen,living,kitchen,living,kitchen,living,kitchen
24360,d16 Wed 22:00,kitchen,living,kitchen,kitchen,bedroom_1,living,bedroom_1,kitchen,bedroom_3,bedroom_2,entry,entry,bedroom_1,living,bedroom_3,bedroom_2,bedroom_1,kitchen,bedroom_3,kitchen,living,bedroom_1,kitchen,entry,entry,entry,entry,entry,entry,bedroom_1,bedroom_2,kitchen,living,bedroom_1,kitchen,bedroom_3,living,bedroom_1,kitchen,bedroom_3
24420,d16 Wed 23:00,kitchen,living,kitchen,kitchen,bedroom_1,living,bedroom_1,kitchen,bedroom_3,bedroom_2,entry,entry,bedroom_1,living,bedroom_3,bedroom_2,bedroom_1,kitchen,bedroom_3,kitchen,living,bedroom_1,kitchen,entry,entry,entry,kitchen,entry,entry,bedroom_1,bedroom_2,kitchen,living,bedroom_1,kitchen,bedroom_3,living,bedroom_1,kitchen,bedroom_3
24480,d17 Thu 00:00,kitchen,living,kitchen,kitchen,bedroom_1,living,bedroom_1,kitchen,bedroom_3,bedroom_2,entry,entry,bedroom_1,living,bedroom_3,bedroom_2,bedroom_1,kitchen,bedroom_3,kitchen,living,bedroom_1,kitchen,entry,entry,entry,kitchen,entry,entry,bedroom_1,bedroom_2,kitchen,living,bedroom_1,kitchen,bedroom_3,living,bedroom_1,kitchen,bedroom_3
24540,d17 Thu 01:00,kitchen,living,kitchen,kitchen,bedroom_1,living,bedroom_1,kitchen,bedroom_3,bedroom_2,entry,entry,bedroom_1,living,bedroom_3,bedroom_2,bedroom_1,kitchen,bedroom_3,kitchen,living,bedroom_1,kitchen,entry,entry,entry,kitchen,entry,entry,bedroom_1,bedroom_2,kitchen,living,bedroom_1,kitchen,bedroom_3,living,bedroom_1,kitchen,bedroom_3
24600,d17 Thu 02:00,kitchen,living,kitchen,kitchen,bedroom_1,living,bedroom_1,kitchen,bedroom_3,bedroom_2,entry,entry,bedroom_1,living,bedroom_3,bedroom_2,bedroom_1,kitchen,bedroom_3,kitchen,living,bedroom_1,kitchen,entry,entry,entry,kitchen,entry,entry,bedroom_1,bedroom_2,kitchen,living,bedroom_1,kitchen,bedroom_3,living,bedroom_1,kitchen,bedroom_3
24660,d17 Thu 03:00,kitchen,living,kitchen,kitchen,bedroom_1,living,bedroom_1,kitchen,bedroom_3,bedroom_2,entry,entry,bedroom_1,living,bedroom_3,bedroom_2,bedroom_1,kitchen,bedroom_3,kitchen,living,bedroom_1,living,entry,entry,entry,kitchen,entry,entry,living,bedroom_2,kitchen,living,bedroom_1,kitchen,bedroom_3,living,bedroom_1,kitchen,bedroom_3
24720,d17 Thu 04:00,kitchen,living,kitchen,kitchen,bedroom_1,living,bedroom_1,kitchen,bedroom_3,bedroom_2,entry,entry,bedroom_1,living,bedroom_3,bedroom_2,bedroom_1,kitchen,bedroom_3,kitchen,living,bedroom_1,living,entry,entry,entry,kitchen,entry,entry,living,bedroom_2,kitchen,living,bedroom_1,kitchen,bedroom_3,living,bedroom_1,kitchen,bedroom_3
24780,d17 Thu 05:00,kitchen,living,kitchen,kitchen,bedroom_1,living,bedroom_1,kitchen,bedroom_3,bedroom_2,entry,entry,bedroom_1,living,bedroom_3,bedroom_2,bedroom_1,kitchen,bedroom_3,kitchen,living,bedroom_1,living,entry,entry,entry,kitchen,entry,entry,living,bedroom_2,kitchen,living,bedroom_1,kitchen,bedroom_3,living,bedroom_1,kitchen,bedroom_3
24840,d17 Thu 06:00,kitchen,living,kitchen,kitchen,bedroom_1,living,bedroom_1,kitchen,bedroom_3,bedroom_2,entry,entry,bedroom_1,living,bedroom_3,bedroom_2,bedroom_1,kitchen,bedroom_3,kitchen,living,bedroom_1,living,entry,entry,entry,kitchen,entry,entry,living,bedroom_2,kitchen,living,bedroom_1,kitchen,bedroom_3,living,bedroom_1,kitchen,bedroom_3
24900,d17 Thu 07:00,kitchen,living,kitchen,kitchen,bedroom_1,living,bedroom_1,kitchen,bedroom_3,bedroom_2,entry,entry,bedroom_1,living,bedroom_3,living,bedroom_1,kitchen,bedroom_3,kitchen,living,bedroom_1,living,entry,entry,entry,entry,entry,entry,living,bedroom_2,kitchen,living,bedroom_1,kitchen,bedroom_3,living,bedroom_1,kitchen,bedroom_3
24960,d17 Thu 08:00,kitchen,living,entry,kitchen,bedroom_1,living,kitchen,outside,outside,bedroom_2,kitchen,entry,kitchen,living,outside,living,bedroom_1,kitchen,outside,kitchen,living,living,living,entry,entry,kitchen,entry,entry,living,kitchen,bedroom_2,kitchen,living,kitchen,kitchen,outside,living,kitchen,kitchen,outside
25020,d17 Thu 09:00,kitchen,living,entry,kitchen,bedroom_1,living,kitchen,outside,outside,bedroom_2,kitchen,entry,kitchen,living,outside,living,bedroom_1,kitchen,outside,kitchen,living,bedroom_1,living,entry,entry,kitchen,entry,entry,living,kitchen,bedroom_2,kitchen,living,kitchen,kitchen,outside,living,kitchen,kitchen,outside
25080,d17 Thu 10:00,kitchen,living,entry,kitchen,living,living,kitchen,outside,outside,bedroom_2,kitchen,entry,kitchen,living,outside,living,bedroom_1,kitchen,outside,kitchen,living,bedroom_1,living,entry,entry,kitchen,entry,entry,living,kitchen,bedroom_2,kitchen,living,kitchen,kitchen,outside,living,kitchen,kitchen,outside
25140,d17 Thu 11:00,kitchen,living,entry,kitchen,living,living,kitchen,outside,outside,bedroom_2,kitchen,entry,kitchen,living,outside,living,bedroom_1,kitchen,outside,kitchen,living,bedroom_1,living,entry,entry,kitchen,entry,entry,living,kitchen,bedroom_2,kitchen,living,kitchen,kitchen,outside,living,kitchen,kitchen,outside
25200,d17 Thu 12:00,kitchen,living,entry,kitchen,living,living,kitchen,outside,outside,bedroom_2,kitchen,entry,kitchen,living,outside,living,bedroom_1,kitchen,outside,kitchen,living,bedroom_1,living,entry,entry,kitchen,entry,entry,living,kitchen,bedroom_2,kitchen,living,kitchen,kitchen,outside,living,kitchen,kitchen,outside
25260,d17 Thu 13:00,kitchen,living,entry,kitchen,bedroom_1,living,kitchen,outside,outside,bedroom_2,kitchen,entry,kitchen,living,outside,living,bedroom_1,kitchen,outside,kitchen,living,bedroom_1,living,entry,entry,kitchen,entry,entry,living,kitchen,bedroom_2,kitchen,living,kitchen,kitchen,outside,living,kitchen,kitchen,outside
25320,d17 Thu 14:00,kitchen,living,entry,kitchen,living,living,kitchen,outside,outside,bedroom_2,kitchen,entry,kitchen,living,outside,living,bedroom_1,kitchen,outside,kitchen,living,bedroom_1,living,entry,entry,kitchen,entry,entry,living,kitchen,bedroom_2,kitchen,living,kitchen,kitchen,outside,living,kitchen,kitchen,outside
25380,d17 Thu 15:00,kitchen,living,kitchen,living,bedroom_1,living,kitchen,outside,living,living,kitchen,entry,kitchen,living,kitchen,living,bedroom_3,kitchen,kitchen,living,living,bedroom_1,living,entry,entry,kitchen,entry,entry,living,kitchen,bedroom_2,kitchen,living,kitchen,kitchen,kitchen,living,kitchen,kitchen,kitchen
25440,d17 Thu 16:00,kitchen,living,kitchen,living,bedroom_1,living,kitchen,outside,living,living,kitchen,entry,kitchen,living,kitchen,living,bedroom_3,kitchen,kitchen,living,living,bedroom_1,living,entry,entry,kitchen,entry,entry,living,kitchen,bedroom_2,kitchen,living,kitchen,kitchen,kitchen,living,kitchen,kitchen,kitchen
25500,d17 Thu 17:00,kitchen,living,kitchen,living,bedroom_1,living,kitchen,outside,living,living,kitchen,entry,kitchen,living,kitchen,living,bedroom_3,kitchen,kitchen,living,living,bedroom_1,living,entry,entry,kitchen,entry,entry,living,kitchen,bedroom_2,kitchen,living,kitchen,kitchen,kitchen,living,kitchen,kitchen,kitchen
25560,d17 Thu 18:00,kitchen,living,kitchen,living,bedroom_1,living,kitchen,outside,living,living,kitchen,entry,kitchen,living,kitchen,living,bedroom_3,kitchen,kitchen,living,living,bedroom_1,living,entry,entry,kitchen,entry,entry,living,kitchen,bedroom_2,kitchen,living,kitchen,kitchen,kitchen,living,kitchen,kitchen,kitchen
25620,d17 Thu 19:00,kitchen,living,kitchen,living,bedroom_1,living,kitchen,living,living,living,kitchen,entry,kitchen,living,kitchen,living,bedroom_3,kitchen,kitchen,living,living,bedroom_1,living,entry,entry,kitchen,entry,entry,living,kitchen,living,kitchen,living,kitchen,living,kitchen,living,kitchen,living,kitchen
25680,d17 Thu 20:00,kitchen,living,kitchen,living,bedroom_1,living,kitchen,living,living,living,kitchen,entry,kitchen,living,kitchen,living,bedroom_3,kitchen,kitchen,living,living,bedroom_1,living,entry,entry,kitchen,entry,entry,living,kitchen,living,kitchen,living,kitchen,living,kitchen,living,kitchen,living,kitchen
25740,d17 Thu 21:00,kitchen,living,kitchen,living,bedroom_1,living,kitchen,living,living,living,kitchen,entry,kitchen,living,kitchen,living,bedroom_3,kitchen,kitchen,living,living,bedroom_1,living,entry,entry,kitchen,entry,entry,living,kitchen,living,kitchen,living,kitchen,living,kitchen,living,kitchen,living,kitchen
25800,d17 Thu 22:00,kitchen,living,kitchen,kitchen,bedroom_1,kitchen,bedroom_1,kitchen,bedroom_3,bedroom_2,entry,entry,bedroom_1,living,living,bedroom_2,bedroom_1,kitchen,living,living,living,bedroom_1,kitchen,entry,entry,kitchen,living,entry,entry,bedroom_1,living,kitchen,living,bedroom_1,kitchen,living,living,bedroom_1,kitchen,living
25860,d17 Thu 23:00,kitchen,living,kitchen,kitchen,bedroom_1,kitchen,bedroom_1,kitchen,bedroom_3,bedroom_2,entry,entry,bedroom_1,living,bedroom_3,bedroom_2,bedroom_1,kitchen,bedroom_3,living,living,bedroom_1,kitchen,entry,entry,kitchen,entry,entry,entry,bedroom_1,living,kitchen,living,bedroom_1,kitchen,bedroom_3,living,bedroom_1,kitchen,bedroom_3
25920,d18 Fri 00:00,kitchen,living,kitchen,kitchen,bedroom_1,kitchen,bedroom_1,kitchen,living,bedroom_2,entry,entry,bedroom_1,living,bedroom_3,bedroom_2,bedroom_1,kitchen,bedroom_3,living,living,bedroom_1,living,entry,entry,kitchen,entry,kitchen,entry,living,living,kitchen,living,bedroom_1,kitchen,bedroom_3,living,bedroom_1,kitchen,bedroom_3
25980,d18 Fri 01:00,kitchen,living,kitchen,kitchen,bedroom_1,kitchen,bedroom_1,kitchen,living,bedroom_2,entry,entry,bedroom_1,living,bedroom_3,bedroom_2,bedroom_1,kitchen,bedroom_3,living,living,bedroom_1,living,entry,entry,kitchen,entry,kitchen,entry,living,living,kitchen,living,bedroom_1,kitchen,bedroom_3,living,bedroom_1,kitchen,bedroom_3
26040,d18 Fri 02:00,kitchen,living,kitchen,kitchen,bedroom_1,kitchen,bedroom_1,kitchen,living,bedroom_2,entry,entry,bedroom_1,living,bedroom_3,bedroom_2,bedroom_1,kitchen,bedroom_3,living,living,bedroom_1,living,entry,entry,kitchen,entry,kitchen,entry,living,living,kitchen,living,bedroom_1,kitchen,bedroom_3,living,bedroom_1,kitchen,bedroom_3
26100,d18 Fri 03:00,kitchen,living,kitchen,kitchen,bedroom_1,kitchen,bedroom_1,kitchen,living,bedroom_2,entry,entry,bedroom_1,living,bedroom_3,bedroom_2,bedroom_1,kitchen,bedroom_3,living,living,bedroom_1,living,entry,entry,kitchen,entry,kitchen,entry,living,living,kitchen,living,bedroom_1,kitchen,bedroom_3,living,bedroom_1,kitchen,bedroom_3
26160,d18 Fri 04:00,kitchen,living,kitchen,kitchen,bedroom_1,kitchen,bedroom_1,kitchen,living,bedroom_2,entry,entry,bedroom_1,living,bedroom_3,bedroom_2,bedroom_1,kitchen,bedroom_3,living,living,bedroom_1,living,entry,entry,kitchen,entry,kitchen,entry,living,living,kitchen,living,bedroom_1,kitchen,bedroom_3,living,bedroom_1,kitchen,bedroom_3
26220,d18 Fri 05:00,kitchen,living,kitchen,kitchen,bedroom_1,kitchen,bedroom_1,kitchen,living,bedroom_2,entry,entry,bedroom_1,living,bedroom_3,bedroom_2,bedroom_1,kitchen,bedroom_3,living,living,bedroom_1,living,entry,entry,kitchen,entry,kitchen,entry,living,living,kitchen,living,bedroom_1,kitchen,bedroom_3,living,bedroom_1,kitchen,bedroom_3
26280,d18 Fri 06:00,kitchen,living,kitchen,kitchen,bedroom_1,kitchen,bedroom_1,kitchen,living,bedroom_2,entry,entry,bedroom_1,living,bedroom_3,bedroom_2,bedroom_1,kitchen,bedroom_3,living,living,bedroom_1,living,entry,entry,kitchen,entry,kitchen,entry,living,living,kitchen,living,bedroom_1,kitchen,bedroom_3,living,bedroom_1,kitchen,bedroom_3
26340,d18 Fri 07:00,kitchen,living,kitchen,kitchen,bedroom_1,kitchen,bedroom_1,kitchen,living,bedroom_2,entry,entry,bedroom_1,living,bedroom_3,living,bedroom_1,kitchen,bedroom_3,living,living,bedroom_1,living,entry,entry,kitchen,entry,kitchen,entry,living,living,kitchen,living,bedroom_1,kitchen,bedroom_3,living,bedroom_1,kitchen,bedroom_3
26400,d18 Fri 08:00,kitchen,living,entry,kitchen,bedroom_1,kitchen,bedroom_1,kitchen,outside,bedroom_2,entry,entry,bedroom_1,living,outside,living,bedroom_1,kitchen,outside,living,living,bedroom_1,living,entry,entry,kitchen,entry,entry,living,living,living,kitchen,living,bedroom_1,kitchen,outside,living,bedroom_1,kitchen,outside
26460,d18 Fri 09:00,kitchen,living,entry,kitchen,bedroom_1,kitchen,bedroom_1,kitchen,outside,bedroom_2,entry,entry,bedroom_1,living,outside,living,bedroom_1,kitchen,outside,living,living,bedroom_1,living,entry,entry,kitchen,entry,entry,living,living,living,kitchen,living,bedroom_1,kitchen,outside,living,bedroom_1,kitchen,outside
26520,d18 Fri 10:00,kitchen,living,entry,kitchen,bedroom_1,kitchen,bedroom_1,kitchen,outside,bedroom_2,entry,entry,bedroom_1,living,outside,living,bedroom_1,kitchen,outside,living,living,bedroom_1,living,entry,entry,kitchen,entry,entry,living,living,living,kitchen,living,bedroom_1,kitchen,outside,living,bedroom_1,kitchen,outside
26580,d18 Fri 11:00,kitchen,living,entry,kitchen,bedroom_1,kitchen,bedroom_1,kitchen,outside,bedroom_2,entry,entry,bedroom_1,living,outside,living,bedroom_1,kitchen,outside,living,living,bedroom_1,living,entry,entry,kitchen,entry,entry,living,living,living,kitchen,living,bedroom_1,kitchen,outside,living,bedroom_1,kitchen,outside
26640,d18 Fri 12:00,kitchen,living,entry,kitchen,bedroom_1,kitchen,bedroom_1,kitchen,outside,bedroom_2,entry,entry,bedroom_1,living,outside,living,bedroom_1,kitchen,outside,living,living,bedroom_1,living,entry,entry,kitchen,entry,entry,living,living,living,kitchen,living,bedroom_1,kitchen,outside,living,bedroom_1,kitchen,outside
26700,d18 Fri 13:00,kitchen,living,entry,kitchen,bedroom_1,kitchen,bedroom_1,kitchen,outside,bedroom_2,entry,entry,bedroom_1,living,outside,living,bedroom_1,kitchen,outside,living,living,bedroom_1,living,entry,entry,kitchen,entry,entry,living,living,living,kitchen,living,bedroom_1,kitchen,outside,living,bedroom_1,kitchen,outside
26760,d18 Fri 14:00,kitchen,living,kitchen,living,bedroom_1,kitchen,bedroom_1,kitchen,outside,living,entry,entry,bedroom_1,living,kitchen,living,bedroom_1,kitchen,kitchen,living,living,bedroom_1,living,entry,entry,kitchen,entry,entry,living,living,living,kitchen,living,bedroom_1,kitchen,kitchen,living,bedroom_1,kitchen,kitchen
26820,d18 Fri 15:00,kitchen,living,kitchen,living,bedroom_1,kitchen,bedroom_1,kitchen,outside,living,entry,entry,bedroom_1,living,kitchen,living,bedroom_1,kitchen,kitchen,living,living,bedroom_1,living,entry,entry,kitchen,entry,entry,living,living,living,kitchen,living,bedroom_1,kitchen,kitchen,living,bedroom_1,kitchen,kitchen
26880,d18 Fri 16:00,kitchen,kitchen,kitchen,living,bedroom_1,bedroom_2,bedroom_1,kitchen,bedroom_3,living,entry,entry,bedroom_1,bedroom_2,kitchen,living,kitchen,kitchen,kitchen,living,living,bedroom_1,kitchen,entry,entry,kitchen,entry,entry,living,bedroom_1,bedroom_2,bedroom_1,living,bedroom_1,bedroom_2,kitchen,living,bedroom_1,bedroom_2,kitchen
26940,d18 Fri 17:00,kitchen,kitchen,kitchen,living,bedroom_1,bedroom_2,bedroom_1,kitchen,bedroom_3,living,entry,entry,bedroom_1,bedroom_2,kitchen,living,kitchen,kitchen,kitchen,living,living,bedroom_1,kitchen,entry,entry,kitchen,entry,entry,living,bedroom_1,bedroom_2,bedroom_1,living,bedroom_1,bedroom_2,kitchen,living,bedroom_1,bedroom_2,kitchen
27000,d18 Fri 18:00,kitchen,living,kitchen,living,bedroom_1,living,bedroom_1,living,bedroom_3,living,entry,entry,bedroom_1,living,kitchen,living,kitchen,kitchen,kitchen,living,living,bedroom_1,living,entry,entry,kitchen,entry,entry,living,bedroom_1,living,bedroom_1,living,bedroom_1,living,kitchen,living,bedroom_1,living,kitchen
27060,d18 Fri 19:00,kitchen,living,kitchen,living,bedroom_1,living,bedroom_1,living,bedroom_3,living,entry,entry,bedroom_1,living,kitchen,living,kitchen,kitchen,kitchen,living,living,bedroom_1,living,entry,entry,kitchen,entry,entry,living,bedroom_1,living,bedroom_1,living,bedroom_1,living,kitchen,living,bedroom_1,living,kitchen
27120,d18 Fri 20:00,kitchen,living,kitchen,living,bedroom_1,living,bedroom_1,living,bedroom_3,living,entry,entry,bedroom_1,living,kitchen,living,kitchen,kitchen,kitchen,living,living,bedroom_1,living,entry,entry,kitchen,entry,entry,living,bedroom_1,living,bedroom_1,living,bedroom_1,living,kitchen,living,bedroom_1,living,kitchen
27180,d18 Fri 21:00,kitchen,living,kitchen,living,bedroom_1,living,bedroom_1,living,bedroom_3,living,entry,entry,bedroom_1,living,kitchen,living,kitchen,kitchen,kitchen,living,living,bedroom_1,living,entry,entry,kitchen,entry,entry,living,bedroom_1,living,bedroom_1,living,bedroom_1,living,kitchen,living,bedroom_1,living,kitchen
27240,d18 Fri 22:00,kitchen,living,kitchen,living,bedroom_1,living,bedroom_1,living,bedroom_3,living,entry,entry,bedroom_1,living,kitchen,living,kitchen,kitchen,kitchen,living,living,bedroom_1,living,entry,entry,kitchen,entry,entry,living,bedroom_1,living,bedroom_1,living,bedroom_1,living,kitchen,living,bedroom_1,living,kitchen
27300,d18 Fri 23:00,kitchen,kitchen,kitchen,kitchen,bedroom_1,bedroom_2,bedroom_1,kitchen,bedroom_3,bedroom_2,entry,entry,bedroom_1,kitchen,bedroom_3,bedroom_2,bedroom_1,kitchen,bedroom_3,living,living,bedroom_1,kitchen,entry,entry,kitchen,entry,entry,entry,bedroom_1,bedroom_2,bedroom_1,living,bedroom_1,bedroom_2,bedroom_3,living,bedroom_1,bedroom_2,bedroom_3
27360,d19 Sat 00:00,kitchen,kitchen,kitchen,kitchen,bedroom_1,bedroom_2,bedroom_1,kitchen,bedroom_3,bedroom_2,entry,entry,bedroom_1,kitchen,bedroom_3,bedroom_2,bedroom_1,kitchen,bedroom_3,living,living,bedroom_1,kitchen,entry,entry,kitchen,entry,entry,entry,bedroom_1,bedroom_2,bedroom_1,living,bedroom_1,bedroom_2,bedroom_3,living,bedroom_1,bedroom_2,bedroom_3
27420,d19 Sat 01:00,kitchen,kitchen,kitchen,kitchen,bedroom_1,bedroom_2,bedroom_1,kitchen,bedroom_3,bedroom_2,entry,entry,bedroom_1,kitchen,bedroom_3,bedroom_2,bedroom_1,kitchen,bedroom_3,living,living,bedroom_1,kitchen,entry,entry,kitchen,entry,entry,entry,bedroom_1,bedroom_2,bedroom_1,living,bedroom_1,bedroom_2,bedroom_3,living,bedroom_1,bedroom_2,bedroom_3
27480,d19 Sat 02:00,kitchen,kitchen,kitchen,kitchen,bedroom_1,bedroom_2,bedroom_1,kitchen,bedroom_3,bedroom_2,entry,entry,bedroom_1,kitchen,bedroom_3,bedroom_2,bedroom_1,kitchen,bedroom_3,living,living,bedroom_1,kitchen,entry,entry,kitchen,entry,entry,entry,bedroom_1,bedroom_2,bedroom_1,living,bedroom_1,bedroom_2,bedroom_3,living,bedroom_1,bedroom_2,bedroom_3
27540,d19 Sat 03:00,kitchen,kitchen,kitchen,kitchen,bedroom_1,bedroom_2,bedroom_1,kitchen,bedroom_3,bedroom_2,entry,entry,bedroom_1,kitchen,bedroom_3,bedroom_2,bedroom_1,kitchen,bedroom_3,living,living,bedroom_1,kitchen,entry,entry,kitchen,entry,entry,entry,bedroom_1,bedroom_2,bedroom_1,living,bedroom_1,bedroom_2,bedroom_3,living,bedroom_1,bedroom_2,bedroom_3
27600,d19 Sat 04:00,kitchen,kitchen,kitchen,kitchen,bedroom_1,bedroom_2,bedroom_1,kitchen,bedroom_3,bedroom_2,entry,entry,bedroom_1,kitchen,bedroom_3,bedroom_2,bedroom_1,kitchen,bedroom_3,living,living,bedroom_1,kitchen,entry,entry,kitchen,entry,entry,entry,bedroom_1,bedroom_2,bedroom_1,living,bedroom_1,bedroom_2,bedroom_3,living,bedroom_1,bedroom_2,bedroom_3
27660,d19 Sat 05:00,kitchen,kitchen,kitchen,kitchen,bedroom_1,bedroom_2,bedroom_1,kitchen,bedroom_3,bedroom_2,entry,entry,bedroom_1,kitchen,bedroom_3,bedroom_2,bedroom_1,kitchen,bedroom_3,living,living,bedroom_1,kitchen,entry,entry,kitchen,entry,entry,entry,bedroom_1,bedroom_2,bedroom_1,living,bedroom_1,bedroom_2,bedroom_3,living,bedroom_1,bedroom_2,bedroom_3
27720,d19 Sat 06:00,kitchen,kitchen,kitchen,kitchen,bedroom_1,bedroom_2,bedroom_1,kitchen,bedroom_3,bedroom_2,entry,entry,bedroom_1,kitchen,bedroom_3,bedroom_2,bedroom_1,kitchen,bedroom_3,living,living,bedroom_1,kitchen,entry,entry,kitchen,entry,entry,entry,bedroom_1,bedroom_2,bedroom_1,living,bedroom_1,bedroom_2,bedroom_3,living,bedroom_1,bedroom_2,bedroom_3
27780,d19 Sat 07:00,kitchen,kitchen,kitchen,kitchen,bedroom_1,bedroom_2,bedroom_1,kitchen,bedroom_3,bedroom_2,entry,entry,bedroom_1,kitchen,bedroom_3,bedroom_2,bedroom_1,kitchen,bedroom_3,living,living,bedroom_1,kitchen,entry,entry,kitchen,entry,entry,entry,bedroom_1,bedroom_2,bedroom_1,living,bedroom_1,bedroom_2,bedroom_3,living,bedroom_1,bedroom_2,bedroom_3
27840,d19 Sat 08:00,kitchen,kitchen,kitchen,kitchen,bedroom_1,bedroom_2,bedroom_1,kitchen,bedroom_3,bedroom_2,entry,entry,bedroom_1,kitchen,bedroom_3,living,bedroom_1,kitchen,bedroom_3,living,living,bedroom_1,kitchen,entry,entry,kitchen,entry,entry,entry,bedroom_1,bedroom_2,bedroom_1,living,bedroom_1,bedroom_2,bedroom_3,living,bedroom_1,bedroom_2,bedroom_3
27900,d19 Sat 09:00,kitchen,kitchen,kitchen,kitchen,bedroom_1,bedroom_2,bedroom_1,kitchen,bedroom_3,bedroom_2,entry,entry,bedroom_1,kitchen,bedroom_3,living,bedroom_1,kitchen,bedroom_3,living,living,bedroom_1,kitchen,entry,entry,kitchen,entry,entry,entry,bedroom_1,bedroom_2,bedroom_1,living,bedroom_1,bedroom_2,bedroom_3,living,bedroom_1,bedroom_2,bedroom_3
27960,d19 Sat 10:00,kitchen,kitchen,kitchen,kitchen,bedroom_1,bedroom_2,bedroom_1,kitchen,bedroom_3,bedroom_2,entry,entry,bedroom_1,kitchen,bedroom_3,living,bedroom_1,kitchen,bedroom_3,living,living,bedroom_1,kitchen,entry,entry,kitchen,entry,entry,entry,bedroom_1,bedroom_2,bedroom_1,living,bedroom_1,bedroom_2,bedroom_3,living,bedroom_1,bedroom_2,bedroom_3
28020,d19 Sat 11:00,kitchen,kitchen,kitchen,kitchen,bedroom_1,bedroom_2,bedroom_1,kitchen,bedroom_3,bedroom_2,entry,entry,bedroom_1,kitchen,bedroom_3,living,bedroom_1,kitchen,bedroom_3,living,living,bedroom_1,kitchen,entry,entry,kitchen,entry,entry,entry,bedroom_1,bedroom_2,bedroom_1,living,bedroom_1,bedroom_2,bedroom_3,living,bedroom_1,bedroom_2,bedroom_3
28080,d19 Sat 12:00,kitchen,kitchen,kitchen,kitchen,bedroom_1,bedroom_2,bedroom_1,kitchen,bedroom_3,bedroom_2,entry,entry,bedroom_1,kitchen,bedroom_3,living,bedroom_1,kitchen,bedroom_3,living,living,bedroom_1,kitchen,entry,entry,kitchen,entry,entry,entry,bedroom_1,bedroom_2,bedroom_1,living,bedroom_1,bedroom_2,bedroom_3,living,bedroom_1,bedroom_2,bedroom_3
28140,d19 Sat 13:00,kitchen,kitchen,kitchen,kitchen,bedroom_1,bedroom_2,bedroom_1,kitchen,living,bedroom_2,entry,entry,bedroom_1,kitchen,bedroom_3,living,bedroom_1,kitchen,bedroom_3,living,living,bedroom_1,kitchen,entry,entry,kitchen,entry,entry,entry,bedroom_1,bedroom_2,bedroom_1,living,bedroom_1,bedroom_2,bedroom_3,living,bedroom_1,bedroom_2,bedroom_3
28200,d19 Sat 14:00,kitchen,kitchen,kitchen,kitchen,bedroom_1,bedroom_2,bedroom_1,kitchen,living,bedroom_2,entry,entry,bedroom_1,kitchen,bedroom_3,living,bedroom_1,kitchen,bedroom_3,living,living,bedroom_1,kitchen,entry,entry,kitchen,entry,entry,entry,bedroom_1,bedroom_2,bedroom_1,living,bedroom_1,bedroom_2,bedroom_3,living,bedroom_1,bedroom_2,bedroom_3
28260,d19 Sat 15:00,kitchen,kitchen,kitchen,kitchen,bedroom_1,bedroom_2,bedroom_1,kitchen,living,bedroom_2,entry,entry,bedroom_1,kitchen,bedroom_3,living,bedroom_1,kitchen,bedroom_3,living,living,bedroom_1,living,entry,entry,kitchen,entry,entry,entry,living,bedroom_2,bedroom_1,living,bedroom_1,bedroom_2,bedroom_3,living,bedroom_1,bedroom_2,bedroom_3
28320,d19 Sat 16:00,kitchen,kitchen,kitchen,kitchen,bedroom_1,bedroom_2,bedroom_1,kitchen,living,bedroom_2,entry,entry,bedroom_1,kitchen,bedroom_3,living,bedroom_1,kitchen,bedroom_3,living,living,bedroom_1,living,entry,entry,kitchen,entry,entry,entry,living,bedroom_2,bedroom_1,living,bedroom_1,bedroom_2,bedroom_3,living,bedroom_1,bedroom_2,bedroom_3
28380,d19 Sat 17:00,kitchen,kitchen,kitchen,kitchen,bedroom_1,bedroom_2,bedroom_1,kitchen,living,bedroom_2,bedroom_1,entry,bedroom_1,kitchen,bedroom_3,living,bedroom_1,kitchen,bedroom_3,living,living,bedroom_1,living,entry,entry,kitchen,entry,entry,entry,living,bedroom_2,bedroom_1,living,bedroom_1,bedroom_2,bedroom_3,living,bedroom_1,bedroom_2,bedroom_3
28440,d19 Sat 18:00,kitchen,kitchen,kitchen,kitchen,bedroom_1,bedroom_2,bedroom_1,kitchen,living,bedroom_2,bedroom_1,entry,bedroom_1,kitchen,bedroom_3,living,bedroom_1,kitchen,bedroom_3,living,living,bedroom_1,living,entry,entry,kitchen,entry,entry,entry,living,bedroom_2,bedroom_1,living,bedroom_1,bedroom_2,bedroom_3,living,bedroom_1,bedroom_2,bedroom_3
28500,d19 Sat 19:00,kitchen,living,kitchen,kitchen,bedroom_1,living,bedroom_1,living,living,bedroom_2,bedroom_1,entry,bedroom_1,living,bedroom_3,living,bedroom_1,kitchen,bedroom_3,living,living,bedroom_1,living,entry,entry,kitchen,entry,entry,entry,living,living,bedroom_1,living,bedroom_1,living,bedroom_3,living,bedroom_1,living,bedroom_3
28560,d19 Sat 20:00,kitchen,living,kitchen,kitchen,bedroom_1,living,bedroom_1,living,living,bedroom_2,bedroom_1,entry,bedroom_1,living,living,living,bedroom_1,kitchen,living,living,living,bedroom_1,living,entry,entry,kitchen,entry,entry,entry,living,living,bedroom_1,living,bedroom_1,living,living,living,bedroom_1,living,living
28620,d19 Sat 21:00,kitchen,living,kitchen,kitchen,bedroom_1,living,bedroom_1,living,living,bedroom_2,bedroom_1,entry,bedroom_1,living,living,living,bedroom_1,kitchen,living,living,living,bedroom_1,living,entry,entry,kitchen,entry,entry,entry,living,living,bedroom_1,living,bedroom_1,living,living,living,bedroom_1,living,living
28680,d19 Sat 22:00,kitchen,kitchen,kitchen,kitchen,bedroom_1,bedroom_2,bedroom_1,kitchen,bedroom_3,bedroom_2,entry,entry,bedroom_1,kitchen,living,bedroom_2,bedroom_1,kitchen,living,living,living,bedroom_1,kitchen,entry,entry,entry,entry,entry,entry,bedroom_1,bedroom_2,bedroom_1,bedroom_2,bedroom_1,bedroom_2,living,living,bedroom_1,bedroom_2,living
28740,d19 Sat 23:00,kitchen,kitchen,kitchen,kitchen,bedroom_1,bedroom_2,bedroom_1,kitchen,bedroom_3,bedroom_2,entry,entry,bedroom_1,kitchen,living,bedroom_2,bedroom_1,kitchen,living,living,living,bedroom_1,kitchen,entry,entry,entry,entry,entry,entry,bedroom_1,bedroom_2,bedroom_1,bedroom_2,bedroom_1,bedroom_2,living,living,bedroom_1,bedroom_2,living
28800,d20 Sun 00:00,kitchen,kitchen,kitchen,kitchen,bedroom_1,bedroom_2,bedroom_1,kitchen,bedroom_3,bedroom_2,entry,entry,bedroom_1,kitchen,bedroom_3,bedroom_2,bedroom_1,kitchen,bedroom_3,living,living,bedroom_1,kitchen,entry,entry,entry,entry,entry,entry,bedroom_1,bedroom_2,bedroom_1,bedroom_2,bedroom_1,bedroom_2,bedroom_3,living,bedroom_1,bedroom_2,bedroom_3
28860,d20 Sun 01:00,kitchen,kitchen,kitchen,kitchen,bedroom_1,bedroom_2,bedroom_1,kitchen,bedroom_3,bedroom_2,entry,entry,bedroom_1,kitchen,bedroom_3,bedroom_2,bedroom_1,kitchen,bedroom_3,living,living,bedroom_1,kitchen,entry,entry,entry,entry,entry,entry,bedroom_1,bedroom_2,bedroom_1,bedroom_2,bedroom_1,bedroom_2,bedroom_3,living,bedroom_1,bedroom_2,bedroom_3
28920,d20 Sun 02:00,kitchen,kitchen,kitchen,kitchen,bedroom_1,bedroom_2,bedroom_1,kitchen,bedroom_3,bedroom_2,entry,entry,bedroom_1,kitchen,bedroom_3,bedroom_2,bedroom_1,kitchen,bedroom_3,living,living,bedroom_1,kitchen,entry,entry,entry,entry,entry,entry,bedroom_1,bedroom_2,bedroom_1,bedroom_2,bedroom_1,bedroom_2,bedroom_3,living,bedroom_1,bedroom_2,bedroom_3
28980,d20 Sun 03:00,kitchen,kitchen,kitchen,kitchen,bedroom_1,bedroom_2,bedroom_1,kitchen,bedroom_3,bedroom_2,entry,entry,bedroom_1,kitchen,bedroom_3,bedroom_2,bedroom_1,kitchen,bedroom_3,living,living,bedroom_1,kitchen,entry,entry,entry,entry,entry,entry,bedroom_1,bedroom_2,bedroom_1,bedroom_2,bedroom_1,bedroom_2,bedroom_3,living,bedroom_1,bedroom_2,bedroom_3
29040,d20 Sun 04:00,kitchen,kitchen,kitchen,kitchen,bedroom_1,bedroom_2,bedroom_1,kitchen,bedroom_3,bedroom_2,entry,entry,bedroom_1,kitchen,bedroom_3,bedroom_2,bedroom_1,kitchen,bedroom_3,living,living,bedroom_1,kitchen,entry,entry,entry,entry,entry,entry,bedroom_1,bedroom_2,bedroom_1,bedroom_2,bedroom_1,bedroom_2,bedroom_3,living,bedroom_1,bedroom_2,bedroom_3
29100,d20 Sun 05:00,kitchen,kitchen,kitchen,kitchen,bedroom_1,bedroom_2,bedroom_1,kitchen,bedroom_3,bedroom_2,entry,entry,bedroom_1,kitchen,bedroom_3,bedroom_2,bedroom_1,kitchen,bedroom_3,living,living,bedroom_1,kitchen,entry,entry,entry,entry,entry,entry,bedroom_1,bedroom_2,bedroom_1,bedroom_2,bedroom_1,bedroom_2,bedroom_3,living,bedroom_1,bedroom_2,bedroom_3
29160,d20 Sun 06:00,kitchen,kitchen,kitchen,kitchen,bedroom_1,bedroom_2,bedroom_1,kitchen,bedroom_3,bedroom_2,entry,entry,bedroom_1,kitchen,bedroom_3,bedroom_2,bedroom_1,kitchen,bedroom_3,living,living,bedroom_1,kitchen,entry,entry,entry,entry,entry,entry,bedroom_1,bedroom_2,bedroom_1,bedroom_2,bedroom_1,bedroom_2,bedroom_3,living,bedroom_1,bedroom_2,bedroom_3
29220,d20 Sun 07:00,kitchen,kitchen,kitchen,kitchen,bedroom_1,bedroom_2,bedroom_1,kitchen,bedroom_3,bedroom_2,entry,entry,bedroom_1,kitchen,bedroom_3,bedroom_2,bedroom_1,kitchen,bedroom_3,living,living,bedroom_1,kitchen,entry,entry,entry,entry,entry,entry,bedroom_1,bedroom_2,bedroom_1,bedroom_2,bedroom_1,bedroom_2,bedroom_3,living,bedroom_1,bedroom_2,bedroom_3
29280,d20 Sun 08:00,kitchen,kitchen,kitchen,kitchen,bedroom_1,bedroom_2,bedroom_1,kitchen,bedroom_3,bedroom_2,entry,entry,bedroom_1,kitchen,bedroom_3,bedroom_2,bedroom_1,kitchen,bedroom_3,living,living,bedroom_1,kitchen,entry,entry,entry,entry,entry,entry,bedroom_1,bedroom_2,bedroom_1,bedroom_2,bedroom_1,bedroom_2,bedroom_3,living,bedroom_1,bedroom_2,bedroom_3
29340,d20 Sun 09:00,kitchen,kitchen,kitchen,kitchen,bedroom_1,bedroom_2,bedroom_1,kitchen,bedroom_3,bedroom_2,entry,entry,bedroom_1,kitchen,bedroom_3,bedroom_2,bedroom_1,kitchen,bedroom_3,living,living,bedroom_1,kitchen,entry,entry,entry,entry,entry,entry,bedroom_1,bedroom_2,bedroom_1,bedroom_2,bedroom_1,bedroom_2,bedroom_3,living,bedroom_1,bedroom_2,bedroom_3
29400,d20 Sun 10:00,kitchen,kitchen,kitchen,kitchen,bedroom_1,bedroom_2,bedroom_1,kitchen,bedroom_3,bedroom_2,entry,entry,bedroom_1,kitchen,bedroom_3,bedroom_2,bedroom_1,kitchen,bedroom_3,living,living,bedroom_1,kitchen,entry,entry,entry,entry,entry,entry,bedroom_1,bedroom_2,bedroom_1,bedroom_2,bedroom_1,bedroom_2,bedroom_3,living,bedroom_1,bedroom_2,bedroom_3
29460,d20 Sun 11:00,kitchen,kitchen,kitchen,kitchen,bedroom_1,bedroom_2,bedroom_1,kitchen,bedroom_3,bedroom_2,entry,entry,bedroom_1,kitchen,bedroom_3,bedroom_2,bedroom_1,kitchen,bedroom_3,living,living,bedroom_1,kitchen,entry,entry,entry,entry,entry,entry,bedroom_1,bedroom_2,bedroom_1,bedroom_2,bedroom_1,bedroom_2,bedroom_3,living,bedroom_1,bedroom_2,bedroom_3
29520,d20 Sun 12:00,kitchen,kitchen,kitchen,kitchen,bedroom_1,bedroom_2,bedroom_1,kitchen,bedroom_3,bedroom_2,entry,entry,bedroom_1,kitchen,bedroom_3,bedroom_2,bedroom_1,kitchen,bedroom_3,living,living,bedroom_1,kitchen,entry,entry,entry,entry,entry,entry,bedroom_1,bedroom_2,bedroom_1,bedroom_2,bedroom_1,bedroom_2,bedroom_3,living,bedroom_1,bedroom_2,bedroom_3
29580,d20 Sun 13:00,kitchen,kitchen,kitchen,kitchen,bedroom_1,bedroom_2,bedroom_1,kitchen,bedroom_3,bedroom_2,entry,entry,bedroom_1,kitchen,bedroom_3,bedroom_2,bedroom_1,kitchen,bedroom_3,living,living,bedroom_1,kitchen,entry,entry,entry,entry,entry,entry,bedroom_1,bedroom_2,bedroom_1,bedroom_2,bedroom_1,bedroom_2,bedroom_3,living,bedroom_1,bedroom_2,bedroom_3
29640,d20 Sun 14:00,kitchen,kitchen,kitchen,kitchen,bedroom_1,bedroom_2,bedroom_1,kitchen,bedroom_3,bedroom_2,entry,entry,bedroom_1,kitchen,bedroom_3,bedroom_2,bedroom_1,kitchen,bedroom_3,living,living,bedroom_1,kitchen,entry,entry,entry,entry,entry,entry,bedroom_1,bedroom_2,bedroom_1,bedroom_2,bedroom_1,bedroom_2,bedroom_3,living,bedroom_1,bedroom_2,bedroom_3
29700,d20 Sun 15:00,kitchen,kitchen,kitchen,kitchen,bedroom_1,bedroom_2,bedroom_1,kitchen,bedroom_3,bedroom_2,entry,entry,bedroom_1,kitchen,bedroom_3,bedroom_2,bedroom_1,kitchen,bedroom_3,living,living,bedroom_1,kitchen,entry,entry,entry,entry,entry,entry,bedroom_1,bedroom_2,bedroom_1,bedroom_2,bedroom_1,bedroom_2,bedroom_3,living,bedroom_1,bedroom_2,bedroom_3
29760,d20 Sun 16:00,kitchen,kitchen,kitchen,kitchen,bedroom_1,bedroom_2,bedroom_1,kitchen,bedroom_3,bedroom_2,entry,entry,bedroom_1,kitchen,bedroom_3,bedroom_2,bedroom_1,kitchen,bedroom_3,living,living,bedroom_1,kitchen,entry,entry,entry,entry,entry,entry,bedroom_1,bedroom_2,bedroom_1,bedroom_2,bedroom_1,bedroom_2,bedroom_3,living,bedroom_1,bedroom_2,bedroom_3
29820,d20 Sun 17:00,kitchen,kitchen,kitchen,kitchen,bedroom_1,bedroom_2,bedroom_1,kitchen,bedroom_3,bedroom_2,entry,entry,bedroom_1,kitchen,bedroom_3,bedroom_2,bedroom_1,kitchen,bedroom_3,living,living,bedroom_1,kitchen,entry,entry,entry,entry,entry,entry,bedroom_1,bedroom_2,bedroom_1,bedroom_2,bedroom_1,bedroom_2,bedroom_3,living,bedroom_1,bedroom_2,bedroom_3
29880,d20 Sun 18:00,kitchen,kitchen,kitchen,kitchen,bedroom_1,bedroom_2,bedroom_1,kitchen,bedroom_3,bedroom_2,entry,entry,bedroom_1,kitchen,bedroom_3,bedroom_2,bedroom_1,kitchen,bedroom_3,living,living,bedroom_1,kitchen,entry,entry,entry,entry,entry,entry,bedroom_1,bedroom_2,bedroom_1,bedroom_2,bedroom_1,bedroom_2,bedroom_3,living,bedroom_1,bedroom_2,bedroom_3
29940,d20 Sun 19:00,kitchen,living,kitchen,kitchen,bedroom_1,living,bedroom_1,living,bedroom_3,bedroom_2,entry,entry,bedroom_1,living,bedroom_3,bedroom_2,bedroom_1,kitchen,bedroom_3,living,living,bedroom_1,living,entry,entry,entry,entry,entry,entry,bedroom_1,living,bedroom_1,living,bedroom_1,living,bedroom_3,living,bedroom_1,living,bedroom_3
30000,d20 Sun 20:00,kitchen,living,kitchen,kitchen,bedroom_1,living,bedroom_1,living,bedroom_3,bedroom_2,entry,entry,bedroom_1,living,bedroom_3,bedroom_2,bedroom_1,kitchen,bedroom_3,living,living,bedroom_1,living,entry,entry,entry,entry,entry,entry,bedroom_1,living,bedroom_1,living,bedroom_1,living,bedroom_3,living,bedroom_1,living,bedroom_3
30060,d20 Sun 21:00,kitchen,living,kitchen,kitchen,bedroom_1,living,bedroom_1,living,living,bedroom_2,entry,entry,bedroom_1,living,living,bedroom_2,bedroom_1,kitchen,living,living,living,bedroom_1,living,entry,entry,entry,entry,entry,entry,bedroom_1,living,bedroom_1,living,bedroom_1,living,living,living,bedroom_1,living,living
30120,d20 Sun 22:00,kitchen,kitchen,kitchen,kitchen,bedroom_1,living,outside,living,living,bedroom_2,entry,entry,bedroom_1,bedroom_2,living,bedroom_2,bedroom_1,living,living,living,living,bedroom_1,living,entry,entry,entry,entry,entry,entry,living,bedroom_2,kitchen,living,bedroom_1,kitchen,living,living,bedroom_1,kitchen,living
30180,d20 Sun 23:00,kitchen,kitchen,kitchen,kitchen,bedroom_1,living,outside,living,living,bedroom_2,entry,entry,bedroom_1,bedroom_2,living,bedroom_2,bedroom_1,living,living,living,living,bedroom_1,living,entry,entry,entry,entry,entry,entry,living,bedroom_2,kitchen,living,bedroom_1,kitchen,living,living,bedroom_1,kitchen,living
