t,stamp,glasses_elena,book_elena,mug_elena,blanket_elena,medication_bottle_elena_1,notebook_elena,watering_can_elena,phone_elena,keys_elena,wallet_elena,laptop_marco,phone_marco,keys_marco,wallet_marco,backpack_marco,lunchbox_marco,water_bottle_marco,jacket_marco,phone_priya,keys_priya,wallet_priya,backpack_priya,lunchbox_priya,water_bottle_priya,jacket_priya,makeup_kit_priya,hairbrush_priya,notebook_priya,laptop_sofia,phone_sofia,keys_sofia,backpack_sofia,water_bottle_sofia,headphones_sofia,notebook_sofia,pen_sofia,jacket_sofia,gaming_controller_sofia,phone_leo,keys_leo,backpack_leo,lunchbox_leo,water_bottle_leo,tablet_leo,toy_leo_1,blanket_leo,notebook_leo,pen_leo,jacket_leo,remote_shared_1,gaming_controller_shared_1,charger_shared_1,bowl_shared_1,plate_shared_1,pot_shared_1,pan_shared_1,vacuum_cleaner_shared_1,laundry_basket_shared_1,umbrella_shared_1,suitcase_shared_1
0,d00 Mon 00:00,living,living,kitchen,living,bathroom,kitchen,entry,living,entry,bedroom_1,bedroom_2,living,entry,bedroom_2,entry,kitchen,kitchen,entry,kitchen,entry,bedroom_2,entry,kitchen,kitchen,entry,bedroom_2,bedroom_2,kitchen,bedroom_3,bedroom_3,bedroom_3,bedroom_3,kitchen,bedroom_3,bedroom_3,bedroom_3,kitchen,living,kitchen,entry,entry,kitchen,kitchen,living,living,bedroom_4,bedroom_4,bedroom_4,entry,living,living,living,kitchen,kitchen,kitchen,kitchen,entry,bedroom_2,entry,bedroom_2
60,d00 Mon 01:00,living,living,kitchen,living,bathroom,kitchen,entry,living,entry,bedroom_1,bedroom_2,living,entry,bedroom_2,entry,kitchen,kitchen,entry,kitchen,entry,bedroom_2,entry,kitchen,kitchen,entry,bedroom_2,bedroom_2,kitchen,bedroom_3,bedroom_3,bedroom_3,bedroom_3,kitchen,bedroom_3,bedroom_3,bedroom_3,kitchen,living,kitchen,entry,entry,kitchen,kitchen,living,living,bedroom_4,bedroom_4,bedroom_4,entry,living,living,living,kitchen,kitchen,kitchen,kitchen,entry,bedroom_2,entry,bedroom_2
120,d00 Mon 02:00,living,living,kitchen,living,bathroom,kitchen,entry,living,entry,bedroom_1,bedroom_2,living,entry,bedroom_2,entry,kitchen,kitchen,entry,kitchen,entry,bedroom_2,entry,kitchen,kitchen,entry,bedroom_2,bedroom_2,kitchen,bedroom_3,bedroom_3,bedroom_3,bedroom_3,kitchen,bedroom_3,bedroom_3,bedroom_3,kitchen,living,kitchen,entry,entry,kitchen,kitchen,living,living,bedroom_4,bedroom_4,bedroom_4,entry,living,living,living,kitchen,kitchen,kitchen,kitchen,entry,bedroom_2,entry,bedroom_2
180,d00 Mon 03:00,living,living,kitchen,living,bathroom,kitchen,entry,living,entry,bedroom_1,bedroom_2,living,entry,bedroom_2,entry,kitchen,kitchen,entry,kitchen,entry,bedroom_2,entry,kitchen,kitchen,entry,bedroom_2,bedroom_2,kitchen,bedroom_3,bedroom_3,bedroom_3,bedroom_3,kitchen,bedroom_3,bedroom_3,bedroom_3,kitchen,living,kitchen,entry,entry,kitchen,kitchen,living,living,bedroom_4,bedroom_4,bedroom_4,entry,living,living,living,kitchen,kitchen,kitchen,kitchen,entry,bedroom_2,entry,bedroom_2
240,d00 Mon 04:00,living,living,kitchen,living,bathroom,kitchen,entry,living,entry,bedroom_1,bedroom_2,living,entry,bedroom_2,entry,kitchen,kitchen,entry,kitchen,entry,bedroom_2,entry,kitchen,kitchen,entry,bedroom_2,bedroom_2,kitchen,bedroom_3,bedroom_3,bedroom_3,bedroom_3,kitchen,bedroom_3,bedroom_3,bedroom_3,kitchen,living,kitchen,entry,entry,kitchen,kitchen,living,living,bedroom_4,bedroom_4,bedroom_4,entry,living,living,living,kitchen,kitchen,kitchen,kitchen,entry,bedroom_2,entry,bedroom_2
300,d00 Mon 05:00,living,living,kitchen,living,bathroom,kitchen,entry,living,entry,bedroom_1,bedroom_2,living,entry,bedroom_2,entry,kitchen,kitchen,entry,kitchen,entry,bedroom_2,entry,kitchen,kitchen,entry,bedroom_2,bedroom_2,kitchen,bedroom_3,bedroom_3,bedroom_3,bedroom_3,kitchen,bedroom_3,bedroom_3,bedroom_3,kitchen,kitchen,kitchen,entry,entry,kitchen,kitchen,living,living,bedroom_4,bedroom_4,bedroom_4,entry,living,living,living,kitchen,kitchen,kitchen,kitchen,entry,bedroom_2,entry,bedroom_2
360,d00 Mon 06:00,living,living,kitchen,living,kitchen,kitchen,entry,living,entry,bedroom_1,outside,outside,outside,outside,outside,outside,outside,outside,kitchen,entry,bedroom_2,entry,kitchen,kitchen,entry,bathroom,bathroom,kitchen,bedroom_3,bedroom_3,bedroom_3,bedroom_3,kitchen,bedroom_3,bedroom_3,bedroom_3,kitchen,kitchen,kitchen,entry,entry,kitchen,kitchen,living,living,bedroom_4,bedroom_4,bedroom_4,entry,living,living,living,kitchen,kitchen,kitchen,kitchen,entry,bedroom_2,entry,bedroom_2
420,d00 Mon 07:00,living,living,living,living,bathroom,kitchen,entry,living,entry,bedroom_1,outside,outside,outside,outside,outside,outside,outside,outside,kitchen,entry,bedroom_2,entry,kitchen,kitchen,entry,bedroom_2,bathroom,kitchen,bedroom_3,kitchen,bedroom_3,bedroom_3,kitchen,bedroom_3,bedroom_3,bedroom_3,kitchen,kitchen,kitchen,entry,entry,kitchen,kitchen,kitchen,living,bedroom_4,bedroom_4,bedroom_4,entry,living,living,living,kitchen,kitchen,kitchen,kitchen,entry,bedroom_2,entry,bedroom_2
480,d00 Mon 08:00,outside,outside,kitchen,living,bathroom,outside,entry,outside,outside,outside,outside,outside,outside,outside,outside,outside,outside,outside,outside,outside,outside,outside,outside,outside,outside,entry,bathroom,kitchen,outside,outside,outside,outside,outside,bedroom_3,bedroom_3,bedroom_3,outside,kitchen,kitchen,entry,entry,kitchen,kitchen,kitchen,living,bedroom_4,kitchen,bedroom_4,entry,living,living,living,kitchen,kitchen,kitchen,kitchen,entry,bedroom_2,entry,bedroom_2
540,d00 Mon 09:00,outside,outside,kitchen,living,bathroom,outside,entry,outside,outside,outside,outside,outside,outside,outside,outside,outside,outside,outside,outside,outside,outside,outside,outside,outside,outside,bedroom_2,bathroom,kitchen,outside,outside,outside,outside,outside,bedroom_3,bedroom_3,bedroom_3,outside,kitchen,outside,outside,outside,outside,outside,outside,living,bedroom_4,kitchen,bedroom_4,outside,living,kitchen,kitchen,kitchen,kitchen,kitchen,kitchen,entry,bedroom_2,entry,bedroom_2
600,d00 Mon 10:00,living,living,kitchen,living,bathroom,kitchen,entry,living,entry,bedroom_1,outside,outside,outside,outside,outside,outside,outside,outside,outside,outside,outside,outside,outside,outside,outside,bedroom_2,bathroom,kitchen,outside,outside,outside,outside,outside,bedroom_3,bedroom_3,bedroom_3,outside,kitchen,outside,outside,outside,outside,outside,outside,living,bedroom_4,kitchen,bedroom_4,outside,living,kitchen,bedroom_3,kitchen,kitchen,kitchen,kitchen,entry,bedroom_2,entry,bedroom_2
660,d00 Mon 11:00,living,living,kitchen,living,bathroom,kitchen,entry,living,entry,bedroom_1,outside,outside,outside,outside,outside,outside,outside,outside,outside,outside,outside,outside,outside,outside,outside,bedroom_2,bathroom,kitchen,outside,outside,outside,outside,outside,bedroom_3,bedroom_3,bedroom_3,outside,kitchen,outside,outside,outside,outside,outside,outside,living,bedroom_4,kitchen,kitchen,outside,kitchen,kitchen,bedroom_3,kitchen,kitchen,kitchen,kitchen,entry,bedroom_2,entry,bedroom_2
720,d00 Mon 12:00,living,living,kitchen,living,bathroom,kitchen,entry,living,entry,bedroom_1,outside,outside,outside,outside,outside,outside,outside,outside,outside,outside,outside,outside,outside,outside,outside,bedroom_2,bathroom,kitchen,outside,outside,outside,outside,outside,bedroom_3,bedroom_3,bedroom_3,outside,kitchen,outside,outside,outside,outside,outside,outside,living,bedroom_4,kitchen,kitchen,outside,kitchen,kitchen,bedroom_3,kitchen,kitchen,kitchen,kitchen,entry,bedroom_2,entry,bedroom_2
780,d00 Mon 13:00,living,living,kitchen,living,bathroom,kitchen,entry,living,entry,bedroom_1,outside,outside,outside,outside,outside,outside,outside,outside,outside,outside,outside,outside,outside,outside,outside,bedroom_2,bathroom,kitchen,outside,outside,outside,outside,outside,bedroom_3,bedroom_3,bedroom_3,outside,kitchen,outside,outside,outside,outside,outside,outside,living,living,kitchen,kitchen,outside,kitchen,kitchen,bedroom_3,kitchen,kitchen,kitchen,kitchen,entry,bedroom_2,entry,bedroom_2
840,d00 Mon 14:00,living,living,kitchen,living,bathroom,kitchen,entry,living,entry,bedroom_1,outside,outside,outside,outside,outside,outside,outside,outside,outside,outside,outside,outside,outside,outside,outside,bedroom_2,bathroom,kitchen,outside,outside,outside,outside,outside,bedroom_3,bedroom_3,bedroom_3,outside,kitchen,outside,outside,outside,outside,outside,outside,living,living,kitchen,kitchen,outside,kitchen,kitchen,bedroom_3,kitchen,kitchen,kitchen,kitchen,entry,bedroom_2,entry,bedroom_2
900,d00 Mon 15:00,living,living,kitchen,living,bathroom,kitchen,kitchen,living,entry,bedroom_1,outside,outside,outside,outside,outside,outside,outside,outside,outside,outside,outside,outside,outside,outside,outside,bedroom_2,bathroom,kitchen,outside,outside,outside,outside,outside,bedroom_3,bedroom_3,bedroom_3,outside,kitchen,kitchen,kitchen,entry,kitchen,kitchen,living,living,living,kitchen,kitchen,entry,kitchen,kitchen,bedroom_3,kitchen,kitchen,kitchen,kitchen,entry,bedroom_2,entry,bedroom_2
960,d00 Mon 16:00,living,living,kitchen,living,bathroom,kitchen,entry,living,entry,bedroom_1,outside,outside,outside,outside,outside,outside,outside,outside,kitchen,entry,entry,entry,kitchen,kitchen,entry,bedroom_2,bathroom,kitchen,bedroom_3,bedroom_3,entry,bedroom_3,kitchen,bedroom_3,kitchen,bedroom_3,entry,kitchen,kitchen,kitchen,kitchen,kitchen,kitchen,living,living,living,kitchen,kitchen,entry,kitchen,kitchen,bedroom_3,living,kitchen,kitchen,kitchen,entry,bedroom_2,entry,bedroom_2
1020,d00 Mon 17:00,living,living,kitchen,living,bathroom,kitchen,entry,living,entry,bedroom_1,bedroom_2,living,entry,bedroom_2,entry,kitchen,kitchen,entry,kitchen,entry,bedroom_2,entry,kitchen,kitchen,entry,bedroom_2,bathroom,kitchen,bedroom_3,bedroom_3,entry,bedroom_3,kitchen,bedroom_3,bedroom_3,bedroom_3,entry,kitchen,kitchen,living,kitchen,kitchen,kitchen,living,living,living,kitchen,kitchen,entry,kitchen,kitchen,bedroom_3,living,kitchen,kitchen,kitchen,entry,bedroom_2,entry,bedroom_2
1080,d00 Mon 18:00,living,living,kitchen,living,bathroom,kitchen,entry,living,entry,bedroom_1,bedroom_2,living,entry,bedroom_2,entry,kitchen,kitchen,entry,kitchen,entry,bedroom_2,entry,kitchen,kitchen,entry,bedroom_2,bathroom,kitchen,bedroom_3,bedroom_3,entry,bedroom_3,kitchen,bedroom_3,bedroom_3,kitchen,entry,kitchen,kitchen,bedroom_4,kitchen,kitchen,kitchen,kitchen,living,bedroom_4,kitchen,kitchen,entry,kitchen,kitchen,bedroom_3,living,kitchen,kitchen,kitchen,entry,bedroom_2,entry,bedroom_2
1140,d00 Mon 19:00,living,living,kitchen,living,bathroom,kitchen,entry,living,entry,bedroom_1,bedroom_2,living,entry,bedroom_2,entry,kitchen,kitchen,entry,kitchen,entry,bedroom_2,entry,living,kitchen,entry,bedroom_2,bedroom_2,kitchen,bedroom_3,bedroom_3,entry,bedroom_3,kitchen,bedroom_3,bedroom_3,bedroom_3,entry,kitchen,kitchen,bedroom_4,kitchen,kitchen,kitchen,kitchen,living,living,kitchen,kitchen,entry,kitchen,kitchen,living,living,kitchen,kitchen,kitchen,entry,bedroom_2,entry,bedroom_2
1200,d00 Mon 20:00,living,living,kitchen,living,bathroom,kitchen,entry,living,entry,bedroom_1,bedroom_2,living,entry,bedroom_2,entry,kitchen,kitchen,entry,kitchen,entry,bedroom_2,entry,living,kitchen,entry,bedroom_2,bedroom_2,kitchen,bedroom_3,bedroom_3,entry,bedroom_3,kitchen,bedroom_3,bedroom_3,bedroom_3,entry,kitchen,kitchen,bedroom_4,kitchen,kitchen,kitchen,kitchen,living,living,kitchen,kitchen,entry,kitchen,kitchen,living,living,kitchen,kitchen,kitchen,entry,bedroom_2,entry,bedroom_2
1260,d00 Mon 21:00,living,living,kitchen,living,bathroom,kitchen,entry,living,entry,bedroom_1,bedroom_2,living,entry,bedroom_2,entry,kitchen,kitchen,entry,kitchen,entry,bedroom_2,entry,bedroom_2,kitchen,entry,bedroom_2,bedroom_2,kitchen,bedroom_3,bedroom_3,entry,kitchen,kitchen,bedroom_3,bedroom_3,bedroom_3,entry,kitchen,kitchen,bedroom_4,kitchen,kitchen,kitchen,kitchen,living,living,kitchen,kitchen,entry,kitchen,kitchen,living,living,kitchen,kitchen,kitchen,entry,bedroom_2,entry,bedroom_2
1320,d00 Mon 22:00,living,living,kitchen,living,bathroom,kitchen,entry,living,entry,bedroom_1,bedroom_2,living,entry,bedroom_2,entry,kitchen,kitchen,entry,kitchen,entry,bedroom_2,entry,bedroom_2,kitchen,entry,bedroom_2,bedroom_2,kitchen,bedroom_3,bedroom_3,entry,kitchen,kitchen,bedroom_3,bedroom_3,bedroom_3,entry,kitchen,kitchen,bedroom_4,kitchen,kitchen,kitchen,kitchen,living,living,kitchen,kitchen,entry,kitchen,kitchen,living,living,kitchen,kitchen,kitchen,entry,bedroom_2,entry,bedroom_2
1380,d00 Mon 23:00,living,living,kitchen,living,bathroom,kitchen,entry,living,entry,bedroom_1,bedroom_2,living,entry,bedroom_2,entry,kitchen,kitchen,entry,kitchen,entry,bedroom_2,entry,bedroom_2,kitchen,entry,bedroom_2,bedroom_2,kitchen,bedroom_3,bedroom_3,entry,kitchen,kitchen,bedroom_3,bedroom_3,bedroom_3,entry,kitchen,kitchen,bedroom_4,kitchen,kitchen,kitchen,kitchen,living,living,kitchen,kitchen,entry,kitchen,kitchen,living,living,kitchen,kitchen,kitchen,entry,bedroom_2,entry,bedroom_2
1440,d01 Tue 00:00,living,living,kitchen,living,bathroom,kitchen,entry,living,entry,bedroom_1,bedroom_2,living,entry,bedroom_2,entry,kitchen,kitchen,entry,kitchen,entry,bedroom_2,entry,bedroom_2,kitchen,entry,bedroom_2,bedroom_2,kitchen,bedroom_3,bedroom_3,entry,kitchen,kitchen,bedroom_3,bedroom_3,bedroom_3,entry,kitchen,kitchen,bedroom_4,kitchen,kitchen,kitchen,kitchen,living,living,kitchen,kitchen,entry,kitchen,kitchen,living,living,kitchen,kitchen,kitchen,entry,bedroom_2,entry,bedroom_2
1500,d01 Tue 01:00,living,living,kitchen,living,bathroom,kitchen,entry,living,entry,bedroom_1,bedroom_2,living,entry,bedroom_2,entry,kitchen,kitchen,entry,kitchen,entry,bedroom_2,entry,bedroom_2,kitchen,entry,bedroom_2,bedroom_2,kitchen,bedroom_3,bedroom_3,entry,kitchen,kitchen,bedroom_3,bedroom_3,bedroom_3,entry,kitchen,kitchen,bedroom_4,kitchen,kitchen,kitchen,kitchen,living,living,kitchen,kitchen,entry,kitchen,kitchen,living,living,kitchen,kitchen,kitchen,entry,bedroom_2,entry,bedroom_2
1560,d01 Tue 02:00,living,living,kitchen,living,bathroom,kitchen,entry,living,entry,bedroom_1,bedroom_2,living,entry,bedroom_2,entry,kitchen,kitchen,entry,kitchen,entry,bedroom_2,entry,bedroom_2,kitchen,entry,bedroom_2,bedroom_2,kitchen,bedroom_3,bedroom_3,entry,kitchen,kitchen,bedroom_3,bedroom_3,bedroom_3,entry,kitchen,kitchen,bedroom_4,kitchen,kitchen,kitchen,kitchen,living,living,kitchen,kitchen,entry,kitchen,kitchen,living,living,kitchen,kitchen,kitchen,entry,bedroom_2,entry,bedroom_2
1620,d01 Tue 03:00,living,living,kitchen,living,bathroom,kitchen,entry,living,entry,bedroom_1,bedroom_2,living,entry,bedroom_2,entry,kitchen,kitchen,entry,kitchen,entry,bedroom_2,entry,bedroom_2,kitchen,entry,bedroom_2,bedroom_2,kitchen,bedroom_3,bedroom_3,entry,kitchen,kitchen,bedroom_3,bedroom_3,bedroom_3,entry,kitchen,kitchen,bedroom_4,kitchen,kitchen,kitchen,kitchen,living,living,kitchen,kitchen,entry,kitchen,kitchen,living,living,kitchen,kitchen,kitchen,entry,bedroom_2,entry,bedroom_2
1680,d01 Tue 04:00,living,living,kitchen,living,bathroom,kitchen,entry,living,entry,bedroom_1,bedroom_2,living,entry,bedroom_2,entry,kitchen,kitchen,entry,kitchen,entry,bedroom_2,entry,bedroom_2,kitchen,entry,bedroom_2,bedroom_2,kitchen,bedroom_3,bedroom_3,entry,kitchen,kitchen,bedroom_3,bedroom_3,bedroom_3,entry,kitchen,kitchen,bedroom_4,kitchen,kitchen,kitchen,kitchen,living,living,kitchen,kitchen,entry,kitchen,kitchen,living,living,kitchen,kitchen,kitchen,entry,bedroom_2,entry,bedroom_2
1740,d01 Tue 05:00,living,living,kitchen,living,bathroom,kitchen,entry,living,entry,bedroom_1,bedroom_2,living,entry,bedroom_2,entry,kitchen,kitchen,entry,kitchen,entry,bedroom_2,entry,bedroom_2,kitchen,entry,bathroom,bedroom_2,kitchen,bedroom_3,bedroom_3,entry,kitchen,kitchen,bedroom_3,bedroom_3,bedroom_3,entry,kitchen,kitchen,bedroom_4,kitchen,kitchen,kitchen,kitchen,living,living,kitchen,kitchen,entry,kitchen,kitchen,living,living,kitchen,kitchen,kitchen,entry,bedroom_2,entry,bedroom_2
1800,d01 Tue 06:00,living,living,kitchen,living,bathroom,kitchen,entry,living,entry,bedroom_1,outside,outside,outside,outside,outside,outside,outside,outside,kitchen,entry,bedroom_2,entry,kitchen,kitchen,entry,bedroom_2,bathroom,kitchen,bedroom_3,bedroom_3,entry,kitchen,kitchen,bedroom_3,bedroom_3,bedroom_3,entry,kitchen,kitchen,kitchen,kitchen,kitchen,kitchen,kitchen,living,living,kitchen,kitchen,entry,kitchen,kitchen,living,kitchen,kitchen,kitchen,kitchen,entry,bedroom_2,entry,bedroom_2
1860,d01 Tue 07:00,living,living,kitchen,living,bathroom,kitchen,entry,living,entry,bedroom_1,outside,outside,outside,outside,outside,outside,outside,outside,kitchen,kitchen,bedroom_2,entry,kitchen,kitchen,entry,bathroom,bathroom,kitchen,bedroom_3,kitchen,entry,kitchen,kitchen,bedroom_3,kitchen,kitchen,entry,kitchen,kitchen,kitchen,kitchen,kitchen,kitchen,kitchen,living,living,kitchen,kitchen,entry,kitchen,kitchen,living,kitchen,kitchen,kitchen,kitchen,entry,bedroom_2,entry,bedroom_2
1920,d01 Tue 08:00,living,living,kitchen,living,bathroom,kitchen,entry,living,entry,bedroom_1,outside,outside,outside,outside,outside,outside,outside,outside,outside,outside,outside,outside,outside,outside,outside,bathroom,bathroom,kitchen,bedroom_3,bedroom_3,entry,kitchen,kitchen,bedroom_3,kitchen,bedroom_3,entry,kitchen,kitchen,kitchen,kitchen,kitchen,kitchen,kitchen,living,living,kitchen,kitchen,entry,kitchen,kitchen,living,kitchen,kitchen,kitchen,kitchen,entry,bedroom_2,entry,bedroom_2
1980,d01 Tue 09:00,living,living,kitchen,living,bathroom,kitchen,entry,living,entry,bedroom_1,outside,outside,outside,outside,outside,outside,kitchen,outside,outside,outside,outside,outside,outside,outside,outside,bedroom_1,bathroom,kitchen,outside,outside,outside,outside,outside,bedroom_3,kitchen,bedroom_3,outside,kitchen,outside,outside,outside,outside,outside,outside,living,bedroom_4,kitchen,kitchen,outside,kitchen,kitchen,living,kitchen,kitchen,kitchen,kitchen,entry,bedroom_2,entry,bedroom_2
2040,d01 Tue 10:00,living,living,kitchen,living,bathroom,kitchen,entry,living,entry,bedroom_1,outside,outside,outside,outside,outside,outside,kitchen,outside,outside,outside,outside,outside,outside,outside,outside,bedroom_2,bathroom,kitchen,outside,outside,outside,outside,outside,bedroom_3,kitchen,bedroom_3,outside,kitchen,outside,outside,outside,outside,outside,outside,living,bedroom_4,kitchen,kitchen,outside,kitchen,kitchen,living,kitchen,kitchen,kitchen,kitchen,entry,bedroom_2,entry,bedroom_2
2100,d01 Tue 11:00,living,living,kitchen,living,bathroom,kitchen,entry,living,entry,bedroom_1,outside,outside,outside,outside,outside,outside,kitchen,outside,outside,outside,outside,outside,outside,outside,outside,bedroom_2,bathroom,kitchen,outside,outside,outside,outside,outside,bedroom_3,kitchen,bedroom_3,outside,kitchen,outside,outside,outside,outside,outside,outside,living,bedroom_4,kitchen,kitchen,outside,kitchen,kitchen,living,kitchen,kitchen,kitchen,kitchen,entry,bedroom_2,entry,bedroom_2
2160,d01 Tue 12:00,living,living,kitchen,living,bathroom,kitchen,entry,living,entry,bedroom_1,outside,outside,outside,outside,outside,outside,kitchen,outside,outside,outside,outside,outside,outside,outside,outside,bedroom_2,bathroom,kitchen,kitchen,outside,outside,outside,outside,bedroom_3,kitchen,bedroom_3,outside,kitchen,outside,outside,outside,outside,outside,outside,living,bedroom_4,kitchen,kitchen,outside,kitchen,kitchen,living,kitchen,kitchen,kitchen,kitchen,entry,bedroom_2,entry,bedroom_2
2220,d01 Tue 13:00,living,living,kitchen,living,bathroom,kitchen,entry,living,entry,bedroom_1,outside,outside,outside,outside,outside,outside,kitchen,outside,outside,outside,outside,outside,outside,outside,outside,bedroom_2,bathroom,kitchen,kitchen,outside,outside,outside,outside,bedroom_3,kitchen,bedroom_3,outside,kitchen,outside,outside,outside,outside,outside,outside,living,living,kitchen,kitchen,outside,kitchen,kitchen,living,kitchen,kitchen,kitchen,kitchen,entry,bedroom_2,entry,bedroom_2
2280,d01 Tue 14:00,living,living,kitchen,living,bathroom,kitchen,entry,living,entry,bedroom_1,outside,outside,outside,outside,outside,outside,kitchen,outside,outside,outside,outside,outside,outside,outside,outside,bedroom_2,bathroom,kitchen,kitchen,outside,outside,outside,outside,bedroom_3,kitchen,bedroom_3,outside,kitchen,outside,outside,outside,outside,outside,outside,living,living,kitchen,kitchen,outside,kitchen,kitchen,living,kitchen,kitchen,kitchen,kitchen,entry,bedroom_2,entry,bedroom_2
2340,d01 Tue 15:00,living,living,kitchen,living,bathroom,kitchen,entry,living,entry,bedroom_1,outside,outside,outside,outside,outside,outside,kitchen,outside,bedroom_2,entry,entry,entry,kitchen,kitchen,entry,bedroom_2,bathroom,kitchen,bedroom_3,outside,outside,outside,outside,bedroom_3,kitchen,bedroom_3,outside,kitchen,outside,kitchen,kitchen,kitchen,kitchen,outside,living,living,kitchen,kitchen,entry,kitchen,kitchen,living,kitchen,kitchen,kitchen,kitchen,entry,bedroom_2,entry,entry
2400,d01 Tue 16:00,living,living,kitchen,living,bathroom,kitchen,entry,living,entry,bedroom_1,outside,outside,outside,outside,outside,outside,kitchen,outside,bedroom_2,entry,entry,entry,kitchen,kitchen,entry,bedroom_2,bathroom,kitchen,bedroom_3,kitchen,bedroom_3,bedroom_3,kitchen,bedroom_3,kitchen,bedroom_3,kitchen,living,outside,living,entry,kitchen,kitchen,outside,living,living,kitchen,kitchen,entry,kitchen,living,living,kitchen,kitchen,kitchen,kitchen,entry,bedroom_2,entry,entry
2460,d01 Tue 17:00,living,living,kitchen,living,bathroom,kitchen,entry,living,entry,bedroom_1,bedroom_2,kitchen,kitchen,entry,entry,kitchen,kitchen,entry,bedroom_2,kitchen,bedroom_2,entry,kitchen,kitchen,entry,bedroom_2,bathroom,kitchen,bedroom_3,kitchen,bedroom_3,bedroom_3,kitchen,bedroom_3,bedroom_3,bedroom_3,kitchen,living,kitchen,living,entry,kitchen,kitchen,kitchen,living,living,kitchen,kitchen,entry,kitchen,living,living,living,kitchen,kitchen,kitchen,entry,bedroom_2,entry,bedroom_2
2520,d01 Tue 18:00,living,living,kitchen,living,bathroom,kitchen,entry,living,entry,bedroom_1,bedroom_2,kitchen,kitchen,entry,entry,kitchen,kitchen,entry,bedroom_2,kitchen,bedroom_2,entry,kitchen,kitchen,entry,bedroom_2,bathroom,kitchen,bedroom_3,kitchen,bedroom_3,bedroom_3,kitchen,bedroom_3,kitchen,kitchen,kitchen,living,kitchen,kitchen,entry,kitchen,kitchen,kitchen,living,living,kitchen,kitchen,entry,kitchen,living,living,living,kitchen,kitchen,kitchen,entry,bedroom_2,entry,bedroom_2
2580,d01 Tue 19:00,living,living,kitchen,living,bathroom,kitchen,entry,living,kitchen,bedroom_1,bedroom_2,kitchen,kitchen,entry,entry,kitchen,kitchen,entry,bedroom_2,kitchen,bedroom_2,entry,kitchen,kitchen,entry,bedroom_2,bathroom,kitchen,bedroom_3,kitchen,bedroom_3,bedroom_3,kitchen,kitchen,kitchen,kitchen,kitchen,living,bedroom_2,bathroom,kitchen,kitchen,kitchen,bedroom_2,living,bedroom_4,bathroom,kitchen,entry,kitchen,living,living,living,kitchen,kitchen,kitchen,entry,bedroom_2,entry,bedroom_2
2640,d01 Tue 20:00,living,living,kitchen,living,bathroom,kitchen,entry,living,kitchen,bedroom_1,bedroom_2,kitchen,kitchen,entry,entry,kitchen,kitchen,entry,bedroom_2,kitchen,bedroom_2,entry,kitchen,kitchen,entry,bedroom_2,bathroom,kitchen,bedroom_3,kitchen,bedroom_3,bedroom_3,kitchen,kitchen,kitchen,kitchen,kitchen,living,bedroom_2,bedroom_4,kitchen,kitchen,kitchen,bedroom_2,living,bedroom_4,bedroom_4,kitchen,entry,kitchen,living,living,living,kitchen,kitchen,kitchen,entry,bedroom_2,entry,bedroom_2
2700,d01 Tue 21:00,living,living,kitchen,living,bathroom,kitchen,entry,living,kitchen,bedroom_1,bedroom_2,kitchen,kitchen,entry,entry,kitchen,kitchen,entry,bedroom_2,kitchen,bedroom_2,entry,kitchen,kitchen,entry,bedroom_2,bathroom,kitchen,bedroom_3,kitchen,bedroom_3,bedroom_3,kitchen,kitchen,kitchen,kitchen,kitchen,living,bedroom_2,bedroom_4,kitchen,kitchen,kitchen,bedroom_2,living,bedroom_4,bedroom_4,kitchen,entry,kitchen,living,living,living,kitchen,kitchen,kitchen,entry,bedroom_2,entry,bedroom_2
2760,d01 Tue 22:00,living,living,kitchen,living,bathroom,kitchen,entry,living,kitchen,bedroom_1,bedroom_2,kitchen,kitchen,entry,entry,kitchen,kitchen,entry,bedroom_2,kitchen,bedroom_2,entry,kitchen,kitchen,entry,bedroom_2,bathroom,kitchen,bedroom_3,kitchen,bedroom_3,bedroom_3,kitchen,kitchen,kitchen,kitchen,kitchen,living,bedroom_2,bedroom_4,kitchen,kitchen,kitchen,bedroom_2,living,bedroom_4,bedroom_4,kitchen,entry,kitchen,living,living,living,kitchen,kitchen,kitchen,entry,bedroom_2,entry,bedroom_2
2820,d01 Tue 23:00,living,living,kitchen,living,bathroom,kitchen,entry,living,kitchen,bedroom_1,bedroom_2,kitchen,kitchen,entry,entry,kitchen,kitchen,entry,bedroom_2,kitchen,bedroom_2,entry,kitchen,kitchen,entry,bedroom_2,bathroom,kitchen,bedroom_3,kitchen,bedroom_3,bedroom_3,kitchen,kitchen,kitchen,kitchen,kitchen,living,bedroom_2,bedroom_4,kitchen,kitchen,kitchen,bedroom_2,living,bedroom_4,bedroom_4,kitchen,entry,kitchen,living,living,living,kitchen,kitchen,kitchen,entry,bedroom_2,entry,bedroom_2
2880,d02 Wed 00:00,living,living,kitchen,living,bathroom,kitchen,entry,living,kitchen,bedroom_1,bedroom_2,kitchen,kitchen,entry,entry,kitchen,kitchen,entry,bedroom_2,kitchen,bedroom_2,entry,kitchen,kitchen,entry,bedroom_2,bathroom,kitchen,bedroom_3,kitchen,bedroom_3,bedroom_3,kitchen,kitchen,kitchen,kitchen,kitchen,living,bedroom_2,bedroom_4,kitchen,kitchen,kitchen,bedroom_2,living,bedroom_4,bedroom_4,kitchen,entry,kitchen,living,living,living,kitchen,kitchen,kitchen,entry,bedroom_2,entry,bedroom_2
2940,d02 Wed 01:00,living,living,kitchen,living,bathroom,kitchen,entry,living,kitchen,bedroom_1,bedroom_2,kitchen,kitchen,entry,entry,kitchen,kitchen,entry,bedroom_2,kitchen,bedroom_2,entry,kitchen,kitchen,entry,bedroom_2,bathroom,kitchen,bedroom_3,kitchen,bedroom_3,bedroom_3,kitchen,kitchen,kitchen,kitchen,kitchen,living,bedroom_2,bedroom_4,kitchen,kitchen,kitchen,bedroom_2,living,bedroom_4,bedroom_4,kitchen,entry,kitchen,living,living,living,kitchen,kitchen,kitchen,entry,bedroom_2,entry,bedroom_2
3000,d02 Wed 02:00,living,living,kitchen,living,bathroom,kitchen,entry,living,kitchen,bedroom_1,bedroom_2,kitchen,kitchen,entry,entry,kitchen,kitchen,entry,bedroom_2,kitchen,bedroom_2,entry,kitchen,kitchen,entry,bedroom_2,bathroom,kitchen,bedroom_3,kitchen,bedroom_3,bedroom_3,kitchen,kitchen,kitchen,kitchen,kitchen,living,bedroom_2,bedroom_4,kitchen,kitchen,kitchen,bedroom_2,living,bedroom_4,bedroom_4,kitchen,entry,kitchen,living,living,living,kitchen,kitchen,kitchen,entry,bedroom_2,entry,bedroom_2
3060,d02 Wed 03:00,living,living,kitchen,living,bathroom,kitchen,entry,living,kitchen,bedroom_1,bedroom_2,kitchen,kitchen,entry,entry,kitchen,kitchen,entry,bedroom_2,kitchen,bedroom_2,entry,kitchen,kitchen,entry,bedroom_2,bathroom,kitchen,bedroom_3,kitchen,bedroom_3,bedroom_3,kitchen,kitchen,kitchen,kitchen,kitchen,living,bedroom_2,bedroom_4,kitchen,kitchen,kitchen,bedroom_2,living,bedroom_4,bedroom_4,kitchen,entry,kitchen,living,living,living,kitchen,kitchen,kitchen,entry,bedroom_2,entry,bedroom_2
3120,d02 Wed 04:00,living,living,kitchen,living,bathroom,kitchen,entry,living,kitchen,bedroom_1,bedroom_2,kitchen,kitchen,entry,entry,kitchen,kitchen,entry,bedroom_2,kitchen,bedroom_2,entry,kitchen,kitchen,entry,bedroom_2,bathroom,kitchen,bedroom_3,kitchen,bedroom_3,bedroom_3,kitchen,kitchen,kitchen,kitchen,kitchen,living,bedroom_2,bedroom_4,kitchen,kitchen,kitchen,bedroom_2,living,bedroom_4,bedroom_4,kitchen,entry,kitchen,living,living,living,kitchen,kitchen,kitchen,entry,bedroom_2,entry,bedroom_2
3180,d02 Wed 05:00,living,living,kitchen,living,bathroom,kitchen,entry,living,kitchen,bedroom_1,bedroom_2,kitchen,kitchen,entry,entry,kitchen,kitchen,entry,bedroom_2,kitchen,bedroom_2,entry,kitchen,kitchen,entry,bedroom_2,bathroom,kitchen,bedroom_3,bedroom_3,bedroom_3,bedroom_3,kitchen,kitchen,kitchen,kitchen,kitchen,living,bathroom,bedroom_4,kitchen,kitchen,kitchen,bathroom,living,bedroom_4,bedroom_4,kitchen,entry,kitchen,living,living,living,kitchen,kitchen,kitchen,entry,bedroom_2,entry,bedroom_2
3240,d02 Wed 06:00,living,living,kitchen,living,bathroom,kitchen,entry,living,kitchen,bedroom_1,bedroom_2,kitchen,kitchen,entry,entry,kitchen,kitchen,entry,bedroom_2,kitchen,bedroom_2,entry,kitchen,kitchen,entry,bedroom_2,bathroom,kitchen,bedroom_3,bedroom_3,bedroom_3,bedroom_3,kitchen,kitchen,kitchen,kitchen,kitchen,living,kitchen,bedroom_4,kitchen,kitchen,kitchen,kitchen,living,bedroom_4,bedroom_4,kitchen,entry,kitchen,living,living,kitchen,kitchen,kitchen,kitchen,entry,bedroom_2,entry,bedroom_2
3300,d02 Wed 07:00,living,living,kitchen,living,kitchen,kitchen,entry,living,kitchen,bedroom_1,outside,outside,outside,outside,outside,outside,outside,outside,bedroom_2,kitchen,bedroom_2,entry,kitchen,kitchen,entry,bedroom_4,bedroom_2,kitchen,bedroom_3,kitchen,bedroom_3,bedroom_3,kitchen,kitchen,kitchen,kitchen,kitchen,living,kitchen,bedroom_4,kitchen,kitchen,kitchen,outside,living,bedroom_4,bedroom_4,kitchen,entry,kitchen,living,living,kitchen,kitchen,kitchen,kitchen,entry,bedroom_2,entry,bedroom_2
3360,d02 Wed 08:00,living,living,kitchen,living,kitchen,kitchen,entry,living,kitchen,bedroom_1,outside,outside,outside,kitchen,outside,outside,outside,outside,outside,outside,outside,outside,outside,outside,outside,entry,bedroom_2,kitchen,outside,outside,outside,outside,outside,kitchen,kitchen,kitchen,outside,living,kitchen,entry,kitchen,kitchen,kitchen,outside,living,living,entry,kitchen,entry,kitchen,living,living,kitchen,kitchen,kitchen,kitchen,entry,bedroom_1,entry,bedroom_2
3420,d02 Wed 09:00,living,living,kitchen,living,kitchen,kitchen,entry,living,kitchen,bedroom_1,outside,outside,outside,kitchen,outside,outside,outside,outside,outside,outside,outside,outside,outside,outside,outside,bedroom_2,bedroom_2,kitchen,outside,outside,outside,outside,outside,kitchen,kitchen,kitchen,outside,living,outside,outside,outside,outside,outside,outside,living,living,outside,kitchen,outside,kitchen,living,living,kitchen,kitchen,kitchen,kitchen,entry,bedroom_1,entry,bedroom_2
3480,d02 Wed 10:00,living,living,kitchen,living,kitchen,kitchen,entry,living,entry,bedroom_1,outside,outside,outside,kitchen,outside,outside,outside,outside,outside,outside,outside,outside,outside,outside,outside,bedroom_2,bedroom_2,kitchen,outside,outside,outside,outside,outside,kitchen,kitchen,kitchen,outside,living,outside,outside,outside,outside,outside,outside,living,bedroom_4,outside,kitchen,outside,kitchen,living,living,kitchen,kitchen,kitchen,kitchen,entry,bedroom_1,entry,bedroom_2
3540,d02 Wed 11:00,living,living,living,living,kitchen,kitchen,entry,living,entry,bedroom_1,outside,outside,outside,kitchen,outside,outside,outside,outside,outside,outside,outside,outside,outside,outside,outside,bedroom_2,bedroom_2,kitchen,outside,outside,outside,outside,outside,kitchen,kitchen,outside,outside,living,outside,outside,outside,outside,outside,outside,living,bedroom_4,outside,kitchen,outside,kitchen,living,living,kitchen,kitchen,kitchen,kitchen,entry,bedroom_1,entry,bedroom_2
3600,d02 Wed 12:00,living,living,living,living,kitchen,kitchen,entry,living,entry,bedroom_1,outside,outside,outside,kitchen,outside,outside,outside,outside,outside,outside,outside,outside,outside,outside,outside,bedroom_2,bedroom_2,kitchen,outside,outside,outside,outside,outside,kitchen,kitchen,outside,outside,living,outside,outside,outside,outside,outside,outside,living,bedroom_4,outside,kitchen,outside,kitchen,living,living,kitchen,kitchen,kitchen,kitchen,entry,bedroom_1,entry,bedroom_2
3660,d02 Wed 13:00,living,living,kitchen,living,kitchen,kitchen,entry,living,entry,bedroom_1,outside,outside,outside,kitchen,outside,outside,outside,outside,outside,outside,outside,outside,outside,outside,outside,bedroom_2,bedroom_2,kitchen,kitchen,outside,outside,outside,outside,kitchen,kitchen,outside,outside,living,outside,outside,outside,outside,outside,outside,living,bedroom_4,outside,kitchen,outside,kitchen,living,living,kitchen,kitchen,kitchen,kitchen,entry,bedroom_1,entry,bedroom_2
3720,d02 Wed 14:00,living,living,kitchen,living,kitchen,kitchen,entry,living,entry,bedroom_1,outside,outside,kitchen,kitchen,outside,outside,outside,outside,outside,outside,outside,outside,outside,outside,outside,bedroom_2,bedroom_2,kitchen,kitchen,outside,outside,outside,outside,kitchen,kitchen,outside,outside,living,outside,outside,outside,outside,outside,outside,living,living,outside,kitchen,outside,kitchen,living,living,kitchen,kitchen,kitchen,kitchen,entry,bedroom_1,entry,bedroom_2
3780,d02 Wed 15:00,living,living,kitchen,living,kitchen,kitchen,entry,living,entry,bedroom_1,outside,outside,entry,bedroom_2,outside,outside,outside,outside,bedroom_2,entry,entry,entry,kitchen,kitchen,entry,bedroom_2,bedroom_2,kitchen,kitchen,outside,outside,outside,outside,kitchen,kitchen,outside,outside,living,outside,outside,outside,outside,outside,outside,living,living,outside,kitchen,outside,kitchen,living,living,kitchen,kitchen,kitchen,kitchen,entry,bedroom_1,entry,entry
3840,d02 Wed 16:00,living,living,kitchen,living,kitchen,kitchen,entry,living,entry,bedroom_1,outside,outside,entry,bedroom_2,outside,outside,outside,outside,bedroom_2,entry,entry,entry,kitchen,kitchen,entry,bedroom_2,bedroom_2,kitchen,bedroom_3,bedroom_3,bedroom_3,bedroom_3,kitchen,kitchen,bedroom_3,bedroom_3,entry,living,kitchen,entry,entry,kitchen,kitchen,outside,living,living,bedroom_3,bedroom_3,entry,kitchen,living,kitchen,living,kitchen,kitchen,kitchen,entry,bedroom_1,entry,bedroom_2
3900,d02 Wed 17:00,living,living,kitchen,living,kitchen,kitchen,kitchen,living,entry,bedroom_1,bedroom_2,living,entry,bedroom_2,entry,kitchen,kitchen,entry,kitchen,entry,entry,entry,kitchen,kitchen,entry,bedroom_2,bedroom_2,kitchen,bedroom_3,bedroom_3,bedroom_3,bedroom_3,kitchen,kitchen,bedroom_3,bedroom_3,entry,living,kitchen,entry,entry,kitchen,kitchen,living,living,living,kitchen,bedroom_4,entry,kitchen,living,living,kitchen,kitchen,kitchen,kitchen,entry,bedroom_1,entry,bedroom_2
3960,d02 Wed 18:00,living,living,kitchen,living,kitchen,kitchen,entry,living,entry,bedroom_1,bedroom_2,living,entry,bedroom_2,entry,kitchen,kitchen,entry,kitchen,entry,entry,entry,kitchen,kitchen,entry,bedroom_2,bedroom_2,kitchen,bedroom_3,bedroom_3,bedroom_3,bedroom_3,kitchen,kitchen,bedroom_3,kitchen,entry,living,kitchen,entry,entry,kitchen,kitchen,living,living,living,living,kitchen,entry,living,living,living,kitchen,kitchen,kitchen,kitchen,entry,bedroom_1,entry,bedroom_2
4020,d02 Wed 19:00,living,living,kitchen,living,kitchen,kitchen,entry,living,entry,bedroom_1,bedroom_2,living,entry,bedroom_2,entry,kitchen,kitchen,entry,kitchen,entry,entry,entry,kitchen,kitchen,entry,bedroom_2,bedroom_2,kitchen,bedroom_3,bedroom_3,bedroom_3,bedroom_3,kitchen,bedroom_3,bedroom_3,bedroom_3,entry,living,kitchen,entry,entry,kitchen,kitchen,living,living,living,bathroom,kitchen,entry,living,living,living,kitchen,kitchen,kitchen,kitchen,entry,bedroom_1,entry,bedroom_2
4080,d02 Wed 20:00,living,living,kitchen,living,kitchen,kitchen,entry,living,entry,bedroom_1,bedroom_2,living,entry,bedroom_2,entry,kitchen,kitchen,entry,kitchen,entry,entry,entry,kitchen,kitchen,entry,bedroom_2,bedroom_2,kitchen,bedroom_3,bedroom_3,bedroom_3,bedroom_3,kitchen,bedroom_3,bedroom_3,bedroom_3,entry,living,kitchen,entry,entry,kitchen,kitchen,living,living,living,bedroom_4,kitchen,entry,living,living,living,kitchen,kitchen,kitchen,kitchen,entry,bedroom_1,entry,bedroom_2
4140,d02 Wed 21:00,living,living,kitchen,living,kitchen,kitchen,entry,living,entry,bedroom_1,bedroom_2,living,entry,bedroom_2,entry,kitchen,kitchen,entry,kitchen,entry,entry,entry,kitchen,kitchen,entry,bedroom_2,bedroom_2,kitchen,bedroom_3,bedroom_3,bedroom_3,bedroom_3,kitchen,bedroom_3,bedroom_3,bedroom_3,entry,living,kitchen,entry,entry,kitchen,kitchen,living,living,living,bedroom_4,kitchen,entry,living,living,living,kitchen,kitchen,kitchen,kitchen,entry,bedroom_1,entry,bedroom_2
4200,d02 Wed 22:00,living,living,kitchen,living,kitchen,kitchen,entry,living,entry,bedroom_1,bedroom_2,living,entry,bedroom_2,entry,kitchen,kitchen,entry,kitchen,entry,entry,entry,kitchen,kitchen,entry,bedroom_2,bedroom_2,kitchen,bedroom_3,bedroom_3,bedroom_3,bedroom_3,kitchen,bedroom_3,bedroom_3,bedroom_3,entry,living,kitchen,entry,entry,kitchen,kitchen,living,living,living,bedroom_4,kitchen,entry,living,living,living,kitchen,kitchen,kitchen,kitchen,entry,bedroom_1,entry,bedroom_2
4260,d02 Wed 23:00,living,living,kitchen,living,kitchen,kitchen,entry,living,entry,bedroom_1,bedroom_2,living,entry,bedroom_2,entry,kitchen,kitchen,entry,kitchen,entry,entry,entry,kitchen,kitchen,entry,bedroom_2,bedroom_2,kitchen,bedroom_3,bedroom_3,bedroom_3,bedroom_3,kitchen,bedroom_3,bedroom_3,bedroom_3,entry,living,kitchen,entry,entry,kitchen,kitchen,living,living,living,bedroom_4,kitchen,entry,living,living,living,kitchen,kitchen,kitchen,kitchen,entry,bedroom_1,entry,bedroom_2
4320,d03 Thu 00:00,living,living,kitchen,living,kitchen,kitchen,entry,living,entry,bedroom_1,bedroom_2,living,entry,bedroom_2,entry,kitchen,kitchen,entry,kitchen,entry,entry,entry,kitchen,kitchen,entry,bedroom_2,bedroom_2,kitchen,bedroom_3,bedroom_3,bedroom_3,bedroom_3,kitchen,bedroom_3,bedroom_3,bedroom_3,entry,living,kitchen,entry,entry,kitchen,kitchen,living,living,living,bedroom_4,kitchen,entry,living,living,living,kitchen,kitchen,kitchen,kitchen,entry,bedroom_1,entry,bedroom_2
4380,d03 Thu 01:00,living,living,kitchen,living,kitchen,kitchen,entry,living,entry,bedroom_1,bedroom_2,living,entry,bedroom_2,entry,kitchen,kitchen,entry,kitchen,entry,entry,entry,kitchen,kitchen,entry,bedroom_2,bedroom_2,kitchen,bedroom_3,bedroom_3,bedroom_3,bedroom_3,kitchen,bedroom_3,bedroom_3,bedroom_3,entry,living,kitchen,entry,entry,kitchen,kitchen,living,living,living,bedroom_4,kitchen,entry,living,living,living,kitchen,kitchen,kitchen,kitchen,entry,bedroom_1,entry,bedroom_2
4440,d03 Thu 02:00,living,living,kitchen,living,kitchen,kitchen,entry,living,entry,bedroom_1,bedroom_2,living,entry,bedroom_2,entry,kitchen,kitchen,entry,kitchen,entry,entry,entry,kitchen,kitchen,entry,bedroom_2,bedroom_2,kitchen,bedroom_3,bedroom_3,bedroom_3,bedroom_3,kitchen,bedroom_3,bedroom_3,bedroom_3,entry,living,kitchen,entry,entry,kitchen,kitchen,living,living,living,bedroom_4,kitchen,entry,living,living,living,kitchen,kitchen,kitchen,kitchen,entry,bedroom_1,entry,bedroom_2
4500,d03 Thu 03:00,living,living,kitchen,living,kitchen,kitchen,entry,living,entry,bedroom_1,bedroom_2,living,entry,bedroom_2,entry,kitchen,kitchen,entry,kitchen,entry,entry,entry,kitchen,kitchen,entry,bedroom_2,bedroom_2,kitchen,bedroom_3,bedroom_3,bedroom_3,bedroom_3,kitchen,bedroom_3,bedroom_3,bedroom_3,entry,living,kitchen,entry,entry,kitchen,kitchen,living,living,living,bedroom_4,kitchen,entry,living,living,living,kitchen,kitchen,kitchen,kitchen,entry,bedroom_1,entry,bedroom_2
4560,d03 Thu 04:00,living,living,kitchen,living,kitchen,kitchen,entry,living,entry,bedroom_1,bedroom_2,living,entry,bedroom_2,entry,kitchen,kitchen,entry,kitchen,entry,entry,entry,kitchen,kitchen,entry,bedroom_2,bedroom_2,kitchen,bedroom_3,bedroom_3,bedroom_3,bedroom_3,kitchen,bedroom_3,bedroom_3,bedroom_3,entry,living,kitchen,entry,entry,kitchen,kitchen,living,living,living,bedroom_4,kitchen,entry,living,living,living,kitchen,kitchen,kitchen,kitchen,entry,bedroom_1,entry,bedroom_2
4620,d03 Thu 05:00,living,living,kitchen,living,kitchen,kitchen,entry,living,entry,bedroom_1,bedroom_2,living,entry,bedroom_2,entry,kitchen,kitchen,entry,kitchen,entry,entry,entry,kitchen,kitchen,entry,bedroom_2,bathroom,kitchen,bedroom_3,bedroom_3,bedroom_3,bedroom_3,kitchen,bedroom_3,bedroom_3,bedroom_3,entry,living,kitchen,entry,entry,kitchen,kitchen,living,living,living,bedroom_4,kitchen,entry,living,living,living,kitchen,kitchen,kitchen,kitchen,entry,bedroom_1,entry,bedroom_2
4680,d03 Thu 06:00,living,living,kitchen,living,kitchen,kitchen,entry,living,entry,bedroom_1,bedroom_2,living,entry,bedroom_2,entry,entry,kitchen,entry,kitchen,entry,entry,entry,kitchen,kitchen,entry,bedroom_3,bedroom_2,kitchen,bedroom_3,bedroom_3,bedroom_3,bedroom_3,kitchen,bedroom_3,bedroom_3,bedroom_3,entry,living,kitchen,entry,entry,kitchen,kitchen,living,living,living,bedroom_4,kitchen,entry,living,living,living,kitchen,kitchen,kitchen,kitchen,entry,bedroom_1,entry,bedroom_2
4740,d03 Thu 07:00,living,living,kitchen,living,kitchen,kitchen,entry,living,entry,bedroom_1,outside,outside,outside,outside,outside,outside,outside,outside,kitchen,entry,entry,entry,kitchen,kitchen,entry,bedroom_2,bedroom_2,kitchen,bedroom_3,kitchen,bedroom_3,bedroom_3,kitchen,bedroom_3,bedroom_3,kitchen,entry,living,kitchen,entry,entry,kitchen,kitchen,living,living,living,kitchen,kitchen,entry,living,living,living,kitchen,kitchen,kitchen,kitchen,entry,bedroom_1,entry,bedroom_2
4800,d03 Thu 08:00,outside,outside,kitchen,living,kitchen,outside,entry,outside,outside,outside,outside,outside,outside,outside,outside,outside,outside,outside,outside,outside,outside,outside,outside,outside,outside,bedroom_2,kitchen,kitchen,outside,outside,outside,outside,outside,bedroom_3,bedroom_3,outside,outside,living,kitchen,entry,entry,kitchen,kitchen,living,living,living,entry,kitchen,entry,living,living,living,kitchen,kitchen,kitchen,kitchen,entry,bedroom_1,entry,bedroom_2
4860,d03 Thu 09:00,outside,outside,kitchen,living,kitchen,outside,entry,outside,outside,outside,outside,outside,outside,outside,outside,outside,outside,outside,outside,outside,outside,outside,outside,outside,outside,bathroom,kitchen,kitchen,outside,outside,outside,outside,outside,bedroom_3,bedroom_3,outside,outside,living,outside,outside,outside,outside,outside,outside,living,living,outside,kitchen,outside,living,living,living,kitchen,kitchen,kitchen,kitchen,entry,bedroom_1,entry,bedroom_2
4920,d03 Thu 10:00,living,living,kitchen,living,kitchen,kitchen,entry,living,entry,bedroom_1,outside,outside,outside,outside,outside,outside,outside,outside,outside,outside,outside,outside,outside,outside,outside,bathroom,kitchen,kitchen,outside,outside,outside,outside,outside,bedroom_3,bedroom_3,outside,outside,living,outside,outside,outside,outside,outside,outside,living,living,outside,kitchen,outside,living,living,living,kitchen,kitchen,kitchen,kitchen,entry,bedroom_1,entry,bedroom_2
4980,d03 Thu 11:00,living,living,kitchen,living,kitchen,kitchen,entry,living,entry,bedroom_1,outside,outside,outside,outside,outside,outside,outside,outside,outside,outside,outside,outside,outside,outside,outside,bathroom,kitchen,kitchen,outside,outside,outside,outside,outside,bedroom_3,bedroom_3,outside,outside,living,outside,outside,outside,outside,outside,outside,living,living,outside,kitchen,outside,living,living,living,kitchen,kitchen,kitchen,kitchen,entry,bedroom_1,entry,bedroom_2
5040,d03 Thu 12:00,living,living,kitchen,living,kitchen,kitchen,entry,kitchen,entry,bedroom_1,outside,outside,outside,outside,outside,outside,outside,outside,outside,outside,outside,outside,outside,outside,outside,kitchen,kitchen,kitchen,outside,outside,outside,outside,outside,bedroom_3,bedroom_3,outside,outside,living,outside,outside,outside,outside,outside,outside,living,living,outside,kitchen,outside,living,living,living,kitchen,kitchen,kitchen,kitchen,entry,bedroom_1,entry,bedroom_2
5100,d03 Thu 13:00,living,living,kitchen,living,kitchen,kitchen,entry,kitchen,entry,bedroom_1,outside,outside,outside,outside,outside,outside,outside,outside,outside,outside,outside,outside,outside,outside,outside,kitchen,kitchen,kitchen,outside,outside,outside,outside,outside,bedroom_3,bedroom_3,outside,outside,living,outside,kitchen,outside,outside,outside,outside,living,living,outside,kitchen,outside,living,living,living,kitchen,kitchen,kitchen,kitchen,entry,bedroom_1,entry,bedroom_2
5160,d03 Thu 14:00,living,living,kitchen,living,kitchen,kitchen,entry,kitchen,entry,bedroom_1,outside,outside,outside,outside,outside,outside,outside,outside,outside,outside,outside,outside,outside,outside,outside,kitchen,kitchen,kitchen,outside,outside,outside,outside,outside,bedroom_3,bedroom_3,outside,outside,living,outside,kitchen,outside,outside,outside,outside,living,living,outside,kitchen,outside,living,living,living,kitchen,kitchen,kitchen,kitchen,entry,bedroom_1,entry,bedroom_2
5220,d03 Thu 15:00,living,living,kitchen,living,kitchen,kitchen,entry,kitchen,entry,bedroom_1,outside,outside,outside,outside,outside,outside,outside,outside,outside,outside,outside,outside,outside,outside,outside,kitchen,kitchen,kitchen,outside,outside,outside,outside,outside,bedroom_3,bedroom_3,outside,outside,living,outside,kitchen,outside,outside,outside,outside,living,living,outside,kitchen,outside,living,living,living,kitchen,kitchen,kitchen,kitchen,entry,bedroom_1,entry,bedroom_2
5280,d03 Thu 16:00,living,living,kitchen,living,kitchen,kitchen,entry,kitchen,entry,bedroom_1,outside,outside,outside,outside,outside,outside,outside,outside,bedroom_2,entry,entry,entry,kitchen,kitchen,entry,kitchen,kitchen,kitchen,kitchen,bedroom_3,bedroom_3,kitchen,kitchen,bedroom_3,bedroom_3,bedroom_3,kitchen,living,kitchen,kitchen,entry,kitchen,kitchen,outside,living,bedroom_4,bedroom_3,bedroom_3,entry,living,living,living,kitchen,kitchen,kitchen,kitchen,entry,bedroom_1,entry,bedroom_2
5340,d03 Thu 17:00,living,living,kitchen,living,kitchen,kitchen,entry,kitchen,entry,bedroom_1,bedroom_2,living,kitchen,bedroom_2,entry,kitchen,kitchen,kitchen,bedroom_2,entry,entry,entry,kitchen,kitchen,entry,kitchen,kitchen,kitchen,kitchen,bedroom_3,bedroom_3,kitchen,kitchen,bedroom_3,bedroom_3,bedroom_3,kitchen,living,kitchen,living,entry,kitchen,kitchen,living,living,bedroom_4,living,kitchen,entry,living,living,living,kitchen,kitchen,kitchen,kitchen,entry,bedroom_1,entry,bedroom_2
5400,d03 Thu 18:00,living,living,kitchen,living,kitchen,kitchen,entry,kitchen,entry,bedroom_1,bedroom_2,living,kitchen,bedroom_2,entry,kitchen,kitchen,kitchen,bedroom_2,entry,entry,entry,kitchen,kitchen,entry,kitchen,kitchen,kitchen,kitchen,bedroom_3,bedroom_3,kitchen,kitchen,kitchen,bedroom_3,kitchen,kitchen,living,kitchen,living,entry,kitchen,kitchen,living,living,bedroom_4,living,kitchen,entry,living,living,living,kitchen,kitchen,kitchen,kitchen,entry,bedroom_1,entry,bedroom_2
5460,d03 Thu 19:00,living,living,kitchen,living,kitchen,kitchen,entry,kitchen,entry,bedroom_1,bedroom_2,living,kitchen,bedroom_2,entry,living,kitchen,kitchen,bedroom_2,entry,entry,entry,living,kitchen,entry,kitchen,kitchen,kitchen,kitchen,kitchen,bedroom_3,kitchen,kitchen,kitchen,bedroom_3,living,kitchen,living,kitchen,bedroom_4,entry,kitchen,kitchen,living,living,bedroom_4,bedroom_4,kitchen,entry,living,living,living,kitchen,kitchen,kitchen,kitchen,entry,bedroom_1,entry,bedroom_2
5520,d03 Thu 20:00,living,living,kitchen,living,kitchen,kitchen,entry,kitchen,entry,bedroom_1,bedroom_2,living,kitchen,bedroom_2,entry,bedroom_2,kitchen,kitchen,bedroom_2,entry,entry,entry,bedroom_2,kitchen,entry,kitchen,kitchen,kitchen,kitchen,kitchen,bedroom_3,kitchen,kitchen,kitchen,bedroom_3,living,kitchen,living,kitchen,bedroom_4,entry,kitchen,kitchen,living,living,bedroom_4,bedroom_4,kitchen,entry,living,living,living,kitchen,kitchen,kitchen,kitchen,entry,bedroom_1,entry,bedroom_2
5580,d03 Thu 21:00,living,living,kitchen,living,kitchen,kitchen,entry,kitchen,entry,bedroom_1,bedroom_2,living,kitchen,bedroom_2,entry,bedroom_2,kitchen,kitchen,bedroom_2,entry,entry,entry,bedroom_2,kitchen,entry,kitchen,kitchen,kitchen,kitchen,kitchen,bedroom_3,kitchen,kitchen,kitchen,bedroom_3,bathroom,kitchen,living,kitchen,bedroom_4,entry,kitchen,kitchen,living,living,bedroom_4,bedroom_4,kitchen,entry,living,living,living,kitchen,kitchen,kitchen,kitchen,entry,bedroom_1,entry,bedroom_2
5640,d03 Thu 22:00,living,living,kitchen,living,kitchen,kitchen,entry,kitchen,entry,bedroom_1,bedroom_2,living,kitchen,bedroom_2,entry,bedroom_2,kitchen,kitchen,bedroom_2,entry,entry,entry,bedroom_2,kitchen,entry,kitchen,kitchen,kitchen,kitchen,kitchen,bedroom_3,kitchen,kitchen,kitchen,bedroom_3,bedroom_3,kitchen,living,kitchen,bedroom_4,entry,kitchen,kitchen,living,living,bedroom_4,bedroom_4,kitchen,entry,living,living,living,kitchen,kitchen,kitchen,kitchen,entry,bedroom_1,entry,bedroom_2
5700,d03 Thu 23:00,living,living,kitchen,living,kitchen,kitchen,entry,kitchen,entry,bedroom_1,bedroom_2,living,kitchen,bedroom_2,entry,bedroom_2,kitchen,kitchen,bedroom_2,entry,entry,entry,bedroom_2,kitchen,entry,kitchen,kitchen,kitchen,kitchen,kitchen,bedroom_3,kitchen,kitchen,kitchen,bedroom_3,bedroom_3,kitchen,living,kitchen,bedroom_4,entry,kitchen,kitchen,living,living,bedroom_4,bedroom_4,kitchen,entry,living,living,living,kitchen,kitchen,kitchen,kitchen,entry,bedroom_1,entry,bedroom_2
5760,d04 Fri 00:00,living,living,kitchen,living,kitchen,kitchen,entry,kitchen,entry,bedroom_1,bedroom_2,living,kitchen,bedroom_2,entry,bedroom_2,kitchen,kitchen,bedroom_2,entry,entry,entry,bedroom_2,kitchen,entry,kitchen,kitchen,kitchen,kitchen,kitchen,bedroom_3,kitchen,kitchen,kitchen,bedroom_3,bedroom_3,kitchen,living,kitchen,bedroom_4,entry,kitchen,kitchen,living,living,bedroom_4,bedroom_4,kitchen,entry,living,living,living,kitchen,kitchen,kitchen,kitchen,entry,bedroom_1,entry,bedroom_2
5820,d04 Fri 01:00,living,living,kitchen,living,kitchen,kitchen,entry,kitchen,entry,bedroom_1,bedroom_2,living,kitchen,bedroom_2,entry,bedroom_2,kitchen,kitchen,bedroom_2,entry,entry,entry,bedroom_2,kitchen,entry,kitchen,kitchen,kitchen,kitchen,kitchen,bedroom_3,kitchen,kitchen,kitchen,bedroom_3,bedroom_3,kitchen,living,kitchen,bedroom_4,entry,kitchen,kitchen,kitchen,living,bedroom_4,bedroom_4,kitchen,entry,living,living,living,kitchen,kitchen,kitchen,kitchen,entry,bedroom_1,entry,bedroom_2
5880,d04 Fri 02:00,living,living,kitchen,living,kitchen,kitchen,entry,kitchen,entry,bedroom_1,bedroom_2,living,kitchen,bedroom_2,entry,bedroom_2,kitchen,kitchen,bedroom_2,entry,entry,entry,bedroom_2,kitchen,entry,kitchen,kitchen,kitchen,kitchen,kitchen,bedroom_3,kitchen,kitchen,kitchen,bedroom_3,bedroom_3,kitchen,living,kitchen,bedroom_4,entry,kitchen,kitchen,kitchen,living,bedroom_4,bedroom_4,kitchen,entry,living,living,living,kitchen,kitchen,kitchen,kitchen,entry,bedroom_1,entry,bedroom_2
5940,d04 Fri 03:00,living,living,kitchen,living,kitchen,kitchen,entry,kitchen,entry,bedroom_1,bedroom_2,living,kitchen,bedroom_2,entry,bedroom_2,kitchen,kitchen,bedroom_2,entry,entry,entry,bedroom_2,kitchen,entry,kitchen,kitchen,kitchen,kitchen,kitchen,bedroom_3,kitchen,kitchen,kitchen,bedroom_3,bedroom_3,kitchen,living,kitchen,bedroom_4,entry,kitchen,kitchen,kitchen,living,bedroom_4,bedroom_4,kitchen,entry,living,living,living,kitchen,kitchen,kitchen,kitchen,entry,bedroom_1,entry,bedroom_2
6000,d04 Fri 04:00,living,living,kitchen,living,kitchen,kitchen,entry,kitchen,entry,bedroom_1,bedroom_2,living,kitchen,bedroom_2,entry,bedroom_2,kitchen,kitchen,bedroom_2,entry,entry,entry,bedroom_2,kitchen,entry,kitchen,kitchen,kitchen,kitchen,kitchen,bedroom_3,kitchen,kitchen,kitchen,bedroom_3,bedroom_3,kitchen,living,kitchen,bedroom_4,entry,kitchen,kitchen,kitchen,living,bedroom_4,bedroom_4,kitchen,entry,living,living,living,kitchen,kitchen,kitchen,kitchen,entry,bedroom_1,entry,bedroom_2
6060,d04 Fri 05:00,living,living,kitchen,living,kitchen,kitchen,entry,kitchen,entry,bedroom_1,bedroom_2,kitchen,kitchen,bedroom_2,entry,kitchen,kitchen,kitchen,bedroom_2,entry,entry,entry,bedroom_2,kitchen,entry,bedroom_2,bathroom,kitchen,kitchen,bedroom_3,bedroom_3,kitchen,kitchen,kitchen,bedroom_3,bedroom_3,kitchen,living,kitchen,bedroom_4,entry,kitchen,kitchen,kitchen,living,bedroom_4,bedroom_4,kitchen,entry,living,living,living,kitchen,kitchen,kitchen,kitchen,entry,bedroom_1,entry,bedroom_2
6120,d04 Fri 06:00,living,living,living,living,kitchen,kitchen,entry,kitchen,entry,bedroom_1,outside,outside,outside,outside,outside,outside,outside,outside,bedroom_2,entry,entry,entry,bedroom_2,kitchen,entry,bathroom,bedroom_2,kitchen,kitchen,bedroom_3,bedroom_3,kitchen,kitchen,kitchen,bedroom_3,bedroom_3,kitchen,living,kitchen,bedroom_4,entry,kitchen,kitchen,kitchen,living,bedroom_4,bedroom_4,kitchen,entry,kitchen,living,living,kitchen,kitchen,kitchen,kitchen,entry,bedroom_1,entry,bedroom_2
6180,d04 Fri 07:00,living,living,living,living,bathroom,kitchen,entry,kitchen,entry,bedroom_1,kitchen,outside,outside,outside,outside,outside,outside,kitchen,bedroom_2,entry,entry,entry,entry,kitchen,entry,bedroom_2,bedroom_2,kitchen,kitchen,kitchen,bedroom_3,kitchen,kitchen,kitchen,bedroom_3,kitchen,kitchen,living,kitchen,bedroom_4,entry,kitchen,kitchen,kitchen,living,bedroom_4,bedroom_4,kitchen,entry,kitchen,living,living,kitchen,kitchen,kitchen,kitchen,entry,bedroom_1,entry,bedroom_2
6240,d04 Fri 08:00,outside,outside,kitchen,living,bathroom,outside,entry,outside,outside,outside,kitchen,outside,outside,outside,outside,outside,outside,kitchen,outside,outside,outside,outside,outside,outside,outside,bathroom,bedroom_2,kitchen,outside,outside,outside,outside,outside,kitchen,bedroom_3,bedroom_3,outside,living,kitchen,kitchen,entry,kitchen,kitchen,kitchen,living,bedroom_4,entry,kitchen,entry,kitchen,living,living,kitchen,kitchen,kitchen,kitchen,entry,bedroom_1,entry,bedroom_2
6300,d04 Fri 09:00,outside,outside,kitchen,living,bathroom,outside,entry,outside,outside,outside,kitchen,outside,outside,outside,outside,outside,outside,kitchen,outside,outside,outside,outside,outside,outside,outside,bedroom_2,bedroom_2,kitchen,outside,outside,outside,outside,outside,kitchen,bedroom_3,bedroom_3,outside,living,outside,outside,outside,outside,outside,outside,living,bedroom_4,outside,kitchen,outside,kitchen,living,living,kitchen,kitchen,kitchen,kitchen,entry,bedroom_1,entry,bedroom_2
6360,d04 Fri 10:00,living,living,kitchen,living,bathroom,kitchen,entry,living,entry,bedroom_1,bedroom_2,outside,outside,outside,outside,outside,outside,kitchen,outside,outside,outside,outside,outside,outside,outside,bedroom_2,bedroom_2,kitchen,outside,outside,outside,outside,outside,kitchen,bedroom_3,bedroom_3,outside,living,outside,outside,outside,outside,outside,outside,living,bedroom_4,outside,kitchen,outside,kitchen,living,living,kitchen,kitchen,kitchen,kitchen,entry,bedroom_1,entry,bedroom_2
6420,d04 Fri 11:00,living,living,living,living,bathroom,kitchen,entry,living,entry,bedroom_1,bedroom_2,outside,outside,outside,outside,outside,outside,kitchen,outside,outside,outside,outside,outside,outside,outside,bedroom_2,bedroom_2,kitchen,outside,outside,outside,outside,outside,kitchen,bedroom_3,bedroom_3,outside,living,outside,outside,outside,outside,outside,outside,living,bedroom_4,outside,kitchen,outside,kitchen,living,living,kitchen,kitchen,kitchen,kitchen,entry,bedroom_1,entry,bedroom_2
6480,d04 Fri 12:00,living,living,living,living,bathroom,kitchen,entry,living,entry,bedroom_1,bedroom_2,outside,outside,outside,outside,outside,outside,kitchen,outside,outside,outside,outside,outside,outside,outside,bedroom_2,bedroom_2,kitchen,outside,outside,outside,outside,outside,kitchen,bedroom_3,bedroom_3,outside,living,outside,outside,outside,outside,outside,outside,living,bedroom_4,outside,kitchen,outside,kitchen,living,living,kitchen,kitchen,kitchen,kitchen,entry,bedroom_1,entry,bedroom_2
6540,d04 Fri 13:00,living,living,kitchen,living,bathroom,kitchen,entry,living,entry,bedroom_1,bedroom_2,outside,outside,outside,outside,outside,outside,kitchen,outside,outside,outside,outside,outside,outside,outside,bedroom_2,kitchen,kitchen,outside,outside,outside,outside,outside,kitchen,bedroom_3,bedroom_3,outside,living,outside,outside,outside,outside,outside,outside,living,bedroom_4,outside,kitchen,outside,kitchen,living,living,kitchen,kitchen,kitchen,kitchen,entry,bedroom_1,entry,bedroom_2
6600,d04 Fri 14:00,living,living,kitchen,living,bathroom,kitchen,entry,living,entry,bedroom_1,bedroom_2,outside,outside,outside,outside,outside,outside,kitchen,outside,outside,outside,outside,outside,outside,outside,bedroom_2,kitchen,kitchen,outside,outside,outside,outside,outside,kitchen,bedroom_3,bedroom_3,outside,living,outside,outside,outside,outside,outside,outside,living,bedroom_4,outside,kitchen,outside,kitchen,living,living,kitchen,kitchen,kitchen,kitchen,entry,bedroom_1,entry,bedroom_2
6660,d04 Fri 15:00,living,living,kitchen,living,bathroom,kitchen,entry,living,entry,bedroom_1,bedroom_2,outside,outside,outside,outside,outside,outside,kitchen,kitchen,entry,bedroom_2,entry,kitchen,kitchen,entry,bedroom_2,kitchen,kitchen,outside,outside,outside,outside,outside,kitchen,bedroom_3,bedroom_3,outside,living,outside,outside,outside,outside,outside,outside,living,bedroom_4,outside,kitchen,outside,kitchen,living,living,kitchen,kitchen,kitchen,kitchen,entry,bedroom_1,entry,bedroom_2
6720,d04 Fri 16:00,living,living,kitchen,living,bathroom,kitchen,entry,living,entry,bedroom_1,bedroom_2,outside,outside,outside,outside,outside,outside,kitchen,kitchen,entry,bedroom_2,entry,kitchen,kitchen,entry,bedroom_2,kitchen,kitchen,bedroom_3,bedroom_3,bedroom_3,kitchen,kitchen,kitchen,bedroom_3,bedroom_3,kitchen,living,kitchen,kitchen,entry,kitchen,kitchen,outside,living,bedroom_4,bedroom_3,bedroom_3,entry,kitchen,living,living,living,kitchen,kitchen,kitchen,entry,bedroom_1,entry,entry
6780,d04 Fri 17:00,living,living,kitchen,living,bathroom,kitchen,entry,living,entry,bedroom_1,bedroom_2,living,entry,bedroom_2,entry,kitchen,kitchen,kitchen,kitchen,entry,bedroom_2,entry,kitchen,kitchen,entry,bedroom_2,kitchen,kitchen,bedroom_3,bedroom_3,bedroom_3,kitchen,kitchen,kitchen,bedroom_3,bedroom_3,kitchen,living,kitchen,living,entry,kitchen,kitchen,kitchen,living,bedroom_4,kitchen,kitchen,entry,kitchen,living,living,living,kitchen,kitchen,kitchen,entry,bedroom_1,entry,bedroom_2
6840,d04 Fri 18:00,living,living,kitchen,living,bathroom,kitchen,entry,living,entry,bedroom_1,bedroom_2,living,entry,bedroom_2,entry,kitchen,kitchen,kitchen,kitchen,entry,kitchen,entry,kitchen,kitchen,entry,bedroom_2,kitchen,kitchen,bedroom_3,bedroom_3,bedroom_3,kitchen,kitchen,kitchen,bedroom_3,bedroom_3,kitchen,living,kitchen,living,entry,kitchen,kitchen,kitchen,living,bedroom_4,kitchen,kitchen,entry,kitchen,bedroom_4,living,living,kitchen,kitchen,kitchen,entry,bedroom_1,entry,bedroom_2
6900,d04 Fri 19:00,living,living,kitchen,living,bathroom,kitchen,entry,living,entry,bedroom_1,bedroom_2,living,entry,bedroom_2,entry,kitchen,kitchen,kitchen,kitchen,entry,kitchen,entry,living,kitchen,entry,bedroom_2,kitchen,kitchen,bedroom_3,bedroom_3,bedroom_3,kitchen,kitchen,kitchen,bedroom_3,bedroom_3,kitchen,living,kitchen,living,entry,kitchen,kitchen,living,living,bedroom_4,kitchen,kitchen,entry,living,bedroom_4,living,living,kitchen,kitchen,kitchen,entry,bedroom_1,entry,bedroom_2
6960,d04 Fri 20:00,living,living,kitchen,living,bathroom,kitchen,entry,living,entry,kitchen,bedroom_2,living,entry,bedroom_2,entry,kitchen,kitchen,kitchen,kitchen,entry,kitchen,entry,bedroom_2,kitchen,entry,bedroom_2,kitchen,kitchen,bedroom_3,bedroom_3,bedroom_3,kitchen,kitchen,kitchen,bedroom_3,bedroom_3,kitchen,living,kitchen,living,entry,kitchen,kitchen,bathroom,living,bedroom_4,kitchen,kitchen,entry,living,bedroom_4,living,living,kitchen,kitchen,kitchen,entry,bedroom_1,entry,bedroom_2
7020,d04 Fri 21:00,living,living,kitchen,living,bathroom,kitchen,entry,living,entry,kitchen,bedroom_2,living,entry,bedroom_2,entry,kitchen,kitchen,kitchen,kitchen,entry,kitchen,entry,bedroom_2,kitchen,entry,bedroom_2,kitchen,kitchen,bedroom_3,bedroom_3,bedroom_3,kitchen,kitchen,kitchen,bedroom_3,bedroom_3,kitchen,living,kitchen,bedroom_4,entry,kitchen,kitchen,bedroom_2,living,bedroom_4,kitchen,kitchen,entry,living,bedroom_4,living,living,kitchen,kitchen,kitchen,entry,bedroom_1,entry,bedroom_2
7080,d04 Fri 22:00,living,living,kitchen,living,bathroom,kitchen,entry,living,entry,kitchen,bedroom_2,living,entry,bedroom_2,entry,kitchen,kitchen,kitchen,kitchen,entry,kitchen,entry,bedroom_2,kitchen,entry,bedroom_2,kitchen,kitchen,bedroom_3,bedroom_3,bedroom_3,kitchen,kitchen,kitchen,bedroom_3,bedroom_3,kitchen,living,kitchen,bedroom_4,entry,kitchen,kitchen,bedroom_2,living,bedroom_4,kitchen,kitchen,entry,living,bedroom_4,living,living,kitchen,kitchen,kitchen,entry,bedroom_1,entry,bedroom_2
7140,d04 Fri 23:00,living,living,kitchen,living,bathroom,kitchen,entry,living,entry,kitchen,bedroom_2,living,entry,bedroom_2,entry,kitchen,kitchen,kitchen,kitchen,entry,kitchen,entry,bedroom_2,kitchen,entry,bedroom_2,kitchen,kitchen,bedroom_3,bedroom_3,bedroom_3,kitchen,kitchen,kitchen,bedroom_3,bedroom_3,kitchen,living,kitchen,bedroom_4,entry,kitchen,kitchen,bedroom_2,living,bedroom_4,kitchen,kitchen,entry,living,bedroom_4,living,living,kitchen,kitchen,kitchen,entry,bedroom_1,entry,bedroom_2
7200,d05 Sat 00:00,living,living,kitchen,living,bathroom,kitchen,entry,living,entry,kitchen,bedroom_2,living,entry,bedroom_2,entry,kitchen,kitchen,kitchen,kitchen,entry,kitchen,entry,bedroom_2,kitchen,entry,bedroom_2,kitchen,kitchen,bedroom_3,bedroom_3,bedroom_3,kitchen,kitchen,kitchen,bedroom_3,bedroom_3,kitchen,living,kitchen,bedroom_4,entry,kitchen,kitchen,bedroom_2,living,bedroom_4,kitchen,kitchen,entry,living,bedroom_4,living,living,kitchen,kitchen,kitchen,entry,bedroom_1,entry,bedroom_2
7260,d05 Sat 01:00,living,living,kitchen,living,bathroom,kitchen,entry,living,entry,kitchen,bedroom_2,living,entry,bedroom_2,entry,kitchen,kitchen,kitchen,kitchen,entry,kitchen,entry,bedroom_2,kitchen,entry,bedroom_2,kitchen,kitchen,bedroom_3,bedroom_3,bedroom_3,kitchen,kitchen,kitchen,bedroom_3,bedroom_3,kitchen,living,kitchen,bedroom_4,entry,kitchen,kitchen,bedroom_2,living,bedroom_4,kitchen,kitchen,entry,living,bedroom_4,living,living,kitchen,kitchen,kitchen,entry,bedroom_1,entry,bedroom_2
7320,d05 Sat 02:00,living,living,kitchen,living,bathroom,kitchen,entry,living,entry,kitchen,bedroom_2,living,entry,bedroom_2,entry,kitchen,kitchen,kitchen,kitchen,entry,kitchen,entry,bedroom_2,kitchen,entry,bedroom_2,kitchen,kitchen,bedroom_3,bedroom_3,bedroom_3,kitchen,kitchen,kitchen,bedroom_3,bedroom_3,kitchen,living,kitchen,bedroom_4,entry,kitchen,kitchen,bedroom_2,living,bedroom_4,kitchen,kitchen,entry,living,bedroom_4,living,living,kitchen,kitchen,kitchen,entry,bedroom_1,entry,bedroom_2
7380,d05 Sat 03:00,living,living,kitchen,living,bathroom,kitchen,entry,living,entry,kitchen,bedroom_2,living,entry,bedroom_2,entry,kitchen,kitchen,kitchen,kitchen,entry,kitchen,entry,bedroom_2,kitchen,entry,bedroom_2,kitchen,kitchen,bedroom_3,bedroom_3,bedroom_3,kitchen,kitchen,kitchen,bedroom_3,bedroom_3,kitchen,living,kitchen,bedroom_4,entry,kitchen,kitchen,bedroom_2,living,bedroom_4,kitchen,kitchen,entry,living,bedroom_4,living,living,kitchen,kitchen,kitchen,entry,bedroom_1,entry,bedroom_2
7440,d05 Sat 04:00,living,living,kitchen,living,bathroom,kitchen,entry,living,entry,kitchen,bedroom_2,living,entry,bedroom_2,entry,kitchen,kitchen,kitchen,kitchen,entry,kitchen,entry,bedroom_2,kitchen,entry,bedroom_2,kitchen,kitchen,bedroom_3,bedroom_3,bedroom_3,kitchen,kitchen,kitchen,bedroom_3,bedroom_3,kitchen,living,kitchen,bedroom_4,entry,kitchen,kitchen,bedroom_2,living,bedroom_4,kitchen,kitchen,entry,living,bedroom_4,living,living,kitchen,kitchen,kitchen,entry,bedroom_1,entry,bedroom_2
7500,d05 Sat 05:00,living,living,kitchen,living,bathroom,kitchen,entry,living,entry,kitchen,bedroom_2,living,entry,bedroom_2,entry,kitchen,kitchen,kitchen,kitchen,entry,kitchen,entry,bedroom_2,kitchen,entry,bedroom_2,kitchen,kitchen,bedroom_3,bedroom_3,bedroom_3,kitchen,kitchen,kitchen,bedroom_3,bedroom_3,kitchen,living,kitchen,bedroom_4,entry,kitchen,kitchen,bedroom_2,living,bedroom_4,kitchen,kitchen,entry,living,bedroom_4,living,living,kitchen,kitchen,kitchen,entry,bedroom_1,entry,bedroom_2
7560,d05 Sat 06:00,living,living,kitchen,living,bathroom,kitchen,entry,living,entry,kitchen,bedroom_2,living,entry,bedroom_2,entry,kitchen,kitchen,kitchen,kitchen,entry,kitchen,entry,bedroom_2,kitchen,entry,bedroom_2,kitchen,kitchen,bedroom_3,bedroom_3,bedroom_3,kitchen,kitchen,kitchen,bedroom_3,bedroom_3,kitchen,living,kitchen,bedroom_4,entry,kitchen,kitchen,bedroom_2,living,bedroom_4,kitchen,kitchen,entry,living,bedroom_4,living,living,kitchen,kitchen,kitchen,entry,bedroom_1,entry,bedroom_2
7620,d05 Sat 07:00,living,living,kitchen,living,bathroom,kitchen,entry,living,entry,kitchen,bedroom_2,living,entry,bedroom_2,entry,kitchen,kitchen,kitchen,kitchen,entry,kitchen,entry,bedroom_2,kitchen,entry,bedroom_2,kitchen,kitchen,bedroom_3,bedroom_3,bedroom_3,kitchen,kitchen,kitchen,bedroom_3,bedroom_3,kitchen,living,kitchen,bedroom_4,entry,kitchen,kitchen,bedroom_2,living,bedroom_4,kitchen,kitchen,entry,living,bedroom_4,living,living,kitchen,kitchen,kitchen,entry,bedroom_1,entry,bedroom_2
7680,d05 Sat 08:00,living,living,kitchen,living,bathroom,kitchen,entry,living,entry,kitchen,bedroom_2,living,entry,bedroom_2,entry,kitchen,kitchen,kitchen,kitchen,entry,kitchen,entry,bedroom_2,kitchen,entry,bedroom_4,kitchen,kitchen,bedroom_3,bedroom_3,bedroom_3,kitchen,kitchen,kitchen,bedroom_3,bedroom_3,kitchen,living,kitchen,bedroom_4,entry,kitchen,kitchen,kitchen,living,bedroom_4,kitchen,kitchen,entry,living,bedroom_4,bedroom_3,kitchen,kitchen,kitchen,kitchen,entry,bedroom_1,entry,bedroom_2
7740,d05 Sat 09:00,living,living,kitchen,living,bathroom,kitchen,entry,living,entry,kitchen,bedroom_2,living,entry,bedroom_2,entry,kitchen,kitchen,kitchen,kitchen,entry,kitchen,entry,bedroom_2,kitchen,entry,bathroom,kitchen,kitchen,bedroom_3,kitchen,bedroom_3,kitchen,kitchen,kitchen,bedroom_3,bedroom_3,kitchen,living,kitchen,kitchen,entry,kitchen,kitchen,kitchen,living,bedroom_4,kitchen,kitchen,entry,living,bedroom_4,living,kitchen,kitchen,kitchen,kitchen,entry,bedroom_1,entry,bedroom_2
7800,d05 Sat 10:00,living,living,kitchen,living,bathroom,kitchen,bedroom_3,living,entry,kitchen,bedroom_2,living,entry,bedroom_2,entry,kitchen,kitchen,kitchen,kitchen,entry,kitchen,entry,bedroom_2,kitchen,entry,bathroom,kitchen,kitchen,bedroom_3,bedroom_3,bedroom_3,kitchen,kitchen,kitchen,bedroom_3,living,kitchen,living,kitchen,living,entry,kitchen,kitchen,bedroom_2,living,bedroom_4,kitchen,kitchen,entry,living,bedroom_4,living,kitchen,kitchen,kitchen,kitchen,entry,bedroom_2,entry,bedroom_2
7860,d05 Sat 11:00,living,living,kitchen,living,bathroom,kitchen,entry,living,entry,kitchen,outside,outside,outside,outside,outside,outside,outside,outside,kitchen,entry,kitchen,entry,bedroom_2,kitchen,entry,bathroom,kitchen,kitchen,bedroom_3,living,bedroom_3,kitchen,kitchen,kitchen,bedroom_3,living,kitchen,living,kitchen,living,kitchen,kitchen,kitchen,outside,living,bedroom_4,kitchen,kitchen,entry,living,bedroom_4,living,kitchen,kitchen,kitchen,kitchen,entry,bedroom_2,entry,bedroom_2
7920,d05 Sat 12:00,living,living,kitchen,living,bathroom,kitchen,entry,living,entry,kitchen,bedroom_2,living,entry,bedroom_2,entry,kitchen,kitchen,entry,kitchen,entry,kitchen,entry,bedroom_2,kitchen,entry,bathroom,kitchen,kitchen,bedroom_3,living,bedroom_3,kitchen,kitchen,kitchen,kitchen,living,kitchen,living,kitchen,living,kitchen,kitchen,kitchen,living,living,bedroom_4,kitchen,kitchen,entry,living,bedroom_4,living,kitchen,kitchen,kitchen,kitchen,entry,bedroom_2,entry,bedroom_2
7980,d05 Sat 13:00,living,living,kitchen,living,bathroom,kitchen,entry,living,entry,kitchen,bedroom_2,kitchen,entry,bedroom_2,entry,kitchen,kitchen,entry,kitchen,entry,kitchen,entry,kitchen,kitchen,entry,bathroom,kitchen,kitchen,bedroom_3,living,bedroom_3,kitchen,kitchen,kitchen,kitchen,living,kitchen,living,kitchen,kitchen,kitchen,kitchen,kitchen,kitchen,living,bedroom_4,kitchen,kitchen,entry,living,bedroom_4,living,kitchen,kitchen,kitchen,kitchen,entry,bedroom_2,entry,bedroom_2
8040,d05 Sat 14:00,living,living,kitchen,living,bathroom,kitchen,entry,living,entry,kitchen,bedroom_2,kitchen,entry,bedroom_2,entry,kitchen,kitchen,entry,kitchen,entry,kitchen,entry,kitchen,kitchen,entry,kitchen,kitchen,kitchen,bedroom_3,living,bedroom_3,kitchen,kitchen,kitchen,kitchen,living,kitchen,living,kitchen,living,kitchen,kitchen,kitchen,living,living,bedroom_4,kitchen,kitchen,entry,living,bedroom_4,living,kitchen,kitchen,kitchen,kitchen,entry,bedroom_2,entry,bedroom_2
8100,d05 Sat 15:00,living,living,kitchen,living,bathroom,kitchen,entry,living,entry,kitchen,bedroom_2,kitchen,entry,bedroom_2,entry,kitchen,kitchen,entry,kitchen,entry,kitchen,entry,kitchen,kitchen,entry,kitchen,kitchen,kitchen,bedroom_3,living,bedroom_3,kitchen,kitchen,kitchen,kitchen,living,kitchen,living,kitchen,living,kitchen,kitchen,kitchen,living,living,bedroom_4,kitchen,kitchen,entry,living,bedroom_4,living,kitchen,kitchen,kitchen,kitchen,entry,bedroom_2,entry,bedroom_2
8160,d05 Sat 16:00,living,living,kitchen,living,bathroom,kitchen,entry,living,entry,kitchen,bedroom_2,kitchen,entry,bedroom_2,entry,kitchen,kitchen,kitchen,kitchen,entry,kitchen,entry,bedroom_2,kitchen,entry,kitchen,kitchen,kitchen,bedroom_3,bedroom_3,bedroom_3,kitchen,kitchen,kitchen,kitchen,bedroom_3,kitchen,living,kitchen,kitchen,kitchen,kitchen,kitchen,kitchen,living,living,kitchen,kitchen,entry,living,bedroom_4,living,living,kitchen,kitchen,kitchen,entry,bedroom_2,entry,bedroom_2
8220,d05 Sat 17:00,living,living,kitchen,living,bathroom,kitchen,entry,living,entry,kitchen,bedroom_2,kitchen,entry,bedroom_2,entry,kitchen,kitchen,kitchen,kitchen,entry,kitchen,entry,kitchen,kitchen,entry,kitchen,kitchen,kitchen,bedroom_3,bedroom_3,bedroom_3,kitchen,kitchen,kitchen,kitchen,bedroom_3,kitchen,living,kitchen,kitchen,kitchen,kitchen,kitchen,kitchen,living,living,kitchen,kitchen,entry,living,bedroom_4,living,kitchen,kitchen,kitchen,kitchen,entry,bedroom_2,entry,bedroom_2
8280,d05 Sat 18:00,living,living,kitchen,living,bathroom,kitchen,entry,living,entry,kitchen,bedroom_2,kitchen,entry,bedroom_2,entry,kitchen,kitchen,kitchen,kitchen,entry,kitchen,entry,kitchen,kitchen,entry,kitchen,kitchen,kitchen,bedroom_3,kitchen,bedroom_3,kitchen,kitchen,kitchen,kitchen,kitchen,kitchen,living,kitchen,kitchen,kitchen,kitchen,kitchen,kitchen,living,living,kitchen,kitchen,entry,living,bedroom_4,living,kitchen,kitchen,kitchen,kitchen,entry,bedroom_2,entry,bedroom_2
8340,d05 Sat 19:00,living,living,kitchen,living,bathroom,kitchen,entry,living,kitchen,kitchen,bedroom_2,kitchen,entry,bedroom_2,entry,kitchen,kitchen,kitchen,kitchen,entry,kitchen,entry,kitchen,kitchen,entry,kitchen,kitchen,kitchen,bedroom_3,living,bedroom_3,kitchen,kitchen,kitchen,kitchen,living,kitchen,living,kitchen,living,kitchen,kitchen,kitchen,kitchen,living,living,kitchen,kitchen,entry,living,living,living,kitchen,kitchen,kitchen,kitchen,entry,bedroom_2,entry,bedroom_2
8400,d05 Sat 20:00,living,living,kitchen,living,bathroom,kitchen,entry,living,kitchen,kitchen,bedroom_2,kitchen,entry,bedroom_2,entry,living,kitchen,kitchen,kitchen,entry,kitchen,entry,living,kitchen,entry,kitchen,kitchen,kitchen,bedroom_3,living,bedroom_3,kitchen,kitchen,kitchen,kitchen,living,kitchen,living,kitchen,bathroom,kitchen,kitchen,kitchen,living,living,living,kitchen,kitchen,entry,living,living,living,kitchen,kitchen,kitchen,kitchen,entry,bedroom_2,entry,bedroom_2
8460,d05 Sat 21:00,living,living,kitchen,living,bathroom,kitchen,entry,living,kitchen,kitchen,bedroom_2,living,entry,bedroom_2,entry,bedroom_2,kitchen,kitchen,kitchen,entry,kitchen,entry,living,kitchen,entry,kitchen,kitchen,kitchen,bedroom_3,living,bedroom_3,kitchen,kitchen,kitchen,kitchen,living,kitchen,living,kitchen,bedroom_4,kitchen,kitchen,kitchen,bedroom_2,living,living,kitchen,kitchen,entry,living,living,living,kitchen,kitchen,kitchen,kitchen,entry,bedroom_2,entry,bedroom_2
8520,d05 Sat 22:00,living,living,kitchen,living,bathroom,kitchen,entry,living,kitchen,kitchen,bedroom_2,living,entry,bedroom_2,entry,bedroom_2,kitchen,kitchen,kitchen,entry,kitchen,entry,bedroom_2,kitchen,entry,kitchen,kitchen,kitchen,bedroom_3,bathroom,bedroom_3,kitchen,kitchen,kitchen,kitchen,bathroom,kitchen,living,kitchen,bedroom_4,kitchen,kitchen,kitchen,bedroom_2,living,living,kitchen,kitchen,entry,living,living,living,kitchen,kitchen,kitchen,kitchen,entry,bedroom_2,entry,bedroom_2
8580,d05 Sat 23:00,living,living,kitchen,living,bathroom,kitchen,entry,living,kitchen,kitchen,bedroom_2,living,entry,bedroom_2,entry,bedroom_2,kitchen,kitchen,kitchen,entry,kitchen,entry,bedroom_2,kitchen,entry,kitchen,kitchen,kitchen,bedroom_3,bathroom,bedroom_3,kitchen,kitchen,kitchen,kitchen,bathroom,kitchen,living,kitchen,bedroom_4,kitchen,kitchen,kitchen,bedroom_2,living,living,kitchen,kitchen,entry,living,living,living,kitchen,kitchen,kitchen,kitchen,entry,bedroom_2,entry,bedroom_2
8640,d06 Sun 00:00,living,living,kitchen,living,bathroom,kitchen,entry,living,kitchen,kitchen,bedroom_2,living,entry,bedroom_2,entry,bedroom_2,kitchen,kitchen,kitchen,entry,kitchen,entry,bedroom_2,kitchen,entry,kitchen,kitchen,kitchen,bedroom_3,bedroom_3,bedroom_3,kitchen,kitchen,kitchen,kitchen,bedroom_3,kitchen,living,kitchen,bedroom_4,kitchen,kitchen,kitchen,bedroom_2,living,living,kitchen,kitchen,entry,living,living,living,kitchen,kitchen,kitchen,kitchen,entry,bedroom_2,entry,bedroom_2
8700,d06 Sun 01:00,living,living,kitchen,living,bathroom,kitchen,entry,living,kitchen,kitchen,bedroom_2,living,entry,bedroom_2,entry,bedroom_2,kitchen,kitchen,kitchen,entry,kitchen,entry,bedroom_2,kitchen,entry,kitchen,kitchen,kitchen,bedroom_3,bedroom_3,bedroom_3,kitchen,kitchen,kitchen,kitchen,bedroom_3,kitchen,living,kitchen,bedroom_4,kitchen,kitchen,kitchen,bedroom_2,living,living,kitchen,kitchen,entry,living,living,living,kitchen,kitchen,kitchen,kitchen,entry,bedroom_2,entry,bedroom_2
8760,d06 Sun 02:00,living,living,kitchen,living,bathroom,kitchen,entry,living,kitchen,kitchen,bedroom_2,living,entry,bedroom_2,entry,bedroom_2,kitchen,kitchen,kitchen,entry,kitchen,entry,bedroom_2,kitchen,entry,kitchen,kitchen,kitchen,bedroom_3,bedroom_3,bedroom_3,kitchen,kitchen,kitchen,kitchen,bedroom_3,kitchen,living,kitchen,bedroom_4,kitchen,kitchen,kitchen,bedroom_2,living,living,kitchen,kitchen,entry,living,living,living,kitchen,kitchen,kitchen,kitchen,entry,bedroom_2,entry,bedroom_2
8820,d06 Sun 03:00,living,living,kitchen,living,bathroom,kitchen,entry,living,kitchen,kitchen,bedroom_2,living,entry,bedroom_2,entry,bedroom_2,kitchen,kitchen,kitchen,entry,kitchen,entry,bedroom_2,kitchen,entry,kitchen,kitchen,kitchen,bedroom_3,bedroom_3,bedroom_3,kitchen,kitchen,kitchen,kitchen,bedroom_3,kitchen,living,kitchen,bedroom_4,kitchen,kitchen,kitchen,bedroom_2,living,living,kitchen,kitchen,entry,living,living,living,kitchen,kitchen,kitchen,kitchen,entry,bedroom_2,entry,bedroom_2
8880,d06 Sun 04:00,living,living,kitchen,living,bathroom,kitchen,entry,living,kitchen,kitchen,bedroom_2,living,entry,bedroom_2,entry,bedroom_2,kitchen,kitchen,kitchen,entry,kitchen,entry,bedroom_2,kitchen,entry,kitchen,kitchen,kitchen,bedroom_3,bedroom_3,bedroom_3,kitchen,kitchen,kitchen,kitchen,bedroom_3,kitchen,living,kitchen,bedroom_4,kitchen,kitchen,kitchen,bedroom_2,living,living,kitchen,kitchen,entry,living,living,living,kitchen,kitchen,kitchen,kitchen,entry,bedroom_2,entry,bedroom_2
8940,d06 Sun 05:00,living,living,kitchen,living,bathroom,kitchen,entry,living,kitchen,kitchen,bedroom_2,living,entry,bedroom_2,entry,bedroom_2,kitchen,kitchen,kitchen,entry,kitchen,entry,bedroom_2,kitchen,entry,kitchen,kitchen,kitchen,bedroom_3,bedroom_3,bedroom_3,kitchen,kitchen,kitchen,kitchen,bedroom_3,kitchen,living,kitchen,bedroom_4,kitchen,kitchen,kitchen,bedroom_2,living,living,kitchen,kitchen,entry,living,living,living,kitchen,kitchen,kitchen,kitchen,entry,bedroom_2,entry,bedroom_2
9000,d06 Sun 06:00,living,living,kitchen,living,bathroom,kitchen,entry,living,kitchen,kitchen,bedroom_2,living,entry,bedroom_2,entry,bedroom_2,kitchen,kitchen,kitchen,entry,kitchen,entry,bedroom_2,kitchen,entry,kitchen,kitchen,kitchen,bedroom_3,bedroom_3,bedroom_3,kitchen,kitchen,kitchen,kitchen,bedroom_3,kitchen,living,kitchen,bedroom_4,kitchen,kitchen,kitchen,bedroom_2,living,living,kitchen,kitchen,entry,living,living,living,kitchen,kitchen,kitchen,kitchen,entry,bedroom_2,entry,bedroom_2
9060,d06 Sun 07:00,living,living,kitchen,living,bathroom,kitchen,entry,living,kitchen,kitchen,bedroom_2,living,entry,bedroom_2,entry,bedroom_2,kitchen,kitchen,kitchen,entry,kitchen,entry,bedroom_2,kitchen,entry,kitchen,kitchen,kitchen,bedroom_3,bedroom_3,bedroom_3,kitchen,kitchen,kitchen,kitchen,bedroom_3,kitchen,living,kitchen,bedroom_4,kitchen,kitchen,kitchen,bedroom_2,living,living,kitchen,kitchen,entry,living,living,living,kitchen,kitchen,kitchen,kitchen,entry,bedroom_2,entry,bedroom_2
9120,d06 Sun 08:00,living,living,kitchen,living,bathroom,kitchen,entry,living,kitchen,kitchen,bedroom_2,living,entry,bedroom_2,entry,kitchen,kitchen,kitchen,kitchen,entry,kitchen,entry,bedroom_2,kitchen,entry,bedroom_4,kitchen,kitchen,bedroom_3,kitchen,bedroom_3,kitchen,kitchen,kitchen,kitchen,kitchen,kitchen,living,kitchen,bedroom_4,kitchen,kitchen,kitchen,kitchen,living,living,kitchen,kitchen,entry,living,living,living,kitchen,kitchen,kitchen,kitchen,entry,bedroom_2,entry,bedroom_2
9180,d06 Sun 09:00,living,living,kitchen,living,bathroom,kitchen,entry,living,kitchen,kitchen,bedroom_2,living,entry,bedroom_2,entry,kitchen,kitchen,kitchen,kitchen,entry,kitchen,entry,bedroom_2,kitchen,entry,bathroom,kitchen,kitchen,bedroom_3,kitchen,bedroom_3,kitchen,kitchen,kitchen,kitchen,kitchen,kitchen,living,kitchen,kitchen,kitchen,kitchen,kitchen,kitchen,living,living,kitchen,kitchen,entry,living,living,living,kitchen,kitchen,kitchen,kitchen,entry,bedroom_2,entry,bedroom_2
9240,d06 Sun 10:00,outside,outside,kitchen,living,bathroom,outside,entry,outside,outside,outside,bedroom_2,living,entry,bedroom_2,entry,kitchen,kitchen,kitchen,kitchen,entry,kitchen,entry,bedroom_2,kitchen,entry,bathroom,kitchen,kitchen,outside,outside,outside,outside,outside,kitchen,kitchen,outside,outside,living,kitchen,entry,entry,kitchen,kitchen,living,living,living,kitchen,kitchen,entry,living,living,living,kitchen,kitchen,kitchen,kitchen,entry,bedroom_2,entry,bedroom_2
9300,d06 Sun 11:00,living,living,kitchen,living,bathroom,kitchen,entry,living,entry,bedroom_1,bedroom_2,living,entry,bedroom_2,entry,kitchen,kitchen,kitchen,kitchen,entry,kitchen,entry,bedroom_2,kitchen,entry,bathroom,kitchen,kitchen,bedroom_3,bedroom_3,bedroom_3,bedroom_3,kitchen,kitchen,kitchen,living,kitchen,living,kitchen,entry,entry,kitchen,kitchen,living,living,living,kitchen,kitchen,entry,living,living,living,kitchen,kitchen,kitchen,kitchen,entry,bedroom_2,entry,bedroom_2
9360,d06 Sun 12:00,living,living,kitchen,living,bathroom,kitchen,entry,living,entry,bedroom_1,bedroom_2,living,entry,bedroom_2,entry,living,kitchen,kitchen,kitchen,entry,kitchen,entry,bedroom_2,kitchen,entry,bathroom,kitchen,kitchen,bedroom_3,kitchen,bedroom_3,bedroom_3,kitchen,kitchen,kitchen,living,kitchen,living,kitchen,entry,entry,kitchen,kitchen,living,living,living,kitchen,kitchen,entry,living,living,living,kitchen,kitchen,kitchen,kitchen,entry,bedroom_2,entry,bedroom_2
9420,d06 Sun 13:00,living,living,living,living,bathroom,kitchen,entry,living,entry,bedroom_1,bedroom_2,living,entry,bedroom_2,entry,living,kitchen,kitchen,kitchen,entry,kitchen,entry,kitchen,kitchen,entry,bathroom,kitchen,kitchen,bedroom_3,kitchen,bedroom_3,bedroom_3,kitchen,kitchen,kitchen,kitchen,kitchen,living,kitchen,entry,entry,kitchen,kitchen,living,living,living,kitchen,kitchen,entry,living,living,living,kitchen,kitchen,kitchen,kitchen,entry,bedroom_2,entry,bedroom_2
9480,d06 Sun 14:00,living,living,kitchen,living,bathroom,kitchen,entry,living,entry,bedroom_1,bedroom_2,living,entry,bedroom_2,entry,living,kitchen,kitchen,kitchen,entry,kitchen,entry,kitchen,kitchen,entry,bathroom,kitchen,kitchen,bedroom_3,kitchen,bedroom_3,bedroom_3,kitchen,kitchen,kitchen,kitchen,kitchen,living,kitchen,entry,entry,kitchen,kitchen,living,living,living,kitchen,kitchen,entry,living,living,living,kitchen,kitchen,kitchen,kitchen,entry,bedroom_2,entry,bedroom_2
9540,d06 Sun 15:00,living,living,kitchen,living,bathroom,kitchen,entry,living,entry,bedroom_1,bedroom_2,living,entry,bedroom_2,entry,living,kitchen,kitchen,kitchen,entry,kitchen,entry,living,kitchen,entry,bathroom,kitchen,kitchen,bedroom_3,bedroom_3,bedroom_3,bedroom_3,kitchen,kitchen,bedroom_3,bedroom_3,kitchen,kitchen,kitchen,entry,entry,kitchen,kitchen,living,living,bedroom_4,kitchen,bedroom_4,kitchen,living,living,living,kitchen,kitchen,kitchen,kitchen,entry,bedroom_2,entry,bedroom_2
9600,d06 Sun 16:00,living,living,kitchen,living,bathroom,kitchen,entry,kitchen,entry,bedroom_1,bedroom_2,living,entry,bedroom_2,entry,kitchen,kitchen,kitchen,kitchen,entry,kitchen,entry,kitchen,kitchen,entry,bathroom,kitchen,kitchen,bedroom_3,kitchen,bedroom_3,bedroom_3,kitchen,kitchen,bedroom_3,kitchen,kitchen,kitchen,kitchen,entry,entry,kitchen,kitchen,living,living,bedroom_4,kitchen,bedroom_4,kitchen,living,living,living,kitchen,kitchen,kitchen,kitchen,entry,bedroom_2,entry,bedroom_2
9660,d06 Sun 17:00,living,living,kitchen,living,bathroom,kitchen,entry,living,entry,bedroom_1,bedroom_2,living,entry,bedroom_2,entry,entry,kitchen,kitchen,kitchen,entry,kitchen,entry,entry,kitchen,entry,bathroom,kitchen,kitchen,bedroom_3,kitchen,bedroom_3,bedroom_3,kitchen,kitchen,bedroom_3,kitchen,kitchen,kitchen,kitchen,entry,entry,kitchen,kitchen,living,living,bedroom_4,kitchen,bedroom_4,kitchen,kitchen,living,living,kitchen,kitchen,kitchen,kitchen,entry,bedroom_2,entry,bedroom_2
9720,d06 Sun 18:00,living,living,kitchen,living,bathroom,kitchen,entry,living,entry,bedroom_1,bedroom_2,living,entry,bedroom_2,entry,entry,kitchen,kitchen,kitchen,entry,kitchen,entry,kitchen,kitchen,entry,entry,kitchen,kitchen,bedroom_3,kitchen,bedroom_3,bedroom_3,kitchen,kitchen,bedroom_3,kitchen,kitchen,kitchen,kitchen,entry,entry,kitchen,kitchen,living,living,bedroom_4,kitchen,bedroom_4,kitchen,kitchen,living,living,kitchen,kitchen,kitchen,kitchen,entry,bedroom_2,entry,bedroom_2
9780,d06 Sun 19:00,living,living,kitchen,living,bathroom,kitchen,entry,living,entry,bedroom_1,bedroom_2,living,entry,bedroom_2,entry,entry,kitchen,kitchen,kitchen,entry,kitchen,entry,bathroom,kitchen,entry,entry,bathroom,kitchen,bedroom_3,bathroom,bedroom_3,bedroom_3,kitchen,kitchen,bedroom_3,bathroom,kitchen,kitchen,kitchen,entry,entry,kitchen,kitchen,living,living,bedroom_4,kitchen,bedroom_4,kitchen,kitchen,living,living,kitchen,kitchen,kitchen,kitchen,entry,bedroom_2,entry,bedroom_2
9840,d06 Sun 20:00,living,living,kitchen,living,bathroom,kitchen,entry,living,entry,bedroom_1,bedroom_2,living,entry,bedroom_2,entry,bedroom_2,kitchen,kitchen,kitchen,entry,kitchen,entry,bedroom_2,kitchen,entry,bathroom,bathroom,kitchen,bedroom_3,bathroom,bedroom_3,bedroom_3,kitchen,kitchen,bedroom_3,bathroom,kitchen,kitchen,kitchen,entry,entry,kitchen,kitchen,living,living,bedroom_4,kitchen,bedroom_4,kitchen,kitchen,living,living,kitchen,kitchen,kitchen,kitchen,entry,bedroom_2,entry,bedroom_2
9900,d06 Sun 21:00,living,living,kitchen,living,bathroom,kitchen,entry,living,entry,bedroom_1,bedroom_2,living,entry,bedroom_2,entry,bedroom_2,kitchen,kitchen,kitchen,entry,kitchen,entry,bedroom_2,kitchen,entry,bathroom,bathroom,kitchen,bedroom_3,bathroom,bedroom_3,bedroom_3,kitchen,kitchen,bedroom_3,bathroom,kitchen,kitchen,kitchen,entry,entry,kitchen,kitchen,living,living,bedroom_4,kitchen,bedroom_4,kitchen,kitchen,living,living,kitchen,kitchen,kitchen,kitchen,entry,bedroom_2,entry,bedroom_2
9960,d06 Sun 22:00,living,living,kitchen,living,bathroom,kitchen,entry,living,entry,bedroom_1,bedroom_2,living,entry,bedroom_2,entry,bedroom_2,kitchen,kitchen,kitchen,entry,kitchen,entry,bedroom_2,kitchen,entry,bathroom,bathroom,kitchen,bedroom_3,bedroom_3,bedroom_3,bedroom_3,kitchen,kitchen,bedroom_3,bedroom_3,kitchen,kitchen,kitchen,entry,entry,kitchen,kitchen,living,living,bedroom_4,kitchen,bedroom_4,kitchen,kitchen,living,living,kitchen,kitchen,kitchen,kitchen,entry,bedroom_2,entry,bedroom_2
10020,d06 Sun 23:00,living,living,kitchen,living,bathroom,kitchen,entry,living,entry,bedroom_1,bedroom_2,living,entry,bedroom_2,entry,bedroom_2,kitchen,kitchen,kitchen,entry,kitchen,entry,bedroom_2,kitchen,entry,bathroom,bathroom,kitchen,bedroom_3,bedroom_3,bedroom_3,bedroom_3,kitchen,kitchen,bedroom_3,bedroom_3,kitchen,kitchen,kitchen,entry,entry,kitchen,kitchen,living,living,bedroom_4,kitchen,bedroom_4,kitchen,kitchen,living,living,kitchen,kitchen,kitchen,kitchen,entry,bedroom_2,entry,bedroom_2
10080,d07 Mon 00:00,living,living,kitchen,living,bathroom,kitchen,entry,living,entry,bedroom_1,bedroom_2,living,entry,bedroom_2,entry,bedroom_2,kitchen,kitchen,kitchen,entry,kitchen,entry,bedroom_2,kitchen,entry,bathroom,bathroom,kitchen,bedroom_3,bedroom_3,bedroom_3,bedroom_3,kitchen,kitchen,bedroom_3,bedroom_3,kitchen,kitchen,kitchen,entry,entry,kitchen,kitchen,living,living,bedroom_4,kitchen,bedroom_4,kitchen,kitchen,living,living,kitchen,kitchen,kitchen,kitchen,entry,bedroom_2,entry,bedroom_2
10140,d07 Mon 01:00,living,living,kitchen,living,bathroom,kitchen,entry,living,entry,bedroom_1,bedroom_2,living,entry,bedroom_2,entry,bedroom_2,kitchen,kitchen,kitchen,entry,kitchen,entry,bedroom_2,kitchen,entry,bathroom,bathroom,kitchen,bedroom_3,bedroom_3,bedroom_3,bedroom_3,kitchen,kitchen,bedroom_3,bedroom_3,kitchen,kitchen,kitchen,entry,entry,kitchen,kitchen,living,living,bedroom_4,kitchen,bedroom_4,kitchen,kitchen,living,living,kitchen,kitchen,kitchen,kitchen,entry,bedroom_2,entry,bedroom_2
10200,d07 Mon 02:00,living,living,kitchen,living,bathroom,kitchen,entry,living,entry,bedroom_1,bedroom_2,living,entry,bedroom_2,entry,bedroom_2,kitchen,kitchen,kitchen,entry,kitchen,entry,bedroom_2,kitchen,entry,bathroom,bathroom,kitchen,bedroom_3,bedroom_3,bedroom_3,bedroom_3,kitchen,kitchen,bedroom_3,bedroom_3,kitchen,kitchen,kitchen,entry,entry,kitchen,kitchen,living,living,bedroom_4,kitchen,bedroom_4,kitchen,kitchen,living,living,kitchen,kitchen,kitchen,kitchen,entry,bedroom_2,entry,bedroom_2
10260,d07 Mon 03:00,living,living,kitchen,living,bathroom,kitchen,entry,living,entry,bedroom_1,bedroom_2,living,entry,bedroom_2,entry,bedroom_2,kitchen,kitchen,kitchen,entry,kitchen,entry,bedroom_2,kitchen,entry,bathroom,bathroom,kitchen,bedroom_3,bedroom_3,bedroom_3,bedroom_3,kitchen,kitchen,bedroom_3,bedroom_3,kitchen,kitchen,kitchen,entry,entry,kitchen,kitchen,living,living,bedroom_4,kitchen,bedroom_4,kitchen,kitchen,living,living,kitchen,kitchen,kitchen,kitchen,entry,bedroom_2,entry,bedroom_2
10320,d07 Mon 04:00,living,living,kitchen,living,bathroom,kitchen,entry,living,entry,bedroom_1,bedroom_2,living,entry,bedroom_2,entry,bedroom_2,kitchen,kitchen,kitchen,entry,kitchen,entry,bedroom_2,kitchen,entry,bathroom,bathroom,kitchen,bedroom_3,bedroom_3,bedroom_3,bedroom_3,kitchen,kitchen,bedroom_3,bedroom_3,kitchen,kitchen,kitchen,entry,entry,kitchen,kitchen,living,living,bedroom_4,kitchen,bedroom_4,kitchen,kitchen,living,living,kitchen,kitchen,kitchen,kitchen,entry,bedroom_2,entry,bedroom_2
10380,d07 Mon 05:00,living,living,kitchen,living,bathroom,kitchen,entry,living,entry,bedroom_1,bedroom_2,living,entry,bedroom_2,entry,bathroom,kitchen,kitchen,kitchen,entry,kitchen,entry,bedroom_2,kitchen,entry,bathroom,bathroom,kitchen,bedroom_3,bedroom_3,bedroom_3,bedroom_3,kitchen,kitchen,bedroom_3,bedroom_3,kitchen,kitchen,kitchen,entry,entry,kitchen,kitchen,living,living,bedroom_4,kitchen,bedroom_4,kitchen,kitchen,living,living,kitchen,kitchen,kitchen,kitchen,entry,bedroom_2,entry,bedroom_2
10440,d07 Mon 06:00,living,living,kitchen,living,bathroom,kitchen,entry,living,entry,bedroom_1,bedroom_2,living,entry,bedroom_2,entry,entry,kitchen,kitchen,kitchen,entry,kitchen,entry,bedroom_2,kitchen,entry,entry,bedroom_2,kitchen,bedroom_3,bedroom_3,bedroom_3,bedroom_3,kitchen,kitchen,bedroom_3,bedroom_3,kitchen,kitchen,kitchen,kitchen,entry,kitchen,kitchen,living,living,bedroom_4,kitchen,bedroom_4,kitchen,kitchen,living,living,kitchen,kitchen,kitchen,kitchen,entry,bedroom_2,entry,bedroom_2
10500,d07 Mon 07:00,living,living,kitchen,living,kitchen,kitchen,entry,living,entry,bedroom_1,outside,outside,outside,outside,outside,outside,outside,outside,kitchen,entry,kitchen,entry,entry,kitchen,entry,entry,bedroom_2,kitchen,bedroom_3,kitchen,bedroom_3,bedroom_3,kitchen,kitchen,bedroom_3,kitchen,kitchen,kitchen,kitchen,kitchen,entry,kitchen,kitchen,living,living,bedroom_4,kitchen,bedroom_4,kitchen,kitchen,living,living,kitchen,kitchen,kitchen,kitchen,entry,bedroom_2,entry,bedroom_2
10560,d07 Mon 08:00,living,living,kitchen,living,kitchen,kitchen,entry,living,entry,bedroom_1,outside,outside,outside,outside,outside,outside,outside,outside,outside,outside,outside,outside,outside,outside,outside,bathroom,bedroom_2,kitchen,outside,outside,outside,outside,outside,kitchen,bedroom_3,bedroom_3,outside,kitchen,outside,outside,outside,outside,outside,outside,living,living,kitchen,bedroom_4,outside,kitchen,living,living,kitchen,kitchen,kitchen,kitchen,entry,bedroom_2,entry,bedroom_2
10620,d07 Mon 09:00,living,living,kitchen,living,kitchen,kitchen,entry,living,entry,bedroom_1,outside,outside,outside,outside,outside,outside,outside,outside,outside,outside,outside,outside,outside,outside,outside,bathroom,bedroom_2,kitchen,outside,outside,outside,outside,outside,kitchen,kitchen,bedroom_3,outside,kitchen,outside,outside,outside,outside,outside,outside,living,bedroom_4,kitchen,bedroom_4,outside,kitchen,living,living,kitchen,kitchen,kitchen,kitchen,entry,bedroom_2,entry,bedroom_2
10680,d07 Mon 10:00,living,living,kitchen,living,kitchen,kitchen,entry,living,entry,bedroom_1,outside,outside,outside,outside,outside,outside,outside,outside,outside,outside,outside,outside,outside,outside,outside,bathroom,bedroom_2,kitchen,outside,outside,outside,outside,outside,kitchen,kitchen,bedroom_3,outside,kitchen,outside,outside,outside,outside,outside,outside,living,bedroom_4,kitchen,bedroom_4,outside,kitchen,living,bedroom_3,kitchen,kitchen,kitchen,kitchen,entry,bedroom_2,entry,bedroom_2
10740,d07 Mon 11:00,living,living,kitchen,living,kitchen,kitchen,entry,living,entry,bedroom_1,outside,outside,outside,outside,outside,outside,outside,outside,outside,outside,outside,outside,outside,outside,outside,bathroom,bedroom_2,kitchen,outside,outside,outside,outside,outside,kitchen,kitchen,bedroom_3,outside,kitchen,outside,outside,outside,outside,outside,outside,living,bedroom_4,kitchen,bedroom_4,outside,kitchen,living,bedroom_3,kitchen,kitchen,kitchen,kitchen,entry,bedroom_2,entry,bedroom_2
10800,d07 Mon 12:00,living,living,kitchen,living,kitchen,kitchen,entry,living,entry,bedroom_1,outside,outside,outside,outside,outside,outside,outside,outside,outside,outside,outside,outside,outside,outside,outside,bathroom,bedroom_2,kitchen,outside,outside,outside,outside,outside,kitchen,kitchen,bedroom_3,outside,kitchen,outside,outside,outside,outside,outside,outside,living,bedroom_4,kitchen,bedroom_4,outside,kitchen,living,bedroom_3,kitchen,kitchen,kitchen,kitchen,entry,bedroom_2,entry,bedroom_2
10860,d07 Mon 13:00,living,living,kitchen,living,kitchen,kitchen,entry,living,entry,bedroom_1,outside,outside,outside,outside,outside,outside,outside,outside,outside,outside,outside,outside,outside,outside,outside,bathroom,bedroom_2,kitchen,outside,outside,outside,outside,outside,kitchen,kitchen,bedroom_3,outside,kitchen,outside,outside,outside,outside,outside,outside,living,bedroom_4,kitchen,bedroom_4,outside,kitchen,living,bedroom_3,kitchen,kitchen,kitchen,kitchen,entry,bedroom_2,entry,bedroom_2
10920,d07 Mon 14:00,living,living,kitchen,living,kitchen,kitchen,entry,living,entry,bedroom_1,outside,outside,outside,outside,outside,outside,outside,outside,outside,outside,outside,outside,outside,outside,outside,bathroom,bedroom_2,kitchen,outside,outside,outside,outside,outside,kitchen,kitchen,bedroom_3,outside,kitchen,outside,outside,outside,outside,outside,outside,living,living,kitchen,kitchen,outside,kitchen,living,bedroom_3,kitchen,kitchen,kitchen,kitchen,entry,bedroom_2,entry,bedroom_2
10980,d07 Mon 15:00,living,living,kitchen,living,kitchen,kitchen,entry,living,entry,bedroom_1,outside,outside,outside,outside,outside,outside,outside,outside,outside,outside,outside,outside,outside,outside,outside,bathroom,bedroom_2,kitchen,outside,outside,outside,outside,outside,kitchen,kitchen,bedroom_3,outside,kitchen,outside,outside,outside,outside,outside,outside,living,living,kitchen,kitchen,outside,kitchen,living,bedroom_3,kitchen,kitchen,kitchen,kitchen,entry,bedroom_2,entry,bedroom_2
11040,d07 Mon 16:00,living,living,kitchen,living,kitchen,kitchen,entry,living,entry,bedroom_1,outside,outside,kitchen,outside,outside,outside,outside,outside,kitchen,entry,entry,entry,kitchen,kitchen,entry,bathroom,bedroom_2,kitchen,bedroom_3,bedroom_3,kitchen,bedroom_3,kitchen,kitchen,kitchen,bedroom_3,entry,kitchen,kitchen,entry,entry,kitchen,kitchen,outside,living,living,kitchen,kitchen,entry,kitchen,living,bedroom_3,living,kitchen,kitchen,kitchen,entry,bedroom_2,entry,entry
11100,d07 Mon 17:00,living,living,kitchen,living,kitchen,kitchen,entry,kitchen,entry,bedroom_1,bedroom_2,kitchen,kitchen,entry,kitchen,kitchen,kitchen,entry,kitchen,entry,entry,entry,kitchen,kitchen,entry,bathroom,bedroom_2,kitchen,bedroom_3,bedroom_3,kitchen,bedroom_3,kitchen,kitchen,kitchen,kitchen,entry,kitchen,kitchen,entry,entry,kitchen,kitchen,living,living,living,living,kitchen,entry,kitchen,living,bedroom_3,living,kitchen,kitchen,kitchen,entry,bedroom_2,entry,bedroom_2
11160,d07 Mon 18:00,living,living,kitchen,living,kitchen,kitchen,entry,kitchen,entry,bedroom_1,bedroom_2,kitchen,kitchen,entry,kitchen,kitchen,kitchen,entry,kitchen,entry,entry,entry,kitchen,kitchen,entry,bathroom,bedroom_2,kitchen,bedroom_3,bedroom_3,kitchen,bedroom_3,kitchen,kitchen,kitchen,kitchen,entry,kitchen,kitchen,entry,entry,kitchen,kitchen,kitchen,living,living,kitchen,kitchen,entry,kitchen,living,bedroom_3,living,kitchen,kitchen,kitchen,entry,bedroom_2,entry,bedroom_2
11220,d07 Mon 19:00,living,living,kitchen,living,kitchen,kitchen,entry,kitchen,entry,bedroom_1,bedroom_2,kitchen,kitchen,entry,kitchen,kitchen,kitchen,entry,kitchen,entry,entry,entry,living,kitchen,entry,bathroom,bedroom_2,kitchen,bedroom_3,bedroom_3,kitchen,bedroom_3,kitchen,kitchen,kitchen,bedroom_3,entry,kitchen,kitchen,entry,entry,kitchen,kitchen,kitchen,living,living,bathroom,kitchen,entry,kitchen,living,bedroom_3,living,kitchen,kitchen,kitchen,entry,bedroom_2,entry,bedroom_2
11280,d07 Mon 20:00,living,living,kitchen,living,kitchen,kitchen,entry,kitchen,entry,bedroom_1,bedroom_2,kitchen,kitchen,entry,kitchen,kitchen,kitchen,entry,kitchen,entry,entry,entry,bedroom_2,kitchen,entry,bathroom,bedroom_2,kitchen,bedroom_3,bedroom_3,kitchen,bedroom_3,kitchen,kitchen,kitchen,bedroom_3,entry,kitchen,kitchen,entry,entry,kitchen,kitchen,kitchen,living,living,bedroom_4,kitchen,entry,kitchen,living,bedroom_3,living,kitchen,kitchen,kitchen,entry,bedroom_2,entry,bedroom_2
11340,d07 Mon 21:00,living,living,kitchen,living,kitchen,kitchen,entry,kitchen,entry,bedroom_1,bedroom_2,kitchen,kitchen,entry,kitchen,kitchen,kitchen,entry,kitchen,entry,entry,entry,bedroom_2,kitchen,entry,bathroom,bedroom_2,kitchen,bedroom_3,bedroom_3,kitchen,bedroom_3,kitchen,kitchen,kitchen,bedroom_3,entry,kitchen,kitchen,entry,entry,kitchen,kitchen,kitchen,living,living,bedroom_4,kitchen,entry,kitchen,living,bedroom_3,living,kitchen,kitchen,kitchen,entry,bedroom_2,entry,bedroom_2
11400,d07 Mon 22:00,living,living,kitchen,living,kitchen,kitchen,entry,kitchen,entry,bedroom_1,bedroom_2,kitchen,kitchen,entry,kitchen,kitchen,kitchen,entry,kitchen,entry,entry,entry,bedroom_2,kitchen,entry,bathroom,bedroom_2,kitchen,bedroom_3,bedroom_3,kitchen,bedroom_3,kitchen,kitchen,kitchen,bedroom_3,entry,kitchen,kitchen,entry,entry,kitchen,kitchen,kitchen,living,living,bedroom_4,kitchen,entry,kitchen,living,bedroom_3,living,kitchen,kitchen,kitchen,entry,bedroom_2,entry,bedroom_2
11460,d07 Mon 23:00,living,living,kitchen,living,kitchen,kitchen,entry,kitchen,entry,bedroom_1,bedroom_2,kitchen,kitchen,entry,kitchen,kitchen,kitchen,entry,kitchen,entry,entry,entry,bedroom_2,kitchen,entry,bathroom,bedroom_2,kitchen,bedroom_3,bedroom_3,kitchen,bedroom_3,kitchen,kitchen,kitchen,bedroom_3,entry,kitchen,kitchen,entry,entry,kitchen,kitchen,kitchen,living,living,bedroom_4,kitchen,entry,kitchen,living,bedroom_3,living,kitchen,kitchen,kitchen,entry,bedroom_2,entry,bedroom_2
11520,d08 Tue 00:00,living,living,kitchen,living,kitchen,kitchen,entry,kitchen,entry,bedroom_1,bedroom_2,kitchen,kitchen,entry,kitchen,kitchen,kitchen,entry,kitchen,entry,entry,entry,bedroom_2,kitchen,entry,bathroom,bedroom_2,kitchen,bedroom_3,bedroom_3,kitchen,bedroom_3,kitchen,kitchen,kitchen,bedroom_3,entry,kitchen,kitchen,entry,entry,kitchen,kitchen,kitchen,living,living,bedroom_4,kitchen,entry,kitchen,living,bedroom_3,living,kitchen,kitchen,kitchen,entry,bedroom_2,entry,bedroom_2
11580,d08 Tue 01:00,living,living,kitchen,living,kitchen,kitchen,entry,kitchen,entry,bedroom_1,bedroom_2,kitchen,kitchen,entry,kitchen,kitchen,kitchen,entry,kitchen,entry,entry,entry,bedroom_2,kitchen,entry,bathroom,bedroom_2,kitchen,bedroom_3,bedroom_3,kitchen,bedroom_3,kitchen,kitchen,kitchen,bedroom_3,entry,kitchen,kitchen,entry,entry,kitchen,kitchen,kitchen,living,living,bedroom_4,kitchen,entry,kitchen,living,bedroom_3,living,kitchen,kitchen,kitchen,entry,bedroom_2,entry,bedroom_2
11640,d08 Tue 02:00,living,living,kitchen,living,kitchen,kitchen,entry,kitchen,entry,bedroom_1,bedroom_2,kitchen,kitchen,entry,kitchen,kitchen,kitchen,entry,kitchen,entry,entry,entry,bedroom_2,kitchen,entry,bathroom,bedroom_2,kitchen,bedroom_3,bedroom_3,kitchen,bedroom_3,kitchen,kitchen,kitchen,bedroom_3,entry,kitchen,kitchen,entry,entry,kitchen,kitchen,kitchen,living,living,bedroom_4,kitchen,entry,kitchen,living,bedroom_3,living,kitchen,kitchen,kitchen,entry,bedroom_2,entry,bedroom_2
11700,d08 Tue 03:00,living,living,kitchen,living,kitchen,kitchen,entry,kitchen,entry,bedroom_1,bedroom_2,kitchen,kitchen,entry,kitchen,kitchen,kitchen,entry,kitchen,entry,entry,entry,bedroom_2,kitchen,entry,bathroom,bedroom_2,kitchen,bedroom_3,bedroom_3,kitchen,bedroom_3,kitchen,kitchen,kitchen,bedroom_3,entry,kitchen,kitchen,entry,entry,kitchen,kitchen,kitchen,living,living,bedroom_4,kitchen,entry,kitchen,living,bedroom_3,living,kitchen,kitchen,kitchen,entry,bedroom_2,entry,bedroom_2
11760,d08 Tue 04:00,living,living,kitchen,living,kitchen,kitchen,entry,kitchen,entry,bedroom_1,bedroom_2,kitchen,kitchen,entry,kitchen,kitchen,kitchen,entry,kitchen,entry,entry,entry,bedroom_2,kitchen,entry,bathroom,bedroom_2,kitchen,bedroom_3,bedroom_3,kitchen,bedroom_3,kitchen,kitchen,kitchen,bedroom_3,entry,kitchen,kitchen,entry,entry,kitchen,kitchen,kitchen,living,living,bedroom_4,kitchen,entry,kitchen,living,bedroom_3,living,kitchen,kitchen,kitchen,entry,bedroom_2,entry,bedroom_2
11820,d08 Tue 05:00,living,living,kitchen,living,kitchen,kitchen,entry,kitchen,entry,bedroom_1,bedroom_2,kitchen,kitchen,entry,kitchen,kitchen,kitchen,entry,kitchen,entry,entry,entry,bedroom_2,kitchen,entry,bathroom,bedroom_2,kitchen,bedroom_3,bedroom_3,kitchen,bedroom_3,kitchen,kitchen,kitchen,bedroom_3,entry,kitchen,kitchen,entry,entry,kitchen,kitchen,kitchen,living,living,bedroom_4,kitchen,entry,kitchen,living,bedroom_3,living,kitchen,kitchen,kitchen,entry,bedroom_2,entry,bedroom_2
11880,d08 Tue 06:00,living,living,kitchen,living,kitchen,kitchen,entry,kitchen,entry,bedroom_1,bedroom_2,kitchen,kitchen,entry,kitchen,kitchen,kitchen,entry,kitchen,entry,entry,entry,bathroom,kitchen,entry,entry,bathroom,kitchen,bedroom_3,bedroom_3,kitchen,kitchen,kitchen,kitchen,kitchen,bedroom_3,entry,kitchen,kitchen,entry,entry,kitchen,kitchen,kitchen,living,living,bedroom_4,kitchen,entry,kitchen,living,bedroom_3,kitchen,kitchen,kitchen,kitchen,entry,bedroom_2,entry,bedroom_2
11940,d08 Tue 07:00,living,living,kitchen,living,bathroom,kitchen,entry,kitchen,entry,bedroom_1,bedroom_2,kitchen,kitchen,entry,kitchen,kitchen,kitchen,entry,kitchen,entry,entry,entry,kitchen,kitchen,entry,bedroom_4,bathroom,kitchen,bedroom_3,kitchen,kitchen,kitchen,kitchen,kitchen,kitchen,kitchen,entry,kitchen,kitchen,entry,entry,kitchen,kitchen,kitchen,living,living,kitchen,kitchen,entry,kitchen,living,bedroom_3,kitchen,kitchen,kitchen,kitchen,entry,bedroom_2,entry,bedroom_2
12000,d08 Tue 08:00,living,living,kitchen,living,bathroom,kitchen,entry,living,entry,bedroom_1,outside,outside,outside,outside,outside,outside,outside,outside,outside,outside,outside,outside,outside,outside,outside,bedroom_2,bathroom,kitchen,bedroom_3,bedroom_3,kitchen,kitchen,kitchen,kitchen,kitchen,bedroom_3,entry,kitchen,outside,outside,outside,outside,outside,outside,living,living,kitchen,kitchen,outside,kitchen,living,living,kitchen,kitchen,kitchen,kitchen,entry,bedroom_2,entry,bedroom_2
12060,d08 Tue 09:00,living,living,kitchen,living,bathroom,kitchen,entry,living,entry,bedroom_1,outside,outside,outside,outside,outside,outside,outside,outside,outside,outside,outside,outside,outside,outside,outside,bedroom_2,bathroom,kitchen,outside,outside,outside,outside,outside,kitchen,kitchen,outside,outside,kitchen,outside,outside,outside,outside,outside,outside,living,living,kitchen,kitchen,outside,kitchen,living,living,kitchen,kitchen,kitchen,kitchen,entry,bedroom_2,entry,bedroom_2
12120,d08 Tue 10:00,living,living,kitchen,living,bathroom,kitchen,entry,living,entry,bedroom_1,outside,outside,outside,outside,outside,outside,outside,outside,outside,outside,outside,outside,outside,outside,outside,bedroom_2,bathroom,kitchen,outside,outside,outside,outside,outside,kitchen,kitchen,outside,outside,kitchen,kitchen,outside,outside,outside,outside,outside,living,living,kitchen,kitchen,outside,kitchen,living,living,kitchen,kitchen,kitchen,kitchen,entry,bedroom_2,entry,bedroom_2
12180,d08 Tue 11:00,living,living,kitchen,living,bathroom,kitchen,entry,living,entry,bedroom_1,outside,outside,outside,outside,outside,outside,kitchen,outside,outside,outside,outside,outside,outside,outside,outside,bedroom_2,bathroom,kitchen,outside,outside,outside,outside,outside,kitchen,kitchen,outside,outside,kitchen,kitchen,outside,outside,outside,outside,outside,living,bedroom_4,kitchen,kitchen,outside,kitchen,living,living,kitchen,kitchen,kitchen,kitchen,entry,bedroom_2,entry,bedroom_2
12240,d08 Tue 12:00,living,living,kitchen,living,bathroom,kitchen,entry,living,entry,bedroom_1,outside,outside,outside,outside,outside,outside,kitchen,outside,outside,outside,outside,outside,outside,outside,outside,bedroom_2,bathroom,kitchen,outside,outside,outside,outside,outside,kitchen,kitchen,outside,outside,kitchen,kitchen,outside,outside,outside,outside,outside,living,bedroom_4,kitchen,kitchen,outside,kitchen,living,living,kitchen,kitchen,kitchen,kitchen,entry,bedroom_2,entry,bedroom_2
12300,d08 Tue 13:00,living,living,kitchen,living,bathroom,kitchen,entry,living,entry,bedroom_1,outside,outside,outside,outside,outside,outside,kitchen,outside,outside,outside,outside,outside,outside,outside,outside,bedroom_2,bathroom,kitchen,outside,outside,outside,outside,outside,kitchen,kitchen,outside,outside,kitchen,kitchen,outside,outside,outside,outside,outside,living,bedroom_4,kitchen,kitchen,outside,kitchen,living,living,kitchen,kitchen,kitchen,kitchen,entry,bedroom_2,entry,bedroom_2
12360,d08 Tue 14:00,living,living,kitchen,living,bathroom,kitchen,entry,living,entry,bedroom_1,outside,outside,outside,outside,outside,outside,kitchen,outside,outside,outside,outside,outside,outside,outside,outside,bedroom_2,bathroom,kitchen,outside,outside,outside,outside,outside,kitchen,kitchen,outside,outside,kitchen,kitchen,outside,outside,outside,outside,outside,living,bedroom_4,kitchen,kitchen,outside,kitchen,living,living,kitchen,kitchen,kitchen,kitchen,entry,bedroom_2,entry,bedroom_2
12420,d08 Tue 15:00,living,living,kitchen,living,bathroom,kitchen,entry,living,entry,bedroom_1,outside,outside,outside,outside,outside,outside,kitchen,outside,outside,outside,outside,outside,outside,outside,outside,bedroom_2,bathroom,kitchen,outside,outside,outside,outside,outside,kitchen,kitchen,outside,outside,kitchen,outside,kitchen,kitchen,kitchen,kitchen,living,living,bedroom_4,kitchen,kitchen,entry,kitchen,living,living,kitchen,kitchen,kitchen,kitchen,entry,bedroom_2,entry,entry
12480,d08 Tue 16:00,living,living,kitchen,living,bathroom,kitchen,entry,living,entry,bedroom_1,outside,outside,outside,outside,outside,outside,kitchen,outside,kitchen,entry,bedroom_2,entry,kitchen,kitchen,entry,bedroom_2,bathroom,kitchen,bedroom_3,bedroom_3,bedroom_3,bedroom_3,kitchen,kitchen,kitchen,kitchen,entry,kitchen,outside,kitchen,entry,kitchen,kitchen,outside,living,bedroom_4,kitchen,kitchen,entry,living,living,living,kitchen,kitchen,kitchen,kitchen,entry,bedroom_2,entry,bedroom_2
12540,d08 Tue 17:00,living,living,kitchen,living,bathroom,kitchen,entry,living,entry,bedroom_1,bedroom_2,living,kitchen,entry,entry,kitchen,kitchen,entry,kitchen,entry,bedroom_2,entry,kitchen,kitchen,entry,bedroom_2,bathroom,kitchen,bedroom_3,bedroom_3,bedroom_3,bedroom_3,kitchen,kitchen,kitchen,kitchen,entry,kitchen,kitchen,living,entry,kitchen,kitchen,kitchen,living,living,kitchen,kitchen,entry,living,living,living,living,kitchen,kitchen,kitchen,entry,bedroom_2,entry,bedroom_2
12600,d08 Tue 18:00,living,living,kitchen,living,bathroom,kitchen,entry,living,entry,bedroom_1,kitchen,living,kitchen,entry,entry,kitchen,kitchen,entry,kitchen,entry,kitchen,entry,kitchen,kitchen,entry,bedroom_2,bathroom,kitchen,bedroom_3,bedroom_3,bedroom_3,bedroom_3,kitchen,kitchen,bedroom_3,kitchen,entry,kitchen,kitchen,kitchen,entry,kitchen,kitchen,kitchen,living,bedroom_4,kitchen,kitchen,entry,living,living,living,living,kitchen,kitchen,kitchen,entry,bedroom_2,entry,bedroom_2
12660,d08 Tue 19:00,living,living,kitchen,living,bathroom,kitchen,entry,living,entry,bedroom_1,kitchen,living,kitchen,entry,entry,bedroom_2,kitchen,entry,kitchen,entry,kitchen,entry,kitchen,kitchen,entry,bedroom_2,bathroom,kitchen,bedroom_3,bedroom_3,bedroom_3,bedroom_3,kitchen,kitchen,bedroom_3,living,entry,kitchen,bedroom_2,bedroom_4,entry,kitchen,kitchen,bedroom_2,living,bedroom_4,bedroom_4,kitchen,entry,living,living,living,living,kitchen,kitchen,kitchen,entry,bedroom_2,entry,bedroom_2
12720,d08 Tue 20:00,living,living,kitchen,living,bathroom,kitchen,entry,living,entry,bedroom_1,kitchen,living,kitchen,entry,entry,bedroom_2,kitchen,entry,kitchen,entry,kitchen,entry,kitchen,kitchen,entry,bedroom_2,bathroom,kitchen,bedroom_3,bedroom_3,bedroom_3,bedroom_3,kitchen,kitchen,bedroom_3,living,entry,kitchen,bedroom_2,bedroom_4,entry,kitchen,kitchen,bedroom_2,living,living,bedroom_4,kitchen,entry,living,living,living,living,kitchen,kitchen,kitchen,entry,bedroom_2,entry,bedroom_2
12780,d08 Tue 21:00,living,living,kitchen,living,bathroom,kitchen,entry,living,entry,bedroom_1,kitchen,living,kitchen,entry,entry,bedroom_2,kitchen,entry,kitchen,entry,kitchen,entry,kitchen,kitchen,entry,bedroom_2,bathroom,kitchen,bedroom_3,bedroom_3,bedroom_3,bedroom_3,kitchen,kitchen,bedroom_3,bedroom_3,entry,kitchen,bedroom_2,bedroom_4,entry,kitchen,kitchen,bedroom_2,living,living,bedroom_4,kitchen,entry,living,living,living,living,kitchen,kitchen,kitchen,entry,bedroom_2,entry,bedroom_2
12840,d08 Tue 22:00,living,living,kitchen,living,bathroom,kitchen,entry,living,entry,bedroom_1,kitchen,living,kitchen,entry,entry,bedroom_2,kitchen,entry,kitchen,entry,kitchen,entry,kitchen,kitchen,entry,bedroom_2,bathroom,kitchen,bedroom_3,bedroom_3,bedroom_3,bedroom_3,kitchen,kitchen,bedroom_3,bedroom_3,entry,kitchen,bedroom_2,bedroom_4,entry,kitchen,kitchen,bedroom_2,living,living,bedroom_4,kitchen,entry,living,living,living,living,kitchen,kitchen,kitchen,entry,bedroom_2,entry,bedroom_2
12900,d08 Tue 23:00,living,living,kitchen,living,bathroom,kitchen,entry,living,entry,bedroom_1,kitchen,living,kitchen,entry,entry,bedroom_2,kitchen,entry,kitchen,entry,kitchen,entry,kitchen,kitchen,entry,bedroom_2,bathroom,kitchen,bedroom_3,bedroom_3,bedroom_3,bedroom_3,kitchen,kitchen,bedroom_3,bedroom_3,entry,kitchen,bedroom_2,bedroom_4,entry,kitchen,kitchen,bedroom_2,living,living,bedroom_4,kitchen,entry,living,living,living,living,kitchen,kitchen,kitchen,entry,bedroom_2,entry,bedroom_2
12960,d09 Wed 00:00,living,living,kitchen,living,bathroom,kitchen,entry,living,entry,bedroom_1,kitchen,living,kitchen,entry,entry,bedroom_2,kitchen,entry,kitchen,entry,kitchen,entry,kitchen,kitchen,entry,bedroom_2,bathroom,kitchen,bedroom_3,bedroom_3,bedroom_3,bedroom_3,kitchen,kitchen,bedroom_3,bedroom_3,entry,kitchen,bedroom_2,bedroom_4,entry,kitchen,kitchen,bedroom_2,living,living,bedroom_4,kitchen,entry,living,living,living,living,kitchen,kitchen,kitchen,entry,bedroom_2,entry,bedroom_2
13020,d09 Wed 01:00,living,living,kitchen,living,bathroom,kitchen,entry,living,entry,bedroom_1,kitchen,living,kitchen,entry,entry,bedroom_2,kitchen,entry,kitchen,entry,kitchen,entry,kitchen,kitchen,entry,bedroom_2,bathroom,kitchen,bedroom_3,bedroom_3,bedroom_3,bedroom_3,kitchen,kitchen,bedroom_3,bedroom_3,entry,kitchen,bedroom_2,bedroom_4,entry,kitchen,kitchen,bedroom_2,living,living,bedroom_4,kitchen,entry,living,living,living,living,kitchen,kitchen,kitchen,entry,bedroom_2,entry,bedroom_2
13080,d09 Wed 02:00,living,living,kitchen,living,bathroom,kitchen,entry,living,entry,bedroom_1,kitchen,living,kitchen,entry,entry,bedroom_2,kitchen,entry,kitchen,entry,kitchen,entry,kitchen,kitchen,entry,bedroom_2,bathroom,kitchen,bedroom_3,bedroom_3,bedroom_3,bedroom_3,kitchen,kitchen,bedroom_3,bedroom_3,entry,kitchen,bedroom_2,bedroom_4,entry,kitchen,kitchen,bedroom_2,living,living,bedroom_4,kitchen,entry,living,living,living,living,kitchen,kitchen,kitchen,entry,bedroom_2,entry,bedroom_2
13140,d09 Wed 03:00,living,living,kitchen,living,bathroom,kitchen,entry,living,entry,bedroom_1,kitchen,living,kitchen,entry,entry,bedroom_2,kitchen,entry,kitchen,entry,kitchen,entry,kitchen,kitchen,entry,bedroom_2,bathroom,kitchen,bedroom_3,bedroom_3,bedroom_3,bedroom_3,kitchen,kitchen,bedroom_3,bedroom_3,entry,kitchen,bedroom_2,bedroom_4,entry,kitchen,kitchen,bedroom_2,living,living,bedroom_4,kitchen,entry,living,living,living,living,kitchen,kitchen,kitchen,entry,bedroom_2,entry,bedroom_2
13200,d09 Wed 04:00,living,living,kitchen,living,bathroom,kitchen,entry,living,entry,bedroom_1,kitchen,living,kitchen,entry,entry,bedroom_2,kitchen,entry,kitchen,entry,kitchen,entry,kitchen,kitchen,entry,bedroom_2,bathroom,kitchen,bedroom_3,bedroom_3,bedroom_3,bedroom_3,kitchen,kitchen,bedroom_3,bedroom_3,entry,kitchen,bedroom_2,bedroom_4,entry,kitchen,kitchen,bedroom_2,living,living,bedroom_4,kitchen,entry,living,living,living,living,kitchen,kitchen,kitchen,entry,bedroom_2,entry,bedroom_2
13260,d09 Wed 05:00,living,living,kitchen,living,bathroom,kitchen,entry,living,entry,bedroom_1,kitchen,living,kitchen,entry,entry,bedroom_2,kitchen,entry,kitchen,entry,kitchen,entry,kitchen,kitchen,entry,bedroom_2,bathroom,kitchen,bedroom_3,bedroom_3,bedroom_3,bedroom_3,kitchen,kitchen,bedroom_3,bedroom_3,entry,kitchen,bedroom_2,bedroom_4,entry,kitchen,kitchen,bedroom_2,living,living,bedroom_4,kitchen,entry,living,living,living,living,kitchen,kitchen,kitchen,entry,bedroom_2,entry,bedroom_2
13320,d09 Wed 06:00,living,living,kitchen,living,kitchen,kitchen,entry,living,entry,bedroom_1,kitchen,living,kitchen,entry,entry,kitchen,kitchen,entry,kitchen,entry,kitchen,entry,kitchen,kitchen,entry,bathroom,bathroom,kitchen,bedroom_3,bedroom_3,bedroom_3,bedroom_3,kitchen,kitchen,bedroom_3,bedroom_3,entry,kitchen,kitchen,bedroom_4,entry,kitchen,kitchen,kitchen,living,living,bedroom_4,kitchen,entry,living,living,living,kitchen,kitchen,kitchen,kitchen,entry,bedroom_2,entry,bedroom_2
13380,d09 Wed 07:00,living,living,kitchen,living,kitchen,kitchen,entry,living,entry,bedroom_1,outside,kitchen,outside,outside,outside,outside,outside,outside,kitchen,entry,kitchen,entry,kitchen,kitchen,entry,bedroom_4,bathroom,kitchen,bedroom_3,kitchen,bedroom_3,bedroom_3,kitchen,kitchen,bedroom_3,kitchen,entry,kitchen,outside,bedroom_4,entry,kitchen,kitchen,outside,living,living,bedroom_4,kitchen,entry,living,living,living,kitchen,kitchen,kitchen,kitchen,entry,bedroom_2,entry,bedroom_2
13440,d09 Wed 08:00,living,living,kitchen,living,kitchen,kitchen,entry,living,entry,bedroom_1,outside,kitchen,outside,outside,outside,outside,outside,outside,outside,outside,outside,outside,outside,outside,outside,bedroom_2,bathroom,kitchen,outside,outside,outside,outside,outside,kitchen,bedroom_3,outside,outside,kitchen,outside,entry,entry,kitchen,kitchen,outside,living,living,kitchen,kitchen,entry,living,living,living,kitchen,kitchen,kitchen,kitchen,entry,bedroom_2,entry,bedroom_2
13500,d09 Wed 09:00,living,living,kitchen,living,kitchen,kitchen,entry,living,entry,bedroom_1,outside,kitchen,outside,outside,outside,outside,outside,outside,outside,outside,outside,outside,outside,outside,outside,bathroom,bathroom,kitchen,outside,outside,outside,outside,outside,kitchen,bedroom_3,outside,outside,kitchen,outside,outside,outside,outside,outside,outside,living,living,kitchen,kitchen,outside,living,living,living,kitchen,kitchen,kitchen,kitchen,entry,bedroom_2,entry,bedroom_2
13560,d09 Wed 10:00,living,living,kitchen,living,kitchen,kitchen,entry,living,entry,bedroom_1,outside,kitchen,outside,outside,outside,outside,outside,outside,outside,outside,outside,outside,outside,outside,outside,bathroom,bathroom,kitchen,outside,outside,outside,outside,outside,kitchen,bedroom_3,outside,outside,kitchen,outside,outside,outside,outside,outside,outside,living,living,kitchen,kitchen,outside,living,living,living,kitchen,kitchen,kitchen,kitchen,entry,bedroom_2,entry,bedroom_2
13620,d09 Wed 11:00,living,living,kitchen,living,kitchen,kitchen,entry,living,entry,bedroom_1,outside,kitchen,outside,outside,outside,outside,outside,outside,outside,outside,outside,outside,outside,outside,outside,bathroom,bathroom,kitchen,outside,outside,kitchen,outside,outside,kitchen,bedroom_3,outside,outside,kitchen,outside,outside,outside,outside,outside,outside,living,living,kitchen,kitchen,outside,living,living,living,kitchen,kitchen,kitchen,kitchen,entry,bedroom_2,entry,bedroom_2
13680,d09 Wed 12:00,living,living,kitchen,living,kitchen,kitchen,entry,living,entry,bedroom_1,outside,kitchen,outside,outside,outside,outside,outside,outside,outside,outside,outside,outside,outside,outside,outside,bathroom,bathroom,kitchen,outside,outside,kitchen,outside,outside,kitchen,bedroom_3,outside,outside,kitchen,kitchen,outside,outside,outside,outside,outside,living,living,kitchen,kitchen,outside,living,living,living,kitchen,kitchen,kitchen,kitchen,entry,bedroom_2,entry,bedroom_2
13740,d09 Wed 13:00,living,living,kitchen,living,kitchen,kitchen,entry,living,entry,bedroom_1,outside,kitchen,outside,outside,outside,outside,outside,outside,outside,outside,outside,outside,outside,outside,outside,bathroom,bathroom,kitchen,outside,outside,kitchen,outside,outside,kitchen,bedroom_3,outside,outside,kitchen,kitchen,outside,outside,outside,outside,outside,living,living,kitchen,kitchen,outside,living,living,living,kitchen,kitchen,kitchen,kitchen,entry,bedroom_2,entry,bedroom_2
13800,d09 Wed 14:00,living,living,kitchen,living,kitchen,kitchen,entry,living,entry,bedroom_1,outside,kitchen,outside,outside,outside,outside,outside,outside,outside,outside,outside,outside,outside,outside,outside,bathroom,bathroom,kitchen,outside,outside,kitchen,outside,outside,kitchen,bedroom_3,outside,outside,kitchen,kitchen,outside,outside,outside,outside,outside,living,living,kitchen,kitchen,outside,living,living,living,kitchen,kitchen,kitchen,kitchen,entry,bedroom_2,entry,bedroom_2
13860,d09 Wed 15:00,living,living,kitchen,living,kitchen,kitchen,entry,living,entry,bedroom_1,outside,kitchen,outside,outside,outside,outside,outside,outside,kitchen,entry,bedroom_2,entry,kitchen,kitchen,entry,bathroom,bathroom,kitchen,outside,outside,bedroom_3,outside,outside,kitchen,kitchen,outside,outside,kitchen,kitchen,entry,entry,kitchen,kitchen,living,living,living,kitchen,kitchen,entry,living,living,living,kitchen,kitchen,kitchen,kitchen,entry,bedroom_2,entry,bedroom_2
13920,d09 Wed 16:00,living,living,kitchen,living,kitchen,kitchen,entry,living,entry,bedroom_1,outside,living,outside,outside,outside,outside,outside,outside,kitchen,entry,bedroom_2,entry,kitchen,kitchen,entry,bathroom,bathroom,kitchen,bedroom_3,bedroom_3,bedroom_3,kitchen,kitchen,kitchen,kitchen,kitchen,entry,kitchen,outside,entry,entry,kitchen,kitchen,living,living,living,kitchen,kitchen,entry,living,living,living,living,kitchen,kitchen,kitchen,entry,bedroom_2,entry,bedroom_2
13980,d09 Wed 17:00,living,living,kitchen,living,kitchen,kitchen,entry,living,entry,bedroom_1,bedroom_2,living,entry,entry,entry,kitchen,kitchen,kitchen,bedroom_2,entry,bedroom_2,entry,kitchen,kitchen,entry,bathroom,bathroom,kitchen,bedroom_3,bedroom_3,bedroom_3,kitchen,kitchen,kitchen,kitchen,bedroom_3,entry,kitchen,kitchen,entry,entry,kitchen,kitchen,living,living,living,kitchen,kitchen,entry,living,living,living,kitchen,kitchen,kitchen,kitchen,entry,bedroom_2,entry,entry
14040,d09 Wed 18:00,living,living,kitchen,living,kitchen,kitchen,entry,living,entry,bedroom_1,bedroom_2,living,entry,entry,entry,kitchen,kitchen,kitchen,bedroom_2,entry,bedroom_2,entry,kitchen,kitchen,entry,bathroom,kitchen,kitchen,bedroom_3,bedroom_3,bedroom_3,kitchen,kitchen,kitchen,bedroom_3,living,entry,kitchen,kitchen,entry,entry,kitchen,kitchen,living,living,living,kitchen,bedroom_4,entry,living,living,living,kitchen,kitchen,kitchen,kitchen,entry,bedroom_2,entry,entry
14100,d09 Wed 19:00,living,living,kitchen,living,kitchen,kitchen,entry,living,entry,bedroom_1,bedroom_2,living,kitchen,kitchen,entry,kitchen,kitchen,kitchen,bedroom_2,entry,bedroom_2,entry,living,kitchen,entry,bathroom,kitchen,kitchen,bedroom_3,bedroom_3,bedroom_3,kitchen,kitchen,bedroom_3,bedroom_3,bedroom_3,entry,kitchen,living,entry,entry,kitchen,kitchen,living,living,living,kitchen,bedroom_4,entry,living,living,living,kitchen,kitchen,kitchen,kitchen,entry,bedroom_2,entry,entry
14160,d09 Wed 20:00,living,living,kitchen,living,kitchen,kitchen,entry,living,entry,bedroom_1,bedroom_2,living,kitchen,kitchen,entry,kitchen,kitchen,kitchen,bedroom_2,entry,bedroom_2,entry,living,kitchen,entry,bathroom,kitchen,kitchen,bedroom_3,bedroom_3,bedroom_3,kitchen,kitchen,bedroom_3,bedroom_3,bedroom_3,entry,kitchen,bedroom_2,entry,entry,kitchen,kitchen,living,living,living,kitchen,bedroom_4,entry,living,living,living,kitchen,kitchen,kitchen,kitchen,entry,bedroom_2,entry,entry
14220,d09 Wed 21:00,living,living,kitchen,living,kitchen,kitchen,entry,living,entry,bedroom_1,bedroom_2,living,kitchen,kitchen,entry,kitchen,kitchen,kitchen,bedroom_2,entry,bedroom_2,entry,bedroom_2,kitchen,entry,bathroom,kitchen,kitchen,bedroom_3,bedroom_3,bedroom_3,kitchen,kitchen,bedroom_3,bedroom_3,bedroom_3,entry,kitchen,bedroom_2,entry,entry,kitchen,kitchen,living,living,living,kitchen,bedroom_4,entry,living,living,living,kitchen,kitchen,kitchen,kitchen,entry,bedroom_2,entry,entry
14280,d09 Wed 22:00,living,living,kitchen,living,kitchen,kitchen,entry,living,entry,bedroom_1,bedroom_2,living,kitchen,kitchen,entry,kitchen,kitchen,kitchen,bedroom_2,entry,bedroom_2,entry,bedroom_2,kitchen,entry,bathroom,kitchen,kitchen,bedroom_3,bedroom_3,bedroom_3,kitchen,kitchen,bedroom_3,bedroom_3,bedroom_3,entry,kitchen,bedroom_2,entry,entry,kitchen,kitchen,living,living,living,kitchen,bedroom_4,entry,living,living,living,kitchen,kitchen,kitchen,kitchen,entry,bedroom_2,entry,entry
14340,d09 Wed 23:00,living,living,kitchen,living,kitchen,kitchen,entry,living,entry,bedroom_1,bedroom_2,living,kitchen,kitchen,entry,kitchen,kitchen,kitchen,bedroom_2,entry,bedroom_2,entry,bedroom_2,kitchen,entry,bathroom,kitchen,kitchen,bedroom_3,bedroom_3,bedroom_3,kitchen,kitchen,bedroom_3,bedroom_3,bedroom_3,entry,kitchen,bedroom_2,entry,entry,kitchen,kitchen,living,living,living,kitchen,bedroom_4,entry,living,living,living,kitchen,kitchen,kitchen,kitchen,entry,bedroom_2,entry,entry
14400,d10 Thu 00:00,living,living,kitchen,living,kitchen,kitchen,entry,living,entry,bedroom_1,bedroom_2,living,kitchen,kitchen,entry,kitchen,kitchen,kitchen,bedroom_2,entry,bedroom_2,entry,bedroom_2,kitchen,entry,bathroom,kitchen,kitchen,bedroom_3,bedroom_3,bedroom_3,kitchen,kitchen,bedroom_3,bedroom_3,bedroom_3,entry,kitchen,bedroom_2,entry,entry,kitchen,kitchen,living,living,living,kitchen,bedroom_4,entry,living,living,living,kitchen,kitchen,kitchen,kitchen,entry,bedroom_2,entry,entry
14460,d10 Thu 01:00,living,living,kitchen,living,kitchen,kitchen,entry,living,entry,bedroom_1,bedroom_2,living,kitchen,kitchen,entry,kitchen,kitchen,kitchen,bedroom_2,entry,bedroom_2,entry,bedroom_2,kitchen,entry,bathroom,kitchen,kitchen,bedroom_3,bedroom_3,bedroom_3,kitchen,kitchen,bedroom_3,bedroom_3,bedroom_3,entry,kitchen,bedroom_2,entry,entry,kitchen,kitchen,living,living,living,kitchen,bedroom_4,entry,living,living,living,kitchen,kitchen,kitchen,kitchen,entry,bedroom_2,entry,entry
14520,d10 Thu 02:00,living,living,kitchen,living,kitchen,kitchen,entry,living,entry,bedroom_1,bedroom_2,living,kitchen,kitchen,entry,kitchen,kitchen,kitchen,bedroom_2,entry,bedroom_2,entry,bedroom_2,kitchen,entry,bathroom,kitchen,kitchen,bedroom_3,bedroom_3,bedroom_3,kitchen,kitchen,bedroom_3,bedroom_3,bedroom_3,entry,kitchen,bedroom_2,entry,entry,kitchen,kitchen,living,living,living,kitchen,bedroom_4,entry,living,living,living,kitchen,kitchen,kitchen,kitchen,entry,bedroom_2,entry,entry
14580,d10 Thu 03:00,living,living,kitchen,living,kitchen,kitchen,entry,living,entry,bedroom_1,bedroom_2,living,kitchen,kitchen,entry,kitchen,kitchen,kitchen,bedroom_2,entry,bedroom_2,entry,bedroom_2,kitchen,entry,bathroom,kitchen,kitchen,bedroom_3,bedroom_3,bedroom_3,kitchen,kitchen,bedroom_3,bedroom_3,bedroom_3,entry,kitchen,bedroom_2,entry,entry,kitchen,kitchen,living,living,living,kitchen,bedroom_4,entry,living,living,living,kitchen,kitchen,kitchen,kitchen,entry,bedroom_2,entry,entry
14640,d10 Thu 04:00,living,living,kitchen,living,kitchen,kitchen,entry,living,entry,bedroom_1,bedroom_2,living,kitchen,kitchen,entry,kitchen,kitchen,kitchen,bedroom_2,entry,bedroom_2,entry,bedroom_2,kitchen,entry,bathroom,kitchen,kitchen,bedroom_3,bedroom_3,bedroom_3,kitchen,kitchen,bedroom_3,bedroom_3,bedroom_3,entry,kitchen,bedroom_2,entry,entry,kitchen,kitchen,living,living,living,kitchen,bedroom_4,entry,living,living,living,kitchen,kitchen,kitchen,kitchen,entry,bedroom_2,entry,entry
14700,d10 Thu 05:00,living,living,kitchen,living,kitchen,kitchen,entry,living,entry,bedroom_1,bedroom_2,living,kitchen,kitchen,entry,kitchen,kitchen,kitchen,bedroom_2,entry,bedroom_2,entry,bedroom_2,kitchen,entry,bedroom_2,bathroom,kitchen,bedroom_3,bedroom_3,bedroom_3,kitchen,kitchen,bedroom_3,bedroom_3,bedroom_3,entry,kitchen,bedroom_2,entry,entry,kitchen,kitchen,living,living,living,kitchen,bedroom_4,entry,living,living,living,kitchen,kitchen,kitchen,kitchen,entry,bedroom_2,entry,entry
14760,d10 Thu 06:00,living,living,kitchen,living,kitchen,kitchen,entry,living,entry,bedroom_1,bedroom_2,living,kitchen,kitchen,entry,entry,kitchen,kitchen,bedroom_2,entry,bedroom_2,entry,bedroom_2,kitchen,entry,bedroom_2,bathroom,kitchen,bedroom_3,bedroom_3,bedroom_3,kitchen,kitchen,bedroom_3,bedroom_3,bedroom_3,entry,kitchen,entry,entry,entry,kitchen,kitchen,living,living,living,kitchen,bedroom_4,entry,kitchen,living,living,kitchen,kitchen,kitchen,kitchen,entry,bedroom_2,entry,entry
14820,d10 Thu 07:00,living,living,kitchen,living,bathroom,kitchen,entry,living,entry,bedroom_1,outside,outside,outside,outside,outside,outside,outside,outside,bedroom_2,entry,bedroom_2,entry,kitchen,kitchen,entry,bedroom_2,bathroom,kitchen,bedroom_3,kitchen,bedroom_3,kitchen,kitchen,bedroom_3,bedroom_3,bedroom_3,entry,kitchen,kitchen,entry,entry,kitchen,kitchen,living,living,living,kitchen,bedroom_4,entry,kitchen,living,living,kitchen,kitchen,kitchen,kitchen,entry,bedroom_2,entry,entry
14880,d10 Thu 08:00,outside,outside,kitchen,living,bathroom,outside,entry,outside,outside,outside,outside,outside,outside,outside,outside,outside,outside,outside,bedroom_2,entry,bedroom_2,entry,entry,kitchen,entry,entry,bathroom,kitchen,outside,outside,outside,outside,outside,bedroom_3,bedroom_3,outside,outside,kitchen,kitchen,entry,entry,kitchen,kitchen,living,living,living,kitchen,bedroom_4,entry,kitchen,living,living,kitchen,kitchen,kitchen,kitchen,entry,bedroom_2,entry,entry
14940,d10 Thu 09:00,living,living,kitchen,living,bathroom,kitchen,entry,living,entry,bedroom_1,outside,outside,outside,outside,outside,outside,outside,outside,outside,outside,outside,outside,outside,outside,outside,bathroom,bathroom,kitchen,outside,outside,outside,outside,outside,bedroom_3,bedroom_3,outside,outside,kitchen,outside,outside,outside,outside,outside,outside,living,living,kitchen,bedroom_4,outside,kitchen,living,living,kitchen,kitchen,kitchen,kitchen,entry,bedroom_2,entry,entry
15000,d10 Thu 10:00,living,living,kitchen,living,bathroom,kitchen,entry,living,entry,bedroom_1,outside,outside,outside,outside,outside,outside,outside,outside,outside,outside,outside,outside,outside,outside,outside,bathroom,bathroom,kitchen,outside,outside,outside,outside,outside,bedroom_3,bedroom_3,outside,outside,kitchen,outside,outside,outside,outside,outside,outside,living,living,kitchen,bedroom_4,outside,kitchen,living,living,kitchen,kitchen,kitchen,kitchen,entry,bedroom_2,entry,entry
15060,d10 Thu 11:00,living,living,kitchen,living,bathroom,kitchen,entry,living,entry,bedroom_1,outside,outside,outside,outside,outside,outside,outside,outside,outside,outside,outside,outside,outside,outside,outside,bathroom,bathroom,kitchen,outside,outside,outside,outside,outside,bedroom_3,bedroom_3,outside,outside,kitchen,outside,outside,outside,outside,outside,outside,living,living,kitchen,bedroom_4,outside,kitchen,living,living,kitchen,kitchen,kitchen,kitchen,entry,bedroom_2,entry,entry
15120,d10 Thu 12:00,living,living,kitchen,living,bathroom,kitchen,entry,living,entry,bedroom_1,outside,outside,outside,outside,outside,outside,outside,outside,outside,outside,outside,outside,outside,outside,outside,bathroom,bathroom,kitchen,outside,outside,outside,outside,outside,bedroom_3,bedroom_3,outside,outside,kitchen,outside,outside,outside,outside,outside,outside,living,living,kitchen,bedroom_4,outside,kitchen,living,living,kitchen,kitchen,kitchen,kitchen,entry,bedroom_2,entry,entry
15180,d10 Thu 13:00,living,living,kitchen,living,bathroom,kitchen,entry,living,entry,bedroom_1,outside,outside,outside,outside,outside,outside,outside,outside,outside,outside,outside,outside,outside,outside,outside,bathroom,bathroom,kitchen,outside,outside,outside,outside,outside,bedroom_3,bedroom_3,outside,outside,kitchen,outside,outside,outside,outside,outside,outside,living,living,kitchen,bedroom_4,outside,kitchen,living,living,kitchen,kitchen,kitchen,kitchen,entry,bedroom_2,entry,entry
15240,d10 Thu 14:00,living,living,kitchen,living,bathroom,kitchen,entry,living,entry,bedroom_1,outside,outside,outside,outside,outside,outside,outside,outside,outside,outside,outside,outside,outside,outside,outside,bathroom,bathroom,kitchen,outside,outside,outside,outside,outside,bedroom_3,bedroom_3,outside,outside,kitchen,outside,outside,outside,outside,outside,outside,living,living,kitchen,bedroom_4,outside,kitchen,living,living,kitchen,kitchen,kitchen,kitchen,entry,bedroom_2,entry,entry
15300,d10 Thu 15:00,living,living,kitchen,living,bathroom,kitchen,entry,living,entry,bedroom_1,outside,living,outside,outside,outside,outside,outside,outside,kitchen,entry,entry,kitchen,kitchen,kitchen,entry,bathroom,bathroom,kitchen,bedroom_3,bedroom_3,entry,bedroom_3,kitchen,bedroom_3,bedroom_3,living,kitchen,kitchen,outside,outside,outside,outside,outside,outside,living,living,kitchen,bedroom_4,outside,kitchen,living,living,kitchen,kitchen,kitchen,kitchen,entry,bedroom_2,entry,bedroom_2
15360,d10 Thu 16:00,living,living,kitchen,living,bathroom,kitchen,entry,living,entry,bedroom_1,outside,living,outside,outside,outside,outside,outside,outside,kitchen,entry,entry,kitchen,kitchen,kitchen,entry,bathroom,bathroom,kitchen,bedroom_3,bedroom_3,entry,kitchen,bedroom_3,bedroom_3,bedroom_3,living,kitchen,kitchen,kitchen,entry,entry,kitchen,kitchen,living,living,living,kitchen,bedroom_4,entry,kitchen,living,living,kitchen,kitchen,kitchen,kitchen,entry,bedroom_1,entry,entry
15420,d10 Thu 17:00,living,living,kitchen,living,bathroom,kitchen,entry,living,entry,bedroom_1,bedroom_2,kitchen,kitchen,entry,entry,kitchen,kitchen,entry,kitchen,entry,bedroom_2,entry,kitchen,kitchen,entry,bathroom,bathroom,kitchen,bedroom_3,bedroom_3,entry,kitchen,bedroom_3,bedroom_3,bedroom_3,bedroom_3,kitchen,living,kitchen,entry,entry,kitchen,kitchen,kitchen,living,living,living,kitchen,entry,kitchen,living,living,kitchen,kitchen,kitchen,kitchen,entry,bedroom_1,entry,bedroom_2
15480,d10 Thu 18:00,living,living,kitchen,living,bathroom,kitchen,entry,living,entry,bedroom_1,kitchen,kitchen,kitchen,entry,entry,kitchen,kitchen,entry,kitchen,entry,bedroom_2,entry,kitchen,kitchen,entry,bathroom,bathroom,kitchen,bedroom_3,bedroom_3,entry,kitchen,bedroom_3,bedroom_3,bedroom_3,bedroom_3,kitchen,living,kitchen,entry,entry,kitchen,kitchen,kitchen,living,living,kitchen,kitchen,entry,kitchen,living,living,kitchen,kitchen,kitchen,kitchen,entry,bedroom_1,entry,bedroom_2
15540,d10 Thu 19:00,living,living,kitchen,living,bathroom,kitchen,entry,living,entry,bedroom_1,kitchen,kitchen,kitchen,entry,entry,kitchen,kitchen,entry,kitchen,entry,bedroom_2,entry,living,kitchen,entry,bathroom,bathroom,kitchen,bedroom_3,bedroom_3,entry,kitchen,bedroom_3,bedroom_3,bedroom_3,bedroom_3,kitchen,living,kitchen,entry,kitchen,kitchen,kitchen,living,living,living,bedroom_4,kitchen,entry,kitchen,living,living,kitchen,kitchen,kitchen,kitchen,entry,bedroom_1,entry,bedroom_2
15600,d10 Thu 20:00,living,living,kitchen,living,bathroom,kitchen,entry,living,entry,bedroom_1,kitchen,kitchen,kitchen,entry,entry,kitchen,kitchen,entry,kitchen,entry,bedroom_2,entry,bedroom_2,kitchen,entry,bathroom,bathroom,kitchen,bedroom_3,bedroom_3,entry,kitchen,bedroom_3,bedroom_3,bedroom_3,bedroom_3,kitchen,living,kitchen,entry,kitchen,kitchen,kitchen,bedroom_2,living,living,bedroom_4,kitchen,entry,kitchen,living,living,kitchen,kitchen,kitchen,kitchen,entry,bedroom_1,entry,bedroom_2
15660,d10 Thu 21:00,living,living,kitchen,living,bathroom,kitchen,entry,living,entry,bedroom_1,kitchen,kitchen,kitchen,entry,entry,kitchen,kitchen,entry,kitchen,entry,bedroom_2,entry,bedroom_2,kitchen,entry,bathroom,bathroom,kitchen,bedroom_3,bedroom_3,entry,kitchen,bedroom_3,bedroom_3,bedroom_3,bedroom_3,kitchen,living,kitchen,entry,kitchen,kitchen,kitchen,bedroom_2,living,living,bedroom_4,kitchen,entry,kitchen,living,living,kitchen,kitchen,kitchen,kitchen,entry,bedroom_1,entry,bedroom_2
15720,d10 Thu 22:00,living,living,kitchen,living,bathroom,kitchen,entry,living,entry,bedroom_1,kitchen,kitchen,kitchen,entry,entry,kitchen,kitchen,entry,kitchen,entry,bedroom_2,entry,bedroom_2,kitchen,entry,bathroom,bathroom,kitchen,bedroom_3,bedroom_3,entry,kitchen,bedroom_3,bedroom_3,bedroom_3,bedroom_3,kitchen,living,kitchen,entry,kitchen,kitchen,kitchen,bedroom_2,living,living,bedroom_4,kitchen,entry,kitchen,living,living,kitchen,kitchen,kitchen,kitchen,entry,bedroom_1,entry,bedroom_2
15780,d10 Thu 23:00,living,living,kitchen,living,bathroom,kitchen,entry,living,entry,bedroom_1,kitchen,kitchen,kitchen,entry,entry,kitchen,kitchen,entry,kitchen,entry,bedroom_2,entry,bedroom_2,kitchen,entry,bathroom,bathroom,kitchen,bedroom_3,bedroom_3,entry,kitchen,bedroom_3,bedroom_3,bedroom_3,bedroom_3,kitchen,living,kitchen,entry,kitchen,kitchen,kitchen,bedroom_2,living,living,bedroom_4,kitchen,entry,kitchen,living,living,kitchen,kitchen,kitchen,kitchen,entry,bedroom_1,entry,bedroom_2
15840,d11 Fri 00:00,living,living,kitchen,living,bathroom,kitchen,entry,living,entry,bedroom_1,kitchen,kitchen,kitchen,entry,entry,kitchen,kitchen,entry,kitchen,entry,bedroom_2,entry,bedroom_2,kitchen,entry,bathroom,bathroom,kitchen,bedroom_3,bedroom_3,entry,kitchen,bedroom_3,bedroom_3,bedroom_3,bedroom_3,kitchen,living,kitchen,entry,kitchen,kitchen,kitchen,bedroom_2,living,living,bedroom_4,kitchen,entry,kitchen,living,living,kitchen,kitchen,kitchen,kitchen,entry,bedroom_1,entry,bedroom_2
15900,d11 Fri 01:00,living,living,kitchen,living,bathroom,kitchen,entry,living,entry,bedroom_1,kitchen,kitchen,kitchen,entry,entry,kitchen,kitchen,entry,kitchen,entry,bedroom_2,entry,bedroom_2,kitchen,entry,bathroom,bathroom,kitchen,bedroom_3,bedroom_3,entry,kitchen,bedroom_3,bedroom_3,bedroom_3,bedroom_3,kitchen,living,kitchen,entry,kitchen,kitchen,kitchen,bedroom_2,living,living,bedroom_4,kitchen,entry,kitchen,living,living,kitchen,kitchen,kitchen,kitchen,entry,bedroom_1,entry,bedroom_2
15960,d11 Fri 02:00,living,living,kitchen,living,bathroom,kitchen,entry,living,entry,bedroom_1,kitchen,kitchen,kitchen,entry,entry,kitchen,kitchen,entry,kitchen,entry,bedroom_2,entry,bedroom_2,kitchen,entry,bathroom,bathroom,kitchen,bedroom_3,bedroom_3,entry,kitchen,bedroom_3,bedroom_3,bedroom_3,bedroom_3,kitchen,living,kitchen,entry,kitchen,kitchen,kitchen,bedroom_2,living,living,bedroom_4,kitchen,entry,kitchen,living,living,kitchen,kitchen,kitchen,kitchen,entry,bedroom_1,entry,bedroom_2
16020,d11 Fri 03:00,living,living,kitchen,living,bathroom,kitchen,entry,living,entry,bedroom_1,kitchen,kitchen,kitchen,entry,entry,kitchen,kitchen,entry,kitchen,entry,bedroom_2,entry,bedroom_2,kitchen,entry,bathroom,bathroom,kitchen,bedroom_3,bedroom_3,entry,kitchen,bedroom_3,bedroom_3,bedroom_3,bedroom_3,kitchen,living,kitchen,entry,kitchen,kitchen,kitchen,bedroom_2,living,living,bedroom_4,kitchen,entry,kitchen,living,living,kitchen,kitchen,kitchen,kitchen,entry,bedroom_1,entry,bedroom_2
16080,d11 Fri 04:00,living,living,kitchen,living,bathroom,kitchen,entry,living,entry,bedroom_1,kitchen,kitchen,kitchen,entry,entry,kitchen,kitchen,entry,kitchen,entry,bedroom_2,entry,bedroom_2,kitchen,entry,bathroom,bathroom,kitchen,bedroom_3,bedroom_3,entry,kitchen,bedroom_3,bedroom_3,bedroom_3,bedroom_3,kitchen,living,kitchen,entry,kitchen,kitchen,kitchen,bedroom_2,living,living,bedroom_4,kitchen,entry,kitchen,living,living,kitchen,kitchen,kitchen,kitchen,entry,bedroom_1,entry,bedroom_2
16140,d11 Fri 05:00,living,living,kitchen,living,bathroom,kitchen,entry,living,entry,bedroom_1,kitchen,kitchen,kitchen,entry,entry,kitchen,kitchen,entry,kitchen,entry,bedroom_2,entry,bedroom_2,kitchen,entry,bedroom_2,bathroom,kitchen,bedroom_3,bedroom_3,entry,kitchen,bedroom_3,bedroom_3,bedroom_3,bedroom_3,kitchen,living,kitchen,entry,kitchen,kitchen,kitchen,bedroom_2,living,living,bedroom_4,kitchen,entry,kitchen,living,living,kitchen,kitchen,kitchen,kitchen,entry,bedroom_1,entry,bedroom_2
16200,d11 Fri 06:00,living,living,kitchen,living,kitchen,kitchen,entry,living,entry,bedroom_1,outside,outside,outside,outside,outside,outside,outside,outside,kitchen,entry,bedroom_2,entry,kitchen,kitchen,kitchen,bathroom,bathroom,kitchen,bedroom_3,bedroom_3,entry,kitchen,bedroom_3,bedroom_3,bedroom_3,bedroom_3,kitchen,living,kitchen,entry,kitchen,kitchen,kitchen,outside,living,living,bedroom_4,kitchen,entry,kitchen,living,living,kitchen,kitchen,kitchen,kitchen,entry,bedroom_1,entry,bedroom_2
16260,d11 Fri 07:00,living,living,kitchen,living,kitchen,kitchen,entry,living,entry,bedroom_1,outside,outside,outside,outside,outside,outside,outside,outside,kitchen,entry,bedroom_2,entry,kitchen,kitchen,kitchen,bedroom_2,bathroom,kitchen,bedroom_3,kitchen,entry,kitchen,bedroom_3,bedroom_3,bedroom_3,bedroom_3,kitchen,living,kitchen,entry,kitchen,kitchen,kitchen,outside,living,living,kitchen,kitchen,entry,kitchen,living,living,kitchen,kitchen,kitchen,kitchen,entry,bedroom_1,entry,bedroom_2
16320,d11 Fri 08:00,living,living,kitchen,living,kitchen,kitchen,entry,living,entry,bedroom_1,outside,outside,outside,outside,outside,outside,outside,outside,outside,outside,outside,outside,outside,outside,outside,bedroom_2,bathroom,kitchen,outside,outside,outside,outside,outside,bedroom_3,bedroom_3,bedroom_3,outside,living,kitchen,entry,kitchen,kitchen,kitchen,outside,living,living,entry,kitchen,entry,kitchen,living,living,kitchen,kitchen,kitchen,kitchen,entry,bedroom_2,entry,bedroom_2
16380,d11 Fri 09:00,living,living,kitchen,living,kitchen,kitchen,entry,living,entry,bedroom_1,outside,outside,outside,outside,outside,outside,outside,outside,outside,outside,outside,outside,outside,outside,outside,kitchen,bathroom,kitchen,outside,outside,outside,outside,outside,bedroom_3,kitchen,bedroom_3,outside,living,outside,outside,outside,outside,outside,outside,living,living,outside,kitchen,outside,kitchen,living,living,kitchen,kitchen,kitchen,kitchen,entry,bedroom_2,entry,bedroom_2
16440,d11 Fri 10:00,living,living,living,living,kitchen,kitchen,entry,living,entry,bedroom_1,outside,outside,outside,outside,outside,outside,outside,outside,outside,outside,outside,outside,outside,outside,outside,kitchen,bathroom,kitchen,outside,outside,outside,outside,outside,bedroom_3,kitchen,entry,outside,living,outside,outside,outside,outside,outside,outside,living,bedroom_4,outside,kitchen,outside,kitchen,living,living,kitchen,kitchen,kitchen,kitchen,entry,bedroom_2,entry,bedroom_2
16500,d11 Fri 11:00,living,living,living,living,kitchen,kitchen,entry,living,entry,bedroom_1,outside,outside,outside,outside,outside,outside,outside,outside,outside,outside,outside,outside,outside,outside,outside,kitchen,bathroom,kitchen,outside,outside,outside,outside,outside,bedroom_3,kitchen,bedroom_3,outside,living,outside,outside,outside,outside,outside,outside,living,bedroom_4,outside,kitchen,outside,kitchen,living,living,kitchen,kitchen,kitchen,kitchen,entry,bedroom_2,entry,bedroom_2
16560,d11 Fri 12:00,living,living,kitchen,living,kitchen,kitchen,entry,kitchen,entry,bedroom_1,outside,outside,outside,outside,outside,kitchen,outside,outside,outside,outside,outside,outside,outside,outside,outside,kitchen,bathroom,kitchen,outside,outside,outside,outside,outside,bedroom_3,kitchen,bedroom_3,outside,living,outside,outside,outside,outside,outside,outside,living,bedroom_4,outside,kitchen,outside,kitchen,living,living,kitchen,kitchen,kitchen,kitchen,entry,bedroom_2,entry,bedroom_2
16620,d11 Fri 13:00,living,living,kitchen,living,kitchen,kitchen,entry,kitchen,entry,bedroom_1,outside,outside,outside,outside,outside,kitchen,outside,outside,outside,outside,outside,outside,outside,outside,outside,kitchen,bathroom,kitchen,outside,outside,outside,outside,outside,bedroom_3,kitchen,bedroom_3,outside,living,outside,outside,outside,outside,outside,outside,living,living,outside,kitchen,outside,kitchen,living,living,kitchen,kitchen,kitchen,kitchen,entry,bedroom_2,entry,bedroom_2
16680,d11 Fri 14:00,living,living,kitchen,living,kitchen,kitchen,entry,kitchen,entry,bedroom_1,outside,outside,outside,outside,outside,kitchen,outside,outside,outside,outside,outside,outside,outside,outside,outside,kitchen,bathroom,kitchen,outside,outside,outside,outside,outside,bedroom_3,kitchen,bedroom_3,outside,living,outside,outside,outside,outside,outside,outside,living,living,outside,kitchen,outside,kitchen,living,living,kitchen,kitchen,kitchen,kitchen,entry,bedroom_2,entry,bedroom_2
16740,d11 Fri 15:00,living,living,kitchen,living,kitchen,kitchen,entry,kitchen,entry,bedroom_1,outside,outside,outside,outside,outside,kitchen,outside,outside,outside,outside,outside,outside,outside,outside,outside,kitchen,bathroom,kitchen,outside,outside,outside,outside,outside,bedroom_3,kitchen,bedroom_3,outside,living,outside,outside,outside,outside,outside,outside,living,living,outside,kitchen,outside,kitchen,living,living,kitchen,kitchen,kitchen,kitchen,entry,bedroom_2,entry,bedroom_2
16800,d11 Fri 16:00,living,living,kitchen,living,kitchen,kitchen,entry,kitchen,kitchen,bedroom_1,outside,outside,outside,outside,outside,kitchen,outside,outside,kitchen,entry,entry,entry,kitchen,kitchen,entry,kitchen,bathroom,kitchen,bedroom_3,bedroom_3,bedroom_3,bedroom_3,kitchen,bedroom_3,bedroom_3,bedroom_3,entry,living,outside,living,entry,kitchen,kitchen,outside,living,living,bedroom_3,bedroom_3,entry,kitchen,living,living,kitchen,kitchen,kitchen,kitchen,entry,bedroom_2,entry,bedroom_2
16860,d11 Fri 17:00,living,living,kitchen,living,kitchen,kitchen,entry,kitchen,kitchen,bedroom_1,bedroom_2,living,entry,entry,entry,kitchen,kitchen,kitchen,kitchen,entry,entry,kitchen,kitchen,kitchen,entry,kitchen,bathroom,kitchen,bedroom_3,bedroom_3,bedroom_3,bedroom_3,kitchen,bedroom_3,kitchen,bedroom_3,entry,living,kitchen,living,entry,kitchen,kitchen,kitchen,living,living,living,bedroom_4,entry,kitchen,living,living,kitchen,kitchen,kitchen,kitchen,entry,bedroom_2,entry,bedroom_2
16920,d11 Fri 18:00,living,living,kitchen,living,kitchen,kitchen,entry,kitchen,kitchen,bedroom_1,bedroom_2,living,entry,entry,entry,kitchen,kitchen,kitchen,kitchen,entry,entry,kitchen,kitchen,kitchen,entry,kitchen,bathroom,kitchen,bedroom_3,bedroom_3,bedroom_3,bedroom_3,kitchen,bedroom_3,kitchen,bedroom_3,entry,living,kitchen,kitchen,entry,kitchen,kitchen,kitchen,living,living,kitchen,bedroom_4,entry,kitchen,living,living,kitchen,kitchen,kitchen,kitchen,entry,bedroom_2,entry,bedroom_2
16980,d11 Fri 19:00,living,living,kitchen,living,kitchen,kitchen,entry,kitchen,kitchen,bedroom_1,bedroom_2,living,entry,entry,entry,kitchen,kitchen,kitchen,kitchen,entry,entry,kitchen,kitchen,kitchen,entry,kitchen,bathroom,kitchen,bedroom_3,bedroom_3,bedroom_3,bedroom_3,kitchen,bedroom_3,kitchen,bedroom_3,entry,kitchen,kitchen,living,entry,kitchen,kitchen,kitchen,living,living,living,bedroom_4,entry,living,living,kitchen,kitchen,kitchen,kitchen,kitchen,entry,bedroom_2,entry,bedroom_2
17040,d11 Fri 20:00,living,living,kitchen,living,kitchen,kitchen,entry,kitchen,kitchen,bedroom_1,bedroom_2,living,entry,entry,entry,kitchen,kitchen,kitchen,kitchen,entry,entry,kitchen,kitchen,kitchen,entry,kitchen,bathroom,kitchen,bedroom_3,bedroom_3,bedroom_3,bedroom_3,kitchen,bedroom_3,kitchen,bedroom_3,entry,kitchen,living,living,entry,kitchen,kitchen,living,living,living,living,bedroom_4,entry,living,living,kitchen,kitchen,kitchen,kitchen,kitchen,entry,bedroom_2,entry,bedroom_2
17100,d11 Fri 21:00,living,living,kitchen,living,kitchen,kitchen,entry,kitchen,kitchen,bedroom_1,bedroom_2,living,entry,entry,entry,kitchen,kitchen,kitchen,kitchen,entry,entry,kitchen,kitchen,kitchen,entry,kitchen,bathroom,kitchen,bedroom_3,bedroom_3,bedroom_3,bedroom_3,kitchen,bedroom_3,kitchen,bedroom_3,entry,kitchen,bathroom,bedroom_4,entry,kitchen,kitchen,bathroom,living,living,bedroom_4,bedroom_4,entry,living,living,kitchen,kitchen,kitchen,kitchen,kitchen,entry,bedroom_2,entry,bedroom_2
17160,d11 Fri 22:00,living,living,kitchen,living,kitchen,kitchen,entry,kitchen,kitchen,bedroom_1,bedroom_2,living,entry,entry,entry,kitchen,kitchen,kitchen,kitchen,entry,entry,kitchen,kitchen,kitchen,entry,kitchen,bathroom,kitchen,bedroom_3,bedroom_3,bedroom_3,bedroom_3,kitchen,bedroom_3,kitchen,bedroom_3,entry,kitchen,bedroom_2,bedroom_4,entry,kitchen,kitchen,bedroom_2,living,living,bedroom_4,bedroom_4,entry,living,living,kitchen,kitchen,kitchen,kitchen,kitchen,entry,bedroom_2,entry,bedroom_2
17220,d11 Fri 23:00,living,living,kitchen,living,kitchen,kitchen,entry,kitchen,kitchen,bedroom_1,bedroom_2,living,entry,entry,entry,kitchen,kitchen,kitchen,kitchen,entry,entry,kitchen,kitchen,kitchen,entry,kitchen,bathroom,kitchen,bedroom_3,bedroom_3,bedroom_3,bedroom_3,kitchen,bedroom_3,kitchen,bedroom_3,entry,kitchen,bedroom_2,bedroom_4,entry,kitchen,kitchen,bedroom_2,living,living,bedroom_4,bedroom_4,entry,living,living,kitchen,kitchen,kitchen,kitchen,kitchen,entry,bedroom_2,entry,bedroom_2
17280,d12 Sat 00:00,living,living,kitchen,living,kitchen,kitchen,entry,kitchen,kitchen,bedroom_1,bedroom_2,living,entry,entry,entry,kitchen,kitchen,kitchen,kitchen,entry,entry,kitchen,kitchen,kitchen,entry,kitchen,bathroom,kitchen,bedroom_3,bedroom_3,bedroom_3,bedroom_3,kitchen,bedroom_3,kitchen,bedroom_3,entry,kitchen,bedroom_2,bedroom_4,entry,kitchen,kitchen,bedroom_2,living,living,bedroom_4,bedroom_4,entry,living,living,kitchen,kitchen,kitchen,kitchen,kitchen,entry,bedroom_2,entry,bedroom_2
17340,d12 Sat 01:00,living,living,kitchen,living,kitchen,kitchen,entry,kitchen,kitchen,bedroom_1,bedroom_2,living,entry,entry,entry,kitchen,kitchen,kitchen,kitchen,entry,entry,kitchen,kitchen,kitchen,entry,kitchen,bathroom,kitchen,bedroom_3,bedroom_3,bedroom_3,bedroom_3,kitchen,bedroom_3,kitchen,bedroom_3,entry,kitchen,bedroom_2,bedroom_4,entry,kitchen,kitchen,bedroom_2,living,living,bedroom_4,bedroom_4,entry,living,living,kitchen,kitchen,kitchen,kitchen,kitchen,entry,bedroom_2,entry,bedroom_2
17400,d12 Sat 02:00,living,living,kitchen,living,kitchen,kitchen,entry,kitchen,kitchen,bedroom_1,bedroom_2,living,entry,entry,entry,kitchen,kitchen,kitchen,kitchen,entry,entry,kitchen,kitchen,kitchen,entry,kitchen,bathroom,kitchen,bedroom_3,bedroom_3,bedroom_3,bedroom_3,kitchen,bedroom_3,kitchen,bedroom_3,entry,kitchen,bedroom_2,bedroom_4,entry,kitchen,kitchen,bedroom_2,living,living,bedroom_4,bedroom_4,entry,living,living,kitchen,kitchen,kitchen,kitchen,kitchen,entry,bedroom_2,entry,bedroom_2
17460,d12 Sat 03:00,living,living,kitchen,living,kitchen,kitchen,entry,kitchen,kitchen,bedroom_1,bedroom_2,living,entry,entry,entry,kitchen,kitchen,kitchen,kitchen,entry,entry,kitchen,kitchen,kitchen,entry,kitchen,bathroom,kitchen,bedroom_3,bedroom_3,bedroom_3,bedroom_3,kitchen,bedroom_3,kitchen,bedroom_3,entry,kitchen,bedroom_2,bedroom_4,entry,kitchen,kitchen,bedroom_2,living,living,bedroom_4,bedroom_4,entry,living,living,kitchen,kitchen,kitchen,kitchen,kitchen,entry,bedroom_2,entry,bedroom_2
17520,d12 Sat 04:00,living,living,kitchen,living,kitchen,kitchen,entry,kitchen,kitchen,bedroom_1,bedroom_2,living,entry,entry,entry,kitchen,kitchen,kitchen,kitchen,entry,entry,kitchen,kitchen,kitchen,entry,kitchen,bathroom,kitchen,bedroom_3,bedroom_3,bedroom_3,bedroom_3,kitchen,bedroom_3,kitchen,bedroom_3,entry,kitchen,bedroom_2,bedroom_4,entry,kitchen,kitchen,bedroom_2,living,living,bedroom_4,bedroom_4,entry,living,living,kitchen,kitchen,kitchen,kitchen,kitchen,entry,bedroom_2,entry,bedroom_2
17580,d12 Sat 05:00,living,living,kitchen,living,kitchen,kitchen,entry,kitchen,kitchen,bedroom_1,bedroom_2,living,entry,entry,entry,kitchen,kitchen,kitchen,kitchen,entry,entry,kitchen,kitchen,kitchen,entry,kitchen,bathroom,kitchen,bedroom_3,bedroom_3,bedroom_3,bedroom_3,kitchen,bedroom_3,kitchen,bedroom_3,entry,kitchen,bedroom_2,bedroom_4,entry,kitchen,kitchen,bedroom_2,living,living,bedroom_4,bedroom_4,entry,living,living,kitchen,kitchen,kitchen,kitchen,kitchen,entry,bedroom_2,entry,bedroom_2
17640,d12 Sat 06:00,living,living,kitchen,living,kitchen,kitchen,entry,kitchen,kitchen,bedroom_1,bedroom_2,living,entry,entry,entry,kitchen,kitchen,kitchen,kitchen,entry,entry,kitchen,kitchen,kitchen,entry,kitchen,bathroom,kitchen,bedroom_3,bedroom_3,bedroom_3,bedroom_3,kitchen,bedroom_3,kitchen,bedroom_3,entry,kitchen,bedroom_2,bedroom_4,entry,kitchen,kitchen,bedroom_2,living,living,bedroom_4,bedroom_4,entry,living,living,kitchen,kitchen,kitchen,kitchen,kitchen,entry,bedroom_2,entry,bedroom_2
17700,d12 Sat 07:00,living,living,kitchen,living,kitchen,kitchen,entry,kitchen,kitchen,bedroom_1,bedroom_2,living,entry,entry,entry,kitchen,kitchen,kitchen,kitchen,entry,entry,kitchen,kitchen,kitchen,entry,kitchen,bathroom,kitchen,bedroom_3,bedroom_3,bedroom_3,bedroom_3,kitchen,bedroom_3,kitchen,bedroom_3,entry,kitchen,bedroom_2,bedroom_4,entry,kitchen,kitchen,bedroom_2,living,living,bedroom_4,bedroom_4,entry,living,living,kitchen,kitchen,kitchen,kitchen,kitchen,entry,bedroom_2,entry,bedroom_2
17760,d12 Sat 08:00,living,living,kitchen,living,kitchen,kitchen,entry,living,kitchen,bedroom_1,bedroom_2,living,entry,entry,entry,kitchen,kitchen,kitchen,kitchen,entry,entry,kitchen,kitchen,kitchen,entry,bedroom_3,bathroom,kitchen,bedroom_3,bedroom_3,bedroom_3,bedroom_3,kitchen,bedroom_3,kitchen,bedroom_3,entry,kitchen,kitchen,bedroom_4,entry,kitchen,kitchen,kitchen,living,living,bedroom_4,bedroom_4,entry,living,living,living,kitchen,kitchen,kitchen,kitchen,entry,bedroom_2,entry,bedroom_2
17820,d12 Sat 09:00,living,living,kitchen,living,bathroom,kitchen,entry,living,kitchen,bedroom_1,bedroom_2,living,entry,entry,entry,kitchen,kitchen,kitchen,kitchen,entry,entry,kitchen,kitchen,kitchen,entry,bedroom_2,bathroom,kitchen,bedroom_3,kitchen,bedroom_3,bedroom_3,kitchen,bedroom_3,kitchen,bedroom_3,entry,kitchen,kitchen,kitchen,entry,kitchen,kitchen,kitchen,living,living,kitchen,bedroom_4,entry,living,living,living,kitchen,kitchen,kitchen,kitchen,entry,bedroom_2,entry,bedroom_2
17880,d12 Sat 10:00,living,living,kitchen,living,bathroom,kitchen,bedroom_3,living,kitchen,bedroom_1,outside,outside,outside,outside,outside,outside,outside,outside,kitchen,entry,entry,kitchen,kitchen,kitchen,entry,bathroom,bathroom,kitchen,bedroom_3,bedroom_3,bedroom_3,bedroom_3,kitchen,bedroom_3,kitchen,bedroom_3,entry,kitchen,outside,outside,outside,outside,outside,outside,living,living,outside,bedroom_4,outside,living,living,living,kitchen,kitchen,kitchen,kitchen,entry,bedroom_2,entry,bedroom_2
17940,d12 Sat 11:00,outside,outside,kitchen,living,bathroom,outside,entry,outside,outside,outside,outside,outside,outside,outside,outside,outside,outside,outside,kitchen,entry,entry,kitchen,kitchen,kitchen,entry,bathroom,bathroom,kitchen,living,living,living,living,living,bedroom_3,kitchen,bedroom_3,living,kitchen,kitchen,entry,entry,kitchen,kitchen,living,living,living,living,bedroom_4,entry,living,living,living,kitchen,kitchen,kitchen,kitchen,entry,bedroom_2,entry,bedroom_2
18000,d12 Sat 12:00,outside,outside,kitchen,living,bathroom,outside,entry,outside,outside,outside,bedroom_2,living,entry,bedroom_2,entry,kitchen,kitchen,entry,kitchen,entry,entry,kitchen,kitchen,kitchen,entry,bathroom,bathroom,kitchen,bedroom_3,bedroom_3,bedroom_3,bedroom_3,kitchen,bedroom_3,kitchen,bedroom_3,kitchen,kitchen,kitchen,entry,entry,kitchen,kitchen,kitchen,living,living,living,kitchen,entry,living,living,kitchen,kitchen,kitchen,kitchen,kitchen,entry,bedroom_2,entry,bedroom_2
18060,d12 Sat 13:00,living,living,kitchen,living,bathroom,kitchen,entry,living,entry,bedroom_1,bedroom_2,living,entry,bedroom_2,entry,kitchen,kitchen,entry,kitchen,entry,entry,kitchen,kitchen,kitchen,entry,bathroom,bathroom,kitchen,bedroom_3,bedroom_3,bedroom_3,bedroom_3,kitchen,bedroom_3,kitchen,bedroom_3,kitchen,kitchen,kitchen,entry,entry,kitchen,kitchen,kitchen,living,living,kitchen,kitchen,entry,living,living,kitchen,kitchen,kitchen,kitchen,kitchen,entry,bedroom_2,entry,bedroom_2
18120,d12 Sat 14:00,living,living,kitchen,living,bathroom,kitchen,entry,living,entry,bedroom_1,bedroom_2,living,entry,bedroom_2,entry,kitchen,kitchen,entry,kitchen,entry,entry,kitchen,kitchen,kitchen,entry,bathroom,bathroom,kitchen,bedroom_3,bedroom_3,bedroom_3,bedroom_3,kitchen,bedroom_3,kitchen,bedroom_3,kitchen,kitchen,kitchen,entry,entry,kitchen,kitchen,living,living,living,living,kitchen,kitchen,living,living,kitchen,kitchen,kitchen,kitchen,kitchen,entry,bedroom_2,entry,bedroom_2
18180,d12 Sat 15:00,living,living,kitchen,living,bathroom,kitchen,entry,living,entry,bedroom_1,bedroom_2,living,entry,bedroom_2,entry,kitchen,kitchen,entry,kitchen,entry,entry,kitchen,kitchen,kitchen,entry,bathroom,bathroom,kitchen,bedroom_3,bedroom_3,bedroom_3,bedroom_3,kitchen,bedroom_3,kitchen,living,kitchen,living,kitchen,entry,entry,kitchen,kitchen,living,living,bedroom_4,living,kitchen,kitchen,living,living,kitchen,kitchen,kitchen,kitchen,kitchen,entry,bedroom_2,entry,bedroom_2
18240,d12 Sat 16:00,living,living,kitchen,living,bathroom,kitchen,entry,living,entry,bedroom_1,bedroom_2,living,entry,bedroom_2,entry,kitchen,kitchen,entry,kitchen,entry,entry,kitchen,kitchen,kitchen,entry,bathroom,bathroom,kitchen,bedroom_3,bedroom_3,bedroom_3,bedroom_3,kitchen,bedroom_3,kitchen,living,kitchen,living,kitchen,entry,entry,kitchen,kitchen,living,living,bedroom_4,living,kitchen,kitchen,living,living,kitchen,kitchen,kitchen,kitchen,kitchen,entry,bedroom_2,entry,bedroom_2
18300,d12 Sat 17:00,living,living,kitchen,living,bathroom,kitchen,entry,living,entry,bedroom_1,bedroom_2,living,entry,bedroom_2,entry,kitchen,kitchen,entry,kitchen,entry,entry,kitchen,kitchen,kitchen,entry,bathroom,bathroom,kitchen,bedroom_3,bedroom_3,bedroom_3,bedroom_3,kitchen,bedroom_3,kitchen,living,kitchen,living,kitchen,entry,entry,kitchen,kitchen,kitchen,living,bedroom_4,kitchen,kitchen,kitchen,living,living,kitchen,kitchen,kitchen,kitchen,kitchen,entry,bedroom_2,entry,bedroom_2
18360,d12 Sat 18:00,living,living,kitchen,living,bathroom,kitchen,entry,living,entry,bedroom_1,bedroom_2,living,entry,bedroom_2,kitchen,kitchen,kitchen,entry,kitchen,entry,entry,kitchen,kitchen,kitchen,entry,bathroom,bathroom,kitchen,bedroom_3,bedroom_3,bedroom_3,bedroom_3,kitchen,kitchen,kitchen,kitchen,kitchen,living,kitchen,entry,entry,kitchen,kitchen,kitchen,living,bedroom_4,kitchen,kitchen,kitchen,kitchen,living,kitchen,kitchen,kitchen,kitchen,kitchen,entry,bedroom_2,entry,bedroom_2
18420,d12 Sat 19:00,living,living,kitchen,living,bathroom,kitchen,entry,living,entry,bedroom_1,bedroom_2,living,entry,bedroom_2,kitchen,kitchen,kitchen,entry,kitchen,entry,entry,kitchen,living,kitchen,entry,bathroom,bathroom,kitchen,bedroom_3,bedroom_3,bedroom_3,bedroom_3,kitchen,kitchen,kitchen,living,kitchen,living,kitchen,entry,entry,kitchen,kitchen,kitchen,living,bedroom_4,kitchen,kitchen,kitchen,living,living,kitchen,kitchen,kitchen,kitchen,kitchen,entry,bedroom_2,entry,bedroom_2
18480,d12 Sat 20:00,living,living,kitchen,living,bathroom,kitchen,entry,living,entry,bedroom_1,bedroom_2,living,entry,bedroom_2,kitchen,kitchen,kitchen,entry,kitchen,entry,entry,kitchen,living,kitchen,entry,bathroom,bathroom,kitchen,bedroom_3,bedroom_3,bedroom_3,bedroom_3,kitchen,kitchen,kitchen,living,kitchen,living,kitchen,entry,entry,kitchen,kitchen,living,living,bedroom_4,living,kitchen,kitchen,living,living,kitchen,kitchen,kitchen,kitchen,kitchen,entry,bedroom_2,entry,bedroom_2
18540,d12 Sat 21:00,living,living,kitchen,living,bathroom,kitchen,entry,living,entry,bedroom_1,bedroom_2,living,entry,bedroom_2,kitchen,kitchen,kitchen,entry,kitchen,entry,entry,kitchen,living,kitchen,entry,bathroom,bathroom,kitchen,bedroom_3,bedroom_3,bedroom_3,bedroom_3,kitchen,kitchen,kitchen,living,kitchen,living,kitchen,entry,entry,kitchen,kitchen,living,living,bedroom_4,bedroom_4,kitchen,kitchen,living,living,kitchen,kitchen,kitchen,kitchen,kitchen,entry,bedroom_2,entry,bedroom_2
18600,d12 Sat 22:00,living,living,kitchen,living,bathroom,kitchen,entry,living,entry,bedroom_1,bedroom_2,living,kitchen,bedroom_2,kitchen,kitchen,kitchen,entry,kitchen,kitchen,entry,kitchen,bedroom_2,kitchen,entry,bathroom,bathroom,kitchen,bedroom_3,bedroom_3,bedroom_3,bedroom_3,kitchen,kitchen,kitchen,living,kitchen,living,kitchen,entry,entry,kitchen,kitchen,bedroom_2,living,bedroom_4,bedroom_4,kitchen,kitchen,living,living,kitchen,kitchen,kitchen,kitchen,kitchen,entry,bedroom_2,entry,bedroom_2
18660,d12 Sat 23:00,living,living,kitchen,living,bathroom,kitchen,entry,living,entry,bedroom_1,bedroom_2,living,kitchen,bedroom_2,kitchen,kitchen,kitchen,entry,kitchen,kitchen,entry,kitchen,bedroom_2,kitchen,entry,bathroom,bathroom,kitchen,bedroom_3,bedroom_3,bedroom_3,bedroom_3,kitchen,kitchen,kitchen,bedroom_3,kitchen,living,kitchen,entry,entry,kitchen,kitchen,bedroom_2,living,bedroom_4,bedroom_4,kitchen,kitchen,living,living,kitchen,kitchen,kitchen,kitchen,kitchen,entry,bedroom_2,entry,bedroom_2
18720,d13 Sun 00:00,living,living,kitchen,living,bathroom,kitchen,entry,living,entry,bedroom_1,bedroom_2,living,kitchen,bedroom_2,kitchen,kitchen,kitchen,entry,kitchen,kitchen,entry,kitchen,bedroom_2,kitchen,entry,bathroom,bathroom,kitchen,bedroom_3,bedroom_3,bedroom_3,bedroom_3,kitchen,kitchen,kitchen,bedroom_3,kitchen,living,kitchen,entry,entry,kitchen,kitchen,bedroom_2,living,bedroom_4,bedroom_4,kitchen,kitchen,living,living,kitchen,kitchen,kitchen,kitchen,kitchen,entry,bedroom_2,entry,bedroom_2
18780,d13 Sun 01:00,living,living,kitchen,living,bathroom,kitchen,entry,living,entry,bedroom_1,bedroom_2,living,kitchen,bedroom_2,kitchen,kitchen,kitchen,entry,kitchen,kitchen,entry,kitchen,bedroom_2,kitchen,entry,bathroom,bathroom,kitchen,bedroom_3,bedroom_3,bedroom_3,bedroom_3,kitchen,kitchen,kitchen,bedroom_3,kitchen,living,kitchen,entry,entry,kitchen,kitchen,bedroom_2,living,bedroom_4,bedroom_4,kitchen,kitchen,living,living,kitchen,kitchen,kitchen,kitchen,kitchen,entry,bedroom_2,entry,bedroom_2
18840,d13 Sun 02:00,living,living,kitchen,living,bathroom,kitchen,entry,living,entry,bedroom_1,bedroom_2,living,kitchen,bedroom_2,kitchen,kitchen,kitchen,entry,kitchen,kitchen,entry,kitchen,bedroom_2,kitchen,entry,bathroom,bathroom,kitchen,bedroom_3,bedroom_3,bedroom_3,bedroom_3,kitchen,kitchen,kitchen,bedroom_3,kitchen,living,kitchen,entry,entry,kitchen,kitchen,bedroom_2,living,bedroom_4,bedroom_4,kitchen,kitchen,living,living,kitchen,kitchen,kitchen,kitchen,kitchen,entry,bedroom_2,entry,bedroom_2
18900,d13 Sun 03:00,living,living,kitchen,living,bathroom,kitchen,entry,living,entry,bedroom_1,bedroom_2,living,kitchen,bedroom_2,kitchen,kitchen,kitchen,entry,kitchen,kitchen,entry,kitchen,bedroom_2,kitchen,entry,bathroom,bathroom,kitchen,bedroom_3,bedroom_3,bedroom_3,bedroom_3,kitchen,kitchen,kitchen,bedroom_3,kitchen,living,kitchen,entry,entry,kitchen,kitchen,bedroom_2,living,bedroom_4,bedroom_4,kitchen,kitchen,living,living,kitchen,kitchen,kitchen,kitchen,kitchen,entry,bedroom_2,entry,bedroom_2
18960,d13 Sun 04:00,living,living,kitchen,living,bathroom,kitchen,entry,living,entry,bedroom_1,bedroom_2,living,kitchen,bedroom_2,kitchen,kitchen,kitchen,entry,kitchen,kitchen,entry,kitchen,bedroom_2,kitchen,entry,bathroom,bathroom,kitchen,bedroom_3,bedroom_3,bedroom_3,bedroom_3,kitchen,kitchen,kitchen,bedroom_3,kitchen,living,kitchen,entry,entry,kitchen,kitchen,bedroom_2,living,bedroom_4,bedroom_4,kitchen,kitchen,living,living,kitchen,kitchen,kitchen,kitchen,kitchen,entry,bedroom_2,entry,bedroom_2
19020,d13 Sun 05:00,living,living,kitchen,living,bathroom,kitchen,entry,living,entry,bedroom_1,bedroom_2,living,kitchen,bedroom_2,kitchen,kitchen,kitchen,entry,kitchen,kitchen,entry,kitchen,bedroom_2,kitchen,entry,bathroom,bathroom,kitchen,bedroom_3,bedroom_3,bedroom_3,bedroom_3,kitchen,kitchen,kitchen,bedroom_3,kitchen,living,kitchen,entry,entry,kitchen,kitchen,bedroom_2,living,bedroom_4,bedroom_4,kitchen,kitchen,living,living,kitchen,kitchen,kitchen,kitchen,kitchen,entry,bedroom_2,entry,bedroom_2
19080,d13 Sun 06:00,living,living,kitchen,living,bathroom,kitchen,entry,living,entry,bedroom_1,bedroom_2,living,kitchen,bedroom_2,kitchen,kitchen,kitchen,entry,kitchen,kitchen,entry,kitchen,bedroom_2,kitchen,entry,bathroom,bathroom,kitchen,bedroom_3,bedroom_3,bedroom_3,bedroom_3,kitchen,kitchen,kitchen,bedroom_3,kitchen,living,kitchen,entry,entry,kitchen,kitchen,bedroom_2,living,bedroom_4,bedroom_4,kitchen,kitchen,living,living,kitchen,kitchen,kitchen,kitchen,kitchen,entry,bedroom_2,entry,bedroom_2
19140,d13 Sun 07:00,living,living,kitchen,living,bathroom,kitchen,entry,living,entry,bedroom_1,bedroom_2,living,kitchen,bedroom_2,kitchen,kitchen,kitchen,entry,kitchen,kitchen,entry,kitchen,bedroom_2,kitchen,entry,bathroom,bathroom,kitchen,bedroom_3,bedroom_3,bedroom_3,bedroom_3,kitchen,kitchen,kitchen,bedroom_3,kitchen,living,kitchen,entry,entry,kitchen,kitchen,bedroom_2,living,bedroom_4,bedroom_4,kitchen,kitchen,living,living,kitchen,kitchen,kitchen,kitchen,kitchen,entry,bedroom_2,entry,bedroom_2
19200,d13 Sun 08:00,living,living,kitchen,living,kitchen,kitchen,entry,living,entry,bedroom_1,bedroom_2,living,kitchen,bedroom_2,kitchen,kitchen,kitchen,entry,kitchen,kitchen,entry,kitchen,bedroom_2,kitchen,entry,kitchen,bathroom,kitchen,bedroom_3,bedroom_3,bedroom_3,bedroom_3,kitchen,kitchen,kitchen,bedroom_3,kitchen,living,kitchen,entry,entry,kitchen,kitchen,kitchen,living,bedroom_4,kitchen,kitchen,kitchen,living,living,kitchen,kitchen,kitchen,kitchen,kitchen,entry,bedroom_2,entry,bedroom_2
19260,d13 Sun 09:00,living,living,kitchen,living,bathroom,kitchen,entry,kitchen,entry,bedroom_1,bedroom_2,living,kitchen,bedroom_2,kitchen,kitchen,kitchen,entry,kitchen,kitchen,entry,kitchen,bedroom_2,kitchen,entry,bedroom_2,bathroom,kitchen,bedroom_3,kitchen,bedroom_3,bedroom_3,kitchen,kitchen,kitchen,kitchen,kitchen,living,kitchen,entry,entry,kitchen,kitchen,kitchen,living,bedroom_4,kitchen,kitchen,kitchen,living,living,kitchen,kitchen,kitchen,kitchen,kitchen,entry,bedroom_2,entry,bedroom_2
19320,d13 Sun 10:00,living,living,kitchen,living,bathroom,kitchen,entry,kitchen,entry,bedroom_1,bedroom_2,living,kitchen,bedroom_2,kitchen,kitchen,kitchen,entry,kitchen,kitchen,entry,kitchen,bedroom_2,kitchen,entry,bedroom_2,bathroom,kitchen,bedroom_3,outside,bedroom_3,bedroom_3,kitchen,kitchen,kitchen,outside,kitchen,living,outside,outside,outside,outside,outside,outside,living,bedroom_4,kitchen,kitchen,outside,living,living,kitchen,kitchen,kitchen,kitchen,kitchen,entry,bedroom_2,kitchen,bedroom_2
19380,d13 Sun 11:00,outside,outside,kitchen,living,bathroom,outside,entry,outside,outside,outside,bedroom_2,living,kitchen,bedroom_2,kitchen,kitchen,kitchen,entry,kitchen,kitchen,entry,kitchen,bedroom_2,kitchen,entry,bedroom_2,bathroom,kitchen,outside,outside,outside,outside,outside,kitchen,kitchen,outside,outside,living,outside,outside,outside,outside,outside,outside,living,bedroom_4,kitchen,kitchen,outside,living,living,kitchen,kitchen,kitchen,kitchen,kitchen,entry,bedroom_2,kitchen,bedroom_2
19440,d13 Sun 12:00,living,living,kitchen,living,bathroom,kitchen,entry,living,entry,bedroom_1,bedroom_2,living,kitchen,bedroom_2,kitchen,kitchen,kitchen,entry,kitchen,kitchen,entry,kitchen,bedroom_2,kitchen,entry,bedroom_2,bathroom,kitchen,bedroom_3,bedroom_3,bedroom_3,bedroom_3,kitchen,kitchen,kitchen,living,kitchen,living,kitchen,entry,entry,kitchen,kitchen,living,living,bedroom_4,kitchen,kitchen,entry,living,living,kitchen,kitchen,kitchen,kitchen,kitchen,entry,bedroom_2,kitchen,bedroom_2
19500,d13 Sun 13:00,living,living,kitchen,living,bathroom,kitchen,entry,living,kitchen,bedroom_1,bedroom_2,living,kitchen,bedroom_2,kitchen,kitchen,kitchen,entry,kitchen,kitchen,entry,kitchen,kitchen,kitchen,entry,bedroom_2,bathroom,kitchen,bedroom_3,bedroom_3,bedroom_3,bedroom_3,kitchen,kitchen,kitchen,kitchen,kitchen,living,kitchen,entry,entry,kitchen,kitchen,living,living,bedroom_4,kitchen,kitchen,entry,living,living,kitchen,kitchen,kitchen,kitchen,kitchen,entry,bedroom_2,kitchen,bedroom_2
19560,d13 Sun 14:00,living,living,kitchen,living,bathroom,kitchen,entry,living,kitchen,bedroom_1,bedroom_2,living,kitchen,bedroom_2,kitchen,kitchen,kitchen,entry,kitchen,kitchen,entry,kitchen,kitchen,kitchen,entry,bedroom_2,bathroom,kitchen,bedroom_3,bedroom_3,bedroom_3,bedroom_3,kitchen,kitchen,bedroom_3,entry,kitchen,living,kitchen,entry,entry,kitchen,kitchen,living,living,bedroom_4,kitchen,bedroom_4,entry,living,living,kitchen,kitchen,kitchen,kitchen,kitchen,entry,bedroom_2,kitchen,bedroom_2
19620,d13 Sun 15:00,living,living,kitchen,living,bathroom,kitchen,entry,living,kitchen,bedroom_1,bedroom_2,living,kitchen,bedroom_2,kitchen,kitchen,kitchen,entry,kitchen,kitchen,entry,kitchen,kitchen,kitchen,entry,bedroom_2,bathroom,kitchen,bedroom_3,bedroom_3,bedroom_3,bedroom_3,kitchen,kitchen,kitchen,kitchen,kitchen,living,kitchen,entry,kitchen,kitchen,kitchen,living,living,bedroom_4,kitchen,kitchen,entry,living,living,kitchen,kitchen,kitchen,kitchen,kitchen,entry,bedroom_2,kitchen,bedroom_2
19680,d13 Sun 16:00,living,living,kitchen,living,bathroom,kitchen,entry,living,kitchen,bedroom_1,bedroom_2,kitchen,kitchen,bedroom_2,kitchen,kitchen,kitchen,entry,kitchen,kitchen,entry,kitchen,kitchen,kitchen,entry,bedroom_2,bathroom,kitchen,bedroom_3,bedroom_3,bedroom_3,bedroom_3,kitchen,kitchen,kitchen,kitchen,kitchen,living,kitchen,entry,kitchen,kitchen,kitchen,living,living,bedroom_4,kitchen,kitchen,entry,living,living,living,kitchen,kitchen,kitchen,kitchen,entry,bedroom_2,kitchen,bedroom_2
19740,d13 Sun 17:00,kitchen,living,kitchen,living,bathroom,kitchen,entry,living,kitchen,bedroom_1,bedroom_2,kitchen,kitchen,bedroom_2,kitchen,kitchen,kitchen,entry,kitchen,kitchen,entry,kitchen,kitchen,kitchen,entry,bedroom_2,bathroom,kitchen,bedroom_3,bedroom_3,bedroom_3,bedroom_3,kitchen,kitchen,kitchen,kitchen,kitchen,living,kitchen,entry,kitchen,kitchen,kitchen,living,living,bedroom_4,kitchen,kitchen,entry,living,living,living,kitchen,kitchen,kitchen,kitchen,entry,bedroom_2,kitchen,bedroom_2
19800,d13 Sun 18:00,kitchen,living,kitchen,living,bathroom,kitchen,entry,living,kitchen,bedroom_1,bedroom_2,kitchen,kitchen,bedroom_2,kitchen,kitchen,kitchen,entry,kitchen,kitchen,entry,kitchen,kitchen,kitchen,entry,bedroom_2,bathroom,kitchen,bedroom_3,bedroom_3,bedroom_3,bedroom_3,kitchen,kitchen,kitchen,kitchen,kitchen,living,kitchen,entry,kitchen,kitchen,kitchen,living,living,bedroom_4,kitchen,kitchen,entry,living,kitchen,living,kitchen,kitchen,kitchen,kitchen,entry,bedroom_2,kitchen,bedroom_2
19860,d13 Sun 19:00,living,living,kitchen,living,bathroom,kitchen,entry,living,kitchen,bedroom_1,bedroom_2,kitchen,kitchen,bedroom_2,kitchen,bedroom_2,kitchen,entry,kitchen,kitchen,entry,kitchen,bedroom_2,kitchen,entry,bedroom_2,bathroom,kitchen,bedroom_3,bedroom_3,bedroom_3,bedroom_3,kitchen,kitchen,kitchen,living,kitchen,living,kitchen,entry,kitchen,kitchen,kitchen,kitchen,living,bedroom_4,kitchen,kitchen,entry,living,kitchen,living,kitchen,kitchen,kitchen,kitchen,entry,bedroom_2,kitchen,bedroom_2
19920,d13 Sun 20:00,living,living,kitchen,living,bathroom,kitchen,entry,living,kitchen,bedroom_1,bedroom_2,kitchen,kitchen,bedroom_2,kitchen,bedroom_2,kitchen,entry,kitchen,kitchen,entry,kitchen,bedroom_2,kitchen,entry,bedroom_2,bathroom,kitchen,bedroom_3,bedroom_3,bedroom_3,bedroom_3,kitchen,kitchen,kitchen,living,kitchen,living,kitchen,entry,kitchen,kitchen,kitchen,kitchen,living,bedroom_4,kitchen,kitchen,entry,living,kitchen,living,kitchen,kitchen,kitchen,kitchen,entry,bedroom_2,kitchen,bedroom_2
19980,d13 Sun 21:00,living,living,kitchen,living,bathroom,kitchen,entry,living,kitchen,bedroom_1,bedroom_2,kitchen,kitchen,bedroom_2,kitchen,bedroom_2,kitchen,entry,kitchen,kitchen,entry,kitchen,bedroom_2,kitchen,entry,bedroom_2,bathroom,kitchen,bedroom_3,bedroom_3,bedroom_3,bedroom_3,kitchen,kitchen,kitchen,bedroom_3,kitchen,living,kitchen,entry,kitchen,kitchen,kitchen,kitchen,living,bedroom_4,kitchen,kitchen,entry,living,kitchen,living,kitchen,kitchen,kitchen,kitchen,entry,bedroom_2,kitchen,bedroom_2
20040,d13 Sun 22:00,living,living,kitchen,living,bathroom,kitchen,entry,living,kitchen,bedroom_1,bedroom_2,kitchen,kitchen,bedroom_2,kitchen,bedroom_2,kitchen,entry,kitchen,kitchen,entry,kitchen,bedroom_2,kitchen,entry,bedroom_2,bathroom,kitchen,bedroom_3,bedroom_3,bedroom_3,bedroom_3,kitchen,kitchen,kitchen,bedroom_3,kitchen,living,kitchen,entry,kitchen,kitchen,kitchen,kitchen,living,bedroom_4,kitchen,kitchen,entry,living,kitchen,living,kitchen,kitchen,kitchen,kitchen,entry,bedroom_2,kitchen,bedroom_2
20100,d13 Sun 23:00,living,living,kitchen,living,bathroom,kitchen,entry,living,kitchen,bedroom_1,bedroom_2,kitchen,kitchen,bedroom_2,kitchen,bedroom_2,kitchen,entry,kitchen,kitchen,entry,kitchen,bedroom_2,kitchen,entry,bedroom_2,bathroom,kitchen,bedroom_3,bedroom_3,bedroom_3,bedroom_3,kitchen,kitchen,kitchen,bedroom_3,kitchen,living,kitchen,entry,kitchen,kitchen,kitchen,kitchen,living,bedroom_4,kitchen,kitchen,entry,living,kitchen,living,kitchen,kitchen,kitchen,kitchen,entry,bedroom_2,kitchen,bedroom_2
20160,d14 Mon 00:00,living,living,kitchen,living,bathroom,kitchen,entry,living,kitchen,bedroom_1,bedroom_2,kitchen,kitchen,bedroom_2,kitchen,bedroom_2,kitchen,entry,kitchen,kitchen,entry,kitchen,bedroom_2,kitchen,entry,bedroom_2,bathroom,kitchen,bedroom_3,bedroom_3,bedroom_3,bedroom_3,kitchen,kitchen,kitchen,bedroom_3,kitchen,living,kitchen,entry,kitchen,kitchen,kitchen,kitchen,living,bedroom_4,kitchen,kitchen,entry,living,kitchen,living,kitchen,kitchen,kitchen,kitchen,entry,bedroom_2,kitchen,bedroom_2
20220,d14 Mon 01:00,living,living,kitchen,living,bathroom,kitchen,entry,living,kitchen,bedroom_1,bedroom_2,kitchen,kitchen,bedroom_2,kitchen,bedroom_2,kitchen,entry,kitchen,kitchen,entry,kitchen,bedroom_2,kitchen,entry,bedroom_2,bathroom,kitchen,bedroom_3,bedroom_3,bedroom_3,bedroom_3,kitchen,kitchen,kitchen,bedroom_3,kitchen,living,kitchen,entry,kitchen,kitchen,kitchen,kitchen,living,bedroom_4,kitchen,kitchen,entry,living,kitchen,living,kitchen,kitchen,kitchen,kitchen,entry,bedroom_2,kitchen,bedroom_2
20280,d14 Mon 02:00,living,living,kitchen,living,bathroom,kitchen,entry,living,kitchen,bedroom_1,bedroom_2,kitchen,kitchen,bedroom_2,kitchen,bedroom_2,kitchen,entry,kitchen,kitchen,entry,kitchen,bedroom_2,kitchen,entry,bedroom_2,bathroom,kitchen,bedroom_3,bedroom_3,bedroom_3,bedroom_3,kitchen,kitchen,kitchen,bedroom_3,kitchen,living,kitchen,entry,kitchen,kitchen,kitchen,kitchen,living,bedroom_4,kitchen,kitchen,entry,living,kitchen,living,kitchen,kitchen,kitchen,kitchen,entry,bedroom_2,kitchen,bedroom_2
20340,d14 Mon 03:00,living,living,kitchen,living,bathroom,kitchen,entry,living,kitchen,bedroom_1,bedroom_2,kitchen,kitchen,bedroom_2,kitchen,bedroom_2,kitchen,entry,kitchen,kitchen,entry,kitchen,bedroom_2,kitchen,entry,bedroom_2,bathroom,kitchen,bedroom_3,bedroom_3,bedroom_3,bedroom_3,kitchen,kitchen,kitchen,bedroom_3,kitchen,living,kitchen,entry,kitchen,kitchen,kitchen,kitchen,living,bedroom_4,kitchen,kitchen,entry,living,kitchen,living,kitchen,kitchen,kitchen,kitchen,entry,bedroom_2,kitchen,bedroom_2
20400,d14 Mon 04:00,living,living,kitchen,living,bathroom,kitchen,entry,living,kitchen,bedroom_1,bedroom_2,kitchen,kitchen,bedroom_2,kitchen,bedroom_2,kitchen,entry,kitchen,kitchen,entry,kitchen,bedroom_2,kitchen,entry,bedroom_2,bathroom,kitchen,bedroom_3,bedroom_3,bedroom_3,bedroom_3,kitchen,kitchen,kitchen,bedroom_3,kitchen,living,kitchen,entry,kitchen,kitchen,kitchen,kitchen,living,bedroom_4,kitchen,kitchen,entry,living,kitchen,living,kitchen,kitchen,kitchen,kitchen,entry,bedroom_2,kitchen,bedroom_2
20460,d14 Mon 05:00,living,living,kitchen,living,bathroom,kitchen,entry,living,kitchen,bedroom_1,bedroom_2,kitchen,kitchen,bedroom_2,kitchen,bathroom,kitchen,entry,kitchen,kitchen,entry,kitchen,bedroom_2,kitchen,entry,bedroom_2,bathroom,kitchen,bedroom_3,bedroom_3,bedroom_3,bedroom_3,kitchen,kitchen,kitchen,bedroom_3,kitchen,living,kitchen,entry,kitchen,kitchen,kitchen,kitchen,living,bedroom_4,kitchen,kitchen,entry,living,kitchen,living,kitchen,kitchen,kitchen,kitchen,entry,bedroom_2,kitchen,bedroom_2
20520,d14 Mon 06:00,living,living,living,living,kitchen,kitchen,entry,living,kitchen,bedroom_1,bedroom_2,kitchen,kitchen,bedroom_2,kitchen,entry,kitchen,entry,kitchen,kitchen,entry,kitchen,bedroom_2,kitchen,entry,bedroom_2,bathroom,kitchen,bedroom_3,bedroom_3,bedroom_3,bedroom_3,kitchen,kitchen,kitchen,bedroom_3,kitchen,living,kitchen,entry,kitchen,kitchen,kitchen,kitchen,living,bedroom_4,kitchen,kitchen,entry,living,kitchen,living,kitchen,kitchen,kitchen,kitchen,entry,bedroom_2,kitchen,bedroom_2
20580,d14 Mon 07:00,living,living,kitchen,living,bathroom,kitchen,entry,living,kitchen,bedroom_1,outside,outside,outside,outside,outside,outside,outside,outside,kitchen,kitchen,entry,kitchen,kitchen,kitchen,entry,bedroom_2,bathroom,kitchen,bedroom_3,kitchen,kitchen,bedroom_3,kitchen,kitchen,kitchen,kitchen,kitchen,living,kitchen,entry,kitchen,kitchen,kitchen,kitchen,living,bedroom_4,kitchen,kitchen,entry,living,kitchen,living,kitchen,kitchen,kitchen,kitchen,entry,bedroom_2,kitchen,bedroom_2
20640,d14 Mon 08:00,living,living,kitchen,living,bathroom,kitchen,entry,living,kitchen,bedroom_1,outside,outside,outside,outside,outside,outside,outside,outside,outside,outside,outside,outside,outside,outside,outside,entry,bathroom,kitchen,bedroom_3,bedroom_3,kitchen,bedroom_3,kitchen,kitchen,kitchen,bedroom_3,kitchen,living,kitchen,entry,kitchen,kitchen,kitchen,kitchen,living,living,kitchen,kitchen,entry,living,kitchen,living,kitchen,kitchen,kitchen,kitchen,entry,bedroom_2,kitchen,bedroom_2
20700,d14 Mon 09:00,outside,outside,kitchen,living,bathroom,outside,entry,outside,outside,outside,outside,outside,outside,outside,outside,outside,outside,outside,outside,outside,outside,outside,outside,outside,outside,bathroom,bathroom,kitchen,outside,outside,outside,outside,outside,kitchen,kitchen,bedroom_3,outside,living,kitchen,entry,kitchen,kitchen,kitchen,kitchen,living,bedroom_4,kitchen,kitchen,entry,kitchen,kitchen,living,kitchen,kitchen,kitchen,kitchen,entry,bedroom_2,kitchen,bedroom_2
20760,d14 Mon 10:00,living,living,kitchen,living,bathroom,kitchen,living,living,entry,bedroom_1,outside,outside,outside,outside,outside,outside,outside,outside,outside,outside,outside,outside,outside,outside,outside,bathroom,bathroom,kitchen,outside,outside,outside,outside,outside,kitchen,kitchen,bedroom_3,outside,living,outside,outside,outside,outside,outside,outside,living,bedroom_4,kitchen,kitchen,outside,kitchen,kitchen,living,kitchen,kitchen,kitchen,kitchen,entry,bedroom_2,kitchen,bedroom_2
20820,d14 Mon 11:00,living,living,kitchen,living,bathroom,kitchen,entry,living,entry,kitchen,outside,outside,outside,outside,outside,outside,outside,outside,outside,outside,outside,outside,outside,outside,outside,bathroom,bathroom,kitchen,outside,outside,outside,outside,outside,kitchen,kitchen,bedroom_3,outside,living,outside,outside,outside,outside,outside,outside,living,bedroom_4,kitchen,kitchen,outside,kitchen,kitchen,bedroom_3,kitchen,kitchen,kitchen,kitchen,entry,bedroom_2,kitchen,bedroom_2
20880,d14 Mon 12:00,living,living,kitchen,living,bathroom,kitchen,entry,kitchen,entry,kitchen,outside,outside,outside,outside,outside,outside,outside,outside,outside,outside,outside,outside,outside,outside,outside,bathroom,bathroom,kitchen,outside,outside,outside,outside,outside,kitchen,kitchen,bedroom_3,outside,living,kitchen,outside,outside,outside,outside,outside,living,bedroom_4,kitchen,kitchen,outside,kitchen,kitchen,bedroom_3,kitchen,kitchen,kitchen,kitchen,entry,bedroom_2,kitchen,bedroom_2
20940,d14 Mon 13:00,living,living,kitchen,living,bathroom,kitchen,entry,living,entry,kitchen,outside,outside,outside,outside,outside,outside,outside,outside,outside,outside,outside,outside,outside,outside,outside,bathroom,bathroom,kitchen,outside,outside,outside,outside,outside,kitchen,kitchen,bedroom_3,outside,living,kitchen,outside,outside,outside,outside,outside,living,living,kitchen,kitchen,outside,kitchen,kitchen,bedroom_3,kitchen,kitchen,kitchen,kitchen,entry,bedroom_2,kitchen,bedroom_2
21000,d14 Mon 14:00,living,living,kitchen,living,bathroom,kitchen,entry,living,entry,kitchen,outside,outside,outside,outside,outside,outside,outside,outside,outside,outside,outside,outside,outside,outside,outside,bathroom,bathroom,kitchen,outside,outside,outside,outside,outside,kitchen,kitchen,bedroom_3,outside,living,kitchen,outside,outside,outside,outside,outside,living,living,kitchen,kitchen,outside,kitchen,kitchen,bedroom_3,kitchen,kitchen,kitchen,kitchen,entry,bedroom_2,kitchen,bedroom_2
21060,d14 Mon 15:00,living,living,kitchen,living,bathroom,kitchen,entry,living,entry,kitchen,outside,outside,outside,outside,outside,outside,outside,outside,kitchen,entry,bedroom_2,entry,kitchen,kitchen,entry,bathroom,bathroom,kitchen,outside,outside,outside,outside,outside,kitchen,kitchen,bedroom_3,outside,living,kitchen,kitchen,entry,kitchen,kitchen,living,living,living,kitchen,kitchen,entry,kitchen,kitchen,bedroom_3,kitchen,kitchen,kitchen,kitchen,entry,bedroom_2,kitchen,bedroom_2
21120,d14 Mon 16:00,living,living,kitchen,living,bathroom,kitchen,entry,living,entry,kitchen,outside,outside,outside,outside,outside,outside,outside,outside,kitchen,entry,bedroom_2,entry,kitchen,kitchen,entry,bathroom,bathroom,kitchen,bedroom_3,bedroom_3,bedroom_3,bedroom_3,kitchen,kitchen,bedroom_3,bedroom_3,kitchen,living,outside,kitchen,entry,kitchen,kitchen,living,living,living,bedroom_3,bedroom_3,entry,kitchen,kitchen,bedroom_3,living,kitchen,kitchen,kitchen,entry,bedroom_2,kitchen,bedroom_2
21180,d14 Mon 17:00,living,living,kitchen,living,bathroom,kitchen,kitchen,kitchen,entry,kitchen,bedroom_2,living,entry,bedroom_2,kitchen,kitchen,kitchen,entry,kitchen,entry,entry,entry,kitchen,kitchen,entry,bathroom,bathroom,kitchen,bedroom_3,bedroom_3,bedroom_3,bedroom_3,kitchen,kitchen,kitchen,bedroom_3,kitchen,living,kitchen,kitchen,entry,kitchen,kitchen,living,living,living,kitchen,bedroom_4,entry,kitchen,kitchen,bedroom_3,living,kitchen,kitchen,kitchen,entry,bedroom_2,kitchen,bedroom_2
21240,d14 Mon 18:00,living,living,kitchen,living,bathroom,kitchen,entry,kitchen,entry,kitchen,bedroom_2,living,entry,bedroom_2,kitchen,kitchen,kitchen,entry,kitchen,entry,entry,entry,kitchen,kitchen,entry,bathroom,bathroom,kitchen,bedroom_3,bedroom_3,bedroom_3,bedroom_3,kitchen,kitchen,kitchen,bedroom_3,kitchen,living,kitchen,kitchen,entry,kitchen,kitchen,living,living,living,kitchen,bedroom_4,entry,kitchen,kitchen,bedroom_3,living,kitchen,kitchen,kitchen,entry,bedroom_2,kitchen,bedroom_2
21300,d14 Mon 19:00,living,living,kitchen,living,bathroom,kitchen,entry,kitchen,entry,kitchen,bedroom_2,living,entry,bedroom_2,kitchen,kitchen,kitchen,entry,kitchen,entry,entry,entry,living,kitchen,entry,bathroom,bathroom,kitchen,bedroom_3,bedroom_3,bedroom_3,bedroom_3,kitchen,bedroom_3,kitchen,kitchen,kitchen,living,bedroom_2,bathroom,entry,kitchen,kitchen,living,living,living,kitchen,bedroom_4,entry,kitchen,kitchen,living,living,kitchen,kitchen,kitchen,entry,bedroom_2,kitchen,bedroom_2
21360,d14 Mon 20:00,living,living,kitchen,living,bathroom,kitchen,entry,bedroom_1,entry,kitchen,bedroom_2,living,entry,bedroom_2,kitchen,kitchen,kitchen,entry,kitchen,entry,entry,entry,bedroom_2,kitchen,entry,bathroom,bathroom,kitchen,bedroom_3,bedroom_3,bedroom_3,bedroom_3,kitchen,bedroom_3,kitchen,kitchen,kitchen,living,bedroom_2,bedroom_4,entry,kitchen,kitchen,living,living,living,kitchen,bedroom_4,entry,kitchen,kitchen,living,living,kitchen,kitchen,kitchen,entry,bedroom_2,kitchen,bedroom_2
21420,d14 Mon 21:00,living,living,kitchen,living,bathroom,kitchen,entry,bedroom_1,entry,kitchen,bedroom_2,living,entry,bedroom_2,kitchen,kitchen,kitchen,entry,kitchen,entry,entry,entry,bedroom_2,kitchen,entry,bathroom,bathroom,kitchen,bedroom_3,bedroom_3,bedroom_3,bedroom_3,kitchen,bedroom_3,kitchen,kitchen,kitchen,living,bedroom_2,bedroom_4,entry,kitchen,kitchen,living,living,living,kitchen,bedroom_4,entry,kitchen,kitchen,living,living,kitchen,kitchen,kitchen,entry,bedroom_2,kitchen,bedroom_2
21480,d14 Mon 22:00,living,living,kitchen,living,bathroom,kitchen,entry,bedroom_1,entry,kitchen,bedroom_2,living,entry,bedroom_2,kitchen,kitchen,kitchen,entry,kitchen,entry,entry,entry,bedroom_2,kitchen,entry,bathroom,bathroom,kitchen,bedroom_3,bedroom_3,bedroom_3,bedroom_3,kitchen,bedroom_3,kitchen,kitchen,kitchen,living,bedroom_2,bedroom_4,entry,kitchen,kitchen,living,living,living,kitchen,bedroom_4,entry,kitchen,kitchen,living,living,kitchen,kitchen,kitchen,entry,bedroom_2,kitchen,bedroom_2
21540,d14 Mon 23:00,living,living,kitchen,living,bathroom,kitchen,entry,bedroom_1,entry,kitchen,bedroom_2,living,entry,bedroom_2,kitchen,kitchen,kitchen,entry,kitchen,entry,entry,entry,bedroom_2,kitchen,entry,bathroom,bathroom,kitchen,bedroom_3,bedroom_3,bedroom_3,bedroom_3,kitchen,bedroom_3,kitchen,kitchen,kitchen,living,bedroom_2,bedroom_4,entry,kitchen,kitchen,living,living,living,kitchen,bedroom_4,entry,kitchen,kitchen,living,living,kitchen,kitchen,kitchen,entry,bedroom_2,kitchen,bedroom_2
21600,d15 Tue 00:00,living,living,kitchen,living,bathroom,kitchen,entry,bedroom_1,entry,kitchen,bedroom_2,living,entry,bedroom_2,kitchen,kitchen,kitchen,entry,kitchen,entry,entry,entry,bedroom_2,kitchen,entry,bathroom,bathroom,kitchen,bedroom_3,bedroom_3,bedroom_3,bedroom_3,kitchen,bedroom_3,kitchen,kitchen,kitchen,living,bedroom_2,bedroom_4,entry,kitchen,kitchen,living,living,living,kitchen,bedroom_4,entry,kitchen,kitchen,living,living,kitchen,kitchen,kitchen,entry,bedroom_2,kitchen,bedroom_2
21660,d15 Tue 01:00,living,living,kitchen,living,bathroom,kitchen,entry,bedroom_1,entry,kitchen,bedroom_2,living,entry,bedroom_2,kitchen,kitchen,kitchen,entry,kitchen,entry,entry,entry,bedroom_2,kitchen,entry,bathroom,bathroom,kitchen,bedroom_3,bedroom_3,bedroom_3,bedroom_3,kitchen,bedroom_3,kitchen,kitchen,kitchen,living,bedroom_2,bedroom_4,entry,kitchen,kitchen,living,living,living,kitchen,bedroom_4,entry,kitchen,kitchen,living,living,kitchen,kitchen,kitchen,entry,bedroom_2,kitchen,bedroom_2
21720,d15 Tue 02:00,living,living,kitchen,living,bathroom,kitchen,entry,bedroom_1,entry,kitchen,bedroom_2,living,entry,bedroom_2,kitchen,kitchen,kitchen,entry,kitchen,entry,entry,entry,bedroom_2,kitchen,entry,bathroom,bathroom,kitchen,bedroom_3,bedroom_3,bedroom_3,bedroom_3,kitchen,bedroom_3,kitchen,kitchen,kitchen,living,bedroom_2,bedroom_4,entry,kitchen,kitchen,living,living,living,kitchen,bedroom_4,entry,kitchen,kitchen,living,living,kitchen,kitchen,kitchen,entry,bedroom_2,kitchen,bedroom_2
21780,d15 Tue 03:00,living,living,kitchen,living,bathroom,kitchen,entry,bedroom_1,entry,kitchen,bedroom_2,living,entry,bedroom_2,kitchen,kitchen,kitchen,entry,kitchen,entry,entry,entry,bedroom_2,kitchen,entry,bathroom,bathroom,kitchen,bedroom_3,bedroom_3,bedroom_3,bedroom_3,kitchen,bedroom_3,kitchen,kitchen,kitchen,living,bedroom_2,bedroom_4,entry,kitchen,kitchen,living,living,living,kitchen,bedroom_4,entry,kitchen,kitchen,living,living,kitchen,kitchen,kitchen,entry,bedroom_2,kitchen,bedroom_2
21840,d15 Tue 04:00,living,living,kitchen,living,bathroom,kitchen,entry,bedroom_1,entry,kitchen,bedroom_2,living,entry,bedroom_2,kitchen,kitchen,kitchen,entry,kitchen,entry,entry,entry,bedroom_2,kitchen,entry,bathroom,bathroom,kitchen,bedroom_3,bedroom_3,bedroom_3,bedroom_3,kitchen,bedroom_3,kitchen,kitchen,kitchen,living,bedroom_2,bedroom_4,entry,kitchen,kitchen,living,living,living,kitchen,bedroom_4,entry,kitchen,kitchen,living,living,kitchen,kitchen,kitchen,entry,bedroom_2,kitchen,bedroom_2
21900,d15 Tue 05:00,living,living,kitchen,living,bathroom,kitchen,entry,bedroom_1,entry,kitchen,bedroom_2,living,entry,bedroom_2,kitchen,kitchen,kitchen,entry,kitchen,entry,entry,entry,bedroom_2,kitchen,entry,bedroom_2,bedroom_2,kitchen,bedroom_3,bedroom_3,bedroom_3,bedroom_3,kitchen,bedroom_3,kitchen,kitchen,kitchen,living,bedroom_2,bedroom_4,entry,kitchen,kitchen,living,living,living,kitchen,bedroom_4,entry,kitchen,kitchen,living,living,kitchen,kitchen,kitchen,entry,bedroom_2,kitchen,bedroom_2
21960,d15 Tue 06:00,living,living,kitchen,living,kitchen,kitchen,entry,kitchen,entry,kitchen,bedroom_2,living,entry,bedroom_2,kitchen,kitchen,kitchen,entry,kitchen,entry,entry,entry,bathroom,kitchen,entry,bedroom_2,bathroom,kitchen,bedroom_3,bedroom_3,bedroom_3,bedroom_3,kitchen,bedroom_3,kitchen,kitchen,kitchen,living,kitchen,bedroom_4,entry,kitchen,kitchen,living,living,living,kitchen,bedroom_4,entry,kitchen,kitchen,living,kitchen,kitchen,kitchen,kitchen,entry,bedroom_2,kitchen,bedroom_2
22020,d15 Tue 07:00,living,living,living,living,kitchen,kitchen,entry,kitchen,entry,kitchen,outside,outside,outside,outside,outside,outside,outside,outside,kitchen,entry,entry,entry,kitchen,kitchen,entry,bedroom_4,bedroom_2,kitchen,bedroom_3,kitchen,bedroom_3,bedroom_3,kitchen,bedroom_3,kitchen,kitchen,kitchen,living,outside,bedroom_4,entry,kitchen,kitchen,living,living,living,kitchen,bedroom_4,entry,kitchen,kitchen,living,kitchen,kitchen,kitchen,kitchen,entry,bedroom_2,kitchen,bedroom_2
22080,d15 Tue 08:00,outside,outside,kitchen,living,kitchen,outside,entry,outside,outside,outside,outside,outside,outside,outside,outside,outside,outside,outside,outside,outside,outside,outside,outside,outside,outside,entry,bedroom_2,kitchen,outside,outside,outside,outside,outside,bedroom_3,kitchen,kitchen,outside,living,outside,entry,entry,kitchen,kitchen,living,living,living,kitchen,kitchen,entry,kitchen,kitchen,living,kitchen,kitchen,kitchen,kitchen,entry,bedroom_2,kitchen,bedroom_2
22140,d15 Tue 09:00,outside,outside,kitchen,living,kitchen,outside,entry,outside,outside,outside,outside,outside,outside,outside,outside,outside,outside,outside,outside,kitchen,outside,outside,outside,outside,outside,bathroom,bedroom_2,kitchen,outside,outside,outside,outside,outside,bedroom_3,kitchen,kitchen,outside,living,outside,outside,outside,outside,outside,outside,living,living,kitchen,kitchen,outside,kitchen,kitchen,living,kitchen,kitchen,kitchen,kitchen,entry,bedroom_2,kitchen,bedroom_2
22200,d15 Tue 10:00,living,living,kitchen,living,kitchen,kitchen,entry,living,entry,entry,outside,outside,outside,outside,outside,outside,outside,outside,outside,kitchen,outside,outside,outside,outside,outside,bathroom,bedroom_2,kitchen,outside,outside,outside,outside,outside,bedroom_3,kitchen,kitchen,outside,living,outside,outside,outside,outside,outside,outside,living,living,kitchen,kitchen,outside,kitchen,kitchen,living,kitchen,kitchen,kitchen,kitchen,entry,bedroom_2,kitchen,bedroom_2
22260,d15 Tue 11:00,living,living,kitchen,living,kitchen,kitchen,entry,living,entry,entry,outside,outside,outside,outside,outside,outside,outside,outside,outside,kitchen,outside,outside,outside,outside,outside,bathroom,bedroom_2,kitchen,outside,outside,outside,outside,outside,bedroom_3,kitchen,outside,outside,living,outside,outside,outside,outside,outside,outside,living,living,kitchen,kitchen,outside,kitchen,kitchen,living,kitchen,kitchen,kitchen,kitchen,entry,bedroom_2,kitchen,bedroom_2
22320,d15 Tue 12:00,living,living,kitchen,living,kitchen,kitchen,entry,living,entry,entry,outside,outside,outside,outside,outside,outside,outside,outside,outside,kitchen,outside,outside,outside,outside,outside,bathroom,bedroom_2,kitchen,outside,outside,outside,outside,outside,bedroom_3,kitchen,outside,outside,living,outside,outside,outside,outside,outside,outside,living,living,kitchen,kitchen,outside,kitchen,kitchen,living,kitchen,kitchen,kitchen,kitchen,entry,bedroom_2,kitchen,bedroom_2
22380,d15 Tue 13:00,living,living,kitchen,living,kitchen,kitchen,entry,living,entry,entry,outside,outside,outside,outside,outside,outside,outside,outside,outside,kitchen,outside,outside,outside,outside,outside,bathroom,bedroom_2,kitchen,outside,outside,outside,outside,outside,bedroom_3,kitchen,outside,outside,living,outside,outside,outside,outside,outside,outside,living,living,kitchen,kitchen,outside,kitchen,kitchen,living,kitchen,kitchen,kitchen,kitchen,entry,bedroom_2,kitchen,bedroom_2
22440,d15 Tue 14:00,living,living,kitchen,living,kitchen,kitchen,entry,living,entry,entry,outside,outside,outside,outside,outside,outside,outside,outside,outside,kitchen,outside,outside,outside,outside,outside,bathroom,bedroom_2,kitchen,outside,outside,outside,outside,outside,bedroom_3,kitchen,outside,outside,living,outside,outside,outside,outside,outside,outside,living,living,kitchen,kitchen,outside,kitchen,kitchen,living,kitchen,kitchen,kitchen,kitchen,entry,bedroom_2,kitchen,bedroom_2
22500,d15 Tue 15:00,living,living,kitchen,living,kitchen,kitchen,entry,living,entry,entry,outside,outside,outside,outside,outside,outside,outside,outside,bedroom_2,entry,bedroom_2,entry,kitchen,kitchen,entry,bathroom,bedroom_2,kitchen,bedroom_3,bedroom_3,entry,bedroom_3,bedroom_3,bedroom_3,kitchen,kitchen,kitchen,living,kitchen,kitchen,entry,kitchen,kitchen,outside,living,bedroom_4,kitchen,kitchen,entry,kitchen,kitchen,living,kitchen,kitchen,kitchen,kitchen,entry,bedroom_2,kitchen,bedroom_2
22560,d15 Tue 16:00,living,living,kitchen,living,kitchen,kitchen,entry,living,entry,entry,outside,outside,outside,outside,outside,outside,outside,outside,bedroom_2,entry,bedroom_2,entry,kitchen,kitchen,entry,bathroom,bedroom_2,kitchen,bedroom_3,bedroom_3,entry,bedroom_3,bedroom_3,bedroom_3,kitchen,bedroom_3,kitchen,living,kitchen,kitchen,entry,kitchen,kitchen,outside,living,bedroom_4,kitchen,kitchen,entry,kitchen,kitchen,living,living,kitchen,kitchen,kitchen,entry,bedroom_2,kitchen,bedroom_2
22620,d15 Tue 17:00,living,living,kitchen,living,kitchen,kitchen,entry,living,entry,entry,outside,outside,outside,outside,outside,outside,outside,outside,bedroom_2,entry,bedroom_2,entry,kitchen,kitchen,entry,bathroom,bedroom_2,kitchen,bedroom_3,bedroom_3,entry,bedroom_3,bedroom_3,bedroom_3,kitchen,bedroom_3,kitchen,living,kitchen,living,entry,kitchen,kitchen,outside,living,bedroom_4,kitchen,bedroom_4,entry,kitchen,living,living,living,kitchen,kitchen,kitchen,entry,bedroom_2,kitchen,bedroom_2
22680,d15 Tue 18:00,living,living,kitchen,living,kitchen,kitchen,entry,living,entry,entry,bedroom_2,kitchen,entry,entry,entry,kitchen,kitchen,entry,kitchen,entry,entry,entry,kitchen,kitchen,entry,bathroom,bedroom_2,kitchen,bedroom_3,bedroom_3,entry,bedroom_3,bedroom_3,bedroom_3,kitchen,living,kitchen,living,kitchen,living,entry,kitchen,kitchen,living,living,bedroom_4,kitchen,bedroom_4,entry,kitchen,living,living,living,kitchen,kitchen,kitchen,entry,bedroom_2,kitchen,entry
22740,d15 Tue 19:00,living,living,kitchen,living,kitchen,kitchen,kitchen,living,entry,entry,bedroom_2,kitchen,entry,entry,entry,kitchen,kitchen,entry,kitchen,entry,kitchen,entry,kitchen,kitchen,entry,bathroom,bedroom_2,kitchen,bedroom_3,bedroom_3,entry,bedroom_3,bedroom_3,bedroom_3,kitchen,kitchen,kitchen,living,kitchen,bathroom,kitchen,kitchen,kitchen,living,living,bedroom_4,kitchen,bedroom_4,entry,kitchen,living,living,living,kitchen,kitchen,kitchen,entry,bedroom_2,kitchen,entry
22800,d15 Tue 20:00,living,living,kitchen,living,kitchen,kitchen,entry,living,entry,entry,bedroom_2,kitchen,entry,entry,entry,kitchen,kitchen,entry,kitchen,entry,kitchen,entry,kitchen,kitchen,entry,bathroom,bedroom_2,kitchen,bedroom_3,bedroom_3,entry,bedroom_3,bedroom_3,bedroom_3,kitchen,living,kitchen,living,kitchen,bedroom_4,kitchen,kitchen,kitchen,living,living,bedroom_4,kitchen,bedroom_4,entry,kitchen,living,living,living,kitchen,kitchen,kitchen,entry,bedroom_2,kitchen,entry
22860,d15 Tue 21:00,living,living,kitchen,living,kitchen,kitchen,entry,living,entry,entry,bedroom_2,kitchen,entry,entry,entry,kitchen,kitchen,entry,kitchen,entry,kitchen,entry,kitchen,kitchen,entry,bathroom,bedroom_2,kitchen,bedroom_3,bedroom_3,entry,bedroom_3,bedroom_3,bedroom_3,kitchen,living,kitchen,living,kitchen,bedroom_4,kitchen,kitchen,kitchen,living,living,bedroom_4,kitchen,bedroom_4,entry,kitchen,living,living,living,kitchen,kitchen,kitchen,entry,bedroom_2,kitchen,entry
22920,d15 Tue 22:00,living,living,kitchen,living,kitchen,kitchen,entry,living,entry,entry,bedroom_2,kitchen,entry,entry,entry,kitchen,kitchen,entry,kitchen,entry,kitchen,entry,kitchen,kitchen,entry,bathroom,bedroom_2,kitchen,bedroom_3,bedroom_3,entry,bedroom_3,bedroom_3,bedroom_3,kitchen,bedroom_3,kitchen,living,kitchen,bedroom_4,kitchen,kitchen,kitchen,living,living,bedroom_4,kitchen,bedroom_4,entry,kitchen,living,living,living,kitchen,kitchen,kitchen,entry,bedroom_2,kitchen,entry
22980,d15 Tue 23:00,living,living,kitchen,living,kitchen,kitchen,entry,living,entry,entry,bedroom_2,kitchen,entry,entry,entry,kitchen,kitchen,entry,kitchen,entry,kitchen,entry,kitchen,kitchen,entry,bathroom,bedroom_2,kitchen,bedroom_3,bedroom_3,entry,bedroom_3,bedroom_3,bedroom_3,kitchen,bedroom_3,kitchen,living,kitchen,bedroom_4,kitchen,kitchen,kitchen,living,living,bedroom_4,kitchen,bedroom_4,entry,kitchen,living,living,living,kitchen,kitchen,kitchen,entry,bedroom_2,kitchen,entry
23040,d16 Wed 00:00,living,living,kitchen,living,kitchen,kitchen,entry,living,entry,entry,bedroom_2,kitchen,entry,entry,entry,kitchen,kitchen,entry,kitchen,entry,kitchen,entry,kitchen,kitchen,entry,bathroom,bedroom_2,kitchen,bedroom_3,bedroom_3,entry,bedroom_3,bedroom_3,bedroom_3,kitchen,bedroom_3,kitchen,living,kitchen,bedroom_4,kitchen,kitchen,kitchen,living,living,bedroom_4,kitchen,bedroom_4,entry,kitchen,living,living,living,kitchen,kitchen,kitchen,entry,bedroom_2,kitchen,entry
23100,d16 Wed 01:00,living,living,kitchen,living,kitchen,kitchen,entry,living,entry,entry,bedroom_2,kitchen,entry,entry,entry,kitchen,kitchen,entry,kitchen,entry,kitchen,entry,kitchen,kitchen,entry,bathroom,bedroom_2,kitchen,bedroom_3,bedroom_3,entry,bedroom_3,bedroom_3,bedroom_3,kitchen,bedroom_3,kitchen,living,kitchen,bedroom_4,kitchen,kitchen,kitchen,living,living,bedroom_4,kitchen,bedroom_4,entry,kitchen,living,living,living,kitchen,kitchen,kitchen,entry,bedroom_2,kitchen,entry
23160,d16 Wed 02:00,living,living,kitchen,living,kitchen,kitchen,entry,living,entry,entry,bedroom_2,kitchen,entry,entry,entry,kitchen,kitchen,entry,kitchen,entry,kitchen,entry,kitchen,kitchen,entry,bathroom,bedroom_2,kitchen,bedroom_3,bedroom_3,entry,bedroom_3,bedroom_3,bedroom_3,kitchen,bedroom_3,kitchen,living,kitchen,bedroom_4,kitchen,kitchen,kitchen,living,living,bedroom_4,kitchen,bedroom_4,entry,kitchen,living,living,living,kitchen,kitchen,kitchen,entry,bedroom_2,kitchen,entry
23220,d16 Wed 03:00,living,living,kitchen,living,kitchen,kitchen,entry,living,entry,entry,bedroom_2,kitchen,entry,entry,entry,kitchen,kitchen,entry,kitchen,entry,kitchen,entry,kitchen,kitchen,entry,bathroom,bedroom_2,kitchen,bedroom_3,bedroom_3,entry,bedroom_3,bedroom_3,bedroom_3,kitchen,bedroom_3,kitchen,living,kitchen,bedroom_4,kitchen,kitchen,kitchen,living,living,bedroom_4,kitchen,bedroom_4,entry,kitchen,living,living,living,kitchen,kitchen,kitchen,entry,bedroom_2,kitchen,entry
23280,d16 Wed 04:00,living,living,kitchen,living,kitchen,kitchen,entry,living,entry,entry,bedroom_2,kitchen,entry,entry,entry,kitchen,kitchen,entry,kitchen,entry,kitchen,entry,kitchen,kitchen,entry,bathroom,bedroom_2,kitchen,bedroom_3,bedroom_3,entry,bedroom_3,bedroom_3,bedroom_3,kitchen,bedroom_3,kitchen,living,kitchen,bedroom_4,kitchen,kitchen,kitchen,living,living,bedroom_4,kitchen,bedroom_4,entry,kitchen,living,living,living,kitchen,kitchen,kitchen,entry,bedroom_2,kitchen,entry
23340,d16 Wed 05:00,living,living,kitchen,living,kitchen,kitchen,entry,living,entry,entry,bedroom_2,kitchen,entry,entry,entry,kitchen,kitchen,entry,kitchen,entry,kitchen,entry,kitchen,kitchen,entry,bathroom,bathroom,kitchen,bedroom_3,bedroom_3,entry,bedroom_3,bedroom_3,bedroom_3,kitchen,bedroom_3,kitchen,living,kitchen,bedroom_4,kitchen,kitchen,kitchen,living,living,bedroom_4,kitchen,bedroom_4,entry,kitchen,living,living,living,kitchen,kitchen,kitchen,entry,bedroom_2,kitchen,entry
23400,d16 Wed 06:00,living,living,kitchen,living,kitchen,kitchen,entry,living,entry,entry,bedroom_2,kitchen,entry,entry,entry,kitchen,kitchen,entry,kitchen,entry,kitchen,entry,kitchen,kitchen,entry,bathroom,bathroom,kitchen,bedroom_3,bedroom_3,entry,bedroom_3,bedroom_3,bedroom_3,kitchen,bedroom_3,kitchen,living,kitchen,bedroom_4,kitchen,kitchen,kitchen,living,living,bedroom_4,kitchen,bedroom_4,entry,kitchen,living,living,kitchen,kitchen,kitchen,kitchen,entry,bedroom_2,kitchen,entry
23460,d16 Wed 07:00,living,living,living,living,bathroom,kitchen,entry,living,entry,entry,outside,outside,outside,outside,outside,outside,outside,outside,kitchen,entry,kitchen,entry,kitchen,kitchen,entry,bathroom,bathroom,kitchen,bedroom_3,kitchen,entry,bedroom_3,bedroom_3,bedroom_3,kitchen,kitchen,kitchen,living,kitchen,kitchen,kitchen,kitchen,kitchen,living,living,bedroom_4,kitchen,bedroom_4,entry,kitchen,living,living,kitchen,kitchen,kitchen,kitchen,entry,bedroom_2,kitchen,entry
23520,d16 Wed 08:00,living,living,kitchen,living,bathroom,kitchen,entry,living,entry,entry,outside,outside,outside,outside,outside,outside,outside,outside,outside,outside,outside,outside,outside,outside,outside,entry,bathroom,kitchen,outside,outside,outside,outside,outside,bedroom_3,kitchen,outside,outside,living,kitchen,outside,kitchen,kitchen,kitchen,living,living,bedroom_4,kitchen,bedroom_4,entry,kitchen,living,living,kitchen,kitchen,kitchen,kitchen,entry,bedroom_2,kitchen,entry
23580,d16 Wed 09:00,outside,outside,kitchen,living,bathroom,outside,entry,outside,outside,outside,outside,outside,outside,outside,outside,outside,outside,outside,outside,outside,outside,outside,outside,outside,outside,bathroom,bathroom,kitchen,outside,outside,outside,outside,outside,bedroom_3,kitchen,bedroom_3,outside,living,outside,outside,outside,outside,outside,outside,living,bedroom_4,kitchen,bedroom_4,outside,kitchen,kitchen,living,kitchen,kitchen,kitchen,kitchen,entry,bedroom_1,kitchen,entry
23640,d16 Wed 10:00,living,living,kitchen,living,bathroom,kitchen,entry,living,entry,bedroom_1,outside,outside,outside,outside,kitchen,outside,outside,outside,outside,outside,outside,outside,outside,outside,outside,bathroom,bathroom,kitchen,outside,outside,outside,outside,outside,bedroom_3,kitchen,bedroom_3,outside,living,outside,outside,outside,outside,outside,outside,living,bedroom_4,kitchen,bedroom_4,outside,kitchen,kitchen,living,kitchen,kitchen,kitchen,kitchen,entry,bedroom_1,kitchen,entry
23700,d16 Wed 11:00,living,living,kitchen,living,bathroom,kitchen,entry,living,entry,bedroom_1,outside,outside,outside,outside,kitchen,outside,outside,outside,outside,outside,outside,outside,outside,outside,outside,bathroom,bathroom,kitchen,outside,outside,outside,outside,outside,bedroom_3,kitchen,bedroom_3,outside,living,outside,outside,outside,outside,outside,outside,living,bedroom_4,kitchen,bedroom_4,outside,kitchen,kitchen,living,kitchen,kitchen,kitchen,kitchen,entry,bedroom_1,kitchen,entry
23760,d16 Wed 12:00,living,living,kitchen,living,bathroom,kitchen,entry,living,entry,bedroom_1,outside,outside,outside,outside,kitchen,outside,outside,outside,outside,outside,outside,outside,outside,outside,outside,bathroom,bathroom,kitchen,outside,outside,outside,outside,outside,bedroom_3,kitchen,bedroom_3,outside,living,outside,outside,outside,outside,outside,outside,living,bedroom_4,kitchen,bedroom_4,outside,kitchen,kitchen,living,kitchen,kitchen,kitchen,kitchen,entry,bedroom_1,kitchen,entry
23820,d16 Wed 13:00,living,living,kitchen,living,bathroom,kitchen,entry,living,entry,bedroom_1,outside,outside,outside,outside,kitchen,outside,outside,outside,outside,outside,outside,outside,outside,outside,outside,bathroom,bathroom,kitchen,outside,outside,outside,outside,outside,bedroom_3,kitchen,bedroom_3,outside,living,outside,outside,outside,outside,outside,outside,living,living,kitchen,bedroom_4,outside,kitchen,kitchen,living,kitchen,kitchen,kitchen,kitchen,entry,bedroom_1,kitchen,entry
23880,d16 Wed 14:00,living,living,kitchen,living,bathroom,kitchen,entry,living,entry,bedroom_1,outside,outside,outside,outside,kitchen,outside,outside,outside,outside,outside,outside,outside,outside,outside,kitchen,bathroom,bathroom,kitchen,outside,outside,outside,outside,outside,bedroom_3,kitchen,bedroom_3,outside,living,outside,outside,outside,outside,outside,outside,living,living,kitchen,bedroom_4,outside,kitchen,kitchen,living,kitchen,kitchen,kitchen,kitchen,entry,bedroom_1,kitchen,entry
23940,d16 Wed 15:00,living,living,kitchen,living,bathroom,kitchen,entry,living,entry,bedroom_1,outside,outside,outside,outside,entry,outside,outside,outside,kitchen,entry,bedroom_2,entry,kitchen,kitchen,entry,bathroom,bathroom,kitchen,outside,outside,outside,outside,outside,bedroom_3,kitchen,bedroom_3,outside,living,outside,outside,outside,outside,outside,outside,living,bedroom_4,kitchen,kitchen,outside,kitchen,kitchen,living,kitchen,kitchen,kitchen,kitchen,entry,bedroom_1,kitchen,entry
24000,d16 Wed 16:00,living,living,kitchen,living,bathroom,kitchen,entry,living,entry,bedroom_1,bedroom_2,kitchen,entry,entry,entry,kitchen,kitchen,kitchen,kitchen,entry,entry,entry,kitchen,kitchen,entry,bathroom,bathroom,kitchen,kitchen,bedroom_3,entry,bedroom_3,bedroom_3,bedroom_3,kitchen,bedroom_3,kitchen,living,kitchen,kitchen,entry,kitchen,kitchen,living,living,bedroom_4,kitchen,kitchen,entry,kitchen,kitchen,living,kitchen,kitchen,kitchen,kitchen,entry,bedroom_1,kitchen,bedroom_2
24060,d16 Wed 17:00,living,living,kitchen,living,bathroom,kitchen,entry,living,entry,bedroom_1,bedroom_2,kitchen,kitchen,entry,entry,kitchen,kitchen,kitchen,kitchen,entry,entry,entry,kitchen,kitchen,entry,bathroom,bathroom,kitchen,kitchen,bedroom_3,entry,bedroom_3,bedroom_3,bedroom_3,bedroom_3,bedroom_3,kitchen,living,kitchen,living,entry,kitchen,kitchen,living,living,bedroom_4,kitchen,kitchen,entry,kitchen,kitchen,living,kitchen,kitchen,kitchen,kitchen,entry,bedroom_1,kitchen,bedroom_2
24120,d16 Wed 18:00,living,living,kitchen,living,bathroom,kitchen,entry,living,entry,bedroom_1,bedroom_2,kitchen,kitchen,entry,entry,kitchen,kitchen,kitchen,kitchen,entry,entry,entry,kitchen,kitchen,entry,bathroom,bathroom,kitchen,kitchen,bedroom_3,entry,bedroom_3,bedroom_3,kitchen,bedroom_3,bedroom_3,kitchen,living,kitchen,kitchen,entry,kitchen,kitchen,living,living,bedroom_4,kitchen,kitchen,entry,kitchen,kitchen,living,kitchen,kitchen,kitchen,kitchen,entry,bedroom_1,kitchen,bedroom_2
24180,d16 Wed 19:00,living,living,kitchen,living,bathroom,kitchen,entry,living,entry,bedroom_1,bedroom_2,living,kitchen,entry,entry,bedroom_2,kitchen,kitchen,kitchen,entry,entry,entry,living,kitchen,entry,kitchen,bathroom,kitchen,kitchen,bedroom_3,entry,bedroom_3,bedroom_3,kitchen,bedroom_3,bedroom_3,kitchen,living,kitchen,bathroom,entry,kitchen,kitchen,living,living,living,kitchen,kitchen,entry,living,kitchen,living,kitchen,kitchen,kitchen,kitchen,entry,bedroom_1,kitchen,bedroom_2
24240,d16 Wed 20:00,living,living,kitchen,living,bathroom,kitchen,entry,living,entry,bedroom_1,bedroom_2,living,kitchen,entry,entry,bedroom_2,kitchen,kitchen,kitchen,entry,entry,entry,bedroom_2,kitchen,entry,kitchen,bathroom,kitchen,kitchen,bedroom_3,entry,bedroom_3,bedroom_3,kitchen,bedroom_3,bedroom_3,kitchen,living,kitchen,bedroom_4,entry,kitchen,kitchen,living,living,living,kitchen,kitchen,entry,living,kitchen,living,kitchen,kitchen,kitchen,kitchen,entry,bedroom_1,kitchen,bedroom_2
24300,d16 Wed 21:00,living,living,kitchen,living,bathroom,kitchen,entry,living,entry,bedroom_1,bedroom_2,living,kitchen,entry,entry,bedroom_2,kitchen,kitchen,kitchen,entry,entry,entry,bedroom_2,kitchen,entry,kitchen,bathroom,kitchen,kitchen,bedroom_3,entry,bedroom_3,bedroom_3,kitchen,bedroom_3,bedroom_3,kitchen,living,kitchen,bedroom_4,entry,kitchen,kitchen,living,living,living,kitchen,kitchen,entry,living,kitchen,living,kitchen,kitchen,kitchen,kitchen,entry,bedroom_1,kitchen,bedroom_2
24360,d16 Wed 22:00,living,living,kitchen,living,bathroom,kitchen,entry,living,entry,bedroom_1,bedroom_2,living,kitchen,entry,entry,bedroom_2,kitchen,kitchen,kitchen,entry,entry,entry,bedroom_2,kitchen,entry,kitchen,bathroom,kitchen,kitchen,bedroom_3,entry,bedroom_3,bedroom_3,kitchen,bedroom_3,bedroom_3,kitchen,living,kitchen,bedroom_4,entry,kitchen,kitchen,living,living,living,kitchen,kitchen,entry,living,kitchen,living,kitchen,kitchen,kitchen,kitchen,entry,bedroom_1,kitchen,bedroom_2
24420,d16 Wed 23:00,living,living,kitchen,living,bathroom,kitchen,entry,living,entry,bedroom_1,bedroom_2,living,kitchen,entry,entry,bedroom_2,kitchen,kitchen,kitchen,entry,entry,entry,bedroom_2,kitchen,entry,kitchen,bathroom,kitchen,kitchen,bedroom_3,entry,bedroom_3,bedroom_3,kitchen,bedroom_3,bedroom_3,kitchen,living,kitchen,bedroom_4,entry,kitchen,kitchen,living,living,living,kitchen,kitchen,entry,living,kitchen,living,kitchen,kitchen,kitchen,kitchen,entry,bedroom_1,kitchen,bedroom_2
24480,d17 Thu 00:00,living,living,kitchen,living,bathroom,kitchen,entry,living,entry,bedroom_1,bedroom_2,living,kitchen,entry,entry,bedroom_2,kitchen,kitchen,kitchen,entry,entry,entry,bedroom_2,kitchen,entry,kitchen,bathroom,kitchen,kitchen,bedroom_3,entry,bedroom_3,bedroom_3,kitchen,bedroom_3,bedroom_3,kitchen,living,kitchen,bedroom_4,entry,kitchen,kitchen,living,living,living,kitchen,kitchen,entry,living,kitchen,living,kitchen,kitchen,kitchen,kitchen,entry,bedroom_1,kitchen,bedroom_2
24540,d17 Thu 01:00,living,living,kitchen,living,bathroom,kitchen,entry,living,entry,bedroom_1,bedroom_2,living,kitchen,entry,entry,bedroom_2,kitchen,kitchen,kitchen,entry,entry,entry,bedroom_2,kitchen,entry,kitchen,bathroom,kitchen,kitchen,bedroom_3,entry,bedroom_3,bedroom_3,kitchen,bedroom_3,bedroom_3,kitchen,living,kitchen,bedroom_4,entry,kitchen,kitchen,living,living,living,kitchen,kitchen,entry,living,kitchen,living,kitchen,kitchen,kitchen,kitchen,entry,bedroom_1,kitchen,bedroom_2
24600,d17 Thu 02:00,living,living,kitchen,living,bathroom,kitchen,entry,living,entry,bedroom_1,bedroom_2,living,kitchen,entry,entry,bedroom_2,kitchen,kitchen,kitchen,entry,entry,entry,bedroom_2,kitchen,entry,kitchen,bathroom,kitchen,kitchen,bedroom_3,entry,bedroom_3,bedroom_3,kitchen,bedroom_3,bedroom_3,kitchen,living,kitchen,bedroom_4,entry,kitchen,kitchen,living,living,living,kitchen,kitchen,entry,living,kitchen,living,kitchen,kitchen,kitchen,kitchen,entry,bedroom_1,kitchen,bedroom_2
24660,d17 Thu 03:00,living,living,kitchen,living,bathroom,kitchen,entry,living,entry,bedroom_1,bedroom_2,living,kitchen,entry,entry,bedroom_2,kitchen,kitchen,kitchen,entry,entry,entry,bedroom_2,kitchen,entry,kitchen,bathroom,kitchen,kitchen,bedroom_3,entry,bedroom_3,bedroom_3,kitchen,bedroom_3,bedroom_3,kitchen,living,kitchen,bedroom_4,entry,kitchen,kitchen,living,living,living,kitchen,kitchen,entry,living,kitchen,living,kitchen,kitchen,kitchen,kitchen,entry,bedroom_1,kitchen,bedroom_2
24720,d17 Thu 04:00,living,living,kitchen,living,bathroom,kitchen,entry,living,entry,bedroom_1,bedroom_2,living,kitchen,entry,entry,bedroom_2,kitchen,kitchen,kitchen,entry,entry,entry,bedroom_2,kitchen,entry,kitchen,bathroom,kitchen,kitchen,bedroom_3,entry,bedroom_3,bedroom_3,kitchen,bedroom_3,bedroom_3,kitchen,living,kitchen,bedroom_4,entry,kitchen,kitchen,living,living,living,kitchen,kitchen,entry,living,kitchen,living,kitchen,kitchen,kitchen,kitchen,entry,bedroom_1,kitchen,bedroom_2
24780,d17 Thu 05:00,living,living,kitchen,living,bathroom,kitchen,entry,living,entry,bedroom_1,bedroom_2,living,kitchen,entry,entry,bathroom,kitchen,kitchen,kitchen,entry,entry,entry,bedroom_2,kitchen,entry,kitchen,bathroom,kitchen,kitchen,bedroom_3,entry,bedroom_3,bedroom_3,kitchen,bedroom_3,bedroom_3,kitchen,living,kitchen,bedroom_4,entry,kitchen,kitchen,living,living,living,kitchen,kitchen,entry,living,kitchen,living,kitchen,kitchen,kitchen,kitchen,entry,bedroom_1,kitchen,bedroom_2
24840,d17 Thu 06:00,living,living,kitchen,living,bathroom,kitchen,entry,living,entry,bedroom_1,outside,outside,outside,outside,outside,outside,outside,outside,kitchen,entry,entry,entry,bedroom_2,kitchen,entry,bedroom_2,bedroom_2,kitchen,kitchen,bedroom_3,entry,bedroom_3,bedroom_3,kitchen,bedroom_3,bedroom_3,kitchen,living,kitchen,bedroom_4,entry,kitchen,kitchen,living,living,living,kitchen,kitchen,entry,living,kitchen,living,kitchen,kitchen,kitchen,kitchen,entry,bedroom_1,kitchen,bedroom_2
24900,d17 Thu 07:00,living,living,kitchen,living,bathroom,kitchen,entry,living,entry,bedroom_1,outside,outside,outside,outside,outside,outside,outside,outside,kitchen,entry,entry,entry,entry,kitchen,entry,entry,bedroom_2,kitchen,kitchen,kitchen,entry,bedroom_3,bedroom_3,kitchen,bedroom_3,bedroom_3,kitchen,living,kitchen,bedroom_4,entry,kitchen,kitchen,living,living,living,kitchen,kitchen,entry,living,kitchen,living,kitchen,kitchen,kitchen,kitchen,entry,bedroom_1,kitchen,bedroom_2
24960,d17 Thu 08:00,living,living,kitchen,living,bathroom,living,entry,living,living,living,outside,outside,outside,outside,outside,outside,outside,outside,outside,outside,outside,outside,outside,outside,outside,entry,bedroom_2,kitchen,outside,outside,outside,outside,outside,kitchen,bedroom_3,bedroom_3,outside,living,kitchen,outside,entry,kitchen,kitchen,living,living,living,kitchen,kitchen,entry,living,kitchen,living,kitchen,kitchen,kitchen,kitchen,entry,bedroom_1,kitchen,bedroom_2
25020,d17 Thu 09:00,living,living,kitchen,living,bathroom,kitchen,entry,living,entry,bedroom_1,outside,outside,outside,outside,outside,outside,outside,outside,outside,outside,outside,outside,outside,outside,outside,bathroom,bedroom_2,kitchen,outside,outside,outside,outside,outside,kitchen,bedroom_3,bedroom_3,outside,living,outside,outside,outside,outside,outside,outside,living,bedroom_4,kitchen,kitchen,outside,living,kitchen,living,kitchen,kitchen,kitchen,kitchen,entry,bedroom_1,kitchen,bedroom_2
25080,d17 Thu 10:00,living,living,kitchen,living,bathroom,kitchen,entry,living,entry,bedroom_1,outside,outside,outside,outside,outside,outside,outside,outside,outside,outside,outside,outside,outside,outside,outside,bathroom,bedroom_2,kitchen,outside,outside,outside,outside,outside,kitchen,bedroom_3,bedroom_3,outside,living,outside,outside,outside,outside,outside,outside,living,bedroom_4,kitchen,kitchen,outside,living,kitchen,bedroom_3,kitchen,kitchen,kitchen,kitchen,entry,bedroom_1,kitchen,bedroom_2
25140,d17 Thu 11:00,living,living,kitchen,living,bathroom,kitchen,entry,living,entry,bedroom_1,outside,outside,outside,outside,outside,outside,outside,outside,outside,outside,outside,outside,outside,outside,outside,bathroom,bedroom_2,kitchen,outside,outside,outside,outside,outside,kitchen,bedroom_3,bedroom_3,outside,living,outside,outside,outside,outside,outside,outside,living,bedroom_4,kitchen,kitchen,outside,living,kitchen,bedroom_3,kitchen,kitchen,kitchen,kitchen,entry,bedroom_1,kitchen,bedroom_2
25200,d17 Thu 12:00,living,living,kitchen,living,bathroom,kitchen,entry,living,entry,bedroom_1,outside,outside,outside,outside,outside,outside,outside,outside,outside,outside,outside,outside,outside,outside,outside,bathroom,bedroom_2,kitchen,outside,outside,outside,outside,outside,kitchen,bedroom_3,bedroom_3,outside,living,outside,outside,outside,outside,outside,outside,living,bedroom_4,kitchen,kitchen,outside,living,kitchen,bedroom_3,kitchen,kitchen,kitchen,kitchen,entry,bedroom_1,kitchen,bedroom_2
25260,d17 Thu 13:00,living,living,kitchen,living,bathroom,kitchen,entry,living,entry,bedroom_1,outside,outside,outside,outside,outside,outside,outside,outside,kitchen,outside,outside,outside,outside,outside,outside,bathroom,bedroom_2,kitchen,outside,outside,outside,outside,outside,kitchen,bedroom_3,bedroom_3,outside,living,outside,outside,outside,outside,outside,outside,living,living,kitchen,kitchen,outside,living,kitchen,bedroom_3,kitchen,kitchen,kitchen,kitchen,entry,bedroom_1,kitchen,bedroom_2
25320,d17 Thu 14:00,living,living,kitchen,living,bathroom,kitchen,entry,living,entry,bedroom_1,outside,outside,kitchen,outside,outside,outside,outside,outside,kitchen,outside,outside,outside,outside,outside,outside,bathroom,bedroom_2,kitchen,outside,outside,outside,outside,outside,kitchen,bedroom_3,bedroom_3,outside,living,outside,outside,outside,outside,outside,outside,living,living,kitchen,kitchen,outside,living,kitchen,bedroom_3,kitchen,kitchen,kitchen,kitchen,entry,bedroom_1,kitchen,bedroom_2
25380,d17 Thu 15:00,living,living,kitchen,living,bathroom,kitchen,entry,living,entry,bedroom_1,outside,outside,entry,outside,outside,outside,outside,outside,bedroom_2,kitchen,entry,kitchen,kitchen,kitchen,entry,bathroom,bedroom_2,kitchen,outside,outside,outside,outside,outside,kitchen,bedroom_3,bedroom_3,outside,living,outside,kitchen,kitchen,kitchen,kitchen,outside,living,living,kitchen,kitchen,entry,living,kitchen,bedroom_3,kitchen,kitchen,kitchen,kitchen,entry,bedroom_1,kitchen,bedroom_2
25440,d17 Thu 16:00,living,living,kitchen,living,bathroom,kitchen,entry,living,entry,bedroom_1,outside,outside,entry,outside,outside,outside,outside,outside,bedroom_2,kitchen,entry,kitchen,kitchen,kitchen,entry,bathroom,bedroom_2,kitchen,bedroom_3,bedroom_3,entry,bedroom_3,kitchen,kitchen,kitchen,bedroom_3,entry,living,outside,kitchen,entry,kitchen,kitchen,outside,living,living,kitchen,kitchen,entry,living,kitchen,bedroom_3,living,kitchen,kitchen,kitchen,entry,bedroom_1,kitchen,entry
25500,d17 Thu 17:00,living,living,kitchen,living,bathroom,kitchen,kitchen,living,entry,bedroom_1,outside,outside,entry,outside,kitchen,outside,outside,outside,bedroom_2,kitchen,entry,kitchen,kitchen,kitchen,entry,bathroom,bedroom_2,kitchen,bedroom_3,bedroom_3,entry,bedroom_3,kitchen,kitchen,bedroom_3,bedroom_3,entry,living,outside,kitchen,entry,kitchen,kitchen,outside,living,living,kitchen,kitchen,entry,living,kitchen,bedroom_3,kitchen,kitchen,kitchen,kitchen,entry,bedroom_1,kitchen,entry
25560,d17 Thu 18:00,living,living,kitchen,living,bathroom,kitchen,entry,living,entry,bedroom_1,bedroom_2,living,entry,entry,kitchen,kitchen,kitchen,kitchen,bedroom_2,entry,entry,entry,kitchen,kitchen,entry,bathroom,bedroom_2,kitchen,bedroom_3,bedroom_3,entry,bedroom_3,kitchen,kitchen,kitchen,bedroom_3,entry,living,kitchen,kitchen,entry,kitchen,kitchen,living,living,living,kitchen,bedroom_4,entry,living,kitchen,bedroom_3,kitchen,kitchen,kitchen,kitchen,entry,bedroom_1,kitchen,bedroom_2
25620,d17 Thu 19:00,living,living,kitchen,living,bathroom,kitchen,entry,living,entry,bedroom_1,bedroom_2,living,entry,entry,kitchen,kitchen,kitchen,kitchen,bedroom_2,entry,entry,entry,kitchen,kitchen,entry,bathroom,bedroom_2,kitchen,bedroom_3,bedroom_3,kitchen,bedroom_3,kitchen,kitchen,kitchen,bedroom_3,entry,living,living,bedroom_4,entry,kitchen,kitchen,living,living,living,kitchen,bedroom_4,entry,living,kitchen,bedroom_3,kitchen,kitchen,kitchen,kitchen,entry,bedroom_1,kitchen,bedroom_2
25680,d17 Thu 20:00,living,living,kitchen,living,bathroom,kitchen,entry,living,entry,bedroom_1,bedroom_2,living,entry,entry,kitchen,kitchen,kitchen,kitchen,bedroom_2,entry,entry,entry,kitchen,kitchen,entry,bathroom,bedroom_2,kitchen,bedroom_3,bedroom_3,kitchen,bedroom_3,kitchen,kitchen,kitchen,bedroom_3,entry,living,bedroom_2,bedroom_4,entry,kitchen,kitchen,living,living,bedroom_4,kitchen,bedroom_4,entry,living,kitchen,bedroom_3,kitchen,kitchen,kitchen,kitchen,entry,bedroom_1,kitchen,bedroom_2
25740,d17 Thu 21:00,living,living,kitchen,living,bathroom,kitchen,entry,living,entry,bedroom_1,bedroom_2,living,entry,entry,kitchen,kitchen,kitchen,kitchen,bedroom_2,entry,entry,entry,kitchen,kitchen,entry,bathroom,bedroom_2,kitchen,bedroom_3,bedroom_3,kitchen,bedroom_3,kitchen,kitchen,kitchen,bedroom_3,entry,living,bedroom_2,bedroom_4,entry,kitchen,kitchen,living,living,bedroom_4,kitchen,bedroom_4,entry,living,kitchen,bedroom_3,kitchen,kitchen,kitchen,kitchen,entry,bedroom_1,kitchen,bedroom_2
25800,d17 Thu 22:00,living,living,kitchen,living,bathroom,kitchen,entry,living,entry,bedroom_1,bedroom_2,living,entry,entry,kitchen,kitchen,kitchen,kitchen,bedroom_2,entry,entry,entry,kitchen,kitchen,entry,bathroom,bedroom_2,kitchen,bedroom_3,bedroom_3,kitchen,bedroom_3,kitchen,kitchen,kitchen,bedroom_3,entry,living,bedroom_2,bedroom_4,entry,kitchen,kitchen,living,living,bedroom_4,kitchen,bedroom_4,entry,living,kitchen,bedroom_3,kitchen,kitchen,kitchen,kitchen,entry,bedroom_1,kitchen,bedroom_2
25860,d17 Thu 23:00,living,living,kitchen,living,bathroom,kitchen,entry,living,entry,bedroom_1,bedroom_2,living,entry,entry,kitchen,kitchen,kitchen,kitchen,bedroom_2,entry,entry,entry,kitchen,kitchen,entry,bathroom,bedroom_2,kitchen,bedroom_3,bedroom_3,kitchen,bedroom_3,kitchen,kitchen,kitchen,bedroom_3,entry,living,bedroom_2,bedroom_4,entry,kitchen,kitchen,living,living,bedroom_4,kitchen,bedroom_4,entry,living,kitchen,bedroom_3,kitchen,kitchen,kitchen,kitchen,entry,bedroom_1,kitchen,bedroom_2
25920,d18 Fri 00:00,living,living,kitchen,living,bathroom,kitchen,entry,living,entry,bedroom_1,bedroom_2,living,entry,entry,kitchen,kitchen,kitchen,kitchen,bedroom_2,entry,entry,entry,kitchen,kitchen,entry,bathroom,bedroom_2,kitchen,bedroom_3,bedroom_3,kitchen,bedroom_3,kitchen,kitchen,kitchen,bedroom_3,entry,living,bedroom_2,bedroom_4,entry,kitchen,kitchen,living,living,bedroom_4,kitchen,bedroom_4,entry,living,kitchen,bedroom_3,kitchen,kitchen,kitchen,kitchen,entry,bedroom_1,kitchen,bedroom_2
25980,d18 Fri 01:00,living,living,kitchen,living,bathroom,kitchen,entry,living,entry,bedroom_1,bedroom_2,living,entry,entry,kitchen,kitchen,kitchen,kitchen,bedroom_2,entry,entry,entry,kitchen,kitchen,entry,bathroom,bedroom_2,kitchen,bedroom_3,bedroom_3,kitchen,bedroom_3,kitchen,kitchen,kitchen,bedroom_3,entry,living,bedroom_2,bedroom_4,entry,kitchen,kitchen,living,living,bedroom_4,kitchen,bedroom_4,entry,living,kitchen,bedroom_3,kitchen,kitchen,kitchen,kitchen,entry,bedroom_1,kitchen,bedroom_2
26040,d18 Fri 02:00,living,living,kitchen,living,bathroom,kitchen,entry,living,entry,bedroom_1,bedroom_2,living,entry,entry,kitchen,kitchen,kitchen,kitchen,bedroom_2,entry,entry,entry,kitchen,kitchen,entry,bathroom,bedroom_2,kitchen,bedroom_3,bedroom_3,kitchen,bedroom_3,kitchen,kitchen,kitchen,bedroom_3,entry,living,bedroom_2,bedroom_4,entry,kitchen,kitchen,living,living,bedroom_4,kitchen,bedroom_4,entry,living,kitchen,bedroom_3,kitchen,kitchen,kitchen,kitchen,entry,bedroom_1,kitchen,bedroom_2
26100,d18 Fri 03:00,living,living,kitchen,living,bathroom,kitchen,entry,living,entry,bedroom_1,bedroom_2,living,entry,entry,kitchen,kitchen,kitchen,kitchen,bedroom_2,entry,entry,entry,kitchen,kitchen,entry,bathroom,bedroom_2,kitchen,bedroom_3,bedroom_3,kitchen,bedroom_3,kitchen,kitchen,kitchen,bedroom_3,entry,living,bedroom_2,bedroom_4,entry,kitchen,kitchen,living,living,bedroom_4,kitchen,bedroom_4,entry,living,kitchen,bedroom_3,kitchen,kitchen,kitchen,kitchen,entry,bedroom_1,kitchen,bedroom_2
26160,d18 Fri 04:00,living,living,kitchen,living,bathroom,kitchen,entry,living,entry,bedroom_1,bedroom_2,living,entry,entry,kitchen,kitchen,kitchen,kitchen,bedroom_2,entry,entry,entry,kitchen,kitchen,entry,bathroom,bedroom_2,kitchen,bedroom_3,bedroom_3,kitchen,bedroom_3,kitchen,kitchen,kitchen,bedroom_3,entry,living,bedroom_2,bedroom_4,entry,kitchen,kitchen,living,living,bedroom_4,kitchen,bedroom_4,entry,living,kitchen,bedroom_3,kitchen,kitchen,kitchen,kitchen,entry,bedroom_1,kitchen,bedroom_2
26220,d18 Fri 05:00,living,living,kitchen,living,bathroom,kitchen,entry,living,entry,bedroom_1,bedroom_2,living,entry,entry,kitchen,kitchen,kitchen,kitchen,bedroom_2,entry,entry,entry,kitchen,kitchen,entry,bedroom_2,bathroom,kitchen,bedroom_3,bedroom_3,kitchen,bedroom_3,kitchen,kitchen,kitchen,bedroom_3,entry,living,kitchen,bedroom_4,entry,kitchen,kitchen,living,living,bedroom_4,kitchen,bedroom_4,entry,living,kitchen,bedroom_3,kitchen,kitchen,kitchen,kitchen,entry,bedroom_1,kitchen,bedroom_2
26280,d18 Fri 06:00,living,living,kitchen,living,bathroom,kitchen,entry,living,entry,bedroom_1,outside,outside,outside,outside,outside,outside,outside,outside,bedroom_2,entry,entry,entry,kitchen,kitchen,entry,bathroom,bathroom,kitchen,bedroom_3,bedroom_3,kitchen,bedroom_3,kitchen,kitchen,kitchen,bedroom_3,entry,living,outside,bedroom_4,entry,kitchen,kitchen,living,living,bedroom_4,kitchen,bedroom_4,entry,living,kitchen,bedroom_3,kitchen,kitchen,kitchen,kitchen,entry,bedroom_1,kitchen,bedroom_2
26340,d18 Fri 07:00,living,living,kitchen,living,bathroom,kitchen,entry,living,entry,bedroom_1,outside,outside,outside,outside,outside,outside,outside,outside,bedroom_2,entry,entry,entry,outside,kitchen,entry,entry,bathroom,kitchen,bedroom_3,kitchen,kitchen,bedroom_3,kitchen,kitchen,kitchen,bedroom_3,entry,living,outside,bedroom_4,entry,kitchen,kitchen,living,living,bedroom_4,kitchen,bedroom_4,entry,living,kitchen,bedroom_3,kitchen,kitchen,kitchen,kitchen,entry,bedroom_1,kitchen,bedroom_2
26400,d18 Fri 08:00,outside,outside,kitchen,living,bathroom,outside,entry,outside,outside,outside,outside,kitchen,outside,outside,outside,outside,outside,outside,outside,outside,outside,outside,outside,outside,outside,bedroom_2,bathroom,kitchen,outside,outside,outside,outside,outside,kitchen,kitchen,bedroom_3,outside,living,outside,entry,kitchen,kitchen,kitchen,living,living,bedroom_4,kitchen,bedroom_4,entry,living,kitchen,bedroom_3,kitchen,kitchen,kitchen,kitchen,entry,bedroom_1,kitchen,bedroom_2
26460,d18 Fri 09:00,outside,outside,kitchen,living,bathroom,outside,entry,outside,outside,outside,outside,kitchen,outside,outside,outside,outside,outside,outside,outside,outside,outside,outside,outside,outside,outside,bedroom_2,bathroom,kitchen,outside,outside,outside,outside,outside,kitchen,kitchen,bedroom_3,outside,living,outside,outside,outside,outside,outside,outside,living,bedroom_4,kitchen,bedroom_4,outside,living,kitchen,bedroom_3,kitchen,kitchen,kitchen,kitchen,entry,bedroom_1,kitchen,bedroom_2
26520,d18 Fri 10:00,living,living,kitchen,living,bathroom,kitchen,entry,living,entry,bedroom_1,outside,kitchen,outside,outside,outside,outside,outside,outside,outside,outside,outside,outside,outside,outside,outside,bedroom_2,bathroom,kitchen,outside,outside,outside,outside,outside,kitchen,kitchen,bedroom_3,outside,living,outside,outside,outside,outside,outside,outside,living,bedroom_4,kitchen,bedroom_4,outside,living,kitchen,bedroom_3,kitchen,kitchen,kitchen,kitchen,entry,bedroom_1,kitchen,bedroom_2
26580,d18 Fri 11:00,living,living,living,living,bathroom,kitchen,entry,living,entry,bedroom_1,outside,kitchen,outside,outside,outside,outside,outside,outside,outside,outside,outside,outside,outside,outside,outside,bedroom_2,bathroom,kitchen,outside,outside,outside,outside,outside,kitchen,kitchen,bedroom_3,outside,living,outside,outside,outside,outside,outside,outside,living,bedroom_4,kitchen,bedroom_4,outside,living,kitchen,bedroom_3,kitchen,kitchen,kitchen,kitchen,entry,bedroom_1,kitchen,bedroom_2
26640,d18 Fri 12:00,living,living,living,living,bathroom,kitchen,entry,living,entry,bedroom_1,outside,kitchen,outside,outside,outside,outside,outside,outside,outside,outside,outside,outside,outside,outside,outside,bedroom_2,bathroom,kitchen,outside,outside,outside,outside,outside,kitchen,kitchen,bedroom_3,outside,living,outside,outside,outside,outside,outside,outside,living,bedroom_4,kitchen,bedroom_4,outside,living,kitchen,bedroom_3,kitchen,kitchen,kitchen,kitchen,entry,bedroom_1,kitchen,bedroom_2
26700,d18 Fri 13:00,living,living,kitchen,living,bathroom,kitchen,entry,living,entry,bedroom_1,outside,kitchen,outside,outside,outside,outside,outside,outside,outside,outside,outside,outside,outside,outside,outside,bedroom_2,bathroom,kitchen,outside,outside,outside,outside,outside,kitchen,kitchen,bedroom_3,outside,living,outside,outside,outside,outside,outside,outside,living,living,kitchen,bedroom_4,outside,living,kitchen,bedroom_3,kitchen,kitchen,kitchen,kitchen,entry,bedroom_1,kitchen,bedroom_2
26760,d18 Fri 14:00,living,living,kitchen,living,bathroom,kitchen,entry,living,entry,bedroom_1,outside,kitchen,outside,outside,outside,outside,outside,outside,outside,outside,outside,outside,outside,outside,outside,bedroom_2,bathroom,kitchen,outside,outside,outside,outside,outside,kitchen,kitchen,bedroom_3,outside,living,outside,outside,outside,outside,outside,outside,living,living,kitchen,bedroom_4,outside,living,kitchen,bedroom_3,kitchen,kitchen,kitchen,kitchen,entry,bedroom_1,kitchen,bedroom_2
26820,d18 Fri 15:00,living,living,kitchen,living,bathroom,kitchen,entry,living,entry,bedroom_1,outside,kitchen,outside,outside,outside,outside,outside,outside,outside,outside,outside,outside,outside,outside,outside,bedroom_2,bathroom,kitchen,outside,outside,outside,outside,outside,kitchen,kitchen,bedroom_3,outside,living,outside,outside,outside,outside,outside,outside,living,living,kitchen,bedroom_4,outside,living,kitchen,bedroom_3,kitchen,kitchen,kitchen,kitchen,entry,bedroom_1,kitchen,bedroom_2
26880,d18 Fri 16:00,living,living,kitchen,living,bathroom,kitchen,entry,living,entry,bedroom_1,outside,kitchen,outside,outside,outside,outside,outside,outside,bedroom_2,entry,entry,entry,kitchen,kitchen,entry,bedroom_2,bathroom,kitchen,bedroom_3,bedroom_3,entry,bedroom_3,kitchen,kitchen,kitchen,kitchen,kitchen,living,outside,kitchen,entry,kitchen,kitchen,outside,living,living,kitchen,kitchen,entry,living,kitchen,bedroom_3,living,kitchen,kitchen,kitchen,entry,bedroom_1,kitchen,entry
26940,d18 Fri 17:00,living,living,kitchen,living,bathroom,kitchen,bedroom_3,living,entry,bedroom_1,bedroom_2,living,entry,bedroom_2,entry,kitchen,kitchen,entry,kitchen,kitchen,entry,entry,kitchen,kitchen,entry,bedroom_2,kitchen,kitchen,bedroom_3,bedroom_3,entry,bedroom_3,kitchen,kitchen,kitchen,bedroom_3,kitchen,living,kitchen,living,entry,kitchen,kitchen,living,living,living,living,kitchen,entry,living,living,bedroom_3,kitchen,kitchen,kitchen,kitchen,entry,bedroom_1,kitchen,entry
27000,d18 Fri 18:00,living,kitchen,kitchen,living,bathroom,kitchen,entry,living,entry,bedroom_1,bedroom_2,living,entry,bedroom_2,entry,kitchen,kitchen,entry,kitchen,kitchen,entry,entry,kitchen,kitchen,entry,bedroom_2,kitchen,kitchen,bedroom_3,bedroom_3,entry,bedroom_3,kitchen,kitchen,kitchen,bedroom_3,kitchen,living,kitchen,kitchen,entry,kitchen,kitchen,living,living,living,kitchen,kitchen,entry,living,living,bedroom_3,living,kitchen,kitchen,kitchen,entry,bedroom_1,kitchen,entry
27060,d18 Fri 19:00,living,kitchen,kitchen,living,bathroom,kitchen,entry,living,entry,bedroom_1,bedroom_2,living,entry,bedroom_2,entry,kitchen,kitchen,entry,kitchen,kitchen,entry,entry,kitchen,kitchen,entry,bedroom_2,kitchen,kitchen,bedroom_3,bedroom_3,entry,bedroom_3,kitchen,kitchen,kitchen,living,kitchen,living,living,living,entry,kitchen,kitchen,living,living,living,living,kitchen,entry,living,living,bedroom_3,living,kitchen,kitchen,kitchen,entry,bedroom_1,kitchen,entry
27120,d18 Fri 20:00,living,kitchen,kitchen,living,bathroom,kitchen,entry,living,entry,bedroom_1,bedroom_2,living,entry,bedroom_2,entry,kitchen,kitchen,entry,kitchen,kitchen,entry,entry,kitchen,kitchen,entry,bedroom_2,kitchen,kitchen,bedroom_3,bedroom_3,entry,bedroom_3,kitchen,kitchen,kitchen,living,kitchen,living,living,living,entry,kitchen,kitchen,living,living,living,living,kitchen,entry,living,living,bedroom_3,living,kitchen,kitchen,kitchen,entry,bedroom_1,kitchen,entry
27180,d18 Fri 21:00,living,kitchen,kitchen,living,bathroom,kitchen,entry,living,entry,bedroom_1,bedroom_2,living,entry,bedroom_2,entry,kitchen,kitchen,entry,kitchen,kitchen,entry,entry,kitchen,kitchen,entry,bedroom_2,kitchen,kitchen,bedroom_3,bedroom_3,entry,bedroom_3,kitchen,kitchen,kitchen,living,kitchen,living,bathroom,bathroom,entry,kitchen,kitchen,living,living,living,kitchen,kitchen,entry,living,living,bedroom_3,living,kitchen,kitchen,kitchen,entry,bedroom_1,kitchen,entry
27240,d18 Fri 22:00,living,kitchen,kitchen,living,bathroom,kitchen,entry,living,entry,bedroom_1,bedroom_2,living,entry,bedroom_2,entry,kitchen,kitchen,entry,kitchen,kitchen,entry,entry,kitchen,kitchen,entry,bedroom_2,kitchen,kitchen,bedroom_3,bedroom_3,entry,bedroom_3,kitchen,kitchen,kitchen,bathroom,kitchen,living,bedroom_2,bedroom_4,entry,kitchen,kitchen,living,living,living,kitchen,kitchen,entry,living,living,bedroom_3,living,kitchen,kitchen,kitchen,entry,bedroom_1,kitchen,entry
27300,d18 Fri 23:00,living,kitchen,kitchen,living,bathroom,kitchen,entry,living,entry,bedroom_1,bedroom_2,living,entry,bedroom_2,entry,kitchen,kitchen,entry,kitchen,kitchen,entry,entry,kitchen,kitchen,entry,bedroom_2,kitchen,kitchen,bedroom_3,bedroom_3,entry,bedroom_3,kitchen,kitchen,kitchen,bedroom_3,kitchen,living,bedroom_2,bedroom_4,entry,kitchen,kitchen,living,living,living,kitchen,kitchen,entry,living,living,bedroom_3,living,kitchen,kitchen,kitchen,entry,bedroom_1,kitchen,entry
27360,d19 Sat 00:00,living,kitchen,kitchen,living,bathroom,kitchen,entry,living,entry,bedroom_1,bedroom_2,living,entry,bedroom_2,entry,kitchen,kitchen,entry,kitchen,kitchen,entry,entry,kitchen,kitchen,entry,bedroom_2,kitchen,kitchen,bedroom_3,bedroom_3,entry,bedroom_3,kitchen,kitchen,kitchen,bedroom_3,kitchen,living,bedroom_2,bedroom_4,entry,kitchen,kitchen,living,living,living,kitchen,kitchen,kitchen,living,living,bedroom_3,living,kitchen,kitchen,kitchen,entry,bedroom_1,kitchen,entry
27420,d19 Sat 01:00,living,kitchen,kitchen,living,bathroom,kitchen,entry,living,entry,bedroom_1,bedroom_2,living,entry,bedroom_2,entry,kitchen,kitchen,entry,kitchen,kitchen,entry,entry,kitchen,kitchen,entry,bedroom_2,kitchen,kitchen,bedroom_3,bedroom_3,entry,bedroom_3,kitchen,kitchen,kitchen,bedroom_3,kitchen,living,bedroom_2,bedroom_4,entry,kitchen,kitchen,living,living,living,kitchen,kitchen,kitchen,living,living,bedroom_3,living,kitchen,kitchen,kitchen,entry,bedroom_1,kitchen,entry
27480,d19 Sat 02:00,living,kitchen,kitchen,living,bathroom,kitchen,entry,living,entry,bedroom_1,bedroom_2,living,entry,bedroom_2,entry,kitchen,kitchen,entry,kitchen,kitchen,entry,entry,kitchen,kitchen,entry,bedroom_2,kitchen,kitchen,bedroom_3,bedroom_3,entry,bedroom_3,kitchen,kitchen,kitchen,bedroom_3,kitchen,living,bedroom_2,bedroom_4,entry,kitchen,kitchen,living,living,living,kitchen,kitchen,kitchen,living,living,bedroom_3,living,kitchen,kitchen,kitchen,entry,bedroom_1,kitchen,entry
27540,d19 Sat 03:00,living,kitchen,kitchen,living,bathroom,kitchen,entry,living,entry,bedroom_1,bedroom_2,living,entry,bedroom_2,entry,kitchen,kitchen,entry,kitchen,kitchen,entry,entry,kitchen,kitchen,entry,bedroom_2,kitchen,kitchen,bedroom_3,bedroom_3,entry,bedroom_3,kitchen,kitchen,kitchen,bedroom_3,kitchen,living,bedroom_2,bedroom_4,entry,kitchen,kitchen,living,living,living,kitchen,kitchen,kitchen,living,living,bedroom_3,living,kitchen,kitchen,kitchen,entry,bedroom_1,kitchen,entry
27600,d19 Sat 04:00,living,kitchen,kitchen,living,bathroom,kitchen,entry,living,entry,bedroom_1,bedroom_2,living,entry,bedroom_2,entry,kitchen,kitchen,entry,kitchen,kitchen,entry,entry,kitchen,kitchen,entry,bedroom_2,kitchen,kitchen,bedroom_3,bedroom_3,entry,bedroom_3,kitchen,kitchen,kitchen,bedroom_3,kitchen,living,bedroom_2,bedroom_4,entry,kitchen,kitchen,living,living,living,kitchen,kitchen,kitchen,living,living,bedroom_3,living,kitchen,kitchen,kitchen,entry,bedroom_1,kitchen,entry
27660,d19 Sat 05:00,living,kitchen,kitchen,living,bathroom,kitchen,entry,living,entry,bedroom_1,bedroom_2,living,entry,bedroom_2,entry,kitchen,kitchen,entry,kitchen,kitchen,entry,entry,kitchen,kitchen,entry,bedroom_2,kitchen,kitchen,bedroom_3,bedroom_3,entry,bedroom_3,kitchen,kitchen,kitchen,bedroom_3,kitchen,living,bedroom_2,bedroom_4,entry,kitchen,kitchen,living,living,living,kitchen,kitchen,kitchen,living,living,bedroom_3,living,kitchen,kitchen,kitchen,entry,bedroom_1,kitchen,entry
27720,d19 Sat 06:00,living,kitchen,kitchen,living,bathroom,kitchen,entry,living,entry,bedroom_1,bedroom_2,living,entry,bedroom_2,entry,kitchen,kitchen,entry,kitchen,kitchen,entry,entry,kitchen,kitchen,entry,bedroom_2,kitchen,kitchen,bedroom_3,bedroom_3,entry,bedroom_3,kitchen,kitchen,kitchen,bedroom_3,kitchen,living,bedroom_2,bedroom_4,entry,kitchen,kitchen,living,living,living,kitchen,kitchen,kitchen,living,living,bedroom_3,living,kitchen,kitchen,kitchen,entry,bedroom_1,kitchen,entry
27780,d19 Sat 07:00,living,kitchen,kitchen,living,bathroom,kitchen,entry,living,entry,bedroom_1,bedroom_2,living,entry,bedroom_2,entry,kitchen,kitchen,entry,kitchen,kitchen,entry,entry,kitchen,kitchen,entry,bedroom_2,kitchen,kitchen,bedroom_3,bedroom_3,entry,bedroom_3,kitchen,kitchen,kitchen,bedroom_3,kitchen,living,bedroom_2,bedroom_4,entry,kitchen,kitchen,living,living,living,kitchen,kitchen,kitchen,living,living,bedroom_3,living,kitchen,kitchen,kitchen,entry,bedroom_1,kitchen,entry
27840,d19 Sat 08:00,living,kitchen,kitchen,living,kitchen,kitchen,entry,living,entry,bedroom_1,bedroom_2,living,entry,bedroom_2,entry,kitchen,kitchen,entry,kitchen,kitchen,entry,entry,kitchen,kitchen,entry,bedroom_3,kitchen,kitchen,bedroom_3,bedroom_3,entry,bedroom_3,kitchen,kitchen,kitchen,bedroom_3,kitchen,living,kitchen,bedroom_4,entry,kitchen,kitchen,living,living,living,kitchen,kitchen,kitchen,living,living,bedroom_3,living,kitchen,kitchen,kitchen,entry,bedroom_1,kitchen,entry
27900,d19 Sat 09:00,living,kitchen,kitchen,living,bathroom,kitchen,entry,living,entry,bedroom_1,bedroom_2,living,entry,bedroom_2,entry,kitchen,kitchen,entry,kitchen,kitchen,entry,entry,kitchen,kitchen,entry,bedroom_2,kitchen,kitchen,bedroom_3,kitchen,entry,bedroom_3,kitchen,kitchen,kitchen,kitchen,kitchen,living,kitchen,kitchen,entry,kitchen,kitchen,living,living,living,kitchen,kitchen,kitchen,living,living,bedroom_3,kitchen,kitchen,kitchen,kitchen,entry,bedroom_1,kitchen,entry
27960,d19 Sat 10:00,living,kitchen,kitchen,living,bathroom,kitchen,entry,living,entry,bedroom_1,bedroom_2,living,entry,bedroom_2,entry,kitchen,kitchen,entry,kitchen,kitchen,entry,entry,kitchen,kitchen,entry,bedroom_2,kitchen,kitchen,bedroom_3,bedroom_3,entry,bedroom_3,kitchen,kitchen,kitchen,bedroom_3,kitchen,living,outside,outside,outside,outside,outside,outside,living,living,kitchen,kitchen,outside,living,living,bedroom_3,kitchen,kitchen,kitchen,kitchen,entry,bedroom_1,kitchen,entry
28020,d19 Sat 11:00,outside,outside,kitchen,living,bathroom,outside,entry,outside,outside,outside,bedroom_2,living,entry,bedroom_2,entry,kitchen,kitchen,entry,kitchen,kitchen,entry,entry,kitchen,kitchen,entry,bathroom,kitchen,kitchen,outside,outside,outside,outside,outside,kitchen,kitchen,outside,outside,living,outside,outside,outside,outside,outside,outside,living,living,kitchen,kitchen,outside,living,living,bedroom_3,kitchen,kitchen,kitchen,kitchen,entry,bedroom_1,kitchen,entry
28080,d19 Sat 12:00,outside,outside,kitchen,living,bathroom,outside,entry,outside,outside,outside,outside,outside,outside,outside,outside,outside,outside,outside,kitchen,kitchen,entry,entry,kitchen,kitchen,entry,bedroom_2,kitchen,kitchen,outside,outside,outside,outside,outside,kitchen,kitchen,outside,outside,living,outside,outside,outside,outside,outside,outside,living,living,kitchen,kitchen,outside,living,living,bedroom_3,kitchen,kitchen,kitchen,kitchen,entry,bedroom_1,kitchen,entry
28140,d19 Sat 13:00,outside,outside,kitchen,bedroom_3,bathroom,outside,entry,outside,outside,outside,outside,outside,outside,outside,outside,outside,outside,outside,outside,outside,outside,outside,outside,outside,outside,bedroom_2,kitchen,kitchen,bedroom_3,bedroom_3,bedroom_3,bedroom_3,kitchen,kitchen,kitchen,bedroom_3,kitchen,living,kitchen,entry,entry,kitchen,kitchen,outside,living,living,kitchen,kitchen,entry,living,living,bedroom_3,kitchen,kitchen,kitchen,kitchen,entry,bedroom_1,kitchen,bedroom_2
28200,d19 Sat 14:00,living,living,kitchen,living,bathroom,kitchen,entry,living,entry,entry,bedroom_2,living,entry,bedroom_2,entry,kitchen,kitchen,entry,kitchen,entry,bedroom_2,entry,kitchen,kitchen,entry,bedroom_2,kitchen,kitchen,bedroom_3,bedroom_3,bedroom_3,bedroom_3,kitchen,kitchen,kitchen,bedroom_3,kitchen,kitchen,kitchen,entry,entry,kitchen,kitchen,living,living,living,kitchen,kitchen,kitchen,living,living,bedroom_3,kitchen,kitchen,kitchen,kitchen,entry,bedroom_1,kitchen,bedroom_2
28260,d19 Sat 15:00,living,living,living,living,bathroom,kitchen,bedroom_3,living,entry,entry,bedroom_2,living,entry,bedroom_2,entry,kitchen,kitchen,entry,kitchen,entry,bedroom_2,entry,kitchen,kitchen,kitchen,bedroom_2,kitchen,kitchen,bedroom_3,bedroom_3,bedroom_3,bedroom_3,kitchen,kitchen,kitchen,bedroom_3,kitchen,kitchen,kitchen,entry,entry,kitchen,kitchen,living,living,living,kitchen,kitchen,kitchen,living,living,living,kitchen,kitchen,kitchen,kitchen,entry,bedroom_1,kitchen,bedroom_2
28320,d19 Sat 16:00,living,living,kitchen,living,bathroom,kitchen,entry,living,entry,entry,bedroom_2,living,entry,bedroom_2,entry,kitchen,kitchen,entry,kitchen,entry,bedroom_2,entry,kitchen,kitchen,kitchen,bedroom_2,kitchen,kitchen,bedroom_3,bedroom_3,bedroom_3,bedroom_3,kitchen,kitchen,kitchen,bedroom_3,kitchen,kitchen,kitchen,entry,entry,kitchen,kitchen,living,living,living,kitchen,kitchen,kitchen,living,living,living,kitchen,kitchen,kitchen,kitchen,entry,bedroom_1,kitchen,bedroom_2
28380,d19 Sat 17:00,living,living,kitchen,living,bathroom,kitchen,entry,living,entry,entry,bedroom_2,living,entry,bedroom_2,entry,kitchen,kitchen,entry,kitchen,entry,bedroom_2,entry,kitchen,kitchen,kitchen,bedroom_2,kitchen,kitchen,bedroom_3,bedroom_3,bedroom_3,bedroom_3,kitchen,kitchen,kitchen,bedroom_3,kitchen,kitchen,kitchen,entry,entry,kitchen,kitchen,living,living,living,kitchen,kitchen,kitchen,living,living,living,kitchen,kitchen,kitchen,kitchen,entry,bedroom_1,kitchen,bedroom_2
28440,d19 Sat 18:00,living,living,kitchen,living,bathroom,kitchen,entry,living,entry,entry,bedroom_2,living,entry,bedroom_2,entry,kitchen,kitchen,entry,kitchen,entry,bedroom_2,entry,kitchen,kitchen,kitchen,bedroom_2,kitchen,kitchen,bedroom_3,bedroom_3,bedroom_3,bedroom_3,kitchen,kitchen,kitchen,bedroom_3,kitchen,kitchen,kitchen,entry,entry,kitchen,kitchen,kitchen,living,living,kitchen,kitchen,kitchen,living,living,living,kitchen,kitchen,kitchen,kitchen,entry,bedroom_1,kitchen,bedroom_2
28500,d19 Sat 19:00,living,living,kitchen,living,bathroom,kitchen,entry,living,entry,entry,bedroom_2,living,entry,bedroom_2,entry,kitchen,kitchen,entry,kitchen,entry,bedroom_2,entry,kitchen,kitchen,kitchen,bedroom_2,kitchen,kitchen,bedroom_3,bedroom_3,bedroom_3,bedroom_3,kitchen,kitchen,kitchen,living,kitchen,kitchen,kitchen,entry,entry,kitchen,kitchen,kitchen,living,living,kitchen,kitchen,kitchen,living,living,living,kitchen,kitchen,kitchen,kitchen,entry,bedroom_1,kitchen,bedroom_2
28560,d19 Sat 20:00,living,living,kitchen,living,bathroom,kitchen,entry,living,entry,entry,bedroom_2,living,entry,bedroom_2,entry,kitchen,kitchen,entry,kitchen,entry,bedroom_2,entry,living,kitchen,kitchen,bedroom_2,kitchen,kitchen,kitchen,bedroom_3,bedroom_3,bedroom_3,kitchen,kitchen,kitchen,living,kitchen,kitchen,kitchen,entry,entry,kitchen,kitchen,kitchen,living,living,kitchen,kitchen,kitchen,living,living,living,kitchen,kitchen,kitchen,kitchen,entry,bedroom_1,kitchen,bedroom_2
28620,d19 Sat 21:00,living,living,kitchen,living,bathroom,kitchen,entry,living,entry,entry,bedroom_2,living,entry,bedroom_2,entry,kitchen,kitchen,entry,kitchen,entry,bedroom_2,entry,living,kitchen,kitchen,bedroom_2,kitchen,kitchen,kitchen,bedroom_3,bedroom_3,bedroom_3,kitchen,kitchen,kitchen,living,kitchen,kitchen,kitchen,entry,entry,kitchen,kitchen,kitchen,living,living,kitchen,kitchen,kitchen,living,living,living,kitchen,kitchen,kitchen,kitchen,entry,bedroom_1,kitchen,bedroom_2
28680,d19 Sat 22:00,living,living,kitchen,living,bathroom,kitchen,entry,living,entry,entry,bedroom_2,kitchen,entry,bedroom_2,entry,kitchen,kitchen,kitchen,kitchen,entry,bedroom_2,entry,bedroom_2,kitchen,kitchen,bedroom_2,kitchen,kitchen,kitchen,bedroom_3,bedroom_3,kitchen,kitchen,kitchen,kitchen,living,kitchen,kitchen,kitchen,entry,entry,kitchen,kitchen,kitchen,living,living,kitchen,kitchen,kitchen,living,living,living,kitchen,kitchen,kitchen,kitchen,entry,bedroom_1,kitchen,bedroom_2
28740,d19 Sat 23:00,living,living,kitchen,living,bathroom,kitchen,entry,living,entry,entry,bedroom_2,kitchen,entry,bedroom_2,entry,kitchen,kitchen,kitchen,kitchen,entry,bedroom_2,entry,bedroom_2,kitchen,kitchen,bedroom_2,kitchen,kitchen,kitchen,bedroom_3,bedroom_3,kitchen,kitchen,kitchen,kitchen,kitchen,kitchen,kitchen,kitchen,entry,entry,kitchen,kitchen,kitchen,living,living,kitchen,kitchen,kitchen,living,living,living,kitchen,kitchen,kitchen,kitchen,entry,bedroom_1,kitchen,bedroom_2
28800,d20 Sun 00:00,living,living,kitchen,living,bathroom,kitchen,entry,living,entry,entry,bedroom_2,kitchen,entry,bedroom_2,entry,kitchen,kitchen,kitchen,kitchen,entry,bedroom_2,entry,bedroom_2,kitchen,kitchen,bedroom_2,kitchen,kitchen,kitchen,bedroom_3,bedroom_3,kitchen,kitchen,kitchen,kitchen,kitchen,kitchen,kitchen,kitchen,entry,entry,kitchen,kitchen,kitchen,living,living,kitchen,kitchen,kitchen,living,living,living,kitchen,kitchen,kitchen,kitchen,entry,bedroom_1,kitchen,bedroom_2
28860,d20 Sun 01:00,living,living,kitchen,living,bathroom,kitchen,entry,living,entry,entry,bedroom_2,kitchen,entry,bedroom_2,entry,kitchen,kitchen,kitchen,kitchen,entry,bedroom_2,entry,bedroom_2,kitchen,kitchen,bedroom_2,kitchen,kitchen,kitchen,bedroom_3,bedroom_3,kitchen,kitchen,kitchen,kitchen,kitchen,kitchen,kitchen,kitchen,entry,entry,kitchen,kitchen,kitchen,living,living,kitchen,kitchen,kitchen,living,living,living,kitchen,kitchen,kitchen,kitchen,entry,bedroom_1,kitchen,bedroom_2
28920,d20 Sun 02:00,living,living,kitchen,living,bathroom,kitchen,entry,living,entry,entry,bedroom_2,kitchen,entry,bedroom_2,entry,kitchen,kitchen,kitchen,kitchen,entry,bedroom_2,entry,bedroom_2,kitchen,kitchen,bedroom_2,kitchen,kitchen,kitchen,bedroom_3,bedroom_3,kitchen,kitchen,kitchen,kitchen,kitchen,kitchen,kitchen,kitchen,entry,entry,kitchen,kitchen,kitchen,living,living,kitchen,kitchen,kitchen,living,living,living,kitchen,kitchen,kitchen,kitchen,entry,bedroom_1,kitchen,bedroom_2
28980,d20 Sun 03:00,living,living,kitchen,living,bathroom,kitchen,entry,living,entry,entry,bedroom_2,kitchen,entry,bedroom_2,entry,kitchen,kitchen,kitchen,kitchen,entry,bedroom_2,entry,bedroom_2,kitchen,kitchen,bedroom_2,kitchen,kitchen,kitchen,bedroom_3,bedroom_3,kitchen,kitchen,kitchen,kitchen,kitchen,kitchen,kitchen,kitchen,entry,entry,kitchen,kitchen,kitchen,living,living,kitchen,kitchen,kitchen,living,living,living,kitchen,kitchen,kitchen,kitchen,entry,bedroom_1,kitchen,bedroom_2
29040,d20 Sun 04:00,living,living,kitchen,living,bathroom,kitchen,entry,living,entry,entry,bedroom_2,kitchen,entry,bedroom_2,entry,kitchen,kitchen,kitchen,kitchen,entry,bedroom_2,entry,bedroom_2,kitchen,kitchen,bedroom_2,kitchen,kitchen,kitchen,bedroom_3,bedroom_3,kitchen,kitchen,kitchen,kitchen,kitchen,kitchen,kitchen,kitchen,entry,entry,kitchen,kitchen,kitchen,living,living,kitchen,kitchen,kitchen,living,living,living,kitchen,kitchen,kitchen,kitchen,entry,bedroom_1,kitchen,bedroom_2
29100,d20 Sun 05:00,living,living,kitchen,living,bathroom,kitchen,entry,living,entry,entry,bedroom_2,kitchen,entry,bedroom_2,entry,kitchen,kitchen,kitchen,kitchen,entry,bedroom_2,entry,bedroom_2,kitchen,kitchen,bedroom_2,kitchen,kitchen,kitchen,bedroom_3,bedroom_3,kitchen,kitchen,kitchen,kitchen,kitchen,kitchen,kitchen,kitchen,entry,entry,kitchen,kitchen,kitchen,living,living,kitchen,kitchen,kitchen,living,living,living,kitchen,kitchen,kitchen,kitchen,entry,bedroom_1,kitchen,bedroom_2
29160,d20 Sun 06:00,living,living,kitchen,living,bathroom,kitchen,entry,living,entry,entry,bedroom_2,kitchen,entry,bedroom_2,entry,kitchen,kitchen,kitchen,kitchen,entry,bedroom_2,entry,bedroom_2,kitchen,kitchen,bedroom_2,kitchen,kitchen,kitchen,bedroom_3,bedroom_3,kitchen,kitchen,kitchen,kitchen,kitchen,kitchen,kitchen,kitchen,entry,entry,kitchen,kitchen,kitchen,living,living,kitchen,kitchen,kitchen,living,living,living,kitchen,kitchen,kitchen,kitchen,entry,bedroom_1,kitchen,bedroom_2
29220,d20 Sun 07:00,living,living,kitchen,living,bathroom,kitchen,entry,living,entry,entry,bedroom_2,kitchen,entry,bedroom_2,entry,kitchen,kitchen,kitchen,kitchen,entry,bedroom_2,entry,bedroom_2,kitchen,kitchen,bedroom_2,kitchen,kitchen,kitchen,bedroom_3,bedroom_3,kitchen,kitchen,kitchen,kitchen,kitchen,kitchen,kitchen,kitchen,entry,entry,kitchen,kitchen,kitchen,living,living,kitchen,kitchen,kitchen,living,living,living,kitchen,kitchen,kitchen,kitchen,entry,bedroom_1,kitchen,bedroom_2
29280,d20 Sun 08:00,living,living,kitchen,living,bathroom,kitchen,entry,living,entry,entry,bedroom_2,kitchen,entry,bedroom_2,entry,kitchen,kitchen,kitchen,kitchen,entry,bedroom_2,entry,bedroom_2,kitchen,kitchen,bedroom_3,kitchen,kitchen,kitchen,bedroom_3,bedroom_3,kitchen,kitchen,kitchen,kitchen,kitchen,kitchen,kitchen,kitchen,entry,entry,kitchen,kitchen,kitchen,living,living,kitchen,kitchen,kitchen,living,living,living,kitchen,kitchen,kitchen,kitchen,entry,bedroom_1,kitchen,bedroom_2
29340,d20 Sun 09:00,living,living,kitchen,living,bathroom,kitchen,entry,living,entry,entry,bedroom_2,kitchen,entry,bedroom_2,entry,kitchen,kitchen,kitchen,kitchen,entry,bedroom_2,entry,bedroom_2,kitchen,kitchen,bedroom_2,kitchen,kitchen,kitchen,kitchen,bedroom_3,kitchen,kitchen,kitchen,kitchen,kitchen,kitchen,kitchen,kitchen,entry,entry,kitchen,kitchen,kitchen,living,living,kitchen,kitchen,kitchen,living,living,living,kitchen,kitchen,kitchen,kitchen,entry,bedroom_1,kitchen,bedroom_2
29400,d20 Sun 10:00,living,living,kitchen,living,bathroom,kitchen,entry,living,entry,entry,bedroom_2,kitchen,entry,bedroom_2,entry,kitchen,kitchen,kitchen,kitchen,entry,bedroom_2,entry,bedroom_2,kitchen,kitchen,bedroom_2,kitchen,kitchen,kitchen,kitchen,bedroom_3,kitchen,kitchen,kitchen,kitchen,kitchen,kitchen,kitchen,kitchen,entry,entry,kitchen,kitchen,kitchen,living,living,kitchen,kitchen,kitchen,living,living,living,kitchen,kitchen,kitchen,kitchen,entry,bedroom_1,kitchen,bedroom_2
29460,d20 Sun 11:00,living,living,kitchen,living,bathroom,kitchen,entry,living,entry,entry,bedroom_2,living,entry,bedroom_2,entry,kitchen,kitchen,entry,kitchen,entry,bedroom_2,entry,bedroom_2,kitchen,kitchen,bedroom_2,kitchen,kitchen,bedroom_3,bedroom_3,bedroom_3,bedroom_3,kitchen,kitchen,kitchen,kitchen,kitchen,kitchen,outside,outside,kitchen,outside,outside,outside,living,living,kitchen,kitchen,outside,living,living,living,kitchen,kitchen,kitchen,kitchen,entry,bedroom_1,entry,bedroom_2
29520,d20 Sun 12:00,outside,outside,kitchen,living,bathroom,outside,entry,outside,outside,outside,bedroom_2,living,entry,bedroom_2,entry,kitchen,kitchen,entry,kitchen,entry,bedroom_2,entry,bedroom_2,kitchen,kitchen,bedroom_2,kitchen,kitchen,bedroom_3,bedroom_3,bedroom_3,bedroom_3,kitchen,kitchen,kitchen,kitchen,kitchen,kitchen,kitchen,kitchen,kitchen,kitchen,kitchen,living,living,living,kitchen,kitchen,entry,living,living,living,kitchen,kitchen,kitchen,kitchen,entry,bedroom_1,entry,bedroom_2
29580,d20 Sun 13:00,living,living,kitchen,living,bathroom,kitchen,entry,living,entry,bedroom_1,bedroom_2,living,entry,bedroom_2,kitchen,kitchen,kitchen,entry,kitchen,entry,bedroom_2,entry,kitchen,kitchen,kitchen,bedroom_2,kitchen,kitchen,bedroom_3,bedroom_3,bedroom_3,bedroom_3,kitchen,kitchen,kitchen,kitchen,kitchen,kitchen,kitchen,kitchen,kitchen,kitchen,kitchen,living,living,bedroom_4,kitchen,kitchen,entry,living,living,living,kitchen,kitchen,kitchen,kitchen,entry,bedroom_1,entry,bedroom_2
29640,d20 Sun 14:00,living,living,kitchen,living,bathroom,kitchen,entry,living,entry,bedroom_1,bedroom_2,living,entry,bedroom_2,kitchen,kitchen,kitchen,entry,kitchen,entry,bedroom_2,entry,kitchen,kitchen,kitchen,bedroom_2,kitchen,kitchen,bedroom_3,bedroom_3,bedroom_3,bedroom_3,kitchen,kitchen,kitchen,kitchen,kitchen,kitchen,kitchen,kitchen,kitchen,kitchen,kitchen,living,living,living,kitchen,kitchen,entry,living,living,living,kitchen,kitchen,kitchen,kitchen,entry,bedroom_1,entry,bedroom_2
29700,d20 Sun 15:00,living,living,kitchen,living,bathroom,kitchen,entry,living,entry,bedroom_1,bedroom_2,living,entry,bedroom_2,kitchen,kitchen,kitchen,entry,kitchen,entry,bedroom_2,kitchen,living,kitchen,kitchen,bedroom_2,kitchen,kitchen,bedroom_3,bedroom_3,bedroom_3,bedroom_3,kitchen,kitchen,kitchen,kitchen,kitchen,kitchen,kitchen,kitchen,kitchen,kitchen,kitchen,kitchen,living,living,kitchen,kitchen,entry,living,living,living,kitchen,kitchen,kitchen,kitchen,entry,bedroom_1,entry,bedroom_2
29760,d20 Sun 16:00,living,living,kitchen,living,bathroom,kitchen,entry,living,entry,bedroom_1,bedroom_2,living,entry,bedroom_2,kitchen,kitchen,kitchen,entry,kitchen,entry,bedroom_2,kitchen,kitchen,kitchen,kitchen,bedroom_2,kitchen,kitchen,bedroom_3,bedroom_3,bedroom_3,bedroom_3,kitchen,kitchen,kitchen,bedroom_3,kitchen,kitchen,kitchen,kitchen,kitchen,kitchen,kitchen,kitchen,living,bedroom_4,kitchen,bedroom_4,entry,living,living,living,kitchen,kitchen,kitchen,kitchen,entry,bedroom_1,entry,bedroom_2
29820,d20 Sun 17:00,living,living,kitchen,living,bathroom,kitchen,entry,living,entry,bedroom_1,kitchen,living,entry,bedroom_2,kitchen,kitchen,kitchen,entry,kitchen,entry,bedroom_2,kitchen,kitchen,kitchen,kitchen,bedroom_2,kitchen,kitchen,bedroom_3,bedroom_3,bedroom_3,bedroom_3,kitchen,kitchen,kitchen,kitchen,kitchen,kitchen,kitchen,kitchen,kitchen,kitchen,kitchen,kitchen,living,bedroom_4,kitchen,bedroom_4,entry,living,living,living,kitchen,kitchen,kitchen,kitchen,entry,bedroom_1,entry,bedroom_2
29880,d20 Sun 18:00,living,living,kitchen,living,bathroom,kitchen,entry,living,entry,bedroom_1,kitchen,living,entry,bedroom_2,kitchen,kitchen,kitchen,entry,kitchen,entry,bedroom_2,kitchen,kitchen,kitchen,kitchen,bedroom_2,kitchen,kitchen,bedroom_3,bedroom_3,bedroom_3,bedroom_3,kitchen,kitchen,kitchen,kitchen,kitchen,kitchen,kitchen,kitchen,kitchen,kitchen,kitchen,kitchen,living,bedroom_4,kitchen,bedroom_4,entry,living,living,living,kitchen,kitchen,kitchen,kitchen,entry,bedroom_1,entry,bedroom_2
29940,d20 Sun 19:00,living,living,kitchen,living,bathroom,kitchen,entry,living,entry,bedroom_1,kitchen,living,entry,bedroom_2,kitchen,kitchen,kitchen,entry,kitchen,entry,bedroom_2,kitchen,kitchen,kitchen,kitchen,bedroom_2,kitchen,kitchen,bedroom_3,kitchen,bedroom_3,bedroom_3,kitchen,kitchen,kitchen,kitchen,kitchen,kitchen,kitchen,kitchen,kitchen,kitchen,kitchen,kitchen,living,bedroom_4,kitchen,bedroom_4,entry,living,living,living,kitchen,kitchen,kitchen,kitchen,entry,bedroom_1,entry,bedroom_2
30000,d20 Sun 20:00,living,living,kitchen,living,bathroom,kitchen,entry,living,entry,bedroom_1,kitchen,living,entry,bedroom_2,kitchen,kitchen,kitchen,entry,kitchen,entry,bedroom_2,kitchen,bedroom_2,kitchen,kitchen,bedroom_2,kitchen,kitchen,bedroom_3,kitchen,bedroom_3,bedroom_3,kitchen,kitchen,kitchen,kitchen,kitchen,kitchen,kitchen,kitchen,kitchen,kitchen,kitchen,kitchen,living,bedroom_4,kitchen,bedroom_4,entry,living,living,living,kitchen,kitchen,kitchen,kitchen,entry,bedroom_1,entry,bedroom_2
30060,d20 Sun 21:00,living,living,kitchen,living,bathroom,kitchen,entry,living,entry,bedroom_1,kitchen,living,entry,bedroom_2,kitchen,kitchen,kitchen,entry,kitchen,entry,bedroom_2,kitchen,bedroom_2,kitchen,kitchen,bedroom_2,kitchen,kitchen,bedroom_3,kitchen,bedroom_3,bedroom_3,kitchen,kitchen,kitchen,bedroom_3,kitchen,kitchen,kitchen,kitchen,kitchen,kitchen,kitchen,kitchen,living,bedroom_4,kitchen,bedroom_4,entry,living,living,living,kitchen,kitchen,kitchen,kitchen,entry,bedroom_1,entry,bedroom_2
30120,d20 Sun 22:00,living,living,kitchen,living,bathroom,kitchen,entry,living,entry,bedroom_1,kitchen,living,entry,bedroom_2,kitchen,kitchen,kitchen,entry,kitchen,entry,bedroom_2,kitchen,bedroom_2,kitchen,kitchen,bedroom_2,kitchen,kitchen,bedroom_3,kitchen,bedroom_3,bedroom_3,kitchen,kitchen,kitchen,bedroom_3,kitchen,kitchen,kitchen,kitchen,kitchen,kitchen,kitchen,kitchen,living,bedroom_4,kitchen,bedroom_4,entry,living,living,living,kitchen,kitchen,kitchen,kitchen,entry,bedroom_1,entry,bedroom_2
30180,d20 Sun 23:00,living,living,kitchen,living,bathroom,kitchen,entry,living,entry,bedroom_1,kitchen,living,entry,bedroom_2,kitchen,kitchen,kitchen,entry,kitchen,entry,bedroom_2,kitchen,bedroom_2,kitchen,kitchen,bedroom_2,kitchen,kitchen,bedroom_3,kitchen,bedroom_3,bedroom_3,kitchen,kitchen,kitchen,bedroom_3,kitchen,kitchen,kitchen,kitchen,kitchen,kitchen,kitchen,kitchen,living,bedroom_4,kitchen,bedroom_4,entry,living,living,living,kitchen,kitchen,kitchen,kitchen,entry,bedroom_1,entry,bedroom_2
30240,d21 Mon 00:00,living,living,kitchen,living,bathroom,kitchen,entry,living,entry,bedroom_1,kitchen,living,entry,bedroom_2,kitchen,kitchen,kitchen,entry,kitchen,entry,bedroom_2,kitchen,bedroom_2,kitchen,kitchen,bedroom_2,kitchen,kitchen,bedroom_3,kitchen,bedroom_3,bedroom_3,kitchen,kitchen,kitchen,bedroom_3,kitchen,kitchen,kitchen,kitchen,kitchen,kitchen,kitchen,kitchen,living,bedroom_4,kitchen,bedroom_4,entry,living,living,living,kitchen,kitchen,kitchen,kitchen,entry,bedroom_1,entry,bedroom_2
30300,d21 Mon 01:00,living,living,kitchen,living,bathroom,kitchen,entry,living,entry,bedroom_1,kitchen,living,entry,bedroom_2,kitchen,kitchen,kitchen,entry,kitchen,entry,bedroom_2,kitchen,bedroom_2,kitchen,kitchen,bedroom_2,kitchen,kitchen,bedroom_3,kitchen,bedroom_3,bedroom_3,kitchen,kitchen,kitchen,bedroom_3,kitchen,kitchen,kitchen,kitchen,kitchen,kitchen,kitchen,kitchen,living,bedroom_4,kitchen,bedroom_4,entry,living,living,living,kitchen,kitchen,kitchen,kitchen,entry,bedroom_1,entry,bedroom_2
30360,d21 Mon 02:00,living,living,kitchen,living,bathroom,kitchen,entry,living,entry,bedroom_1,kitchen,living,entry,bedroom_2,kitchen,kitchen,kitchen,entry,kitchen,entry,bedroom_2,kitchen,bedroom_2,kitchen,kitchen,bedroom_2,kitchen,kitchen,bedroom_3,kitchen,bedroom_3,bedroom_3,kitchen,kitchen,kitchen,bedroom_3,kitchen,kitchen,kitchen,kitchen,kitchen,kitchen,kitchen,kitchen,living,bedroom_4,kitchen,bedroom_4,entry,living,living,living,kitchen,kitchen,kitchen,kitchen,entry,bedroom_1,entry,bedroom_2
30420,d21 Mon 03:00,living,living,kitchen,living,bathroom,kitchen,entry,living,entry,bedroom_1,kitchen,living,entry,bedroom_2,kitchen,kitchen,kitchen,entry,kitchen,entry,bedroom_2,kitchen,bedroom_2,kitchen,kitchen,bedroom_2,kitchen,kitchen,bedroom_3,kitchen,bedroom_3,bedroom_3,kitchen,kitchen,kitchen,bedroom_3,kitchen,kitchen,kitchen,kitchen,kitchen,kitchen,kitchen,kitchen,living,bedroom_4,kitchen,bedroom_4,entry,living,living,living,kitchen,kitchen,kitchen,kitchen,entry,bedroom_1,entry,bedroom_2
30480,d21 Mon 04:00,living,living,kitchen,living,bathroom,kitchen,entry,living,entry,bedroom_1,kitchen,living,entry,bedroom_2,kitchen,kitchen,kitchen,entry,kitchen,entry,bedroom_2,kitchen,bedroom_2,kitchen,kitchen,bedroom_2,kitchen,kitchen,bedroom_3,kitchen,bedroom_3,bedroom_3,kitchen,kitchen,kitchen,bedroom_3,kitchen,kitchen,kitchen,kitchen,kitchen,kitchen,kitchen,kitchen,living,bedroom_4,kitchen,bedroom_4,entry,living,living,living,kitchen,kitchen,kitchen,kitchen,entry,bedroom_1,entry,bedroom_2
30540,d21 Mon 05:00,living,living,kitchen,living,bathroom,kitchen,entry,living,entry,bedroom_1,kitchen,living,entry,bedroom_2,kitchen,kitchen,kitchen,entry,kitchen,entry,bedroom_2,kitchen,bedroom_2,kitchen,kitchen,bedroom_2,bathroom,kitchen,bedroom_3,bedroom_3,bedroom_3,bedroom_3,kitchen,kitchen,kitchen,bedroom_3,kitchen,kitchen,kitchen,kitchen,kitchen,kitchen,kitchen,kitchen,living,bedroom_4,kitchen,bedroom_4,entry,living,living,living,kitchen,kitchen,kitchen,kitchen,entry,bedroom_1,entry,bedroom_2
30600,d21 Mon 06:00,living,living,kitchen,living,bathroom,kitchen,entry,living,entry,bedroom_1,kitchen,living,entry,bedroom_2,kitchen,entry,kitchen,entry,kitchen,entry,bedroom_2,kitchen,kitchen,kitchen,kitchen,bathroom,bedroom_2,kitchen,bedroom_3,bedroom_3,bedroom_3,bedroom_3,kitchen,kitchen,kitchen,bedroom_3,kitchen,kitchen,kitchen,kitchen,kitchen,kitchen,kitchen,kitchen,living,bedroom_4,kitchen,bedroom_4,entry,living,living,living,kitchen,kitchen,kitchen,kitchen,entry,bedroom_1,entry,bedroom_2
30660,d21 Mon 07:00,living,living,kitchen,living,bathroom,kitchen,entry,living,entry,bedroom_1,kitchen,living,kitchen,bedroom_2,kitchen,entry,kitchen,entry,kitchen,entry,bedroom_2,kitchen,kitchen,kitchen,kitchen,bathroom,bedroom_2,kitchen,bedroom_3,kitchen,bedroom_3,bedroom_3,kitchen,kitchen,kitchen,kitchen,kitchen,kitchen,kitchen,kitchen,kitchen,kitchen,kitchen,kitchen,living,bedroom_4,kitchen,bedroom_4,entry,kitchen,living,living,kitchen,kitchen,kitchen,kitchen,entry,bedroom_1,entry,bedroom_2
30720,d21 Mon 08:00,living,living,kitchen,living,bathroom,kitchen,entry,living,entry,bedroom_1,outside,outside,outside,outside,outside,outside,outside,outside,outside,outside,outside,outside,outside,outside,outside,entry,bedroom_2,kitchen,outside,outside,outside,outside,outside,kitchen,kitchen,outside,outside,kitchen,kitchen,kitchen,kitchen,kitchen,kitchen,kitchen,living,living,kitchen,bedroom_4,entry,kitchen,living,living,kitchen,kitchen,kitchen,kitchen,entry,bedroom_1,entry,bedroom_2
30780,d21 Mon 09:00,living,living,kitchen,living,bathroom,kitchen,entry,living,entry,bedroom_1,outside,outside,outside,outside,outside,outside,outside,outside,outside,outside,outside,outside,outside,outside,outside,bathroom,bedroom_2,kitchen,outside,outside,outside,outside,outside,kitchen,kitchen,outside,outside,kitchen,outside,outside,outside,outside,outside,outside,living,bedroom_4,kitchen,bedroom_4,outside,kitchen,living,living,kitchen,kitchen,kitchen,kitchen,entry,bedroom_1,entry,bedroom_2
30840,d21 Mon 10:00,living,living,kitchen,living,bathroom,kitchen,entry,living,entry,bedroom_1,outside,outside,outside,outside,outside,outside,outside,outside,outside,outside,kitchen,outside,outside,outside,outside,bathroom,bedroom_2,kitchen,outside,outside,outside,outside,outside,kitchen,kitchen,outside,outside,kitchen,outside,outside,outside,outside,outside,outside,living,bedroom_4,kitchen,bedroom_4,outside,kitchen,living,living,kitchen,kitchen,kitchen,kitchen,entry,bedroom_1,entry,bedroom_2
30900,d21 Mon 11:00,living,living,kitchen,living,bathroom,kitchen,entry,living,entry,bedroom_1,outside,outside,outside,outside,outside,outside,outside,outside,outside,outside,kitchen,outside,outside,outside,outside,bathroom,bedroom_2,kitchen,outside,outside,outside,outside,outside,kitchen,kitchen,outside,outside,kitchen,outside,outside,outside,outside,outside,outside,living,bedroom_4,kitchen,bedroom_4,outside,kitchen,living,living,kitchen,kitchen,kitchen,kitchen,entry,bedroom_1,entry,bedroom_2
30960,d21 Mon 12:00,living,living,kitchen,living,bathroom,kitchen,entry,living,entry,bedroom_1,outside,outside,outside,outside,outside,outside,outside,outside,outside,outside,kitchen,outside,outside,outside,outside,bathroom,bedroom_2,kitchen,outside,outside,outside,outside,outside,kitchen,kitchen,outside,outside,kitchen,outside,outside,outside,outside,outside,outside,living,bedroom_4,kitchen,bedroom_4,outside,kitchen,living,living,kitchen,kitchen,kitchen,kitchen,entry,bedroom_1,entry,bedroom_2
31020,d21 Mon 13:00,living,living,kitchen,living,bathroom,kitchen,entry,living,entry,bedroom_1,outside,outside,outside,outside,outside,outside,outside,outside,outside,outside,kitchen,outside,outside,outside,outside,bathroom,bedroom_2,kitchen,outside,outside,outside,outside,outside,kitchen,kitchen,outside,outside,kitchen,outside,outside,outside,outside,outside,outside,living,living,kitchen,bedroom_4,outside,kitchen,living,living,kitchen,kitchen,kitchen,kitchen,entry,bedroom_1,entry,bedroom_2
31080,d21 Mon 14:00,living,living,kitchen,living,bathroom,kitchen,entry,living,entry,bedroom_1,outside,outside,outside,outside,outside,outside,outside,outside,outside,outside,kitchen,outside,outside,outside,outside,bathroom,bedroom_2,kitchen,outside,outside,outside,outside,outside,kitchen,kitchen,outside,outside,kitchen,outside,outside,outside,outside,outside,outside,living,living,kitchen,bedroom_4,outside,kitchen,living,living,kitchen,kitchen,kitchen,kitchen,entry,bedroom_1,entry,bedroom_2
31140,d21 Mon 15:00,living,living,kitchen,living,bathroom,kitchen,entry,living,entry,bedroom_1,outside,outside,outside,outside,outside,outside,outside,outside,kitchen,entry,entry,kitchen,kitchen,kitchen,entry,bathroom,bedroom_2,kitchen,outside,outside,outside,outside,outside,kitchen,kitchen,outside,outside,kitchen,outside,outside,outside,outside,outside,outside,living,living,kitchen,kitchen,outside,kitchen,living,living,kitchen,kitchen,kitchen,kitchen,entry,bedroom_1,entry,entry
31200,d21 Mon 16:00,living,living,kitchen,living,bathroom,kitchen,entry,living,entry,bedroom_1,outside,outside,outside,outside,outside,outside,outside,outside,kitchen,entry,entry,kitchen,kitchen,kitchen,entry,bathroom,bedroom_2,kitchen,bedroom_3,bedroom_3,entry,kitchen,kitchen,kitchen,kitchen,kitchen,entry,kitchen,kitchen,kitchen,entry,kitchen,kitchen,outside,living,living,kitchen,kitchen,entry,kitchen,living,living,kitchen,kitchen,kitchen,kitchen,entry,bedroom_1,entry,entry
31260,d21 Mon 17:00,living,living,kitchen,living,bathroom,kitchen,entry,living,entry,bedroom_1,bedroom_2,kitchen,entry,entry,entry,kitchen,kitchen,entry,kitchen,entry,entry,entry,kitchen,kitchen,entry,bathroom,bedroom_2,kitchen,bedroom_3,bedroom_3,entry,kitchen,kitchen,kitchen,kitchen,kitchen,entry,kitchen,kitchen,kitchen,entry,kitchen,kitchen,living,living,living,kitchen,kitchen,entry,kitchen,living,living,kitchen,kitchen,kitchen,kitchen,entry,bedroom_1,entry,bedroom_2
31320,d21 Mon 18:00,living,living,kitchen,living,bathroom,kitchen,entry,living,entry,bedroom_1,bedroom_2,kitchen,entry,entry,entry,kitchen,kitchen,entry,kitchen,entry,entry,entry,kitchen,kitchen,entry,bathroom,bedroom_2,kitchen,bedroom_3,bedroom_3,entry,kitchen,kitchen,kitchen,bedroom_3,kitchen,kitchen,kitchen,kitchen,kitchen,entry,kitchen,kitchen,living,living,living,kitchen,kitchen,entry,kitchen,living,living,kitchen,kitchen,kitchen,kitchen,entry,bedroom_1,entry,bedroom_2
31380,d21 Mon 19:00,living,living,kitchen,living,bathroom,kitchen,entry,living,entry,bedroom_1,bedroom_2,kitchen,entry,entry,entry,kitchen,kitchen,entry,kitchen,entry,entry,entry,kitchen,kitchen,entry,bathroom,bedroom_2,kitchen,bedroom_3,bedroom_3,entry,kitchen,kitchen,kitchen,bedroom_3,bedroom_3,kitchen,kitchen,kitchen,bathroom,entry,kitchen,kitchen,living,living,bedroom_4,bathroom,kitchen,entry,kitchen,living,living,kitchen,kitchen,kitchen,kitchen,entry,bedroom_1,entry,bedroom_2
31440,d21 Mon 20:00,living,living,kitchen,living,bathroom,kitchen,entry,living,entry,bedroom_1,bedroom_2,kitchen,entry,entry,entry,kitchen,kitchen,entry,kitchen,entry,entry,entry,bedroom_2,kitchen,entry,bathroom,bedroom_2,kitchen,bedroom_3,bedroom_3,entry,kitchen,kitchen,kitchen,bedroom_3,bedroom_3,kitchen,kitchen,kitchen,bedroom_4,entry,kitchen,kitchen,living,living,bedroom_4,bedroom_4,kitchen,entry,kitchen,living,living,kitchen,kitchen,kitchen,kitchen,entry,bedroom_1,entry,bedroom_2
31500,d21 Mon 21:00,living,living,kitchen,living,bathroom,kitchen,entry,living,entry,bedroom_1,bedroom_2,kitchen,entry,entry,entry,kitchen,kitchen,entry,kitchen,entry,entry,entry,bedroom_2,kitchen,entry,bathroom,bedroom_2,kitchen,bedroom_3,bedroom_3,entry,kitchen,kitchen,kitchen,bedroom_3,bedroom_3,kitchen,kitchen,kitchen,bedroom_4,kitchen,kitchen,kitchen,living,living,bedroom_4,bedroom_4,kitchen,entry,kitchen,living,living,kitchen,kitchen,kitchen,kitchen,entry,bedroom_1,entry,bedroom_2
31560,d21 Mon 22:00,living,living,kitchen,living,bathroom,kitchen,entry,living,entry,bedroom_1,bedroom_2,kitchen,entry,entry,entry,kitchen,kitchen,entry,kitchen,entry,entry,entry,bedroom_2,kitchen,entry,bathroom,bedroom_2,kitchen,bedroom_3,bedroom_3,entry,kitchen,kitchen,kitchen,bedroom_3,bedroom_3,kitchen,kitchen,kitchen,bedroom_4,kitchen,kitchen,kitchen,living,living,bedroom_4,bedroom_4,kitchen,entry,kitchen,living,living,kitchen,kitchen,kitchen,kitchen,entry,bedroom_1,entry,bedroom_2
31620,d21 Mon 23:00,living,living,kitchen,living,bathroom,kitchen,entry,living,entry,bedroom_1,bedroom_2,kitchen,entry,entry,entry,kitchen,kitchen,entry,kitchen,entry,entry,entry,bedroom_2,kitchen,entry,bathroom,bedroom_2,kitchen,bedroom_3,bedroom_3,entry,kitchen,kitchen,kitchen,bedroom_3,bedroom_3,kitchen,kitchen,kitchen,bedroom_4,kitchen,kitchen,kitchen,living,living,bedroom_4,bedroom_4,kitchen,entry,kitchen,living,living,kitchen,kitchen,kitchen,kitchen,entry,bedroom_1,entry,bedroom_2
31680,d22 Tue 00:00,living,living,kitchen,living,bathroom,kitchen,entry,living,entry,bedroom_1,bedroom_2,kitchen,entry,entry,entry,kitchen,kitchen,entry,kitchen,entry,entry,entry,bedroom_2,kitchen,entry,bathroom,bedroom_2,kitchen,bedroom_3,bedroom_3,entry,kitchen,kitchen,kitchen,bedroom_3,bedroom_3,kitchen,kitchen,kitchen,bedroom_4,kitchen,kitchen,kitchen,living,living,bedroom_4,bedroom_4,kitchen,entry,kitchen,living,living,kitchen,kitchen,kitchen,kitchen,entry,bedroom_1,entry,bedroom_2
31740,d22 Tue 01:00,living,living,kitchen,living,bathroom,kitchen,entry,living,entry,bedroom_1,bedroom_2,kitchen,entry,entry,entry,kitchen,kitchen,entry,kitchen,entry,entry,entry,bedroom_2,kitchen,entry,bathroom,bedroom_2,kitchen,bedroom_3,bedroom_3,entry,kitchen,kitchen,kitchen,bedroom_3,bedroom_3,kitchen,kitchen,kitchen,bedroom_4,kitchen,kitchen,kitchen,living,living,bedroom_4,bedroom_4,kitchen,entry,kitchen,living,living,kitchen,kitchen,kitchen,kitchen,entry,bedroom_1,entry,bedroom_2
31800,d22 Tue 02:00,living,living,kitchen,living,bathroom,kitchen,entry,living,entry,bedroom_1,bedroom_2,kitchen,entry,entry,entry,kitchen,kitchen,entry,kitchen,entry,entry,entry,bedroom_2,kitchen,entry,bathroom,bedroom_2,kitchen,bedroom_3,bedroom_3,entry,kitchen,kitchen,kitchen,bedroom_3,bedroom_3,kitchen,kitchen,kitchen,bedroom_4,kitchen,kitchen,kitchen,living,living,bedroom_4,bedroom_4,kitchen,entry,kitchen,living,living,kitchen,kitchen,kitchen,kitchen,entry,bedroom_1,entry,bedroom_2
31860,d22 Tue 03:00,living,living,kitchen,living,bathroom,kitchen,entry,living,entry,bedroom_1,bedroom_2,kitchen,entry,entry,entry,kitchen,kitchen,entry,kitchen,entry,entry,entry,bedroom_2,kitchen,entry,bathroom,bedroom_2,kitchen,bedroom_3,bedroom_3,entry,kitchen,kitchen,kitchen,bedroom_3,bedroom_3,kitchen,kitchen,kitchen,bedroom_4,kitchen,kitchen,kitchen,living,living,bedroom_4,bedroom_4,kitchen,entry,kitchen,living,living,kitchen,kitchen,kitchen,kitchen,entry,bedroom_1,entry,bedroom_2
31920,d22 Tue 04:00,living,living,kitchen,living,bathroom,kitchen,entry,living,entry,bedroom_1,bedroom_2,kitchen,entry,entry,entry,kitchen,kitchen,entry,kitchen,entry,entry,entry,bedroom_2,kitchen,entry,bathroom,bedroom_2,kitchen,bedroom_3,bedroom_3,entry,kitchen,kitchen,kitchen,bedroom_3,bedroom_3,kitchen,kitchen,kitchen,bedroom_4,kitchen,kitchen,kitchen,living,living,bedroom_4,bedroom_4,kitchen,entry,kitchen,living,living,kitchen,kitchen,kitchen,kitchen,entry,bedroom_1,entry,bedroom_2
31980,d22 Tue 05:00,living,living,kitchen,living,bathroom,kitchen,entry,living,entry,bedroom_1,bedroom_2,kitchen,entry,entry,entry,kitchen,kitchen,entry,kitchen,entry,entry,entry,bedroom_2,kitchen,entry,bathroom,bathroom,kitchen,bedroom_3,bedroom_3,entry,kitchen,kitchen,kitchen,bedroom_3,bedroom_3,kitchen,kitchen,kitchen,bedroom_4,kitchen,kitchen,kitchen,living,living,bedroom_4,bedroom_4,kitchen,entry,kitchen,living,living,kitchen,kitchen,kitchen,kitchen,entry,bedroom_1,entry,bedroom_2
32040,d22 Tue 06:00,living,living,kitchen,living,kitchen,kitchen,entry,living,entry,bedroom_1,bedroom_2,kitchen,entry,entry,entry,kitchen,kitchen,entry,kitchen,entry,entry,entry,bedroom_2,kitchen,entry,entry,bathroom,kitchen,bedroom_3,bedroom_3,entry,kitchen,kitchen,kitchen,bedroom_3,bedroom_3,kitchen,kitchen,kitchen,bedroom_4,kitchen,kitchen,kitchen,living,living,bedroom_4,bedroom_4,kitchen,entry,kitchen,living,living,kitchen,kitchen,kitchen,kitchen,entry,bedroom_1,entry,bedroom_2
32100,d22 Tue 07:00,living,living,kitchen,living,kitchen,kitchen,entry,living,entry,bedroom_1,outside,outside,outside,outside,outside,outside,outside,outside,kitchen,entry,entry,entry,kitchen,kitchen,entry,bathroom,bathroom,kitchen,bedroom_3,kitchen,entry,kitchen,kitchen,kitchen,bedroom_3,bedroom_3,kitchen,kitchen,kitchen,kitchen,kitchen,kitchen,kitchen,kitchen,living,bedroom_4,kitchen,kitchen,entry,kitchen,kitchen,living,kitchen,kitchen,kitchen,kitchen,entry,bedroom_1,entry,bedroom_2
32160,d22 Tue 08:00,living,living,kitchen,living,kitchen,kitchen,entry,living,entry,bedroom_1,outside,outside,outside,outside,outside,outside,outside,outside,outside,outside,outside,outside,outside,outside,outside,entry,bathroom,kitchen,bedroom_3,bedroom_3,entry,kitchen,kitchen,kitchen,bedroom_3,bedroom_3,kitchen,kitchen,kitchen,outside,kitchen,kitchen,kitchen,kitchen,living,living,outside,kitchen,entry,kitchen,kitchen,living,kitchen,kitchen,kitchen,kitchen,entry,bedroom_1,entry,bedroom_2
32220,d22 Tue 09:00,living,living,kitchen,living,kitchen,kitchen,entry,kitchen,entry,bedroom_1,outside,outside,outside,outside,outside,outside,outside,outside,outside,outside,outside,outside,outside,outside,outside,bathroom,bathroom,kitchen,outside,outside,outside,outside,outside,kitchen,bedroom_3,bedroom_3,outside,kitchen,outside,outside,outside,outside,outside,outside,living,living,outside,kitchen,outside,kitchen,kitchen,living,kitchen,kitchen,kitchen,kitchen,entry,bedroom_1,entry,bedroom_2
32280,d22 Tue 10:00,living,living,kitchen,living,kitchen,kitchen,living,living,entry,bedroom_1,outside,outside,outside,outside,outside,outside,outside,outside,outside,outside,outside,outside,outside,outside,outside,bathroom,bathroom,kitchen,outside,outside,outside,outside,outside,kitchen,bedroom_3,bedroom_3,outside,kitchen,outside,outside,outside,outside,outside,outside,living,living,outside,kitchen,outside,kitchen,kitchen,living,kitchen,kitchen,kitchen,kitchen,entry,bedroom_1,entry,bedroom_2
32340,d22 Tue 11:00,living,living,kitchen,living,kitchen,kitchen,entry,kitchen,entry,bedroom_1,outside,outside,outside,outside,outside,outside,outside,outside,outside,outside,outside,outside,outside,outside,outside,bathroom,bathroom,kitchen,outside,outside,outside,outside,outside,kitchen,bedroom_3,outside,outside,kitchen,outside,outside,outside,outside,outside,outside,living,living,outside,kitchen,outside,kitchen,kitchen,living,kitchen,kitchen,kitchen,kitchen,entry,bedroom_1,entry,bedroom_2
32400,d22 Tue 12:00,living,living,kitchen,living,kitchen,kitchen,entry,kitchen,entry,bedroom_1,outside,outside,outside,outside,outside,outside,outside,outside,outside,outside,outside,outside,outside,outside,outside,bathroom,bathroom,kitchen,outside,outside,outside,outside,outside,kitchen,bedroom_3,outside,outside,kitchen,outside,outside,outside,outside,outside,outside,living,living,outside,kitchen,outside,kitchen,kitchen,living,kitchen,kitchen,kitchen,kitchen,entry,bedroom_1,entry,bedroom_2
32460,d22 Tue 13:00,living,living,kitchen,living,kitchen,kitchen,entry,living,entry,bedroom_1,outside,outside,outside,outside,outside,outside,outside,outside,outside,outside,outside,outside,outside,outside,outside,bathroom,bathroom,kitchen,outside,outside,outside,outside,outside,kitchen,bedroom_3,outside,outside,kitchen,outside,outside,outside,outside,outside,outside,living,living,outside,kitchen,outside,kitchen,kitchen,living,kitchen,kitchen,kitchen,kitchen,entry,bedroom_1,entry,bedroom_2
32520,d22 Tue 14:00,living,living,kitchen,living,kitchen,kitchen,entry,living,entry,bedroom_1,outside,outside,outside,outside,outside,outside,outside,outside,outside,outside,outside,outside,outside,outside,outside,bathroom,bathroom,kitchen,outside,outside,outside,outside,outside,kitchen,bedroom_3,outside,outside,kitchen,outside,outside,outside,outside,outside,outside,living,living,outside,kitchen,outside,kitchen,kitchen,living,kitchen,kitchen,kitchen,kitchen,entry,bedroom_1,entry,bedroom_2
32580,d22 Tue 15:00,living,living,kitchen,living,kitchen,kitchen,entry,living,entry,bedroom_1,outside,outside,outside,outside,outside,outside,outside,outside,kitchen,entry,bedroom_2,entry,kitchen,kitchen,entry,bathroom,bathroom,kitchen,bedroom_3,bedroom_3,bedroom_3,kitchen,kitchen,kitchen,bedroom_3,entry,kitchen,kitchen,outside,kitchen,entry,kitchen,kitchen,living,living,living,kitchen,kitchen,entry,kitchen,kitchen,living,kitchen,kitchen,kitchen,kitchen,entry,bedroom_1,entry,bedroom_2
32640,d22 Tue 16:00,living,living,kitchen,living,kitchen,kitchen,entry,living,entry,bedroom_1,outside,outside,outside,outside,outside,outside,outside,outside,kitchen,entry,bedroom_2,entry,kitchen,kitchen,entry,bathroom,bathroom,kitchen,bedroom_3,bedroom_3,bedroom_3,kitchen,kitchen,kitchen,kitchen,kitchen,kitchen,kitchen,outside,kitchen,entry,kitchen,kitchen,living,living,living,kitchen,kitchen,entry,kitchen,kitchen,living,living,kitchen,kitchen,kitchen,entry,bedroom_1,entry,bedroom_2
32700,d22 Tue 17:00,living,living,kitchen,living,kitchen,kitchen,entry,living,entry,bedroom_1,bedroom_2,kitchen,entry,entry,entry,kitchen,kitchen,kitchen,bedroom_2,entry,bedroom_2,entry,kitchen,kitchen,entry,bathroom,bathroom,kitchen,bedroom_3,bedroom_3,bedroom_3,kitchen,kitchen,kitchen,bedroom_3,kitchen,kitchen,kitchen,entry,kitchen,entry,kitchen,kitchen,entry,living,living,kitchen,kitchen,entry,kitchen,kitchen,living,living,kitchen,kitchen,kitchen,entry,bedroom_1,entry,entry
32760,d22 Tue 18:00,living,living,kitchen,living,kitchen,kitchen,entry,living,entry,bedroom_1,bedroom_2,kitchen,entry,entry,entry,kitchen,kitchen,kitchen,bedroom_2,entry,bedroom_2,entry,kitchen,kitchen,entry,bathroom,bathroom,kitchen,bedroom_3,bedroom_3,bedroom_3,kitchen,kitchen,kitchen,kitchen,kitchen,kitchen,kitchen,kitchen,living,entry,kitchen,kitchen,kitchen,living,living,kitchen,bedroom_4,entry,kitchen,kitchen,living,living,kitchen,kitchen,kitchen,entry,bedroom_1,entry,entry
32820,d22 Tue 19:00,living,living,kitchen,living,kitchen,kitchen,entry,bedroom_1,entry,bedroom_1,bedroom_2,kitchen,entry,entry,entry,kitchen,kitchen,kitchen,bedroom_2,entry,bedroom_2,entry,kitchen,kitchen,entry,bathroom,bathroom,kitchen,bedroom_3,bedroom_3,bedroom_3,kitchen,kitchen,bedroom_3,kitchen,bedroom_3,kitchen,kitchen,bedroom_2,kitchen,entry,kitchen,kitchen,bedroom_2,living,living,kitchen,bedroom_4,entry,kitchen,kitchen,living,living,kitchen,kitchen,kitchen,entry,bedroom_1,entry,entry
32880,d22 Tue 20:00,living,kitchen,kitchen,living,kitchen,kitchen,entry,bedroom_1,entry,bedroom_1,bedroom_2,kitchen,entry,entry,entry,kitchen,kitchen,kitchen,bedroom_2,entry,bedroom_2,entry,kitchen,kitchen,entry,bathroom,bathroom,kitchen,bedroom_3,bedroom_3,bedroom_3,kitchen,kitchen,bedroom_3,kitchen,bedroom_3,kitchen,kitchen,bedroom_2,kitchen,entry,kitchen,kitchen,bedroom_2,living,living,kitchen,bedroom_4,entry,kitchen,kitchen,living,living,kitchen,kitchen,kitchen,entry,bedroom_1,entry,entry
32940,d22 Tue 21:00,living,kitchen,kitchen,living,kitchen,kitchen,entry,bedroom_1,entry,bedroom_1,bedroom_2,kitchen,entry,entry,entry,kitchen,kitchen,kitchen,bedroom_2,entry,bedroom_2,entry,kitchen,kitchen,entry,bathroom,bathroom,kitchen,bedroom_3,bedroom_3,bedroom_3,kitchen,kitchen,bedroom_3,kitchen,bathroom,kitchen,kitchen,bedroom_2,kitchen,entry,kitchen,kitchen,bedroom_2,living,living,kitchen,bedroom_4,entry,kitchen,kitchen,living,living,kitchen,kitchen,kitchen,entry,bedroom_1,entry,entry
33000,d22 Tue 22:00,living,kitchen,kitchen,living,kitchen,kitchen,entry,bedroom_1,entry,bedroom_1,bedroom_2,kitchen,entry,entry,entry,kitchen,kitchen,kitchen,bedroom_2,entry,bedroom_2,entry,kitchen,kitchen,entry,bathroom,bathroom,kitchen,bedroom_3,bedroom_3,bedroom_3,kitchen,kitchen,bedroom_3,kitchen,bedroom_3,kitchen,kitchen,bedroom_2,kitchen,entry,kitchen,kitchen,bedroom_2,living,living,kitchen,bedroom_4,entry,kitchen,kitchen,living,living,kitchen,kitchen,kitchen,entry,bedroom_1,entry,entry
33060,d22 Tue 23:00,living,kitchen,kitchen,living,kitchen,kitchen,entry,bedroom_1,entry,bedroom_1,bedroom_2,kitchen,entry,entry,entry,kitchen,kitchen,kitchen,bedroom_2,entry,bedroom_2,entry,kitchen,kitchen,entry,bathroom,bathroom,kitchen,bedroom_3,bedroom_3,bedroom_3,kitchen,kitchen,bedroom_3,kitchen,bedroom_3,kitchen,kitchen,bedroom_2,kitchen,entry,kitchen,kitchen,bedroom_2,living,living,kitchen,bedroom_4,entry,kitchen,kitchen,living,living,kitchen,kitchen,kitchen,entry,bedroom_1,entry,entry
33120,d23 Wed 00:00,living,kitchen,kitchen,living,kitchen,kitchen,entry,bedroom_1,entry,bedroom_1,bedroom_2,kitchen,entry,entry,entry,kitchen,kitchen,kitchen,bedroom_2,entry,bedroom_2,entry,kitchen,kitchen,entry,bathroom,bathroom,kitchen,bedroom_3,bedroom_3,bedroom_3,kitchen,kitchen,bedroom_3,kitchen,bedroom_3,kitchen,kitchen,bedroom_2,kitchen,entry,kitchen,kitchen,bedroom_2,living,living,kitchen,bedroom_4,entry,kitchen,kitchen,living,living,kitchen,kitchen,kitchen,entry,bedroom_1,entry,entry
33180,d23 Wed 01:00,living,kitchen,kitchen,living,kitchen,kitchen,entry,bedroom_1,entry,bedroom_1,bedroom_2,kitchen,entry,entry,entry,kitchen,kitchen,kitchen,bedroom_2,entry,bedroom_2,entry,kitchen,kitchen,entry,bathroom,bathroom,kitchen,bedroom_3,bedroom_3,bedroom_3,kitchen,kitchen,bedroom_3,kitchen,bedroom_3,kitchen,kitchen,bedroom_2,kitchen,entry,kitchen,kitchen,bedroom_2,living,living,kitchen,bedroom_4,entry,kitchen,kitchen,living,living,kitchen,kitchen,kitchen,entry,bedroom_1,entry,entry
33240,d23 Wed 02:00,living,kitchen,kitchen,living,kitchen,kitchen,entry,bedroom_1,entry,bedroom_1,bedroom_2,kitchen,entry,entry,entry,kitchen,kitchen,kitchen,bedroom_2,entry,bedroom_2,entry,kitchen,kitchen,entry,bathroom,bathroom,kitchen,bedroom_3,bedroom_3,bedroom_3,kitchen,kitchen,bedroom_3,kitchen,bedroom_3,kitchen,kitchen,bedroom_2,kitchen,entry,kitchen,kitchen,bedroom_2,living,living,kitchen,bedroom_4,entry,kitchen,kitchen,living,living,kitchen,kitchen,kitchen,entry,bedroom_1,entry,entry
33300,d23 Wed 03:00,living,kitchen,kitchen,living,kitchen,kitchen,entry,bedroom_1,entry,bedroom_1,bedroom_2,kitchen,entry,entry,entry,kitchen,kitchen,kitchen,bedroom_2,entry,bedroom_2,entry,kitchen,kitchen,entry,bathroom,bathroom,kitchen,bedroom_3,bedroom_3,bedroom_3,kitchen,kitchen,bedroom_3,kitchen,bedroom_3,kitchen,kitchen,bedroom_2,kitchen,entry,kitchen,kitchen,bedroom_2,living,living,kitchen,bedroom_4,entry,kitchen,kitchen,living,living,kitchen,kitchen,kitchen,entry,bedroom_1,entry,entry
33360,d23 Wed 04:00,living,kitchen,kitchen,living,kitchen,kitchen,entry,bedroom_1,entry,bedroom_1,bedroom_2,kitchen,entry,entry,entry,kitchen,kitchen,kitchen,bedroom_2,entry,bedroom_2,entry,kitchen,kitchen,entry,bathroom,bathroom,kitchen,bedroom_3,bedroom_3,bedroom_3,kitchen,kitchen,bedroom_3,kitchen,bedroom_3,kitchen,kitchen,bedroom_2,kitchen,entry,kitchen,kitchen,bedroom_2,living,living,kitchen,bedroom_4,entry,kitchen,kitchen,living,living,kitchen,kitchen,kitchen,entry,bedroom_1,entry,entry
33420,d23 Wed 05:00,living,kitchen,kitchen,living,kitchen,kitchen,entry,bedroom_1,entry,bedroom_1,bedroom_2,kitchen,entry,entry,entry,kitchen,kitchen,kitchen,bedroom_2,entry,bedroom_2,entry,kitchen,kitchen,entry,bathroom,bathroom,kitchen,bedroom_3,bedroom_3,bedroom_3,kitchen,kitchen,bedroom_3,kitchen,bedroom_3,kitchen,kitchen,bathroom,kitchen,entry,kitchen,kitchen,bathroom,living,living,kitchen,bedroom_4,entry,kitchen,kitchen,living,living,kitchen,kitchen,kitchen,entry,bedroom_1,entry,entry
33480,d23 Wed 06:00,living,kitchen,kitchen,living,kitchen,kitchen,entry,bedroom_1,entry,bedroom_1,outside,outside,outside,outside,outside,outside,outside,outside,bedroom_2,entry,bedroom_2,entry,kitchen,kitchen,entry,bedroom_2,bedroom_2,kitchen,bedroom_3,bedroom_3,bedroom_3,kitchen,kitchen,bedroom_3,kitchen,bedroom_3,kitchen,kitchen,outside,kitchen,entry,kitchen,kitchen,outside,living,living,kitchen,bedroom_4,entry,kitchen,kitchen,living,kitchen,kitchen,kitchen,kitchen,entry,bedroom_1,entry,entry
33540,d23 Wed 07:00,living,kitchen,kitchen,living,bathroom,kitchen,entry,kitchen,entry,bedroom_1,outside,outside,outside,outside,outside,outside,outside,outside,bedroom_2,kitchen,bedroom_2,entry,entry,kitchen,entry,bedroom_4,bedroom_2,kitchen,bedroom_3,kitchen,bedroom_3,kitchen,kitchen,bedroom_3,kitchen,kitchen,kitchen,kitchen,kitchen,kitchen,entry,kitchen,kitchen,outside,living,living,kitchen,bedroom_4,entry,kitchen,kitchen,living,kitchen,kitchen,kitchen,kitchen,entry,bedroom_1,entry,entry
33600,d23 Wed 08:00,living,kitchen,kitchen,living,bathroom,kitchen,entry,bedroom_1,entry,bedroom_1,outside,outside,outside,outside,outside,outside,outside,outside,outside,outside,outside,outside,outside,outside,outside,entry,bedroom_2,kitchen,outside,outside,outside,outside,outside,bedroom_3,kitchen,outside,outside,kitchen,kitchen,kitchen,kitchen,kitchen,kitchen,kitchen,living,living,kitchen,bedroom_4,entry,kitchen,kitchen,living,kitchen,kitchen,kitchen,kitchen,entry,bedroom_1,entry,entry
33660,d23 Wed 09:00,outside,outside,kitchen,living,bathroom,outside,entry,outside,outside,outside,outside,outside,outside,outside,outside,outside,outside,outside,outside,outside,outside,outside,outside,outside,outside,bathroom,bedroom_2,kitchen,outside,outside,outside,outside,outside,bedroom_3,kitchen,outside,outside,kitchen,outside,outside,outside,outside,outside,outside,living,living,kitchen,bedroom_4,outside,kitchen,kitchen,living,kitchen,kitchen,kitchen,kitchen,entry,bedroom_1,entry,entry
33720,d23 Wed 10:00,living,living,kitchen,living,bathroom,kitchen,entry,living,entry,bedroom_1,outside,outside,outside,outside,outside,outside,outside,outside,outside,outside,outside,outside,outside,outside,outside,bathroom,bedroom_2,kitchen,outside,outside,outside,outside,outside,bedroom_3,kitchen,bedroom_3,outside,kitchen,outside,outside,outside,outside,outside,outside,living,living,kitchen,bedroom_4,outside,kitchen,kitchen,living,kitchen,kitchen,kitchen,kitchen,entry,bedroom_1,entry,entry
33780,d23 Wed 11:00,living,living,kitchen,living,bathroom,kitchen,entry,living,entry,bedroom_1,outside,outside,outside,outside,outside,outside,outside,outside,outside,outside,outside,outside,outside,outside,outside,bathroom,bedroom_2,kitchen,outside,outside,outside,outside,outside,bedroom_3,kitchen,bedroom_3,outside,kitchen,outside,outside,outside,outside,outside,outside,living,bedroom_4,kitchen,bedroom_4,outside,kitchen,kitchen,living,kitchen,kitchen,kitchen,kitchen,entry,bedroom_1,entry,entry
33840,d23 Wed 12:00,living,living,kitchen,living,bathroom,kitchen,entry,living,entry,bedroom_1,outside,outside,outside,outside,outside,outside,outside,outside,outside,outside,outside,outside,outside,outside,outside,bathroom,bedroom_2,kitchen,outside,outside,outside,outside,outside,bedroom_3,kitchen,bedroom_3,outside,kitchen,outside,outside,outside,outside,outside,outside,living,bedroom_4,kitchen,bedroom_4,outside,kitchen,kitchen,living,kitchen,kitchen,kitchen,kitchen,entry,bedroom_1,entry,entry
33900,d23 Wed 13:00,living,living,kitchen,living,bathroom,kitchen,entry,living,entry,bedroom_1,outside,outside,outside,outside,outside,outside,outside,outside,outside,outside,outside,outside,outside,outside,outside,bathroom,bedroom_2,kitchen,outside,outside,outside,outside,outside,bedroom_3,kitchen,bedroom_3,outside,kitchen,outside,outside,outside,outside,outside,outside,living,living,kitchen,bedroom_4,outside,kitchen,kitchen,living,kitchen,kitchen,kitchen,kitchen,entry,bedroom_1,entry,entry
33960,d23 Wed 14:00,living,living,kitchen,living,bathroom,kitchen,entry,living,entry,bedroom_1,outside,outside,outside,outside,outside,outside,outside,outside,outside,outside,outside,outside,outside,outside,outside,bathroom,bedroom_2,kitchen,outside,outside,outside,outside,outside,bedroom_3,kitchen,bedroom_3,outside,kitchen,outside,outside,outside,outside,outside,outside,living,bedroom_4,kitchen,bedroom_4,outside,kitchen,kitchen,living,kitchen,kitchen,kitchen,kitchen,entry,bedroom_1,entry,entry
34020,d23 Wed 15:00,living,living,kitchen,living,bathroom,kitchen,entry,living,entry,bedroom_1,outside,outside,outside,outside,outside,outside,outside,outside,outside,outside,outside,outside,outside,outside,outside,bathroom,bedroom_2,kitchen,outside,outside,outside,outside,outside,bedroom_3,kitchen,bedroom_3,outside,kitchen,outside,kitchen,entry,kitchen,kitchen,outside,living,bedroom_4,kitchen,bedroom_4,entry,kitchen,kitchen,living,kitchen,kitchen,kitchen,kitchen,entry,bedroom_1,entry,bedroom_2
34080,d23 Wed 16:00,living,living,kitchen,living,bathroom,kitchen,entry,living,entry,bedroom_1,outside,outside,outside,outside,outside,kitchen,outside,outside,kitchen,entry,entry,entry,kitchen,kitchen,entry,bathroom,bedroom_2,kitchen,bedroom_3,bedroom_3,bedroom_3,bedroom_3,kitchen,bedroom_3,kitchen,bedroom_3,kitchen,kitchen,outside,kitchen,entry,kitchen,kitchen,outside,living,bedroom_4,kitchen,kitchen,entry,kitchen,kitchen,living,living,kitchen,kitchen,kitchen,entry,bedroom_1,entry,bedroom_2
34140,d23 Wed 17:00,living,living,kitchen,living,bathroom,kitchen,entry,living,entry,bedroom_1,bedroom_2,kitchen,kitchen,bedroom_2,kitchen,kitchen,kitchen,entry,bedroom_2,entry,entry,entry,kitchen,kitchen,entry,bathroom,bedroom_2,kitchen,bedroom_3,bedroom_3,bedroom_3,bedroom_3,kitchen,bedroom_3,kitchen,kitchen,kitchen,kitchen,kitchen,kitchen,entry,kitchen,kitchen,kitchen,living,bedroom_4,kitchen,bedroom_4,entry,kitchen,kitchen,living,living,kitchen,kitchen,kitchen,entry,bedroom_1,entry,bedroom_2
34200,d23 Wed 18:00,living,living,kitchen,living,bathroom,kitchen,entry,living,kitchen,bedroom_1,bedroom_2,kitchen,kitchen,bedroom_2,kitchen,kitchen,kitchen,entry,bedroom_2,entry,entry,entry,kitchen,kitchen,entry,bathroom,bedroom_2,kitchen,bedroom_3,kitchen,bedroom_3,bedroom_3,kitchen,bedroom_3,kitchen,kitchen,kitchen,kitchen,kitchen,kitchen,entry,kitchen,kitchen,kitchen,living,bedroom_4,kitchen,kitchen,entry,kitchen,kitchen,living,living,kitchen,kitchen,kitchen,entry,bedroom_1,entry,bedroom_2
34260,d23 Wed 19:00,living,living,kitchen,living,bathroom,kitchen,entry,living,kitchen,kitchen,bedroom_2,living,kitchen,bedroom_2,kitchen,bedroom_2,kitchen,entry,bedroom_2,entry,entry,entry,living,kitchen,entry,bathroom,bedroom_2,kitchen,bedroom_3,kitchen,bedroom_3,bedroom_3,kitchen,bedroom_3,kitchen,living,kitchen,kitchen,bedroom_2,bathroom,entry,kitchen,kitchen,bedroom_2,living,living,kitchen,kitchen,entry,living,kitchen,living,living,kitchen,kitchen,kitchen,entry,bedroom_1,entry,bedroom_2
34320,d23 Wed 20:00,living,living,kitchen,living,bathroom,kitchen,entry,living,kitchen,kitchen,bedroom_2,living,kitchen,bedroom_2,kitchen,bedroom_2,kitchen,entry,bedroom_2,entry,entry,entry,bedroom_2,kitchen,entry,bathroom,bedroom_2,kitchen,bedroom_3,kitchen,bedroom_3,bedroom_3,kitchen,bedroom_3,kitchen,living,kitchen,kitchen,bedroom_2,bedroom_4,entry,kitchen,kitchen,bedroom_2,living,living,kitchen,kitchen,entry,living,kitchen,living,living,kitchen,kitchen,kitchen,entry,bedroom_1,entry,bedroom_2
34380,d23 Wed 21:00,living,living,kitchen,living,bathroom,kitchen,entry,living,kitchen,kitchen,bedroom_2,living,kitchen,bedroom_2,kitchen,bedroom_2,kitchen,entry,bedroom_2,entry,entry,entry,bedroom_2,kitchen,entry,bathroom,bedroom_2,kitchen,bedroom_3,kitchen,bedroom_3,bedroom_3,kitchen,bedroom_3,kitchen,living,kitchen,kitchen,bedroom_2,bedroom_4,entry,kitchen,kitchen,bedroom_2,living,living,kitchen,kitchen,entry,living,kitchen,living,living,kitchen,kitchen,kitchen,entry,bedroom_1,entry,bedroom_2
34440,d23 Wed 22:00,living,living,kitchen,living,bathroom,kitchen,entry,living,kitchen,kitchen,bedroom_2,living,kitchen,bedroom_2,kitchen,bedroom_2,kitchen,entry,bedroom_2,entry,entry,entry,bedroom_2,kitchen,entry,bathroom,bedroom_2,kitchen,bedroom_3,kitchen,bedroom_3,bedroom_3,kitchen,bedroom_3,kitchen,bedroom_3,kitchen,kitchen,bedroom_2,bedroom_4,entry,kitchen,kitchen,bedroom_2,living,living,kitchen,kitchen,entry,living,kitchen,living,living,kitchen,kitchen,kitchen,entry,bedroom_1,entry,bedroom_2
34500,d23 Wed 23:00,living,living,kitchen,living,bathroom,kitchen,entry,living,kitchen,kitchen,bedroom_2,living,kitchen,bedroom_2,kitchen,bedroom_2,kitchen,entry,bedroom_2,entry,entry,entry,bedroom_2,kitchen,entry,bathroom,bedroom_2,kitchen,bedroom_3,kitchen,bedroom_3,bedroom_3,kitchen,bedroom_3,kitchen,bedroom_3,kitchen,kitchen,bedroom_2,bedroom_4,entry,kitchen,kitchen,bedroom_2,living,living,kitchen,kitchen,entry,living,kitchen,living,living,kitchen,kitchen,kitchen,entry,bedroom_1,entry,bedroom_2
34560,d24 Thu 00:00,living,living,kitchen,living,bathroom,kitchen,entry,living,kitchen,kitchen,bedroom_2,living,kitchen,bedroom_2,kitchen,bedroom_2,kitchen,entry,bedroom_2,entry,entry,entry,bedroom_2,kitchen,entry,bathroom,bedroom_2,kitchen,bedroom_3,kitchen,bedroom_3,bedroom_3,kitchen,bedroom_3,kitchen,bedroom_3,kitchen,kitchen,bedroom_2,bedroom_4,entry,kitchen,kitchen,bedroom_2,living,living,kitchen,kitchen,entry,living,kitchen,living,living,kitchen,kitchen,kitchen,entry,bedroom_1,entry,bedroom_2
34620,d24 Thu 01:00,living,living,kitchen,living,bathroom,kitchen,entry,living,kitchen,kitchen,bedroom_2,living,kitchen,bedroom_2,kitchen,bedroom_2,kitchen,entry,bedroom_2,entry,entry,entry,bedroom_2,kitchen,entry,bathroom,bedroom_2,kitchen,bedroom_3,kitchen,bedroom_3,bedroom_3,kitchen,bedroom_3,kitchen,bedroom_3,kitchen,kitchen,bedroom_2,bedroom_4,entry,kitchen,kitchen,bedroom_2,living,living,kitchen,kitchen,entry,living,kitchen,living,living,kitchen,kitchen,kitchen,entry,bedroom_1,entry,bedroom_2
34680,d24 Thu 02:00,living,living,kitchen,living,bathroom,kitchen,entry,living,kitchen,kitchen,bedroom_2,living,kitchen,bedroom_2,kitchen,bedroom_2,kitchen,entry,bedroom_2,entry,entry,entry,bedroom_2,kitchen,entry,bathroom,bedroom_2,kitchen,bedroom_3,kitchen,bedroom_3,bedroom_3,kitchen,bedroom_3,kitchen,bedroom_3,kitchen,kitchen,bedroom_2,bedroom_4,entry,kitchen,kitchen,bedroom_2,living,living,kitchen,kitchen,entry,living,kitchen,living,living,kitchen,kitchen,kitchen,entry,bedroom_1,entry,bedroom_2
34740,d24 Thu 03:00,living,living,kitchen,living,bathroom,kitchen,entry,living,kitchen,kitchen,bedroom_2,living,kitchen,bedroom_2,kitchen,bedroom_2,kitchen,entry,bedroom_2,entry,entry,entry,bedroom_2,kitchen,entry,bathroom,bedroom_2,kitchen,bedroom_3,kitchen,bedroom_3,bedroom_3,kitchen,bedroom_3,kitchen,bedroom_3,kitchen,kitchen,bedroom_2,bedroom_4,entry,kitchen,kitchen,bedroom_2,living,living,kitchen,kitchen,entry,living,kitchen,living,living,kitchen,kitchen,kitchen,entry,bedroom_1,entry,bedroom_2
34800,d24 Thu 04:00,living,living,kitchen,living,bathroom,kitchen,entry,living,kitchen,kitchen,bedroom_2,living,kitchen,bedroom_2,kitchen,bedroom_2,kitchen,entry,bedroom_2,entry,entry,entry,bedroom_2,kitchen,entry,bathroom,bedroom_2,kitchen,bedroom_3,kitchen,bedroom_3,bedroom_3,kitchen,bedroom_3,kitchen,bedroom_3,kitchen,kitchen,bedroom_2,bedroom_4,entry,kitchen,kitchen,bedroom_2,living,living,kitchen,kitchen,entry,living,kitchen,living,living,kitchen,kitchen,kitchen,entry,bedroom_1,entry,bedroom_2
34860,d24 Thu 05:00,living,living,living,living,bathroom,kitchen,entry,living,kitchen,kitchen,bedroom_2,living,kitchen,bedroom_2,kitchen,kitchen,kitchen,entry,bedroom_2,entry,entry,entry,bedroom_2,kitchen,entry,bedroom_2,bathroom,kitchen,bedroom_3,bedroom_3,bedroom_3,bedroom_3,kitchen,bedroom_3,kitchen,bedroom_3,kitchen,kitchen,kitchen,bedroom_4,entry,kitchen,kitchen,kitchen,living,living,kitchen,kitchen,entry,living,kitchen,living,kitchen,kitchen,kitchen,kitchen,entry,bedroom_1,entry,bedroom_2
34920,d24 Thu 06:00,living,living,living,living,bathroom,kitchen,entry,living,kitchen,kitchen,bedroom_2,living,kitchen,bedroom_2,kitchen,kitchen,kitchen,entry,bedroom_2,entry,entry,entry,bedroom_2,kitchen,entry,bedroom_2,bathroom,kitchen,bedroom_3,bedroom_3,bedroom_3,bedroom_3,kitchen,bedroom_3,kitchen,bedroom_3,kitchen,kitchen,kitchen,bedroom_4,entry,kitchen,kitchen,kitchen,living,living,kitchen,kitchen,entry,living,kitchen,living,kitchen,kitchen,kitchen,kitchen,entry,bedroom_1,entry,bedroom_2
34980,d24 Thu 07:00,living,living,kitchen,living,kitchen,kitchen,entry,living,kitchen,kitchen,outside,outside,outside,outside,outside,outside,outside,outside,bedroom_2,entry,entry,entry,kitchen,kitchen,entry,bedroom_4,bathroom,kitchen,bedroom_3,kitchen,kitchen,bedroom_3,kitchen,bedroom_3,kitchen,kitchen,kitchen,kitchen,outside,bedroom_4,entry,kitchen,kitchen,outside,living,living,kitchen,kitchen,entry,living,kitchen,living,kitchen,kitchen,kitchen,kitchen,entry,bedroom_1,entry,bedroom_2
35040,d24 Thu 08:00,living,living,kitchen,living,kitchen,kitchen,entry,living,kitchen,kitchen,outside,kitchen,outside,outside,outside,outside,outside,outside,bedroom_2,entry,entry,entry,entry,kitchen,entry,entry,bathroom,kitchen,outside,outside,outside,outside,outside,bedroom_3,kitchen,outside,outside,kitchen,kitchen,entry,kitchen,kitchen,kitchen,outside,living,living,kitchen,kitchen,entry,living,kitchen,living,kitchen,kitchen,kitchen,kitchen,entry,bedroom_1,entry,bedroom_2
35100,d24 Thu 09:00,living,living,kitchen,living,kitchen,kitchen,entry,living,kitchen,kitchen,outside,kitchen,outside,outside,kitchen,outside,outside,outside,outside,outside,outside,outside,outside,outside,outside,bathroom,bathroom,kitchen,outside,outside,outside,outside,outside,bedroom_3,kitchen,outside,outside,kitchen,outside,outside,outside,outside,outside,outside,living,living,kitchen,kitchen,outside,living,kitchen,living,kitchen,kitchen,kitchen,kitchen,entry,bedroom_1,entry,bedroom_2
35160,d24 Thu 10:00,living,living,living,living,kitchen,kitchen,entry,living,entry,bedroom_1,outside,kitchen,outside,outside,kitchen,outside,outside,outside,outside,outside,outside,outside,outside,outside,outside,bathroom,bathroom,kitchen,outside,outside,outside,outside,outside,bedroom_3,kitchen,outside,outside,kitchen,outside,outside,outside,outside,outside,outside,living,living,kitchen,kitchen,outside,living,kitchen,living,kitchen,kitchen,kitchen,kitchen,entry,bedroom_1,entry,bedroom_2
35220,d24 Thu 11:00,living,living,living,living,kitchen,kitchen,entry,living,entry,bedroom_1,outside,kitchen,outside,outside,kitchen,outside,outside,outside,outside,outside,outside,outside,outside,outside,outside,bathroom,bathroom,kitchen,outside,outside,outside,outside,outside,bedroom_3,kitchen,outside,outside,kitchen,outside,outside,outside,outside,outside,outside,living,living,kitchen,kitchen,outside,living,kitchen,living,kitchen,kitchen,kitchen,kitchen,entry,bedroom_1,entry,bedroom_2
35280,d24 Thu 12:00,living,living,living,living,kitchen,kitchen,entry,living,entry,bedroom_1,outside,kitchen,outside,outside,kitchen,outside,outside,outside,outside,outside,outside,outside,outside,outside,kitchen,bathroom,bathroom,kitchen,outside,outside,outside,outside,outside,bedroom_3,kitchen,outside,outside,kitchen,outside,outside,outside,outside,outside,outside,living,living,kitchen,kitchen,outside,living,kitchen,living,kitchen,kitchen,kitchen,kitchen,entry,bedroom_1,entry,bedroom_2
35340,d24 Thu 13:00,living,living,kitchen,living,kitchen,kitchen,entry,living,entry,bedroom_1,outside,kitchen,outside,outside,kitchen,outside,outside,outside,outside,outside,outside,outside,outside,outside,kitchen,bathroom,bathroom,kitchen,outside,outside,outside,outside,outside,bedroom_3,kitchen,outside,outside,kitchen,outside,outside,outside,outside,outside,outside,living,living,kitchen,kitchen,outside,living,kitchen,living,kitchen,kitchen,kitchen,kitchen,entry,bedroom_1,entry,bedroom_2
35400,d24 Thu 14:00,living,living,kitchen,living,kitchen,kitchen,entry,living,entry,bedroom_1,outside,kitchen,outside,outside,kitchen,outside,outside,outside,outside,outside,outside,outside,outside,outside,kitchen,bathroom,bathroom,kitchen,outside,outside,outside,outside,outside,bedroom_3,kitchen,outside,outside,kitchen,outside,outside,outside,outside,outside,outside,living,living,kitchen,kitchen,outside,living,kitchen,living,kitchen,kitchen,kitchen,kitchen,entry,bedroom_1,entry,bedroom_2
35460,d24 Thu 15:00,living,living,kitchen,living,kitchen,kitchen,entry,kitchen,entry,bedroom_1,outside,kitchen,outside,outside,kitchen,outside,outside,outside,kitchen,outside,outside,outside,outside,outside,kitchen,bathroom,bathroom,kitchen,outside,outside,outside,outside,outside,bedroom_3,kitchen,outside,outside,kitchen,outside,outside,outside,outside,outside,outside,living,bedroom_4,kitchen,kitchen,outside,living,kitchen,kitchen,kitchen,kitchen,kitchen,kitchen,entry,bedroom_1,entry,bedroom_2
35520,d24 Thu 16:00,living,living,kitchen,living,kitchen,kitchen,entry,kitchen,entry,bedroom_1,outside,kitchen,outside,outside,kitchen,outside,outside,outside,kitchen,entry,bedroom_2,entry,kitchen,kitchen,entry,bathroom,bathroom,kitchen,bedroom_3,bedroom_3,entry,kitchen,kitchen,bedroom_3,kitchen,bedroom_3,entry,kitchen,outside,kitchen,entry,kitchen,kitchen,outside,living,bedroom_4,kitchen,kitchen,entry,kitchen,kitchen,kitchen,kitchen,kitchen,kitchen,kitchen,entry,bedroom_2,entry,bedroom_2
35580,d24 Thu 17:00,living,living,kitchen,living,kitchen,kitchen,entry,kitchen,entry,bedroom_1,bedroom_2,living,entry,bedroom_2,entry,bedroom_2,kitchen,kitchen,bedroom_2,entry,entry,entry,kitchen,kitchen,entry,bathroom,kitchen,kitchen,bedroom_3,bedroom_3,entry,kitchen,kitchen,bedroom_3,kitchen,bedroom_3,entry,kitchen,bedroom_2,kitchen,entry,kitchen,kitchen,bedroom_2,living,bedroom_4,kitchen,bedroom_4,entry,kitchen,kitchen,kitchen,kitchen,kitchen,kitchen,kitchen,entry,bedroom_2,entry,bedroom_2
35640,d24 Thu 18:00,living,living,kitchen,living,kitchen,kitchen,entry,kitchen,entry,bedroom_1,bedroom_2,living,entry,bedroom_2,entry,kitchen,kitchen,kitchen,bedroom_2,entry,entry,entry,kitchen,kitchen,entry,bathroom,kitchen,kitchen,bedroom_3,bedroom_3,entry,kitchen,kitchen,kitchen,kitchen,bedroom_3,entry,living,kitchen,living,entry,kitchen,kitchen,kitchen,living,bedroom_4,kitchen,bedroom_4,entry,kitchen,living,kitchen,kitchen,kitchen,kitchen,kitchen,entry,bedroom_2,entry,bedroom_2
35700,d24 Thu 19:00,living,living,kitchen,bedroom_3,kitchen,kitchen,entry,kitchen,entry,bedroom_1,bedroom_2,living,entry,bedroom_2,entry,bedroom_2,kitchen,kitchen,bedroom_2,entry,entry,entry,kitchen,kitchen,entry,bathroom,kitchen,kitchen,bedroom_3,bedroom_3,entry,kitchen,kitchen,kitchen,kitchen,bedroom_3,entry,living,bedroom_2,bathroom,entry,kitchen,kitchen,bedroom_2,living,bedroom_4,kitchen,bedroom_4,entry,kitchen,living,kitchen,kitchen,kitchen,kitchen,kitchen,entry,bedroom_2,entry,bedroom_2
35760,d24 Thu 20:00,living,living,kitchen,living,kitchen,kitchen,entry,bedroom_1,entry,bedroom_1,bedroom_2,living,entry,bedroom_2,entry,bedroom_2,kitchen,kitchen,bedroom_2,entry,entry,entry,kitchen,kitchen,entry,bathroom,kitchen,kitchen,bedroom_3,bedroom_3,entry,kitchen,kitchen,kitchen,kitchen,bedroom_3,entry,living,bedroom_2,bedroom_4,entry,kitchen,kitchen,bedroom_2,living,bedroom_4,kitchen,bedroom_4,entry,kitchen,living,kitchen,kitchen,kitchen,kitchen,kitchen,entry,bedroom_2,entry,bedroom_2
35820,d24 Thu 21:00,living,living,kitchen,living,kitchen,kitchen,entry,bedroom_1,entry,bedroom_1,bedroom_2,living,entry,bedroom_2,entry,bedroom_2,kitchen,kitchen,bedroom_2,entry,entry,entry,kitchen,kitchen,entry,bathroom,kitchen,kitchen,bedroom_3,bedroom_3,entry,kitchen,kitchen,kitchen,kitchen,bedroom_3,entry,living,bedroom_2,bedroom_4,entry,kitchen,kitchen,bedroom_2,living,bedroom_4,kitchen,bedroom_4,entry,kitchen,living,kitchen,kitchen,kitchen,kitchen,kitchen,entry,bedroom_2,entry,bedroom_2
35880,d24 Thu 22:00,living,living,kitchen,living,kitchen,kitchen,entry,bedroom_1,entry,bedroom_1,bedroom_2,living,entry,bedroom_2,entry,bedroom_2,kitchen,kitchen,bedroom_2,entry,entry,entry,kitchen,kitchen,entry,bathroom,kitchen,kitchen,bedroom_3,bedroom_3,entry,kitchen,kitchen,kitchen,kitchen,bedroom_3,entry,living,bedroom_2,bedroom_4,entry,kitchen,kitchen,bedroom_2,living,bedroom_4,kitchen,bedroom_4,entry,kitchen,living,kitchen,kitchen,kitchen,kitchen,kitchen,entry,bedroom_2,entry,bedroom_2
35940,d24 Thu 23:00,living,living,kitchen,living,kitchen,kitchen,entry,bedroom_1,entry,bedroom_1,bedroom_2,living,entry,bedroom_2,entry,bedroom_2,kitchen,kitchen,bedroom_2,entry,entry,entry,kitchen,kitchen,entry,bathroom,kitchen,kitchen,bedroom_3,bedroom_3,entry,kitchen,kitchen,kitchen,kitchen,bedroom_3,entry,living,bedroom_2,bedroom_4,entry,kitchen,kitchen,bedroom_2,living,bedroom_4,kitchen,bedroom_4,entry,kitchen,living,kitchen,kitchen,kitchen,kitchen,kitchen,entry,bedroom_2,entry,bedroom_2
36000,d25 Fri 00:00,living,living,kitchen,living,kitchen,kitchen,entry,bedroom_1,entry,bedroom_1,bedroom_2,living,entry,bedroom_2,entry,bedroom_2,kitchen,kitchen,bedroom_2,entry,entry,entry,kitchen,kitchen,entry,bathroom,kitchen,kitchen,bedroom_3,bedroom_3,entry,kitchen,kitchen,kitchen,kitchen,bedroom_3,entry,living,bedroom_2,bedroom_4,entry,kitchen,kitchen,bedroom_2,living,bedroom_4,kitchen,bedroom_4,entry,kitchen,living,kitchen,kitchen,kitchen,kitchen,kitchen,entry,bedroom_2,entry,bedroom_2
36060,d25 Fri 01:00,living,living,kitchen,living,kitchen,kitchen,entry,bedroom_1,entry,bedroom_1,bedroom_2,living,entry,bedroom_2,entry,bedroom_2,kitchen,kitchen,bedroom_2,entry,entry,entry,kitchen,kitchen,entry,bathroom,kitchen,kitchen,bedroom_3,bedroom_3,entry,kitchen,kitchen,kitchen,kitchen,bedroom_3,entry,living,bedroom_2,bedroom_4,entry,kitchen,kitchen,bedroom_2,living,bedroom_4,kitchen,bedroom_4,entry,kitchen,living,kitchen,kitchen,kitchen,kitchen,kitchen,entry,bedroom_2,entry,bedroom_2
36120,d25 Fri 02:00,living,living,kitchen,living,kitchen,kitchen,entry,bedroom_1,entry,bedroom_1,bedroom_2,living,entry,bedroom_2,entry,bedroom_2,kitchen,kitchen,bedroom_2,entry,entry,entry,kitchen,kitchen,entry,bathroom,kitchen,kitchen,bedroom_3,bedroom_3,entry,kitchen,kitchen,kitchen,kitchen,bedroom_3,entry,living,bedroom_2,bedroom_4,entry,kitchen,kitchen,bedroom_2,living,bedroom_4,kitchen,bedroom_4,entry,kitchen,living,kitchen,kitchen,kitchen,kitchen,kitchen,entry,bedroom_2,entry,bedroom_2
36180,d25 Fri 03:00,living,living,kitchen,living,kitchen,kitchen,entry,bedroom_1,entry,bedroom_1,bedroom_2,living,entry,bedroom_2,entry,bedroom_2,kitchen,kitchen,bedroom_2,entry,entry,entry,kitchen,kitchen,entry,bathroom,kitchen,kitchen,bedroom_3,bedroom_3,entry,kitchen,kitchen,kitchen,kitchen,bedroom_3,entry,living,bedroom_2,bedroom_4,entry,kitchen,kitchen,bedroom_2,living,bedroom_4,kitchen,bedroom_4,entry,kitchen,living,kitchen,kitchen,kitchen,kitchen,kitchen,entry,bedroom_2,entry,bedroom_2
36240,d25 Fri 04:00,living,living,kitchen,living,kitchen,kitchen,entry,bedroom_1,entry,bedroom_1,bedroom_2,living,entry,bedroom_2,entry,bedroom_2,kitchen,kitchen,bedroom_2,entry,entry,entry,kitchen,kitchen,entry,bathroom,kitchen,kitchen,bedroom_3,bedroom_3,entry,kitchen,kitchen,kitchen,kitchen,bedroom_3,entry,living,bedroom_2,bedroom_4,entry,kitchen,kitchen,bedroom_2,living,bedroom_4,kitchen,bedroom_4,entry,kitchen,living,kitchen,kitchen,kitchen,kitchen,kitchen,entry,bedroom_2,entry,bedroom_2
36300,d25 Fri 05:00,living,living,kitchen,living,kitchen,kitchen,entry,bedroom_1,entry,bedroom_1,bedroom_2,living,entry,bedroom_2,entry,bathroom,kitchen,kitchen,bedroom_2,entry,entry,entry,kitchen,kitchen,entry,bathroom,bathroom,kitchen,bedroom_3,bedroom_3,entry,kitchen,kitchen,kitchen,kitchen,bedroom_3,entry,living,bathroom,bedroom_4,entry,kitchen,kitchen,bathroom,living,bedroom_4,kitchen,bedroom_4,entry,kitchen,living,kitchen,kitchen,kitchen,kitchen,kitchen,entry,bedroom_2,entry,bedroom_2
36360,d25 Fri 06:00,living,living,kitchen,living,kitchen,kitchen,entry,bedroom_1,entry,kitchen,bedroom_2,living,entry,bedroom_2,entry,kitchen,kitchen,kitchen,bedroom_2,entry,entry,entry,kitchen,kitchen,entry,bedroom_2,bathroom,kitchen,bedroom_3,bedroom_3,entry,kitchen,kitchen,kitchen,kitchen,bedroom_3,entry,living,kitchen,bedroom_4,entry,kitchen,kitchen,kitchen,living,bedroom_4,kitchen,bedroom_4,entry,kitchen,living,kitchen,kitchen,kitchen,kitchen,kitchen,entry,bedroom_2,entry,bedroom_2
36420,d25 Fri 07:00,living,living,kitchen,living,bathroom,kitchen,entry,kitchen,entry,kitchen,outside,outside,outside,outside,kitchen,outside,outside,outside,bedroom_2,entry,entry,entry,kitchen,kitchen,entry,bathroom,bathroom,kitchen,bedroom_3,kitchen,entry,kitchen,kitchen,kitchen,kitchen,kitchen,entry,living,outside,bedroom_4,entry,kitchen,kitchen,outside,living,bedroom_4,kitchen,bedroom_4,entry,kitchen,living,kitchen,kitchen,kitchen,kitchen,kitchen,entry,bedroom_2,entry,bedroom_2
36480,d25 Fri 08:00,living,living,kitchen,living,bathroom,kitchen,entry,living,entry,kitchen,outside,outside,outside,outside,kitchen,outside,outside,outside,outside,outside,outside,outside,outside,outside,outside,entry,bathroom,kitchen,outside,outside,outside,outside,outside,kitchen,kitchen,outside,outside,living,outside,entry,entry,kitchen,kitchen,outside,living,living,kitchen,bedroom_4,entry,kitchen,living,kitchen,kitchen,kitchen,kitchen,kitchen,entry,bedroom_2,entry,bedroom_2
36540,d25 Fri 09:00,outside,outside,kitchen,living,bathroom,outside,entry,outside,outside,outside,outside,outside,outside,outside,kitchen,outside,outside,outside,kitchen,outside,outside,outside,outside,outside,outside,bedroom_2,bathroom,kitchen,outside,outside,outside,outside,outside,kitchen,kitchen,outside,outside,living,outside,outside,outside,outside,outside,outside,living,bedroom_4,kitchen,bedroom_4,outside,kitchen,living,kitchen,kitchen,kitchen,kitchen,kitchen,entry,bedroom_2,entry,bedroom_2
36600,d25 Fri 10:00,living,living,living,living,bathroom,kitchen,living,living,entry,bedroom_1,outside,outside,outside,outside,kitchen,outside,outside,outside,kitchen,outside,outside,outside,outside,outside,outside,kitchen,bathroom,kitchen,outside,outside,outside,outside,outside,kitchen,kitchen,outside,outside,living,outside,outside,outside,outside,outside,outside,living,bedroom_4,kitchen,bedroom_4,kitchen,kitchen,living,bedroom_3,kitchen,kitchen,kitchen,kitchen,entry,bedroom_2,entry,bedroom_2
36660,d25 Fri 11:00,living,living,living,living,bathroom,kitchen,kitchen,living,entry,bedroom_1,outside,outside,outside,outside,kitchen,outside,outside,outside,kitchen,outside,outside,outside,outside,outside,outside,kitchen,bathroom,kitchen,outside,outside,outside,outside,outside,kitchen,kitchen,outside,outside,living,outside,outside,outside,outside,outside,outside,living,bedroom_4,kitchen,bedroom_4,kitchen,kitchen,living,bedroom_3,kitchen,kitchen,kitchen,kitchen,entry,bedroom_2,entry,bedroom_2
36720,d25 Fri 12:00,living,living,living,living,bathroom,kitchen,kitchen,living,entry,bedroom_1,outside,outside,outside,outside,kitchen,outside,outside,outside,kitchen,outside,outside,outside,outside,outside,outside,kitchen,bathroom,kitchen,outside,outside,outside,outside,outside,kitchen,kitchen,outside,outside,living,outside,kitchen,outside,outside,outside,outside,living,bedroom_4,kitchen,bedroom_4,kitchen,kitchen,kitchen,bedroom_3,kitchen,kitchen,kitchen,kitchen,entry,bedroom_2,entry,bedroom_2
36780,d25 Fri 13:00,living,living,kitchen,living,bathroom,kitchen,kitchen,kitchen,entry,bedroom_1,outside,outside,outside,outside,kitchen,outside,outside,outside,kitchen,outside,outside,outside,outside,outside,outside,kitchen,bathroom,kitchen,outside,outside,outside,outside,outside,kitchen,kitchen,outside,outside,living,outside,kitchen,outside,outside,outside,outside,living,bedroom_4,kitchen,bedroom_4,kitchen,kitchen,kitchen,kitchen,kitchen,kitchen,kitchen,kitchen,entry,bedroom_2,entry,bedroom_2
36840,d25 Fri 14:00,living,living,kitchen,living,bathroom,kitchen,kitchen,living,entry,bedroom_1,outside,outside,outside,outside,kitchen,outside,outside,outside,kitchen,outside,outside,outside,outside,outside,outside,kitchen,bathroom,kitchen,outside,outside,outside,outside,outside,kitchen,kitchen,outside,outside,living,outside,kitchen,outside,outside,outside,outside,living,living,kitchen,bedroom_4,kitchen,kitchen,kitchen,kitchen,kitchen,kitchen,kitchen,kitchen,entry,bedroom_2,entry,bedroom_2
36900,d25 Fri 15:00,living,living,kitchen,living,bathroom,kitchen,kitchen,living,entry,bedroom_1,outside,outside,outside,outside,kitchen,outside,outside,outside,kitchen,outside,outside,outside,outside,outside,outside,kitchen,bathroom,kitchen,outside,outside,outside,outside,outside,kitchen,kitchen,outside,outside,living,outside,entry,entry,kitchen,kitchen,living,living,bedroom_4,kitchen,bedroom_4,entry,kitchen,kitchen,kitchen,kitchen,kitchen,kitchen,kitchen,entry,bedroom_2,entry,bedroom_2
36960,d25 Fri 16:00,living,living,kitchen,living,bathroom,kitchen,kitchen,living,entry,bedroom_1,outside,outside,outside,outside,kitchen,outside,outside,outside,kitchen,entry,entry,entry,kitchen,kitchen,entry,kitchen,bathroom,kitchen,bedroom_3,bedroom_3,bedroom_3,bedroom_3,bedroom_3,kitchen,kitchen,kitchen,entry,living,outside,kitchen,entry,kitchen,kitchen,living,living,bedroom_4,kitchen,kitchen,entry,kitchen,kitchen,kitchen,kitchen,kitchen,kitchen,kitchen,entry,bedroom_2,entry,entry
37020,d25 Fri 17:00,living,kitchen,kitchen,living,bathroom,kitchen,bedroom_3,living,entry,bedroom_1,bedroom_2,living,entry,bedroom_2,entry,kitchen,kitchen,entry,kitchen,entry,bedroom_2,entry,kitchen,kitchen,entry,kitchen,bathroom,kitchen,bedroom_3,bedroom_3,bedroom_3,bedroom_3,kitchen,kitchen,kitchen,bedroom_3,entry,living,kitchen,living,entry,kitchen,kitchen,living,living,bedroom_4,kitchen,kitchen,entry,kitchen,kitchen,kitchen,kitchen,kitchen,kitchen,kitchen,entry,bedroom_2,entry,bedroom_2
37080,d25 Fri 18:00,living,kitchen,kitchen,living,bathroom,kitchen,entry,kitchen,entry,bedroom_1,bedroom_2,living,entry,kitchen,entry,kitchen,kitchen,entry,kitchen,entry,bedroom_2,entry,kitchen,kitchen,entry,kitchen,bathroom,kitchen,bedroom_3,kitchen,bedroom_3,bedroom_3,kitchen,kitchen,kitchen,bedroom_3,entry,living,kitchen,kitchen,entry,kitchen,kitchen,living,living,bedroom_4,kitchen,kitchen,entry,kitchen,kitchen,kitchen,kitchen,kitchen,kitchen,kitchen,entry,bedroom_2,entry,bedroom_2
37140,d25 Fri 19:00,living,kitchen,kitchen,living,bathroom,kitchen,entry,living,entry,bedroom_1,bedroom_2,living,entry,kitchen,entry,kitchen,kitchen,entry,kitchen,entry,bedroom_2,entry,kitchen,kitchen,entry,kitchen,bathroom,kitchen,bedroom_3,kitchen,bedroom_3,bedroom_3,kitchen,kitchen,kitchen,bedroom_3,entry,living,living,living,entry,kitchen,kitchen,living,living,bedroom_4,kitchen,kitchen,entry,living,kitchen,kitchen,kitchen,kitchen,kitchen,kitchen,entry,bedroom_2,entry,bedroom_2
37200,d25 Fri 20:00,living,kitchen,kitchen,living,bathroom,kitchen,entry,living,entry,bedroom_1,bedroom_2,living,entry,kitchen,entry,kitchen,kitchen,entry,kitchen,entry,bedroom_2,entry,kitchen,kitchen,entry,kitchen,kitchen,kitchen,bedroom_3,kitchen,bedroom_3,bedroom_3,kitchen,kitchen,kitchen,bedroom_3,entry,living,living,living,entry,kitchen,kitchen,living,living,bedroom_4,kitchen,kitchen,entry,living,kitchen,kitchen,kitchen,kitchen,kitchen,kitchen,entry,bedroom_2,entry,bedroom_2
37260,d25 Fri 21:00,living,kitchen,kitchen,living,bathroom,kitchen,entry,living,entry,bedroom_1,bedroom_2,living,entry,kitchen,entry,kitchen,kitchen,entry,kitchen,entry,bedroom_2,entry,kitchen,kitchen,entry,kitchen,kitchen,kitchen,bedroom_3,kitchen,bedroom_3,bedroom_3,kitchen,kitchen,kitchen,bedroom_3,entry,living,bathroom,bathroom,entry,kitchen,kitchen,living,living,bedroom_4,kitchen,kitchen,entry,living,kitchen,kitchen,kitchen,kitchen,kitchen,kitchen,entry,bedroom_2,entry,bedroom_2
37320,d25 Fri 22:00,living,kitchen,kitchen,living,bathroom,kitchen,entry,bathroom,entry,bedroom_1,bedroom_2,living,entry,kitchen,entry,kitchen,kitchen,entry,kitchen,entry,bedroom_2,entry,kitchen,kitchen,entry,kitchen,kitchen,kitchen,bedroom_3,kitchen,bedroom_3,bedroom_3,kitchen,kitchen,kitchen,bedroom_3,entry,living,bedroom_2,bedroom_4,entry,kitchen,kitchen,living,living,bedroom_4,kitchen,kitchen,entry,living,kitchen,kitchen,kitchen,kitchen,kitchen,kitchen,entry,bedroom_2,entry,bedroom_2
37380,d25 Fri 23:00,living,kitchen,kitchen,living,bathroom,kitchen,entry,bathroom,entry,bedroom_1,bedroom_2,living,entry,kitchen,entry,kitchen,kitchen,entry,kitchen,entry,bedroom_2,entry,kitchen,kitchen,entry,kitchen,kitchen,kitchen,bedroom_3,kitchen,bedroom_3,bedroom_3,kitchen,kitchen,kitchen,bedroom_3,entry,living,bedroom_2,bedroom_4,entry,kitchen,kitchen,living,living,bedroom_4,kitchen,kitchen,entry,living,kitchen,kitchen,kitchen,kitchen,kitchen,kitchen,entry,bedroom_2,entry,bedroom_2
37440,d26 Sat 00:00,living,kitchen,kitchen,living,bathroom,kitchen,entry,bathroom,entry,bedroom_1,bedroom_2,living,entry,kitchen,entry,kitchen,kitchen,entry,kitchen,entry,bedroom_2,entry,kitchen,kitchen,entry,kitchen,kitchen,kitchen,bedroom_3,kitchen,bedroom_3,bedroom_3,kitchen,kitchen,kitchen,bedroom_3,entry,living,bedroom_2,bedroom_4,entry,kitchen,kitchen,living,living,bedroom_4,kitchen,kitchen,entry,living,kitchen,kitchen,kitchen,kitchen,kitchen,kitchen,entry,bedroom_2,entry,bedroom_2
37500,d26 Sat 01:00,living,kitchen,kitchen,living,bathroom,kitchen,entry,bedroom_1,entry,bedroom_1,bedroom_2,living,entry,kitchen,entry,kitchen,kitchen,entry,kitchen,entry,bedroom_2,entry,kitchen,kitchen,entry,kitchen,kitchen,kitchen,bedroom_3,kitchen,bedroom_3,bedroom_3,kitchen,kitchen,kitchen,bedroom_3,entry,living,bedroom_2,bedroom_4,entry,kitchen,kitchen,living,living,bedroom_4,kitchen,kitchen,entry,living,kitchen,kitchen,kitchen,kitchen,kitchen,kitchen,entry,bedroom_2,entry,bedroom_2
37560,d26 Sat 02:00,living,kitchen,kitchen,living,bathroom,kitchen,entry,bedroom_1,entry,bedroom_1,bedroom_2,living,entry,kitchen,entry,kitchen,kitchen,entry,kitchen,entry,bedroom_2,entry,kitchen,kitchen,entry,kitchen,kitchen,kitchen,bedroom_3,kitchen,bedroom_3,bedroom_3,kitchen,kitchen,kitchen,bedroom_3,entry,living,bedroom_2,bedroom_4,entry,kitchen,kitchen,living,living,bedroom_4,kitchen,kitchen,entry,living,kitchen,kitchen,kitchen,kitchen,kitchen,kitchen,entry,bedroom_2,entry,bedroom_2
37620,d26 Sat 03:00,living,kitchen,kitchen,living,bathroom,kitchen,entry,bedroom_1,entry,bedroom_1,bedroom_2,living,entry,kitchen,entry,kitchen,kitchen,entry,kitchen,entry,bedroom_2,entry,kitchen,kitchen,entry,kitchen,kitchen,kitchen,bedroom_3,kitchen,bedroom_3,bedroom_3,kitchen,kitchen,kitchen,bedroom_3,entry,living,bedroom_2,bedroom_4,entry,kitchen,kitchen,living,living,bedroom_4,kitchen,kitchen,entry,living,kitchen,kitchen,kitchen,kitchen,kitchen,kitchen,entry,bedroom_2,entry,bedroom_2
37680,d26 Sat 04:00,living,kitchen,kitchen,living,bathroom,kitchen,entry,bedroom_1,entry,bedroom_1,bedroom_2,living,entry,kitchen,entry,kitchen,kitchen,entry,kitchen,entry,bedroom_2,entry,kitchen,kitchen,entry,kitchen,kitchen,kitchen,bedroom_3,kitchen,bedroom_3,bedroom_3,kitchen,kitchen,kitchen,bedroom_3,entry,living,bedroom_2,bedroom_4,entry,kitchen,kitchen,living,living,bedroom_4,kitchen,kitchen,entry,living,kitchen,kitchen,kitchen,kitchen,kitchen,kitchen,entry,bedroom_2,entry,bedroom_2
37740,d26 Sat 05:00,living,kitchen,kitchen,living,bathroom,kitchen,entry,bedroom_1,entry,bedroom_1,bedroom_2,living,entry,kitchen,entry,kitchen,kitchen,entry,kitchen,entry,bedroom_2,entry,kitchen,kitchen,entry,kitchen,kitchen,kitchen,bedroom_3,kitchen,bedroom_3,bedroom_3,kitchen,kitchen,kitchen,bedroom_3,entry,living,bedroom_2,bedroom_4,entry,kitchen,kitchen,living,living,bedroom_4,kitchen,kitchen,entry,living,kitchen,kitchen,kitchen,kitchen,kitchen,kitchen,entry,bedroom_2,entry,bedroom_2
37800,d26 Sat 06:00,living,kitchen,kitchen,living,bathroom,kitchen,entry,bedroom_1,entry,bedroom_1,bedroom_2,living,entry,kitchen,entry,kitchen,kitchen,entry,kitchen,entry,bedroom_2,entry,kitchen,kitchen,entry,kitchen,kitchen,kitchen,bedroom_3,kitchen,bedroom_3,bedroom_3,kitchen,kitchen,kitchen,bedroom_3,entry,living,bedroom_2,bedroom_4,entry,kitchen,kitchen,living,living,bedroom_4,kitchen,kitchen,entry,living,kitchen,kitchen,kitchen,kitchen,kitchen,kitchen,entry,bedroom_2,entry,bedroom_2
37860,d26 Sat 07:00,living,kitchen,kitchen,living,bathroom,kitchen,entry,bedroom_1,entry,bedroom_1,bedroom_2,living,entry,kitchen,entry,kitchen,kitchen,entry,kitchen,entry,bedroom_2,entry,kitchen,kitchen,entry,kitchen,kitchen,kitchen,bedroom_3,kitchen,bedroom_3,bedroom_3,kitchen,kitchen,kitchen,bedroom_3,entry,living,bedroom_2,bedroom_4,entry,kitchen,kitchen,living,living,bedroom_4,kitchen,kitchen,entry,living,kitchen,kitchen,kitchen,kitchen,kitchen,kitchen,entry,bedroom_2,entry,bedroom_2
37920,d26 Sat 08:00,living,kitchen,kitchen,living,kitchen,kitchen,entry,kitchen,entry,bedroom_1,bedroom_2,living,entry,kitchen,entry,kitchen,kitchen,entry,kitchen,entry,bedroom_2,entry,kitchen,kitchen,entry,bathroom,kitchen,kitchen,bedroom_3,kitchen,bedroom_3,bedroom_3,kitchen,kitchen,kitchen,kitchen,entry,living,kitchen,kitchen,entry,kitchen,kitchen,living,living,bedroom_4,kitchen,kitchen,entry,living,kitchen,kitchen,kitchen,kitchen,kitchen,kitchen,entry,bedroom_2,entry,bedroom_2
37980,d26 Sat 09:00,living,kitchen,kitchen,living,kitchen,kitchen,entry,kitchen,entry,bedroom_1,bedroom_2,living,entry,kitchen,entry,kitchen,kitchen,entry,kitchen,entry,bedroom_2,entry,kitchen,kitchen,entry,bedroom_2,kitchen,kitchen,bedroom_3,kitchen,bedroom_3,bedroom_3,kitchen,kitchen,kitchen,kitchen,entry,living,kitchen,kitchen,entry,kitchen,kitchen,living,living,bedroom_4,kitchen,kitchen,entry,living,kitchen,kitchen,kitchen,kitchen,kitchen,kitchen,entry,bedroom_2,entry,bedroom_2
38040,d26 Sat 10:00,outside,outside,kitchen,living,kitchen,outside,entry,outside,outside,outside,bedroom_2,living,entry,kitchen,entry,kitchen,kitchen,entry,kitchen,entry,bedroom_2,entry,kitchen,kitchen,entry,bedroom_2,kitchen,kitchen,bedroom_3,bedroom_3,bedroom_3,bedroom_3,kitchen,kitchen,kitchen,kitchen,entry,living,outside,outside,outside,outside,outside,outside,living,bedroom_4,kitchen,kitchen,outside,living,kitchen,kitchen,kitchen,kitchen,kitchen,kitchen,entry,bedroom_2,entry,bedroom_2
38100,d26 Sat 11:00,outside,outside,kitchen,living,kitchen,outside,entry,outside,outside,outside,outside,outside,outside,outside,outside,outside,outside,outside,kitchen,entry,bedroom_2,entry,kitchen,kitchen,entry,bathroom,kitchen,kitchen,outside,outside,outside,outside,outside,kitchen,kitchen,kitchen,outside,living,kitchen,entry,entry,kitchen,kitchen,living,living,bedroom_4,kitchen,kitchen,entry,living,kitchen,kitchen,kitchen,kitchen,kitchen,kitchen,entry,bedroom_2,entry,entry
38160,d26 Sat 12:00,outside,outside,kitchen,living,kitchen,outside,entry,outside,outside,outside,outside,outside,outside,outside,outside,outside,outside,outside,kitchen,entry,bedroom_2,entry,kitchen,kitchen,entry,bathroom,kitchen,kitchen,bedroom_3,bedroom_3,bedroom_3,bedroom_3,kitchen,kitchen,kitchen,kitchen,kitchen,living,kitchen,entry,entry,kitchen,kitchen,living,living,bedroom_4,kitchen,kitchen,entry,living,kitchen,kitchen,kitchen,kitchen,kitchen,kitchen,entry,bedroom_2,entry,entry
38220,d26 Sat 13:00,living,living,living,living,kitchen,kitchen,entry,living,entry,bedroom_1,bedroom_2,living,entry,bedroom_2,entry,kitchen,kitchen,entry,kitchen,entry,bedroom_2,entry,kitchen,kitchen,entry,bathroom,kitchen,kitchen,bedroom_3,bedroom_3,bedroom_3,bedroom_3,kitchen,kitchen,kitchen,kitchen,kitchen,living,kitchen,entry,entry,kitchen,kitchen,living,living,bedroom_4,kitchen,kitchen,entry,living,kitchen,kitchen,kitchen,kitchen,kitchen,kitchen,entry,bedroom_2,entry,entry
38280,d26 Sat 14:00,living,living,kitchen,living,kitchen,kitchen,entry,living,entry,bedroom_1,bedroom_2,living,entry,bedroom_2,entry,kitchen,kitchen,entry,kitchen,entry,bedroom_2,entry,kitchen,kitchen,entry,bathroom,kitchen,kitchen,bedroom_3,bedroom_3,bedroom_3,bedroom_3,kitchen,kitchen,kitchen,kitchen,kitchen,living,kitchen,entry,entry,kitchen,kitchen,kitchen,living,living,kitchen,kitchen,entry,living,kitchen,kitchen,kitchen,kitchen,kitchen,kitchen,entry,bedroom_2,entry,entry
38340,d26 Sat 15:00,living,living,kitchen,living,kitchen,kitchen,entry,living,entry,bedroom_1,bedroom_2,living,entry,bedroom_2,entry,kitchen,kitchen,entry,kitchen,entry,bedroom_2,entry,kitchen,kitchen,entry,bathroom,kitchen,kitchen,bedroom_3,bedroom_3,bedroom_3,bedroom_3,kitchen,kitchen,kitchen,kitchen,kitchen,living,kitchen,entry,entry,kitchen,kitchen,living,living,living,kitchen,kitchen,entry,living,kitchen,kitchen,kitchen,kitchen,kitchen,kitchen,entry,bedroom_2,entry,entry
38400,d26 Sat 16:00,living,living,kitchen,living,kitchen,kitchen,entry,living,entry,bedroom_1,bedroom_2,living,entry,bedroom_2,entry,kitchen,kitchen,entry,kitchen,entry,bedroom_2,entry,kitchen,kitchen,entry,bathroom,kitchen,kitchen,bedroom_3,bedroom_3,bedroom_3,bedroom_3,kitchen,kitchen,kitchen,kitchen,kitchen,living,kitchen,entry,entry,kitchen,kitchen,living,living,living,kitchen,kitchen,entry,living,kitchen,kitchen,kitchen,kitchen,kitchen,kitchen,entry,bedroom_2,entry,entry
38460,d26 Sat 17:00,living,living,kitchen,living,kitchen,kitchen,entry,living,entry,bedroom_1,bedroom_2,living,entry,bedroom_2,entry,kitchen,kitchen,entry,kitchen,entry,bedroom_2,entry,kitchen,kitchen,entry,bathroom,kitchen,kitchen,bedroom_3,kitchen,bedroom_3,bedroom_3,kitchen,kitchen,kitchen,kitchen,kitchen,living,kitchen,entry,entry,kitchen,kitchen,living,living,living,kitchen,kitchen,entry,living,kitchen,kitchen,kitchen,kitchen,kitchen,kitchen,entry,bedroom_2,entry,bedroom_2
38520,d26 Sat 18:00,living,living,kitchen,living,kitchen,kitchen,entry,living,entry,bedroom_1,bedroom_2,living,entry,bedroom_2,entry,living,kitchen,entry,kitchen,entry,bedroom_2,entry,kitchen,kitchen,entry,bathroom,kitchen,kitchen,bedroom_3,kitchen,bedroom_3,bedroom_3,kitchen,kitchen,kitchen,kitchen,kitchen,living,kitchen,entry,entry,kitchen,kitchen,living,living,living,kitchen,kitchen,kitchen,living,kitchen,kitchen,kitchen,kitchen,kitchen,kitchen,entry,bedroom_2,entry,bedroom_2
38580,d26 Sat 19:00,living,living,kitchen,living,kitchen,kitchen,entry,living,entry,bedroom_1,bedroom_2,living,entry,bedroom_2,entry,living,kitchen,entry,kitchen,entry,bedroom_2,entry,kitchen,kitchen,entry,bathroom,kitchen,kitchen,bedroom_3,kitchen,bedroom_3,bedroom_3,kitchen,kitchen,kitchen,kitchen,kitchen,living,kitchen,entry,entry,kitchen,kitchen,living,living,living,kitchen,kitchen,kitchen,living,living,kitchen,kitchen,kitchen,kitchen,kitchen,entry,bedroom_2,entry,bedroom_2
38640,d26 Sat 20:00,living,living,kitchen,living,kitchen,kitchen,entry,living,entry,bedroom_1,bedroom_2,living,entry,bedroom_2,entry,living,kitchen,entry,kitchen,entry,bedroom_2,entry,kitchen,kitchen,entry,bathroom,kitchen,kitchen,bedroom_3,kitchen,bedroom_3,bedroom_3,kitchen,kitchen,kitchen,kitchen,kitchen,living,kitchen,entry,entry,kitchen,kitchen,living,living,living,kitchen,kitchen,kitchen,living,living,kitchen,kitchen,kitchen,kitchen,kitchen,entry,bedroom_2,entry,bedroom_2
38700,d26 Sat 21:00,living,living,kitchen,living,kitchen,kitchen,entry,living,entry,bedroom_1,bedroom_2,living,entry,bedroom_2,entry,living,kitchen,entry,kitchen,entry,bedroom_2,entry,kitchen,kitchen,kitchen,bathroom,kitchen,kitchen,bedroom_3,kitchen,bedroom_3,bedroom_3,kitchen,kitchen,kitchen,kitchen,kitchen,living,kitchen,entry,entry,kitchen,kitchen,living,living,living,kitchen,kitchen,kitchen,living,bedroom_4,kitchen,kitchen,kitchen,kitchen,kitchen,entry,bedroom_2,entry,bedroom_2
38760,d26 Sat 22:00,living,living,kitchen,living,kitchen,kitchen,entry,living,entry,bedroom_1,bedroom_2,living,entry,bedroom_2,entry,bedroom_2,kitchen,entry,kitchen,entry,bedroom_2,entry,kitchen,kitchen,kitchen,bathroom,kitchen,kitchen,bedroom_3,kitchen,bedroom_3,bedroom_3,kitchen,kitchen,kitchen,kitchen,kitchen,living,kitchen,entry,entry,kitchen,kitchen,living,living,living,kitchen,kitchen,kitchen,living,bedroom_4,kitchen,kitchen,kitchen,kitchen,kitchen,entry,bedroom_2,entry,bedroom_2
38820,d26 Sat 23:00,living,living,kitchen,living,kitchen,kitchen,entry,living,entry,bedroom_1,bedroom_2,living,entry,bedroom_2,entry,bedroom_2,kitchen,entry,kitchen,entry,bedroom_2,entry,kitchen,kitchen,kitchen,bathroom,kitchen,kitchen,bedroom_3,kitchen,bedroom_3,bedroom_3,kitchen,kitchen,kitchen,kitchen,kitchen,living,kitchen,entry,entry,kitchen,kitchen,living,living,living,kitchen,kitchen,kitchen,living,bedroom_4,kitchen,kitchen,kitchen,kitchen,kitchen,entry,bedroom_2,entry,bedroom_2
38880,d27 Sun 00:00,living,living,kitchen,living,kitchen,kitchen,entry,living,entry,bedroom_1,bedroom_2,living,entry,bedroom_2,entry,bedroom_2,kitchen,entry,kitchen,entry,bedroom_2,entry,kitchen,kitchen,kitchen,bathroom,kitchen,kitchen,bedroom_3,kitchen,bedroom_3,bedroom_3,kitchen,kitchen,kitchen,kitchen,kitchen,living,kitchen,entry,entry,kitchen,kitchen,living,living,living,kitchen,kitchen,kitchen,living,bedroom_4,kitchen,kitchen,kitchen,kitchen,kitchen,entry,bedroom_2,entry,bedroom_2
38940,d27 Sun 01:00,living,living,kitchen,living,kitchen,kitchen,entry,living,entry,bedroom_1,bedroom_2,living,entry,bedroom_2,entry,bedroom_2,kitchen,entry,kitchen,entry,bedroom_2,entry,kitchen,kitchen,kitchen,bathroom,kitchen,kitchen,bedroom_3,kitchen,bedroom_3,bedroom_3,kitchen,kitchen,kitchen,kitchen,kitchen,living,kitchen,entry,entry,kitchen,kitchen,living,living,living,kitchen,kitchen,kitchen,living,bedroom_4,kitchen,kitchen,kitchen,kitchen,kitchen,entry,bedroom_2,entry,bedroom_2
39000,d27 Sun 02:00,living,living,kitchen,living,kitchen,kitchen,entry,living,entry,bedroom_1,bedroom_2,living,entry,bedroom_2,entry,bedroom_2,kitchen,entry,kitchen,entry,bedroom_2,entry,kitchen,kitchen,kitchen,bathroom,kitchen,kitchen,bedroom_3,kitchen,bedroom_3,bedroom_3,kitchen,kitchen,kitchen,kitchen,kitchen,living,kitchen,entry,entry,kitchen,kitchen,living,living,living,kitchen,kitchen,kitchen,living,bedroom_4,kitchen,kitchen,kitchen,kitchen,kitchen,entry,bedroom_2,entry,bedroom_2
39060,d27 Sun 03:00,living,living,kitchen,living,kitchen,kitchen,entry,living,entry,bedroom_1,bedroom_2,living,entry,bedroom_2,entry,bedroom_2,kitchen,entry,kitchen,entry,bedroom_2,entry,kitchen,kitchen,kitchen,bathroom,kitchen,kitchen,bedroom_3,kitchen,bedroom_3,bedroom_3,kitchen,kitchen,kitchen,kitchen,kitchen,living,kitchen,entry,entry,kitchen,kitchen,living,living,living,kitchen,kitchen,kitchen,living,bedroom_4,kitchen,kitchen,kitchen,kitchen,kitchen,entry,bedroom_2,entry,bedroom_2
39120,d27 Sun 04:00,living,living,kitchen,living,kitchen,kitchen,entry,living,entry,bedroom_1,bedroom_2,living,entry,bedroom_2,entry,bedroom_2,kitchen,entry,kitchen,entry,bedroom_2,entry,kitchen,kitchen,kitchen,bathroom,kitchen,kitchen,bedroom_3,kitchen,bedroom_3,bedroom_3,kitchen,kitchen,kitchen,kitchen,kitchen,living,kitchen,entry,entry,kitchen,kitchen,living,living,living,kitchen,kitchen,kitchen,living,bedroom_4,kitchen,kitchen,kitchen,kitchen,kitchen,entry,bedroom_2,entry,bedroom_2
39180,d27 Sun 05:00,living,living,kitchen,living,kitchen,kitchen,entry,living,entry,bedroom_1,bedroom_2,living,entry,bedroom_2,entry,bedroom_2,kitchen,entry,kitchen,entry,bedroom_2,entry,kitchen,kitchen,kitchen,bathroom,kitchen,kitchen,bedroom_3,kitchen,bedroom_3,bedroom_3,kitchen,kitchen,kitchen,kitchen,kitchen,living,kitchen,entry,entry,kitchen,kitchen,living,living,living,kitchen,kitchen,kitchen,living,bedroom_4,kitchen,kitchen,kitchen,kitchen,kitchen,entry,bedroom_2,entry,bedroom_2
39240,d27 Sun 06:00,living,living,kitchen,living,kitchen,kitchen,entry,living,entry,bedroom_1,bedroom_2,living,entry,bedroom_2,entry,bedroom_2,kitchen,entry,kitchen,entry,bedroom_2,entry,kitchen,kitchen,kitchen,bathroom,kitchen,kitchen,bedroom_3,kitchen,bedroom_3,bedroom_3,kitchen,kitchen,kitchen,kitchen,kitchen,living,kitchen,entry,entry,kitchen,kitchen,living,living,living,kitchen,kitchen,kitchen,living,bedroom_4,kitchen,kitchen,kitchen,kitchen,kitchen,entry,bedroom_2,entry,bedroom_2
39300,d27 Sun 07:00,living,living,kitchen,living,kitchen,kitchen,entry,living,entry,bedroom_1,bedroom_2,living,entry,bedroom_2,entry,bedroom_2,kitchen,entry,kitchen,entry,bedroom_2,entry,kitchen,kitchen,kitchen,bathroom,kitchen,kitchen,bedroom_3,kitchen,bedroom_3,bedroom_3,kitchen,kitchen,kitchen,kitchen,kitchen,living,kitchen,entry,entry,kitchen,kitchen,living,living,living,kitchen,kitchen,kitchen,living,bedroom_4,kitchen,kitchen,kitchen,kitchen,kitchen,entry,bedroom_2,entry,bedroom_2
39360,d27 Sun 08:00,living,living,kitchen,living,kitchen,kitchen,entry,living,entry,bedroom_1,bedroom_2,living,entry,bedroom_2,entry,kitchen,kitchen,entry,kitchen,entry,bedroom_2,entry,kitchen,kitchen,kitchen,bedroom_4,kitchen,kitchen,bedroom_3,bedroom_3,bedroom_3,bedroom_3,kitchen,kitchen,kitchen,kitchen,kitchen,living,kitchen,entry,entry,kitchen,kitchen,living,living,living,kitchen,kitchen,kitchen,living,bedroom_4,kitchen,kitchen,kitchen,kitchen,kitchen,entry,bedroom_2,entry,bedroom_2
39420,d27 Sun 09:00,living,living,kitchen,living,bathroom,kitchen,entry,living,entry,bedroom_1,bedroom_2,living,entry,bedroom_2,entry,kitchen,kitchen,entry,kitchen,entry,bedroom_2,entry,kitchen,kitchen,kitchen,bedroom_2,kitchen,kitchen,bedroom_3,kitchen,bedroom_3,bedroom_3,kitchen,kitchen,kitchen,kitchen,kitchen,living,kitchen,entry,entry,kitchen,kitchen,living,living,living,kitchen,kitchen,kitchen,living,bedroom_4,kitchen,kitchen,kitchen,kitchen,kitchen,entry,bedroom_2,entry,bedroom_2
39480,d27 Sun 10:00,living,living,kitchen,living,bathroom,kitchen,entry,living,entry,bedroom_1,bedroom_2,living,entry,bedroom_2,entry,kitchen,kitchen,entry,kitchen,entry,bedroom_2,entry,kitchen,kitchen,kitchen,bedroom_2,kitchen,kitchen,bedroom_3,kitchen,bedroom_3,bedroom_3,kitchen,kitchen,kitchen,kitchen,kitchen,living,kitchen,entry,entry,kitchen,kitchen,living,living,living,kitchen,kitchen,kitchen,living,bedroom_4,kitchen,kitchen,kitchen,kitchen,kitchen,entry,bedroom_2,entry,bedroom_2
39540,d27 Sun 11:00,living,living,kitchen,living,bathroom,kitchen,entry,living,entry,bedroom_1,outside,outside,outside,outside,outside,outside,outside,outside,kitchen,entry,bedroom_2,entry,kitchen,kitchen,kitchen,bedroom_2,kitchen,kitchen,bedroom_3,kitchen,bedroom_3,bedroom_3,kitchen,kitchen,kitchen,kitchen,kitchen,living,outside,outside,outside,outside,outside,outside,living,living,kitchen,kitchen,outside,living,bedroom_4,kitchen,kitchen,kitchen,kitchen,kitchen,entry,bedroom_2,entry,bedroom_2
39600,d27 Sun 12:00,living,living,kitchen,living,bathroom,kitchen,entry,living,entry,bedroom_1,bedroom_2,living,entry,bedroom_2,entry,kitchen,kitchen,entry,kitchen,entry,bedroom_2,entry,kitchen,kitchen,kitchen,bedroom_2,kitchen,kitchen,bedroom_3,bedroom_3,bedroom_3,bedroom_3,kitchen,kitchen,kitchen,bedroom_3,kitchen,living,kitchen,entry,entry,kitchen,kitchen,living,living,living,kitchen,kitchen,entry,living,bedroom_4,kitchen,kitchen,kitchen,kitchen,kitchen,entry,bedroom_2,entry,bedroom_2
39660,d27 Sun 13:00,living,living,kitchen,living,bathroom,kitchen,entry,living,entry,bedroom_1,bedroom_2,living,entry,bedroom_2,entry,kitchen,kitchen,entry,kitchen,entry,bedroom_2,entry,kitchen,kitchen,kitchen,bedroom_2,kitchen,kitchen,bedroom_3,kitchen,bedroom_3,bedroom_3,kitchen,kitchen,kitchen,kitchen,kitchen,living,kitchen,entry,entry,kitchen,kitchen,living,living,living,kitchen,kitchen,entry,living,bedroom_4,kitchen,kitchen,kitchen,kitchen,kitchen,entry,bedroom_2,entry,bedroom_2
39720,d27 Sun 14:00,living,living,kitchen,living,bathroom,kitchen,bedroom_3,living,entry,bedroom_1,bedroom_2,living,entry,bedroom_2,entry,kitchen,kitchen,entry,kitchen,entry,bedroom_2,entry,kitchen,kitchen,kitchen,bedroom_2,kitchen,kitchen,bedroom_3,bedroom_3,bedroom_3,bedroom_3,kitchen,kitchen,kitchen,bedroom_3,kitchen,living,kitchen,entry,entry,kitchen,kitchen,living,living,living,kitchen,kitchen,entry,living,bedroom_4,kitchen,kitchen,kitchen,kitchen,kitchen,entry,bedroom_2,entry,bedroom_2
39780,d27 Sun 15:00,living,living,kitchen,living,bathroom,kitchen,entry,living,entry,bedroom_1,bedroom_2,living,entry,bedroom_2,entry,kitchen,kitchen,entry,kitchen,entry,bedroom_2,entry,kitchen,kitchen,kitchen,entry,kitchen,kitchen,bedroom_3,bedroom_3,bedroom_3,bedroom_3,kitchen,kitchen,bedroom_3,bedroom_3,kitchen,living,kitchen,entry,entry,kitchen,kitchen,living,living,living,living,bedroom_4,entry,living,bedroom_4,kitchen,kitchen,kitchen,kitchen,kitchen,entry,bedroom_2,entry,bedroom_2
39840,d27 Sun 16:00,living,living,kitchen,living,bathroom,kitchen,entry,living,entry,bedroom_1,bedroom_2,living,entry,bedroom_2,entry,kitchen,kitchen,entry,kitchen,entry,bedroom_2,kitchen,kitchen,kitchen,kitchen,entry,kitchen,kitchen,bedroom_3,kitchen,bedroom_3,bedroom_3,kitchen,kitchen,bedroom_3,kitchen,kitchen,living,kitchen,entry,entry,kitchen,kitchen,living,living,living,kitchen,kitchen,entry,living,bedroom_4,living,kitchen,kitchen,kitchen,kitchen,entry,bedroom_2,kitchen,bedroom_2
39900,d27 Sun 17:00,living,living,kitchen,living,bathroom,kitchen,entry,living,entry,bedroom_1,bedroom_2,living,entry,bedroom_2,entry,entry,kitchen,entry,kitchen,entry,bedroom_2,kitchen,kitchen,kitchen,kitchen,bathroom,kitchen,kitchen,bedroom_3,kitchen,bedroom_3,bedroom_3,kitchen,kitchen,bedroom_3,kitchen,kitchen,living,kitchen,entry,entry,kitchen,kitchen,living,living,living,kitchen,kitchen,entry,living,bedroom_4,living,kitchen,kitchen,kitchen,kitchen,entry,bedroom_2,kitchen,bedroom_2
39960,d27 Sun 18:00,living,living,kitchen,living,bathroom,kitchen,entry,living,entry,bedroom_1,bedroom_2,living,entry,bedroom_2,entry,kitchen,kitchen,entry,kitchen,entry,bedroom_2,kitchen,kitchen,kitchen,kitchen,bathroom,kitchen,kitchen,bedroom_3,kitchen,bedroom_3,bedroom_3,kitchen,kitchen,bedroom_3,kitchen,kitchen,living,kitchen,kitchen,entry,kitchen,kitchen,living,living,living,kitchen,kitchen,entry,living,bedroom_4,living,kitchen,kitchen,kitchen,kitchen,entry,bedroom_2,kitchen,bedroom_2
40020,d27 Sun 19:00,living,living,kitchen,living,bathroom,kitchen,entry,living,entry,bedroom_1,bedroom_2,living,entry,bedroom_2,entry,bedroom_2,kitchen,entry,kitchen,entry,bedroom_2,kitchen,kitchen,kitchen,kitchen,bathroom,bathroom,kitchen,bedroom_3,bathroom,bedroom_3,bedroom_3,kitchen,kitchen,bedroom_3,bathroom,kitchen,living,kitchen,kitchen,entry,kitchen,kitchen,living,living,bedroom_4,kitchen,kitchen,entry,living,bedroom_4,living,kitchen,kitchen,kitchen,kitchen,entry,bedroom_2,kitchen,bedroom_2
40080,d27 Sun 20:00,living,living,kitchen,living,bathroom,kitchen,entry,living,entry,bedroom_1,bedroom_2,living,entry,bedroom_2,entry,bedroom_2,kitchen,entry,kitchen,entry,bedroom_2,kitchen,bedroom_2,kitchen,kitchen,bathroom,bathroom,kitchen,bedroom_3,bathroom,bedroom_3,bedroom_3,kitchen,kitchen,bedroom_3,bathroom,kitchen,living,kitchen,kitchen,entry,kitchen,kitchen,living,living,bedroom_4,kitchen,kitchen,entry,living,bedroom_4,living,kitchen,kitchen,kitchen,kitchen,entry,bedroom_2,kitchen,bedroom_2
40140,d27 Sun 21:00,living,living,kitchen,living,bathroom,kitchen,entry,living,entry,bedroom_1,bedroom_2,living,entry,bedroom_2,entry,bedroom_2,kitchen,entry,kitchen,entry,bedroom_2,kitchen,bedroom_2,kitchen,kitchen,bathroom,bathroom,kitchen,bedroom_3,bathroom,bedroom_3,bedroom_3,kitchen,kitchen,bedroom_3,bathroom,kitchen,living,kitchen,kitchen,entry,kitchen,kitchen,living,living,bedroom_4,kitchen,kitchen,entry,living,bedroom_4,living,kitchen,kitchen,kitchen,kitchen,entry,bedroom_2,kitchen,bedroom_2
40200,d27 Sun 22:00,living,living,kitchen,living,bathroom,kitchen,entry,living,entry,bedroom_1,bedroom_2,kitchen,entry,bedroom_2,entry,bedroom_2,kitchen,entry,kitchen,entry,bedroom_2,kitchen,bedroom_2,kitchen,kitchen,bathroom,bathroom,kitchen,bedroom_3,bedroom_3,bedroom_3,bedroom_3,kitchen,kitchen,bedroom_3,bedroom_3,kitchen,living,kitchen,kitchen,entry,kitchen,kitchen,living,living,bedroom_4,kitchen,kitchen,entry,living,bedroom_4,living,kitchen,kitchen,kitchen,kitchen,entry,bedroom_2,kitchen,bedroom_2
40260,d27 Sun 23:00,living,living,kitchen,living,bathroom,kitchen,entry,living,entry,bedroom_1,bedroom_2,kitchen,entry,bedroom_2,entry,bedroom_2,kitchen,entry,kitchen,entry,bedroom_2,kitchen,bedroom_2,kitchen,kitchen,bathroom,bathroom,kitchen,bedroom_3,bedroom_3,bedroom_3,bedroom_3,kitchen,kitchen,bedroom_3,bedroom_3,kitchen,living,kitchen,kitchen,entry,kitchen,kitchen,living,living,bedroom_4,kitchen,kitchen,entry,living,bedroom_4,living,kitchen,kitchen,kitchen,kitchen,entry,bedroom_2,kitchen,bedroom_2
