start,end,day,t0_min,t1_min,activity
2010-11-04 00:03:50,2010-11-04 05:40:43,0,3.84,340.73,Sleeping
2010-11-04 05:40:51,2010-11-04 05:43:30,0,340.86,343.5,Bed_to_Toilet
2010-11-04 05:43:45,2010-11-04 08:01:12,0,343.76,481.2,Sleeping
2010-11-04 08:11:09,2010-11-04 08:27:02,0,491.17,507.05,Meal_Preparation
2010-11-04 08:33:52,2010-11-04 08:35:45,0,513.88,515.76,Meal_Preparation
2010-11-04 09:29:23,2010-11-04 09:34:05,0,569.39,574.1,Relax
2010-11-04 09:34:16,2010-11-04 09:44:40,0,574.28,584.67,Housekeeping
2010-11-04 09:48:52,2010-11-04 09:53:02,0,588.87,593.05,Meal_Preparation
2010-11-04 09:54:58,2010-11-04 09:56:27,0,594.98,596.46,Meal_Preparation
2010-11-04 09:56:41,2010-11-04 09:59:04,0,596.7,599.07,Eating
2010-11-04 09:59:47,2010-11-04 10:02:48,0,599.8,602.82,Eating
2010-11-04 10:03:21,2010-11-04 10:04:25,0,603.37,604.43,Wash_Dishes
2010-11-04 11:29:08,2010-11-04 11:33:48,0,689.14,693.81,Housekeeping
2010-11-04 11:41:34,2010-11-04 11:41:43,0,701.57,701.72,Leave_Home
2010-11-04 11:43:30,2010-11-04 11:43:34,0,703.5,703.58,Enter_Home
2010-11-04 11:43:53,2010-11-04 11:43:58,0,703.9,703.97,Leave_Home
2010-11-04 11:47:48,2010-11-04 11:47:52,0,707.8,707.88,Enter_Home
2010-11-04 14:46:25,2010-11-04 15:13:24,0,886.43,913.41,Relax
2010-11-04 15:23:00,2010-11-04 15:25:33,0,923.0,925.56,Meal_Preparation
2010-11-04 15:25:35,2010-11-04 15:28:42,0,925.59,928.71,Eating
2010-11-04 15:47:48,2010-11-04 16:10:33,0,947.8,970.56,Work
2010-11-04 16:15:57,2010-11-04 16:21:58,0,975.96,981.97,Relax
2010-11-04 16:21:59,2010-11-04 16:31:26,0,982.0,991.45,Meal_Preparation
2010-11-04 16:32:53,2010-11-04 16:34:13,0,992.89,994.23,Meal_Preparation
2010-11-04 16:36:10,2010-11-04 17:06:00,0,996.17,1026.01,Meal_Preparation
2010-11-04 17:06:21,2010-11-04 17:27:12,0,1026.36,1047.2,Relax
2010-11-04 17:27:13,2010-11-04 17:27:55,0,1047.23,1047.92,Meal_Preparation
2010-11-04 17:28:26,2010-11-04 17:33:54,0,1048.45,1053.91,Relax
2010-11-04 17:35:16,2010-11-04 17:37:11,0,1055.27,1057.19,Eating
2010-11-04 17:37:24,2010-11-04 17:55:20,0,1057.41,1075.34,Wash_Dishes
2010-11-04 17:55:24,2010-11-04 17:57:47,0,1075.42,1077.79,Work
2010-11-05 00:00:11,2010-11-05 04:18:05,1,1440.19,1698.09,Sleeping
2010-11-05 04:18:09,2010-11-05 04:20:50,1,1698.16,1700.84,Bed_to_Toilet
2010-11-05 04:21:04,2010-11-05 07:48:11,1,1701.07,1908.19,Sleeping
2010-11-05 07:54:57,2010-11-05 07:58:23,1,1914.97,1918.39,Meal_Preparation
2010-11-05 07:58:49,2010-11-05 08:00:59,1,1918.82,1921.0,Work
2010-11-05 08:22:17,2010-11-05 08:35:20,1,1942.29,1955.34,Work
2010-11-05 08:35:50,2010-11-05 08:57:18,1,1955.84,1977.31,Work
2010-11-05 09:04:06,2010-11-05 09:05:14,1,1984.1,1985.25,Work
2010-11-05 09:26:22,2010-11-05 09:30:15,1,2006.37,2010.26,Work
2010-11-05 09:35:08,2010-11-05 09:37:03,1,2015.15,2017.06,Relax
2010-11-05 09:42:01,2010-11-05 11:12:02,1,2022.03,2112.04,Housekeeping
2010-11-05 11:14:14,2010-11-05 11:14:43,1,2114.25,2114.72,Leave_Home
2010-11-05 12:48:12,2010-11-05 12:48:16,1,2208.21,2208.28,Enter_Home
2010-11-05 12:59:38,2010-11-05 13:00:23,1,2219.63,2220.4,Leave_Home
2010-11-05 13:00:33,2010-11-05 13:01:23,1,2220.56,2221.38,Enter_Home
2010-11-05 13:25:15,2010-11-05 13:25:20,1,2245.26,2245.33,Leave_Home
2010-11-05 13:25:30,2010-11-05 13:25:35,1,2245.51,2245.59,Enter_Home
2010-11-05 13:27:35,2010-11-05 13:30:09,1,2247.59,2250.15,Work
2010-11-05 13:38:02,2010-11-05 13:45:53,1,2258.05,2265.9,Relax
2010-11-05 13:49:02,2010-11-05 13:49:08,1,2269.04,2269.15,Leave_Home
2010-11-05 15:50:59,2010-11-05 15:51:04,1,2390.99,2391.07,Enter_Home
2010-11-05 16:00:09,2010-11-05 16:00:14,1,2400.17,2400.24,Leave_Home
2010-11-05 16:19:06,2010-11-05 16:19:10,1,2419.12,2419.18,Enter_Home
2010-11-05 16:19:38,2010-11-05 16:20:04,1,2419.64,2420.08,Meal_Preparation
2010-11-05 16:21:25,2010-11-05 16:25:35,1,2421.43,2425.59,Meal_Preparation
2010-11-05 16:25:44,2010-11-05 16:29:13,1,2425.73,2429.23,Eating
2010-11-05 16:29:30,2010-11-05 16:30:21,1,2429.51,2430.35,Wash_Dishes
2010-11-05 16:30:40,2010-11-05 16:30:45,1,2430.68,2430.76,Leave_Home
2010-11-05 16:30:56,2010-11-05 16:31:00,1,2430.93,2431.0,Enter_Home
2010-11-05 22:20:33,2010-11-05 22:38:23,1,2780.57,2798.4,Work
2010-11-05 22:48:22,2010-11-06 04:23:40,1,2808.38,3143.67,Sleeping
2010-11-06 04:23:50,2010-11-06 04:27:00,2,3143.84,3147.0,Bed_to_Toilet
2010-11-06 04:27:34,2010-11-06 08:57:49,2,3147.58,3417.83,Sleeping
2010-11-06 09:09:44,2010-11-06 09:19:14,2,3429.74,3439.25,Meal_Preparation
2010-11-06 09:21:10,2010-11-06 09:28:18,2,3441.18,3448.31,Meal_Preparation
2010-11-06 09:28:19,2010-11-06 09:37:40,2,3448.33,3457.68,Eating
2010-11-06 09:38:24,2010-11-06 09:41:18,2,3458.41,3461.31,Wash_Dishes
2010-11-06 10:28:15,2010-11-06 10:30:39,2,3508.26,3510.66,Work
2010-11-06 10:36:44,2010-11-06 11:11:04,2,3516.75,3551.08,Housekeeping
2010-11-06 11:11:08,2010-11-06 11:25:23,2,3551.14,3565.39,Relax
2010-11-06 11:25:43,2010-11-06 11:48:21,2,3565.72,3588.36,Housekeeping
2010-11-06 11:55:15,2010-11-06 11:56:11,2,3595.26,3596.19,Meal_Preparation
2010-11-06 11:58:12,2010-11-06 12:02:08,2,3598.2,3602.14,Meal_Preparation
2010-11-06 12:02:29,2010-11-06 12:09:53,2,3602.49,3609.9,Eating
2010-11-06 12:09:59,2010-11-06 12:11:57,2,3610.0,3611.96,Wash_Dishes
2010-11-06 12:35:50,2010-11-06 12:49:00,2,3635.84,3649.0,Eating
2010-11-06 13:01:51,2010-11-06 13:01:56,2,3661.86,3661.93,Leave_Home
2010-11-06 16:59:10,2010-11-06 16:59:22,2,3899.18,3899.37,Enter_Home
2010-11-06 17:05:28,2010-11-06 17:05:32,2,3905.47,3905.55,Leave_Home
2010-11-06 17:06:00,2010-11-06 17:06:04,2,3906.0,3906.08,Enter_Home
2010-11-06 17:07:53,2010-11-06 17:07:58,2,3907.89,3907.97,Leave_Home
2010-11-06 17:34:42,2010-11-06 17:34:46,2,3934.71,3934.78,Enter_Home
2010-11-06 18:29:36,2010-11-06 18:41:18,2,3989.61,4001.31,Relax
2010-11-06 19:59:48,2010-11-06 20:41:11,2,4079.81,4121.19,Relax
2010-11-06 20:46:41,2010-11-06 20:54:02,2,4126.69,4134.04,Relax
2010-11-06 21:01:03,2010-11-06 22:27:07,2,4141.05,4227.12,Relax
2010-11-06 22:27:35,2010-11-06 22:36:08,2,4227.59,4236.14,Relax
2010-11-06 22:46:34,2010-11-06 23:26:55,2,4246.58,4286.92,Relax
2010-11-06 23:28:33,2010-11-06 23:52:55,2,4288.55,4312.93,Work
2010-11-07 00:02:39,2010-11-07 00:34:46,3,4322.65,4354.78,Sleeping
2010-11-07 00:34:48,2010-11-07 00:35:36,3,4354.81,4355.6,Bed_to_Toilet
2010-11-07 00:36:18,2010-11-07 03:43:08,3,4356.3,4543.14,Sleeping
2010-11-07 03:43:19,2010-11-07 03:46:23,3,4543.33,4546.4,Bed_to_Toilet
2010-11-07 03:46:41,2010-11-07 03:47:14,3,4546.69,4547.25,Sleeping
2010-11-07 03:49:20,2010-11-07 03:51:17,3,4549.34,4551.3,Bed_to_Toilet
2010-11-07 03:51:21,2010-11-07 07:34:57,3,4551.36,4774.96,Sleeping
2010-11-07 07:35:43,2010-11-07 07:37:13,3,4775.73,4777.23,Meal_Preparation
2010-11-07 07:50:09,2010-11-07 07:57:21,3,4790.15,4797.37,Meal_Preparation
2010-11-07 08:00:38,2010-11-07 08:06:12,3,4800.63,4806.2,Meal_Preparation
2010-11-07 08:06:14,2010-11-07 08:13:27,3,4806.24,4813.46,Eating
2010-11-07 08:14:48,2010-11-07 08:30:55,3,4814.81,4830.92,Relax
2010-11-07 08:33:29,2010-11-07 08:36:46,3,4833.49,4836.77,Relax
2010-11-07 08:44:12,2010-11-07 08:45:56,3,4844.2,4845.95,Work
2010-11-07 10:31:45,2010-11-07 11:55:25,3,4951.76,5035.43,Relax
2010-11-07 12:03:08,2010-11-07 12:06:32,3,5043.14,5046.54,Meal_Preparation
2010-11-07 12:08:27,2010-11-07 12:20:17,3,5048.45,5060.3,Eating
2010-11-07 12:21:15,2010-11-07 12:23:55,3,5061.26,5063.92,Meal_Preparation
2010-11-07 12:24:27,2010-11-07 12:30:34,3,5064.46,5070.58,Eating
2010-11-07 12:30:42,2010-11-07 12:38:26,3,5070.7,5078.44,Relax
2010-11-07 12:38:28,2010-11-07 12:54:59,3,5078.47,5094.99,Eating
2010-11-07 13:46:10,2010-11-07 14:12:53,3,5146.18,5172.89,Relax
2010-11-07 14:28:07,2010-11-07 14:33:38,3,5188.13,5193.65,Housekeeping
2010-11-07 14:37:13,2010-11-07 14:38:27,3,5197.22,5198.46,Work
2010-11-07 14:38:50,2010-11-07 14:40:38,3,5198.84,5200.65,Meal_Preparation
2010-11-07 14:40:39,2010-11-07 14:42:49,3,5200.66,5202.83,Eating
2010-11-07 14:43:42,2010-11-07 15:08:54,3,5203.71,5228.9,Relax
2010-11-07 15:10:28,2010-11-07 15:13:19,3,5230.47,5233.32,Eating
2010-11-07 15:40:57,2010-11-07 15:41:58,3,5260.96,5261.98,Meal_Preparation
2010-11-07 15:42:09,2010-11-07 15:55:52,3,5262.16,5275.88,Eating
2010-11-07 16:01:50,2010-11-07 16:09:33,3,5281.84,5289.56,Relax
2010-11-07 16:09:55,2010-11-07 16:11:51,3,5289.93,5291.85,Work
2010-11-07 16:14:12,2010-11-07 16:21:40,3,5294.21,5301.68,Relax
2010-11-07 16:24:47,2010-11-07 16:45:49,3,5304.79,5325.82,Relax
2010-11-07 16:48:51,2010-11-07 16:55:25,3,5328.86,5335.43,Relax
2010-11-07 16:56:12,2010-11-07 17:07:54,3,5336.21,5347.9,Relax
2010-11-07 17:07:54,2010-11-07 17:12:21,3,5347.91,5352.36,Eating
2010-11-07 17:19:51,2010-11-07 17:27:09,3,5359.86,5367.16,Meal_Preparation
2010-11-07 17:29:12,2010-11-07 17:30:23,3,5369.21,5370.39,Meal_Preparation
2010-11-07 17:30:26,2010-11-07 17:40:44,3,5370.45,5380.74,Eating
2010-11-07 17:40:51,2010-11-07 17:46:24,3,5380.86,5386.41,Wash_Dishes
2010-11-07 17:47:05,2010-11-07 18:15:27,3,5387.08,5415.46,Relax
2010-11-07 18:21:42,2010-11-07 19:09:38,3,5421.7,5469.65,Relax
2010-11-07 19:19:24,2010-11-07 19:37:57,3,5479.4,5497.95,Relax
2010-11-07 19:52:24,2010-11-07 20:05:57,3,5512.4,5525.96,Work
2010-11-07 20:37:41,2010-11-07 20:40:22,3,5557.69,5560.37,Eating
2010-11-07 20:40:41,2010-11-07 21:48:13,3,5560.68,5628.23,Relax
2010-11-07 21:52:18,2010-11-07 21:59:36,3,5632.3,5639.62,Relax
2010-11-07 22:00:40,2010-11-07 22:48:22,3,5640.68,5688.38,Relax
2010-11-07 22:59:09,2010-11-07 23:45:22,3,5699.16,5745.38,Relax
2010-11-07 23:52:03,2010-11-08 05:39:57,3,5752.06,6099.95,Sleeping
2010-11-08 05:40:10,2010-11-08 05:43:15,4,6100.18,6103.25,Bed_to_Toilet
2010-11-08 05:43:34,2010-11-08 08:06:37,4,6103.57,6246.62,Sleeping
2010-11-08 08:15:47,2010-11-08 08:19:26,4,6255.79,6259.44,Meal_Preparation
2010-11-08 08:20:36,2010-11-08 08:21:33,4,6260.6,6261.56,Meal_Preparation
2010-11-08 08:21:52,2010-11-08 08:34:43,4,6261.87,6274.73,Meal_Preparation
2010-11-08 08:35:53,2010-11-08 08:39:50,4,6275.9,6279.85,Meal_Preparation
2010-11-08 08:40:00,2010-11-08 09:03:09,4,6280.01,6303.16,Relax
2010-11-08 09:03:53,2010-11-08 09:09:41,4,6303.89,6309.68,Meal_Preparation
2010-11-08 09:10:05,2010-11-08 09:20:37,4,6310.09,6320.62,Relax
2010-11-08 09:37:57,2010-11-08 09:38:53,4,6337.96,6338.89,Meal_Preparation
2010-11-08 09:42:56,2010-11-08 09:44:21,4,6342.95,6344.35,Meal_Preparation
2010-11-08 09:49:03,2010-11-08 10:02:39,4,6349.06,6362.66,Relax
2010-11-08 10:03:57,2010-11-08 10:25:05,4,6363.96,6385.1,Eating
2010-11-08 10:28:50,2010-11-08 10:38:29,4,6388.83,6398.49,Eating
2010-11-08 11:28:52,2010-11-08 11:31:46,4,6448.88,6451.78,Eating
2010-11-08 11:42:48,2010-11-08 11:43:03,4,6462.81,6463.05,Leave_Home
2010-11-08 11:44:23,2010-11-08 11:44:32,4,6464.4,6464.54,Enter_Home
2010-11-08 11:44:42,2010-11-08 11:44:48,4,6464.7,6464.81,Leave_Home
2010-11-08 11:45:44,2010-11-08 11:45:48,4,6465.75,6465.82,Enter_Home
2010-11-08 11:46:08,2010-11-08 11:46:08,4,6466.14,6466.15,Leave_Home
2010-11-08 13:46:28,2010-11-08 13:46:43,4,6586.48,6586.72,Enter_Home
2010-11-08 13:58:31,2010-11-08 14:00:25,4,6598.53,6600.43,Meal_Preparation
2010-11-08 14:05:26,2010-11-08 14:06:07,4,6605.44,6606.12,Meal_Preparation
2010-11-08 14:06:15,2010-11-08 14:16:31,4,6606.26,6616.52,Eating
2010-11-08 14:16:39,2010-11-08 14:17:13,4,6616.66,6617.22,Wash_Dishes
2010-11-08 14:18:33,2010-11-08 14:59:16,4,6618.55,6659.27,Relax
2010-11-08 15:20:18,2010-11-08 16:14:22,4,6680.31,6734.37,Relax
2010-11-08 16:31:39,2010-11-08 16:40:02,4,6751.66,6760.04,Housekeeping
2010-11-08 16:42:31,2010-11-08 16:42:35,4,6762.52,6762.59,Leave_Home
2010-11-08 16:56:49,2010-11-08 16:56:54,4,6776.82,6776.9,Enter_Home
2010-11-08 17:09:23,2010-11-08 17:10:17,4,6789.38,6790.3,Work
2010-11-08 17:25:02,2010-11-08 17:25:15,4,6805.04,6805.26,Leave_Home
2010-11-08 17:33:06,2010-11-08 17:33:11,4,6813.11,6813.2,Enter_Home
2010-11-08 17:33:30,2010-11-08 17:39:13,4,6813.5,6819.22,Work
2010-11-08 17:45:21,2010-11-08 18:04:32,4,6825.35,6844.55,Work
2010-11-08 18:06:26,2010-11-08 18:40:25,4,6846.44,6880.42,Relax
2010-11-08 18:40:52,2010-11-08 18:43:17,4,6880.87,6883.29,Meal_Preparation
2010-11-08 18:44:08,2010-11-08 18:44:52,4,6884.14,6884.88,Meal_Preparation
2010-11-08 18:45:02,2010-11-08 18:54:49,4,6885.04,6894.82,Eating
2010-11-08 18:58:10,2010-11-08 19:17:19,4,6898.17,6917.33,Relax
2010-11-08 19:21:17,2010-11-08 19:45:44,4,6921.3,6945.74,Relax
2010-11-08 19:47:01,2010-11-08 19:57:05,4,6947.03,6957.09,Relax
2010-11-08 20:02:16,2010-11-08 20:40:25,4,6962.27,7000.43,Relax
2010-11-08 20:44:26,2010-11-08 22:11:51,4,7004.44,7091.85,Relax
2010-11-08 22:24:17,2010-11-08 23:28:40,4,7104.3,7168.67,Relax
2010-11-08 23:36:00,2010-11-08 23:44:58,4,7176.0,7184.98,Relax
2010-11-08 23:54:38,2010-11-09 00:30:28,4,7194.65,7230.47,Sleeping
2010-11-09 00:30:32,2010-11-09 00:32:54,5,7230.54,7232.91,Bed_to_Toilet
2010-11-09 00:33:12,2010-11-09 05:31:19,5,7233.21,7531.33,Sleeping
2010-11-09 05:31:30,2010-11-09 05:34:08,5,7531.51,7534.15,Bed_to_Toilet
2010-11-09 05:34:57,2010-11-09 08:39:58,5,7534.96,7719.98,Sleeping
2010-11-09 08:46:52,2010-11-09 08:55:17,5,7726.87,7735.3,Meal_Preparation
2010-11-09 08:57:28,2010-11-09 09:01:03,5,7737.47,7741.05,Meal_Preparation
2010-11-09 09:02:03,2010-11-09 09:11:00,5,7742.07,7751.01,Meal_Preparation
2010-11-09 09:11:50,2010-11-09 09:23:22,5,7751.83,7763.38,Relax
2010-11-09 09:27:43,2010-11-09 09:38:41,5,7767.73,7778.7,Relax
2010-11-09 09:49:07,2010-11-09 09:52:37,5,7789.13,7792.63,Meal_Preparation
2010-11-09 09:53:25,2010-11-09 09:54:00,5,7793.42,7794.01,Meal_Preparation
2010-11-09 10:12:07,2010-11-09 10:13:40,5,7812.13,7813.67,Housekeeping
2010-11-09 10:13:43,2010-11-09 10:18:03,5,7813.73,7818.07,Relax
2010-11-09 10:19:13,2010-11-09 10:23:28,5,7819.22,7823.48,Relax
2010-11-09 10:24:01,2010-11-09 11:32:39,5,7824.02,7892.66,Housekeeping
2010-11-09 11:34:08,2010-11-09 11:34:14,5,7894.15,7894.23,Leave_Home
2010-11-09 11:36:36,2010-11-09 11:36:41,5,7896.61,7896.69,Enter_Home
2010-11-09 11:41:42,2010-11-09 11:41:46,5,7901.7,7901.77,Leave_Home
2010-11-09 13:47:23,2010-11-09 13:47:28,5,8027.38,8027.47,Enter_Home
2010-11-09 13:47:37,2010-11-09 13:53:41,5,8027.63,8033.69,Eating
2010-11-09 13:53:43,2010-11-09 13:56:08,5,8033.73,8036.13,Meal_Preparation
2010-11-09 13:58:39,2010-11-09 14:00:07,5,8038.67,8040.12,Meal_Preparation
2010-11-09 14:00:12,2010-11-09 14:08:35,5,8040.21,8048.59,Eating
2010-11-09 14:08:45,2010-11-09 14:15:01,5,8048.76,8055.03,Relax
2010-11-09 14:17:44,2010-11-09 14:47:27,5,8057.73,8087.45,Relax
2010-11-09 14:55:55,2010-11-09 14:55:59,5,8095.92,8096.0,Leave_Home
2010-11-09 15:12:34,2010-11-09 15:12:45,5,8112.57,8112.76,Enter_Home
2010-11-09 15:29:54,2010-11-09 15:34:50,5,8129.91,8134.84,Relax
2010-11-09 15:47:38,2010-11-09 15:50:20,5,8147.64,8150.35,Relax
2010-11-09 16:15:50,2010-11-09 16:24:09,5,8175.84,8184.16,Relax
2010-11-09 17:48:01,2010-11-09 18:00:17,5,8268.02,8280.28,Meal_Preparation
2010-11-09 18:01:08,2010-11-09 18:03:06,5,8281.13,8283.11,Meal_Preparation
2010-11-09 18:04:35,2010-11-09 18:06:36,5,8284.59,8286.61,Meal_Preparation
2010-11-09 18:06:45,2010-11-09 18:10:01,5,8286.76,8290.02,Eating
2010-11-09 18:10:03,2010-11-09 18:11:50,5,8290.06,8291.84,Meal_Preparation
2010-11-09 18:12:17,2010-11-09 18:20:02,5,8292.29,8300.04,Eating
2010-11-09 18:22:50,2010-11-09 18:25:57,5,8302.84,8305.96,Eating
2010-11-09 18:31:42,2010-11-09 18:39:35,5,8311.71,8319.6,Eating
2010-11-09 18:55:41,2010-11-09 19:01:21,5,8335.69,8341.37,Eating
2010-11-09 19:02:07,2010-11-09 19:04:06,5,8342.12,8344.1,Wash_Dishes
2010-11-09 19:05:13,2010-11-09 19:10:41,5,8345.22,8350.7,Wash_Dishes
2010-11-09 19:17:56,2010-11-09 20:41:22,5,8357.94,8441.38,Work
2010-11-09 20:47:48,2010-11-09 20:54:32,5,8447.81,8454.55,Relax
2010-11-09 21:08:01,2010-11-09 21:43:38,5,8468.02,8503.65,Relax
2010-11-09 21:55:26,2010-11-09 23:56:08,5,8515.44,8636.14,Relax
2010-11-09 23:58:54,2010-11-10 00:00:05,5,8638.91,8640.09,Sleeping
2010-11-10 00:09:31,2010-11-10 06:41:22,6,8649.53,9041.37,Sleeping
2010-11-10 06:49:05,2010-11-10 06:59:08,6,9049.1,9059.14,Meal_Preparation
2010-11-10 07:04:46,2010-11-10 07:06:31,6,9064.78,9066.52,Respirate
2010-11-10 07:09:34,2010-11-10 07:25:55,6,9069.58,9085.93,Relax
2010-11-10 07:28:14,2010-11-10 07:29:15,6,9088.24,9089.27,Meal_Preparation
2010-11-10 07:30:09,2010-11-10 07:52:39,6,9090.16,9112.65,Relax
2010-11-10 09:11:03,2010-11-10 09:12:44,6,9191.05,9192.75,Meal_Preparation
2010-11-10 09:23:09,2010-11-10 09:29:04,6,9203.16,9209.08,Eating
2010-11-10 09:39:57,2010-11-10 09:40:01,6,9219.95,9220.03,Leave_Home
2010-11-10 17:39:33,2010-11-10 17:39:41,6,9699.56,9699.69,Enter_Home
2010-11-10 18:11:20,2010-11-10 18:17:58,6,9731.34,9737.97,Meal_Preparation
2010-11-10 18:18:59,2010-11-10 18:28:01,6,9739.0,9748.02,Meal_Preparation
2010-11-10 18:28:50,2010-11-10 18:34:32,6,9748.84,9754.53,Eating
2010-11-10 18:34:37,2010-11-10 18:42:50,6,9754.63,9762.84,Meal_Preparation
2010-11-10 18:42:54,2010-11-10 18:53:30,6,9762.9,9773.51,Eating
2010-11-10 19:01:49,2010-11-10 19:12:19,6,9781.83,9792.33,Relax
2010-11-10 19:14:25,2010-11-10 19:23:21,6,9794.43,9803.36,Relax
2010-11-10 19:25:59,2010-11-10 19:54:51,6,9806.0,9834.85,Relax
2010-11-10 19:57:15,2010-11-10 20:05:33,6,9837.26,9845.55,Relax
2010-11-10 20:19:01,2010-11-10 20:44:14,6,9859.02,9884.24,Relax
2010-11-10 20:49:41,2010-11-10 22:28:35,6,9889.69,9988.6,Relax
2010-11-10 22:33:39,2010-11-10 23:14:47,6,9993.65,10034.79,Relax
2010-11-10 23:27:01,2010-11-11 05:13:53,6,10047.02,10393.9,Sleeping
2010-11-11 05:13:58,2010-11-11 05:16:28,7,10393.98,10396.47,Bed_to_Toilet
2010-11-11 05:16:35,2010-11-11 08:40:02,7,10396.59,10600.04,Sleeping
2010-11-11 08:45:49,2010-11-11 08:55:14,7,10605.82,10615.24,Meal_Preparation
2010-11-11 09:32:48,2010-11-11 09:34:53,7,10652.81,10654.89,Meal_Preparation
2010-11-11 09:36:26,2010-11-11 09:51:34,7,10656.44,10671.58,Relax
2010-11-11 09:52:07,2010-11-11 09:53:14,7,10672.12,10673.23,Work
2010-11-11 09:57:49,2010-11-11 10:07:10,7,10677.82,10687.18,Meal_Preparation
2010-11-11 10:07:37,2010-11-11 10:13:37,7,10687.63,10693.63,Eating
2010-11-11 10:58:46,2010-11-11 11:08:18,7,10738.78,10748.3,Work
2010-11-11 11:42:21,2010-11-11 11:42:28,7,10782.35,10782.48,Leave_Home
2010-11-11 13:25:56,2010-11-11 13:26:00,7,10885.94,10886.01,Enter_Home
2010-11-11 13:38:39,2010-11-11 13:44:17,7,10898.67,10904.3,Meal_Preparation
2010-11-11 13:44:19,2010-11-11 13:52:16,7,10904.32,10912.27,Eating
2010-11-11 13:57:04,2010-11-11 14:04:19,7,10917.08,10924.32,Relax
2010-11-11 14:16:42,2010-11-11 14:16:50,7,10936.71,10936.84,Leave_Home
2010-11-11 15:48:12,2010-11-11 15:48:16,7,11028.21,11028.28,Enter_Home
2010-11-11 16:37:14,2010-11-11 17:06:13,7,11077.25,11106.22,Relax
2010-11-11 17:09:13,2010-11-11 17:27:57,7,11109.23,11127.95,Relax
2010-11-11 17:55:03,2010-11-11 18:03:09,7,11155.06,11163.15,Relax
2010-11-11 18:03:33,2010-11-11 18:20:59,7,11163.55,11180.99,Relax
2010-11-11 18:21:44,2010-11-11 19:19:26,7,11181.74,11239.44,Relax
2010-11-11 19:21:06,2010-11-11 19:44:34,7,11241.11,11264.57,Relax
2010-11-11 19:57:55,2010-11-11 20:00:48,7,11277.92,11280.8,Meal_Preparation
2010-11-11 20:05:21,2010-11-11 20:25:38,7,11285.36,11305.65,Relax
2010-11-11 20:26:15,2010-11-11 20:27:17,7,11306.27,11307.29,Meal_Preparation
2010-11-11 20:33:08,2010-11-11 20:33:49,7,11313.14,11313.83,Meal_Preparation
2010-11-11 20:39:58,2010-11-11 20:51:07,7,11319.97,11331.13,Relax
2010-11-11 20:52:25,2010-11-11 20:53:04,7,11332.42,11333.08,Meal_Preparation
2010-11-11 21:02:07,2010-11-11 21:22:06,7,11342.12,11362.11,Work
2010-11-11 21:22:27,2010-11-11 21:23:29,7,11362.46,11363.49,Meal_Preparation
2010-11-11 21:24:03,2010-11-11 22:04:23,7,11364.05,11404.39,Relax
2010-11-11 22:04:51,2010-11-11 22:05:24,7,11404.86,11405.41,Meal_Preparation
2010-11-11 22:10:59,2010-11-11 22:15:33,7,11410.99,11415.56,Eating
2010-11-11 22:17:08,2010-11-11 22:24:14,7,11417.15,11424.25,Eating
2010-11-11 22:40:27,2010-11-12 04:31:34,7,11440.46,11791.58,Sleeping
2010-11-12 04:31:41,2010-11-12 04:35:07,8,11791.7,11795.12,Bed_to_Toilet
2010-11-12 04:35:27,2010-11-12 08:13:41,8,11795.46,12013.69,Sleeping
2010-11-12 08:27:36,2010-11-12 08:35:49,8,12027.61,12035.83,Meal_Preparation
2010-11-12 08:44:29,2010-11-12 08:51:32,8,12044.5,12051.55,Meal_Preparation
2010-11-12 08:52:32,2010-11-12 08:56:07,8,12052.54,12056.12,Relax
2010-11-12 08:56:16,2010-11-12 09:02:55,8,12056.28,12062.92,Meal_Preparation
2010-11-12 09:09:24,2010-11-12 09:44:27,8,12069.41,12104.46,Relax
2010-11-12 10:06:52,2010-11-12 10:10:35,8,12126.87,12130.59,Meal_Preparation
2010-11-12 10:17:10,2010-11-12 10:20:22,8,12137.17,12140.37,Meal_Preparation
2010-11-12 10:21:38,2010-11-12 10:23:04,8,12141.64,12143.07,Meal_Preparation
2010-11-12 10:29:42,2010-11-12 10:32:26,8,12149.7,12152.45,Meal_Preparation
2010-11-12 10:37:55,2010-11-12 10:42:58,8,12157.93,12162.98,Eating
2010-11-12 11:20:00,2010-11-12 11:23:46,8,12200.0,12203.78,Work
2010-11-12 11:46:02,2010-11-12 11:46:07,8,12226.04,12226.12,Leave_Home
2010-11-12 11:46:12,2010-11-12 11:46:17,8,12226.21,12226.28,Enter_Home
2010-11-12 11:46:31,2010-11-12 11:46:36,8,12226.53,12226.6,Leave_Home
2010-11-12 13:43:49,2010-11-12 13:43:55,8,12343.82,12343.92,Enter_Home
2010-11-12 13:48:28,2010-11-12 13:48:32,8,12348.48,12348.53,Leave_Home
2010-11-12 13:48:47,2010-11-12 13:48:50,8,12348.79,12348.85,Enter_Home
2010-11-12 13:50:35,2010-11-12 13:51:31,8,12350.6,12351.53,Meal_Preparation
2010-11-12 13:51:36,2010-11-12 14:03:02,8,12351.61,12363.05,Eating
2010-11-12 14:21:49,2010-11-12 14:21:53,8,12381.82,12381.9,Leave_Home
2010-11-12 15:12:29,2010-11-12 15:12:33,8,12432.49,12432.57,Enter_Home
2010-11-12 15:23:03,2010-11-12 15:56:34,8,12443.07,12476.58,Work
2010-11-12 15:57:41,2010-11-12 16:09:35,8,12477.69,12489.59,Housekeeping
2010-11-12 16:10:45,2010-11-12 16:30:39,8,12490.75,12510.66,Work
2010-11-12 16:30:54,2010-11-12 16:38:02,8,12510.9,12518.04,Work
2010-11-12 16:39:04,2010-11-12 16:40:00,8,12519.08,12520.0,Meal_Preparation
2010-11-12 16:42:51,2010-11-12 16:42:58,8,12522.87,12522.97,Leave_Home
2010-11-12 16:43:09,2010-11-12 16:43:13,8,12523.16,12523.22,Enter_Home
2010-11-12 16:43:20,2010-11-12 16:44:21,8,12523.34,12524.36,Meal_Preparation
2010-11-12 16:45:34,2010-11-12 16:54:33,8,12525.58,12534.55,Eating
2010-11-12 16:56:03,2010-11-12 18:45:06,8,12536.06,12645.12,Relax
2010-11-12 18:47:05,2010-11-12 18:58:57,8,12647.1,12658.96,Relax
2010-11-12 19:05:22,2010-11-12 19:34:32,8,12665.38,12694.54,Relax
2010-11-12 19:36:04,2010-11-12 20:25:02,8,12696.08,12745.05,Relax
2010-11-12 20:32:36,2010-11-12 20:52:16,8,12752.61,12772.28,Relax
2010-11-12 20:53:27,2010-11-12 21:11:49,8,12773.45,12791.83,Relax
2010-11-12 21:13:18,2010-11-12 22:40:07,8,12793.3,12880.13,Relax
2010-11-12 22:57:49,2010-11-12 23:08:16,8,12897.82,12908.28,Relax
2010-11-12 23:13:14,2010-11-12 23:18:43,8,12913.24,12918.72,Relax
2010-11-12 23:31:02,2010-11-12 23:41:35,8,12931.04,12941.6,Relax
2010-11-12 23:56:52,2010-11-13 05:16:37,8,12956.87,13276.63,Sleeping
2010-11-13 05:17:05,2010-11-13 05:20:52,9,13277.08,13280.87,Bed_to_Toilet
2010-11-13 05:22:36,2010-11-13 08:54:13,9,13282.6,13494.23,Sleeping
2010-11-13 08:57:07,2010-11-13 09:07:32,9,13497.13,13507.54,Meal_Preparation
2010-11-13 09:16:23,2010-11-13 09:21:33,9,13516.39,13521.55,Meal_Preparation
2010-11-13 09:23:56,2010-11-13 09:29:03,9,13523.95,13529.05,Meal_Preparation
2010-11-13 09:50:34,2010-11-13 09:54:51,9,13550.57,13554.86,Relax
2010-11-13 12:01:02,2010-11-13 12:02:40,9,13681.04,13682.67,Respirate
2010-11-13 12:04:38,2010-11-13 13:20:00,9,13684.65,13760.02,Relax
2010-11-13 13:21:20,2010-11-13 13:50:57,9,13761.35,13790.95,Relax
2010-11-13 14:02:16,2010-11-13 14:06:09,9,13802.28,13806.17,Meal_Preparation
2010-11-13 14:06:25,2010-11-13 14:14:19,9,13806.42,13814.33,Eating
2010-11-13 14:18:50,2010-11-13 15:03:40,9,13818.84,13863.68,Relax
2010-11-13 15:15:37,2010-11-13 15:47:40,9,13875.62,13907.68,Relax
2010-11-13 16:01:39,2010-11-13 16:46:38,9,13921.66,13966.64,Work
2010-11-13 16:50:08,2010-11-13 18:09:53,9,13970.15,14049.88,Work
2010-11-13 18:10:04,2010-11-13 18:14:17,9,14050.07,14054.29,Meal_Preparation
2010-11-13 19:02:59,2010-11-13 19:06:16,9,14102.99,14106.28,Meal_Preparation
2010-11-13 19:07:47,2010-11-13 19:20:03,9,14107.8,14120.06,Eating
2010-11-13 19:20:39,2010-11-13 19:22:00,9,14120.66,14122.0,Wash_Dishes
2010-11-13 19:33:04,2010-11-13 19:36:03,9,14133.07,14136.06,Relax
2010-11-13 19:36:56,2010-11-13 20:21:36,9,14136.94,14181.61,Relax
2010-11-13 20:24:47,2010-11-13 20:46:50,9,14184.8,14206.84,Relax
2010-11-13 20:58:47,2010-11-13 21:36:47,9,14218.8,14256.79,Relax
2010-11-13 21:37:51,2010-11-13 22:25:47,9,14257.87,14305.79,Relax
2010-11-13 22:38:42,2010-11-14 06:02:01,9,14318.71,14762.03,Sleeping
2010-11-14 06:10:26,2010-11-14 06:21:25,10,14770.45,14781.43,Meal_Preparation
2010-11-14 06:23:49,2010-11-14 06:25:43,10,14783.83,14785.72,Meal_Preparation
2010-11-14 06:26:29,2010-11-14 06:27:57,10,14786.49,14787.96,Meal_Preparation
2010-11-14 06:28:35,2010-11-14 06:36:26,10,14788.58,14796.44,Eating
2010-11-14 06:37:31,2010-11-14 06:40:29,10,14797.52,14800.49,Wash_Dishes
2010-11-14 06:40:42,2010-11-14 06:48:09,10,14800.72,14808.15,Relax
2010-11-14 08:13:34,2010-11-14 08:18:42,10,14893.58,14898.72,Relax
2010-11-14 08:20:05,2010-11-14 08:20:10,10,14900.1,14900.17,Leave_Home
2010-11-14 12:02:35,2010-11-14 12:02:39,10,15122.59,15122.66,Enter_Home
2010-11-14 12:04:56,2010-11-14 12:23:56,10,15124.95,15143.93,Relax
2010-11-14 17:28:33,2010-11-14 17:36:50,10,15448.55,15456.85,Meal_Preparation
2010-11-14 17:57:43,2010-11-14 18:10:54,10,15477.73,15490.92,Relax
2010-11-14 18:11:11,2010-11-14 18:16:28,10,15491.18,15496.47,Meal_Preparation
2010-11-14 18:16:46,2010-11-14 18:27:18,10,15496.78,15507.3,Relax
2010-11-14 18:32:17,2010-11-14 18:33:19,10,15512.29,15513.32,Meal_Preparation
2010-11-14 18:33:23,2010-11-14 19:27:48,10,15513.39,15567.81,Relax
2010-11-14 19:28:11,2010-11-14 19:29:24,10,15568.19,15569.41,Meal_Preparation
2010-11-14 19:29:29,2010-11-14 20:20:56,10,15569.5,15620.93,Relax
2010-11-14 20:26:40,2010-11-14 21:47:28,10,15626.68,15707.47,Relax
2010-11-14 21:57:00,2010-11-14 23:44:29,10,15717.01,15824.5,Relax
2010-11-14 23:54:59,2010-11-15 05:32:10,10,15834.99,16172.18,Sleeping
2010-11-15 05:32:17,2010-11-15 05:35:44,11,16172.29,16175.75,Bed_to_Toilet
2010-11-15 05:35:52,2010-11-15 07:33:01,11,16175.87,16293.03,Sleeping
2010-11-15 07:39:10,2010-11-15 07:51:10,11,16299.18,16311.18,Meal_Preparation
2010-11-15 08:20:38,2010-11-15 08:28:10,11,16340.65,16348.17,Meal_Preparation
2010-11-15 09:03:02,2010-11-15 09:07:18,11,16383.03,16387.31,Relax
2010-11-15 09:20:23,2010-11-15 09:44:26,11,16400.4,16424.44,Relax
2010-11-15 10:18:02,2010-11-15 10:21:12,11,16458.04,16461.21,Relax
2010-11-15 10:21:31,2010-11-15 10:27:51,11,16461.52,16467.86,Work
2010-11-15 10:36:33,2010-11-15 10:39:45,11,16476.56,16479.76,Housekeeping
2010-11-15 10:41:25,2010-11-15 10:41:31,11,16481.43,16481.53,Leave_Home
2010-11-15 11:46:40,2010-11-15 11:46:45,11,16546.68,16546.75,Enter_Home
2010-11-15 11:52:04,2010-11-15 11:52:08,11,16552.08,16552.14,Leave_Home
2010-11-15 14:48:12,2010-11-15 14:48:16,11,16728.2,16728.28,Enter_Home
2010-11-15 14:49:50,2010-11-15 14:49:55,11,16729.85,16729.92,Leave_Home
2010-11-15 14:50:27,2010-11-15 14:50:33,11,16730.46,16730.56,Enter_Home
2010-11-15 14:59:22,2010-11-15 14:59:26,11,16739.37,16739.45,Leave_Home
2010-11-15 14:59:57,2010-11-15 15:00:03,11,16739.96,16740.06,Enter_Home
2010-11-15 15:02:46,2010-11-15 15:02:51,11,16742.77,16742.85,Leave_Home
2010-11-15 15:03:17,2010-11-15 15:03:23,11,16743.3,16743.39,Enter_Home
2010-11-15 15:04:26,2010-11-15 15:04:31,11,16744.45,16744.52,Leave_Home
2010-11-15 15:04:58,2010-11-15 15:05:04,11,16744.98,16745.07,Enter_Home
2010-11-15 15:05:20,2010-11-15 15:05:25,11,16745.35,16745.42,Leave_Home
2010-11-15 15:06:15,2010-11-15 15:06:19,11,16746.25,16746.32,Enter_Home
2010-11-15 15:06:39,2010-11-15 15:08:15,11,16746.67,16748.26,Meal_Preparation
2010-11-15 15:08:40,2010-11-15 15:29:48,11,16748.68,16769.81,Eating
2010-11-15 15:31:00,2010-11-15 15:39:41,11,16771.01,16779.7,Eating
2010-11-15 15:39:44,2010-11-15 15:46:59,11,16779.73,16786.99,Wash_Dishes
2010-11-15 15:58:53,2010-11-15 16:08:19,11,16798.9,16808.33,Relax
2010-11-15 16:15:38,2010-11-15 16:15:55,11,16815.64,16815.93,Leave_Home
2010-11-15 19:08:13,2010-11-15 19:08:20,11,16988.22,16988.35,Enter_Home
2010-11-15 19:15:39,2010-11-15 19:30:08,11,16995.67,17010.13,Meal_Preparation
2010-11-15 19:31:35,2010-11-15 19:39:29,11,17011.59,17019.49,Eating
2010-11-15 19:42:05,2010-11-15 20:17:14,11,17022.08,17057.24,Relax
2010-11-15 20:20:45,2010-11-15 21:11:14,11,17060.76,17111.25,Relax
2010-11-15 21:17:23,2010-11-15 21:38:02,11,17117.39,17138.04,Relax
2010-11-15 21:46:00,2010-11-15 22:00:14,11,17146.02,17160.25,Relax
2010-11-15 23:48:36,2010-11-16 00:37:22,11,17268.6,17317.38,Sleeping
2010-11-16 00:37:28,2010-11-16 00:39:25,12,17317.47,17319.43,Bed_to_Toilet
2010-11-16 00:39:27,2010-11-16 08:48:00,12,17319.46,17808.01,Sleeping
2010-11-16 09:01:35,2010-11-16 09:16:26,12,17821.6,17836.44,Meal_Preparation
2010-11-16 09:17:40,2010-11-16 09:32:34,12,17837.67,17852.57,Relax
2010-11-16 09:32:48,2010-11-16 09:36:03,12,17852.8,17856.06,Meal_Preparation
2010-11-16 09:36:33,2010-11-16 09:51:39,12,17856.56,17871.66,Relax
2010-11-16 09:51:40,2010-11-16 09:52:25,12,17871.68,17872.42,Meal_Preparation
2010-11-16 09:52:59,2010-11-16 10:03:23,12,17872.99,17883.39,Eating
2010-11-16 10:13:29,2010-11-16 10:19:18,12,17893.49,17899.31,Wash_Dishes
2010-11-16 11:01:22,2010-11-16 11:02:54,12,17941.38,17942.91,Housekeeping
2010-11-16 11:09:29,2010-11-16 11:10:01,12,17949.5,17950.02,Leave_Home
2010-11-16 11:21:05,2010-11-16 11:21:10,12,17961.09,17961.18,Enter_Home
2010-11-16 11:26:18,2010-11-16 11:30:41,12,17966.31,17970.69,Relax
2010-11-16 11:31:53,2010-11-16 11:38:28,12,17971.9,17978.48,Relax
2010-11-16 11:42:45,2010-11-16 11:42:50,12,17982.76,17982.85,Leave_Home
2010-11-16 12:03:51,2010-11-16 12:03:56,12,18003.86,18003.94,Enter_Home
2010-11-16 12:15:22,2010-11-16 13:07:02,12,18015.37,18067.05,Work
2010-11-16 13:23:21,2010-11-16 13:27:52,12,18083.37,18087.87,Relax
2010-11-16 13:29:29,2010-11-16 13:40:52,12,18089.49,18100.88,Relax
2010-11-16 13:42:14,2010-11-16 13:54:53,12,18102.25,18114.89,Relax
2010-11-16 13:55:11,2010-11-16 14:06:47,12,18115.18,18126.8,Relax
2010-11-16 14:08:38,2010-11-16 14:32:21,12,18128.65,18152.36,Relax
2010-11-16 14:32:42,2010-11-16 15:07:33,12,18152.71,18187.56,Housekeeping
2010-11-16 15:10:04,2010-11-16 15:28:28,12,18190.08,18208.48,Work
2010-11-16 15:29:10,2010-11-16 15:33:27,12,18209.18,18213.46,Relax
2010-11-16 15:42:36,2010-11-16 16:48:23,12,18222.6,18288.38,Relax
2010-11-16 16:54:37,2010-11-16 17:25:12,12,18294.62,18325.21,Meal_Preparation
2010-11-16 17:25:35,2010-11-16 17:30:47,12,18325.59,18330.79,Meal_Preparation
2010-11-16 17:42:58,2010-11-16 17:54:19,12,18342.97,18354.32,Relax
2010-11-16 17:54:23,2010-11-16 17:55:24,12,18354.4,18355.41,Meal_Preparation
2010-11-16 17:55:41,2010-11-16 18:17:22,12,18355.69,18377.37,Relax
2010-11-16 18:18:53,2010-11-16 20:10:33,12,18378.89,18490.55,Relax
2010-11-16 20:20:35,2010-11-16 21:43:03,12,18500.59,18583.06,Relax
2010-11-16 21:51:27,2010-11-16 22:40:52,12,18591.46,18640.88,Relax
2010-11-16 22:45:46,2010-11-16 23:24:46,12,18645.78,18684.77,Relax
2010-11-16 23:42:17,2010-11-17 00:24:31,12,18702.29,18744.52,Sleeping
2010-11-17 00:24:31,2010-11-17 00:25:21,13,18744.53,18745.36,Bed_to_Toilet
2010-11-17 00:25:31,2010-11-17 02:58:48,13,18745.53,18898.81,Sleeping
2010-11-17 02:58:56,2010-11-17 03:01:58,13,18898.94,18901.97,Bed_to_Toilet
2010-11-17 03:02:04,2010-11-17 07:05:51,13,18902.08,19145.87,Sleeping
2010-11-17 07:13:00,2010-11-17 07:20:37,13,19153.01,19160.62,Meal_Preparation
2010-11-17 07:20:47,2010-11-17 07:22:18,13,19160.79,19162.31,Eating
2010-11-17 07:24:18,2010-11-17 07:28:49,13,19164.31,19168.83,Wash_Dishes
2010-11-17 09:01:30,2010-11-17 09:07:10,13,19261.51,19267.18,Housekeeping
2010-11-17 09:07:53,2010-11-17 09:07:56,13,19267.88,19267.94,Leave_Home
2010-11-17 09:08:41,2010-11-17 09:08:46,13,19268.69,19268.77,Enter_Home
2010-11-17 09:31:37,2010-11-17 09:31:41,13,19291.63,19291.69,Leave_Home
2010-11-17 18:48:56,2010-11-17 18:49:09,13,19848.94,19849.15,Enter_Home
2010-11-17 18:53:36,2010-11-17 18:55:42,13,19853.61,19855.71,Meal_Preparation
2010-11-17 18:58:44,2010-11-17 19:18:05,13,19858.74,19878.09,Meal_Preparation
2010-11-17 19:18:14,2010-11-17 19:35:24,13,19878.24,19895.4,Eating
2010-11-17 19:35:37,2010-11-17 19:37:57,13,19895.63,19897.95,Wash_Dishes
2010-11-17 19:42:24,2010-11-17 20:27:36,13,19902.41,19947.61,Relax
2010-11-17 20:32:49,2010-11-17 20:44:22,13,19952.82,19964.38,Relax
2010-11-17 20:46:15,2010-11-17 21:28:18,13,19966.25,20008.31,Relax
2010-11-17 21:37:57,2010-11-17 23:23:41,13,20017.95,20123.69,Relax
2010-11-17 23:31:29,2010-11-18 00:00:18,13,20131.48,20160.31,Relax
2010-11-18 00:15:56,2010-11-18 05:39:26,14,20175.93,20499.44,Sleeping
2010-11-18 05:39:30,2010-11-18 05:43:50,14,20499.5,20503.85,Bed_to_Toilet
2010-11-18 05:43:59,2010-11-18 09:53:32,14,20503.99,20753.55,Sleeping
2010-11-18 10:01:20,2010-11-18 10:05:45,14,20761.34,20765.75,Meal_Preparation
2010-11-18 10:24:15,2010-11-18 10:29:12,14,20784.26,20789.21,Relax
2010-11-18 10:32:24,2010-11-18 10:36:59,14,20792.41,20796.98,Relax
2010-11-18 11:20:16,2010-11-18 11:31:26,14,20840.28,20851.44,Housekeeping
2010-11-18 11:37:15,2010-11-18 11:37:20,14,20857.27,20857.34,Leave_Home
2010-11-18 11:53:00,2010-11-18 11:53:05,14,20873.02,20873.09,Enter_Home
2010-11-18 11:53:30,2010-11-18 11:53:38,14,20873.52,20873.65,Leave_Home
2010-11-18 15:08:16,2010-11-18 15:08:20,14,21068.27,21068.35,Enter_Home
2010-11-18 15:56:10,2010-11-18 16:31:30,14,21116.17,21151.52,Work
2010-11-18 16:35:20,2010-11-18 16:39:59,14,21155.34,21159.99,Relax
2010-11-18 16:42:09,2010-11-18 17:01:39,14,21162.16,21181.65,Relax
2010-11-18 17:02:04,2010-11-18 17:06:51,14,21182.07,21186.86,Relax
2010-11-18 17:07:17,2010-11-18 17:14:36,14,21187.3,21194.61,Relax
2010-11-18 17:16:34,2010-11-18 17:27:03,14,21196.58,21207.06,Relax
2010-11-18 17:27:48,2010-11-18 18:48:11,14,21207.82,21288.18,Relax
2010-11-18 18:50:45,2010-11-18 18:57:18,14,21290.75,21297.31,Relax
2010-11-18 19:02:05,2010-11-18 19:07:53,14,21302.08,21307.89,Relax
2010-11-18 19:17:29,2010-11-18 19:23:36,14,21317.49,21323.6,Relax
2010-11-18 19:26:25,2010-11-18 19:36:50,14,21326.42,21336.84,Meal_Preparation
2010-11-18 19:38:02,2010-11-18 19:41:24,14,21338.05,21341.42,Meal_Preparation
2010-11-18 19:42:34,2010-11-18 20:03:01,14,21342.57,21363.03,Eating
2010-11-18 20:03:26,2010-11-18 20:33:49,14,21363.45,21393.83,Relax
2010-11-18 20:35:37,2010-11-18 20:36:49,14,21395.63,21396.82,Meal_Preparation
2010-11-18 20:42:38,2010-11-18 21:01:38,14,21402.64,21421.64,Eating
2010-11-18 21:02:28,2010-11-18 21:03:26,14,21422.47,21423.44,Wash_Dishes
2010-11-18 21:05:36,2010-11-18 21:22:58,14,21425.61,21442.98,Relax
2010-11-18 21:36:53,2010-11-18 22:38:41,14,21456.89,21518.7,Relax
2010-11-18 22:59:59,2010-11-18 23:55:37,14,21539.99,21595.63,Relax
2010-11-19 00:54:26,2010-11-19 07:40:48,15,21654.45,22060.8,Sleeping
2010-11-19 07:54:58,2010-11-19 07:59:30,15,22074.98,22079.51,Meal_Preparation
2010-11-19 08:05:53,2010-11-19 08:07:54,15,22085.89,22087.9,Meal_Preparation
2010-11-19 08:41:39,2010-11-19 08:44:34,15,22121.65,22124.57,Meal_Preparation
2010-11-19 08:59:36,2010-11-19 09:59:57,15,22139.61,22199.96,Relax
2010-11-19 10:01:18,2010-11-19 10:19:23,15,22201.31,22219.39,Eating
2010-11-19 11:43:41,2010-11-19 11:43:46,15,22303.69,22303.77,Leave_Home
2010-11-19 15:29:17,2010-11-19 15:29:22,15,22529.3,22529.38,Enter_Home
2010-11-19 15:30:39,2010-11-19 15:37:11,15,22530.66,22537.19,Relax
2010-11-19 15:48:48,2010-11-19 15:59:42,15,22548.8,22559.72,Relax
2010-11-19 16:01:42,2010-11-19 16:40:01,15,22561.71,22600.03,Relax
2010-11-19 16:41:25,2010-11-19 16:57:45,15,22601.43,22617.77,Relax
2010-11-19 17:07:42,2010-11-19 19:00:11,15,22627.7,22740.2,Relax
2010-11-19 19:23:00,2010-11-19 20:16:55,15,22763.01,22816.93,Relax
2010-11-19 20:18:01,2010-11-19 20:47:20,15,22818.02,22847.34,Relax
2010-11-19 20:50:53,2010-11-19 22:06:41,15,22850.89,22926.69,Relax
2010-11-19 22:07:20,2010-11-19 23:38:17,15,22927.34,23018.29,Relax
2010-11-19 23:50:35,2010-11-20 00:06:29,15,23030.59,23046.49,Relax
2010-11-20 00:14:53,2010-11-20 00:36:11,16,23054.9,23076.18,Sleeping
2010-11-20 00:36:14,2010-11-20 00:37:05,16,23076.25,23077.1,Bed_to_Toilet
2010-11-20 00:38:21,2010-11-20 03:31:15,16,23078.36,23251.26,Sleeping
2010-11-20 03:31:23,2010-11-20 03:34:38,16,23251.39,23254.64,Bed_to_Toilet
2010-11-20 03:34:49,2010-11-20 08:18:22,16,23254.82,23538.38,Sleeping
2010-11-20 08:20:27,2010-11-20 08:26:33,16,23540.47,23546.56,Meal_Preparation
2010-11-20 08:33:14,2010-11-20 08:35:36,16,23553.24,23555.61,Meal_Preparation
2010-11-20 09:09:23,2010-11-20 09:11:14,16,23589.38,23591.24,Meal_Preparation
2010-11-20 09:18:21,2010-11-20 09:22:52,16,23598.36,23602.87,Work
2010-11-20 09:34:36,2010-11-20 09:46:29,16,23614.61,23626.48,Meal_Preparation
2010-11-20 09:46:33,2010-11-20 09:54:06,16,23626.56,23634.11,Eating
2010-11-20 09:55:07,2010-11-20 10:15:31,16,23635.13,23655.52,Relax
2010-11-20 11:00:48,2010-11-20 11:11:11,16,23700.81,23711.18,Wash_Dishes
2010-11-20 11:20:10,2010-11-20 12:09:14,16,23720.17,23769.24,Relax
2010-11-20 12:37:21,2010-11-20 12:44:19,16,23797.36,23804.32,Work
2010-11-20 12:47:03,2010-11-20 12:56:32,16,23807.06,23816.53,Work
2010-11-20 13:00:11,2010-11-20 13:05:53,16,23820.19,23825.89,Work
2010-11-20 13:06:09,2010-11-20 13:27:29,16,23826.15,23847.48,Relax
2010-11-20 13:28:47,2010-11-20 13:33:32,16,23848.78,23853.54,Meal_Preparation
2010-11-20 13:38:28,2010-11-20 13:40:32,16,23858.47,23860.55,Meal_Preparation
2010-11-20 13:50:30,2010-11-20 14:36:35,16,23870.52,23916.59,Eating
2010-11-20 14:45:18,2010-11-20 14:55:01,16,23925.31,23935.02,Wash_Dishes
2010-11-20 16:16:54,2010-11-20 16:38:04,16,24016.9,24038.08,Relax
2010-11-20 19:17:20,2010-11-20 20:16:45,16,24197.35,24256.75,Relax
2010-11-20 20:33:51,2010-11-20 21:08:00,16,24273.86,24308.01,Relax
2010-11-20 21:14:27,2010-11-20 21:51:01,16,24314.45,24351.02,Relax
2010-11-20 21:55:46,2010-11-20 22:40:34,16,24355.77,24400.57,Relax
2010-11-20 22:46:18,2010-11-20 22:54:02,16,24406.31,24414.04,Relax
2010-11-20 22:59:45,2010-11-20 23:08:34,16,24419.76,24428.58,Relax
2010-11-20 23:13:14,2010-11-20 23:37:39,16,24433.25,24457.65,Relax
2010-11-20 23:38:52,2010-11-21 00:17:48,16,24458.88,24497.81,Sleeping
2010-11-21 00:17:52,2010-11-21 00:21:09,17,24497.87,24501.16,Bed_to_Toilet
2010-11-21 00:21:13,2010-11-21 06:17:19,17,24501.23,24857.32,Sleeping
2010-11-21 06:21:26,2010-11-21 06:35:37,17,24861.44,24875.63,Meal_Preparation
2010-11-21 06:36:41,2010-11-21 06:53:05,17,24876.69,24893.1,Relax
2010-11-21 08:11:26,2010-11-21 08:11:30,17,24971.44,24971.51,Leave_Home
2010-11-21 08:14:59,2010-11-21 08:15:04,17,24975.0,24975.08,Enter_Home
2010-11-21 08:16:30,2010-11-21 08:16:34,17,24976.5,24976.57,Leave_Home
2010-11-21 11:00:15,2010-11-21 11:00:19,17,25140.25,25140.32,Enter_Home
2010-11-21 11:53:44,2010-11-21 13:04:44,17,25193.74,25264.75,Work
2010-11-21 13:16:37,2010-11-21 13:28:20,17,25276.63,25288.34,Relax
2010-11-21 13:36:33,2010-11-21 13:36:39,17,25296.56,25296.65,Leave_Home
2010-11-21 13:36:41,2010-11-21 13:36:46,17,25296.69,25296.77,Enter_Home
2010-11-21 13:39:15,2010-11-21 13:39:19,17,25299.26,25299.33,Leave_Home
2010-11-21 14:48:34,2010-11-21 14:48:40,17,25368.57,25368.67,Enter_Home
2010-11-21 14:57:59,2010-11-21 14:58:04,17,25377.99,25378.08,Leave_Home
2010-11-21 15:00:12,2010-11-21 15:00:17,17,25380.2,25380.29,Enter_Home
2010-11-21 15:00:33,2010-11-21 15:00:37,17,25380.56,25380.63,Leave_Home
2010-11-21 15:01:11,2010-11-21 15:01:17,17,25381.2,25381.29,Enter_Home
2010-11-21 15:01:29,2010-11-21 15:01:33,17,25381.49,25381.57,Leave_Home
2010-11-21 15:01:44,2010-11-21 15:01:49,17,25381.75,25381.82,Enter_Home
2010-11-21 15:06:27,2010-11-21 15:06:32,17,25386.46,25386.54,Leave_Home
2010-11-21 15:07:48,2010-11-21 15:07:52,17,25387.81,25387.88,Enter_Home
2010-11-21 15:10:22,2010-11-21 15:10:27,17,25390.37,25390.46,Leave_Home
2010-11-21 15:11:45,2010-11-21 15:11:57,17,25391.76,25391.95,Enter_Home
2010-11-21 15:40:13,2010-11-21 15:57:25,17,25420.22,25437.42,Relax
2010-11-21 15:58:52,2010-11-21 16:00:13,17,25438.88,25440.22,Relax
2010-11-21 16:01:14,2010-11-21 16:33:34,17,25441.24,25473.58,Relax
2010-11-21 16:48:35,2010-11-21 17:58:25,17,25488.58,25558.43,Relax
2010-11-21 18:14:26,2010-11-21 18:24:07,17,25574.44,25584.12,Relax
2010-11-21 18:29:26,2010-11-21 19:04:24,17,25589.45,25624.41,Relax
2010-11-21 19:13:25,2010-11-21 21:24:55,17,25633.43,25764.93,Relax
2010-11-21 21:54:07,2010-11-21 22:19:37,17,25794.13,25819.62,Sleeping
2010-11-21 22:19:38,2010-11-21 22:20:53,17,25819.64,25820.88,Bed_to_Toilet
2010-11-21 22:21:20,2010-11-22 05:44:08,17,25821.34,26264.14,Sleeping
2010-11-22 05:44:20,2010-11-22 05:47:35,18,26264.34,26267.59,Bed_to_Toilet
2010-11-22 05:48:39,2010-11-22 06:32:51,18,26268.65,26312.86,Sleeping
2010-11-22 06:35:32,2010-11-22 06:43:46,18,26315.54,26323.77,Meal_Preparation
2010-11-22 06:51:13,2010-11-22 06:52:45,18,26331.23,26332.75,Meal_Preparation
2010-11-22 07:22:40,2010-11-22 07:23:58,18,26362.68,26363.97,Meal_Preparation
2010-11-22 08:36:05,2010-11-22 08:50:48,18,26436.1,26450.8,Relax
2010-11-22 09:18:53,2010-11-22 09:26:11,18,26478.9,26486.19,Meal_Preparation
2010-11-22 09:26:40,2010-11-22 09:30:41,18,26486.67,26490.69,Eating
2010-11-22 09:38:58,2010-11-22 09:48:20,18,26498.97,26508.34,Wash_Dishes
2010-11-22 09:50:03,2010-11-22 10:25:08,18,26510.05,26545.14,Relax
2010-11-22 10:26:41,2010-11-22 11:14:41,18,26546.69,26594.7,Relax
2010-11-22 13:13:18,2010-11-22 13:36:58,18,26713.31,26736.97,Relax
2010-11-22 13:50:08,2010-11-22 14:50:51,18,26750.15,26810.86,Relax
2010-11-22 14:57:41,2010-11-22 15:31:43,18,26817.69,26851.73,Relax
2010-11-22 15:36:47,2010-11-22 15:52:21,18,26856.8,26872.35,Relax
2010-11-22 15:53:51,2010-11-22 16:49:41,18,26873.86,26929.69,Relax
2010-11-22 16:52:07,2010-11-22 17:02:33,18,26932.12,26942.56,Relax
2010-11-22 17:02:45,2010-11-22 17:28:16,18,26942.75,26968.28,Housekeeping
2010-11-22 17:30:21,2010-11-22 17:47:43,18,26970.36,26987.73,Relax
2010-11-22 17:51:41,2010-11-22 17:59:37,18,26991.69,26999.63,Relax
2010-11-22 18:06:57,2010-11-22 18:22:53,18,27006.95,27022.89,Relax
2010-11-22 18:23:25,2010-11-22 18:27:28,18,27023.42,27027.48,Meal_Preparation
2010-11-22 18:29:13,2010-11-22 18:32:46,18,27029.23,27032.78,Meal_Preparation
2010-11-22 18:34:37,2010-11-22 18:39:25,18,27034.63,27039.43,Relax
2010-11-22 18:41:22,2010-11-22 18:42:04,18,27041.37,27042.08,Meal_Preparation
2010-11-22 18:44:33,2010-11-22 18:49:06,18,27044.56,27049.11,Relax
2010-11-22 18:49:08,2010-11-22 18:50:59,18,27049.14,27051.0,Meal_Preparation
2010-11-22 18:51:09,2010-11-22 19:02:57,18,27051.15,27062.96,Relax
2010-11-22 19:09:03,2010-11-22 19:19:04,18,27069.06,27079.08,Relax
2010-11-22 19:23:04,2010-11-22 19:53:07,18,27083.08,27113.13,Relax
2010-11-22 19:56:49,2010-11-22 20:01:11,18,27116.83,27121.19,Relax
2010-11-22 20:05:34,2010-11-22 20:46:09,18,27125.58,27166.15,Relax
2010-11-22 20:46:37,2010-11-22 20:53:46,18,27166.62,27173.77,Relax
2010-11-22 21:06:07,2010-11-22 21:55:36,18,27186.12,27235.61,Relax
2010-11-22 21:57:21,2010-11-22 22:32:55,18,27237.37,27272.92,Relax
2010-11-22 22:37:33,2010-11-22 23:12:42,18,27277.56,27312.71,Relax
2010-11-22 23:29:10,2010-11-23 00:12:15,18,27329.18,27372.26,Relax
2010-11-23 00:27:54,2010-11-23 05:53:44,19,27387.91,27713.74,Sleeping
2010-11-23 05:53:46,2010-11-23 05:56:51,19,27713.78,27716.85,Bed_to_Toilet
2010-11-23 05:57:19,2010-11-23 08:37:58,19,27717.32,27877.98,Sleeping
2010-11-23 08:44:32,2010-11-23 08:55:31,19,27884.55,27895.52,Meal_Preparation
2010-11-23 08:56:24,2010-11-23 09:04:59,19,27896.41,27905.0,Relax
2010-11-23 09:08:09,2010-11-23 09:23:14,19,27908.16,27923.25,Relax
2010-11-23 09:27:51,2010-11-23 09:35:36,19,27927.86,27935.6,Relax
2010-11-23 09:45:30,2010-11-23 09:50:18,19,27945.51,27950.31,Relax
2010-11-23 09:52:46,2010-11-23 10:21:59,19,27952.78,27981.99,Relax
2010-11-23 11:15:18,2010-11-23 11:15:22,19,28035.3,28035.38,Leave_Home
2010-11-23 12:26:46,2010-11-23 12:26:52,19,28106.77,28106.87,Enter_Home
2010-11-23 12:38:16,2010-11-23 12:44:50,19,28118.28,28124.84,Relax
2010-11-23 12:52:36,2010-11-23 14:05:57,19,28132.61,28205.95,Relax
2010-11-23 14:35:59,2010-11-23 14:54:26,19,28236.0,28254.44,Relax
2010-11-23 15:05:25,2010-11-23 15:47:05,19,28265.43,28307.1,Relax
2010-11-23 15:57:52,2010-11-23 16:00:24,19,28317.88,28320.41,Housekeeping
2010-11-23 16:02:11,2010-11-23 16:27:02,19,28322.19,28347.04,Relax
2010-11-23 16:29:07,2010-11-23 16:46:15,19,28349.13,28366.26,Relax
2010-11-23 16:53:11,2010-11-23 17:13:33,19,28373.2,28393.57,Relax
2010-11-23 17:23:55,2010-11-23 17:27:38,19,28403.93,28407.65,Work
2010-11-23 17:29:41,2010-11-23 18:12:49,19,28409.69,28452.83,Relax
2010-11-23 18:22:11,2010-11-23 19:07:36,19,28462.18,28507.62,Relax
2010-11-23 19:09:16,2010-11-23 20:02:39,19,28509.27,28562.66,Relax
2010-11-23 20:19:47,2010-11-23 21:33:29,19,28579.79,28653.5,Relax
2010-11-23 21:36:24,2010-11-23 21:57:56,19,28656.41,28677.94,Relax
2010-11-23 21:58:41,2010-11-23 23:06:50,19,28678.69,28746.84,Relax
2010-11-23 23:34:37,2010-11-23 23:56:33,19,28774.62,28796.56,Relax
2010-11-24 00:03:10,2010-11-24 00:17:53,20,28803.17,28817.89,Relax
2010-11-24 00:21:32,2010-11-24 00:37:25,20,28821.54,28837.43,Sleeping
2010-11-24 00:37:30,2010-11-24 00:40:06,20,28837.51,28840.11,Bed_to_Toilet
2010-11-24 00:40:39,2010-11-24 05:39:23,20,28840.66,29139.4,Sleeping
2010-11-24 05:39:29,2010-11-24 05:42:12,20,29139.48,29142.2,Bed_to_Toilet
2010-11-24 05:42:42,2010-11-24 08:27:42,20,29142.71,29307.71,Sleeping
2010-11-24 09:13:12,2010-11-24 10:02:19,20,29353.2,29402.32,Relax
2010-11-24 10:44:38,2010-11-24 10:44:38,20,29444.64,29444.65,Leave_Home
2010-11-24 12:26:21,2010-11-24 12:26:22,20,29546.35,29546.38,Enter_Home
2010-11-24 12:28:21,2010-11-24 12:36:46,20,29548.36,29556.78,Housekeeping
2010-11-24 12:36:56,2010-11-24 12:50:56,20,29556.94,29570.94,Relax
2010-11-24 12:50:57,2010-11-24 13:03:29,20,29570.96,29583.49,Housekeeping
2010-11-24 13:07:59,2010-11-24 13:30:59,20,29587.99,29611.0,Relax
2010-11-24 13:32:14,2010-11-24 13:35:48,20,29612.23,29615.81,Meal_Preparation
2010-11-24 13:35:49,2010-11-24 13:47:57,20,29615.83,29627.96,Eating
2010-11-24 13:50:45,2010-11-24 13:50:50,20,29630.76,29630.84,Leave_Home
2010-11-24 13:51:20,2010-11-24 13:51:23,20,29631.34,29631.39,Enter_Home
2010-11-24 14:16:29,2010-11-24 14:16:33,20,29656.49,29656.56,Leave_Home
2010-11-24 15:09:27,2010-11-24 15:09:32,20,29709.46,29709.54,Enter_Home
2010-11-24 15:52:21,2010-11-24 15:56:20,20,29752.35,29756.34,Relax
2010-11-24 16:16:19,2010-11-24 16:21:39,20,29776.32,29781.66,Relax
2010-11-24 17:36:14,2010-11-24 17:50:29,20,29856.24,29870.48,Relax
2010-11-24 18:08:27,2010-11-24 18:30:21,20,29888.46,29910.36,Relax
2010-11-24 18:40:57,2010-11-24 19:13:42,20,29920.95,29953.71,Relax
2010-11-24 19:25:44,2010-11-24 20:00:29,20,29965.74,30000.49,Relax
2010-11-24 20:02:02,2010-11-24 20:48:56,20,30002.04,30048.94,Relax
2010-11-24 20:56:54,2010-11-24 21:34:49,20,30056.9,30094.83,Relax
2010-11-24 21:38:56,2010-11-24 23:43:57,20,30098.94,30223.96,Relax
2010-11-25 00:10:16,2010-11-25 00:48:26,21,30250.28,30288.43,Sleeping
2010-11-25 00:48:28,2010-11-25 00:51:35,21,30288.48,30291.58,Bed_to_Toilet
2010-11-25 00:52:32,2010-11-25 05:41:49,21,30292.55,30581.83,Sleeping
2010-11-25 05:42:07,2010-11-25 05:45:23,21,30582.12,30585.4,Bed_to_Toilet
2010-11-25 05:45:37,2010-11-25 08:23:40,21,30585.63,30743.68,Sleeping
2010-11-25 08:28:25,2010-11-25 08:41:32,21,30748.43,30761.54,Meal_Preparation
2010-11-25 08:44:11,2010-11-25 08:45:33,21,30764.18,30765.56,Meal_Preparation
2010-11-25 08:51:25,2010-11-25 09:54:49,21,30771.43,30834.82,Relax
2010-11-25 09:55:01,2010-11-25 10:06:35,21,30835.03,30846.59,Meal_Preparation
2010-11-25 11:30:31,2010-11-25 11:58:13,21,30930.52,30958.23,Meal_Preparation
2010-11-25 11:58:30,2010-11-25 12:00:33,21,30958.52,30960.55,Relax
2010-11-25 12:02:46,2010-11-25 12:18:02,21,30962.77,30978.04,Meal_Preparation
2010-11-25 12:22:49,2010-11-25 12:30:46,21,30982.82,30990.77,Housekeeping
2010-11-25 12:27:29,2010-11-25 12:27:34,21,30987.5,30987.58,Leave_Home
2010-11-25 12:27:57,2010-11-25 12:28:01,21,30987.95,30988.03,Enter_Home
2010-11-25 12:34:12,2010-11-25 12:34:16,21,30994.2,30994.27,Leave_Home
2010-11-25 12:35:41,2010-11-25 12:35:45,21,30995.69,30995.76,Enter_Home
2010-11-25 12:36:31,2010-11-25 12:36:35,21,30996.52,30996.59,Leave_Home
2010-11-25 12:49:04,2010-11-25 12:49:08,21,31009.08,31009.14,Enter_Home
2010-11-25 13:45:32,2010-11-25 13:45:35,21,31065.54,31065.6,Leave_Home
2010-11-25 13:48:08,2010-11-25 13:48:13,21,31068.14,31068.22,Enter_Home
2010-11-25 13:58:23,2010-11-25 14:09:45,21,31078.4,31089.76,Meal_Preparation
2010-11-25 14:42:28,2010-11-25 14:57:38,21,31122.47,31137.63,Relax
2010-11-25 14:58:32,2010-11-25 14:58:37,21,31138.54,31138.62,Leave_Home
2010-11-25 14:59:07,2010-11-25 14:59:10,21,31139.12,31139.18,Enter_Home
2010-11-25 14:59:51,2010-11-25 15:57:07,21,31139.86,31197.12,Relax
2010-11-25 15:58:33,2010-11-25 16:04:29,21,31198.55,31204.49,Meal_Preparation
2010-11-25 16:19:05,2010-11-25 16:57:06,21,31219.09,31257.11,Work
2010-11-25 17:07:45,2010-11-25 17:07:47,21,31267.75,31267.8,Leave_Home
2010-11-25 22:56:44,2010-11-25 22:56:53,21,31616.75,31616.89,Enter_Home
2010-11-25 23:12:55,2010-11-25 23:26:13,21,31632.93,31646.23,Relax
2010-11-25 23:36:39,2010-11-26 00:21:00,21,31656.66,31701.01,Relax
2010-11-26 00:32:03,2010-11-26 00:44:00,22,31712.05,31724.0,Relax
2010-11-26 00:49:02,2010-11-26 05:51:43,22,31729.04,32031.73,Sleeping
2010-11-26 05:51:54,2010-11-26 05:55:29,22,32031.91,32035.49,Bed_to_Toilet
2010-11-26 05:56:01,2010-11-26 09:02:20,22,32036.02,32222.34,Sleeping
2010-11-26 09:08:24,2010-11-26 09:13:43,22,32228.41,32233.73,Meal_Preparation
2010-11-26 09:17:40,2010-11-26 09:20:33,22,32237.67,32240.56,Meal_Preparation
2010-11-26 09:21:31,2010-11-26 09:32:33,22,32241.53,32252.57,Relax
2010-11-26 09:36:13,2010-11-26 10:23:42,22,32256.22,32303.71,Relax
2010-11-26 11:21:43,2010-11-26 11:21:48,22,32361.73,32361.81,Leave_Home
2010-11-26 14:00:01,2010-11-26 14:00:06,22,32520.02,32520.1,Enter_Home
2010-11-26 14:04:24,2010-11-26 14:04:29,22,32524.41,32524.48,Leave_Home
2010-11-26 14:05:00,2010-11-26 14:05:04,22,32525.01,32525.08,Enter_Home
2010-11-26 14:24:02,2010-11-26 14:39:08,22,32544.03,32559.14,Relax
2010-11-26 14:40:46,2010-11-26 15:20:38,22,32560.78,32600.65,Relax
2010-11-26 15:23:21,2010-11-26 15:28:12,22,32603.36,32608.21,Meal_Preparation
2010-11-26 15:28:45,2010-11-26 15:34:47,22,32608.76,32614.78,Meal_Preparation
2010-11-26 15:41:55,2010-11-26 16:07:32,22,32621.92,32647.54,Eating
2010-11-26 16:09:41,2010-11-26 16:41:53,22,32649.69,32681.89,Relax
2010-11-26 17:04:06,2010-11-26 17:32:25,22,32704.1,32732.42,Relax
2010-11-26 18:04:42,2010-11-26 18:58:25,22,32764.71,32818.42,Relax
2010-11-26 19:17:47,2010-11-26 19:28:08,22,32837.79,32848.14,Relax
2010-11-26 19:33:02,2010-11-26 20:43:24,22,32853.05,32923.42,Relax
2010-11-26 20:51:10,2010-11-26 21:28:03,22,32931.17,32968.06,Relax
2010-11-26 21:33:36,2010-11-26 21:51:06,22,32973.61,32991.11,Relax
2010-11-26 21:53:39,2010-11-26 22:17:15,22,32993.66,33017.25,Relax
2010-11-26 22:19:52,2010-11-26 22:30:03,22,33019.88,33030.06,Relax
2010-11-26 22:33:33,2010-11-26 23:10:44,22,33033.56,33070.74,Relax
2010-11-26 23:27:39,2010-11-26 23:44:25,22,33087.66,33104.42,Relax
2010-11-26 23:55:39,2010-11-27 05:24:21,22,33115.65,33444.35,Sleeping
2010-11-27 05:24:28,2010-11-27 05:28:37,23,33444.47,33448.63,Bed_to_Toilet
2010-11-27 05:29:43,2010-11-27 08:53:03,23,33449.73,33653.06,Sleeping
2010-11-27 08:58:04,2010-11-27 09:04:29,23,33658.07,33664.49,Meal_Preparation
2010-11-27 09:20:04,2010-11-27 09:30:25,23,33680.08,33690.43,Meal_Preparation
2010-11-27 09:41:06,2010-11-27 09:55:27,23,33701.12,33715.45,Relax
2010-11-27 10:27:28,2010-11-27 10:58:29,23,33747.47,33778.49,Relax
2010-11-27 14:47:37,2010-11-27 14:59:11,23,34007.63,34019.19,Relax
2010-11-27 15:01:22,2010-11-27 15:53:00,23,34021.38,34073.0,Relax
2010-11-27 16:52:14,2010-11-27 17:54:32,23,34132.24,34194.54,Relax
2010-11-27 17:54:36,2010-11-27 18:01:16,23,34194.61,34201.27,Meal_Preparation
2010-11-27 18:02:05,2010-11-27 18:03:03,23,34202.09,34203.05,Meal_Preparation
2010-11-27 18:05:05,2010-11-27 18:06:59,23,34205.08,34207.0,Meal_Preparation
2010-11-27 18:09:19,2010-11-27 18:10:26,23,34209.33,34210.45,Meal_Preparation
2010-11-27 18:22:15,2010-11-27 18:35:25,23,34222.25,34235.43,Relax
2010-11-27 18:40:30,2010-11-27 19:28:48,23,34240.5,34288.8,Relax
2010-11-27 19:29:32,2010-11-27 19:33:28,23,34289.55,34293.48,Relax
2010-11-27 19:36:33,2010-11-27 19:39:21,23,34296.56,34299.35,Relax
2010-11-27 19:44:18,2010-11-27 20:38:42,23,34304.3,34358.71,Relax
2010-11-27 20:48:10,2010-11-27 21:21:12,23,34368.18,34401.21,Relax
2010-11-27 21:25:30,2010-11-27 22:30:52,23,34405.51,34470.88,Relax
2010-11-27 22:31:36,2010-11-27 22:37:39,23,34471.6,34477.67,Relax
2010-11-27 22:43:06,2010-11-27 23:23:47,23,34483.11,34523.79,Relax
2010-11-27 23:31:39,2010-11-27 23:44:39,23,34531.66,34544.67,Sleeping
2010-11-27 23:44:41,2010-11-27 23:45:51,23,34544.69,34545.86,Bed_to_Toilet
2010-11-27 23:46:44,2010-11-28 05:21:06,23,34546.75,34881.11,Sleeping
2010-11-28 05:21:15,2010-11-28 05:24:58,24,34881.26,34884.98,Bed_to_Toilet
2010-11-28 05:25:27,2010-11-28 08:18:04,24,34885.46,35058.08,Sleeping
2010-11-28 08:19:15,2010-11-28 08:29:25,24,35059.26,35069.43,Relax
2010-11-28 08:40:34,2010-11-28 08:43:45,24,35080.58,35083.75,Meal_Preparation
2010-11-28 08:45:05,2010-11-28 09:02:59,24,35085.09,35102.98,Meal_Preparation
2010-11-28 10:22:05,2010-11-28 10:42:16,24,35182.09,35202.28,Relax
2010-11-28 10:43:59,2010-11-28 10:46:59,24,35203.98,35207.0,Meal_Preparation
2010-11-28 10:48:32,2010-11-28 11:11:44,24,35208.54,35231.75,Eating
2010-11-28 14:47:13,2010-11-28 15:48:09,24,35447.22,35508.16,Housekeeping
2010-11-28 17:06:52,2010-11-28 17:54:02,24,35586.88,35634.04,Meal_Preparation
2010-11-28 17:55:03,2010-11-28 18:27:49,24,35635.06,35667.82,Relax
2010-11-28 18:30:23,2010-11-28 18:35:32,24,35670.39,35675.54,Relax
2010-11-28 18:36:09,2010-11-28 18:41:51,24,35676.16,35681.86,Relax
2010-11-28 18:42:43,2010-11-28 18:54:26,24,35682.72,35694.44,Relax
2010-11-28 18:57:49,2010-11-28 19:28:14,24,35697.83,35728.23,Relax
2010-11-28 19:30:21,2010-11-28 19:47:25,24,35730.36,35747.42,Relax
2010-11-28 19:52:34,2010-11-28 20:23:34,24,35752.57,35783.58,Relax
2010-11-28 20:31:46,2010-11-28 21:37:26,24,35791.77,35857.45,Relax
2010-11-28 21:37:38,2010-11-28 21:41:03,24,35857.65,35861.06,Meal_Preparation
2010-11-28 21:43:22,2010-11-28 21:47:13,24,35863.37,35867.22,Meal_Preparation
2010-11-28 21:47:14,2010-11-28 21:53:24,24,35867.23,35873.4,Eating
2010-11-28 22:01:51,2010-11-28 23:28:06,24,35881.85,35968.1,Relax
2010-11-28 23:34:04,2010-11-29 00:14:15,24,35974.07,36014.26,Relax
2010-11-29 00:34:53,2010-11-29 01:38:47,25,36034.89,36098.79,Sleeping
2010-11-29 01:38:51,2010-11-29 01:39:31,25,36098.86,36099.52,Bed_to_Toilet
2010-11-29 01:39:48,2010-11-29 06:38:23,25,36099.8,36398.39,Sleeping
2010-11-29 07:01:13,2010-11-29 07:13:16,25,36421.22,36433.28,Sleeping
2010-11-29 07:18:16,2010-11-29 07:31:07,25,36438.28,36451.13,Meal_Preparation
2010-11-29 10:37:46,2010-11-29 10:37:51,25,36637.77,36637.85,Leave_Home
2010-11-29 10:39:12,2010-11-29 10:39:17,25,36639.21,36639.28,Enter_Home
2010-11-29 10:39:45,2010-11-29 10:39:48,25,36639.75,36639.81,Leave_Home
2010-11-29 14:40:20,2010-11-29 14:40:25,25,36880.34,36880.42,Enter_Home
2010-11-29 14:43:48,2010-11-29 14:55:01,25,36883.81,36895.03,Relax
2010-11-29 15:00:36,2010-11-29 15:09:07,25,36900.61,36909.12,Relax
2010-11-29 15:17:04,2010-11-29 15:27:03,25,36917.08,36927.07,Meal_Preparation
2010-11-29 15:28:00,2010-11-29 16:13:52,25,36928.01,36973.87,Relax
2010-11-29 16:55:21,2010-11-29 16:55:29,25,37015.37,37015.5,Leave_Home
2010-11-29 18:29:54,2010-11-29 18:29:59,25,37109.92,37109.99,Enter_Home
2010-11-29 18:37:25,2010-11-29 18:45:57,25,37117.42,37125.96,Meal_Preparation
2010-11-29 18:48:09,2010-11-29 18:56:23,25,37128.16,37136.39,Meal_Preparation
2010-11-29 18:58:51,2010-11-29 19:10:14,25,37138.86,37150.23,Relax
2010-11-29 19:14:41,2010-11-29 19:16:07,25,37154.7,37156.12,Meal_Preparation
2010-11-29 19:16:12,2010-11-29 19:24:07,25,37156.21,37164.13,Eating
2010-11-29 19:24:24,2010-11-29 20:16:12,25,37164.4,37216.21,Relax
2010-11-29 20:21:44,2010-11-29 21:37:10,25,37221.74,37297.18,Relax
2010-11-29 21:42:09,2010-11-29 21:44:08,25,37302.16,37304.14,Wash_Dishes
2010-11-29 21:44:23,2010-11-29 22:04:54,25,37304.39,37324.91,Relax
2010-11-29 22:06:20,2010-11-29 23:22:27,25,37326.34,37402.46,Relax
2010-11-29 23:36:38,2010-11-30 00:05:37,25,37416.63,37445.62,Relax
2010-11-30 00:17:22,2010-11-30 00:39:07,26,37457.37,37479.12,Sleeping
2010-11-30 00:39:09,2010-11-30 00:40:14,26,37479.15,37480.24,Bed_to_Toilet
2010-11-30 00:40:54,2010-11-30 06:03:34,26,37480.91,37803.58,Sleeping
2010-11-30 06:03:43,2010-11-30 06:06:26,26,37803.72,37806.44,Bed_to_Toilet
2010-11-30 06:06:37,2010-11-30 08:43:18,26,37806.62,37963.31,Sleeping
2010-11-30 08:56:20,2010-11-30 09:12:33,26,37976.35,37992.56,Meal_Preparation
2010-11-30 10:17:26,2010-11-30 10:23:35,26,38057.44,38063.59,Meal_Preparation
2010-11-30 10:24:28,2010-11-30 10:25:46,26,38064.47,38065.77,Meal_Preparation
2010-11-30 10:26:08,2010-11-30 10:31:49,26,38066.13,38071.82,Eating
2010-11-30 11:32:04,2010-11-30 11:32:08,26,38132.07,38132.14,Leave_Home
2010-11-30 11:32:42,2010-11-30 11:32:47,26,38132.7,38132.79,Enter_Home
2010-11-30 11:33:07,2010-11-30 11:33:11,26,38133.12,38133.2,Leave_Home
2010-11-30 13:55:39,2010-11-30 13:55:44,26,38275.66,38275.75,Enter_Home
2010-11-30 13:57:23,2010-11-30 14:03:43,26,38277.39,38283.72,Meal_Preparation
2010-11-30 14:03:59,2010-11-30 14:25:53,26,38284.0,38305.89,Relax
2010-11-30 14:32:25,2010-11-30 14:32:32,26,38312.43,38312.53,Leave_Home
2010-11-30 15:12:19,2010-11-30 15:12:43,26,38352.33,38352.73,Enter_Home
2010-11-30 15:21:41,2010-11-30 15:36:10,26,38361.69,38376.17,Relax
2010-11-30 15:55:11,2010-11-30 16:00:08,26,38395.2,38400.14,Relax
2010-11-30 16:02:45,2010-11-30 16:07:18,26,38402.75,38407.31,Relax
2010-11-30 16:12:00,2010-11-30 16:24:22,26,38412.02,38424.38,Eating
2010-11-30 16:35:51,2010-11-30 16:36:05,26,38435.85,38436.09,Leave_Home
2010-11-30 16:44:36,2010-11-30 16:44:42,26,38444.61,38444.72,Enter_Home
2010-11-30 17:16:06,2010-11-30 17:24:18,26,38476.11,38484.3,Relax
2010-11-30 17:26:09,2010-11-30 17:39:43,26,38486.16,38499.73,Meal_Preparation
2010-11-30 17:41:11,2010-11-30 17:47:07,26,38501.2,38507.12,Relax
2010-11-30 17:48:36,2010-11-30 18:04:56,26,38508.61,38524.94,Relax
2010-11-30 18:14:42,2010-11-30 18:24:27,26,38534.71,38544.46,Eating
2010-11-30 18:26:00,2010-11-30 18:46:58,26,38546.01,38566.97,Relax
2010-11-30 18:52:22,2010-11-30 19:02:00,26,38572.37,38582.0,Relax
2010-11-30 19:15:01,2010-11-30 19:22:11,26,38595.02,38602.19,Relax
2010-11-30 19:22:21,2010-11-30 19:36:54,26,38602.36,38616.9,Relax
2010-11-30 19:41:34,2010-11-30 20:30:51,26,38621.58,38670.86,Relax
2010-11-30 20:35:24,2010-11-30 21:22:29,26,38675.41,38722.49,Relax
2010-11-30 21:38:51,2010-11-30 22:25:44,26,38738.86,38785.74,Relax
2010-11-30 22:30:36,2010-12-01 08:51:28,26,38790.61,39411.47,Sleeping
2010-12-01 08:59:05,2010-12-01 09:06:42,27,39419.09,39426.7,Meal_Preparation
2010-12-01 09:06:48,2010-12-01 09:13:56,27,39426.81,39433.95,Relax
2010-12-01 09:16:19,2010-12-01 09:45:24,27,39436.33,39465.41,Relax
2010-12-01 10:04:33,2010-12-01 10:12:20,27,39484.57,39492.34,Eating
2010-12-01 10:15:14,2010-12-01 10:29:53,27,39495.24,39509.89,Wash_Dishes
2010-12-01 11:22:22,2010-12-01 11:22:28,27,39562.37,39562.48,Leave_Home
2010-12-01 13:43:51,2010-12-01 13:43:57,27,39703.86,39703.96,Enter_Home
2010-12-01 13:49:02,2010-12-01 14:47:09,27,39709.05,39767.16,Relax
2010-12-01 14:50:57,2010-12-01 15:30:34,27,39770.96,39810.57,Housekeeping
2010-12-01 15:34:27,2010-12-01 15:59:23,27,39814.47,39839.39,Respirate
2010-12-01 16:03:41,2010-12-01 16:29:44,27,39843.69,39869.74,Relax
2010-12-01 16:37:24,2010-12-01 17:45:17,27,39877.41,39945.3,Relax
2010-12-01 17:54:41,2010-12-01 18:10:23,27,39954.7,39970.38,Meal_Preparation
2010-12-01 18:15:32,2010-12-01 18:21:27,27,39975.54,39981.46,Eating
2010-12-01 18:21:35,2010-12-01 18:31:36,27,39981.6,39991.6,Wash_Dishes
2010-12-01 18:32:05,2010-12-01 19:16:55,27,39992.08,40036.92,Relax
2010-12-01 19:21:35,2010-12-01 19:37:00,27,40041.6,40057.01,Relax
2010-12-01 19:39:03,2010-12-01 20:52:27,27,40059.06,40132.45,Relax
2010-12-01 20:54:24,2010-12-01 21:04:01,27,40134.41,40144.03,Relax
2010-12-01 21:18:57,2010-12-01 21:30:58,27,40158.95,40170.98,Relax
2010-12-01 21:46:33,2010-12-01 22:28:57,27,40186.56,40228.95,Relax
2010-12-01 22:30:04,2010-12-01 22:43:22,27,40230.08,40243.38,Relax
2010-12-01 22:44:38,2010-12-01 23:10:48,27,40244.64,40270.82,Relax
2010-12-01 23:29:42,2010-12-02 04:31:55,27,40289.71,40591.93,Sleeping
2010-12-02 04:32:00,2010-12-02 04:36:11,28,40592.01,40596.19,Bed_to_Toilet
2010-12-02 04:36:20,2010-12-02 05:55:32,28,40596.34,40675.55,Sleeping
2010-12-02 05:57:40,2010-12-02 06:05:17,28,40677.68,40685.29,Meal_Preparation
2010-12-02 06:08:17,2010-12-02 06:09:25,28,40688.29,40689.43,Meal_Preparation
2010-12-02 06:12:55,2010-12-02 06:41:55,28,40692.92,40721.93,Relax
2010-12-02 07:55:25,2010-12-02 07:58:41,28,40795.42,40798.69,Meal_Preparation
2010-12-02 07:58:42,2010-12-02 08:03:13,28,40798.7,40803.23,Eating
2010-12-02 08:31:14,2010-12-02 08:31:17,28,40831.24,40831.3,Leave_Home
2010-12-02 11:14:20,2010-12-02 11:14:51,28,40994.34,40994.86,Enter_Home
2010-12-02 11:43:32,2010-12-02 11:43:37,28,41023.55,41023.62,Leave_Home
2010-12-02 15:30:55,2010-12-02 15:31:00,28,41250.92,41251.0,Enter_Home
2010-12-02 15:32:03,2010-12-02 15:32:07,28,41252.06,41252.13,Leave_Home
2010-12-02 15:32:47,2010-12-02 15:32:52,28,41252.79,41252.87,Enter_Home
2010-12-02 15:49:12,2010-12-02 19:03:41,28,41269.22,41463.69,Relax
2010-12-02 19:16:53,2010-12-02 19:32:07,28,41476.89,41492.13,Relax
2010-12-02 19:32:59,2010-12-02 20:01:48,28,41492.98,41521.81,Relax
2010-12-02 20:03:28,2010-12-02 20:07:24,28,41523.48,41527.41,Relax
2010-12-02 20:08:30,2010-12-02 20:26:21,28,41528.5,41546.36,Meal_Preparation
2010-12-02 20:28:03,2010-12-02 20:46:54,28,41548.06,41566.91,Eating
2010-12-02 20:47:48,2010-12-02 21:04:10,28,41567.82,41584.18,Relax
2010-12-02 21:05:50,2010-12-02 21:45:31,28,41585.84,41625.52,Relax
2010-12-02 21:46:01,2010-12-02 21:50:08,28,41626.02,41630.15,Wash_Dishes
2010-12-02 21:50:59,2010-12-02 22:45:52,28,41630.99,41685.88,Relax
2010-12-02 22:48:16,2010-12-02 23:22:19,28,41688.28,41722.32,Relax
2010-12-02 23:35:03,2010-12-03 00:08:01,28,41735.06,41768.02,Relax
2010-12-03 00:16:57,2010-12-03 00:39:59,29,41776.95,41799.99,Sleeping
2010-12-03 00:40:01,2010-12-03 00:42:32,29,41800.03,41802.54,Bed_to_Toilet
2010-12-03 00:43:04,2010-12-03 08:25:03,29,41803.08,42265.06,Sleeping
2010-12-03 08:36:32,2010-12-03 08:42:33,29,42276.54,42282.55,Meal_Preparation
2010-12-03 08:43:56,2010-12-03 08:49:33,29,42283.94,42289.56,Relax
2010-12-03 08:49:36,2010-12-03 08:51:53,29,42289.61,42291.9,Meal_Preparation
2010-12-03 08:54:18,2010-12-03 09:07:16,29,42294.3,42307.27,Relax
2010-12-03 09:21:09,2010-12-03 09:56:49,29,42321.16,42356.82,Relax
2010-12-03 10:54:25,2010-12-03 10:55:30,29,42414.43,42415.51,Meal_Preparation
2010-12-03 10:55:32,2010-12-03 11:01:41,29,42415.53,42421.69,Eating
2010-12-03 11:12:02,2010-12-03 11:12:06,29,42432.04,42432.11,Leave_Home
2010-12-03 11:15:14,2010-12-03 11:15:16,29,42435.24,42435.27,Enter_Home
2010-12-03 11:21:19,2010-12-03 11:21:23,29,42441.33,42441.39,Leave_Home
2010-12-03 11:21:52,2010-12-03 11:21:55,29,42441.88,42441.93,Enter_Home
2010-12-03 11:33:22,2010-12-03 11:33:26,29,42453.38,42453.44,Leave_Home
2010-12-03 11:33:41,2010-12-03 11:33:45,29,42453.68,42453.76,Enter_Home
2010-12-03 11:34:20,2010-12-03 11:34:24,29,42454.33,42454.41,Leave_Home
2010-12-03 15:59:16,2010-12-03 15:59:22,29,42719.27,42719.38,Enter_Home
2010-12-03 16:15:44,2010-12-03 16:50:15,29,42735.74,42770.26,Relax
2010-12-03 16:51:38,2010-12-03 17:21:02,29,42771.64,42801.03,Relax
2010-12-03 17:22:02,2010-12-03 17:43:13,29,42802.05,42823.22,Relax
2010-12-03 17:48:29,2010-12-03 17:56:11,29,42828.5,42836.18,Meal_Preparation
2010-12-03 17:59:26,2010-12-03 18:13:17,29,42839.43,42853.28,Relax
2010-12-03 18:17:40,2010-12-03 18:49:32,29,42857.67,42889.54,Relax
2010-12-03 18:50:40,2010-12-03 19:12:53,29,42890.68,42912.9,Relax
2010-12-03 19:24:28,2010-12-03 19:38:45,29,42924.47,42938.75,Relax
2010-12-03 19:46:52,2010-12-03 20:46:17,29,42946.87,43006.3,Relax
2010-12-03 20:48:57,2010-12-03 20:56:59,29,43008.96,43017.0,Relax
2010-12-03 21:12:08,2010-12-03 21:23:45,29,43032.15,43043.76,Relax
2010-12-03 21:26:58,2010-12-03 21:46:40,29,43046.98,43066.68,Relax
2010-12-03 21:52:58,2010-12-03 23:21:33,29,43072.98,43161.56,Relax
2010-12-03 23:36:05,2010-12-04 00:02:17,29,43176.08,43202.29,Relax
2010-12-04 00:15:21,2010-12-04 07:31:38,30,43215.37,43651.64,Sleeping
2010-12-04 07:32:11,2010-12-04 07:36:05,30,43652.18,43656.09,Bed_to_Toilet
2010-12-04 07:36:06,2010-12-04 07:48:07,30,43656.11,43668.13,Sleeping
2010-12-04 07:50:13,2010-12-04 08:06:25,30,43670.22,43686.42,Meal_Preparation
2010-12-04 08:39:44,2010-12-04 08:47:40,30,43719.74,43727.68,Meal_Preparation
2010-12-04 08:51:56,2010-12-04 09:26:15,30,43731.95,43766.26,Relax
2010-12-04 10:10:12,2010-12-04 10:21:45,30,43810.22,43821.75,Relax
2010-12-04 10:57:52,2010-12-04 11:10:13,30,43857.88,43870.22,Relax
2010-12-04 11:18:09,2010-12-04 11:18:16,30,43878.16,43878.28,Leave_Home
2010-12-04 11:18:45,2010-12-04 11:18:49,30,43878.75,43878.83,Enter_Home
2010-12-04 11:30:07,2010-12-04 11:30:11,30,43890.13,43890.2,Leave_Home
2010-12-04 15:54:52,2010-12-04 15:54:57,30,44154.88,44154.96,Enter_Home
2010-12-04 15:55:11,2010-12-04 15:55:14,30,44155.19,44155.25,Leave_Home
2010-12-04 15:55:27,2010-12-04 15:55:31,30,44155.45,44155.53,Enter_Home
2010-12-04 15:56:04,2010-12-04 15:56:07,30,44156.08,44156.13,Leave_Home
2010-12-04 15:56:48,2010-12-04 15:56:53,30,44156.81,44156.89,Enter_Home
2010-12-04 15:58:05,2010-12-04 15:58:12,30,44158.1,44158.21,Leave_Home
2010-12-04 15:58:26,2010-12-04 15:58:46,30,44158.45,44158.78,Enter_Home
2010-12-04 16:29:55,2010-12-04 17:26:56,30,44189.93,44246.94,Relax
2010-12-04 17:28:38,2010-12-04 17:36:24,30,44248.63,44256.41,Relax
2010-12-04 17:39:40,2010-12-04 17:52:45,30,44259.68,44272.76,Relax
2010-12-04 17:55:15,2010-12-04 18:32:25,30,44275.26,44312.43,Relax
2010-12-04 19:07:36,2010-12-04 19:12:14,30,44347.61,44352.25,Relax
2010-12-04 19:12:18,2010-12-04 19:22:42,30,44352.32,44362.7,Meal_Preparation
2010-12-04 19:26:07,2010-12-04 19:29:00,30,44366.12,44369.01,Meal_Preparation
2010-12-04 19:30:50,2010-12-04 19:43:02,30,44370.85,44383.04,Eating
2010-12-04 19:43:09,2010-12-04 19:47:13,30,44383.16,44387.23,Wash_Dishes
2010-12-04 19:47:18,2010-12-04 21:00:01,30,44387.31,44460.03,Relax
2010-12-04 21:06:31,2010-12-04 21:15:19,30,44466.53,44475.32,Relax
2010-12-04 21:31:55,2010-12-04 21:39:02,30,44491.93,44499.05,Relax
2010-12-04 21:43:41,2010-12-04 22:30:14,30,44503.69,44550.23,Relax
2010-12-04 22:36:39,2010-12-04 22:59:22,30,44556.66,44579.38,Sleeping
2010-12-04 22:59:25,2010-12-04 23:01:10,30,44579.43,44581.18,Bed_to_Toilet
2010-12-04 23:01:42,2010-12-05 04:35:33,30,44581.71,44915.55,Sleeping
2010-12-05 04:35:45,2010-12-05 04:39:03,31,44915.75,44919.06,Bed_to_Toilet
2010-12-05 04:39:25,2010-12-05 05:57:09,31,44919.42,44997.17,Sleeping
2010-12-05 05:59:57,2010-12-05 06:20:30,31,44999.97,45020.5,Meal_Preparation
2010-12-05 06:22:27,2010-12-05 06:48:44,31,45022.46,45048.74,Relax
2010-12-05 08:14:00,2010-12-05 08:14:05,31,45134.02,45134.09,Leave_Home
2010-12-05 11:01:15,2010-12-05 11:01:19,31,45301.25,45301.33,Enter_Home
2010-12-05 11:30:25,2010-12-05 11:30:29,31,45330.43,45330.49,Leave_Home
2010-12-05 11:31:17,2010-12-05 11:31:21,31,45331.3,45331.36,Enter_Home
2010-12-05 11:31:23,2010-12-05 11:41:28,31,45331.39,45341.48,Work
2010-12-05 11:42:05,2010-12-05 13:03:19,31,45342.09,45423.32,Work
2010-12-05 14:01:00,2010-12-05 14:05:32,31,45481.0,45485.53,Work
2010-12-05 14:37:52,2010-12-05 14:42:02,31,45517.88,45522.04,Work
2010-12-05 15:19:03,2010-12-05 15:26:44,31,45559.06,45566.75,Work
2010-12-05 16:23:55,2010-12-05 16:39:43,31,45623.93,45639.73,Work
2010-12-05 16:43:33,2010-12-05 16:52:55,31,45643.56,45652.92,Work
2010-12-05 17:24:50,2010-12-05 17:27:39,31,45684.84,45687.66,Meal_Preparation
2010-12-05 17:29:39,2010-12-05 17:48:53,31,45689.65,45708.89,Meal_Preparation
2010-12-05 17:51:30,2010-12-05 17:54:53,31,45711.51,45714.88,Meal_Preparation
2010-12-05 17:57:23,2010-12-05 18:05:10,31,45717.39,45725.18,Meal_Preparation
2010-12-05 18:12:33,2010-12-05 18:19:38,31,45732.55,45739.65,Relax
2010-12-05 18:49:07,2010-12-05 18:58:04,31,45769.13,45778.07,Relax
2010-12-05 19:06:37,2010-12-05 19:21:23,31,45786.62,45801.39,Relax
2010-12-05 19:33:03,2010-12-05 19:56:57,31,45813.06,45836.95,Relax
2010-12-05 20:25:38,2010-12-05 20:44:03,31,45865.64,45884.07,Relax
2010-12-05 20:49:49,2010-12-05 21:36:04,31,45889.83,45936.07,Relax
2010-12-05 21:38:27,2010-12-05 22:03:40,31,45938.46,45963.68,Relax
2010-12-05 22:18:26,2010-12-06 04:18:57,31,45978.44,46338.95,Sleeping
2010-12-06 04:19:01,2010-12-06 04:22:01,32,46339.02,46342.02,Bed_to_Toilet
2010-12-06 04:22:16,2010-12-06 06:52:18,32,46342.27,46492.31,Sleeping
2010-12-06 08:15:55,2010-12-06 08:15:59,32,46575.92,46575.99,Leave_Home
2010-12-06 08:29:31,2010-12-06 08:29:35,32,46589.53,46589.59,Enter_Home
2010-12-06 08:43:50,2010-12-06 09:47:04,32,46603.84,46667.08,Relax
2010-12-06 09:47:31,2010-12-06 09:49:16,32,46667.52,46669.28,Meal_Preparation
2010-12-06 09:54:15,2010-12-06 09:59:02,32,46674.27,46679.05,Relax
2010-12-06 09:59:41,2010-12-06 10:05:01,32,46679.69,46685.03,Relax
2010-12-06 10:06:28,2010-12-06 10:07:32,32,46686.48,46687.54,Meal_Preparation
2010-12-06 10:08:06,2010-12-06 10:08:33,32,46688.1,46688.56,Meal_Preparation
2010-12-06 10:11:30,2010-12-06 10:13:01,32,46691.5,46693.03,Meal_Preparation
2010-12-06 10:15:55,2010-12-06 10:20:23,32,46695.93,46700.39,Eating
2010-12-06 11:42:28,2010-12-06 11:42:33,32,46782.48,46782.56,Leave_Home
2010-12-06 13:37:56,2010-12-06 13:38:01,32,46897.94,46898.03,Enter_Home
2010-12-06 13:45:40,2010-12-06 13:45:45,32,46905.67,46905.75,Leave_Home
2010-12-06 14:02:38,2010-12-06 14:02:43,32,46922.65,46922.73,Enter_Home
2010-12-06 14:03:13,2010-12-06 14:12:33,32,46923.22,46932.55,Meal_Preparation
2010-12-06 14:12:35,2010-12-06 14:24:06,32,46932.59,46944.11,Relax
2010-12-06 14:24:38,2010-12-06 14:36:13,32,46944.64,46956.23,Relax
2010-12-06 15:32:28,2010-12-06 16:29:35,32,47012.48,47069.58,Work
2010-12-06 16:34:16,2010-12-06 16:37:33,32,47074.28,47077.56,Relax
2010-12-06 16:39:55,2010-12-06 16:41:39,32,47079.92,47081.66,Relax
2010-12-06 16:45:41,2010-12-06 17:13:38,32,47085.7,47113.65,Relax
2010-12-06 17:16:41,2010-12-06 17:27:47,32,47116.7,47127.79,Relax
2010-12-06 17:31:49,2010-12-06 18:20:27,32,47131.82,47180.46,Relax
2010-12-06 18:31:53,2010-12-06 18:36:38,32,47191.89,47196.64,Relax
2010-12-06 18:37:23,2010-12-06 18:44:56,32,47197.39,47204.94,Relax
2010-12-06 18:49:44,2010-12-06 19:23:31,32,47209.74,47243.53,Relax
2010-12-06 19:38:45,2010-12-06 19:48:51,32,47258.76,47268.87,Relax
2010-12-06 19:50:26,2010-12-06 19:56:15,32,47270.44,47276.26,Relax
2010-12-06 20:01:42,2010-12-06 20:44:01,32,47281.71,47324.03,Relax
2010-12-06 20:52:09,2010-12-06 21:26:46,32,47332.16,47366.78,Relax
2010-12-06 21:36:46,2010-12-06 23:20:38,32,47376.78,47480.65,Relax
2010-12-06 23:49:24,2010-12-07 00:20:49,32,47509.41,47540.82,Sleeping
2010-12-07 00:20:52,2010-12-07 00:23:13,33,47540.87,47543.23,Bed_to_Toilet
2010-12-07 00:23:19,2010-12-07 05:15:16,33,47543.32,47835.27,Sleeping
2010-12-07 05:15:20,2010-12-07 05:17:52,33,47835.34,47837.87,Bed_to_Toilet
2010-12-07 05:17:57,2010-12-07 08:19:51,33,47837.96,48019.85,Sleeping
2010-12-07 08:34:44,2010-12-07 08:45:33,33,48034.74,48045.56,Meal_Preparation
2010-12-07 08:46:05,2010-12-07 08:52:06,33,48046.1,48052.1,Meal_Preparation
2010-12-07 08:52:26,2010-12-07 09:01:13,33,48052.45,48061.23,Relax
2010-12-07 09:02:15,2010-12-07 09:20:17,33,48062.25,48080.3,Relax
2010-12-07 09:25:58,2010-12-07 09:33:07,33,48085.98,48093.12,Relax
2010-12-07 10:03:44,2010-12-07 10:06:39,33,48123.75,48126.66,Relax
2010-12-07 10:12:03,2010-12-07 10:18:06,33,48132.06,48138.1,Meal_Preparation
2010-12-07 10:18:19,2010-12-07 10:24:21,33,48138.32,48144.36,Eating
2010-12-07 11:39:15,2010-12-07 11:39:19,33,48219.26,48219.33,Leave_Home
2010-12-07 14:35:11,2010-12-07 14:35:16,33,48395.19,48395.28,Enter_Home
2010-12-07 14:41:20,2010-12-07 14:41:25,33,48401.35,48401.43,Leave_Home
2010-12-07 14:42:06,2010-12-07 14:42:12,33,48402.11,48402.22,Enter_Home
2010-12-07 14:51:38,2010-12-07 14:51:42,33,48411.64,48411.71,Leave_Home
2010-12-07 15:16:44,2010-12-07 15:17:07,33,48436.74,48437.12,Enter_Home
2010-12-07 15:24:40,2010-12-07 15:29:54,33,48444.67,48449.91,Meal_Preparation
2010-12-07 15:30:57,2010-12-07 15:39:55,33,48450.96,48459.92,Meal_Preparation
2010-12-07 15:40:11,2010-12-07 15:53:35,33,48460.19,48473.58,Eating
2010-12-07 16:27:26,2010-12-07 16:54:59,33,48507.44,48534.99,Wash_Dishes
2010-12-07 17:01:46,2010-12-07 17:34:11,33,48541.78,48574.2,Meal_Preparation
2010-12-07 17:34:29,2010-12-07 17:44:23,33,48574.49,48584.39,Eating
2010-12-07 18:38:39,2010-12-07 18:39:02,33,48638.66,48639.04,Leave_Home
2010-12-07 18:39:04,2010-12-07 18:39:21,33,48639.07,48639.36,Enter_Home
2010-12-07 18:39:40,2010-12-07 18:39:45,33,48639.68,48639.75,Leave_Home
2010-12-07 18:40:17,2010-12-07 18:40:23,33,48640.3,48640.39,Enter_Home
2010-12-07 18:48:48,2010-12-07 18:53:17,33,48648.82,48653.29,Relax
2010-12-07 18:57:23,2010-12-07 19:19:06,33,48657.39,48679.1,Relax
2010-12-07 19:23:11,2010-12-07 20:20:46,33,48683.18,48740.78,Relax
2010-12-07 20:22:08,2010-12-07 21:02:11,33,48742.14,48782.2,Relax
2010-12-07 21:09:53,2010-12-07 22:28:57,33,48789.89,48868.96,Relax
2010-12-07 22:40:30,2010-12-08 04:05:11,33,48880.5,49205.19,Sleeping
2010-12-08 04:05:18,2010-12-08 04:07:51,34,49205.31,49207.85,Bed_to_Toilet
2010-12-08 04:08:18,2010-12-08 08:48:36,34,49208.3,49488.61,Sleeping
2010-12-08 08:58:35,2010-12-08 09:14:17,34,49498.6,49514.29,Meal_Preparation
2010-12-08 09:15:01,2010-12-08 09:31:00,34,49515.02,49531.01,Relax
2010-12-08 09:35:08,2010-12-08 10:03:52,34,49535.14,49563.88,Relax
2010-12-08 10:24:55,2010-12-08 10:27:30,34,49584.92,49587.51,Work
2010-12-08 10:56:09,2010-12-08 11:40:22,34,49616.15,49660.37,Housekeeping
2010-12-08 11:42:47,2010-12-08 11:42:51,34,49662.79,49662.86,Leave_Home
2010-12-08 11:43:28,2010-12-08 11:43:33,34,49663.48,49663.55,Enter_Home
2010-12-08 11:43:57,2010-12-08 11:44:01,34,49663.96,49664.03,Leave_Home
2010-12-08 14:02:37,2010-12-08 14:02:43,34,49802.62,49802.73,Enter_Home
2010-12-08 14:18:12,2010-12-08 14:33:36,34,49818.2,49833.6,Work
2010-12-08 14:44:02,2010-12-08 15:08:14,34,49844.04,49868.24,Relax
2010-12-08 15:12:33,2010-12-08 15:23:51,34,49872.56,49883.86,Relax
2010-12-08 15:25:34,2010-12-08 15:35:08,34,49885.58,49895.14,Relax
2010-12-08 15:46:25,2010-12-08 16:35:52,34,49906.43,49955.88,Relax
2010-12-08 16:50:08,2010-12-08 16:59:29,34,49970.14,49979.49,Work
2010-12-08 17:07:35,2010-12-08 17:09:54,34,49987.58,49989.91,Work
2010-12-08 17:11:39,2010-12-08 17:14:44,34,49991.66,49994.73,Meal_Preparation
2010-12-08 17:19:00,2010-12-08 17:29:07,34,49999.0,50009.12,Eating
2010-12-08 17:31:25,2010-12-08 17:48:09,34,50011.42,50028.16,Wash_Dishes
2010-12-08 17:48:57,2010-12-08 19:10:03,34,50028.97,50110.06,Relax
2010-12-08 19:15:23,2010-12-08 19:22:13,34,50115.39,50122.23,Relax
2010-12-08 19:26:47,2010-12-08 19:39:57,34,50126.79,50139.95,Relax
2010-12-08 19:40:34,2010-12-08 21:12:49,34,50140.58,50232.83,Relax
2010-12-08 21:34:31,2010-12-08 23:03:38,34,50254.52,50343.65,Relax
2010-12-08 23:25:48,2010-12-09 03:09:15,34,50365.81,50589.26,Sleeping
2010-12-09 03:09:22,2010-12-09 03:12:24,35,50589.38,50592.41,Bed_to_Toilet
2010-12-09 03:12:36,2010-12-09 05:57:52,35,50592.61,50757.87,Sleeping
2010-12-09 06:02:27,2010-12-09 06:06:01,35,50762.46,50766.02,Meal_Preparation
2010-12-09 06:14:42,2010-12-09 06:27:09,35,50774.71,50787.16,Relax
2010-12-09 06:29:52,2010-12-09 06:38:35,35,50789.87,50798.6,Relax
2010-12-09 06:58:54,2010-12-09 07:01:30,35,50818.91,50821.51,Work
2010-12-09 08:01:45,2010-12-09 08:04:21,35,50881.76,50884.36,Meal_Preparation
2010-12-09 08:04:38,2010-12-09 08:08:07,35,50884.65,50888.13,Eating
2010-12-09 08:28:20,2010-12-09 08:28:24,35,50908.34,50908.41,Leave_Home
2010-12-09 13:16:39,2010-12-09 13:16:43,35,51196.66,51196.73,Enter_Home
2010-12-09 13:20:49,2010-12-09 13:35:13,35,51200.83,51215.22,Relax
2010-12-09 13:50:56,2010-12-09 14:00:13,35,51230.94,51240.22,Work
2010-12-09 14:14:22,2010-12-09 14:21:35,35,51254.38,51261.59,Work
2010-12-09 14:29:50,2010-12-09 14:29:54,35,51269.84,51269.9,Leave_Home
2010-12-09 16:25:32,2010-12-09 16:25:36,35,51385.54,51385.6,Enter_Home
2010-12-09 16:31:28,2010-12-09 16:48:48,35,51391.47,51408.81,Meal_Preparation
2010-12-09 16:48:53,2010-12-09 16:54:34,35,51408.89,51414.58,Relax
2010-12-09 16:59:55,2010-12-09 17:33:25,35,51419.92,51453.43,Relax
2010-12-09 17:42:56,2010-12-09 18:06:59,35,51462.94,51486.99,Relax
2010-12-09 18:18:26,2010-12-09 18:18:31,35,51498.45,51498.52,Leave_Home
2010-12-09 18:19:47,2010-12-09 18:19:52,35,51499.79,51499.87,Enter_Home
2010-12-09 18:19:56,2010-12-09 18:20:00,35,51499.94,51500.0,Leave_Home
2010-12-09 21:29:29,2010-12-09 21:29:57,35,51689.49,51689.95,Enter_Home
2010-12-09 21:46:19,2010-12-09 21:55:12,35,51706.32,51715.2,Relax
2010-12-09 21:55:54,2010-12-09 22:06:27,35,51715.91,51726.46,Relax
2010-12-09 22:06:45,2010-12-09 22:17:42,35,51726.76,51737.7,Relax
2010-12-09 22:22:04,2010-12-09 22:26:13,35,51742.08,51746.22,Relax
2010-12-09 22:26:36,2010-12-09 22:45:41,35,51746.6,51765.68,Relax
2010-12-09 22:51:44,2010-12-09 23:00:22,35,51771.74,51780.38,Relax
2010-12-09 23:08:51,2010-12-10 05:57:04,35,51788.85,52197.07,Sleeping
2010-12-10 06:05:06,2010-12-10 06:17:54,36,52205.11,52217.9,Meal_Preparation
2010-12-10 06:23:39,2010-12-10 06:25:21,36,52223.66,52225.36,Meal_Preparation
2010-12-10 06:26:55,2010-12-10 06:38:21,36,52226.93,52238.36,Relax
2010-12-10 06:50:16,2010-12-10 07:12:42,36,52250.28,52272.71,Relax
2010-12-10 08:06:15,2010-12-10 08:06:20,36,52326.26,52326.34,Leave_Home
2010-12-10 09:35:11,2010-12-10 09:35:14,36,52415.19,52415.24,Enter_Home
2010-12-10 09:42:25,2010-12-10 09:42:31,36,52422.43,52422.53,Leave_Home
2010-12-10 13:28:38,2010-12-10 13:28:42,36,52648.64,52648.7,Enter_Home
2010-12-10 13:31:59,2010-12-10 14:11:18,36,52651.99,52691.31,Relax
2010-12-10 14:12:08,2010-12-10 15:57:35,36,52692.14,52797.58,Relax
2010-12-10 16:30:19,2010-12-10 17:34:16,36,52830.32,52894.28,Relax
2010-12-10 17:35:18,2010-12-10 17:41:07,36,52895.31,52901.13,Housekeeping
2010-12-10 17:49:31,2010-12-10 17:54:32,36,52909.53,52914.54,Relax
2010-12-10 18:08:51,2010-12-10 18:08:54,36,52928.86,52928.91,Leave_Home
2010-12-10 18:10:14,2010-12-10 18:10:21,36,52930.23,52930.35,Enter_Home
2010-12-10 18:35:07,2010-12-10 18:52:08,36,52955.12,52972.14,Relax
2010-12-10 19:02:39,2010-12-10 19:02:43,36,52982.66,52982.73,Leave_Home
2010-12-10 23:08:03,2010-12-10 23:08:08,36,53228.06,53228.14,Enter_Home
2010-12-10 23:10:11,2010-12-10 23:23:38,36,53230.19,53243.64,Relax
2010-12-10 23:25:44,2010-12-10 23:30:11,36,53245.74,53250.18,Relax
2010-12-10 23:30:48,2010-12-10 23:56:33,36,53250.81,53276.56,Relax
2010-12-11 00:08:59,2010-12-11 01:36:37,37,53288.99,53376.63,Relax
2010-12-11 01:40:30,2010-12-11 08:29:11,37,53380.5,53789.19,Sleeping
2010-12-11 08:40:09,2010-12-11 08:45:39,37,53800.15,53805.66,Meal_Preparation
2010-12-11 08:46:42,2010-12-11 08:51:58,37,53806.7,53811.97,Meal_Preparation
2010-12-11 08:52:16,2010-12-11 09:12:11,37,53812.27,53832.2,Relax
2010-12-11 10:58:58,2010-12-11 10:59:02,37,53938.97,53939.05,Leave_Home
2010-12-11 13:25:17,2010-12-11 13:25:22,37,54085.29,54085.37,Enter_Home
2010-12-11 13:49:11,2010-12-11 14:07:53,37,54109.19,54127.89,Relax
2010-12-11 14:42:08,2010-12-11 14:48:16,37,54162.15,54168.27,Relax
2010-12-11 14:50:27,2010-12-11 14:56:04,37,54170.46,54176.07,Relax
2010-12-11 15:16:17,2010-12-11 15:26:05,37,54196.29,54206.09,Relax
2010-12-11 15:31:23,2010-12-11 16:11:01,37,54211.39,54251.03,Relax
2010-12-11 16:11:21,2010-12-11 16:29:50,37,54251.36,54269.84,Relax
2010-12-11 16:31:10,2010-12-11 18:40:06,37,54271.17,54400.1,Relax
2010-12-11 18:49:34,2010-12-11 19:43:02,37,54409.58,54463.05,Relax
2010-12-11 20:06:32,2010-12-11 20:43:41,37,54486.55,54523.69,Relax
2010-12-11 20:47:18,2010-12-11 21:19:22,37,54527.31,54559.37,Relax
2010-12-11 21:20:07,2010-12-11 21:26:42,37,54560.12,54566.71,Relax
2010-12-11 21:27:35,2010-12-11 21:41:13,37,54567.59,54581.23,Relax
2010-12-11 21:41:50,2010-12-11 22:18:36,37,54581.85,54618.61,Relax
2010-12-11 22:25:35,2010-12-11 22:32:37,37,54625.59,54632.62,Relax
2010-12-11 22:37:03,2010-12-11 22:52:37,37,54637.06,54652.62,Relax
2010-12-11 23:00:39,2010-12-11 23:26:47,37,54660.65,54686.8,Relax
2010-12-11 23:27:30,2010-12-11 23:43:32,37,54687.51,54703.54,Sleeping
2010-12-11 23:43:36,2010-12-11 23:46:32,37,54703.6,54706.54,Bed_to_Toilet
2010-12-11 23:46:33,2010-12-12 03:47:23,37,54706.56,54947.4,Sleeping
2010-12-12 03:47:32,2010-12-12 03:50:36,38,54947.54,54950.62,Bed_to_Toilet
2010-12-12 03:50:51,2010-12-12 05:57:23,38,54950.86,55077.39,Sleeping
2010-12-12 06:04:28,2010-12-12 06:17:31,38,55084.48,55097.53,Meal_Preparation
2010-12-12 06:18:24,2010-12-12 06:36:58,38,55098.4,55116.97,Relax
2010-12-12 07:31:48,2010-12-12 07:36:04,38,55171.8,55176.08,Meal_Preparation
2010-12-12 08:12:46,2010-12-12 08:12:54,38,55212.78,55212.91,Leave_Home
2010-12-12 11:04:00,2010-12-12 11:04:03,38,55384.0,55384.06,Enter_Home
2010-12-12 11:11:12,2010-12-12 11:31:33,38,55391.21,55411.56,Relax
2010-12-12 11:31:39,2010-12-12 12:01:21,38,55411.66,55441.36,Meal_Preparation
2010-12-12 12:06:06,2010-12-12 12:10:32,38,55446.11,55450.53,Meal_Preparation
2010-12-12 12:10:51,2010-12-12 12:16:00,38,55450.85,55456.0,Relax
2010-12-12 12:17:39,2010-12-12 12:21:29,38,55457.65,55461.49,Work
2010-12-12 12:23:03,2010-12-12 12:53:16,38,55463.06,55493.27,Work
2010-12-12 13:21:03,2010-12-12 14:06:44,38,55521.06,55566.74,Relax
2010-12-12 14:09:50,2010-12-12 15:00:13,38,55569.84,55620.23,Relax
2010-12-12 15:05:27,2010-12-12 15:41:12,38,55625.45,55661.2,Relax
2010-12-12 15:41:26,2010-12-12 16:12:58,38,55661.44,55692.98,Meal_Preparation
2010-12-12 16:17:37,2010-12-12 16:44:35,38,55697.62,55724.59,Relax
2010-12-12 16:44:46,2010-12-12 16:47:16,38,55724.78,55727.28,Meal_Preparation
2010-12-12 16:50:32,2010-12-12 17:02:08,38,55730.54,55742.15,Eating
2010-12-12 17:02:22,2010-12-12 17:18:18,38,55742.38,55758.32,Relax
2010-12-12 17:18:25,2010-12-12 17:19:43,38,55758.42,55759.73,Meal_Preparation
2010-12-12 17:19:49,2010-12-12 17:32:14,38,55759.83,55772.25,Eating
2010-12-12 17:32:46,2010-12-12 18:28:16,38,55772.78,55828.27,Relax
2010-12-12 18:33:37,2010-12-12 19:30:26,38,55833.63,55890.44,Relax
2010-12-12 19:44:55,2010-12-12 19:58:52,38,55904.93,55918.87,Relax
2010-12-12 20:09:15,2010-12-12 22:06:53,38,55929.26,56046.89,Relax
2010-12-12 22:15:29,2010-12-13 03:03:38,38,56055.5,56343.63,Sleeping
2010-12-13 03:03:43,2010-12-13 03:06:48,39,56343.73,56346.8,Bed_to_Toilet
2010-12-13 03:06:57,2010-12-13 05:57:04,39,56346.96,56517.08,Sleeping
2010-12-13 06:02:38,2010-12-13 06:07:27,39,56522.64,56527.45,Meal_Preparation
2010-12-13 06:09:29,2010-12-13 06:14:30,39,56529.49,56534.5,Meal_Preparation
2010-12-13 06:15:05,2010-12-13 06:29:23,39,56535.1,56549.39,Relax
2010-12-13 07:50:52,2010-12-13 07:51:15,39,56630.87,56631.26,Leave_Home
2010-12-13 09:38:33,2010-12-13 09:38:39,39,56738.55,56738.66,Enter_Home
2010-12-13 09:44:56,2010-12-13 09:45:01,39,56744.94,56745.03,Leave_Home
2010-12-13 09:45:50,2010-12-13 09:45:56,39,56745.85,56745.94,Enter_Home
2010-12-13 09:48:12,2010-12-13 09:56:59,39,56748.2,56756.99,Relax
2010-12-13 09:57:36,2010-12-13 10:08:13,39,56757.61,56768.23,Meal_Preparation
2010-12-13 10:08:17,2010-12-13 10:19:42,39,56768.3,56779.71,Relax
2010-12-13 10:20:25,2010-12-13 10:33:05,39,56780.43,56793.1,Meal_Preparation
2010-12-13 10:35:11,2010-12-13 10:36:58,39,56795.19,56796.98,Meal_Preparation
2010-12-13 10:37:05,2010-12-13 11:02:06,39,56797.09,56822.11,Relax
2010-12-13 11:03:05,2010-12-13 11:22:55,39,56823.08,56842.93,Relax
2010-12-13 11:28:35,2010-12-13 11:43:38,39,56848.59,56863.63,Relax
2010-12-13 12:01:27,2010-12-13 12:31:44,39,56881.46,56911.74,Relax
2010-12-13 12:31:53,2010-12-13 12:39:01,39,56911.89,56919.03,Meal_Preparation
2010-12-13 12:56:35,2010-12-13 12:59:14,39,56936.59,56939.24,Meal_Preparation
2010-12-13 13:02:39,2010-12-13 13:13:52,39,56942.66,56953.88,Eating
2010-12-13 13:14:43,2010-12-13 13:31:03,39,56954.72,56971.05,Eating
2010-12-13 13:31:14,2010-12-13 13:32:56,39,56971.24,56972.93,Meal_Preparation
2010-12-13 13:38:56,2010-12-13 13:45:25,39,56978.94,56985.42,Eating
2010-12-13 13:50:54,2010-12-13 14:01:35,39,56990.91,57001.59,Work
2010-12-13 14:02:09,2010-12-13 14:22:37,39,57002.16,57022.63,Eating
2010-12-13 14:23:38,2010-12-13 14:26:27,39,57023.63,57026.46,Work
2010-12-13 14:32:45,2010-12-13 14:39:21,39,57032.75,57039.37,Work
2010-12-13 14:47:37,2010-12-13 14:56:25,39,57047.63,57056.43,Relax
2010-12-13 15:16:29,2010-12-13 15:16:32,39,57076.49,57076.54,Leave_Home
2010-12-13 15:18:19,2010-12-13 15:18:22,39,57078.32,57078.37,Enter_Home
2010-12-13 15:35:21,2010-12-13 15:35:25,39,57095.35,57095.43,Leave_Home
2010-12-13 19:42:55,2010-12-13 19:43:06,39,57342.93,57343.12,Enter_Home
2010-12-13 19:51:46,2010-12-13 19:58:58,39,57351.77,57358.97,Meal_Preparation
2010-12-13 20:03:52,2010-12-13 20:05:00,39,57363.87,57365.0,Meal_Preparation
2010-12-13 20:07:52,2010-12-13 20:20:40,39,57367.87,57380.68,Eating
2010-12-13 20:21:08,2010-12-13 20:27:03,39,57381.15,57387.05,Eating
2010-12-13 20:28:39,2010-12-13 20:41:50,39,57388.66,57401.84,Relax
2010-12-13 20:47:30,2010-12-13 22:53:22,39,57407.5,57533.37,Relax
2010-12-13 23:14:32,2010-12-14 00:04:36,39,57554.55,57604.6,Relax
2010-12-14 00:08:42,2010-12-14 06:20:11,40,57608.7,57980.2,Sleeping
2010-12-14 06:20:16,2010-12-14 06:23:38,40,57980.28,57983.64,Bed_to_Toilet
2010-12-14 06:23:53,2010-12-14 08:37:33,40,57983.89,58117.57,Sleeping
2010-12-14 08:40:50,2010-12-14 08:46:31,40,58120.85,58126.53,Meal_Preparation
2010-12-14 08:54:16,2010-12-14 09:06:54,40,58134.28,58146.91,Relax
2010-12-14 09:09:09,2010-12-14 09:26:18,40,58149.16,58166.31,Relax
2010-12-14 09:50:09,2010-12-14 10:01:34,40,58190.17,58201.58,Meal_Preparation
2010-12-14 10:01:39,2010-12-14 10:01:42,40,58201.65,58201.71,Leave_Home
2010-12-14 10:03:25,2010-12-14 10:03:29,40,58203.42,58203.49,Enter_Home
2010-12-14 10:03:45,2010-12-14 10:10:07,40,58203.77,58210.12,Meal_Preparation
2010-12-14 10:10:24,2010-12-14 10:15:26,40,58210.4,58215.45,Eating
2010-12-14 11:02:24,2010-12-14 11:06:29,40,58262.4,58266.49,Relax
2010-12-14 11:23:28,2010-12-14 11:23:34,40,58283.48,58283.57,Leave_Home
2010-12-14 11:24:03,2010-12-14 11:24:08,40,58284.06,58284.14,Enter_Home
2010-12-14 11:29:01,2010-12-14 11:29:05,40,58289.02,58289.1,Leave_Home
2010-12-14 15:12:11,2010-12-14 15:12:26,40,58512.19,58512.43,Enter_Home
2010-12-14 15:16:33,2010-12-14 15:49:24,40,58516.56,58549.42,Meal_Preparation
2010-12-14 15:49:55,2010-12-14 15:50:18,40,58549.92,58550.32,Meal_Preparation
2010-12-14 15:51:04,2010-12-14 15:57:35,40,58551.08,58557.59,Eating
2010-12-14 16:00:30,2010-12-14 16:02:05,40,58560.51,58562.09,Meal_Preparation
2010-12-14 16:03:00,2010-12-14 16:08:13,40,58563.0,58568.22,Eating
2010-12-14 16:13:55,2010-12-14 16:19:25,40,58573.93,58579.42,Relax
2010-12-14 16:29:45,2010-12-14 16:33:42,40,58589.75,58593.7,Relax
2010-12-14 17:16:05,2010-12-14 17:30:08,40,58636.1,58650.15,Relax
2010-12-14 17:38:13,2010-12-14 17:43:04,40,58658.23,58663.07,Meal_Preparation
2010-12-14 17:57:18,2010-12-14 17:57:21,40,58677.3,58677.36,Leave_Home
2010-12-14 17:58:44,2010-12-14 17:58:48,40,58678.74,58678.8,Enter_Home
2010-12-14 18:10:58,2010-12-14 18:11:04,40,58690.98,58691.08,Leave_Home
2010-12-14 18:11:38,2010-12-14 18:11:42,40,58691.64,58691.7,Enter_Home
2010-12-14 18:16:49,2010-12-14 18:35:11,40,58696.82,58715.2,Relax
2010-12-14 18:39:37,2010-12-14 18:51:07,40,58719.63,58731.12,Relax
2010-12-14 18:52:04,2010-12-14 19:53:40,40,58732.07,58793.67,Relax
2010-12-14 19:58:05,2010-12-14 21:13:12,40,58798.09,58873.2,Relax
2010-12-14 21:17:11,2010-12-14 22:57:05,40,58877.19,58977.09,Relax
2010-12-14 23:12:17,2010-12-15 00:01:37,40,58992.29,59041.62,Relax
2010-12-15 00:09:53,2010-12-15 00:42:01,41,59049.9,59082.02,Sleeping
2010-12-15 00:42:08,2010-12-15 00:43:03,41,59082.14,59083.07,Bed_to_Toilet
2010-12-15 00:43:38,2010-12-15 05:12:53,41,59083.65,59352.89,Sleeping
2010-12-15 05:13:10,2010-12-15 05:16:21,41,59353.17,59356.36,Bed_to_Toilet
2010-12-15 05:16:26,2010-12-15 08:22:30,41,59356.44,59542.5,Sleeping
2010-12-15 08:33:56,2010-12-15 08:50:29,41,59553.95,59570.5,Meal_Preparation
2010-12-15 08:52:48,2010-12-15 09:16:07,41,59572.81,59596.12,Relax
2010-12-15 09:40:12,2010-12-15 09:51:24,41,59620.2,59631.4,Relax
2010-12-15 09:53:29,2010-12-15 10:01:45,41,59633.5,59641.76,Meal_Preparation
2010-12-15 10:01:46,2010-12-15 10:09:39,41,59641.78,59649.65,Eating
2010-12-15 11:27:35,2010-12-15 11:27:40,41,59727.59,59727.67,Leave_Home
2010-12-15 12:24:22,2010-12-15 12:24:27,41,59784.37,59784.46,Enter_Home
2010-12-15 12:33:52,2010-12-15 12:40:16,41,59793.87,59800.27,Relax
2010-12-15 12:42:07,2010-12-15 12:42:11,41,59802.12,59802.19,Leave_Home
2010-12-15 16:04:24,2010-12-15 16:04:30,41,60004.4,60004.5,Enter_Home
2010-12-15 16:11:50,2010-12-15 16:25:07,41,60011.85,60025.13,Relax
2010-12-15 16:27:32,2010-12-15 16:35:30,41,60027.54,60035.52,Relax
2010-12-15 16:42:03,2010-12-15 16:52:05,41,60042.05,60052.1,Relax
2010-12-15 17:02:26,2010-12-15 17:10:29,41,60062.44,60070.49,Relax
2010-12-15 17:12:52,2010-12-15 17:43:08,41,60072.88,60103.13,Relax
2010-12-15 17:43:38,2010-12-15 18:19:59,41,60103.65,60139.99,Relax
2010-12-15 18:26:45,2010-12-15 19:51:06,41,60146.76,60231.11,Relax
2010-12-15 19:56:51,2010-12-15 20:05:12,41,60236.86,60245.21,Relax
2010-12-15 20:08:07,2010-12-15 20:13:02,41,60248.12,60253.04,Relax
2010-12-15 20:17:05,2010-12-15 20:47:35,41,60257.1,60287.59,Relax
2010-12-15 20:49:06,2010-12-15 21:30:01,41,60289.12,60330.02,Relax
2010-12-15 21:30:38,2010-12-16 00:23:29,41,60330.64,60503.49,Relax
2010-12-16 00:33:22,2010-12-16 06:57:04,42,60513.37,60897.07,Sleeping
2010-12-16 07:10:16,2010-12-16 07:21:51,42,60910.27,60921.87,Meal_Preparation
2010-12-16 07:23:10,2010-12-16 07:34:39,42,60923.18,60934.66,Relax
2010-12-16 07:35:37,2010-12-16 07:46:28,42,60935.63,60946.47,Relax
2010-12-16 08:47:13,2010-12-16 08:47:17,42,61007.23,61007.3,Leave_Home
2010-12-16 10:39:05,2010-12-16 10:39:10,42,61119.1,61119.18,Enter_Home
2010-12-16 11:00:40,2010-12-16 11:08:22,42,61140.67,61148.37,Meal_Preparation
2010-12-16 11:10:54,2010-12-16 11:12:08,42,61150.91,61152.14,Meal_Preparation
2010-12-16 11:13:46,2010-12-16 11:19:45,42,61153.77,61159.76,Meal_Preparation
2010-12-16 11:19:52,2010-12-16 11:24:17,42,61159.87,61164.3,Eating
2010-12-16 11:24:20,2010-12-16 11:31:15,42,61164.34,61171.25,Wash_Dishes
2010-12-16 11:43:33,2010-12-16 11:43:37,42,61183.56,61183.63,Leave_Home
2010-12-16 14:06:54,2010-12-16 14:07:00,42,61326.91,61327.0,Enter_Home
2010-12-16 14:15:18,2010-12-16 14:39:43,42,61335.3,61359.73,Meal_Preparation
2010-12-16 14:39:51,2010-12-16 15:02:02,42,61359.85,61382.04,Relax
2010-12-16 15:05:16,2010-12-16 17:27:03,42,61385.27,61527.06,Relax
2010-12-16 17:56:44,2010-12-16 17:59:17,42,61556.74,61559.3,Relax
2010-12-16 18:12:48,2010-12-16 18:41:19,42,61572.81,61601.32,Relax
2010-12-16 18:41:36,2010-12-16 19:56:07,42,61601.61,61676.13,Relax
2010-12-16 19:56:21,2010-12-16 19:59:42,42,61676.36,61679.71,Relax
2010-12-16 20:00:35,2010-12-16 20:21:32,42,61680.59,61701.54,Relax
2010-12-16 20:25:17,2010-12-16 20:37:45,42,61705.3,61717.75,Meal_Preparation
2010-12-16 20:37:50,2010-12-16 21:03:07,42,61717.83,61743.12,Relax
2010-12-16 21:04:49,2010-12-16 23:12:49,42,61744.83,61872.83,Relax
2010-12-16 23:34:55,2010-12-16 23:59:10,42,61894.92,61919.18,Relax
2010-12-16 23:59:43,2010-12-17 06:06:41,42,61919.72,62286.7,Sleeping
2010-12-17 06:06:47,2010-12-17 06:09:26,43,62286.79,62289.45,Bed_to_Toilet
2010-12-17 06:09:29,2010-12-17 08:39:37,43,62289.5,62439.63,Sleeping
2010-12-17 08:48:56,2010-12-17 09:06:48,43,62448.95,62466.82,Meal_Preparation
2010-12-17 09:06:58,2010-12-17 09:15:25,43,62466.98,62475.43,Relax
2010-12-17 09:21:43,2010-12-17 09:32:36,43,62481.73,62492.6,Relax
2010-12-17 09:33:15,2010-12-17 09:47:37,43,62493.25,62507.63,Relax
2010-12-17 09:56:21,2010-12-17 10:12:57,43,62516.35,62532.96,Relax
2010-12-17 10:21:15,2010-12-17 10:33:49,43,62541.26,62553.82,Relax
2010-12-17 10:35:08,2010-12-17 10:38:45,43,62555.14,62558.77,Meal_Preparation
2010-12-17 10:41:01,2010-12-17 10:42:02,43,62561.03,62562.04,Meal_Preparation
2010-12-17 10:42:15,2010-12-17 10:46:36,43,62562.26,62566.6,Eating
2010-12-17 11:43:17,2010-12-17 11:43:22,43,62623.3,62623.38,Leave_Home
2010-12-17 15:01:39,2010-12-17 15:01:43,43,62821.65,62821.73,Enter_Home
2010-12-17 15:16:11,2010-12-17 15:32:43,43,62836.2,62852.73,Meal_Preparation
2010-12-17 15:33:25,2010-12-17 15:49:38,43,62853.43,62869.64,Relax
2010-12-17 15:51:44,2010-12-17 15:59:10,43,62871.75,62879.18,Relax
2010-12-17 16:09:25,2010-12-17 16:09:29,43,62889.42,62889.5,Leave_Home
2010-12-17 17:13:14,2010-12-17 17:13:33,43,62953.24,62953.56,Enter_Home
2010-12-17 17:25:05,2010-12-17 17:48:15,43,62965.09,62988.26,Meal_Preparation
2010-12-17 17:48:41,2010-12-17 18:05:15,43,62988.69,63005.26,Housekeeping
2010-12-17 18:30:10,2010-12-17 19:01:32,43,63030.17,63061.55,Meal_Preparation
2010-12-17 19:07:28,2010-12-17 19:13:26,43,63067.48,63073.44,Relax
2010-12-17 19:33:41,2010-12-17 20:13:13,43,63093.69,63133.22,Relax
2010-12-17 20:14:35,2010-12-17 20:19:57,43,63134.58,63139.96,Relax
2010-12-17 20:24:22,2010-12-17 20:29:11,43,63144.38,63149.2,Relax
2010-12-17 20:59:04,2010-12-17 21:05:22,43,63179.08,63185.37,Relax
2010-12-17 21:17:43,2010-12-17 21:27:15,43,63197.73,63207.26,Relax
2010-12-17 21:46:36,2010-12-17 21:57:21,43,63226.62,63237.36,Relax
2010-12-17 22:14:42,2010-12-17 22:35:11,43,63254.7,63275.19,Relax
2010-12-17 22:39:43,2010-12-17 22:49:23,43,63279.73,63289.4,Relax
2010-12-17 23:08:06,2010-12-17 23:15:49,43,63308.11,63315.82,Relax
2010-12-17 23:19:56,2010-12-17 23:24:22,43,63319.94,63324.38,Relax
2010-12-17 23:26:12,2010-12-18 00:40:45,43,63326.21,63400.75,Relax
2010-12-18 00:57:34,2010-12-18 01:27:27,44,63417.57,63447.46,Sleeping
2010-12-18 01:27:46,2010-12-18 01:28:30,44,63447.77,63448.51,Bed_to_Toilet
2010-12-18 01:29:15,2010-12-18 07:05:06,44,63449.26,63785.11,Sleeping
2010-12-18 07:05:14,2010-12-18 07:07:45,44,63785.24,63787.76,Bed_to_Toilet
2010-12-18 07:07:53,2010-12-18 08:26:25,44,63787.89,63866.42,Sleeping
2010-12-18 08:28:57,2010-12-18 08:33:36,44,63868.95,63873.61,Meal_Preparation
2010-12-18 08:37:53,2010-12-18 08:43:48,44,63877.89,63883.81,Meal_Preparation
2010-12-18 08:44:40,2010-12-18 08:49:29,44,63884.68,63889.49,Relax
2010-12-18 08:51:26,2010-12-18 09:20:26,44,63891.44,63920.45,Relax
2010-12-18 09:22:49,2010-12-18 09:37:55,44,63922.83,63937.93,Relax
2010-12-18 09:40:10,2010-12-18 09:45:01,44,63940.18,63945.03,Relax
2010-12-18 10:19:33,2010-12-18 10:27:29,44,63979.56,63987.49,Meal_Preparation
2010-12-18 10:29:35,2010-12-18 10:31:31,44,63989.59,63991.53,Meal_Preparation
2010-12-18 10:31:40,2010-12-18 10:38:17,44,63991.68,63998.29,Eating
2010-12-18 11:00:56,2010-12-18 11:00:59,44,64020.93,64020.99,Leave_Home
2010-12-18 14:32:10,2010-12-18 14:32:17,44,64232.17,64232.29,Enter_Home
2010-12-18 14:33:35,2010-12-18 15:04:40,44,64233.6,64264.67,Housekeeping
2010-12-18 15:12:08,2010-12-18 15:40:28,44,64272.14,64300.48,Relax
2010-12-18 17:03:18,2010-12-18 17:10:47,44,64383.31,64390.79,Relax
2010-12-18 17:18:35,2010-12-18 17:51:13,44,64398.59,64431.23,Relax
2010-12-18 17:55:55,2010-12-18 18:51:57,44,64435.92,64491.95,Meal_Preparation
2010-12-18 18:51:59,2010-12-18 19:01:05,44,64491.99,64501.09,Relax
2010-12-18 19:08:59,2010-12-18 19:19:25,44,64508.99,64519.43,Relax
2010-12-18 19:22:19,2010-12-18 19:33:28,44,64522.32,64533.47,Relax
2010-12-18 19:34:54,2010-12-18 19:36:35,44,64534.9,64536.59,Meal_Preparation
2010-12-18 19:36:47,2010-12-18 19:44:47,44,64536.78,64544.78,Eating
2010-12-18 20:05:25,2010-12-18 20:41:20,44,64565.43,64601.35,Relax
2010-12-18 20:42:43,2010-12-18 20:58:22,44,64602.73,64618.38,Relax
2010-12-18 21:25:23,2010-12-18 21:30:50,44,64645.39,64650.84,Relax
2010-12-18 21:50:35,2010-12-18 21:59:19,44,64670.58,64679.33,Relax
2010-12-18 21:59:52,2010-12-18 22:10:02,44,64679.87,64690.05,Relax
2010-12-18 22:14:35,2010-12-18 22:46:23,44,64694.58,64726.39,Relax
2010-12-18 22:52:51,2010-12-18 23:09:42,44,64732.86,64749.7,Relax
2010-12-18 23:13:13,2010-12-18 23:36:42,44,64753.22,64776.71,Relax
2010-12-18 23:44:16,2010-12-19 01:43:51,44,64784.27,64903.87,Relax
2010-12-19 01:48:57,2010-12-19 07:23:03,45,64908.96,65243.05,Sleeping
2010-12-19 07:23:35,2010-12-19 07:28:15,45,65243.6,65248.26,Bed_to_Toilet
2010-12-19 07:28:29,2010-12-19 07:48:47,45,65248.49,65268.78,Sleeping
2010-12-19 07:52:13,2010-12-19 07:55:39,45,65272.23,65275.65,Meal_Preparation
2010-12-19 07:58:26,2010-12-19 08:11:00,45,65278.45,65291.0,Meal_Preparation
2010-12-19 08:11:20,2010-12-19 09:08:44,45,65291.34,65348.74,Relax
2010-12-19 10:08:22,2010-12-19 10:08:26,45,65408.38,65408.45,Leave_Home
2010-12-19 11:50:14,2010-12-19 11:50:21,45,65510.25,65510.37,Enter_Home
2010-12-19 11:54:50,2010-12-19 12:07:52,45,65514.85,65527.88,Meal_Preparation
2010-12-19 12:08:11,2010-12-19 12:33:55,45,65528.19,65553.92,Relax
2010-12-19 12:40:14,2010-12-19 12:46:23,45,65560.24,65566.39,Relax
2010-12-19 13:16:45,2010-12-19 13:19:58,45,65596.76,65599.98,Relax
2010-12-19 13:28:06,2010-12-19 13:28:11,45,65608.11,65608.19,Leave_Home
2010-12-19 15:48:53,2010-12-19 15:49:04,45,65748.89,65749.08,Enter_Home
2010-12-19 17:00:58,2010-12-19 17:46:52,45,65820.98,65866.88,Meal_Preparation
2010-12-19 18:00:45,2010-12-19 18:05:26,45,65880.76,65885.45,Relax
2010-12-19 18:06:22,2010-12-19 18:19:00,45,65886.38,65899.02,Work
2010-12-19 18:19:09,2010-12-19 18:26:00,45,65899.15,65906.01,Relax
2010-12-19 18:28:09,2010-12-19 18:28:41,45,65908.15,65908.7,Leave_Home
2010-12-19 18:55:12,2010-12-19 18:55:17,45,65935.21,65935.29,Enter_Home
2010-12-19 19:04:28,2010-12-19 19:34:26,45,65944.47,65974.45,Relax
2010-12-19 19:37:12,2010-12-19 19:48:11,45,65977.22,65988.19,Relax
2010-12-19 19:53:27,2010-12-19 20:06:23,45,65993.47,66006.39,Relax
2010-12-19 20:22:40,2010-12-19 20:30:00,45,66022.68,66030.0,Relax
2010-12-19 20:36:28,2010-12-19 21:11:22,45,66036.48,66071.37,Relax
2010-12-19 21:12:40,2010-12-19 21:36:29,45,66072.67,66096.5,Relax
2010-12-19 21:40:43,2010-12-19 21:52:46,45,66100.73,66112.77,Relax
2010-12-19 21:57:34,2010-12-19 22:01:30,45,66117.58,66121.5,Relax
2010-12-19 22:05:38,2010-12-19 23:37:34,45,66125.64,66217.58,Relax
2010-12-19 23:53:37,2010-12-20 00:23:49,45,66233.62,66263.82,Sleeping
2010-12-20 00:23:53,2010-12-20 00:24:14,46,66263.89,66264.24,Bed_to_Toilet
2010-12-20 00:24:24,2010-12-20 05:12:59,46,66264.4,66552.99,Sleeping
2010-12-20 05:13:03,2010-12-20 05:17:22,46,66553.05,66557.38,Bed_to_Toilet
2010-12-20 05:17:38,2010-12-20 08:05:13,46,66557.65,66725.22,Sleeping
2010-12-20 08:17:39,2010-12-20 08:20:42,46,66737.65,66740.71,Meal_Preparation
2010-12-20 08:20:43,2010-12-20 08:27:45,46,66740.73,66747.76,Relax
2010-12-20 08:27:57,2010-12-20 08:37:12,46,66747.96,66757.21,Meal_Preparation
2010-12-20 08:41:52,2010-12-20 08:46:05,46,66761.87,66766.09,Relax
2010-12-20 08:50:02,2010-12-20 09:12:17,46,66770.03,66792.29,Relax
2010-12-20 09:13:06,2010-12-20 09:23:43,46,66793.11,66803.72,Relax
2010-12-20 10:23:01,2010-12-20 10:23:05,46,66863.02,66863.09,Leave_Home
2010-12-20 12:41:34,2010-12-20 12:41:39,46,67001.57,67001.65,Enter_Home
2010-12-20 13:04:58,2010-12-20 13:11:37,46,67024.97,67031.63,Meal_Preparation
2010-12-20 13:16:52,2010-12-20 13:21:31,46,67036.87,67041.52,Eating
2010-12-20 13:22:16,2010-12-20 13:26:13,46,67042.28,67046.23,Relax
2010-12-20 13:32:21,2010-12-20 13:32:25,46,67052.36,67052.43,Leave_Home
2010-12-20 14:44:31,2010-12-20 14:44:36,46,67124.53,67124.61,Enter_Home
2010-12-20 14:49:27,2010-12-20 14:49:31,46,67129.45,67129.53,Leave_Home
2010-12-20 14:51:59,2010-12-20 14:52:04,46,67132.0,67132.07,Enter_Home
2010-12-20 14:55:57,2010-12-20 15:06:53,46,67135.96,67146.88,Relax
2010-12-20 15:48:19,2010-12-20 16:17:14,46,67188.33,67217.25,Relax
2010-12-20 16:46:57,2010-12-20 16:47:54,46,67246.95,67247.92,Leave_Home
2010-12-20 18:44:41,2010-12-20 18:44:48,46,67364.69,67364.8,Enter_Home
2010-12-20 18:52:02,2010-12-20 19:21:43,46,67372.04,67401.73,Relax
2010-12-20 19:22:15,2010-12-20 21:58:06,46,67402.25,67558.11,Relax
2010-12-20 22:03:40,2010-12-20 22:12:31,46,67563.67,67572.53,Relax
2010-12-20 22:32:39,2010-12-21 00:05:18,46,67592.65,67685.32,Relax
2010-12-21 00:36:30,2010-12-21 10:25:15,47,67716.5,68305.25,Sleeping
2010-12-21 10:36:45,2010-12-21 10:59:25,47,68316.75,68339.43,Meal_Preparation
2010-12-21 11:00:04,2010-12-21 11:35:41,47,68340.08,68375.69,Relax
2010-12-21 11:43:58,2010-12-21 11:57:44,47,68383.98,68397.74,Relax
2010-12-21 12:01:39,2010-12-21 12:05:15,47,68401.66,68405.26,Work
2010-12-21 12:39:46,2010-12-21 12:43:47,47,68439.78,68443.8,Relax
2010-12-21 13:20:23,2010-12-21 13:26:03,47,68480.39,68486.06,Relax
2010-12-21 13:58:25,2010-12-21 14:23:34,47,68518.43,68543.57,Relax
2010-12-21 14:27:09,2010-12-21 15:02:55,47,68547.15,68582.92,Relax
2010-12-21 15:21:04,2010-12-21 15:27:27,47,68601.07,68607.46,Relax
2010-12-21 15:43:14,2010-12-21 16:03:03,47,68623.24,68643.06,Relax
2010-12-21 16:03:06,2010-12-21 16:12:23,47,68643.1,68652.4,Meal_Preparation
2010-12-21 16:14:00,2010-12-21 16:47:00,47,68654.01,68687.01,Meal_Preparation
2010-12-21 16:47:55,2010-12-21 16:51:20,47,68687.92,68691.34,Meal_Preparation
2010-12-21 16:51:22,2010-12-21 16:56:05,47,68691.38,68696.09,Relax
2010-12-21 16:56:16,2010-12-21 17:00:45,47,68696.27,68700.76,Meal_Preparation
2010-12-21 17:00:57,2010-12-21 17:06:44,47,68700.95,68706.73,Relax
2010-12-21 17:06:46,2010-12-21 17:07:48,47,68706.78,68707.81,Meal_Preparation
2010-12-21 17:08:25,2010-12-21 17:15:05,47,68708.42,68715.08,Relax
2010-12-21 17:15:34,2010-12-21 17:17:40,47,68715.57,68717.67,Meal_Preparation
2010-12-21 17:19:55,2010-12-21 17:48:55,47,68719.93,68748.92,Relax
2010-12-21 17:48:59,2010-12-21 17:52:23,47,68748.98,68752.39,Meal_Preparation
2010-12-21 17:52:34,2010-12-21 18:19:04,47,68752.57,68779.07,Relax
2010-12-21 18:19:04,2010-12-21 18:22:03,47,68779.07,68782.06,Meal_Preparation
2010-12-21 18:25:14,2010-12-21 18:32:56,47,68785.24,68792.95,Meal_Preparation
2010-12-21 18:33:40,2010-12-21 19:22:40,47,68793.67,68842.68,Relax
2010-12-21 19:24:16,2010-12-21 19:34:45,47,68844.28,68854.76,Relax
2010-12-21 19:36:34,2010-12-21 20:22:51,47,68856.58,68902.86,Relax
2010-12-21 20:23:43,2010-12-21 20:32:27,47,68903.72,68912.45,Relax
2010-12-21 20:38:37,2010-12-21 21:29:46,47,68918.63,68969.78,Relax
2010-12-21 21:41:50,2010-12-21 22:46:57,47,68981.83,69046.95,Relax
2010-12-21 22:50:46,2010-12-22 00:05:31,47,69050.78,69125.53,Relax
2010-12-22 00:11:50,2010-12-22 00:54:13,48,69131.84,69174.23,Sleeping
2010-12-22 00:54:20,2010-12-22 00:55:07,48,69174.34,69175.12,Bed_to_Toilet
2010-12-22 00:55:48,2010-12-22 06:07:39,48,69175.81,69487.66,Sleeping
2010-12-22 06:07:45,2010-12-22 06:11:18,48,69487.76,69491.31,Bed_to_Toilet
2010-12-22 06:11:23,2010-12-22 08:43:35,48,69491.39,69643.59,Sleeping
2010-12-22 09:00:27,2010-12-22 09:09:32,48,69660.46,69669.54,Meal_Preparation
2010-12-22 09:14:18,2010-12-22 09:16:26,48,69674.31,69676.45,Meal_Preparation
2010-12-22 09:17:44,2010-12-22 09:24:54,48,69677.75,69684.91,Relax
2010-12-22 09:25:55,2010-12-22 09:57:37,48,69685.93,69717.62,Relax
2010-12-22 09:59:58,2010-12-22 10:22:35,48,69719.97,69742.6,Relax
2010-12-22 10:57:29,2010-12-22 10:57:33,48,69777.49,69777.57,Leave_Home
2010-12-22 13:55:07,2010-12-22 13:55:10,48,69955.12,69955.18,Enter_Home
2010-12-22 14:02:29,2010-12-22 14:12:02,48,69962.49,69972.04,Relax
2010-12-22 14:23:00,2010-12-22 14:41:41,48,69983.01,70001.69,Relax
2010-12-22 14:45:45,2010-12-22 14:45:50,48,70005.76,70005.84,Leave_Home
2010-12-22 15:06:11,2010-12-22 15:06:15,48,70026.19,70026.26,Enter_Home
2010-12-22 15:31:29,2010-12-22 15:39:08,48,70051.49,70059.14,Relax
2010-12-22 15:41:57,2010-12-22 16:00:02,48,70061.97,70080.04,Meal_Preparation
2010-12-22 16:06:17,2010-12-22 16:25:45,48,70086.3,70105.75,Meal_Preparation
2010-12-22 16:33:43,2010-12-22 17:00:41,48,70113.73,70140.69,Meal_Preparation
2010-12-22 17:00:58,2010-12-22 17:38:13,48,70140.97,70178.22,Relax
2010-12-22 17:39:58,2010-12-22 17:50:27,48,70179.98,70190.45,Relax
2010-12-22 17:53:32,2010-12-22 18:25:53,48,70193.53,70225.89,Relax
2010-12-22 18:32:05,2010-12-22 18:46:19,48,70232.09,70246.33,Relax
2010-12-22 18:47:27,2010-12-22 18:51:48,48,70247.46,70251.81,Relax
2010-12-22 18:55:16,2010-12-22 19:05:26,48,70255.27,70265.44,Relax
2010-12-22 19:07:10,2010-12-22 19:17:42,48,70267.17,70277.7,Relax
2010-12-22 19:18:24,2010-12-22 19:28:03,48,70278.41,70288.07,Relax
2010-12-22 19:34:44,2010-12-22 19:45:55,48,70294.74,70305.93,Relax
2010-12-22 19:56:44,2010-12-22 20:42:20,48,70316.74,70362.34,Relax
2010-12-22 20:44:19,2010-12-22 20:56:47,48,70364.32,70376.79,Relax
2010-12-22 21:03:50,2010-12-22 21:14:01,48,70383.84,70394.03,Relax
2010-12-22 21:31:56,2010-12-22 22:13:16,48,70411.95,70453.28,Relax
2010-12-22 22:14:12,2010-12-22 22:20:36,48,70454.2,70460.61,Relax
2010-12-22 22:23:49,2010-12-22 22:27:58,48,70463.82,70467.98,Relax
2010-12-22 22:29:45,2010-12-22 23:05:17,48,70469.77,70505.28,Relax
2010-12-22 23:19:13,2010-12-22 23:24:56,48,70519.23,70524.94,Relax
2010-12-22 23:26:18,2010-12-23 00:03:02,48,70526.3,70563.04,Relax
2010-12-23 00:03:39,2010-12-23 00:31:10,49,70563.66,70591.18,Sleeping
2010-12-23 00:31:16,2010-12-23 00:32:53,49,70591.28,70592.89,Bed_to_Toilet
2010-12-23 00:33:20,2010-12-23 00:34:16,49,70593.34,70594.27,Bed_to_Toilet
2010-12-23 00:34:48,2010-12-23 05:09:59,49,70594.81,70869.99,Sleeping
2010-12-23 05:10:06,2010-12-23 05:12:46,49,70870.12,70872.78,Bed_to_Toilet
2010-12-23 05:13:04,2010-12-23 06:56:58,49,70873.07,70976.97,Sleeping
2010-12-23 07:02:22,2010-12-23 07:15:27,49,70982.37,70995.45,Meal_Preparation
2010-12-23 07:15:54,2010-12-23 07:31:09,49,70995.91,71011.15,Relax
2010-12-23 08:49:42,2010-12-23 08:49:45,49,71089.7,71089.76,Leave_Home
2010-12-23 11:10:22,2010-12-23 11:10:26,49,71230.38,71230.45,Enter_Home
2010-12-23 11:16:48,2010-12-23 11:27:24,49,71236.82,71247.4,Meal_Preparation
2010-12-23 11:30:03,2010-12-23 11:43:24,49,71250.06,71263.41,Meal_Preparation
2010-12-23 12:04:34,2010-12-23 12:10:03,49,71284.57,71290.06,Meal_Preparation
2010-12-23 12:11:07,2010-12-23 12:27:46,49,71291.13,71307.77,Relax
2010-12-23 14:31:17,2010-12-23 14:31:21,49,71431.3,71431.36,Leave_Home
2010-12-23 15:32:46,2010-12-23 15:33:00,49,71492.78,71493.01,Enter_Home
2010-12-23 15:36:33,2010-12-23 15:48:38,49,71496.55,71508.64,Meal_Preparation
2010-12-23 15:50:29,2010-12-23 16:09:17,49,71510.5,71529.29,Relax
2010-12-23 16:49:28,2010-12-23 16:55:21,49,71569.47,71575.37,Relax
2010-12-23 17:12:59,2010-12-23 17:21:00,49,71593.0,71601.01,Meal_Preparation
2010-12-23 18:25:52,2010-12-23 18:56:17,49,71665.88,71696.29,Relax
2010-12-23 18:57:42,2010-12-23 19:06:25,49,71697.71,71706.43,Meal_Preparation
2010-12-23 19:16:42,2010-12-23 19:22:07,49,71716.71,71722.13,Relax
2010-12-23 19:23:05,2010-12-23 19:29:13,49,71723.1,71729.23,Relax
2010-12-23 19:32:04,2010-12-23 20:15:59,49,71732.07,71775.99,Relax
2010-12-23 20:24:06,2010-12-23 22:15:04,49,71784.11,71895.07,Relax
2010-12-23 22:18:33,2010-12-23 22:27:05,49,71898.56,71907.09,Relax
2010-12-23 22:38:08,2010-12-24 03:22:27,49,71918.14,72202.46,Sleeping
2010-12-24 03:22:37,2010-12-24 03:25:13,50,72202.62,72205.22,Bed_to_Toilet
2010-12-24 03:25:20,2010-12-24 06:38:50,50,72205.34,72398.85,Sleeping
2010-12-24 06:39:51,2010-12-24 06:46:23,50,72399.86,72406.39,Meal_Preparation
2010-12-24 06:49:23,2010-12-24 06:52:10,50,72409.39,72412.18,Meal_Preparation
2010-12-24 06:55:41,2010-12-24 06:58:58,50,72415.7,72418.97,Meal_Preparation
2010-12-24 06:59:11,2010-12-24 07:14:33,50,72419.19,72434.56,Relax
2010-12-24 08:14:27,2010-12-24 08:14:29,50,72494.46,72494.5,Leave_Home
2010-12-24 11:59:09,2010-12-24 11:59:13,50,72719.16,72719.23,Enter_Home
2010-12-24 12:03:50,2010-12-24 13:29:29,50,72723.85,72809.49,Meal_Preparation
2010-12-24 13:29:36,2010-12-24 13:36:28,50,72809.62,72816.47,Relax
2010-12-24 13:36:48,2010-12-24 13:41:36,50,72816.81,72821.61,Relax
2010-12-24 13:41:54,2010-12-24 13:50:19,50,72821.91,72830.32,Relax
2010-12-24 13:51:36,2010-12-24 13:58:02,50,72831.6,72838.04,Meal_Preparation
2010-12-24 14:01:30,2010-12-24 14:50:01,50,72841.52,72890.02,Meal_Preparation
2010-12-24 14:52:51,2010-12-24 14:57:34,50,72892.86,72897.58,Relax
2010-12-24 14:58:47,2010-12-24 15:04:39,50,72898.79,72904.66,Relax
2010-12-24 15:04:42,2010-12-24 15:13:25,50,72904.71,72913.43,Meal_Preparation
2010-12-24 15:42:26,2010-12-24 16:05:12,50,72942.43,72965.22,Work
2010-12-24 16:49:28,2010-12-24 16:54:51,50,73009.47,73014.86,Meal_Preparation
2010-12-24 17:13:30,2010-12-24 17:13:35,50,73033.5,73033.6,Leave_Home
2010-12-24 23:07:30,2010-12-24 23:07:39,50,73387.51,73387.65,Enter_Home
2010-12-24 23:25:56,2010-12-24 23:31:12,50,73405.94,73411.21,Relax
2010-12-24 23:41:13,2010-12-25 05:57:25,50,73421.23,73797.42,Sleeping
2010-12-25 06:04:24,2010-12-25 06:07:07,51,73804.42,73807.13,Meal_Preparation
2010-12-25 06:16:39,2010-12-25 06:18:18,51,73816.67,73818.31,Meal_Preparation
2010-12-25 06:48:56,2010-12-25 06:49:27,51,73848.94,73849.45,Leave_Home
2010-12-25 09:37:58,2010-12-25 09:38:02,51,74017.98,74018.04,Enter_Home
2010-12-25 09:38:40,2010-12-25 09:41:24,51,74018.67,74021.4,Relax
2010-12-25 09:43:28,2010-12-25 10:02:13,51,74023.48,74042.22,Relax
2010-12-25 10:14:10,2010-12-25 10:54:36,51,74054.17,74094.61,Meal_Preparation
2010-12-25 10:59:11,2010-12-25 11:13:12,51,74099.19,74113.2,Meal_Preparation
2010-12-25 11:18:19,2010-12-25 11:20:41,51,74118.33,74120.69,Meal_Preparation
2010-12-25 11:25:56,2010-12-25 12:09:00,51,74125.94,74169.01,Relax
2010-12-25 12:14:20,2010-12-25 12:36:37,51,74174.34,74196.62,Relax
2010-12-25 14:15:10,2010-12-25 14:25:08,51,74295.17,74305.14,Work
2010-12-25 14:25:35,2010-12-25 14:45:22,51,74305.59,74325.38,Work
2010-12-25 14:48:17,2010-12-25 14:48:21,51,74328.29,74328.37,Leave_Home
2010-12-25 14:48:24,2010-12-25 14:48:26,51,74328.41,74328.44,Enter_Home
2010-12-25 14:52:02,2010-12-25 14:52:07,51,74332.04,74332.12,Leave_Home
2010-12-25 15:43:55,2010-12-25 15:44:00,51,74383.92,74384.01,Enter_Home
2010-12-25 15:56:23,2010-12-25 16:05:57,51,74396.39,74405.97,Meal_Preparation
2010-12-25 16:06:39,2010-12-25 16:10:21,51,74406.67,74410.36,Meal_Preparation
2010-12-25 16:12:09,2010-12-25 16:15:22,51,74412.15,74415.37,Relax
2010-12-25 16:15:55,2010-12-25 16:33:24,51,74415.92,74433.4,Relax
2010-12-25 16:37:45,2010-12-25 17:32:59,51,74437.76,74493.0,Relax
2010-12-25 17:36:14,2010-12-25 17:42:15,51,74496.25,74502.26,Meal_Preparation
2010-12-25 17:46:46,2010-12-25 19:41:23,51,74506.78,74621.38,Relax
2010-12-25 20:08:58,2010-12-25 22:03:33,51,74648.98,74763.56,Relax
2010-12-25 22:06:08,2010-12-25 22:21:41,51,74766.14,74781.69,Relax
2010-12-25 22:33:16,2010-12-25 23:13:19,51,74793.27,74833.33,Relax
2010-12-25 23:20:57,2010-12-26 04:54:03,51,74840.96,75174.05,Sleeping
2010-12-26 04:54:15,2010-12-26 05:00:57,52,75174.26,75180.95,Bed_to_Toilet
2010-12-26 05:01:03,2010-12-26 05:56:47,52,75181.06,75236.79,Sleeping
2010-12-26 06:03:13,2010-12-26 06:11:27,52,75243.23,75251.46,Meal_Preparation
2010-12-26 06:11:32,2010-12-26 06:15:30,52,75251.54,75255.51,Relax
2010-12-26 06:15:36,2010-12-26 06:18:21,52,75255.6,75258.36,Meal_Preparation
2010-12-26 06:18:26,2010-12-26 06:50:13,52,75258.44,75290.22,Relax
2010-12-26 06:56:15,2010-12-26 07:06:32,52,75296.26,75306.55,Relax
2010-12-26 07:17:51,2010-12-26 09:21:47,52,75317.86,75441.79,Relax
2010-12-26 09:55:30,2010-12-26 10:15:25,52,75475.52,75495.42,Relax
2010-12-26 10:28:19,2010-12-26 10:37:21,52,75508.32,75517.36,Meal_Preparation
2010-12-26 10:45:06,2010-12-26 10:51:42,52,75525.11,75531.7,Relax
2010-12-26 10:52:42,2010-12-26 11:06:42,52,75532.7,75546.71,Relax
2010-12-26 11:21:57,2010-12-26 11:31:56,52,75561.95,75571.95,Relax
2010-12-26 11:53:52,2010-12-26 12:16:53,52,75593.87,75616.9,Work
2010-12-26 12:17:40,2010-12-26 12:21:26,52,75617.67,75621.44,Relax
2010-12-26 12:21:48,2010-12-26 13:36:36,52,75621.8,75696.61,Relax
2010-12-26 13:50:53,2010-12-26 13:59:23,52,75710.9,75719.4,Relax
2010-12-26 14:27:11,2010-12-26 14:27:15,52,75747.2,75747.27,Leave_Home
2010-12-26 14:31:37,2010-12-26 14:31:41,52,75751.63,75751.7,Enter_Home
2010-12-26 14:53:57,2010-12-26 14:54:03,52,75773.96,75774.06,Leave_Home
2010-12-26 18:16:55,2010-12-26 18:17:06,52,75976.92,75977.11,Enter_Home
2010-12-26 18:41:18,2010-12-26 19:31:24,52,76001.32,76051.4,Relax
2010-12-26 19:32:08,2010-12-26 21:53:49,52,76052.14,76193.82,Relax
2010-12-26 22:11:16,2010-12-27 08:57:39,52,76211.27,76857.66,Sleeping
2010-12-27 09:11:17,2010-12-27 09:20:12,53,76871.29,76880.21,Meal_Preparation
2010-12-27 09:31:07,2010-12-27 10:09:57,53,76891.13,76929.96,Relax
2010-12-27 10:49:58,2010-12-27 11:04:11,53,76969.97,76984.19,Relax
2010-12-27 11:16:46,2010-12-27 11:29:44,53,76996.77,77009.75,Meal_Preparation
2010-12-27 12:19:40,2010-12-27 12:28:21,53,77059.68,77068.37,Relax
2010-12-27 13:01:04,2010-12-27 13:01:18,53,77101.07,77101.3,Leave_Home
2010-12-27 15:02:09,2010-12-27 15:02:13,53,77222.15,77222.23,Enter_Home
2010-12-27 15:51:41,2010-12-27 15:51:44,53,77271.69,77271.74,Leave_Home
2010-12-27 15:53:10,2010-12-27 15:53:24,53,77273.18,77273.41,Enter_Home
2010-12-27 17:25:59,2010-12-27 17:33:48,53,77365.99,77373.8,Meal_Preparation
2010-12-27 17:58:55,2010-12-27 18:08:14,53,77398.93,77408.25,Meal_Preparation
2010-12-27 18:34:30,2010-12-27 18:52:11,53,77434.5,77452.2,Meal_Preparation
2010-12-27 23:18:18,2010-12-28 00:21:47,53,77718.3,77781.79,Relax
2010-12-28 00:28:42,2010-12-28 00:32:36,54,77788.7,77792.62,Relax
2010-12-28 00:40:59,2010-12-28 04:13:33,54,77800.99,78013.57,Sleeping
2010-12-28 04:52:46,2010-12-28 06:29:21,54,78052.77,78149.36,Sleeping
2010-12-28 08:39:46,2010-12-28 08:44:04,54,78279.77,78284.07,Meal_Preparation
2010-12-28 08:46:07,2010-12-28 08:56:40,54,78286.12,78296.68,Meal_Preparation
2010-12-28 08:56:56,2010-12-28 09:13:37,54,78296.94,78313.62,Relax
2010-12-28 09:13:37,2010-12-28 09:20:04,54,78313.63,78320.08,Meal_Preparation
2010-12-28 09:25:46,2010-12-28 09:42:44,54,78325.77,78342.75,Relax
2010-12-28 09:44:41,2010-12-28 10:17:22,54,78344.69,78377.37,Relax
2010-12-28 10:18:05,2010-12-28 10:42:06,54,78378.1,78402.1,Meal_Preparation
2010-12-28 10:44:15,2010-12-28 10:47:23,54,78404.26,78407.4,Eating
2010-12-28 11:01:26,2010-12-28 11:03:07,54,78421.44,78423.12,Work
2010-12-28 11:33:21,2010-12-28 11:35:36,54,78453.35,78455.61,Relax
2010-12-28 11:58:03,2010-12-28 12:14:41,54,78478.05,78494.69,Meal_Preparation
2010-12-28 12:41:49,2010-12-28 12:56:00,54,78521.82,78536.01,Meal_Preparation
2010-12-28 12:58:09,2010-12-28 13:11:23,54,78538.16,78551.38,Eating
2010-12-28 13:50:29,2010-12-28 14:08:26,54,78590.48,78608.44,Relax
2010-12-28 14:17:46,2010-12-28 14:30:18,54,78617.78,78630.3,Relax
2010-12-28 15:35:11,2010-12-28 15:46:53,54,78695.19,78706.9,Relax
2010-12-28 15:51:27,2010-12-28 16:02:43,54,78711.45,78722.73,Meal_Preparation
2010-12-28 16:14:03,2010-12-28 16:31:51,54,78734.05,78751.86,Relax
2010-12-28 16:32:06,2010-12-28 16:47:43,54,78752.11,78767.73,Relax
2010-12-28 16:50:46,2010-12-28 16:56:17,54,78770.78,78776.28,Relax
2010-12-28 16:58:11,2010-12-28 18:23:59,54,78778.19,78863.99,Relax
2010-12-28 18:27:36,2010-12-28 18:43:14,54,78867.61,78883.24,Relax
2010-12-28 18:46:40,2010-12-28 19:13:03,54,78886.68,78913.06,Relax
2010-12-28 19:20:24,2010-12-28 19:27:52,54,78920.41,78927.87,Meal_Preparation
2010-12-28 19:28:10,2010-12-28 19:46:10,54,78928.18,78946.18,Relax
2010-12-28 20:03:08,2010-12-28 20:23:29,54,78963.14,78983.5,Relax
2010-12-28 20:25:39,2010-12-28 20:42:29,54,78985.66,79002.5,Relax
2010-12-28 20:53:48,2010-12-28 21:48:43,54,79013.81,79068.73,Relax
2010-12-28 22:03:31,2010-12-28 22:13:57,54,79083.52,79093.96,Relax
2010-12-28 22:24:59,2010-12-28 22:30:34,54,79104.99,79110.57,Relax
2010-12-28 22:30:48,2010-12-28 23:11:28,54,79110.81,79151.48,Relax
2010-12-28 23:18:03,2010-12-28 23:52:46,54,79158.06,79192.77,Relax
2010-12-28 23:56:04,2010-12-29 04:24:07,54,79196.08,79464.12,Sleeping
2010-12-29 04:24:15,2010-12-29 04:26:47,55,79464.26,79466.8,Bed_to_Toilet
2010-12-29 04:26:51,2010-12-29 06:57:29,55,79466.86,79617.5,Sleeping
2010-12-29 07:11:09,2010-12-29 07:18:19,55,79631.16,79638.32,Meal_Preparation
2010-12-29 07:20:51,2010-12-29 07:24:00,55,79640.87,79644.01,Meal_Preparation
2010-12-29 07:26:37,2010-12-29 07:44:58,55,79646.62,79664.97,Relax
2010-12-29 07:56:31,2010-12-29 08:11:18,55,79676.53,79691.3,Relax
2010-12-29 08:23:58,2010-12-29 08:41:13,55,79703.97,79721.23,Relax
2010-12-29 09:41:16,2010-12-29 09:57:29,55,79781.28,79797.49,Meal_Preparation
2010-12-29 10:07:34,2010-12-29 10:54:37,55,79807.58,79854.62,Relax
2010-12-29 11:44:48,2010-12-29 11:49:16,55,79904.81,79909.28,Relax
2010-12-29 12:22:46,2010-12-29 12:49:03,55,79942.78,79969.06,Meal_Preparation
2010-12-29 13:02:21,2010-12-29 13:08:52,55,79982.35,79988.88,Relax
2010-12-29 13:13:11,2010-12-29 13:21:04,55,79993.19,80001.07,Relax
2010-12-29 13:27:00,2010-12-29 14:06:14,55,80007.01,80046.25,Relax
2010-12-29 14:16:35,2010-12-29 14:57:48,55,80056.58,80097.81,Relax
2010-12-29 15:01:44,2010-12-29 15:51:49,55,80101.75,80151.82,Relax
2010-12-29 15:55:18,2010-12-29 16:02:47,55,80155.31,80162.79,Relax
2010-12-29 16:06:07,2010-12-29 16:10:58,55,80166.13,80170.97,Relax
2010-12-29 16:19:57,2010-12-29 16:46:50,55,80179.96,80206.83,Relax
2010-12-29 16:48:40,2010-12-29 17:06:37,55,80208.67,80226.63,Relax
2010-12-29 17:11:11,2010-12-29 17:23:29,55,80231.19,80243.49,Relax
2010-12-29 17:26:51,2010-12-29 17:35:59,55,80246.86,80255.99,Relax
2010-12-29 18:04:04,2010-12-29 18:13:35,55,80284.08,80293.59,Meal_Preparation
2010-12-29 18:44:59,2010-12-29 20:09:32,55,80324.99,80409.53,Relax
2010-12-29 20:30:25,2010-12-29 20:48:38,55,80430.42,80448.63,Relax
2010-12-29 21:03:48,2010-12-29 21:57:52,55,80463.81,80517.88,Relax
2010-12-29 22:09:40,2010-12-29 23:07:34,55,80529.68,80587.57,Relax
2010-12-29 23:14:18,2010-12-29 23:45:02,55,80594.31,80625.03,Relax
2010-12-30 00:02:59,2010-12-30 00:16:58,56,80643.0,80656.98,Relax
2010-12-30 00:18:36,2010-12-30 00:46:04,56,80658.62,80686.07,Relax
2010-12-30 01:01:39,2010-12-30 01:33:17,56,80701.65,80733.3,Relax
2010-12-30 01:45:08,2010-12-30 06:43:50,56,80745.14,81043.83,Sleeping
2010-12-30 07:45:22,2010-12-30 08:03:32,56,81105.38,81123.54,Meal_Preparation
2010-12-30 08:03:39,2010-12-30 08:33:03,56,81123.66,81153.06,Relax
2010-12-30 08:04:16,2010-12-30 08:10:21,56,81124.28,81130.35,Eating
2010-12-30 08:43:04,2010-12-30 08:50:45,56,81163.08,81170.75,Relax
2010-12-30 09:25:44,2010-12-30 09:40:27,56,81205.74,81220.46,Relax
2010-12-30 10:05:07,2010-12-30 10:20:54,56,81245.12,81260.9,Relax
2010-12-30 10:56:01,2010-12-30 11:01:30,56,81296.03,81301.51,Meal_Preparation
2010-12-30 11:03:51,2010-12-30 11:07:17,56,81303.85,81307.29,Relax
2010-12-30 11:43:04,2010-12-30 11:51:46,56,81343.07,81351.77,Meal_Preparation
2010-12-30 11:58:53,2010-12-30 12:17:10,56,81358.89,81377.18,Meal_Preparation
2010-12-30 12:19:47,2010-12-30 12:23:29,56,81379.79,81383.49,Relax
2010-12-30 12:26:00,2010-12-30 12:42:11,56,81386.01,81402.2,Meal_Preparation
2010-12-30 12:42:43,2010-12-30 13:02:06,56,81402.73,81422.1,Relax
2010-12-30 16:43:04,2010-12-30 16:57:25,56,81643.08,81657.43,Meal_Preparation
2010-12-30 17:02:24,2010-12-30 17:44:57,56,81662.41,81704.95,Relax
2010-12-30 18:19:35,2010-12-30 19:19:58,56,81739.58,81799.97,Relax
2010-12-30 19:20:05,2010-12-30 19:26:18,56,81800.1,81806.31,Meal_Preparation
2010-12-30 19:26:49,2010-12-30 19:38:35,56,81806.83,81818.59,Eating
2010-12-30 19:54:18,2010-12-30 21:07:27,56,81834.32,81907.46,Relax
2010-12-30 21:16:30,2010-12-30 22:10:37,56,81916.51,81970.63,Relax
2010-12-30 22:14:23,2010-12-30 23:07:26,56,81974.39,82027.45,Relax
2010-12-30 23:10:36,2010-12-31 00:39:19,56,82030.61,82119.33,Relax
2010-12-31 00:46:51,2010-12-31 01:11:54,57,82126.86,82151.92,Sleeping
2010-12-31 01:12:24,2010-12-31 05:57:20,57,82152.41,82437.35,Sleeping
2010-12-31 06:00:08,2010-12-31 07:01:15,57,82440.14,82501.26,Sleeping
2010-12-31 07:03:59,2010-12-31 07:14:53,57,82503.99,82514.9,Meal_Preparation
2010-12-31 07:15:11,2010-12-31 07:25:34,57,82515.18,82525.57,Relax
2010-12-31 08:30:15,2010-12-31 08:30:22,57,82590.27,82590.38,Leave_Home
2010-12-31 13:52:11,2010-12-31 13:52:15,57,82912.18,82912.25,Enter_Home
2010-12-31 14:00:13,2010-12-31 14:06:03,57,82920.22,82926.06,Relax
2010-12-31 14:06:09,2010-12-31 14:11:50,57,82926.15,82931.84,Meal_Preparation
2010-12-31 14:12:21,2010-12-31 14:13:33,57,82932.35,82933.56,Meal_Preparation
2010-12-31 14:13:35,2010-12-31 14:38:00,57,82933.6,82958.01,Housekeeping
2010-12-31 14:42:20,2010-12-31 14:48:32,57,82962.34,82968.53,Relax
2010-12-31 14:49:05,2010-12-31 14:58:18,57,82969.08,82978.3,Relax
2010-12-31 15:12:01,2010-12-31 16:26:00,57,82992.02,83066.01,Relax
2010-12-31 16:42:34,2010-12-31 17:08:55,57,83082.58,83108.93,Relax
2010-12-31 17:21:32,2010-12-31 18:15:21,57,83121.55,83175.35,Relax
2010-12-31 18:20:18,2010-12-31 18:39:42,57,83180.32,83199.7,Relax
2010-12-31 18:42:47,2010-12-31 18:53:04,57,83202.79,83213.07,Relax
2010-12-31 18:53:08,2010-12-31 19:11:37,57,83213.14,83231.63,Meal_Preparation
2010-12-31 19:11:49,2010-12-31 19:14:58,57,83231.83,83234.97,Relax
2010-12-31 19:23:33,2010-12-31 19:30:55,57,83243.56,83250.92,Meal_Preparation
2010-12-31 19:33:13,2010-12-31 19:43:43,57,83253.22,83263.72,Relax
2010-12-31 19:44:22,2010-12-31 20:20:32,57,83264.37,83300.54,Relax
2010-12-31 20:25:15,2010-12-31 20:26:13,57,83305.25,83306.23,Meal_Preparation
2010-12-31 20:26:32,2010-12-31 21:04:03,57,83306.54,83344.06,Eating
2010-12-31 21:15:57,2010-12-31 22:21:41,57,83355.96,83421.69,Relax
2010-12-31 22:26:34,2010-12-31 23:40:11,57,83426.58,83500.2,Relax
2010-12-31 23:48:13,2011-01-01 01:03:36,57,83508.22,83583.61,Relax
2011-01-01 01:13:49,2011-01-01 06:15:43,58,83593.83,83895.73,Sleeping
2011-01-01 06:15:55,2011-01-01 06:18:23,58,83895.93,83898.39,Bed_to_Toilet
2011-01-01 06:18:36,2011-01-01 10:38:00,58,83898.62,84158.0,Sleeping
2011-01-01 10:53:54,2011-01-01 11:02:44,58,84173.9,84182.75,Meal_Preparation
2011-01-01 11:04:51,2011-01-01 11:11:39,58,84184.86,84191.66,Meal_Preparation
2011-01-01 11:11:56,2011-01-01 11:15:15,58,84191.95,84195.26,Meal_Preparation
2011-01-01 11:15:19,2011-01-01 11:51:04,58,84195.32,84231.08,Relax
2011-01-01 11:55:22,2011-01-01 11:55:55,58,84235.37,84235.93,Meal_Preparation
2011-01-01 11:57:01,2011-01-01 11:57:45,58,84237.02,84237.76,Meal_Preparation
2011-01-01 11:59:04,2011-01-01 12:05:06,58,84239.08,84245.11,Eating
2011-01-01 12:05:10,2011-01-01 12:07:03,58,84245.18,84247.06,Wash_Dishes
2011-01-01 12:36:16,2011-01-01 12:40:25,58,84276.28,84280.42,Relax
2011-01-01 12:43:14,2011-01-01 12:50:18,58,84283.25,84290.31,Relax
2011-01-01 12:50:46,2011-01-01 12:56:00,58,84290.77,84296.0,Relax
2011-01-01 12:56:26,2011-01-01 13:13:35,58,84296.44,84313.59,Relax
2011-01-01 13:16:54,2011-01-01 13:53:29,58,84316.91,84353.49,Relax
2011-01-01 13:53:37,2011-01-01 14:37:29,58,84353.63,84397.5,Relax
2011-01-01 14:42:15,2011-01-01 14:42:44,58,84402.26,84402.74,Meal_Preparation
2011-01-01 14:56:22,2011-01-01 15:14:40,58,84416.37,84434.68,Eating
2011-01-01 16:04:59,2011-01-01 17:11:10,58,84484.99,84551.18,Relax
2011-01-01 17:15:44,2011-01-01 17:24:45,58,84555.74,84564.77,Housekeeping
2011-01-01 17:42:53,2011-01-01 18:04:23,58,84582.89,84604.39,Relax
2011-01-01 18:13:06,2011-01-01 18:20:25,58,84613.11,84620.43,Eating
2011-01-01 18:35:54,2011-01-01 19:26:52,58,84635.91,84686.87,Relax
2011-01-01 19:30:52,2011-01-01 20:42:55,58,84690.88,84762.92,Relax
2011-01-01 21:10:36,2011-01-01 21:59:47,58,84790.62,84839.79,Relax
2011-01-01 22:05:54,2011-01-01 22:11:50,58,84845.91,84851.84,Relax
2011-01-01 23:04:57,2011-01-01 23:40:32,58,84904.95,84940.54,Relax
2011-01-01 23:44:18,2011-01-02 00:10:11,58,84944.31,84970.19,Relax
2011-01-02 00:16:41,2011-01-02 05:42:38,59,84976.69,85302.65,Sleeping
2011-01-02 05:42:42,2011-01-02 05:45:15,59,85302.71,85305.25,Bed_to_Toilet
2011-01-02 05:45:24,2011-01-02 05:57:39,59,85305.4,85317.67,Sleeping
2011-01-02 06:04:37,2011-01-02 06:10:17,59,85324.63,85330.29,Meal_Preparation
2011-01-02 06:11:38,2011-01-02 06:18:43,59,85331.65,85338.72,Meal_Preparation
2011-01-02 06:18:56,2011-01-02 06:27:44,59,85338.94,85347.75,Relax
2011-01-02 06:28:46,2011-01-02 06:44:33,59,85348.78,85364.55,Relax
2011-01-02 07:49:57,2011-01-02 07:54:10,59,85429.96,85434.18,Relax
2011-01-02 08:12:33,2011-01-02 08:12:39,59,85452.56,85452.66,Leave_Home
2011-01-02 08:13:59,2011-01-02 08:14:03,59,85454.0,85454.06,Enter_Home
2011-01-02 08:16:31,2011-01-02 08:16:36,59,85456.53,85456.62,Leave_Home
2011-01-02 12:14:37,2011-01-02 12:14:42,59,85694.62,85694.7,Enter_Home
2011-01-02 12:23:06,2011-01-02 12:23:11,59,85703.11,85703.18,Leave_Home
2011-01-02 12:27:01,2011-01-02 12:27:05,59,85707.02,85707.09,Enter_Home
2011-01-02 12:29:27,2011-01-02 13:06:08,59,85709.46,85746.15,Relax
2011-01-02 13:44:35,2011-01-02 13:44:39,59,85784.59,85784.66,Leave_Home
2011-01-02 16:00:59,2011-01-02 16:01:03,59,85921.0,85921.06,Enter_Home
2011-01-02 16:04:15,2011-01-02 16:17:07,59,85924.25,85937.12,Relax
2011-01-02 16:19:29,2011-01-02 16:36:08,59,85939.49,85956.14,Relax
2011-01-02 16:36:15,2011-01-02 16:46:24,59,85956.26,85966.4,Meal_Preparation
2011-01-02 16:48:36,2011-01-02 16:52:57,59,85968.61,85972.97,Meal_Preparation
2011-01-02 16:53:02,2011-01-02 18:11:40,59,85973.04,86051.67,Relax
2011-01-02 18:12:25,2011-01-02 18:32:17,59,86052.42,86072.28,Relax
2011-01-02 20:25:15,2011-01-02 20:28:53,59,86185.26,86188.9,Meal_Preparation
2011-01-02 20:29:44,2011-01-02 20:33:50,59,86189.75,86193.83,Eating
2011-01-02 21:21:20,2011-01-02 22:26:39,59,86241.34,86306.66,Relax
2011-01-02 22:27:36,2011-01-02 23:45:04,59,86307.61,86385.08,Relax
2011-01-03 00:02:56,2011-01-03 00:20:11,60,86402.95,86420.2,Relax
2011-01-03 00:22:30,2011-01-03 08:40:16,60,86422.5,86920.27,Sleeping
2011-01-03 08:50:45,2011-01-03 09:03:06,60,86930.76,86943.1,Meal_Preparation
2011-01-03 09:03:12,2011-01-03 09:21:29,60,86943.21,86961.49,Relax
2011-01-03 09:22:54,2011-01-03 09:32:44,60,86962.91,86972.74,Relax
2011-01-03 10:57:39,2011-01-03 10:59:55,60,87057.65,87059.92,Meal_Preparation
2011-01-03 11:00:20,2011-01-03 11:06:15,60,87060.35,87066.25,Eating
2011-01-03 11:06:55,2011-01-03 11:13:33,60,87066.92,87073.56,Wash_Dishes
2011-01-03 12:01:18,2011-01-03 13:01:48,60,87121.31,87181.81,Relax
2011-01-03 14:12:07,2011-01-03 14:12:12,60,87252.13,87252.21,Leave_Home
2011-01-03 14:15:45,2011-01-03 14:15:50,60,87255.76,87255.83,Enter_Home
2011-01-03 14:16:20,2011-01-03 14:16:24,60,87256.34,87256.41,Leave_Home
2011-01-03 15:49:17,2011-01-03 15:49:22,60,87349.29,87349.38,Enter_Home
2011-01-03 15:52:23,2011-01-03 15:54:16,60,87352.39,87354.27,Meal_Preparation
2011-01-03 15:54:43,2011-01-03 16:05:21,60,87354.73,87365.36,Meal_Preparation
2011-01-03 16:06:03,2011-01-03 16:11:12,60,87366.06,87371.21,Meal_Preparation
2011-01-03 16:12:25,2011-01-03 16:15:36,60,87372.43,87375.6,Meal_Preparation
2011-01-03 16:16:40,2011-01-03 16:23:19,60,87376.68,87383.32,Relax
2011-01-03 16:24:21,2011-01-03 16:28:11,60,87384.35,87388.2,Relax
2011-01-03 16:35:48,2011-01-03 16:49:05,60,87395.8,87409.09,Relax
2011-01-03 16:51:29,2011-01-03 17:06:14,60,87411.5,87426.24,Relax
2011-01-03 17:08:32,2011-01-03 17:24:30,60,87428.54,87444.51,Relax
2011-01-03 17:25:21,2011-01-03 18:20:24,60,87445.36,87500.41,Relax
2011-01-03 18:25:35,2011-01-03 18:35:18,60,87505.6,87515.3,Relax
2011-01-03 18:41:11,2011-01-03 19:11:31,60,87521.19,87551.52,Relax
2011-01-03 19:15:26,2011-01-03 19:24:39,60,87555.45,87564.65,Relax
2011-01-03 19:39:32,2011-01-03 20:06:34,60,87579.53,87606.57,Relax
2011-01-03 20:09:07,2011-01-03 20:27:54,60,87609.13,87627.91,Relax
2011-01-03 20:28:57,2011-01-03 20:52:09,60,87628.97,87652.16,Relax
2011-01-03 20:53:06,2011-01-03 21:26:57,60,87653.11,87686.96,Relax
2011-01-03 21:33:00,2011-01-03 22:12:03,60,87693.0,87732.06,Relax
2011-01-03 22:18:43,2011-01-03 22:36:17,60,87738.73,87756.29,Relax
2011-01-03 22:42:20,2011-01-04 00:06:59,60,87762.34,87846.99,Relax
2011-01-04 00:39:12,2011-01-04 08:07:50,61,87879.22,88327.85,Sleeping
2011-01-04 08:08:10,2011-01-04 08:11:31,61,88328.17,88331.53,Bed_to_Toilet
2011-01-04 08:11:36,2011-01-04 08:21:16,61,88331.61,88341.27,Sleeping
2011-01-04 08:24:35,2011-01-04 08:43:57,61,88344.59,88363.96,Meal_Preparation
2011-01-04 08:44:08,2011-01-04 08:56:57,61,88364.14,88376.96,Relax
2011-01-04 08:56:58,2011-01-04 08:57:39,61,88376.97,88377.66,Meal_Preparation
2011-01-04 08:57:43,2011-01-04 09:12:03,61,88377.72,88392.05,Relax
2011-01-04 09:23:20,2011-01-04 09:58:36,61,88403.35,88438.61,Relax
2011-01-04 09:59:50,2011-01-04 10:04:45,61,88439.83,88444.75,Meal_Preparation
2011-01-04 10:05:38,2011-01-04 10:07:18,61,88445.65,88447.31,Meal_Preparation
2011-01-04 10:14:39,2011-01-04 10:18:29,61,88454.65,88458.5,Meal_Preparation
2011-01-04 11:26:19,2011-01-04 11:26:24,61,88526.33,88526.4,Leave_Home
2011-01-04 13:39:56,2011-01-04 13:40:01,61,88659.93,88660.02,Enter_Home
2011-01-04 13:46:17,2011-01-04 13:52:45,61,88666.29,88672.76,Meal_Preparation
2011-01-04 13:52:51,2011-01-04 14:04:29,61,88672.87,88684.49,Relax
2011-01-04 14:05:33,2011-01-04 14:12:12,61,88685.56,88692.21,Relax
2011-01-04 14:13:11,2011-01-04 14:17:37,61,88693.19,88697.63,Relax
2011-01-04 14:19:18,2011-01-04 14:39:33,61,88699.32,88719.56,Relax
2011-01-04 14:44:14,2011-01-04 14:44:19,61,88724.25,88724.32,Leave_Home
2011-01-04 15:14:09,2011-01-04 15:14:31,61,88754.16,88754.52,Enter_Home
2011-01-04 16:06:08,2011-01-04 16:30:25,61,88806.15,88830.42,Meal_Preparation
2011-01-04 16:30:39,2011-01-04 17:02:14,61,88830.67,88862.24,Relax
2011-01-04 17:05:12,2011-01-04 17:10:32,61,88865.21,88870.54,Meal_Preparation
2011-01-04 17:14:44,2011-01-04 17:27:33,61,88874.73,88887.56,Meal_Preparation
2011-01-04 17:32:40,2011-01-04 17:36:26,61,88892.68,88896.44,Meal_Preparation
2011-01-04 17:36:47,2011-01-04 17:40:31,61,88896.78,88900.53,Relax
2011-01-04 17:40:33,2011-01-04 17:44:12,61,88900.56,88904.21,Meal_Preparation
2011-01-04 17:52:32,2011-01-04 18:05:20,61,88912.55,88925.34,Meal_Preparation
2011-01-04 17:58:05,2011-01-04 18:31:02,61,88918.09,88951.05,Eating
2011-01-04 18:37:43,2011-01-04 18:54:01,61,88957.72,88974.02,Relax
2011-01-04 18:54:50,2011-01-04 19:01:56,61,88974.84,88981.94,Wash_Dishes
2011-01-04 20:02:47,2011-01-04 20:26:46,61,89042.79,89066.77,Relax
2011-01-04 20:27:25,2011-01-04 21:38:10,61,89067.43,89138.17,Relax
2011-01-04 21:39:34,2011-01-04 23:15:53,61,89139.57,89235.89,Relax
2011-01-04 23:30:21,2011-01-05 00:02:45,61,89250.36,89282.75,Relax
2011-01-05 00:08:56,2011-01-05 05:54:16,62,89288.95,89634.28,Sleeping
2011-01-05 05:54:23,2011-01-05 05:56:58,62,89634.39,89636.98,Bed_to_Toilet
2011-01-05 05:57:19,2011-01-05 08:03:37,62,89637.33,89763.63,Sleeping
2011-01-05 08:07:51,2011-01-05 08:20:56,62,89767.87,89780.95,Meal_Preparation
2011-01-05 08:29:37,2011-01-05 08:33:05,62,89789.63,89793.09,Meal_Preparation
2011-01-05 08:38:05,2011-01-05 08:40:27,62,89798.09,89800.45,Meal_Preparation
2011-01-05 08:41:15,2011-01-05 09:27:44,62,89801.26,89847.75,Relax
2011-01-05 09:34:51,2011-01-05 09:40:36,62,89854.86,89860.6,Relax
2011-01-05 09:56:10,2011-01-05 09:59:47,62,89876.17,89879.79,Meal_Preparation
2011-01-05 09:59:53,2011-01-05 10:06:34,62,89879.89,89886.57,Eating
2011-01-05 11:36:38,2011-01-05 11:36:43,62,89976.65,89976.72,Leave_Home
2011-01-05 14:09:31,2011-01-05 14:09:36,62,90129.53,90129.61,Enter_Home
2011-01-05 14:48:34,2011-01-05 14:52:41,62,90168.58,90172.69,Relax
2011-01-05 14:56:44,2011-01-05 15:15:26,62,90176.74,90195.44,Relax
2011-01-05 15:35:51,2011-01-05 15:47:37,62,90215.86,90227.63,Relax
2011-01-05 15:56:23,2011-01-05 15:56:24,62,90236.4,90236.41,Leave_Home
2011-01-05 19:40:44,2011-01-05 19:40:50,62,90460.74,90460.83,Enter_Home
2011-01-05 19:42:28,2011-01-05 19:49:19,62,90462.47,90469.32,Relax
2011-01-05 19:49:35,2011-01-05 21:20:01,62,90469.59,90560.02,Relax
2011-01-05 21:20:55,2011-01-05 21:32:01,62,90560.92,90572.02,Relax
2011-01-05 21:39:43,2011-01-05 21:54:09,62,90579.72,90594.16,Relax
2011-01-05 21:55:16,2011-01-05 22:23:38,62,90595.27,90623.64,Relax
2011-01-05 22:42:22,2011-01-06 06:57:23,62,90642.38,91137.39,Sleeping
2011-01-06 06:59:53,2011-01-06 07:08:54,63,91139.9,91148.9,Meal_Preparation
2011-01-06 07:14:40,2011-01-06 07:18:22,63,91154.68,91158.37,Meal_Preparation
2011-01-06 07:21:27,2011-01-06 07:41:50,63,91161.46,91181.85,Relax
2011-01-06 08:44:26,2011-01-06 08:44:31,63,91244.44,91244.53,Leave_Home
2011-01-06 10:17:50,2011-01-06 10:17:54,63,91337.85,91337.91,Enter_Home
2011-01-06 10:22:21,2011-01-06 10:23:12,63,91342.36,91343.2,Meal_Preparation
2011-01-06 10:23:15,2011-01-06 10:27:53,63,91343.26,91347.89,Eating
2011-01-06 10:33:45,2011-01-06 10:33:49,63,91353.75,91353.83,Leave_Home
2011-01-06 13:28:57,2011-01-06 13:29:02,63,91528.97,91529.04,Enter_Home
2011-01-06 13:30:27,2011-01-06 13:35:06,63,91530.46,91535.1,Meal_Preparation
2011-01-06 13:38:33,2011-01-06 13:51:29,63,91538.56,91551.49,Relax
2011-01-06 13:53:10,2011-01-06 14:03:12,63,91553.17,91563.21,Relax
2011-01-06 14:07:25,2011-01-06 14:22:45,63,91567.42,91582.77,Relax
2011-01-06 14:25:45,2011-01-06 17:07:59,63,91585.75,91747.99,Relax
2011-01-06 17:09:07,2011-01-06 17:52:24,63,91749.13,91792.41,Relax
2011-01-06 18:16:41,2011-01-06 18:19:44,63,91816.69,91819.73,Relax
2011-01-06 18:20:02,2011-01-06 18:46:29,63,91820.04,91846.48,Relax
2011-01-06 18:47:10,2011-01-06 19:21:25,63,91847.17,91881.43,Relax
2011-01-06 19:21:36,2011-01-06 19:24:33,63,91881.61,91884.56,Meal_Preparation
2011-01-06 19:26:00,2011-01-06 19:27:14,63,91886.01,91887.24,Meal_Preparation
2011-01-06 19:29:22,2011-01-06 19:32:40,63,91889.37,91892.68,Meal_Preparation
2011-01-06 19:32:47,2011-01-06 19:59:36,63,91892.78,91919.6,Relax
2011-01-06 20:00:47,2011-01-06 21:22:17,63,91920.78,92002.28,Relax
2011-01-06 21:26:00,2011-01-06 22:47:23,63,92006.0,92087.39,Relax
2011-01-06 22:48:22,2011-01-06 23:13:35,63,92088.38,92113.59,Relax
2011-01-06 23:25:53,2011-01-07 00:18:29,63,92125.89,92178.49,Relax
2011-01-07 00:26:38,2011-01-07 07:15:09,64,92186.64,92595.16,Sleeping
2011-01-07 07:15:23,2011-01-07 07:18:47,64,92595.4,92598.79,Bed_to_Toilet
2011-01-07 07:18:56,2011-01-07 08:14:57,64,92598.94,92654.96,Sleeping
2011-01-07 08:17:36,2011-01-07 08:30:56,64,92657.61,92670.95,Meal_Preparation
2011-01-07 08:31:43,2011-01-07 08:44:53,64,92671.73,92684.89,Relax
2011-01-07 08:48:10,2011-01-07 08:53:08,64,92688.17,92693.14,Relax
2011-01-07 08:56:56,2011-01-07 09:09:16,64,92696.94,92709.28,Relax
2011-01-07 09:11:49,2011-01-07 09:15:33,64,92711.83,92715.56,Relax
2011-01-07 09:32:43,2011-01-07 10:10:02,64,92732.72,92770.04,Relax
2011-01-07 10:36:07,2011-01-07 10:39:54,64,92796.13,92799.91,Meal_Preparation
2011-01-07 10:42:49,2011-01-07 10:48:11,64,92802.83,92808.2,Meal_Preparation
2011-01-07 10:48:23,2011-01-07 10:53:49,64,92808.4,92813.82,Eating
2011-01-07 11:46:20,2011-01-07 11:46:25,64,92866.34,92866.42,Leave_Home
2011-01-07 15:48:17,2011-01-07 15:48:24,64,93108.29,93108.41,Enter_Home
2011-01-07 16:02:00,2011-01-07 16:20:28,64,93122.0,93140.48,Meal_Preparation
2011-01-07 16:21:04,2011-01-07 16:30:42,64,93141.07,93150.71,Relax
2011-01-07 16:31:01,2011-01-07 16:34:28,64,93151.03,93154.47,Meal_Preparation
2011-01-07 16:34:31,2011-01-07 16:51:00,64,93154.52,93171.0,Relax
2011-01-07 16:57:47,2011-01-07 17:13:47,64,93177.79,93193.78,Relax
2011-01-07 17:14:52,2011-01-07 18:50:06,64,93194.88,93290.12,Relax
2011-01-07 18:50:22,2011-01-07 18:52:51,64,93290.37,93292.86,Meal_Preparation
2011-01-07 18:54:52,2011-01-07 18:59:15,64,93294.87,93299.26,Meal_Preparation
2011-01-07 19:04:34,2011-01-07 19:13:32,64,93304.57,93313.54,Meal_Preparation
2011-01-07 19:15:54,2011-01-07 19:20:46,64,93315.91,93320.78,Meal_Preparation
2011-01-07 19:21:33,2011-01-07 19:22:37,64,93321.57,93322.63,Meal_Preparation
2011-01-07 19:23:02,2011-01-07 19:28:48,64,93323.04,93328.81,Relax
2011-01-07 19:28:51,2011-01-07 19:31:22,64,93328.85,93331.38,Meal_Preparation
2011-01-07 19:39:48,2011-01-07 19:53:45,64,93339.81,93353.76,Relax
2011-01-07 19:54:59,2011-01-07 20:05:06,64,93354.99,93365.1,Relax
2011-01-07 20:07:00,2011-01-07 20:57:34,64,93367.01,93417.58,Relax
2011-01-07 20:59:26,2011-01-07 22:16:55,64,93419.45,93496.93,Relax
2011-01-07 22:31:44,2011-01-07 22:38:32,64,93511.74,93518.55,Relax
2011-01-07 22:42:32,2011-01-08 00:23:28,64,93522.55,93623.47,Relax
2011-01-08 00:32:46,2011-01-08 05:49:52,65,93632.77,93949.87,Sleeping
2011-01-08 05:50:03,2011-01-08 05:53:16,65,93950.06,93953.28,Bed_to_Toilet
2011-01-08 05:53:42,2011-01-08 09:31:29,65,93953.71,94171.49,Sleeping
2011-01-08 09:34:08,2011-01-08 09:42:35,65,94174.15,94182.59,Meal_Preparation
2011-01-08 09:44:39,2011-01-08 09:51:15,65,94184.66,94191.25,Meal_Preparation
2011-01-08 09:54:17,2011-01-08 09:57:02,65,94194.29,94197.04,Meal_Preparation
2011-01-08 09:57:06,2011-01-08 10:17:51,65,94197.11,94217.86,Relax
2011-01-08 10:17:56,2011-01-08 10:23:22,65,94217.95,94223.37,Meal_Preparation
2011-01-08 10:23:36,2011-01-08 11:04:15,65,94223.61,94264.25,Relax
2011-01-08 13:10:09,2011-01-08 13:20:49,65,94390.16,94400.83,Meal_Preparation
2011-01-08 13:24:24,2011-01-08 13:38:35,65,94404.41,94418.6,Eating
2011-01-08 13:38:41,2011-01-08 14:16:03,65,94418.68,94456.06,Relax
2011-01-08 14:21:32,2011-01-08 14:25:44,65,94461.53,94465.74,Relax
2011-01-08 14:30:01,2011-01-08 15:08:23,65,94470.02,94508.38,Relax
2011-01-08 15:20:58,2011-01-08 15:33:44,65,94520.98,94533.74,Relax
2011-01-08 15:38:13,2011-01-08 15:48:17,65,94538.23,94548.28,Meal_Preparation
2011-01-08 15:52:47,2011-01-08 16:11:05,65,94552.8,94571.1,Relax
2011-01-08 16:30:17,2011-01-08 16:35:22,65,94590.3,94595.38,Housekeeping
2011-01-08 16:36:14,2011-01-08 17:19:59,65,94596.24,94639.99,Relax
2011-01-08 17:22:13,2011-01-08 18:43:24,65,94642.22,94723.41,Relax
2011-01-08 18:51:14,2011-01-08 20:08:45,65,94731.24,94808.76,Relax
2011-01-08 20:10:29,2011-01-08 20:32:48,65,94810.49,94832.82,Relax
2011-01-08 20:46:15,2011-01-08 21:12:42,65,94846.26,94872.72,Relax
2011-01-08 21:15:10,2011-01-08 22:32:00,65,94875.18,94952.01,Relax
2011-01-08 22:44:14,2011-01-08 23:24:17,65,94964.24,95004.29,Relax
2011-01-08 23:29:20,2011-01-09 05:30:39,65,95009.34,95370.66,Sleeping
2011-01-09 05:30:45,2011-01-09 05:34:00,66,95370.76,95374.01,Bed_to_Toilet
2011-01-09 05:34:06,2011-01-09 08:04:24,66,95374.1,95524.4,Sleeping
2011-01-09 08:33:34,2011-01-09 08:37:21,66,95553.58,95557.35,Meal_Preparation
2011-01-09 08:41:42,2011-01-09 08:44:48,66,95561.71,95564.8,Meal_Preparation
2011-01-09 08:44:49,2011-01-09 09:01:41,66,95564.82,95581.7,Relax
2011-01-09 09:03:29,2011-01-09 10:02:51,66,95583.49,95642.85,Relax
2011-01-09 10:07:45,2011-01-09 10:14:41,66,95647.76,95654.69,Meal_Preparation
2011-01-09 10:14:44,2011-01-09 10:21:39,66,95654.75,95661.65,Eating
2011-01-09 10:44:21,2011-01-09 10:51:05,66,95684.36,95691.09,Meal_Preparation
2011-01-09 10:51:10,2011-01-09 11:01:14,66,95691.17,95701.24,Relax
2011-01-09 11:01:19,2011-01-09 11:29:52,66,95701.33,95729.87,Wash_Dishes
2011-01-09 11:37:31,2011-01-09 12:46:43,66,95737.53,95806.72,Relax
2011-01-09 13:56:28,2011-01-09 14:11:04,66,95876.48,95891.07,Relax
2011-01-09 14:12:06,2011-01-09 14:31:19,66,95892.11,95911.33,Relax
2011-01-09 14:32:48,2011-01-09 14:41:23,66,95912.8,95921.39,Relax
2011-01-09 14:42:39,2011-01-09 15:42:40,66,95922.66,95982.67,Relax
2011-01-09 15:42:41,2011-01-09 16:13:27,66,95982.7,96013.45,Meal_Preparation
2011-01-09 16:16:21,2011-01-09 16:38:24,66,96016.36,96038.41,Meal_Preparation
2011-01-09 17:34:28,2011-01-09 17:47:01,66,96094.47,96107.02,Meal_Preparation
2011-01-09 20:27:14,2011-01-09 22:02:00,66,96267.24,96362.0,Relax
2011-01-09 22:11:26,2011-01-09 22:36:24,66,96371.44,96396.41,Relax
2011-01-09 22:38:14,2011-01-09 23:19:57,66,96398.25,96439.96,Relax
2011-01-09 23:37:14,2011-01-10 00:08:49,66,96457.24,96488.83,Relax
2011-01-10 00:09:49,2011-01-10 04:05:48,67,96489.83,96725.81,Sleeping
2011-01-10 04:05:53,2011-01-10 04:08:53,67,96725.88,96728.89,Bed_to_Toilet
2011-01-10 04:09:14,2011-01-10 06:56:52,67,96729.25,96896.88,Sleeping
2011-01-10 07:05:43,2011-01-10 07:16:34,67,96905.73,96916.58,Meal_Preparation
2011-01-10 08:38:26,2011-01-10 08:41:53,67,96998.45,97001.89,Meal_Preparation
2011-01-10 08:56:12,2011-01-10 08:56:17,67,97016.21,97016.29,Leave_Home
2011-01-10 10:20:29,2011-01-10 10:20:34,67,97100.5,97100.57,Enter_Home
2011-01-10 11:32:27,2011-01-10 11:32:35,67,97172.45,97172.6,Leave_Home
2011-01-10 13:38:47,2011-01-10 13:38:53,67,97298.8,97298.89,Enter_Home
2011-01-10 14:25:58,2011-01-10 14:26:02,67,97345.97,97346.04,Leave_Home
2011-01-10 19:16:53,2011-01-10 19:16:59,67,97636.89,97636.99,Enter_Home
2011-01-10 19:18:49,2011-01-10 19:29:07,67,97638.83,97649.13,Meal_Preparation
2011-01-10 19:30:25,2011-01-10 19:44:35,67,97650.42,97664.6,Meal_Preparation
2011-01-10 19:57:13,2011-01-10 20:02:56,67,97677.23,97682.94,Meal_Preparation
2011-01-10 20:03:03,2011-01-10 21:54:51,67,97683.06,97794.87,Relax
2011-01-10 22:00:57,2011-01-10 22:04:34,67,97800.96,97804.57,Relax
2011-01-10 22:29:19,2011-01-11 00:03:25,67,97829.33,97923.42,Relax
2011-01-11 00:19:01,2011-01-11 06:06:40,68,97939.02,98286.67,Sleeping
2011-01-11 06:06:48,2011-01-11 06:10:18,68,98286.82,98290.31,Bed_to_Toilet
2011-01-11 06:10:23,2011-01-11 08:56:21,68,98290.39,98456.36,Sleeping
2011-01-11 08:56:46,2011-01-11 09:04:22,68,98456.78,98464.37,Relax
2011-01-11 09:06:35,2011-01-11 09:13:31,68,98466.59,98473.52,Meal_Preparation
2011-01-11 09:15:40,2011-01-11 09:20:36,68,98475.67,98480.61,Meal_Preparation
2011-01-11 09:20:58,2011-01-11 09:21:39,68,98480.98,98481.66,Meal_Preparation
2011-01-11 09:21:43,2011-01-11 09:37:49,68,98481.72,98497.83,Relax
2011-01-11 09:39:52,2011-01-11 09:46:54,68,98499.88,98506.91,Relax
2011-01-11 09:47:04,2011-01-11 09:52:59,68,98507.08,98512.99,Relax
2011-01-11 10:02:52,2011-01-11 10:08:09,68,98522.87,98528.16,Meal_Preparation
2011-01-11 10:09:15,2011-01-11 10:10:55,68,98529.25,98530.92,Meal_Preparation
2011-01-11 10:11:00,2011-01-11 10:22:24,68,98531.0,98542.41,Eating
2011-01-11 11:33:42,2011-01-11 11:33:48,68,98613.71,98613.8,Leave_Home
2011-01-11 14:07:39,2011-01-11 14:07:44,68,98767.66,98767.74,Enter_Home
2011-01-11 14:15:04,2011-01-11 14:23:19,68,98775.07,98783.33,Relax
2011-01-11 14:27:33,2011-01-11 14:32:01,68,98787.56,98792.02,Meal_Preparation
2011-01-11 14:36:26,2011-01-11 14:39:00,68,98796.44,98799.01,Meal_Preparation
2011-01-11 14:40:41,2011-01-11 14:44:10,68,98800.7,98804.18,Eating
2011-01-11 14:49:37,2011-01-11 14:49:41,68,98809.62,98809.7,Leave_Home
2011-01-11 15:08:19,2011-01-11 15:08:19,68,98828.32,98828.33,Enter_Home
2011-01-11 15:23:04,2011-01-11 15:43:19,68,98843.08,98863.32,Relax
2011-01-11 15:45:41,2011-01-11 16:03:52,68,98865.7,98883.87,Relax
2011-01-11 16:09:31,2011-01-11 16:23:11,68,98889.53,98903.18,Relax
2011-01-11 16:57:27,2011-01-11 16:57:36,68,98937.46,98937.61,Leave_Home
2011-01-11 17:27:56,2011-01-11 17:28:00,68,98967.94,98968.0,Enter_Home
2011-01-11 17:34:19,2011-01-11 17:48:40,68,98974.32,98988.68,Meal_Preparation
2011-01-11 17:52:52,2011-01-11 17:57:01,68,98992.87,98997.03,Meal_Preparation
2011-01-11 17:57:07,2011-01-11 18:03:32,68,98997.12,99003.54,Relax
2011-01-11 18:05:06,2011-01-11 18:40:21,68,99005.11,99040.36,Relax
2011-01-11 18:41:34,2011-01-11 19:16:35,68,99041.57,99076.59,Relax
2011-01-11 19:18:23,2011-01-11 19:26:49,68,99078.4,99086.82,Relax
2011-01-11 19:26:55,2011-01-11 19:31:30,68,99086.92,99091.51,Wash_Dishes
2011-01-11 19:32:03,2011-01-11 20:11:10,68,99092.05,99131.18,Relax
2011-01-11 20:12:42,2011-01-11 20:44:25,68,99132.7,99164.43,Relax
2011-01-11 20:52:01,2011-01-11 21:25:45,68,99172.02,99205.75,Relax
2011-01-11 21:28:07,2011-01-11 22:28:39,68,99208.13,99268.66,Relax
2011-01-11 22:30:58,2011-01-11 23:52:50,68,99270.97,99352.84,Relax
2011-01-12 00:07:13,2011-01-12 08:19:22,69,99367.23,99859.37,Sleeping
2011-01-12 08:28:28,2011-01-12 08:31:58,69,99868.48,99871.98,Meal_Preparation
2011-01-12 08:34:17,2011-01-12 08:39:11,69,99874.29,99879.19,Meal_Preparation
2011-01-12 08:39:43,2011-01-12 08:49:17,69,99879.72,99889.3,Relax
2011-01-12 08:50:09,2011-01-12 09:13:01,69,99890.16,99913.02,Relax
2011-01-12 09:16:31,2011-01-12 09:26:25,69,99916.53,99926.42,Relax
2011-01-12 09:41:57,2011-01-12 10:00:23,69,99941.97,99960.4,Relax
2011-01-12 10:12:43,2011-01-12 10:16:44,69,99972.73,99976.74,Meal_Preparation
2011-01-12 10:18:45,2011-01-12 10:20:07,69,99978.76,99980.12,Meal_Preparation
2011-01-12 10:20:17,2011-01-12 10:25:25,69,99980.29,99985.43,Eating
2011-01-12 11:29:17,2011-01-12 11:29:22,69,100049.3,100049.38,Leave_Home
2011-01-12 14:06:42,2011-01-12 14:06:47,69,100206.71,100206.79,Enter_Home
2011-01-12 14:07:44,2011-01-12 14:17:58,69,100207.75,100217.97,Relax
2011-01-12 14:28:59,2011-01-12 14:36:24,69,100229.0,100236.42,Meal_Preparation
2011-01-12 14:36:52,2011-01-12 14:38:12,69,100236.88,100238.2,Meal_Preparation
2011-01-12 14:44:59,2011-01-12 15:13:14,69,100244.98,100273.24,Relax
2011-01-12 15:13:35,2011-01-12 15:21:59,69,100273.59,100281.98,Wash_Dishes
2011-01-12 15:23:02,2011-01-12 16:09:36,69,100283.05,100329.6,Work
2011-01-12 16:57:28,2011-01-12 17:07:07,69,100377.48,100387.13,Relax
2011-01-12 17:11:59,2011-01-12 17:12:07,69,100391.99,100392.12,Leave_Home
2011-01-12 20:38:34,2011-01-12 20:38:34,69,100598.58,100598.58,Enter_Home
2011-01-12 20:39:02,2011-01-12 20:45:48,69,100599.05,100605.82,Relax
2011-01-12 20:46:32,2011-01-12 20:52:43,69,100606.54,100612.72,Relax
2011-01-12 20:53:09,2011-01-12 23:00:58,69,100613.16,100740.98,Relax
2011-01-12 23:23:17,2011-01-13 07:03:17,69,100763.29,101223.3,Sleeping
2011-01-13 07:09:22,2011-01-13 07:13:28,70,101229.38,101233.48,Meal_Preparation
2011-01-13 07:15:14,2011-01-13 07:17:37,70,101235.24,101237.63,Meal_Preparation
2011-01-13 07:17:42,2011-01-13 07:35:48,70,101237.71,101255.8,Relax
2011-01-13 08:39:18,2011-01-13 08:39:22,70,101319.31,101319.38,Leave_Home
2011-01-13 10:28:13,2011-01-13 10:28:18,70,101428.23,101428.3,Enter_Home
2011-01-13 10:34:27,2011-01-13 10:36:48,70,101434.46,101436.8,Meal_Preparation
2011-01-13 10:38:51,2011-01-13 10:40:21,70,101438.86,101440.37,Meal_Preparation
2011-01-13 10:43:34,2011-01-13 11:06:34,70,101443.57,101466.58,Eating
2011-01-13 11:31:58,2011-01-13 11:32:03,70,101491.98,101492.06,Leave_Home
2011-01-13 13:39:15,2011-01-13 13:39:19,70,101619.26,101619.33,Enter_Home
2011-01-13 13:47:46,2011-01-13 13:57:44,70,101627.78,101637.74,Meal_Preparation
2011-01-13 14:02:51,2011-01-13 14:33:08,70,101642.87,101673.15,Relax
2011-01-13 14:39:39,2011-01-13 14:42:27,70,101679.65,101682.46,Relax
2011-01-13 14:45:39,2011-01-13 14:59:47,70,101685.65,101699.8,Relax
2011-01-13 15:07:13,2011-01-13 16:22:13,70,101707.23,101782.22,Relax
2011-01-13 16:49:15,2011-01-13 17:18:10,70,101809.25,101838.17,Relax
2011-01-13 17:20:41,2011-01-13 17:59:20,70,101840.69,101879.34,Relax
2011-01-13 17:59:38,2011-01-13 18:06:59,70,101879.65,101886.99,Relax
2011-01-13 18:07:11,2011-01-13 18:07:51,70,101887.19,101887.86,Meal_Preparation
2011-01-13 18:08:17,2011-01-13 18:25:21,70,101888.28,101905.36,Meal_Preparation
2011-01-13 18:25:27,2011-01-13 18:32:02,70,101905.46,101912.04,Relax
2011-01-13 18:32:35,2011-01-13 18:43:28,70,101912.59,101923.48,Relax
2011-01-13 18:46:36,2011-01-13 18:57:30,70,101926.61,101937.51,Relax
2011-01-13 18:57:32,2011-01-13 19:01:14,70,101937.54,101941.25,Meal_Preparation
2011-01-13 19:01:40,2011-01-13 19:16:23,70,101941.67,101956.39,Relax
2011-01-13 19:20:05,2011-01-13 19:39:07,70,101960.1,101979.13,Relax
2011-01-13 19:41:15,2011-01-13 19:55:16,70,101981.26,101995.28,Relax
2011-01-13 20:01:47,2011-01-13 20:11:11,70,102001.8,102011.19,Relax
2011-01-13 20:11:38,2011-01-13 22:07:13,70,102011.63,102127.23,Relax
2011-01-13 22:09:30,2011-01-13 22:26:43,70,102129.52,102146.72,Relax
2011-01-13 22:48:42,2011-01-14 05:37:35,70,102168.72,102577.6,Sleeping
2011-01-14 05:37:44,2011-01-14 05:40:22,71,102577.75,102580.38,Bed_to_Toilet
2011-01-14 05:40:35,2011-01-14 08:19:59,71,102580.59,102739.99,Sleeping
2011-01-14 08:22:12,2011-01-14 08:36:42,71,102742.22,102756.71,Meal_Preparation
2011-01-14 08:41:31,2011-01-14 08:56:01,71,102761.52,102776.03,Relax
2011-01-14 09:02:17,2011-01-14 09:09:32,71,102782.3,102789.54,Relax
2011-01-14 09:16:32,2011-01-14 09:22:09,71,102796.54,102802.15,Relax
2011-01-14 09:35:47,2011-01-14 09:40:22,71,102815.79,102820.37,Meal_Preparation
2011-01-14 09:42:55,2011-01-14 10:25:25,71,102822.93,102865.43,Relax
2011-01-14 10:27:20,2011-01-14 10:30:01,71,102867.34,102870.02,Meal_Preparation
2011-01-14 10:34:54,2011-01-14 10:36:05,71,102874.91,102876.09,Meal_Preparation
2011-01-14 10:36:32,2011-01-14 10:37:35,71,102876.54,102877.6,Meal_Preparation
2011-01-14 10:37:47,2011-01-14 10:42:19,71,102877.78,102882.32,Eating
2011-01-14 11:10:02,2011-01-14 11:12:52,71,102910.04,102912.87,Wash_Dishes
2011-01-14 11:19:29,2011-01-14 11:22:16,71,102919.49,102922.28,Relax
2011-01-14 11:36:50,2011-01-14 11:36:55,71,102936.84,102936.92,Leave_Home
2011-01-14 13:41:07,2011-01-14 13:41:15,71,103061.13,103061.25,Enter_Home
2011-01-14 14:08:18,2011-01-14 14:19:18,71,103088.31,103099.31,Meal_Preparation
2011-01-14 14:19:23,2011-01-14 14:33:15,71,103099.39,103113.25,Relax
2011-01-14 14:35:04,2011-01-14 16:04:58,71,103115.08,103204.98,Relax
2011-01-14 16:49:09,2011-01-14 16:52:35,71,103249.16,103252.59,Relax
2011-01-14 16:55:13,2011-01-14 16:55:18,71,103255.23,103255.3,Leave_Home
2011-01-14 17:45:29,2011-01-14 17:45:35,71,103305.49,103305.58,Enter_Home
2011-01-14 17:47:10,2011-01-14 17:49:38,71,103307.18,103309.65,Meal_Preparation
2011-01-14 17:52:13,2011-01-14 18:05:56,71,103312.22,103325.94,Meal_Preparation
2011-01-14 18:05:59,2011-01-14 18:17:52,71,103326.0,103337.88,Eating
2011-01-14 18:18:17,2011-01-14 18:22:02,71,103338.3,103342.05,Eating
2011-01-14 18:22:07,2011-01-14 18:37:59,71,103342.13,103357.98,Relax
2011-01-14 18:41:18,2011-01-14 18:47:25,71,103361.31,103367.42,Wash_Dishes
2011-01-14 18:47:28,2011-01-14 19:49:20,71,103367.48,103429.35,Relax
2011-01-14 19:50:49,2011-01-14 20:09:25,71,103430.82,103449.43,Relax
2011-01-14 20:16:10,2011-01-14 21:14:52,71,103456.17,103514.87,Relax
2011-01-14 21:15:20,2011-01-14 21:36:42,71,103515.34,103536.71,Relax
2011-01-14 21:39:06,2011-01-14 22:56:32,71,103539.11,103616.54,Relax
2011-01-14 23:07:35,2011-01-15 00:03:15,71,103627.59,103683.26,Relax
2011-01-15 00:06:57,2011-01-15 05:44:20,72,103686.97,104024.34,Sleeping
2011-01-15 05:45:02,2011-01-15 05:48:04,72,104025.04,104028.07,Bed_to_Toilet
2011-01-15 05:48:11,2011-01-15 08:54:30,72,104028.2,104214.51,Sleeping
2011-01-15 08:56:38,2011-01-15 08:59:16,72,104216.64,104219.27,Meal_Preparation
2011-01-15 09:07:49,2011-01-15 09:09:15,72,104227.83,104229.27,Meal_Preparation
2011-01-15 09:28:41,2011-01-15 09:30:33,72,104248.69,104250.56,Leave_Home
2011-01-15 11:08:39,2011-01-15 11:08:51,72,104348.66,104348.86,Enter_Home
2011-01-15 11:19:26,2011-01-15 11:54:35,72,104359.44,104394.59,Work
2011-01-15 11:58:12,2011-01-15 11:58:16,72,104398.2,104398.28,Leave_Home
2011-01-15 13:09:31,2011-01-15 13:09:37,72,104469.52,104469.63,Enter_Home
2011-01-15 13:25:47,2011-01-15 13:40:27,72,104485.8,104500.45,Meal_Preparation
2011-01-15 13:41:37,2011-01-15 13:49:14,72,104501.63,104509.24,Meal_Preparation
2011-01-15 13:49:24,2011-01-15 14:31:22,72,104509.41,104551.37,Relax
2011-01-15 14:32:11,2011-01-15 14:53:26,72,104552.19,104573.44,Relax
2011-01-15 14:55:14,2011-01-15 15:30:22,72,104575.25,104610.38,Relax
2011-01-15 16:23:43,2011-01-15 16:26:18,72,104663.73,104666.3,Relax
2011-01-15 16:29:18,2011-01-15 16:39:21,72,104669.31,104679.35,Meal_Preparation
2011-01-15 16:41:08,2011-01-15 17:23:27,72,104681.14,104723.47,Meal_Preparation
2011-01-15 17:26:06,2011-01-15 17:29:27,72,104726.11,104729.46,Meal_Preparation
2011-01-15 18:24:51,2011-01-15 19:00:59,72,104784.86,104821.0,Meal_Preparation
2011-01-15 19:02:21,2011-01-15 19:04:16,72,104822.36,104824.27,Meal_Preparation
2011-01-15 19:10:52,2011-01-15 19:12:18,72,104830.87,104832.3,Meal_Preparation
2011-01-15 19:12:42,2011-01-15 19:16:01,72,104832.71,104836.03,Meal_Preparation
2011-01-15 19:38:16,2011-01-15 19:48:18,72,104858.27,104868.31,Relax
2011-01-15 19:48:20,2011-01-15 20:02:47,72,104868.34,104882.8,Meal_Preparation
2011-01-15 20:04:10,2011-01-15 20:12:03,72,104884.18,104892.05,Meal_Preparation
2011-01-15 20:14:29,2011-01-15 20:17:25,72,104894.49,104897.43,Meal_Preparation
2011-01-15 20:41:43,2011-01-15 20:57:25,72,104921.73,104937.43,Relax
2011-01-15 21:14:20,2011-01-15 21:24:08,72,104954.34,104964.15,Relax
2011-01-15 21:49:57,2011-01-15 22:01:25,72,104989.96,105001.42,Relax
2011-01-15 22:11:23,2011-01-15 22:14:55,72,105011.39,105014.93,Wash_Dishes
2011-01-15 22:15:06,2011-01-15 22:40:56,72,105015.1,105040.94,Relax
2011-01-15 22:41:18,2011-01-15 22:51:19,72,105041.31,105051.33,Relax
2011-01-15 22:52:05,2011-01-15 23:22:19,72,105052.09,105082.32,Relax
2011-01-15 23:26:59,2011-01-15 23:51:09,72,105086.98,105111.16,Relax
2011-01-16 00:01:59,2011-01-16 00:30:29,73,105121.99,105150.5,Sleeping
2011-01-16 00:41:22,2011-01-16 08:34:24,73,105161.38,105634.4,Sleeping
2011-01-16 08:44:00,2011-01-16 08:47:44,73,105644.0,105647.75,Meal_Preparation
2011-01-16 08:54:28,2011-01-16 08:58:06,73,105654.48,105658.11,Meal_Preparation
2011-01-16 09:02:58,2011-01-16 09:28:38,73,105662.97,105688.65,Relax
2011-01-16 09:41:21,2011-01-16 09:41:31,73,105701.36,105701.53,Leave_Home
2011-01-16 09:53:12,2011-01-16 09:53:31,73,105713.21,105713.52,Enter_Home
2011-01-16 10:13:01,2011-01-16 10:20:10,73,105733.02,105740.18,Relax
2011-01-16 10:29:28,2011-01-16 10:43:39,73,105749.48,105763.66,Meal_Preparation
2011-01-16 10:44:23,2011-01-16 10:46:16,73,105764.4,105766.27,Meal_Preparation
2011-01-16 10:46:22,2011-01-16 10:57:52,73,105766.38,105777.88,Relax
2011-01-16 11:14:02,2011-01-16 11:24:08,73,105794.05,105804.14,Meal_Preparation
2011-01-16 11:24:21,2011-01-16 11:38:44,73,105804.36,105818.73,Relax
2011-01-16 11:46:58,2011-01-16 13:10:00,73,105826.98,105910.0,Relax
2011-01-16 13:10:03,2011-01-16 13:15:12,73,105910.06,105915.21,Meal_Preparation
2011-01-16 13:15:18,2011-01-16 13:19:29,73,105915.3,105919.5,Relax
2011-01-16 14:34:59,2011-01-16 14:40:06,73,105994.99,106000.11,Meal_Preparation
2011-01-16 14:58:36,2011-01-16 15:03:43,73,106018.61,106023.72,Meal_Preparation
2011-01-16 15:20:47,2011-01-16 15:23:55,73,106040.8,106043.92,Meal_Preparation
2011-01-16 16:31:29,2011-01-16 16:37:21,73,106111.49,106117.35,Meal_Preparation
2011-01-16 19:39:25,2011-01-16 19:44:55,73,106299.42,106304.93,Meal_Preparation
2011-01-16 19:44:58,2011-01-16 19:57:03,73,106304.97,106317.05,Relax
2011-01-16 19:57:05,2011-01-16 20:01:31,73,106317.09,106321.52,Meal_Preparation
2011-01-16 20:04:59,2011-01-16 20:06:36,73,106324.99,106326.61,Meal_Preparation
2011-01-16 20:06:39,2011-01-16 20:50:49,73,106326.67,106370.83,Relax
2011-01-16 20:54:29,2011-01-16 21:17:01,73,106374.49,106397.02,Relax
2011-01-16 21:18:05,2011-01-16 21:26:09,73,106398.09,106406.16,Relax
2011-01-16 21:26:32,2011-01-16 21:56:41,73,106406.54,106436.68,Relax
2011-01-16 22:00:32,2011-01-16 23:14:38,73,106440.54,106514.64,Relax
2011-01-16 23:31:53,2011-01-17 00:17:44,73,106531.9,106577.74,Relax
2011-01-17 00:19:11,2011-01-17 04:54:30,74,106579.19,106854.51,Sleeping
2011-01-17 04:54:43,2011-01-17 04:58:52,74,106854.73,106858.88,Bed_to_Toilet
2011-01-17 04:58:58,2011-01-17 08:05:02,74,106858.98,107045.04,Sleeping
2011-01-17 08:05:54,2011-01-17 08:09:33,74,107045.9,107049.55,Meal_Preparation
2011-01-17 08:17:33,2011-01-17 08:19:27,74,107057.56,107059.45,Meal_Preparation
2011-01-17 08:19:36,2011-01-17 08:35:32,74,107059.62,107075.54,Relax
2011-01-17 08:36:31,2011-01-17 08:44:31,74,107076.52,107084.53,Relax
2011-01-17 08:49:54,2011-01-17 09:20:04,74,107089.91,107120.07,Relax
2011-01-17 09:32:08,2011-01-17 09:37:19,74,107132.14,107137.32,Relax
2011-01-17 09:46:06,2011-01-17 09:53:04,74,107146.11,107153.07,Meal_Preparation
2011-01-17 10:45:02,2011-01-17 10:47:41,74,107205.04,107207.68,Meal_Preparation
2011-01-17 11:27:11,2011-01-17 12:11:34,74,107247.19,107291.57,Eating
2011-01-17 12:39:00,2011-01-17 12:39:03,74,107319.01,107319.06,Leave_Home
2011-01-17 15:17:41,2011-01-17 15:17:46,74,107477.69,107477.77,Enter_Home
2011-01-17 15:25:34,2011-01-17 15:45:40,74,107485.57,107505.67,Meal_Preparation
2011-01-17 15:46:48,2011-01-17 15:54:05,74,107506.8,107514.1,Relax
2011-01-17 15:55:38,2011-01-17 16:22:18,74,107515.64,107542.31,Relax
2011-01-17 16:35:18,2011-01-17 16:50:27,74,107555.31,107570.46,Relax
2011-01-17 16:56:06,2011-01-17 17:06:12,74,107576.1,107586.21,Relax
2011-01-17 17:21:53,2011-01-17 18:10:17,74,107601.88,107650.29,Relax
2011-01-17 18:20:25,2011-01-17 18:29:38,74,107660.43,107669.65,Relax
2011-01-17 18:29:42,2011-01-17 18:49:50,74,107669.71,107689.84,Meal_Preparation
2011-01-17 18:49:53,2011-01-17 18:54:52,74,107689.89,107694.88,Relax
2011-01-17 18:55:12,2011-01-17 18:56:36,74,107695.22,107696.6,Meal_Preparation
2011-01-17 18:56:39,2011-01-17 19:01:17,74,107696.66,107701.3,Relax
2011-01-17 19:02:24,2011-01-17 19:26:08,74,107702.41,107726.13,Relax
2011-01-17 19:47:58,2011-01-17 19:56:47,74,107747.97,107756.79,Relax
2011-01-17 19:58:50,2011-01-17 20:42:15,74,107758.84,107802.25,Relax
2011-01-17 20:45:54,2011-01-17 21:13:33,74,107805.91,107833.56,Relax
2011-01-17 21:16:23,2011-01-17 22:34:51,74,107836.39,107914.85,Relax
2011-01-17 22:37:23,2011-01-17 23:10:05,74,107917.4,107950.09,Relax
2011-01-17 23:12:11,2011-01-17 23:18:23,74,107952.19,107958.4,Relax
2011-01-17 23:25:56,2011-01-18 00:27:11,74,107965.95,108027.18,Relax
2011-01-18 00:40:35,2011-01-18 06:05:45,75,108040.59,108365.76,Sleeping
2011-01-18 06:05:51,2011-01-18 06:08:01,75,108365.86,108368.03,Bed_to_Toilet
2011-01-18 06:08:47,2011-01-18 06:09:37,75,108368.78,108369.63,Bed_to_Toilet
2011-01-18 06:11:15,2011-01-18 08:39:37,75,108371.25,108519.63,Sleeping
2011-01-18 08:44:50,2011-01-18 08:55:36,75,108524.85,108535.61,Meal_Preparation
2011-01-18 08:57:58,2011-01-18 08:58:51,75,108537.98,108538.86,Meal_Preparation
2011-01-18 08:58:57,2011-01-18 09:04:35,75,108538.96,108544.6,Relax
2011-01-18 09:05:26,2011-01-18 09:22:17,75,108545.44,108562.29,Relax
2011-01-18 09:33:40,2011-01-18 09:44:23,75,108573.67,108584.4,Relax
2011-01-18 09:49:59,2011-01-18 09:57:52,75,108589.99,108597.88,Relax
2011-01-18 09:58:08,2011-01-18 10:06:18,75,108598.14,108606.3,Meal_Preparation
2011-01-18 10:08:44,2011-01-18 10:15:31,75,108608.74,108615.53,Eating
2011-01-18 11:08:13,2011-01-18 11:13:16,75,108668.23,108673.28,Meal_Preparation
2011-01-18 11:30:43,2011-01-18 11:30:48,75,108690.73,108690.8,Leave_Home
2011-01-18 14:32:02,2011-01-18 14:32:07,75,108872.04,108872.13,Enter_Home
2011-01-18 14:41:52,2011-01-18 14:41:57,75,108881.87,108881.95,Leave_Home
2011-01-18 15:08:21,2011-01-18 15:08:25,75,108908.36,108908.43,Enter_Home
2011-01-18 15:13:12,2011-01-18 15:46:00,75,108913.2,108946.0,Meal_Preparation
2011-01-18 15:48:06,2011-01-18 16:05:58,75,108948.11,108965.97,Relax
2011-01-18 16:38:56,2011-01-18 16:46:23,75,108998.95,109006.39,Meal_Preparation
2011-01-18 16:46:27,2011-01-18 16:52:41,75,109006.45,109012.69,Relax
2011-01-18 16:52:43,2011-01-18 16:59:41,75,109012.73,109019.7,Meal_Preparation
2011-01-18 17:01:38,2011-01-18 17:12:14,75,109021.65,109032.24,Relax
2011-01-18 17:12:17,2011-01-18 17:19:38,75,109032.29,109039.64,Meal_Preparation
2011-01-18 17:19:42,2011-01-18 17:33:11,75,109039.71,109053.2,Relax
2011-01-18 17:33:14,2011-01-18 17:42:20,75,109053.23,109062.35,Meal_Preparation
2011-01-18 17:53:34,2011-01-18 18:05:43,75,109073.58,109085.73,Meal_Preparation
2011-01-18 18:07:15,2011-01-18 18:11:02,75,109087.26,109091.04,Meal_Preparation
2011-01-18 18:12:53,2011-01-18 18:16:55,75,109092.88,109096.92,Meal_Preparation
2011-01-18 18:19:57,2011-01-18 18:41:05,75,109099.96,109121.09,Meal_Preparation
2011-01-18 18:41:17,2011-01-18 18:47:20,75,109121.29,109127.34,Eating
2011-01-18 19:36:55,2011-01-18 19:41:36,75,109176.92,109181.62,Relax
2011-01-18 19:45:08,2011-01-18 20:44:35,75,109185.14,109244.6,Relax
2011-01-18 20:50:10,2011-01-18 22:11:43,75,109250.17,109331.73,Relax
2011-01-18 22:22:18,2011-01-18 22:25:37,75,109342.31,109345.63,Relax
2011-01-18 22:28:49,2011-01-18 22:53:21,75,109348.82,109373.36,Relax
2011-01-18 22:55:50,2011-01-18 23:45:27,75,109375.84,109425.46,Relax
2011-01-19 00:03:30,2011-01-19 04:25:05,76,109443.51,109705.09,Sleeping
2011-01-19 04:25:10,2011-01-19 04:27:22,76,109705.17,109707.37,Bed_to_Toilet
2011-01-19 04:27:46,2011-01-19 08:46:08,76,109707.78,109966.14,Sleeping
2011-01-19 08:47:25,2011-01-19 08:56:20,76,109967.42,109976.33,Meal_Preparation
2011-01-19 09:03:17,2011-01-19 09:05:06,76,109983.3,109985.11,Meal_Preparation
2011-01-19 09:05:46,2011-01-19 09:23:11,76,109985.78,110003.2,Relax
2011-01-19 09:30:16,2011-01-19 09:58:23,76,110010.28,110038.39,Relax
2011-01-19 10:09:16,2011-01-19 10:12:20,76,110049.27,110052.34,Meal_Preparation
2011-01-19 10:17:16,2011-01-19 10:19:30,76,110057.28,110059.51,Meal_Preparation
2011-01-19 10:19:36,2011-01-19 10:20:48,76,110059.61,110060.81,Eating
2011-01-19 10:21:35,2011-01-19 10:27:01,76,110061.6,110067.02,Eating
2011-01-19 11:12:52,2011-01-19 11:17:40,76,110112.88,110117.68,Relax
2011-01-19 11:18:13,2011-01-19 11:22:20,76,110118.23,110122.33,Relax
2011-01-19 11:26:13,2011-01-19 11:32:20,76,110126.23,110132.34,Relax
2011-01-19 11:42:16,2011-01-19 11:42:20,76,110142.28,110142.35,Leave_Home
2011-01-19 14:35:01,2011-01-19 14:35:07,76,110315.03,110315.12,Enter_Home
2011-01-19 14:42:38,2011-01-19 14:47:45,76,110322.65,110327.76,Meal_Preparation
2011-01-19 14:52:00,2011-01-19 14:54:49,76,110332.01,110334.82,Meal_Preparation
2011-01-19 14:55:13,2011-01-19 15:10:04,76,110335.23,110350.08,Relax
2011-01-19 15:12:51,2011-01-19 15:40:25,76,110352.86,110380.43,Relax
2011-01-19 17:19:00,2011-01-19 17:47:39,76,110479.02,110507.66,Relax
2011-01-19 18:00:37,2011-01-19 18:00:41,76,110520.63,110520.7,Leave_Home
2011-01-19 19:56:23,2011-01-19 19:56:27,76,110636.4,110636.46,Enter_Home
2011-01-19 19:57:40,2011-01-19 20:05:39,76,110637.67,110645.67,Meal_Preparation
2011-01-19 20:07:50,2011-01-19 20:08:54,76,110647.84,110648.91,Meal_Preparation
2011-01-19 20:09:14,2011-01-19 20:21:37,76,110649.24,110661.62,Relax
2011-01-19 20:21:41,2011-01-19 20:24:40,76,110661.69,110664.68,Meal_Preparation
2011-01-19 20:24:54,2011-01-19 20:47:12,76,110664.91,110687.21,Relax
2011-01-19 20:48:25,2011-01-19 23:36:43,76,110688.43,110856.72,Relax
2011-01-20 01:16:18,2011-01-20 01:26:14,77,110956.3,110966.24,Relax
2011-01-20 01:30:35,2011-01-20 07:01:46,77,110970.59,111301.77,Sleeping
2011-01-20 07:05:38,2011-01-20 07:09:37,77,111305.65,111309.62,Meal_Preparation
2011-01-20 07:12:25,2011-01-20 07:15:37,77,111312.43,111315.63,Meal_Preparation
2011-01-20 07:15:57,2011-01-20 07:23:30,77,111315.96,111323.5,Relax
2011-01-20 07:24:32,2011-01-20 07:44:31,77,111324.54,111344.52,Relax
2011-01-20 08:22:46,2011-01-20 08:30:26,77,111382.78,111390.44,Relax
2011-01-20 08:34:10,2011-01-20 08:36:45,77,111394.17,111396.76,Eating
2011-01-20 08:38:40,2011-01-20 08:38:45,77,111398.67,111398.76,Leave_Home
2011-01-20 10:20:28,2011-01-20 10:20:32,77,111500.47,111500.54,Enter_Home
2011-01-20 10:29:43,2011-01-20 10:41:49,77,111509.72,111521.82,Meal_Preparation
2011-01-20 10:42:59,2011-01-20 10:48:09,77,111523.0,111528.17,Meal_Preparation
2011-01-20 10:48:42,2011-01-20 10:54:03,77,111528.71,111534.06,Eating
2011-01-20 10:54:09,2011-01-20 11:03:06,77,111534.16,111543.12,Wash_Dishes
2011-01-20 11:05:41,2011-01-20 11:08:35,77,111545.7,111548.6,Work
2011-01-20 11:29:38,2011-01-20 11:29:43,77,111569.64,111569.72,Leave_Home
2011-01-20 13:30:56,2011-01-20 13:31:00,77,111690.93,111691.01,Enter_Home
2011-01-20 13:31:49,2011-01-20 13:46:05,77,111691.83,111706.09,Meal_Preparation
2011-01-20 13:46:54,2011-01-20 13:59:44,77,111706.92,111719.75,Relax
2011-01-20 14:00:41,2011-01-20 14:16:26,77,111720.69,111736.44,Relax
2011-01-20 14:17:33,2011-01-20 14:40:42,77,111737.55,111760.71,Relax
2011-01-20 14:41:51,2011-01-20 15:09:15,77,111761.86,111789.26,Relax
2011-01-20 17:23:13,2011-01-20 17:45:27,77,111923.23,111945.46,Relax
2011-01-20 17:48:18,2011-01-20 17:53:34,77,111948.3,111953.57,Meal_Preparation
2011-01-20 17:54:58,2011-01-20 17:59:00,77,111954.97,111959.01,Meal_Preparation
2011-01-20 18:00:43,2011-01-20 18:01:41,77,111960.72,111961.7,Meal_Preparation
2011-01-20 18:01:46,2011-01-20 18:20:35,77,111961.78,111980.59,Relax
2011-01-20 18:20:38,2011-01-20 18:23:08,77,111980.63,111983.14,Meal_Preparation
2011-01-20 18:24:16,2011-01-20 18:40:15,77,111984.27,112000.26,Relax
2011-01-20 18:41:15,2011-01-20 20:14:20,77,112001.26,112094.35,Relax
2011-01-20 20:16:19,2011-01-20 20:20:49,77,112096.33,112100.83,Meal_Preparation
2011-01-20 20:20:54,2011-01-20 20:30:22,77,112100.91,112110.37,Relax
2011-01-20 20:32:58,2011-01-20 20:51:46,77,112112.97,112131.77,Relax
2011-01-20 20:52:10,2011-01-20 20:54:19,77,112132.18,112134.32,Wash_Dishes
2011-01-20 20:54:32,2011-01-20 23:53:33,77,112134.54,112313.56,Relax
2011-01-21 00:04:39,2011-01-21 06:56:55,78,112324.66,112736.93,Sleeping
2011-01-21 07:02:47,2011-01-21 07:12:13,78,112742.79,112752.23,Meal_Preparation
2011-01-21 07:14:53,2011-01-21 07:15:46,78,112754.88,112755.78,Meal_Preparation
2011-01-21 07:15:58,2011-01-21 07:25:25,78,112755.98,112765.43,Relax
2011-01-21 07:30:08,2011-01-21 07:42:17,78,112770.14,112782.29,Relax
2011-01-21 08:36:08,2011-01-21 08:39:03,78,112836.14,112839.06,Meal_Preparation
2011-01-21 09:07:17,2011-01-21 09:07:21,78,112867.29,112867.37,Leave_Home
2011-01-21 10:15:04,2011-01-21 10:15:09,78,112935.08,112935.16,Enter_Home
2011-01-21 10:26:15,2011-01-21 10:29:58,78,112946.25,112949.98,Meal_Preparation
2011-01-21 10:55:22,2011-01-21 10:55:27,78,112975.37,112975.46,Leave_Home
2011-01-21 14:14:25,2011-01-21 14:14:30,78,113174.42,113174.5,Enter_Home
2011-01-21 14:16:55,2011-01-21 14:27:18,78,113176.93,113187.31,Meal_Preparation
2011-01-21 14:28:17,2011-01-21 14:32:00,78,113188.3,113192.01,Meal_Preparation
2011-01-21 14:45:33,2011-01-21 16:04:35,78,113205.56,113284.59,Work
2011-01-21 16:13:05,2011-01-21 16:21:03,78,113293.09,113301.05,Work
2011-01-21 16:21:31,2011-01-21 16:26:41,78,113301.52,113306.69,Work
2011-01-21 16:28:23,2011-01-21 16:37:08,78,113308.38,113317.14,Work
2011-01-21 16:54:52,2011-01-21 16:58:26,78,113334.87,113338.45,Meal_Preparation
2011-01-21 17:03:56,2011-01-21 17:08:17,78,113343.94,113348.28,Meal_Preparation
2011-01-21 17:08:25,2011-01-21 17:52:31,78,113348.43,113392.52,Relax
2011-01-21 17:57:42,2011-01-21 18:15:52,78,113397.7,113415.87,Relax
2011-01-21 18:16:38,2011-01-21 19:54:55,78,113416.63,113514.93,Relax
2011-01-21 20:11:57,2011-01-21 21:02:56,78,113531.97,113582.95,Relax
2011-01-21 21:04:39,2011-01-21 21:09:05,78,113584.65,113589.09,Relax
2011-01-21 21:10:10,2011-01-21 22:19:56,78,113590.18,113659.94,Relax
2011-01-21 22:21:52,2011-01-21 22:30:10,78,113661.88,113670.17,Relax
2011-01-21 22:32:11,2011-01-21 23:33:35,78,113672.2,113733.6,Relax
2011-01-21 23:40:24,2011-01-22 00:22:46,78,113740.41,113782.77,Relax
2011-01-22 01:30:49,2011-01-22 05:56:14,79,113850.82,114116.24,Sleeping
2011-01-22 05:56:22,2011-01-22 05:59:45,79,114116.37,114119.75,Bed_to_Toilet
2011-01-22 05:59:52,2011-01-22 07:47:39,79,114119.87,114227.65,Sleeping
2011-01-22 07:48:06,2011-01-22 08:04:47,79,114228.11,114244.79,Meal_Preparation
2011-01-22 08:08:03,2011-01-22 08:16:25,79,114248.05,114256.43,Relax
2011-01-22 08:23:23,2011-01-22 08:44:47,79,114263.39,114284.79,Relax
2011-01-22 08:55:48,2011-01-22 08:59:48,79,114295.81,114299.8,Relax
2011-01-22 09:30:24,2011-01-22 09:31:10,79,114330.4,114331.17,Meal_Preparation
2011-01-22 09:33:51,2011-01-22 09:36:39,79,114333.86,114336.66,Meal_Preparation
2011-01-22 09:36:42,2011-01-22 09:40:25,79,114336.71,114340.42,Eating
2011-01-22 10:21:35,2011-01-22 10:21:39,79,114381.59,114381.65,Leave_Home
2011-01-22 13:19:05,2011-01-22 13:19:10,79,114559.09,114559.17,Enter_Home
2011-01-22 13:37:09,2011-01-22 14:22:15,79,114577.15,114622.26,Relax
2011-01-22 14:26:13,2011-01-22 14:36:12,79,114626.23,114636.21,Relax
2011-01-22 14:36:16,2011-01-22 14:39:00,79,114636.27,114639.01,Meal_Preparation
2011-01-22 14:47:56,2011-01-22 15:27:12,79,114647.93,114687.22,Relax
2011-01-22 15:30:16,2011-01-22 15:36:39,79,114690.28,114696.65,Relax
2011-01-22 16:03:53,2011-01-22 16:07:23,79,114723.89,114727.39,Meal_Preparation
2011-01-22 16:08:01,2011-01-22 16:30:52,79,114728.03,114750.88,Relax
2011-01-22 16:31:27,2011-01-22 16:35:08,79,114751.46,114755.14,Meal_Preparation
2011-01-22 16:35:13,2011-01-22 16:57:09,79,114755.22,114777.17,Relax
2011-01-22 17:05:02,2011-01-22 17:08:03,79,114785.04,114788.05,Meal_Preparation
2011-01-22 17:08:24,2011-01-22 17:20:01,79,114788.4,114800.03,Relax
2011-01-22 17:21:09,2011-01-22 17:23:34,79,114801.16,114803.58,Meal_Preparation
2011-01-22 17:23:36,2011-01-22 18:04:09,79,114803.61,114844.15,Relax
2011-01-22 18:04:24,2011-01-22 18:27:23,79,114844.41,114867.38,Relax
2011-01-22 18:43:13,2011-01-22 18:52:16,79,114883.22,114892.28,Relax
2011-01-22 19:20:19,2011-01-22 20:09:35,79,114920.33,114969.58,Relax
2011-01-22 20:11:25,2011-01-22 21:03:14,79,114971.42,115023.24,Relax
2011-01-22 21:08:09,2011-01-22 21:11:22,79,115028.16,115031.38,Relax
2011-01-22 21:12:04,2011-01-22 21:25:37,79,115032.07,115045.63,Relax
2011-01-22 21:29:19,2011-01-22 21:37:14,79,115049.32,115057.25,Relax
2011-01-22 21:39:23,2011-01-22 22:02:08,79,115059.38,115082.15,Relax
2011-01-22 22:05:23,2011-01-23 05:04:17,79,115085.39,115504.29,Sleeping
2011-01-23 05:09:11,2011-01-23 05:37:14,80,115509.2,115537.25,Meal_Preparation
2011-01-23 05:37:32,2011-01-23 05:54:06,80,115537.54,115554.12,Relax
2011-01-23 05:54:09,2011-01-23 05:55:41,80,115554.16,115555.69,Meal_Preparation
2011-01-23 05:55:49,2011-01-23 06:32:13,80,115555.82,115592.23,Relax
2011-01-23 06:37:03,2011-01-23 07:15:18,80,115597.06,115635.3,Housekeeping
2011-01-23 08:13:36,2011-01-23 08:15:25,80,115693.6,115695.43,Relax
2011-01-23 08:39:23,2011-01-23 08:39:30,80,115719.4,115719.5,Leave_Home
2011-01-23 12:20:57,2011-01-23 12:21:01,80,115940.96,115941.02,Enter_Home
2011-01-23 12:31:48,2011-01-23 12:50:06,80,115951.81,115970.11,Relax
2011-01-23 12:50:09,2011-01-23 13:01:51,80,115970.15,115981.86,Meal_Preparation
2011-01-23 13:02:00,2011-01-23 13:25:08,80,115982.01,116005.14,Relax
2011-01-23 13:25:33,2011-01-23 14:05:53,80,116005.55,116045.89,Relax
2011-01-23 14:06:55,2011-01-23 17:01:43,80,116046.92,116221.73,Relax
2011-01-23 17:15:03,2011-01-23 20:11:03,80,116235.06,116411.06,Relax
2011-01-23 20:12:52,2011-01-23 20:24:49,80,116412.87,116424.83,Meal_Preparation
2011-01-23 20:25:13,2011-01-23 20:33:33,80,116425.23,116433.56,Relax
2011-01-23 20:43:45,2011-01-23 20:46:25,80,116443.76,116446.43,Wash_Dishes
2011-01-23 20:46:30,2011-01-23 21:51:43,80,116446.51,116511.72,Relax
2011-01-23 21:58:09,2011-01-23 23:00:21,80,116518.16,116580.36,Relax
2011-01-23 23:04:16,2011-01-23 23:44:17,80,116584.27,116624.3,Work
2011-01-23 23:56:38,2011-01-24 07:55:11,80,116636.64,117115.18,Sleeping
2011-01-24 08:06:25,2011-01-24 08:15:20,81,117126.43,117135.35,Meal_Preparation
2011-01-24 08:16:47,2011-01-24 08:19:32,81,117136.79,117139.55,Meal_Preparation
2011-01-24 08:19:44,2011-01-24 08:29:44,81,117139.73,117149.74,Relax
2011-01-24 08:29:46,2011-01-24 08:31:41,81,117149.77,117151.7,Meal_Preparation
2011-01-24 08:31:55,2011-01-24 08:51:54,81,117151.93,117171.9,Relax
2011-01-24 08:56:37,2011-01-24 09:29:06,81,117176.62,117209.11,Relax
2011-01-24 09:29:34,2011-01-24 09:50:32,81,117209.57,117230.53,Relax
2011-01-24 09:52:41,2011-01-24 10:14:59,81,117232.68,117254.99,Relax
2011-01-24 10:15:25,2011-01-24 10:18:45,81,117255.42,117258.75,Wash_Dishes
2011-01-24 10:22:52,2011-01-24 10:24:27,81,117262.87,117264.46,Meal_Preparation
2011-01-24 10:24:36,2011-01-24 10:28:29,81,117264.62,117268.5,Eating
2011-01-24 11:43:54,2011-01-24 11:43:58,81,117343.91,117343.98,Leave_Home
2011-01-24 13:48:45,2011-01-24 13:48:50,81,117468.75,117468.84,Enter_Home
2011-01-24 13:53:10,2011-01-24 13:54:19,81,117473.17,117474.33,Meal_Preparation
2011-01-24 13:54:49,2011-01-24 13:56:57,81,117474.82,117476.96,Meal_Preparation
2011-01-24 13:56:58,2011-01-24 14:02:44,81,117476.98,117482.74,Relax
2011-01-24 14:06:49,2011-01-24 14:15:55,81,117486.83,117495.93,Relax
2011-01-24 14:49:09,2011-01-24 15:18:03,81,117529.17,117558.07,Work
2011-01-24 15:18:12,2011-01-24 15:18:16,81,117558.2,117558.28,Leave_Home
2011-01-24 15:22:08,2011-01-24 15:22:13,81,117562.15,117562.22,Enter_Home
2011-01-24 15:26:52,2011-01-24 16:15:55,81,117566.88,117615.93,Relax
2011-01-24 16:25:56,2011-01-24 16:27:15,81,117625.95,117627.26,Meal_Preparation
2011-01-24 16:27:18,2011-01-24 16:41:10,81,117627.3,117641.17,Relax
2011-01-24 16:41:15,2011-01-24 16:41:35,81,117641.26,117641.59,Meal_Preparation
2011-01-24 16:41:42,2011-01-24 16:48:39,81,117641.71,117648.66,Eating
2011-01-24 16:48:40,2011-01-24 16:51:15,81,117648.67,117651.26,Wash_Dishes
2011-01-24 16:53:11,2011-01-24 17:53:50,81,117653.19,117713.84,Relax
2011-01-24 17:53:54,2011-01-24 18:02:40,81,117713.91,117722.68,Meal_Preparation
2011-01-24 18:03:15,2011-01-24 18:15:22,81,117723.26,117735.38,Relax
2011-01-24 18:16:26,2011-01-24 18:17:29,81,117736.44,117737.49,Wash_Dishes
2011-01-24 18:33:38,2011-01-24 18:40:16,81,117753.65,117760.27,Meal_Preparation
2011-01-24 18:40:22,2011-01-24 20:15:20,81,117760.37,117855.34,Relax
2011-01-24 20:19:45,2011-01-24 21:40:34,81,117859.75,117940.58,Relax
2011-01-24 21:42:31,2011-01-24 21:50:27,81,117942.53,117950.47,Relax
2011-01-24 21:52:53,2011-01-24 22:28:45,81,117952.88,117988.76,Relax
2011-01-24 22:36:40,2011-01-24 22:40:29,81,117996.68,118000.48,Relax
2011-01-24 22:42:58,2011-01-25 02:16:17,81,118002.97,118216.3,Relax
2011-01-25 02:31:17,2011-01-25 07:50:54,82,118231.29,118550.9,Sleeping
2011-01-25 08:02:53,2011-01-25 08:10:23,82,118562.89,118570.39,Meal_Preparation
2011-01-25 08:14:18,2011-01-25 08:16:10,82,118574.3,118576.17,Meal_Preparation
2011-01-25 08:16:47,2011-01-25 08:53:22,82,118576.8,118613.37,Relax
2011-01-25 08:57:23,2011-01-25 09:09:44,82,118617.4,118629.75,Meal_Preparation
2011-01-25 10:05:22,2011-01-25 10:06:41,82,118685.38,118686.69,Meal_Preparation
2011-01-25 10:14:28,2011-01-25 11:06:40,82,118694.47,118746.68,Meal_Preparation
2011-01-25 11:07:31,2011-01-25 11:20:34,82,118747.53,118760.57,Meal_Preparation
2011-01-25 11:29:54,2011-01-25 12:18:17,82,118769.9,118818.29,Relax
2011-01-25 12:19:03,2011-01-25 12:42:25,82,118819.07,118842.42,Meal_Preparation
2011-01-25 12:42:40,2011-01-25 13:31:37,82,118842.68,118891.62,Relax
2011-01-25 13:35:17,2011-01-25 14:03:20,82,118895.29,118923.34,Relax
2011-01-25 14:03:30,2011-01-25 14:18:44,82,118923.5,118938.75,Meal_Preparation
2011-01-25 14:18:49,2011-01-25 14:21:41,82,118938.83,118941.68,Eating
2011-01-25 14:33:22,2011-01-25 14:46:59,82,118953.37,118966.98,Relax
2011-01-25 15:09:37,2011-01-25 15:55:32,82,118989.63,119035.55,Relax
2011-01-25 16:08:28,2011-01-25 16:16:29,82,119048.48,119056.49,Relax
2011-01-25 16:31:10,2011-01-25 16:52:21,82,119071.17,119092.35,Relax
2011-01-25 16:52:24,2011-01-25 16:57:20,82,119092.41,119097.34,Meal_Preparation
2011-01-25 17:00:37,2011-01-25 17:15:49,82,119100.63,119115.83,Meal_Preparation
2011-01-25 17:16:20,2011-01-25 17:28:04,82,119116.35,119128.08,Relax
2011-01-25 17:28:07,2011-01-25 18:00:16,82,119128.13,119160.27,Meal_Preparation
2011-01-25 18:00:42,2011-01-25 18:12:06,82,119160.71,119172.1,Meal_Preparation
2011-01-25 18:12:12,2011-01-25 18:32:09,82,119172.21,119192.16,Eating
2011-01-25 18:35:02,2011-01-25 18:39:35,82,119195.05,119199.6,Eating
2011-01-25 18:46:40,2011-01-25 19:06:32,82,119206.67,119226.54,Relax
2011-01-25 19:06:34,2011-01-25 19:10:16,82,119226.57,119230.27,Meal_Preparation
2011-01-25 19:17:36,2011-01-25 19:25:47,82,119237.61,119245.78,Meal_Preparation
2011-01-25 19:30:13,2011-01-25 19:43:32,82,119250.22,119263.54,Meal_Preparation
2011-01-25 19:43:36,2011-01-25 19:45:25,82,119263.61,119265.42,Eating
2011-01-25 19:47:17,2011-01-25 21:20:26,82,119267.29,119360.44,Relax
2011-01-25 21:47:17,2011-01-25 22:12:59,82,119387.28,119412.99,Relax
2011-01-25 22:13:48,2011-01-26 01:02:29,82,119413.82,119582.49,Relax
2011-01-26 01:09:10,2011-01-26 01:37:59,83,119589.17,119617.99,Relax
2011-01-26 08:32:41,2011-01-26 08:37:32,83,120032.69,120037.54,Meal_Preparation
2011-01-26 08:38:19,2011-01-26 08:43:09,83,120038.33,120043.15,Eating
2011-01-26 08:44:52,2011-01-26 09:00:58,83,120044.88,120060.97,Relax
2011-01-26 09:01:51,2011-01-26 09:32:30,83,120061.85,120092.51,Relax
2011-01-26 10:03:59,2011-01-26 10:08:06,83,120123.98,120128.1,Meal_Preparation
2011-01-26 10:14:17,2011-01-26 10:21:16,83,120134.3,120141.27,Meal_Preparation
2011-01-26 10:22:48,2011-01-26 10:28:08,83,120142.81,120148.14,Eating
2011-01-26 10:28:45,2011-01-26 10:38:32,83,120148.76,120158.54,Relax
2011-01-26 11:22:18,2011-01-26 11:38:15,83,120202.31,120218.26,Meal_Preparation
2011-01-26 11:40:36,2011-01-26 11:40:40,83,120220.61,120220.68,Leave_Home
2011-01-26 15:02:37,2011-01-26 15:02:42,83,120422.63,120422.71,Enter_Home
2011-01-26 15:22:41,2011-01-26 15:30:12,83,120442.69,120450.2,Relax
2011-01-26 15:31:24,2011-01-26 16:34:41,83,120451.41,120514.7,Relax
2011-01-26 17:08:04,2011-01-26 17:32:24,83,120548.08,120572.41,Work
2011-01-26 17:36:30,2011-01-26 18:48:52,83,120576.5,120648.87,Work
2011-01-26 18:49:54,2011-01-26 18:55:14,83,120649.91,120655.24,Meal_Preparation
2011-01-26 18:58:47,2011-01-26 19:00:30,83,120658.8,120660.51,Meal_Preparation
2011-01-26 19:01:37,2011-01-26 19:02:54,83,120661.62,120662.9,Meal_Preparation
2011-01-26 19:03:01,2011-01-26 19:25:18,83,120663.02,120685.3,Relax
2011-01-26 19:25:38,2011-01-26 19:42:35,83,120685.64,120702.6,Relax
2011-01-26 19:46:54,2011-01-26 20:22:05,83,120706.91,120742.09,Relax
2011-01-26 20:22:46,2011-01-26 20:44:10,83,120742.77,120764.17,Relax
2011-01-26 20:46:19,2011-01-26 20:50:45,83,120766.32,120770.76,Relax
2011-01-26 20:53:59,2011-01-26 21:12:30,83,120773.99,120792.5,Relax
2011-01-26 21:15:37,2011-01-26 21:18:59,83,120795.63,120799.0,Relax
2011-01-26 21:20:10,2011-01-26 21:40:02,83,120800.18,120820.05,Relax
2011-01-26 21:40:41,2011-01-27 00:53:12,83,120820.7,121013.21,Relax
2011-01-27 01:10:48,2011-01-27 06:12:55,84,121030.81,121332.93,Sleeping
2011-01-27 06:15:10,2011-01-27 06:21:20,84,121335.18,121341.35,Meal_Preparation
2011-01-27 06:28:15,2011-01-27 06:30:33,84,121348.26,121350.57,Meal_Preparation
2011-01-27 06:30:41,2011-01-27 06:49:49,84,121350.7,121369.83,Relax
2011-01-27 06:50:36,2011-01-27 06:58:16,84,121370.61,121378.27,Relax
2011-01-27 07:07:20,2011-01-27 07:26:27,84,121387.33,121406.46,Relax
2011-01-27 08:51:36,2011-01-27 08:51:40,84,121491.6,121491.67,Leave_Home
2011-01-27 11:21:01,2011-01-27 11:21:09,84,121641.03,121641.15,Enter_Home
2011-01-27 11:23:41,2011-01-27 11:32:28,84,121643.69,121652.47,Meal_Preparation
2011-01-27 11:42:51,2011-01-27 11:42:56,84,121662.86,121662.94,Leave_Home
2011-01-27 14:09:28,2011-01-27 14:09:34,84,121809.48,121809.57,Enter_Home
2011-01-27 14:11:27,2011-01-27 14:15:30,84,121811.45,121815.51,Meal_Preparation
2011-01-27 14:16:49,2011-01-27 14:20:32,84,121816.82,121820.55,Relax
2011-01-27 14:22:19,2011-01-27 14:41:04,84,121822.32,121841.08,Relax
2011-01-27 14:41:22,2011-01-27 16:24:54,84,121841.38,121944.91,Relax
2011-01-27 16:52:03,2011-01-27 16:52:07,84,121972.05,121972.13,Leave_Home
2011-01-27 17:48:23,2011-01-27 17:48:36,84,122028.4,122028.62,Enter_Home
2011-01-27 17:55:36,2011-01-27 18:51:32,84,122035.62,122091.54,Relax
2011-01-27 18:53:27,2011-01-27 19:11:21,84,122093.46,122111.36,Meal_Preparation
2011-01-27 19:11:33,2011-01-27 19:17:20,84,122111.55,122117.35,Relax
2011-01-27 19:18:21,2011-01-27 19:32:16,84,122118.36,122132.28,Relax
2011-01-27 19:34:40,2011-01-27 19:43:39,84,122134.68,122143.66,Relax
2011-01-27 19:44:14,2011-01-27 20:10:01,84,122144.24,122170.02,Relax
2011-01-27 20:18:06,2011-01-27 22:18:26,84,122178.1,122298.45,Relax
2011-01-27 22:39:14,2011-01-28 07:20:22,84,122319.24,122840.37,Sleeping
2011-01-28 07:27:47,2011-01-28 07:42:54,85,122847.8,122862.9,Meal_Preparation
2011-01-28 07:44:07,2011-01-28 07:50:18,85,122864.13,122870.3,Meal_Preparation
2011-01-28 07:51:18,2011-01-28 08:00:00,85,122871.31,122880.0,Relax
2011-01-28 08:00:50,2011-01-28 08:27:59,85,122880.84,122907.99,Relax
2011-01-28 09:09:36,2011-01-28 09:15:10,85,122949.6,122955.17,Meal_Preparation
2011-01-28 09:36:13,2011-01-28 09:36:17,85,122976.22,122976.3,Leave_Home
2011-01-28 10:52:43,2011-01-28 10:52:47,85,123052.73,123052.8,Enter_Home
2011-01-28 11:07:41,2011-01-28 11:10:17,85,123067.69,123070.29,Meal_Preparation
2011-01-28 11:11:10,2011-01-28 11:21:41,85,123071.18,123081.69,Meal_Preparation
2011-01-28 11:38:30,2011-01-28 11:38:34,85,123098.51,123098.58,Leave_Home
2011-01-28 13:29:50,2011-01-28 13:29:53,85,123209.83,123209.9,Enter_Home
2011-01-28 13:44:49,2011-01-28 13:51:56,85,123224.83,123231.95,Relax
2011-01-28 13:52:31,2011-01-28 14:13:00,85,123232.53,123253.01,Relax
2011-01-28 14:24:51,2011-01-28 14:24:52,85,123264.85,123264.87,Leave_Home
2011-01-28 15:17:11,2011-01-28 15:17:17,85,123317.18,123317.28,Enter_Home
2011-01-28 15:20:11,2011-01-28 15:20:16,85,123320.19,123320.27,Leave_Home
2011-01-28 15:23:19,2011-01-28 15:23:23,85,123323.33,123323.4,Enter_Home
2011-01-28 15:39:43,2011-01-28 16:27:04,85,123339.73,123387.08,Meal_Preparation
2011-01-28 16:35:15,2011-01-28 16:53:39,85,123395.25,123413.66,Relax
2011-01-28 17:13:04,2011-01-28 17:37:25,85,123433.08,123457.43,Meal_Preparation
2011-01-28 17:43:47,2011-01-28 17:46:32,85,123463.79,123466.55,Meal_Preparation
2011-01-28 17:47:52,2011-01-28 17:55:20,85,123467.87,123475.34,Meal_Preparation
2011-01-28 18:04:29,2011-01-28 18:10:22,85,123484.49,123490.38,Relax
2011-01-28 18:15:07,2011-01-28 18:18:23,85,123495.12,123498.4,Meal_Preparation
2011-01-28 18:20:19,2011-01-28 18:41:23,85,123500.33,123521.39,Meal_Preparation
2011-01-28 18:41:26,2011-01-28 19:09:12,85,123521.44,123549.21,Eating
2011-01-28 19:10:40,2011-01-28 19:25:20,85,123550.68,123565.34,Eating
2011-01-28 19:25:20,2011-01-28 20:02:00,85,123565.35,123602.0,Wash_Dishes
2011-01-28 20:06:56,2011-01-28 21:17:30,85,123606.94,123677.5,Relax
2011-01-28 21:35:02,2011-01-28 22:03:21,85,123695.04,123723.35,Relax
2011-01-28 22:31:36,2011-01-29 00:34:45,85,123751.6,123874.76,Relax
2011-01-29 00:40:56,2011-01-29 05:09:03,86,123880.95,124149.06,Sleeping
2011-01-29 05:09:11,2011-01-29 05:12:00,86,124149.18,124152.01,Bed_to_Toilet
2011-01-29 05:12:28,2011-01-29 08:28:32,86,124152.47,124348.55,Sleeping
2011-01-29 08:36:51,2011-01-29 08:40:14,86,124356.85,124360.24,Meal_Preparation
2011-01-29 08:45:26,2011-01-29 08:49:52,86,124365.45,124369.88,Meal_Preparation
2011-01-29 08:51:38,2011-01-29 09:16:48,86,124371.64,124396.81,Relax
2011-01-29 09:22:26,2011-01-29 09:46:19,86,124402.44,124426.33,Relax
2011-01-29 10:11:38,2011-01-29 10:52:32,86,124451.63,124492.55,Relax
2011-01-29 10:53:22,2011-01-29 11:09:08,86,124493.37,124509.14,Relax
2011-01-29 11:10:39,2011-01-29 11:15:16,86,124510.66,124515.27,Meal_Preparation
2011-01-29 11:16:40,2011-01-29 11:27:31,86,124516.67,124527.52,Meal_Preparation
2011-01-29 11:32:56,2011-01-29 11:38:54,86,124532.94,124538.91,Meal_Preparation
2011-01-29 12:20:49,2011-01-29 12:25:44,86,124580.83,124585.75,Relax
2011-01-29 12:25:46,2011-01-29 12:28:24,86,124585.78,124588.41,Meal_Preparation
2011-01-29 12:28:44,2011-01-29 12:29:21,86,124588.75,124589.35,Meal_Preparation
2011-01-29 12:29:38,2011-01-29 12:52:54,86,124589.64,124612.91,Relax
2011-01-29 13:13:39,2011-01-29 13:20:51,86,124633.66,124640.86,Relax
2011-01-29 13:31:06,2011-01-29 13:31:11,86,124651.11,124651.19,Leave_Home
2011-01-29 15:45:57,2011-01-29 15:46:03,86,124785.96,124786.06,Enter_Home
2011-01-29 15:48:40,2011-01-29 15:51:22,86,124788.67,124791.38,Meal_Preparation
2011-01-29 15:52:10,2011-01-29 16:10:04,86,124792.18,124810.08,Relax
2011-01-29 16:23:34,2011-01-29 16:27:04,86,124823.58,124827.08,Meal_Preparation
2011-01-29 16:34:13,2011-01-29 16:37:35,86,124834.22,124837.59,Meal_Preparation
2011-01-29 16:37:40,2011-01-29 16:52:36,86,124837.67,124852.61,Relax
2011-01-29 17:25:09,2011-01-29 18:08:26,86,124885.16,124928.43,Work
2011-01-29 18:22:22,2011-01-29 18:22:27,86,124942.38,124942.46,Leave_Home
2011-01-29 22:02:24,2011-01-29 22:02:36,86,125162.41,125162.61,Enter_Home
2011-01-29 22:04:31,2011-01-29 22:07:03,86,125164.52,125167.05,Meal_Preparation
2011-01-29 22:09:21,2011-01-29 22:10:02,86,125169.35,125170.05,Meal_Preparation
2011-01-29 22:10:08,2011-01-29 22:33:36,86,125170.14,125193.6,Relax
2011-01-29 22:33:39,2011-01-29 22:34:23,86,125193.65,125194.4,Meal_Preparation
2011-01-29 22:34:40,2011-01-29 22:44:25,86,125194.68,125204.43,Relax
2011-01-29 23:19:03,2011-01-29 23:51:58,86,125239.07,125271.97,Relax
2011-01-30 00:01:29,2011-01-30 06:02:05,87,125281.48,125642.1,Sleeping
2011-01-30 06:07:21,2011-01-30 06:24:45,87,125647.36,125664.76,Meal_Preparation
2011-01-30 06:26:46,2011-01-30 06:39:41,87,125666.77,125679.69,Relax
2011-01-30 06:40:48,2011-01-30 07:02:26,87,125680.81,125702.44,Relax
2011-01-30 08:18:25,2011-01-30 08:21:01,87,125778.43,125781.03,Meal_Preparation
2011-01-30 08:22:45,2011-01-30 08:22:49,87,125782.76,125782.83,Leave_Home
2011-01-30 11:49:58,2011-01-30 11:50:03,87,125989.98,125990.05,Enter_Home
2011-01-30 12:06:25,2011-01-30 12:49:16,87,126006.43,126049.28,Relax
2011-01-30 12:49:59,2011-01-30 13:56:14,87,126050.0,126116.24,Relax
2011-01-30 13:59:49,2011-01-30 15:23:21,87,126119.83,126203.36,Relax
2011-01-30 15:23:40,2011-01-30 15:27:24,87,126203.67,126207.42,Meal_Preparation
2011-01-30 15:27:57,2011-01-30 15:41:33,87,126207.95,126221.56,Relax
2011-01-30 15:48:14,2011-01-30 16:39:42,87,126228.24,126279.71,Relax
2011-01-30 16:53:08,2011-01-30 17:07:23,87,126293.14,126307.39,Relax
2011-01-30 17:07:43,2011-01-30 17:34:53,87,126307.73,126334.89,Relax
2011-01-30 17:34:53,2011-01-30 17:40:51,87,126334.9,126340.85,Meal_Preparation
2011-01-30 17:41:05,2011-01-30 18:11:40,87,126341.09,126371.68,Relax
2011-01-30 18:17:19,2011-01-30 19:01:31,87,126377.32,126421.53,Relax
2011-01-30 19:01:35,2011-01-30 19:06:58,87,126421.6,126426.98,Meal_Preparation
2011-01-30 19:07:04,2011-01-30 19:22:47,87,126427.08,126442.79,Relax
2011-01-30 19:22:53,2011-01-30 19:24:12,87,126442.89,126444.2,Meal_Preparation
2011-01-30 19:24:19,2011-01-30 20:04:00,87,126444.33,126484.02,Relax
2011-01-30 20:11:21,2011-01-30 20:15:19,87,126491.36,126495.32,Meal_Preparation
2011-01-30 20:16:05,2011-01-30 20:26:30,87,126496.09,126506.51,Relax
2011-01-30 20:27:09,2011-01-30 21:49:53,87,126507.16,126589.89,Relax
2011-01-30 21:53:45,2011-01-30 22:49:18,87,126593.75,126649.31,Relax
2011-01-30 23:03:51,2011-01-31 03:42:07,87,126663.85,126942.12,Sleeping
2011-01-31 03:42:13,2011-01-31 03:45:07,88,126942.22,126945.13,Bed_to_Toilet
2011-01-31 03:45:23,2011-01-31 07:46:34,88,126945.4,127186.58,Sleeping
2011-01-31 07:48:38,2011-01-31 07:54:00,88,127188.65,127194.01,Meal_Preparation
2011-01-31 08:01:15,2011-01-31 08:04:21,88,127201.27,127204.35,Meal_Preparation
2011-01-31 08:04:24,2011-01-31 08:11:23,88,127204.41,127211.4,Relax
2011-01-31 08:11:26,2011-01-31 08:12:18,88,127211.44,127212.31,Meal_Preparation
2011-01-31 08:12:22,2011-01-31 09:12:58,88,127212.38,127272.97,Relax
2011-01-31 09:18:53,2011-01-31 09:26:52,88,127278.89,127286.87,Meal_Preparation
2011-01-31 09:37:37,2011-01-31 09:41:39,88,127297.62,127301.65,Meal_Preparation
2011-01-31 09:43:33,2011-01-31 09:46:04,88,127303.56,127306.08,Meal_Preparation
2011-01-31 10:52:48,2011-01-31 10:56:13,88,127372.8,127376.22,Meal_Preparation
2011-01-31 10:58:31,2011-01-31 10:59:26,88,127378.53,127379.44,Meal_Preparation
2011-01-31 11:11:36,2011-01-31 11:15:09,88,127391.61,127395.16,Meal_Preparation
2011-01-31 11:20:59,2011-01-31 11:27:21,88,127400.99,127407.36,Eating
2011-01-31 11:22:38,2011-01-31 11:23:26,88,127402.64,127403.44,Meal_Preparation
2011-01-31 11:25:47,2011-01-31 11:26:13,88,127405.79,127406.22,Meal_Preparation
2011-01-31 11:31:48,2011-01-31 11:31:53,88,127411.81,127411.89,Leave_Home
2011-01-31 14:15:38,2011-01-31 14:15:43,88,127575.63,127575.72,Enter_Home
2011-01-31 14:16:08,2011-01-31 14:20:06,88,127576.14,127580.12,Meal_Preparation
2011-01-31 14:23:23,2011-01-31 14:25:44,88,127583.39,127585.75,Meal_Preparation
2011-01-31 14:26:04,2011-01-31 14:35:03,88,127586.08,127595.06,Relax
2011-01-31 14:35:48,2011-01-31 14:41:34,88,127595.81,127601.58,Relax
2011-01-31 14:41:54,2011-01-31 14:53:55,88,127601.91,127613.92,Relax
2011-01-31 14:54:06,2011-01-31 15:21:01,88,127614.11,127641.03,Relax
2011-01-31 16:00:23,2011-01-31 16:13:58,88,127680.39,127693.97,Meal_Preparation
2011-01-31 18:58:41,2011-01-31 19:20:08,88,127858.7,127880.15,Meal_Preparation
2011-01-31 19:21:50,2011-01-31 19:24:26,88,127881.85,127884.44,Meal_Preparation
2011-01-31 19:24:34,2011-01-31 20:10:05,88,127884.58,127930.09,Relax
2011-01-31 20:11:18,2011-01-31 20:13:56,88,127931.31,127933.94,Relax
2011-01-31 20:14:05,2011-01-31 20:18:32,88,127934.09,127938.55,Wash_Dishes
2011-01-31 20:18:36,2011-01-31 22:25:41,88,127938.61,128065.69,Relax
2011-01-31 22:32:30,2011-01-31 23:18:34,88,128072.5,128118.57,Relax
2011-01-31 23:19:45,2011-02-01 00:08:47,88,128119.76,128168.8,Relax
2011-02-01 00:13:21,2011-02-01 00:32:35,89,128173.35,128192.59,Eating
2011-02-01 00:46:56,2011-02-01 05:31:17,89,128206.94,128491.3,Sleeping
2011-02-01 05:31:29,2011-02-01 05:34:16,89,128491.48,128494.27,Bed_to_Toilet
2011-02-01 05:34:24,2011-02-01 06:05:03,89,128494.41,128525.06,Sleeping
2011-02-01 06:08:39,2011-02-01 06:23:32,89,128528.65,128543.55,Meal_Preparation
2011-02-01 06:27:43,2011-02-01 06:36:27,89,128547.73,128556.45,Relax
2011-02-01 06:36:31,2011-02-01 06:39:48,89,128556.53,128559.81,Meal_Preparation
2011-02-01 06:39:54,2011-02-01 06:49:32,89,128559.9,128569.54,Relax
2011-02-01 08:47:52,2011-02-01 08:47:56,89,128687.87,128687.94,Leave_Home
2011-02-01 10:41:39,2011-02-01 10:41:44,89,128801.67,128801.74,Enter_Home
2011-02-01 11:03:48,2011-02-01 11:05:33,89,128823.82,128825.56,Work
2011-02-01 11:11:38,2011-02-01 11:14:43,89,128831.64,128834.72,Work
2011-02-01 11:31:07,2011-02-01 11:31:12,89,128851.12,128851.2,Leave_Home
2011-02-01 13:30:06,2011-02-01 13:30:11,89,128970.11,128970.18,Enter_Home
2011-02-01 13:31:06,2011-02-01 13:33:54,89,128971.11,128973.91,Meal_Preparation
2011-02-01 13:35:54,2011-02-01 13:42:08,89,128975.9,128982.14,Meal_Preparation
2011-02-01 13:44:39,2011-02-01 13:46:20,89,128984.66,128986.34,Meal_Preparation
2011-02-01 13:46:54,2011-02-01 13:49:44,89,128986.91,128989.74,Meal_Preparation
2011-02-01 13:49:45,2011-02-01 14:49:21,89,128989.76,129049.36,Relax
2011-02-01 14:53:49,2011-02-01 14:53:53,89,129053.82,129053.89,Leave_Home
2011-02-01 15:21:06,2011-02-01 15:21:48,89,129081.1,129081.81,Enter_Home
2011-02-01 15:52:07,2011-02-01 15:56:40,89,129112.12,129116.67,Meal_Preparation
2011-02-01 16:01:52,2011-02-01 16:02:43,89,129121.87,129122.73,Meal_Preparation
2011-02-01 17:04:14,2011-02-01 17:11:18,89,129184.24,129191.3,Relax
2011-02-01 17:29:03,2011-02-01 17:31:05,89,129209.06,129211.09,Meal_Preparation
2011-02-01 17:31:15,2011-02-01 17:43:03,89,129211.25,129223.06,Relax
2011-02-01 17:48:24,2011-02-01 17:50:07,89,129228.41,129230.12,Leave_Home
2011-02-01 19:28:34,2011-02-01 19:28:39,89,129328.58,129328.66,Enter_Home
2011-02-01 19:41:35,2011-02-01 20:02:45,89,129341.59,129362.75,Relax
2011-02-01 20:03:31,2011-02-01 21:49:22,89,129363.53,129469.37,Relax
2011-02-01 21:55:47,2011-02-02 03:27:32,89,129475.8,129807.55,Sleeping
2011-02-02 03:28:23,2011-02-02 03:32:42,90,129808.39,129812.71,Bed_to_Toilet
2011-02-02 03:32:51,2011-02-02 07:31:22,90,129812.86,130051.37,Sleeping
2011-02-02 07:43:53,2011-02-02 07:50:52,90,130063.9,130070.88,Meal_Preparation
2011-02-02 07:50:55,2011-02-02 07:54:39,90,130070.92,130074.67,Eating
2011-02-02 07:57:36,2011-02-02 08:00:28,90,130077.61,130080.47,Meal_Preparation
2011-02-02 08:00:38,2011-02-02 08:15:17,90,130080.65,130095.29,Relax
2011-02-02 08:16:40,2011-02-02 08:24:16,90,130096.68,130104.28,Relax
2011-02-02 09:16:59,2011-02-02 09:26:52,90,130156.99,130166.87,Relax
2011-02-02 09:41:15,2011-02-02 09:45:26,90,130181.25,130185.45,Meal_Preparation
2011-02-02 10:01:48,2011-02-02 10:02:49,90,130201.8,130202.82,Work
2011-02-02 10:02:59,2011-02-02 10:05:36,90,130202.99,130205.61,Work
2011-02-02 10:37:12,2011-02-02 10:37:16,90,130237.2,130237.28,Leave_Home
2011-02-02 14:31:49,2011-02-02 14:31:52,90,130471.82,130471.88,Enter_Home
2011-02-02 14:50:02,2011-02-02 15:12:32,90,130490.05,130512.53,Relax
2011-02-02 15:16:40,2011-02-02 15:58:49,90,130516.68,130558.83,Eating
2011-02-02 16:14:08,2011-02-02 16:23:20,90,130574.15,130583.35,Relax
2011-02-02 16:31:01,2011-02-02 16:32:46,90,130591.02,130592.77,Work
2011-02-02 16:45:17,2011-02-02 17:32:42,90,130605.29,130652.71,Relax
2011-02-02 17:33:13,2011-02-02 17:33:43,90,130653.22,130653.73,Meal_Preparation
2011-02-02 17:33:46,2011-02-02 18:02:50,90,130653.78,130682.84,Relax
2011-02-02 18:02:55,2011-02-02 18:04:48,90,130682.93,130684.8,Meal_Preparation
2011-02-02 18:04:59,2011-02-02 18:10:42,90,130685.0,130690.7,Eating
2011-02-02 18:12:17,2011-02-02 18:31:14,90,130692.29,130711.25,Relax
2011-02-02 18:33:40,2011-02-02 19:42:22,90,130713.67,130782.37,Relax
2011-02-02 19:42:31,2011-02-02 19:45:41,90,130782.53,130785.69,Wash_Dishes
2011-02-02 19:47:02,2011-02-02 20:30:28,90,130787.04,130830.48,Relax
2011-02-02 20:32:43,2011-02-02 20:51:28,90,130832.72,130851.48,Relax
2011-02-02 20:51:50,2011-02-02 20:53:45,90,130851.83,130853.76,Wash_Dishes
2011-02-02 20:54:16,2011-02-02 21:03:42,90,130854.27,130863.71,Relax
2011-02-02 21:09:39,2011-02-02 21:47:18,90,130869.66,130907.3,Relax
2011-02-02 21:51:54,2011-02-02 23:54:52,90,130911.91,131034.88,Relax
2011-02-03 00:20:31,2011-02-03 06:37:25,91,131060.53,131437.42,Sleeping
2011-02-03 06:45:53,2011-02-03 07:06:13,91,131445.89,131466.23,Meal_Preparation
2011-02-03 07:06:55,2011-02-03 07:27:16,91,131466.93,131487.27,Relax
2011-02-03 08:46:15,2011-02-03 08:46:20,91,131566.26,131566.34,Leave_Home
2011-02-03 12:33:39,2011-02-03 12:33:43,91,131793.66,131793.73,Enter_Home
2011-02-03 12:44:35,2011-02-03 12:47:28,91,131804.6,131807.48,Work
2011-02-03 12:52:25,2011-02-03 12:52:29,91,131812.42,131812.49,Leave_Home
2011-02-03 15:05:29,2011-02-03 15:05:34,91,131945.49,131945.57,Enter_Home
2011-02-03 15:12:58,2011-02-03 15:29:30,91,131952.98,131969.51,Meal_Preparation
2011-02-03 15:30:41,2011-02-03 15:33:45,91,131970.7,131973.75,Meal_Preparation
2011-02-03 15:35:36,2011-02-03 15:40:45,91,131975.62,131980.75,Meal_Preparation
2011-02-03 16:01:43,2011-02-03 16:08:14,91,132001.72,132008.24,Relax
2011-02-03 16:11:27,2011-02-03 16:37:55,91,132011.46,132037.93,Relax
2011-02-03 16:53:28,2011-02-03 16:55:37,91,132053.48,132055.63,Meal_Preparation
2011-02-03 16:55:55,2011-02-03 17:01:55,91,132055.92,132061.93,Eating
2011-02-03 17:07:59,2011-02-03 17:12:06,91,132067.99,132072.11,Relax
2011-02-03 17:17:22,2011-02-03 17:39:24,91,132077.38,132099.41,Relax
2011-02-03 17:39:40,2011-02-03 17:44:44,91,132099.68,132104.74,Relax
2011-02-03 17:57:36,2011-02-03 18:05:44,91,132117.61,132125.74,Work
2011-02-03 18:09:54,2011-02-03 18:33:30,91,132129.9,132153.51,Meal_Preparation
2011-02-03 18:34:23,2011-02-03 19:42:25,91,132154.4,132222.43,Relax
2011-02-03 19:42:47,2011-02-03 19:45:56,91,132222.79,132225.94,Wash_Dishes
2011-02-03 19:50:29,2011-02-03 21:47:05,91,132230.49,132347.09,Relax
2011-02-03 22:09:42,2011-02-03 22:27:59,91,132369.71,132388.0,Work
2011-02-03 22:29:23,2011-02-03 23:33:26,91,132389.39,132453.45,Relax
2011-02-03 23:34:38,2011-02-04 00:29:49,91,132454.64,132509.82,Relax
2011-02-04 00:33:13,2011-02-04 04:09:07,92,132513.23,132729.13,Sleeping
2011-02-04 04:09:11,2011-02-04 04:12:32,92,132729.2,132732.54,Bed_to_Toilet
2011-02-04 04:14:21,2011-02-04 06:50:52,92,132734.36,132890.87,Sleeping
2011-02-04 06:54:27,2011-02-04 07:02:42,92,132894.46,132902.71,Meal_Preparation
2011-02-04 07:40:38,2011-02-04 07:41:46,92,132940.64,132941.77,Meal_Preparation
2011-02-04 07:43:13,2011-02-04 07:50:56,92,132943.23,132950.94,Relax
2011-02-04 08:47:20,2011-02-04 09:00:31,92,133007.34,133020.52,Relax
2011-02-04 09:22:34,2011-02-04 09:31:16,92,133042.57,133051.28,Meal_Preparation
2011-02-04 09:42:46,2011-02-04 09:42:51,92,133062.78,133062.86,Leave_Home
2011-02-04 12:02:52,2011-02-04 12:02:55,92,133202.87,133202.93,Enter_Home
2011-02-04 12:13:09,2011-02-04 12:24:09,92,133213.15,133224.17,Relax
2011-02-04 12:24:17,2011-02-04 12:28:10,92,133224.29,133228.17,Meal_Preparation
2011-02-04 12:29:20,2011-02-04 12:31:34,92,133229.34,133231.57,Meal_Preparation
2011-02-04 12:32:07,2011-02-04 12:40:05,92,133232.12,133240.09,Eating
2011-02-04 12:51:04,2011-02-04 12:56:33,92,133251.08,133256.55,Wash_Dishes
2011-02-04 12:57:35,2011-02-04 13:59:36,92,133257.6,133319.62,Relax
2011-02-04 14:11:19,2011-02-04 14:11:23,92,133331.32,133331.4,Leave_Home
2011-02-04 15:40:22,2011-02-04 15:40:25,92,133420.37,133420.43,Enter_Home
2011-02-04 16:19:29,2011-02-04 16:30:15,92,133459.49,133470.25,Meal_Preparation
2011-02-04 16:31:16,2011-02-04 16:46:32,92,133471.27,133486.54,Relax
2011-02-04 16:46:40,2011-02-04 16:50:15,92,133486.67,133490.26,Housekeeping
2011-02-04 16:51:46,2011-02-04 17:09:57,92,133491.77,133509.96,Relax
2011-02-04 17:47:34,2011-02-04 17:47:40,92,133547.57,133547.68,Leave_Home
2011-02-04 17:54:12,2011-02-04 17:54:16,92,133554.21,133554.28,Enter_Home
2011-02-04 18:01:02,2011-02-04 18:01:08,92,133561.04,133561.15,Leave_Home
2011-02-04 19:32:47,2011-02-04 19:32:54,92,133652.79,133652.91,Enter_Home
2011-02-04 19:37:55,2011-02-04 19:42:49,92,133657.92,133662.83,Meal_Preparation
2011-02-04 19:45:05,2011-02-04 19:56:18,92,133665.09,133676.31,Relax
2011-02-04 19:57:39,2011-02-04 20:40:53,92,133677.65,133720.88,Relax
2011-02-04 20:44:18,2011-02-04 21:10:35,92,133724.31,133750.6,Relax
2011-02-04 21:11:58,2011-02-04 22:16:07,92,133751.97,133816.12,Relax
2011-02-04 22:32:13,2011-02-05 06:01:59,92,133832.22,134281.99,Sleeping
2011-02-05 06:10:29,2011-02-05 06:27:31,93,134290.48,134307.52,Meal_Preparation
2011-02-05 06:28:04,2011-02-05 06:56:01,93,134308.07,134336.03,Relax
2011-02-05 07:33:57,2011-02-05 07:42:24,93,134373.96,134382.4,Relax
2011-02-05 08:03:18,2011-02-05 08:16:36,93,134403.31,134416.61,Meal_Preparation
2011-02-05 09:10:10,2011-02-05 09:10:14,93,134470.18,134470.25,Leave_Home
2011-02-05 13:19:15,2011-02-05 13:19:20,93,134719.26,134719.35,Enter_Home
2011-02-05 14:05:13,2011-02-05 14:21:07,93,134765.22,134781.13,Relax
2011-02-05 14:31:31,2011-02-05 15:12:19,93,134791.53,134832.33,Relax
2011-02-05 15:16:13,2011-02-05 16:54:20,93,134836.23,134934.35,Relax
2011-02-05 17:13:35,2011-02-05 17:39:12,93,134953.59,134979.2,Meal_Preparation
2011-02-05 17:41:44,2011-02-05 17:47:12,93,134981.74,134987.21,Relax
2011-02-05 17:52:56,2011-02-05 18:20:51,93,134992.94,135020.85,Relax
2011-02-05 18:21:53,2011-02-05 18:26:02,93,135021.9,135026.04,Meal_Preparation
2011-02-05 18:26:55,2011-02-05 18:27:39,93,135026.92,135027.66,Meal_Preparation
2011-02-05 18:27:47,2011-02-05 18:42:21,93,135027.79,135042.36,Relax
2011-02-05 18:44:18,2011-02-05 19:07:20,93,135044.32,135067.34,Relax
2011-02-05 19:07:49,2011-02-05 19:53:06,93,135067.82,135113.1,Relax
2011-02-05 19:53:26,2011-02-05 20:22:53,93,135113.44,135142.89,Relax
2011-02-05 20:24:14,2011-02-05 20:44:45,93,135144.25,135164.76,Relax
2011-02-05 20:49:20,2011-02-05 22:07:16,93,135169.34,135247.27,Relax
2011-02-05 22:15:29,2011-02-05 23:21:25,93,135255.49,135321.42,Relax
2011-02-05 23:23:39,2011-02-06 01:59:24,93,135323.66,135479.41,Relax
2011-02-06 02:07:04,2011-02-06 06:02:01,94,135487.07,135722.02,Sleeping
2011-02-06 06:08:43,2011-02-06 06:16:16,94,135728.73,135736.28,Meal_Preparation
2011-02-06 06:18:37,2011-02-06 06:25:58,94,135738.63,135745.98,Meal_Preparation
2011-02-06 06:26:54,2011-02-06 07:01:51,94,135746.91,135781.85,Relax
2011-02-06 07:02:10,2011-02-06 07:06:34,94,135782.17,135786.58,Meal_Preparation
2011-02-06 08:18:23,2011-02-06 08:18:26,94,135858.38,135858.44,Leave_Home
2011-02-06 10:59:00,2011-02-06 10:59:03,94,136019.01,136019.07,Enter_Home
2011-02-06 11:02:45,2011-02-06 11:11:01,94,136022.76,136031.03,Relax
2011-02-06 11:20:00,2011-02-06 11:27:59,94,136040.0,136048.0,Relax
2011-02-06 11:43:49,2011-02-06 12:06:55,94,136063.83,136086.93,Relax
2011-02-06 12:07:12,2011-02-06 12:19:26,94,136087.2,136099.44,Relax
2011-02-06 12:19:40,2011-02-06 12:30:57,94,136099.68,136110.95,Relax
2011-02-06 12:31:19,2011-02-06 13:17:13,94,136111.32,136157.22,Relax
2011-02-06 13:17:49,2011-02-06 13:37:15,94,136157.83,136177.26,Relax
2011-02-06 13:39:12,2011-02-06 16:47:41,94,136179.2,136367.69,Relax
2011-02-06 16:53:36,2011-02-06 17:01:52,94,136373.61,136381.88,Meal_Preparation
2011-02-06 17:02:58,2011-02-06 17:17:48,94,136382.97,136397.8,Relax
2011-02-06 17:30:55,2011-02-06 17:38:49,94,136410.93,136418.83,Relax
2011-02-06 17:39:21,2011-02-06 17:46:34,94,136419.35,136426.58,Relax
2011-02-06 17:48:48,2011-02-06 19:58:20,94,136428.8,136558.34,Relax
2011-02-06 19:58:57,2011-02-06 20:02:36,94,136558.97,136562.61,Meal_Preparation
2011-02-06 20:08:44,2011-02-06 20:11:27,94,136568.74,136571.46,Relax
2011-02-06 20:15:24,2011-02-06 20:32:29,94,136575.4,136592.5,Relax
2011-02-06 20:33:15,2011-02-06 21:17:02,94,136593.26,136637.04,Relax
2011-02-06 21:17:44,2011-02-06 23:16:50,94,136637.75,136756.84,Relax
2011-02-06 23:42:38,2011-02-07 05:35:47,94,136782.64,137135.78,Sleeping
2011-02-07 05:35:53,2011-02-07 05:38:12,95,137135.89,137138.21,Bed_to_Toilet
2011-02-07 05:38:14,2011-02-07 07:41:06,95,137138.24,137261.11,Sleeping
2011-02-07 07:43:24,2011-02-07 07:58:53,95,137263.4,137278.88,Meal_Preparation
2011-02-07 07:59:10,2011-02-07 08:23:26,95,137279.17,137303.44,Relax
2011-02-07 08:45:42,2011-02-07 08:54:57,95,137325.71,137334.96,Relax
2011-02-07 09:43:34,2011-02-07 09:47:46,95,137383.57,137387.78,Meal_Preparation
2011-02-07 09:49:45,2011-02-07 09:53:28,95,137389.76,137393.48,Eating
2011-02-07 09:56:36,2011-02-07 09:59:27,95,137396.61,137399.45,Eating
2011-02-07 10:02:09,2011-02-07 10:04:05,95,137402.16,137404.09,Work
2011-02-07 11:46:44,2011-02-07 11:46:48,95,137506.74,137506.81,Leave_Home
2011-02-07 14:05:56,2011-02-07 14:06:02,95,137645.94,137646.04,Enter_Home
2011-02-07 14:06:05,2011-02-07 14:11:23,95,137646.09,137651.4,Eating
2011-02-07 14:12:11,2011-02-07 14:31:58,95,137652.19,137671.97,Relax
2011-02-07 14:34:04,2011-02-07 14:38:37,95,137674.07,137678.62,Meal_Preparation
2011-02-07 15:06:16,2011-02-07 15:18:19,95,137706.27,137718.33,Meal_Preparation
2011-02-07 15:19:18,2011-02-07 16:35:41,95,137719.31,137795.68,Relax
2011-02-07 17:09:55,2011-02-07 17:27:09,95,137829.92,137847.16,Relax
2011-02-07 17:47:11,2011-02-07 17:49:12,95,137867.2,137869.21,Work
2011-02-07 17:56:05,2011-02-07 18:19:10,95,137876.1,137899.18,Relax
2011-02-07 18:23:07,2011-02-07 18:32:14,95,137903.13,137912.24,Meal_Preparation
2011-02-07 18:32:22,2011-02-07 18:37:36,95,137912.37,137917.6,Relax
2011-02-07 18:37:38,2011-02-07 18:54:10,95,137917.64,137934.17,Meal_Preparation
2011-02-07 18:54:34,2011-02-07 19:08:08,95,137934.57,137948.15,Relax
2011-02-07 19:09:05,2011-02-07 19:30:29,95,137949.09,137970.5,Relax
2011-02-07 19:31:15,2011-02-07 19:41:37,95,137971.25,137981.62,Relax
2011-02-07 19:41:40,2011-02-07 19:44:08,95,137981.67,137984.13,Meal_Preparation
2011-02-07 19:44:10,2011-02-07 19:52:40,95,137984.18,137992.68,Relax
2011-02-07 19:53:55,2011-02-07 19:57:51,95,137993.93,137997.85,Relax
2011-02-07 19:58:53,2011-02-07 20:29:30,95,137998.89,138029.51,Relax
2011-02-07 20:34:39,2011-02-07 20:41:14,95,138034.66,138041.24,Relax
2011-02-07 20:43:39,2011-02-07 23:15:47,95,138043.66,138195.79,Relax
2011-02-07 23:26:52,2011-02-08 00:56:37,95,138206.88,138296.62,Relax
2011-02-08 00:59:42,2011-02-08 05:46:43,96,138299.7,138586.73,Sleeping
2011-02-08 05:46:50,2011-02-08 05:53:06,96,138586.85,138593.11,Bed_to_Toilet
2011-02-08 05:53:38,2011-02-08 06:55:27,96,138593.64,138655.47,Sleeping
2011-02-08 06:57:55,2011-02-08 07:08:04,96,138657.93,138668.08,Meal_Preparation
2011-02-08 07:09:40,2011-02-08 07:15:02,96,138669.68,138675.04,Meal_Preparation
2011-02-08 07:15:16,2011-02-08 07:27:41,96,138675.27,138687.69,Relax
2011-02-08 07:29:13,2011-02-08 07:45:31,96,138689.22,138705.52,Relax
2011-02-08 07:50:19,2011-02-08 08:01:48,96,138710.33,138721.8,Relax
2011-02-08 08:09:40,2011-02-08 08:48:55,96,138729.67,138768.92,Relax
2011-02-08 08:53:26,2011-02-08 09:20:16,96,138773.45,138800.28,Relax
2011-02-08 09:42:07,2011-02-08 09:45:48,96,138822.13,138825.81,Meal_Preparation
2011-02-08 09:57:14,2011-02-08 10:07:05,96,138837.24,138847.08,Meal_Preparation
2011-02-08 10:07:11,2011-02-08 10:42:02,96,138847.2,138882.05,Relax
2011-02-08 10:53:47,2011-02-08 11:12:56,96,138893.79,138912.95,Work
2011-02-08 11:40:46,2011-02-08 11:55:24,96,138940.77,138955.41,Meal_Preparation
2011-02-08 12:14:55,2011-02-08 12:15:10,96,138974.92,138975.18,Leave_Home
2011-02-08 13:01:12,2011-02-08 13:01:16,96,139021.2,139021.27,Enter_Home
2011-02-08 13:09:30,2011-02-08 13:33:04,96,139029.51,139053.08,Meal_Preparation
2011-02-08 13:33:11,2011-02-08 14:35:50,96,139053.18,139115.84,Relax
2011-02-08 15:11:12,2011-02-08 15:22:18,96,139151.2,139162.31,Meal_Preparation
2011-02-08 15:31:01,2011-02-08 16:21:35,96,139171.03,139221.59,Relax
2011-02-08 16:22:21,2011-02-08 16:41:18,96,139222.35,139241.31,Relax
2011-02-08 16:50:39,2011-02-08 17:15:45,96,139250.66,139275.76,Relax
2011-02-08 17:47:48,2011-02-08 17:56:06,96,139307.81,139316.12,Relax
2011-02-08 18:03:18,2011-02-08 18:46:53,96,139323.31,139366.89,Relax
2011-02-08 18:47:17,2011-02-08 18:59:13,96,139367.3,139379.22,Meal_Preparation
2011-02-08 18:59:18,2011-02-08 19:29:10,96,139379.31,139409.17,Relax
2011-02-08 19:31:02,2011-02-08 19:55:55,96,139411.03,139435.92,Relax
2011-02-08 19:56:30,2011-02-08 20:07:51,96,139436.51,139447.85,Relax
2011-02-08 20:15:40,2011-02-08 21:09:10,96,139455.68,139509.18,Relax
2011-02-08 21:12:02,2011-02-08 21:52:09,96,139512.05,139552.15,Relax
2011-02-08 21:52:53,2011-02-08 22:39:47,96,139552.89,139599.79,Relax
2011-02-08 22:42:37,2011-02-08 23:54:26,96,139602.63,139674.45,Relax
2011-02-09 00:09:39,2011-02-09 04:28:19,97,139689.66,139948.33,Sleeping
2011-02-09 04:28:23,2011-02-09 04:30:09,97,139948.39,139950.16,Bed_to_Toilet
2011-02-09 04:30:37,2011-02-09 07:10:03,97,139950.63,140110.06,Sleeping
2011-02-09 07:14:50,2011-02-09 07:24:40,97,140114.84,140124.68,Meal_Preparation
2011-02-09 07:29:02,2011-02-09 07:30:43,97,140129.05,140130.72,Meal_Preparation
2011-02-09 07:30:52,2011-02-09 07:43:45,97,140130.88,140143.76,Relax
2011-02-09 07:54:25,2011-02-09 08:20:09,97,140154.42,140180.15,Relax
2011-02-09 08:41:42,2011-02-09 09:06:27,97,140201.72,140226.46,Relax
2011-02-09 09:12:06,2011-02-09 09:16:35,97,140232.11,140236.6,Meal_Preparation
2011-02-09 09:19:31,2011-02-09 09:23:39,97,140239.52,140243.66,Meal_Preparation
2011-02-09 09:24:27,2011-02-09 09:29:12,97,140244.46,140249.21,Eating
2011-02-09 09:30:08,2011-02-09 09:51:58,97,140250.14,140271.97,Relax
2011-02-09 09:53:59,2011-02-09 10:34:56,97,140273.99,140314.94,Relax
2011-02-09 11:14:13,2011-02-09 11:19:02,97,140354.23,140359.05,Wash_Dishes
2011-02-09 11:40:44,2011-02-09 11:40:50,97,140380.75,140380.84,Leave_Home
2011-02-09 14:40:51,2011-02-09 14:40:56,97,140560.85,140560.93,Enter_Home
2011-02-09 14:49:54,2011-02-09 14:49:56,97,140569.91,140569.94,Leave_Home
2011-02-09 15:26:19,2011-02-09 15:26:24,97,140606.33,140606.4,Enter_Home
2011-02-09 15:45:44,2011-02-09 15:49:48,97,140625.75,140629.81,Work
2011-02-09 16:08:54,2011-02-09 16:13:21,97,140648.91,140653.35,Meal_Preparation
2011-02-09 16:43:05,2011-02-09 16:45:50,97,140683.08,140685.84,Meal_Preparation
2011-02-09 16:47:44,2011-02-09 16:54:24,97,140687.75,140694.41,Meal_Preparation
2011-02-09 16:58:12,2011-02-09 17:09:32,97,140698.2,140709.55,Meal_Preparation
2011-02-09 17:20:34,2011-02-09 17:32:25,97,140720.57,140732.42,Relax
2011-02-09 17:41:00,2011-02-09 17:53:38,97,140741.01,140753.64,Meal_Preparation
2011-02-09 18:02:35,2011-02-09 18:09:15,97,140762.58,140769.26,Meal_Preparation
2011-02-09 18:09:22,2011-02-09 18:16:32,97,140769.37,140776.54,Relax
2011-02-09 18:24:06,2011-02-09 18:30:58,97,140784.11,140790.98,Relax
2011-02-09 18:31:35,2011-02-09 18:35:16,97,140791.6,140795.27,Work
2011-02-09 18:40:08,2011-02-09 18:43:53,97,140800.15,140803.89,Meal_Preparation
2011-02-09 18:43:58,2011-02-09 19:04:29,97,140803.98,140824.49,Relax
2011-02-09 19:20:14,2011-02-09 19:27:49,97,140840.24,140847.83,Relax
2011-02-09 19:28:28,2011-02-09 20:04:51,97,140848.48,140884.85,Relax
2011-02-09 20:31:17,2011-02-09 20:35:37,97,140911.28,140915.62,Relax
2011-02-09 21:00:04,2011-02-09 21:31:20,97,140940.07,140971.34,Relax
2011-02-09 21:37:02,2011-02-09 23:06:47,97,140977.04,141066.8,Relax
2011-02-09 23:27:08,2011-02-09 23:47:17,97,141087.13,141107.29,Relax
2011-02-09 23:48:55,2011-02-10 06:01:56,97,141108.93,141481.93,Sleeping
2011-02-10 06:15:49,2011-02-10 06:22:27,98,141495.82,141502.46,Meal_Preparation
2011-02-10 06:24:23,2011-02-10 06:28:37,98,141504.39,141508.62,Meal_Preparation
2011-02-10 06:33:38,2011-02-10 06:39:05,98,141513.64,141519.09,Relax
2011-02-10 06:39:08,2011-02-10 06:41:40,98,141519.13,141521.68,Meal_Preparation
2011-02-10 06:44:24,2011-02-10 06:49:21,98,141524.41,141529.35,Relax
2011-02-10 07:12:32,2011-02-10 07:22:59,98,141552.53,141562.99,Meal_Preparation
2011-02-10 07:26:28,2011-02-10 07:29:34,98,141566.48,141569.58,Meal_Preparation
2011-02-10 08:31:34,2011-02-10 08:41:58,98,141631.58,141641.98,Meal_Preparation
2011-02-10 08:50:40,2011-02-10 09:00:56,98,141650.68,141660.95,Meal_Preparation
2011-02-10 09:03:31,2011-02-10 09:44:21,98,141663.52,141704.36,Relax
2011-02-10 09:55:21,2011-02-10 10:03:44,98,141715.35,141723.75,Meal_Preparation
2011-02-10 10:10:15,2011-02-10 10:16:42,98,141730.25,141736.71,Meal_Preparation
2011-02-10 10:33:05,2011-02-10 10:45:57,98,141753.1,141765.96,Relax
2011-02-10 10:56:28,2011-02-10 11:04:15,98,141776.48,141784.26,Relax
2011-02-10 11:27:44,2011-02-10 11:27:54,98,141807.74,141807.9,Leave_Home
2011-02-10 11:47:33,2011-02-10 11:47:40,98,141827.56,141827.67,Enter_Home
2011-02-10 11:53:36,2011-02-10 11:55:54,98,141833.61,141835.92,Meal_Preparation
2011-02-10 11:55:56,2011-02-10 12:04:36,98,141835.94,141844.62,Relax
2011-02-10 11:56:02,2011-02-10 12:08:48,98,141836.04,141848.81,Eating
2011-02-10 12:08:57,2011-02-10 12:15:24,98,141848.97,141855.41,Relax
2011-02-10 12:20:27,2011-02-10 12:33:33,98,141860.47,141873.56,Relax
2011-02-10 12:37:21,2011-02-10 13:02:22,98,141877.36,141902.37,Relax
2011-02-10 13:10:49,2011-02-10 13:17:31,98,141910.82,141917.53,Meal_Preparation
2011-02-10 13:17:32,2011-02-10 13:27:05,98,141917.55,141927.1,Relax
2011-02-10 13:28:00,2011-02-10 13:42:08,98,141928.01,141942.15,Relax
2011-02-10 13:58:46,2011-02-10 14:20:53,98,141958.78,141980.89,Relax
2011-02-10 14:21:57,2011-02-10 14:29:03,98,141981.96,141989.05,Relax
2011-02-10 15:42:03,2011-02-10 15:52:11,98,142062.05,142072.2,Relax
2011-02-10 15:56:56,2011-02-10 16:29:46,98,142076.95,142109.78,Relax
2011-02-10 16:30:36,2011-02-10 16:39:42,98,142110.62,142119.7,Relax
2011-02-10 16:41:13,2011-02-10 16:50:42,98,142121.22,142130.71,Relax
2011-02-10 17:04:50,2011-02-10 17:45:03,98,142144.84,142185.06,Relax
2011-02-10 17:47:16,2011-02-10 17:47:39,98,142187.28,142187.65,Leave_Home
2011-02-10 18:02:41,2011-02-10 18:02:56,98,142202.7,142202.94,Enter_Home
2011-02-10 18:06:59,2011-02-10 18:14:53,98,142207.0,142214.9,Meal_Preparation
2011-02-10 18:36:14,2011-02-10 19:16:57,98,142236.25,142276.96,Relax
2011-02-10 19:17:20,2011-02-10 19:24:52,98,142277.34,142284.87,Meal_Preparation
2011-02-10 19:24:57,2011-02-10 20:29:01,98,142284.96,142349.03,Relax
2011-02-10 20:38:28,2011-02-10 20:49:55,98,142358.48,142369.92,Relax
2011-02-10 20:51:43,2011-02-10 20:54:15,98,142371.72,142374.26,Relax
2011-02-10 20:55:16,2011-02-10 21:04:43,98,142375.28,142384.73,Relax
2011-02-10 21:35:27,2011-02-10 22:01:04,98,142415.47,142441.07,Relax
2011-02-10 22:03:22,2011-02-10 22:19:54,98,142443.37,142459.91,Relax
2011-02-10 22:22:47,2011-02-10 23:06:56,98,142462.78,142506.94,Relax
2011-02-10 23:17:55,2011-02-11 00:21:45,98,142517.92,142581.76,Relax
2011-02-11 00:28:28,2011-02-11 05:46:16,99,142588.47,142906.27,Sleeping
2011-02-11 05:55:37,2011-02-11 05:58:53,99,142915.63,142918.9,Meal_Preparation
2011-02-11 06:01:38,2011-02-11 06:09:28,99,142921.64,142929.48,Meal_Preparation
2011-02-11 06:09:54,2011-02-11 06:24:12,99,142929.9,142944.21,Relax
2011-02-11 06:29:31,2011-02-11 06:38:56,99,142949.53,142958.94,Relax
2011-02-11 07:30:23,2011-02-11 07:41:51,99,143010.39,143021.85,Eating
2011-02-11 07:51:16,2011-02-11 07:58:42,99,143031.28,143038.71,Meal_Preparation
2011-02-11 08:00:04,2011-02-11 08:05:25,99,143040.07,143045.43,Relax
2011-02-11 08:07:33,2011-02-11 08:07:47,99,143047.55,143047.79,Leave_Home
2011-02-11 08:24:11,2011-02-11 08:24:15,99,143064.19,143064.25,Enter_Home
2011-02-11 08:30:59,2011-02-11 08:39:09,99,143071.0,143079.16,Relax
2011-02-11 09:12:28,2011-02-11 09:12:33,99,143112.48,143112.56,Leave_Home
2011-02-11 09:49:15,2011-02-11 09:49:19,99,143149.25,143149.32,Enter_Home
2011-02-11 09:49:45,2011-02-11 09:59:51,99,143149.75,143159.86,Meal_Preparation
2011-02-11 10:00:34,2011-02-11 10:02:15,99,143160.58,143162.26,Meal_Preparation
2011-02-11 10:02:27,2011-02-11 10:56:27,99,143162.46,143216.45,Relax
2011-02-11 11:42:22,2011-02-11 11:42:26,99,143262.37,143262.45,Leave_Home
2011-02-11 14:01:39,2011-02-11 14:01:42,99,143401.65,143401.71,Enter_Home
2011-02-11 14:24:49,2011-02-11 14:33:46,99,143424.83,143433.78,Relax
2011-02-11 14:34:29,2011-02-11 15:43:13,99,143434.49,143503.22,Relax
2011-02-11 15:48:08,2011-02-11 15:52:44,99,143508.15,143512.74,Relax
2011-02-11 16:13:53,2011-02-11 16:23:39,99,143533.89,143543.66,Relax
2011-02-11 16:29:33,2011-02-11 16:29:37,99,143549.56,143549.62,Leave_Home
2011-02-11 17:05:18,2011-02-11 17:05:22,99,143585.3,143585.37,Enter_Home
2011-02-11 17:07:05,2011-02-11 17:07:08,99,143587.09,143587.15,Leave_Home
2011-02-11 18:40:35,2011-02-11 18:40:38,99,143680.59,143680.65,Enter_Home
2011-02-11 18:43:43,2011-02-11 19:03:34,99,143683.73,143703.57,Relax
2011-02-11 19:10:41,2011-02-11 19:16:33,99,143710.7,143716.55,Meal_Preparation
2011-02-11 19:16:35,2011-02-11 19:40:14,99,143716.6,143740.25,Relax
2011-02-11 19:41:09,2011-02-11 20:17:05,99,143741.15,143777.09,Relax
2011-02-11 20:23:44,2011-02-11 22:27:18,99,143783.74,143907.31,Relax
2011-02-11 22:33:41,2011-02-11 23:13:46,99,143913.68,143953.77,Relax
2011-02-11 23:29:23,2011-02-12 00:02:23,99,143969.4,144002.39,Relax
2011-02-12 00:07:14,2011-02-12 04:33:26,100,144007.24,144273.45,Sleeping
2011-02-12 04:33:33,2011-02-12 04:37:23,100,144273.57,144277.39,Bed_to_Toilet
2011-02-12 04:37:30,2011-02-12 08:37:24,100,144277.5,144517.41,Sleeping
2011-02-12 08:50:34,2011-02-12 09:08:27,100,144530.58,144548.46,Meal_Preparation
2011-02-12 09:08:41,2011-02-12 09:23:28,100,144548.7,144563.48,Relax
2011-02-12 09:24:00,2011-02-12 09:26:37,100,144564.01,144566.62,Meal_Preparation
2011-02-12 09:29:02,2011-02-12 09:32:01,100,144569.05,144572.02,Meal_Preparation
2011-02-12 09:32:03,2011-02-12 09:41:28,100,144572.06,144581.47,Relax
2011-02-12 10:58:05,2011-02-12 10:58:10,100,144658.1,144658.18,Leave_Home
2011-02-12 13:50:26,2011-02-12 13:50:32,100,144830.45,144830.54,Enter_Home
2011-02-12 14:07:44,2011-02-12 14:26:36,100,144847.74,144866.61,Meal_Preparation
2011-02-12 15:06:35,2011-02-12 15:27:11,100,144906.6,144927.19,Relax
2011-02-12 15:32:48,2011-02-12 16:02:59,100,144932.8,144963.0,Relax
2011-02-12 16:17:05,2011-02-12 16:23:17,100,144977.09,144983.29,Relax
2011-02-12 16:23:40,2011-02-12 16:28:26,100,144983.67,144988.45,Relax
2011-02-12 16:29:17,2011-02-12 16:50:54,100,144989.28,145010.9,Relax
2011-02-12 16:52:05,2011-02-12 17:43:37,100,145012.09,145063.63,Relax
2011-02-12 17:54:18,2011-02-12 18:45:44,100,145074.31,145125.74,Relax
2011-02-12 18:45:51,2011-02-12 18:55:44,100,145125.86,145135.74,Meal_Preparation
2011-02-12 18:55:47,2011-02-12 19:05:28,100,145135.8,145145.47,Relax
2011-02-12 19:05:48,2011-02-12 20:41:58,100,145145.81,145241.97,Relax
2011-02-12 20:55:54,2011-02-13 07:42:18,100,145255.91,145902.31,Sleeping
2011-02-13 07:43:42,2011-02-13 07:54:24,101,145903.71,145914.4,Sleeping
2011-02-13 08:11:58,2011-02-13 08:31:03,101,145931.97,145951.06,Meal_Preparation
2011-02-13 08:32:12,2011-02-13 08:36:18,101,145952.2,145956.3,Meal_Preparation
2011-02-13 08:36:26,2011-02-13 09:05:53,101,145956.44,145985.89,Relax
2011-02-13 09:19:58,2011-02-13 10:43:19,101,145999.98,146083.33,Relax
2011-02-13 10:54:41,2011-02-13 11:04:23,101,146094.69,146104.39,Relax
2011-02-13 11:25:57,2011-02-13 11:40:09,101,146125.96,146140.16,Work
2011-02-13 11:45:49,2011-02-13 12:03:08,101,146145.83,146163.14,Relax
2011-02-13 12:03:44,2011-02-13 12:08:13,101,146163.74,146168.23,Relax
2011-02-13 12:16:35,2011-02-13 12:28:12,101,146176.59,146188.2,Relax
2011-02-13 12:32:05,2011-02-13 13:19:21,101,146192.09,146239.36,Relax
2011-02-13 13:19:35,2011-02-13 13:25:51,101,146239.59,146245.86,Meal_Preparation
2011-02-13 13:28:21,2011-02-13 13:31:32,101,146248.36,146251.53,Meal_Preparation
2011-02-13 13:31:36,2011-02-13 13:43:03,101,146251.61,146263.06,Relax
2011-02-13 13:44:46,2011-02-13 13:58:19,101,146264.78,146278.32,Relax
2011-02-13 14:09:58,2011-02-13 14:42:09,101,146289.97,146322.15,Relax
2011-02-13 14:46:24,2011-02-13 14:59:55,101,146326.4,146339.92,Relax
2011-02-13 17:03:42,2011-02-13 17:24:09,101,146463.71,146484.16,Meal_Preparation
2011-02-13 17:38:00,2011-02-13 18:02:38,101,146498.01,146522.65,Relax
2011-02-13 18:03:14,2011-02-13 19:35:21,101,146523.25,146615.36,Relax
2011-02-13 19:35:24,2011-02-13 19:39:03,101,146615.42,146619.06,Meal_Preparation
2011-02-13 19:39:15,2011-02-13 20:27:57,101,146619.26,146667.96,Relax
2011-02-13 20:29:16,2011-02-13 20:38:41,101,146669.28,146678.7,Relax
2011-02-13 20:42:34,2011-02-13 23:18:15,101,146682.57,146838.25,Relax
2011-02-13 23:37:48,2011-02-14 00:14:07,101,146857.82,146894.12,Relax
2011-02-14 00:16:35,2011-02-14 04:47:46,102,146896.59,147167.78,Sleeping
2011-02-14 04:47:57,2011-02-14 04:50:16,102,147167.95,147170.27,Bed_to_Toilet
2011-02-14 04:50:32,2011-02-14 07:34:07,102,147170.54,147334.13,Sleeping
2011-02-14 07:42:29,2011-02-14 08:00:55,102,147342.49,147360.93,Meal_Preparation
2011-02-14 08:01:11,2011-02-14 08:12:45,102,147361.18,147372.76,Relax
2011-02-14 08:16:40,2011-02-14 08:26:51,102,147376.68,147386.86,Relax
2011-02-14 08:28:46,2011-02-14 08:46:56,102,147388.77,147406.95,Relax
2011-02-14 08:49:58,2011-02-14 08:53:45,102,147409.98,147413.76,Relax
2011-02-14 09:02:01,2011-02-14 09:21:22,102,147422.03,147441.38,Meal_Preparation
2011-02-14 09:23:35,2011-02-14 10:00:37,102,147443.59,147480.63,Eating
2011-02-14 11:44:23,2011-02-14 11:44:28,102,147584.39,147584.47,Leave_Home
2011-02-14 13:40:35,2011-02-14 13:40:40,102,147700.59,147700.67,Enter_Home
2011-02-14 13:55:08,2011-02-14 14:01:27,102,147715.15,147721.45,Meal_Preparation
2011-02-14 14:05:34,2011-02-14 14:08:13,102,147725.58,147728.22,Meal_Preparation
2011-02-14 14:09:32,2011-02-14 14:13:57,102,147729.54,147733.96,Relax
2011-02-14 14:14:28,2011-02-14 14:43:52,102,147734.48,147763.88,Relax
2011-02-14 16:10:32,2011-02-14 16:20:55,102,147850.55,147860.93,Meal_Preparation
2011-02-14 17:27:37,2011-02-14 17:33:53,102,147927.63,147933.9,Relax
2011-02-14 17:34:44,2011-02-14 17:45:14,102,147934.74,147945.23,Meal_Preparation
2011-02-14 17:47:28,2011-02-14 17:48:25,102,147947.47,147948.43,Meal_Preparation
2011-02-14 17:48:45,2011-02-14 18:16:56,102,147948.76,147976.95,Relax
2011-02-14 18:21:38,2011-02-14 18:29:20,102,147981.64,147989.34,Relax
2011-02-14 18:33:52,2011-02-14 19:18:33,102,147993.88,148038.56,Relax
2011-02-14 19:21:18,2011-02-14 20:04:59,102,148041.31,148084.99,Relax
2011-02-14 20:08:27,2011-02-14 20:32:44,102,148088.46,148112.74,Relax
2011-02-14 20:33:12,2011-02-14 21:15:14,102,148113.2,148155.24,Relax
2011-02-14 21:15:46,2011-02-14 22:07:51,102,148155.77,148207.86,Relax
2011-02-14 22:15:53,2011-02-14 23:18:00,102,148215.89,148278.0,Relax
2011-02-15 00:16:37,2011-02-15 05:05:20,103,148336.62,148625.35,Sleeping
2011-02-15 05:05:23,2011-02-15 05:07:37,103,148625.4,148627.63,Bed_to_Toilet
2011-02-15 05:07:47,2011-02-15 08:13:48,103,148627.79,148813.82,Sleeping
2011-02-15 08:16:23,2011-02-15 08:20:51,103,148816.4,148820.85,Meal_Preparation
2011-02-15 08:27:25,2011-02-15 08:29:06,103,148827.43,148829.1,Meal_Preparation
2011-02-15 08:29:18,2011-02-15 09:03:29,103,148829.31,148863.49,Relax
2011-02-15 09:04:18,2011-02-15 09:44:17,103,148864.31,148904.29,Relax
2011-02-15 10:03:44,2011-02-15 10:06:15,103,148923.75,148926.27,Meal_Preparation
2011-02-15 10:07:25,2011-02-15 10:10:57,103,148927.43,148930.96,Meal_Preparation
2011-02-15 10:11:02,2011-02-15 10:15:48,103,148931.04,148935.81,Eating
2011-02-15 10:15:53,2011-02-15 10:20:48,103,148935.89,148940.81,Wash_Dishes
2011-02-15 10:54:21,2011-02-15 11:05:44,103,148974.36,148985.74,Relax
2011-02-15 11:10:21,2011-02-15 11:18:33,103,148990.36,148998.56,Relax
2011-02-15 11:27:40,2011-02-15 11:43:27,103,149007.67,149023.46,Relax
2011-02-15 13:33:55,2011-02-15 13:36:00,103,149133.92,149136.01,Meal_Preparation
2011-02-15 13:37:37,2011-02-15 13:39:57,103,149137.62,149139.95,Meal_Preparation
2011-02-15 13:40:14,2011-02-15 13:40:59,103,149140.24,149140.99,Meal_Preparation
2011-02-15 13:41:01,2011-02-15 13:51:53,103,149141.02,149151.89,Relax
2011-02-15 14:39:49,2011-02-15 14:39:53,103,149199.82,149199.9,Leave_Home
2011-02-15 15:12:21,2011-02-15 15:12:28,103,149232.37,149232.47,Enter_Home
2011-02-15 16:15:06,2011-02-15 17:06:49,103,149295.11,149346.83,Relax
2011-02-15 17:39:28,2011-02-15 17:39:36,103,149379.48,149379.6,Leave_Home
2011-02-15 20:04:31,2011-02-15 20:04:38,103,149524.52,149524.65,Enter_Home
2011-02-15 20:13:55,2011-02-15 21:05:19,103,149533.92,149585.32,Relax
2011-02-15 21:06:03,2011-02-15 22:57:58,103,149586.06,149697.98,Relax
2011-02-15 23:14:11,2011-02-15 23:33:42,103,149714.19,149733.71,Relax
2011-02-15 23:37:03,2011-02-16 00:03:37,103,149737.06,149763.63,Relax
2011-02-16 00:08:06,2011-02-16 07:40:06,104,149768.1,150220.12,Sleeping
2011-02-16 07:48:39,2011-02-16 07:52:30,104,150228.65,150232.51,Meal_Preparation
2011-02-16 07:54:26,2011-02-16 07:59:42,104,150234.45,150239.71,Relax
2011-02-16 08:01:17,2011-02-16 08:17:05,104,150241.29,150257.09,Relax
2011-02-16 08:24:47,2011-02-16 08:46:53,104,150264.79,150286.9,Relax
2011-02-16 08:48:14,2011-02-16 08:56:45,104,150288.24,150296.76,Relax
2011-02-16 09:02:14,2011-02-16 09:17:53,104,150302.24,150317.88,Relax
2011-02-16 09:36:14,2011-02-16 09:38:44,104,150336.24,150338.74,Meal_Preparation
2011-02-16 09:39:54,2011-02-16 09:41:57,104,150339.91,150341.95,Meal_Preparation
2011-02-16 09:41:59,2011-02-16 09:47:45,104,150342.0,150347.75,Eating
2011-02-16 09:49:34,2011-02-16 09:52:14,104,150349.58,150352.24,Wash_Dishes
2011-02-16 10:18:16,2011-02-16 10:34:58,104,150378.27,150394.98,Relax
2011-02-16 10:35:18,2011-02-16 10:41:21,104,150395.31,150401.36,Relax
2011-02-16 11:18:37,2011-02-16 11:29:25,104,150438.63,150449.42,Housekeeping
2011-02-16 11:35:44,2011-02-16 11:35:50,104,150455.74,150455.84,Leave_Home
2011-02-16 13:55:55,2011-02-16 13:56:00,104,150595.93,150596.01,Enter_Home
2011-02-16 13:57:18,2011-02-16 14:06:30,104,150597.32,150606.51,Eating
2011-02-16 14:11:40,2011-02-16 14:19:58,104,150611.68,150619.98,Relax
2011-02-16 14:20:45,2011-02-16 14:37:47,104,150620.75,150637.8,Relax
2011-02-16 15:00:48,2011-02-16 15:00:52,104,150660.8,150660.87,Leave_Home
2011-02-16 17:10:25,2011-02-16 17:10:29,104,150790.42,150790.49,Enter_Home
2011-02-16 17:15:13,2011-02-16 17:19:49,104,150795.22,150799.83,Meal_Preparation
2011-02-16 17:21:07,2011-02-16 17:24:44,104,150801.12,150804.75,Meal_Preparation
2011-02-16 17:32:58,2011-02-16 17:52:07,104,150812.98,150832.12,Relax
2011-02-16 17:52:07,2011-02-16 17:58:57,104,150832.13,150838.96,Meal_Preparation
2011-02-16 18:00:17,2011-02-16 18:06:00,104,150840.29,150846.01,Relax
2011-02-16 18:06:00,2011-02-16 18:09:46,104,150846.01,150849.77,Meal_Preparation
2011-02-16 18:09:47,2011-02-16 18:32:36,104,150849.79,150872.6,Relax
2011-02-16 18:36:01,2011-02-16 18:42:34,104,150876.02,150882.57,Relax
2011-02-16 18:45:27,2011-02-16 21:30:55,104,150885.45,151050.92,Relax
2011-02-16 21:37:48,2011-02-16 22:11:55,104,151057.81,151091.93,Relax
2011-02-16 22:33:44,2011-02-17 00:01:05,104,151113.74,151201.1,Relax
2011-02-17 00:08:02,2011-02-17 06:57:33,105,151208.03,151617.55,Sleeping
2011-02-17 07:04:49,2011-02-17 07:09:16,105,151624.82,151629.28,Meal_Preparation
2011-02-17 07:12:21,2011-02-17 07:16:44,105,151632.36,151636.75,Meal_Preparation
2011-02-17 07:16:58,2011-02-17 07:33:57,105,151636.97,151653.95,Relax
2011-02-17 08:09:58,2011-02-17 08:21:52,105,151689.97,151701.87,Relax
2011-02-17 08:44:23,2011-02-17 08:44:27,105,151724.39,151724.46,Leave_Home
2011-02-17 10:21:42,2011-02-17 10:21:46,105,151821.7,151821.78,Enter_Home
2011-02-17 10:26:29,2011-02-17 10:39:22,105,151826.49,151839.38,Meal_Preparation
2011-02-17 10:39:26,2011-02-17 10:42:37,105,151839.44,151842.62,Eating
2011-02-17 11:10:16,2011-02-17 11:27:13,105,151870.28,151887.22,Relax
2011-02-17 11:40:20,2011-02-17 11:40:29,105,151900.33,151900.5,Leave_Home
2011-02-17 14:37:25,2011-02-17 14:37:30,105,152077.43,152077.51,Enter_Home
2011-02-17 14:44:44,2011-02-17 14:49:02,105,152084.73,152089.04,Meal_Preparation
2011-02-17 14:49:39,2011-02-17 14:51:07,105,152089.65,152091.13,Meal_Preparation
2011-02-17 14:51:25,2011-02-17 14:52:19,105,152091.42,152092.33,Meal_Preparation
2011-02-17 14:52:37,2011-02-17 14:57:54,105,152092.63,152097.92,Relax
2011-02-17 14:58:41,2011-02-17 15:05:02,105,152098.7,152105.05,Relax
2011-02-17 15:06:00,2011-02-17 15:20:25,105,152106.01,152120.43,Relax
2011-02-17 15:48:25,2011-02-17 15:48:29,105,152148.42,152148.49,Leave_Home
2011-02-17 18:26:19,2011-02-17 18:26:24,105,152306.33,152306.41,Enter_Home
2011-02-17 18:38:12,2011-02-17 18:42:03,105,152318.2,152322.06,Meal_Preparation
2011-02-17 18:42:36,2011-02-17 18:47:38,105,152322.61,152327.64,Meal_Preparation
2011-02-17 18:54:14,2011-02-17 19:49:17,105,152334.25,152389.29,Relax
2011-02-17 19:54:01,2011-02-17 19:59:28,105,152394.02,152399.48,Relax
2011-02-17 19:59:59,2011-02-17 21:44:42,105,152400.0,152504.7,Relax
2011-02-17 22:08:39,2011-02-17 22:57:14,105,152528.65,152577.25,Relax
2011-02-17 23:00:41,2011-02-18 04:53:09,105,152580.68,152933.16,Sleeping
2011-02-18 04:53:30,2011-02-18 04:56:39,106,152933.51,152936.65,Bed_to_Toilet
2011-02-18 04:56:42,2011-02-18 07:15:34,106,152936.71,153075.58,Sleeping
2011-02-18 07:22:18,2011-02-18 07:35:18,106,153082.32,153095.3,Meal_Preparation
2011-02-18 07:35:42,2011-02-18 07:54:16,106,153095.71,153114.27,Relax
2011-02-18 07:55:04,2011-02-18 08:16:42,106,153115.07,153136.71,Relax
2011-02-18 08:17:58,2011-02-18 08:36:37,106,153137.98,153156.63,Relax
2011-02-18 08:47:05,2011-02-18 08:59:11,106,153167.09,153179.19,Relax
2011-02-18 09:05:03,2011-02-18 09:07:38,106,153185.05,153187.64,Meal_Preparation
2011-02-18 09:07:51,2011-02-18 09:15:30,106,153187.86,153195.51,Meal_Preparation
2011-02-18 09:18:55,2011-02-18 09:22:27,106,153198.93,153202.46,Meal_Preparation
2011-02-18 09:22:39,2011-02-18 09:31:07,106,153202.65,153211.13,Eating
2011-02-18 09:31:37,2011-02-18 09:36:01,106,153211.63,153216.03,Wash_Dishes
2011-02-18 10:12:22,2011-02-18 10:22:27,106,153252.37,153262.46,Relax
2011-02-18 10:25:30,2011-02-18 10:33:28,106,153265.52,153273.48,Relax
2011-02-18 10:36:50,2011-02-18 10:58:53,106,153276.84,153298.89,Relax
2011-02-18 11:17:15,2011-02-18 11:27:10,106,153317.27,153327.18,Housekeeping
2011-02-18 11:46:41,2011-02-18 11:46:45,106,153346.69,153346.76,Leave_Home
2011-02-18 14:21:04,2011-02-18 14:21:10,106,153501.07,153501.18,Enter_Home
2011-02-18 14:25:42,2011-02-18 14:38:27,106,153505.71,153518.46,Meal_Preparation
2011-02-18 14:40:38,2011-02-18 14:51:22,106,153520.64,153531.37,Eating
2011-02-18 14:51:24,2011-02-18 15:18:19,106,153531.41,153558.32,Relax
2011-02-18 15:47:07,2011-02-18 15:47:11,106,153587.12,153587.19,Leave_Home
2011-02-18 16:41:48,2011-02-18 16:41:59,106,153641.81,153641.99,Enter_Home
2011-02-18 17:06:17,2011-02-18 17:14:26,106,153666.3,153674.44,Meal_Preparation
2011-02-18 17:16:06,2011-02-18 17:27:22,106,153676.11,153687.38,Meal_Preparation
2011-02-18 17:31:30,2011-02-18 17:48:52,106,153691.51,153708.87,Meal_Preparation
2011-02-18 17:51:31,2011-02-18 18:07:56,106,153711.52,153727.94,Meal_Preparation
2011-02-18 18:10:58,2011-02-18 18:23:43,106,153730.98,153743.73,Meal_Preparation
2011-02-18 18:23:53,2011-02-18 18:29:49,106,153743.89,153749.82,Eating
2011-02-18 18:34:50,2011-02-18 18:41:39,106,153754.84,153761.65,Meal_Preparation
2011-02-18 18:44:13,2011-02-18 18:49:10,106,153764.22,153769.18,Eating
2011-02-18 18:50:11,2011-02-18 19:29:49,106,153770.2,153809.82,Eating
2011-02-18 19:29:51,2011-02-18 19:51:40,106,153809.86,153831.67,Meal_Preparation
2011-02-18 19:51:44,2011-02-18 20:48:52,106,153831.73,153888.88,Eating
2011-02-18 20:49:30,2011-02-18 20:53:24,106,153889.51,153893.41,Wash_Dishes
2011-02-18 21:07:15,2011-02-18 21:24:56,106,153907.26,153924.94,Relax
2011-02-18 21:45:33,2011-02-18 21:53:24,106,153945.56,153953.41,Relax
2011-02-18 22:06:02,2011-02-18 22:15:23,106,153966.03,153975.38,Relax
2011-02-18 22:19:30,2011-02-18 22:39:06,106,153979.51,153999.12,Relax
2011-02-18 22:40:14,2011-02-18 22:50:36,106,154000.24,154010.61,Relax
2011-02-18 23:00:02,2011-02-18 23:19:18,106,154020.04,154039.3,Relax
2011-02-18 23:23:57,2011-02-18 23:51:12,106,154043.96,154071.21,Relax
2011-02-18 23:51:41,2011-02-19 00:00:04,106,154071.68,154080.07,Relax
2011-02-19 00:03:47,2011-02-19 04:41:08,107,154083.8,154361.14,Sleeping
2011-02-19 04:41:23,2011-02-19 04:44:20,107,154361.4,154364.33,Bed_to_Toilet
2011-02-19 04:44:47,2011-02-19 06:05:53,107,154364.8,154445.89,Sleeping
2011-02-19 06:07:48,2011-02-19 06:22:23,107,154447.82,154462.4,Meal_Preparation
2011-02-19 06:24:12,2011-02-19 06:32:22,107,154464.21,154472.38,Relax
2011-02-19 06:38:53,2011-02-19 06:43:41,107,154478.9,154483.68,Relax
2011-02-19 07:26:32,2011-02-19 07:31:44,107,154526.54,154531.74,Meal_Preparation
2011-02-19 07:31:54,2011-02-19 07:36:03,107,154531.9,154536.06,Eating
2011-02-19 07:39:49,2011-02-19 07:45:04,107,154539.83,154545.07,Relax
2011-02-19 07:56:12,2011-02-19 07:56:21,107,154556.2,154556.36,Leave_Home
2011-02-19 18:58:33,2011-02-19 18:58:39,107,155218.56,155218.66,Enter_Home
2011-02-19 19:00:11,2011-02-19 19:14:05,107,155220.2,155234.09,Relax
2011-02-19 19:31:04,2011-02-19 19:56:20,107,155251.08,155276.34,Relax
2011-02-19 19:57:26,2011-02-19 21:48:29,107,155277.44,155388.5,Relax
2011-02-19 21:54:13,2011-02-19 22:45:35,107,155394.23,155445.59,Relax
2011-02-19 22:45:52,2011-02-19 23:05:10,107,155445.88,155465.17,Relax
2011-02-19 23:21:38,2011-02-20 00:59:19,107,155481.64,155579.32,Relax
2011-02-20 01:04:21,2011-02-20 07:51:57,108,155584.36,155991.95,Sleeping
2011-02-20 08:00:13,2011-02-20 08:05:36,108,156000.23,156005.6,Meal_Preparation
2011-02-20 08:12:45,2011-02-20 09:02:48,108,156012.76,156062.8,Relax
2011-02-20 08:49:33,2011-02-20 08:54:07,108,156049.56,156054.12,Meal_Preparation
2011-02-20 09:03:45,2011-02-20 09:13:36,108,156063.75,156073.6,Relax
2011-02-20 09:14:23,2011-02-20 09:17:59,108,156074.39,156078.0,Relax
2011-02-20 09:38:07,2011-02-20 09:41:54,108,156098.13,156101.9,Meal_Preparation
2011-02-20 09:42:31,2011-02-20 09:46:21,108,156102.52,156106.36,Meal_Preparation
2011-02-20 09:46:45,2011-02-20 09:53:08,108,156106.76,156113.14,Eating
2011-02-20 09:59:28,2011-02-20 10:07:33,108,156119.48,156127.55,Relax
2011-02-20 10:09:17,2011-02-20 11:34:27,108,156129.3,156214.46,Relax
2011-02-20 11:45:09,2011-02-20 12:27:13,108,156225.15,156267.23,Relax
2011-02-20 12:28:11,2011-02-20 12:39:41,108,156268.19,156279.69,Relax
2011-02-20 12:40:28,2011-02-20 13:07:49,108,156280.47,156307.82,Relax
2011-02-20 13:08:59,2011-02-20 13:11:29,108,156308.98,156311.48,Meal_Preparation
2011-02-20 13:15:49,2011-02-20 13:20:53,108,156315.82,156320.89,Meal_Preparation
2011-02-20 13:27:38,2011-02-20 13:44:25,108,156327.64,156344.42,Relax
2011-02-20 13:45:11,2011-02-20 13:49:53,108,156345.19,156349.89,Meal_Preparation
2011-02-20 13:50:54,2011-02-20 14:06:28,108,156350.91,156366.48,Relax
2011-02-20 14:06:47,2011-02-20 14:40:12,108,156366.78,156400.21,Relax
2011-02-20 14:51:51,2011-02-20 16:51:59,108,156411.86,156532.0,Relax
2011-02-20 16:53:43,2011-02-20 16:58:15,108,156533.72,156538.27,Relax
2011-02-20 16:57:05,2011-02-20 16:58:01,108,156537.09,156538.03,Meal_Preparation
2011-02-20 16:58:20,2011-02-20 17:01:50,108,156538.34,156541.85,Meal_Preparation
2011-02-20 17:01:57,2011-02-20 18:02:42,108,156541.96,156602.7,Relax
2011-02-20 17:02:43,2011-02-20 17:09:47,108,156542.72,156549.78,Meal_Preparation
2011-02-20 18:04:29,2011-02-20 18:10:54,108,156604.5,156610.91,Relax
2011-02-20 18:12:33,2011-02-20 19:09:17,108,156612.56,156669.29,Relax
2011-02-20 18:20:48,2011-02-20 18:24:22,108,156620.81,156624.38,Meal_Preparation
2011-02-20 18:50:00,2011-02-20 18:52:34,108,156650.01,156652.57,Meal_Preparation
2011-02-20 18:53:15,2011-02-20 19:10:54,108,156653.25,156670.91,Meal_Preparation
2011-02-20 19:18:16,2011-02-20 19:32:00,108,156678.28,156692.01,Meal_Preparation
2011-02-20 19:30:00,2011-02-20 21:36:10,108,156690.0,156816.18,Relax
2011-02-20 19:33:35,2011-02-20 19:40:01,108,156693.59,156700.02,Meal_Preparation
2011-02-20 19:41:01,2011-02-20 19:49:28,108,156701.03,156709.47,Meal_Preparation
2011-02-20 21:40:11,2011-02-20 22:07:42,108,156820.2,156847.71,Relax
2011-02-20 22:10:29,2011-02-21 00:06:14,108,156850.49,156966.24,Relax
2011-02-21 00:21:58,2011-02-21 06:55:17,109,156981.98,157375.29,Sleeping
2011-02-21 07:10:15,2011-02-21 07:13:05,109,157390.25,157393.09,Meal_Preparation
2011-02-21 07:16:03,2011-02-21 07:29:03,109,157396.06,157409.06,Relax
2011-02-21 07:30:36,2011-02-21 09:11:55,109,157410.61,157511.92,Relax
2011-02-21 09:42:11,2011-02-21 10:17:47,109,157542.18,157577.79,Relax
2011-02-21 10:18:42,2011-02-21 10:22:25,109,157578.71,157582.43,Meal_Preparation
2011-02-21 10:23:49,2011-02-21 10:26:43,109,157583.83,157586.73,Meal_Preparation
2011-02-21 10:31:06,2011-02-21 11:39:18,109,157591.11,157659.31,Relax
2011-02-21 11:44:14,2011-02-21 11:46:07,109,157664.25,157666.13,Meal_Preparation
2011-02-21 11:53:27,2011-02-21 12:00:19,109,157673.46,157680.33,Meal_Preparation
2011-02-21 12:06:54,2011-02-21 12:47:05,109,157686.91,157727.1,Relax
2011-02-21 12:56:14,2011-02-21 13:53:29,109,157736.24,157793.49,Relax
2011-02-21 13:58:28,2011-02-21 15:04:53,109,157798.47,157864.88,Relax
2011-02-21 15:47:14,2011-02-21 15:57:03,109,157907.23,157917.06,Meal_Preparation
2011-02-21 15:57:06,2011-02-21 17:14:41,109,157917.11,157994.69,Relax
2011-02-21 17:22:29,2011-02-21 17:49:48,109,158002.49,158029.82,Relax
2011-02-21 17:50:45,2011-02-21 17:57:56,109,158030.76,158037.94,Relax
2011-02-21 18:05:43,2011-02-21 18:34:41,109,158045.72,158074.7,Relax
2011-02-21 18:40:57,2011-02-21 19:04:19,109,158080.97,158104.33,Relax
2011-02-21 19:04:24,2011-02-21 19:08:08,109,158104.4,158108.15,Meal_Preparation
2011-02-21 19:08:19,2011-02-21 19:23:40,109,158108.32,158123.68,Relax
2011-02-21 19:24:54,2011-02-21 19:29:06,109,158124.91,158129.11,Relax
2011-02-21 19:30:10,2011-02-21 19:52:02,109,158130.17,158152.05,Relax
2011-02-21 19:54:03,2011-02-21 20:33:35,109,158154.05,158193.59,Relax
2011-02-21 20:34:55,2011-02-21 21:06:56,109,158194.93,158226.94,Relax
2011-02-21 21:11:57,2011-02-21 21:38:17,109,158231.97,158258.29,Relax
2011-02-21 21:39:30,2011-02-21 23:02:18,109,158259.51,158342.3,Relax
2011-02-21 23:02:56,2011-02-21 23:32:32,109,158342.95,158372.54,Relax
2011-02-21 23:37:50,2011-02-22 02:22:01,109,158377.84,158542.02,Relax
2011-02-22 02:34:17,2011-02-22 07:20:24,110,158554.29,158840.42,Sleeping
2011-02-22 07:28:54,2011-02-22 07:33:51,110,158848.91,158853.86,Meal_Preparation
2011-02-22 07:36:53,2011-02-22 07:43:17,110,158856.89,158863.3,Meal_Preparation
2011-02-22 07:44:40,2011-02-22 08:05:46,110,158864.68,158885.77,Relax
2011-02-22 08:14:36,2011-02-22 08:56:36,110,158894.6,158936.61,Relax
2011-02-22 09:28:42,2011-02-22 09:38:31,110,158968.71,158978.53,Meal_Preparation
2011-02-22 09:38:42,2011-02-22 09:44:15,110,158978.7,158984.25,Eating
2011-02-22 09:50:23,2011-02-22 10:45:35,110,158990.39,159045.59,Relax
2011-02-22 11:54:10,2011-02-22 12:02:10,110,159114.18,159122.18,Relax
2011-02-22 12:02:36,2011-02-22 12:09:23,110,159122.61,159129.38,Meal_Preparation
2011-02-22 12:16:34,2011-02-22 13:01:55,110,159136.57,159181.93,Work
2011-02-22 13:06:00,2011-02-22 13:21:31,110,159186.01,159201.53,Work
2011-02-22 13:33:44,2011-02-22 13:52:25,110,159213.75,159232.43,Work
2011-02-22 14:08:51,2011-02-22 14:11:13,110,159248.85,159251.22,Meal_Preparation
2011-02-22 14:12:18,2011-02-22 14:22:35,110,159252.3,159262.59,Eating
2011-02-22 14:36:53,2011-02-22 14:36:58,110,159276.9,159276.97,Leave_Home
2011-02-22 15:08:31,2011-02-22 15:08:35,110,159308.53,159308.59,Enter_Home
2011-02-22 15:23:00,2011-02-22 15:26:54,110,159323.0,159326.91,Meal_Preparation
2011-02-22 15:28:45,2011-02-22 15:32:38,110,159328.77,159332.63,Meal_Preparation
2011-02-22 15:35:30,2011-02-22 15:39:32,110,159335.51,159339.54,Meal_Preparation
2011-02-22 15:41:17,2011-02-22 15:48:17,110,159341.3,159348.29,Relax
2011-02-22 16:51:49,2011-02-22 16:52:00,110,159411.83,159412.01,Leave_Home
2011-02-22 17:07:44,2011-02-22 17:07:51,110,159427.74,159427.86,Enter_Home
2011-02-22 17:23:33,2011-02-22 18:13:16,110,159443.55,159493.27,Relax
2011-02-22 18:13:56,2011-02-22 18:27:01,110,159493.94,159507.03,Relax
2011-02-22 18:36:04,2011-02-22 18:48:29,110,159516.08,159528.49,Relax
2011-02-22 18:48:55,2011-02-22 18:58:09,110,159528.93,159538.15,Relax
2011-02-22 18:58:14,2011-02-22 19:06:45,110,159538.24,159546.76,Meal_Preparation
2011-02-22 19:08:39,2011-02-22 19:13:59,110,159548.66,159553.99,Meal_Preparation
2011-02-22 19:16:51,2011-02-22 20:25:37,110,159556.86,159625.63,Relax
2011-02-22 20:27:31,2011-02-22 20:44:54,110,159627.53,159644.9,Relax
2011-02-22 20:45:16,2011-02-22 20:59:08,110,159645.27,159659.14,Relax
2011-02-22 21:08:32,2011-02-22 21:30:07,110,159668.55,159690.12,Relax
2011-02-22 21:43:14,2011-02-22 21:52:58,110,159703.25,159712.97,Relax
2011-02-22 21:54:10,2011-02-22 23:00:38,110,159714.18,159780.65,Relax
2011-02-22 23:05:01,2011-02-23 01:00:58,110,159785.03,159900.97,Relax
2011-02-23 01:10:36,2011-02-23 07:17:35,111,159910.61,160277.59,Sleeping
2011-02-23 07:25:56,2011-02-23 07:32:36,111,160285.94,160292.6,Meal_Preparation
2011-02-23 07:33:57,2011-02-23 07:39:56,111,160293.96,160299.94,Meal_Preparation
2011-02-23 07:40:04,2011-02-23 07:55:12,111,160300.08,160315.21,Relax
2011-02-23 07:56:27,2011-02-23 08:16:30,111,160316.46,160336.5,Relax
2011-02-23 08:32:15,2011-02-23 09:07:45,111,160352.25,160387.76,Relax
2011-02-23 09:12:11,2011-02-23 09:22:06,111,160392.2,160402.11,Meal_Preparation
2011-02-23 09:23:35,2011-02-23 09:25:56,111,160403.59,160405.93,Meal_Preparation
2011-02-23 09:28:01,2011-02-23 09:34:23,111,160408.03,160414.4,Eating
2011-02-23 09:49:18,2011-02-23 09:56:02,111,160429.3,160436.04,Meal_Preparation
2011-02-23 09:56:08,2011-02-23 10:03:38,111,160436.14,160443.64,Relax
2011-02-23 10:56:09,2011-02-23 11:11:40,111,160496.16,160511.68,Relax
2011-02-23 11:12:55,2011-02-23 11:31:39,111,160512.93,160531.65,Relax
2011-02-23 12:09:28,2011-02-23 12:17:34,111,160569.47,160577.57,Meal_Preparation
2011-02-23 12:17:36,2011-02-23 12:25:44,111,160577.61,160585.74,Relax
2011-02-23 12:26:34,2011-02-23 12:52:26,111,160586.57,160612.43,Relax
2011-02-23 12:52:59,2011-02-23 13:01:20,111,160612.99,160621.34,Relax
2011-02-23 13:05:02,2011-02-23 13:40:55,111,160625.03,160660.93,Relax
2011-02-23 13:41:52,2011-02-23 13:52:59,111,160661.87,160673.0,Relax
2011-02-23 13:53:11,2011-02-23 14:10:39,111,160673.19,160690.66,Relax
2011-02-23 14:17:01,2011-02-23 14:34:05,111,160697.02,160714.1,Relax
2011-02-23 14:42:47,2011-02-23 15:21:29,111,160722.79,160761.5,Relax
2011-02-23 15:28:52,2011-02-23 16:31:01,111,160768.88,160831.03,Relax
2011-02-23 16:46:24,2011-02-23 17:27:22,111,160846.41,160887.38,Relax
2011-02-23 17:39:42,2011-02-23 17:49:53,111,160899.71,160909.89,Meal_Preparation
2011-02-23 17:49:58,2011-02-23 18:17:16,111,160909.97,160937.28,Relax
2011-02-23 18:18:35,2011-02-23 18:37:39,111,160938.6,160957.66,Relax
2011-02-23 18:43:06,2011-02-23 20:27:55,111,160963.11,161067.93,Relax
2011-02-23 20:43:37,2011-02-23 21:08:31,111,161083.63,161108.52,Relax
2011-02-23 21:09:07,2011-02-23 21:15:25,111,161109.13,161115.42,Relax
2011-02-23 21:15:44,2011-02-23 21:33:55,111,161115.74,161133.93,Relax
2011-02-23 21:35:57,2011-02-23 22:09:37,111,161135.96,161169.63,Relax
2011-02-23 22:13:18,2011-02-23 22:50:34,111,161173.31,161210.58,Relax
2011-02-23 23:22:23,2011-02-23 23:53:44,111,161242.38,161273.74,Relax
2011-02-23 23:58:27,2011-02-24 04:46:08,111,161278.47,161566.15,Sleeping
2011-02-24 04:46:27,2011-02-24 04:49:03,112,161566.45,161569.06,Bed_to_Toilet
2011-02-24 04:49:21,2011-02-24 05:36:12,112,161569.35,161616.22,Sleeping
2011-02-24 05:40:19,2011-02-24 05:46:35,112,161620.32,161626.6,Meal_Preparation
2011-02-24 05:56:06,2011-02-24 06:14:16,112,161636.11,161654.27,Relax
2011-02-24 06:19:12,2011-02-24 06:28:26,112,161659.2,161668.43,Relax
2011-02-24 06:32:53,2011-02-24 06:49:49,112,161672.9,161689.83,Relax
2011-02-24 08:31:31,2011-02-24 08:31:37,112,161791.52,161791.62,Leave_Home
2011-02-24 11:35:36,2011-02-24 11:35:41,112,161975.62,161975.7,Enter_Home
2011-02-24 11:39:14,2011-02-24 11:42:21,112,161979.25,161982.36,Meal_Preparation
2011-02-24 11:42:58,2011-02-24 11:55:16,112,161982.97,161995.28,Meal_Preparation
2011-02-24 11:55:22,2011-02-24 12:10:43,112,161995.37,162010.73,Relax
2011-02-24 12:34:25,2011-02-24 13:18:53,112,162034.43,162078.9,Relax
2011-02-24 13:19:49,2011-02-24 13:26:05,112,162079.83,162086.09,Relax
2011-02-24 13:34:07,2011-02-24 14:39:32,112,162094.13,162159.55,Relax
2011-02-24 14:46:01,2011-02-24 14:46:06,112,162166.02,162166.11,Leave_Home
2011-02-24 15:06:12,2011-02-24 15:06:19,112,162186.2,162186.32,Enter_Home
2011-02-24 15:10:27,2011-02-24 15:36:07,112,162190.46,162216.12,Relax
2011-02-24 15:44:57,2011-02-24 15:45:02,112,162224.95,162225.04,Leave_Home
2011-02-24 18:41:16,2011-02-24 18:41:22,112,162401.28,162401.38,Enter_Home
2011-02-24 18:48:27,2011-02-24 18:49:44,112,162408.46,162409.74,Meal_Preparation
2011-02-24 18:51:42,2011-02-24 18:57:57,112,162411.71,162417.96,Meal_Preparation
2011-02-24 18:58:59,2011-02-24 19:03:07,112,162418.99,162423.13,Meal_Preparation
2011-02-24 19:04:10,2011-02-24 19:06:48,112,162424.17,162426.81,Meal_Preparation
2011-02-24 19:07:14,2011-02-24 19:09:30,112,162427.24,162429.51,Meal_Preparation
2011-02-24 19:09:57,2011-02-24 19:14:10,112,162429.96,162434.18,Meal_Preparation
2011-02-24 19:14:20,2011-02-24 19:21:42,112,162434.34,162441.71,Relax
2011-02-24 19:29:09,2011-02-24 20:11:11,112,162449.16,162491.19,Relax
2011-02-24 20:12:24,2011-02-24 20:37:01,112,162492.42,162517.03,Relax
2011-02-24 20:40:09,2011-02-24 21:19:19,112,162520.15,162559.33,Relax
2011-02-24 21:20:26,2011-02-24 23:33:07,112,162560.44,162693.13,Relax
2011-02-24 23:36:19,2011-02-24 23:44:21,112,162696.32,162704.37,Relax
2011-02-24 23:48:33,2011-02-24 23:54:33,112,162708.56,162714.56,Relax
2011-02-24 23:58:40,2011-02-25 00:36:37,112,162718.67,162756.63,Relax
2011-02-25 00:42:36,2011-02-25 08:36:41,113,162762.61,163236.69,Sleeping
2011-02-25 08:46:33,2011-02-25 09:01:14,113,163246.56,163261.24,Meal_Preparation
2011-02-25 09:03:27,2011-02-25 09:13:36,113,163263.45,163273.6,Relax
2011-02-25 09:13:55,2011-02-25 09:21:31,113,163273.93,163281.53,Relax
2011-02-25 09:22:35,2011-02-25 09:37:30,113,163282.59,163297.52,Relax
2011-02-25 09:58:03,2011-02-25 10:44:54,113,163318.05,163364.9,Relax
2011-02-25 10:47:00,2011-02-25 11:12:54,113,163367.0,163392.91,Relax
2011-02-25 11:55:52,2011-02-25 12:02:24,113,163435.88,163442.42,Meal_Preparation
2011-02-25 12:05:23,2011-02-25 12:08:37,113,163445.39,163448.63,Meal_Preparation
2011-02-25 12:09:16,2011-02-25 12:10:17,113,163449.27,163450.3,Meal_Preparation
2011-02-25 12:11:33,2011-02-25 12:12:57,113,163451.57,163452.95,Meal_Preparation
2011-02-25 12:14:27,2011-02-25 12:27:13,113,163454.46,163467.22,Eating
2011-02-25 12:33:20,2011-02-25 13:17:42,113,163473.35,163517.71,Relax
2011-02-25 13:25:26,2011-02-25 14:19:18,113,163525.44,163579.3,Relax
2011-02-25 14:28:30,2011-02-25 16:25:27,113,163588.51,163705.45,Work
2011-02-25 16:26:11,2011-02-25 16:29:44,113,163706.2,163709.74,Meal_Preparation
2011-02-25 16:33:16,2011-02-25 17:28:59,113,163713.28,163769.0,Work
2011-02-25 17:34:32,2011-02-25 17:56:05,113,163774.55,163796.09,Meal_Preparation
2011-02-25 17:58:37,2011-02-25 18:13:47,113,163798.62,163813.79,Meal_Preparation
2011-02-25 18:15:55,2011-02-25 18:21:21,113,163815.92,163821.36,Relax
2011-02-25 18:23:32,2011-02-25 19:12:25,113,163823.54,163872.43,Relax
2011-02-25 19:14:29,2011-02-25 19:21:30,113,163874.49,163881.51,Relax
2011-02-25 19:32:59,2011-02-25 19:47:28,113,163892.99,163907.47,Relax
2011-02-25 19:47:58,2011-02-25 19:51:20,113,163907.97,163911.35,Relax
2011-02-25 19:54:02,2011-02-25 20:00:53,113,163914.04,163920.9,Relax
2011-02-25 20:01:22,2011-02-25 20:11:38,113,163921.37,163931.64,Relax
2011-02-25 20:15:27,2011-02-25 22:01:21,113,163935.46,164041.36,Relax
2011-02-25 22:03:57,2011-02-25 23:43:02,113,164043.95,164143.03,Relax
2011-02-25 23:49:11,2011-02-26 03:18:10,113,164149.2,164358.17,Relax
2011-02-26 03:25:00,2011-02-26 07:36:31,114,164365.0,164616.52,Sleeping
2011-02-26 07:44:40,2011-02-26 07:52:32,114,164624.67,164632.55,Meal_Preparation
2011-02-26 08:00:52,2011-02-26 08:22:59,114,164640.87,164662.99,Relax
2011-02-26 08:30:25,2011-02-26 09:16:07,114,164670.43,164716.12,Relax
2011-02-26 09:18:59,2011-02-26 09:47:55,114,164718.99,164747.93,Relax
2011-02-26 10:25:38,2011-02-26 10:27:44,114,164785.64,164787.74,Meal_Preparation
2011-02-26 10:33:05,2011-02-26 10:41:16,114,164793.08,164801.28,Meal_Preparation
2011-02-26 10:46:19,2011-02-26 11:07:27,114,164806.32,164827.46,Meal_Preparation
2011-02-26 11:09:10,2011-02-26 11:49:05,114,164829.17,164869.09,Eating
2011-02-26 12:07:06,2011-02-26 12:12:49,114,164887.11,164892.83,Meal_Preparation
2011-02-26 12:15:21,2011-02-26 12:17:58,114,164895.35,164897.98,Meal_Preparation
2011-02-26 12:20:48,2011-02-26 12:31:15,114,164900.81,164911.25,Meal_Preparation
2011-02-26 12:31:16,2011-02-26 12:49:50,114,164911.28,164929.84,Relax
2011-02-26 12:50:11,2011-02-26 12:55:35,114,164930.19,164935.6,Relax
2011-02-26 13:05:01,2011-02-26 13:10:42,114,164945.03,164950.7,Relax
2011-02-26 13:25:50,2011-02-26 13:34:30,114,164965.84,164974.51,Relax
2011-02-26 13:34:42,2011-02-26 14:14:10,114,164974.71,165014.17,Meal_Preparation
2011-02-26 13:38:51,2011-02-26 14:08:19,114,164978.86,165008.32,Relax
2011-02-26 14:14:45,2011-02-26 14:35:09,114,165014.76,165035.16,Relax
2011-02-26 14:35:33,2011-02-26 15:05:12,114,165035.56,165065.2,Relax
2011-02-26 15:05:45,2011-02-26 15:39:38,114,165065.76,165099.65,Relax
2011-02-26 15:43:12,2011-02-26 15:43:16,114,165103.21,165103.27,Leave_Home
2011-02-26 16:44:04,2011-02-26 16:44:09,114,165164.08,165164.16,Enter_Home
2011-02-26 16:45:41,2011-02-26 16:52:53,114,165165.68,165172.89,Meal_Preparation
2011-02-26 16:56:27,2011-02-26 16:58:23,114,165176.46,165178.4,Meal_Preparation
2011-02-26 16:59:02,2011-02-26 17:05:27,114,165179.04,165185.46,Meal_Preparation
2011-02-26 17:10:18,2011-02-26 17:22:24,114,165190.31,165202.4,Meal_Preparation
2011-02-26 17:24:18,2011-02-26 17:31:10,114,165204.31,165211.18,Relax
2011-02-26 17:32:33,2011-02-26 18:37:45,114,165212.56,165277.77,Relax
2011-02-26 18:44:45,2011-02-26 18:58:12,114,165284.75,165298.21,Relax
2011-02-26 19:02:21,2011-02-26 20:02:42,114,165302.36,165362.71,Relax
2011-02-26 20:13:27,2011-02-26 20:23:36,114,165373.46,165383.6,Relax
2011-02-26 20:25:53,2011-02-26 21:31:03,114,165385.9,165451.05,Relax
2011-02-26 21:31:32,2011-02-26 23:26:52,114,165451.54,165566.87,Relax
2011-02-26 23:38:22,2011-02-27 06:46:22,114,165578.38,166006.38,Sleeping
2011-02-27 06:52:50,2011-02-27 07:01:56,115,166012.84,166021.95,Meal_Preparation
2011-02-27 07:04:32,2011-02-27 07:10:05,115,166024.55,166030.1,Relax
2011-02-27 07:10:42,2011-02-27 07:13:58,115,166030.71,166033.98,Meal_Preparation
2011-02-27 07:26:13,2011-02-27 07:44:28,115,166046.23,166064.47,Relax
2011-02-27 07:45:29,2011-02-27 07:46:26,115,166065.49,166066.44,Relax
2011-02-27 07:47:11,2011-02-27 09:24:54,115,166067.19,166164.91,Relax
2011-02-27 09:41:36,2011-02-27 09:47:13,115,166181.62,166187.22,Meal_Preparation
2011-02-27 09:49:32,2011-02-27 10:01:41,115,166189.54,166201.69,Relax
2011-02-27 10:25:44,2011-02-27 11:01:15,115,166225.73,166261.26,Relax
2011-02-27 11:15:10,2011-02-27 11:21:23,115,166275.18,166281.4,Relax
2011-02-27 11:37:17,2011-02-27 11:53:44,115,166297.3,166313.75,Relax
2011-02-27 12:06:32,2011-02-27 12:46:05,115,166326.54,166366.09,Relax
2011-02-27 13:14:22,2011-02-27 13:35:04,115,166394.37,166415.07,Relax
2011-02-27 13:43:01,2011-02-27 14:19:00,115,166423.02,166459.01,Work
2011-02-27 14:44:05,2011-02-27 14:44:10,115,166484.09,166484.17,Leave_Home
2011-02-27 18:54:06,2011-02-27 18:54:17,115,166734.1,166734.29,Enter_Home
2011-02-27 18:56:26,2011-02-27 20:36:23,115,166736.44,166836.4,Relax
2011-02-27 20:43:38,2011-02-27 21:56:30,115,166843.64,166916.5,Relax
2011-02-27 21:58:52,2011-02-27 22:16:26,115,166918.88,166936.45,Relax
2011-02-27 22:27:44,2011-02-28 00:03:07,115,166947.74,167043.12,Relax
2011-02-28 00:04:33,2011-02-28 05:14:53,116,167044.55,167354.89,Sleeping
2011-02-28 05:15:03,2011-02-28 05:17:24,116,167355.05,167357.41,Bed_to_Toilet
2011-02-28 05:17:30,2011-02-28 07:54:08,116,167357.51,167514.14,Sleeping
2011-02-28 08:01:05,2011-02-28 08:14:07,116,167521.09,167534.13,Meal_Preparation
2011-02-28 08:14:50,2011-02-28 08:26:21,116,167534.84,167546.36,Relax
2011-02-28 08:27:50,2011-02-28 08:53:57,116,167547.84,167573.95,Relax
2011-02-28 08:56:31,2011-02-28 09:18:36,116,167576.52,167598.61,Relax
2011-02-28 09:34:52,2011-02-28 10:01:12,116,167614.87,167641.21,Relax
2011-02-28 10:01:25,2011-02-28 10:09:25,116,167641.42,167649.42,Meal_Preparation
2011-02-28 10:12:32,2011-02-28 10:13:54,116,167652.54,167653.91,Eating
2011-02-28 10:15:08,2011-02-28 10:19:29,116,167655.13,167659.49,Eating
2011-02-28 10:21:06,2011-02-28 10:22:14,116,167661.11,167662.25,Eating
2011-02-28 11:37:40,2011-02-28 11:37:45,116,167737.68,167737.76,Leave_Home
2011-02-28 14:13:12,2011-02-28 14:13:16,116,167893.2,167893.28,Enter_Home
2011-02-28 14:26:23,2011-02-28 14:30:13,116,167906.4,167910.23,Meal_Preparation
2011-02-28 14:36:33,2011-02-28 14:47:07,116,167916.56,167927.12,Relax
2011-02-28 14:47:45,2011-02-28 15:01:50,116,167927.76,167941.85,Relax
2011-02-28 15:14:04,2011-02-28 15:27:51,116,167954.07,167967.86,Relax
2011-02-28 15:45:59,2011-02-28 16:08:36,116,167985.98,168008.61,Relax
2011-02-28 16:08:46,2011-02-28 16:18:29,116,168008.78,168018.49,Meal_Preparation
2011-02-28 16:18:32,2011-02-28 16:59:37,116,168018.53,168059.63,Relax
2011-02-28 17:01:53,2011-02-28 17:35:19,116,168061.88,168095.33,Relax
2011-02-28 17:37:48,2011-02-28 17:50:43,116,168097.81,168110.73,Meal_Preparation
2011-02-28 17:53:40,2011-02-28 17:55:26,116,168113.68,168115.45,Meal_Preparation
2011-02-28 17:55:29,2011-02-28 18:02:25,116,168115.49,168122.43,Relax
2011-02-28 18:03:39,2011-02-28 18:34:07,116,168123.66,168154.13,Relax
2011-02-28 18:41:07,2011-02-28 19:20:34,116,168161.12,168200.57,Relax
2011-02-28 19:24:47,2011-02-28 21:01:21,116,168204.8,168301.36,Relax
2011-02-28 21:07:14,2011-02-28 22:43:47,116,168307.24,168403.78,Relax
2011-02-28 22:47:31,2011-02-28 23:26:39,116,168407.53,168446.65,Relax
2011-02-28 23:38:15,2011-03-01 06:11:17,116,168458.26,168851.29,Sleeping
2011-03-01 06:11:30,2011-03-01 06:13:18,117,168851.51,168853.3,Bed_to_Toilet
2011-03-01 06:13:20,2011-03-01 06:34:15,117,168853.33,168874.27,Sleeping
2011-03-01 06:37:30,2011-03-01 06:46:07,117,168877.51,168886.12,Meal_Preparation
2011-03-01 06:50:23,2011-03-01 06:51:56,117,168890.39,168891.94,Meal_Preparation
2011-03-01 06:54:47,2011-03-01 07:05:48,117,168894.79,168905.81,Relax
2011-03-01 07:12:34,2011-03-01 07:49:34,117,168912.58,168949.57,Relax
2011-03-01 08:25:17,2011-03-01 08:59:37,117,168985.3,169019.63,Relax
2011-03-01 09:11:20,2011-03-01 09:24:06,117,169031.35,169044.11,Meal_Preparation
2011-03-01 09:31:19,2011-03-01 09:34:34,117,169051.32,169054.57,Meal_Preparation
2011-03-01 09:49:33,2011-03-01 10:18:27,117,169069.56,169098.46,Relax
2011-03-01 10:32:32,2011-03-01 10:41:37,117,169112.55,169121.63,Relax
2011-03-01 10:45:29,2011-03-01 10:45:34,117,169125.5,169125.57,Leave_Home
2011-03-01 12:03:08,2011-03-01 12:03:13,117,169203.14,169203.22,Enter_Home
2011-03-01 12:04:41,2011-03-01 12:09:18,117,169204.7,169209.31,Meal_Preparation
2011-03-01 12:10:06,2011-03-01 12:12:02,117,169210.12,169212.05,Meal_Preparation
2011-03-01 12:13:56,2011-03-01 12:21:29,117,169213.94,169221.49,Meal_Preparation
2011-03-01 12:30:22,2011-03-01 13:09:14,117,169230.38,169269.25,Relax
2011-03-01 13:09:16,2011-03-01 13:23:35,117,169269.27,169283.59,Meal_Preparation
2011-03-01 13:24:02,2011-03-01 13:46:46,117,169284.05,169306.77,Meal_Preparation
2011-03-01 14:04:22,2011-03-01 14:24:24,117,169324.37,169344.4,Meal_Preparation
2011-03-01 14:26:43,2011-03-01 14:31:42,117,169346.73,169351.7,Meal_Preparation
2011-03-01 14:42:10,2011-03-01 14:42:15,117,169362.18,169362.25,Leave_Home
2011-03-01 15:15:18,2011-03-01 15:15:26,117,169395.31,169395.44,Enter_Home
2011-03-01 15:29:16,2011-03-01 15:34:01,117,169409.27,169414.03,Meal_Preparation
2011-03-01 15:46:43,2011-03-01 16:17:50,117,169426.73,169457.84,Work
2011-03-01 16:17:55,2011-03-01 17:00:59,117,169457.92,169501.0,Meal_Preparation
2011-03-01 17:03:58,2011-03-01 17:08:05,117,169503.98,169508.09,Meal_Preparation
2011-03-01 17:08:50,2011-03-01 17:12:14,117,169508.85,169512.24,Meal_Preparation
2011-03-01 17:17:18,2011-03-01 17:26:17,117,169517.31,169526.3,Meal_Preparation
2011-03-01 17:29:22,2011-03-01 17:37:48,117,169529.38,169537.81,Meal_Preparation
2011-03-01 17:38:09,2011-03-01 18:00:19,117,169538.16,169560.32,Relax
2011-03-01 18:03:03,2011-03-01 18:55:40,117,169563.05,169615.67,Relax
2011-03-01 18:58:56,2011-03-01 19:16:51,117,169618.94,169636.86,Relax
2011-03-01 19:24:46,2011-03-01 21:35:07,117,169644.77,169775.13,Relax
2011-03-01 21:51:46,2011-03-01 22:35:57,117,169791.78,169835.96,Relax
2011-03-01 22:48:47,2011-03-02 04:33:22,117,169848.8,170193.37,Sleeping
2011-03-02 04:33:27,2011-03-02 04:36:08,118,170193.45,170196.14,Bed_to_Toilet
2011-03-02 04:36:15,2011-03-02 07:53:48,118,170196.27,170393.81,Sleeping
2011-03-02 08:00:48,2011-03-02 08:14:20,118,170400.81,170414.33,Meal_Preparation
2011-03-02 08:15:25,2011-03-02 08:25:53,118,170415.42,170425.89,Relax
2011-03-02 08:28:51,2011-03-02 08:38:28,118,170428.86,170438.47,Relax
2011-03-02 09:12:37,2011-03-02 09:19:03,118,170472.63,170479.05,Meal_Preparation
2011-03-02 09:24:08,2011-03-02 09:42:16,118,170484.13,170502.28,Meal_Preparation
2011-03-02 09:42:27,2011-03-02 09:45:59,118,170502.47,170505.99,Eating
2011-03-02 09:46:48,2011-03-02 09:55:11,118,170506.81,170515.19,Relax
2011-03-02 10:25:27,2011-03-02 10:49:44,118,170545.45,170569.75,Relax
2011-03-02 11:06:51,2011-03-02 11:16:49,118,170586.87,170596.82,Relax
2011-03-02 11:28:24,2011-03-02 11:38:23,118,170608.42,170618.38,Relax
2011-03-02 12:24:55,2011-03-02 12:24:58,118,170664.92,170664.98,Leave_Home
2011-03-02 13:45:46,2011-03-02 13:45:52,118,170745.77,170745.88,Enter_Home
2011-03-02 13:48:13,2011-03-02 13:55:48,118,170748.22,170755.8,Meal_Preparation
2011-03-02 13:57:09,2011-03-02 14:06:52,118,170757.16,170766.88,Relax
2011-03-02 15:10:29,2011-03-02 15:16:47,118,170830.49,170836.79,Meal_Preparation
2011-03-02 15:16:48,2011-03-02 16:04:59,118,170836.8,170884.99,Relax
2011-03-02 16:13:17,2011-03-02 16:29:05,118,170893.29,170909.1,Relax
2011-03-02 16:31:14,2011-03-02 17:00:59,118,170911.25,170940.99,Meal_Preparation
2011-03-02 17:01:03,2011-03-02 17:26:38,118,170941.06,170966.65,Relax
2011-03-02 17:26:44,2011-03-02 17:32:04,118,170966.74,170972.07,Meal_Preparation
2011-03-02 17:33:28,2011-03-02 17:57:11,118,170973.48,170997.19,Relax
2011-03-02 17:59:00,2011-03-02 18:20:17,118,170999.01,171020.29,Relax
2011-03-02 18:20:44,2011-03-02 18:25:30,118,171020.74,171025.51,Relax
2011-03-02 18:37:10,2011-03-02 18:44:39,118,171037.18,171044.65,Meal_Preparation
2011-03-02 18:47:46,2011-03-02 19:29:15,118,171047.78,171089.26,Relax
2011-03-02 19:38:23,2011-03-02 19:50:44,118,171098.4,171110.75,Meal_Preparation
2011-03-02 19:50:48,2011-03-02 21:13:40,118,171110.81,171193.67,Relax
2011-03-02 21:15:21,2011-03-02 21:22:01,118,171195.36,171202.02,Relax
2011-03-02 21:24:48,2011-03-02 21:34:52,118,171204.81,171214.87,Relax
2011-03-02 22:34:39,2011-03-03 03:59:52,118,171274.66,171599.88,Sleeping
2011-03-03 04:00:01,2011-03-03 04:03:12,119,171600.03,171603.21,Bed_to_Toilet
2011-03-03 04:03:16,2011-03-03 06:01:14,119,171603.28,171721.25,Sleeping
2011-03-03 06:06:36,2011-03-03 06:14:09,119,171726.62,171734.16,Meal_Preparation
2011-03-03 06:15:37,2011-03-03 06:20:59,119,171735.62,171741.0,Meal_Preparation
2011-03-03 06:21:11,2011-03-03 06:33:28,119,171741.2,171753.47,Relax
2011-03-03 06:52:19,2011-03-03 07:12:51,119,171772.32,171792.86,Relax
2011-03-03 08:28:28,2011-03-03 08:28:31,119,171868.47,171868.53,Leave_Home
2011-03-03 11:21:02,2011-03-03 11:21:08,119,172041.03,172041.14,Enter_Home
2011-03-03 11:26:23,2011-03-03 12:27:51,119,172046.39,172107.86,Relax
2011-03-03 12:29:51,2011-03-03 12:35:51,119,172109.86,172115.85,Meal_Preparation
2011-03-03 13:33:38,2011-03-03 14:27:26,119,172173.64,172227.44,Work
2011-03-03 14:29:51,2011-03-03 15:01:50,119,172229.86,172261.84,Relax
2011-03-03 15:07:58,2011-03-03 15:12:31,119,172267.97,172272.52,Relax
2011-03-03 15:40:08,2011-03-03 15:40:13,119,172300.15,172300.22,Leave_Home
2011-03-03 18:32:58,2011-03-03 18:33:15,119,172472.97,172473.26,Enter_Home
2011-03-03 18:37:12,2011-03-03 18:43:54,119,172477.2,172483.91,Relax
2011-03-03 18:53:50,2011-03-03 18:56:15,119,172493.85,172496.26,Meal_Preparation
2011-03-03 18:57:46,2011-03-03 19:00:31,119,172497.77,172500.52,Meal_Preparation
2011-03-03 19:00:41,2011-03-03 19:33:00,119,172500.7,172533.0,Relax
2011-03-03 19:34:07,2011-03-03 19:42:29,119,172534.12,172542.49,Relax
2011-03-03 19:44:09,2011-03-03 19:51:20,119,172544.17,172551.35,Relax
2011-03-03 19:57:27,2011-03-03 20:16:13,119,172557.45,172576.23,Relax
2011-03-03 20:17:19,2011-03-03 20:34:19,119,172577.33,172594.32,Relax
2011-03-03 20:38:58,2011-03-03 22:59:46,119,172598.97,172739.77,Relax
2011-03-03 23:02:22,2011-03-03 23:13:49,119,172742.37,172753.83,Relax
2011-03-03 23:17:38,2011-03-03 23:48:07,119,172757.65,172788.13,Relax
2011-03-03 23:57:46,2011-03-04 04:35:59,119,172797.77,173075.99,Sleeping
2011-03-04 04:36:07,2011-03-04 04:38:17,120,173076.12,173078.29,Bed_to_Toilet
2011-03-04 04:38:46,2011-03-04 07:52:43,120,173078.77,173272.73,Sleeping
2011-03-04 07:58:17,2011-03-04 08:05:51,120,173278.29,173285.86,Meal_Preparation
2011-03-04 08:11:22,2011-03-04 08:12:59,120,173291.38,173293.0,Meal_Preparation
2011-03-04 08:13:04,2011-03-04 08:18:17,120,173293.07,173298.29,Relax
2011-03-04 08:18:49,2011-03-04 08:36:42,120,173298.83,173316.7,Relax
2011-03-04 08:37:56,2011-03-04 08:59:53,120,173317.95,173339.89,Relax
2011-03-04 09:42:08,2011-03-04 09:44:16,120,173382.14,173384.27,Meal_Preparation
2011-03-04 10:18:34,2011-03-04 10:18:38,120,173418.58,173418.64,Leave_Home
2011-03-04 12:07:12,2011-03-04 12:07:17,120,173527.2,173527.3,Enter_Home
2011-03-04 12:55:46,2011-03-04 13:05:55,120,173575.77,173585.93,Meal_Preparation
2011-03-04 13:07:22,2011-03-04 13:33:09,120,173587.38,173613.15,Relax
2011-03-04 13:35:47,2011-03-04 13:42:38,120,173615.79,173622.65,Work
2011-03-04 14:26:56,2011-03-04 14:30:23,120,173666.94,173670.39,Work
2011-03-04 14:32:44,2011-03-04 14:41:41,120,173672.74,173681.69,Relax
2011-03-04 14:48:49,2011-03-04 14:48:53,120,173688.83,173688.9,Leave_Home
2011-03-04 15:09:58,2011-03-04 15:10:07,120,173709.98,173710.12,Enter_Home
2011-03-04 15:27:20,2011-03-04 15:42:26,120,173727.35,173742.45,Work
2011-03-04 15:43:34,2011-03-04 17:04:13,120,173743.57,173824.22,Relax
2011-03-04 17:16:41,2011-03-04 17:20:11,120,173836.69,173840.19,Work
2011-03-04 17:30:07,2011-03-04 17:41:04,120,173850.13,173861.08,Work
2011-03-04 17:42:07,2011-03-04 17:48:13,120,173862.13,173868.22,Meal_Preparation
2011-03-04 17:48:40,2011-03-04 17:55:57,120,173868.67,173875.95,Meal_Preparation
2011-03-04 18:00:46,2011-03-04 18:03:02,120,173880.77,173883.04,Meal_Preparation
2011-03-04 18:09:58,2011-03-04 18:25:27,120,173889.98,173905.46,Meal_Preparation
2011-03-04 18:26:49,2011-03-04 18:57:27,120,173906.83,173937.45,Relax
2011-03-04 18:59:57,2011-03-04 19:49:07,120,173939.95,173989.13,Relax
2011-03-04 19:49:48,2011-03-04 19:57:03,120,173989.81,173997.06,Relax
2011-03-04 20:13:23,2011-03-04 20:33:29,120,174013.38,174033.48,Relax
2011-03-04 20:40:16,2011-03-04 21:27:40,120,174040.28,174087.68,Relax
2011-03-04 21:34:32,2011-03-04 22:08:42,120,174094.54,174128.71,Relax
2011-03-04 23:09:22,2011-03-05 05:00:58,120,174189.37,174540.98,Sleeping
2011-03-05 05:06:45,2011-03-05 05:19:42,121,174546.76,174559.7,Meal_Preparation
2011-03-05 05:21:04,2011-03-05 05:42:33,121,174561.07,174582.56,Relax
2011-03-05 06:21:27,2011-03-05 06:25:16,121,174621.46,174625.27,Meal_Preparation
2011-03-05 07:29:22,2011-03-05 07:29:25,121,174689.38,174689.43,Leave_Home
2011-03-05 13:44:51,2011-03-05 13:44:59,121,175064.86,175064.98,Enter_Home
2011-03-05 13:58:58,2011-03-05 13:59:03,121,175078.98,175079.06,Leave_Home
2011-03-05 15:48:01,2011-03-05 15:48:06,121,175188.03,175188.1,Enter_Home
2011-03-05 15:56:21,2011-03-05 16:09:56,121,175196.35,175209.95,Meal_Preparation
2011-03-05 16:14:23,2011-03-05 16:42:49,121,175214.39,175242.82,Relax
2011-03-05 16:42:51,2011-03-05 16:45:12,121,175242.86,175245.21,Meal_Preparation
2011-03-05 16:47:18,2011-03-05 16:48:54,121,175247.32,175248.9,Meal_Preparation
2011-03-05 16:50:38,2011-03-05 16:59:23,121,175250.65,175259.4,Meal_Preparation
2011-03-05 16:59:49,2011-03-05 17:22:12,121,175259.82,175282.2,Relax
2011-03-05 17:23:05,2011-03-05 18:10:30,121,175283.1,175330.5,Relax
2011-03-05 18:18:12,2011-03-05 19:30:14,121,175338.2,175410.24,Relax
2011-03-05 19:31:08,2011-03-05 21:52:12,121,175411.14,175552.21,Relax
2011-03-05 22:13:48,2011-03-06 00:03:20,121,175573.81,175683.34,Relax
2011-03-06 00:19:50,2011-03-06 06:41:59,122,175699.85,176082.0,Sleeping
2011-03-06 06:42:56,2011-03-06 06:47:12,122,176082.95,176087.2,Bed_to_Toilet
2011-03-06 06:47:16,2011-03-06 07:05:13,122,176087.28,176105.22,Sleeping
2011-03-06 07:05:46,2011-03-06 07:13:22,122,176105.78,176113.38,Meal_Preparation
2011-03-06 07:16:15,2011-03-06 07:19:47,122,176116.25,176119.8,Meal_Preparation
2011-03-06 07:23:10,2011-03-06 07:38:43,122,176123.18,176138.73,Relax
2011-03-06 08:19:18,2011-03-06 08:19:23,122,176179.31,176179.39,Leave_Home
2011-03-06 09:12:19,2011-03-06 09:12:24,122,176232.33,176232.41,Enter_Home
2011-03-06 09:44:02,2011-03-06 10:01:26,122,176264.04,176281.44,Meal_Preparation
2011-03-06 10:04:39,2011-03-06 10:08:55,122,176284.67,176288.92,Meal_Preparation
2011-03-06 10:09:00,2011-03-06 10:20:46,122,176289.01,176300.78,Relax
2011-03-06 10:20:50,2011-03-06 10:24:53,122,176300.84,176304.88,Meal_Preparation
2011-03-06 10:24:55,2011-03-06 11:01:49,122,176304.93,176341.82,Relax
2011-03-06 11:02:40,2011-03-06 11:12:51,122,176342.67,176352.86,Relax
2011-03-06 11:27:03,2011-03-06 11:32:21,122,176367.06,176372.37,Meal_Preparation
2011-03-06 11:48:00,2011-03-06 12:09:06,122,176388.01,176409.11,Relax
2011-03-06 12:09:40,2011-03-06 12:20:33,122,176409.68,176420.56,Relax
2011-03-06 12:29:17,2011-03-06 13:20:14,122,176429.3,176480.24,Relax
2011-03-06 13:20:43,2011-03-06 13:26:04,122,176480.72,176486.08,Relax
2011-03-06 13:28:57,2011-03-06 14:04:43,122,176488.96,176524.72,Relax
2011-03-06 14:22:21,2011-03-06 15:00:34,122,176542.37,176580.58,Relax
2011-03-06 15:01:35,2011-03-06 16:13:00,122,176581.59,176653.02,Relax
2011-03-06 16:20:25,2011-03-06 17:23:50,122,176660.42,176723.83,Relax
2011-03-06 17:32:32,2011-03-06 17:42:25,122,176732.54,176742.43,Meal_Preparation
2011-03-06 17:43:20,2011-03-06 18:03:18,122,176743.34,176763.31,Meal_Preparation
2011-03-06 18:04:03,2011-03-06 18:05:58,122,176764.06,176765.97,Meal_Preparation
2011-03-06 18:06:30,2011-03-06 18:14:52,122,176766.5,176774.88,Relax
2011-03-06 18:17:03,2011-03-06 18:27:54,122,176777.05,176787.9,Relax
2011-03-06 18:28:36,2011-03-06 19:12:38,122,176788.61,176832.65,Relax
2011-03-06 19:13:59,2011-03-06 22:03:17,122,176834.0,177003.29,Relax
2011-03-06 22:23:23,2011-03-07 00:04:36,122,177023.39,177124.61,Relax
2011-03-07 00:19:49,2011-03-07 05:13:16,123,177139.83,177433.27,Sleeping
2011-03-07 05:13:24,2011-03-07 05:16:01,123,177433.41,177436.03,Bed_to_Toilet
2011-03-07 05:16:11,2011-03-07 07:29:04,123,177436.2,177569.07,Sleeping
2011-03-07 07:38:30,2011-03-07 07:53:31,123,177578.51,177593.52,Meal_Preparation
2011-03-07 07:53:32,2011-03-07 08:24:09,123,177593.55,177624.16,Relax
2011-03-07 08:25:00,2011-03-07 08:40:07,123,177625.01,177640.12,Relax
2011-03-07 08:52:38,2011-03-07 09:03:01,123,177652.63,177663.02,Eating
2011-03-07 09:07:45,2011-03-07 09:15:05,123,177667.75,177675.1,Eating
2011-03-07 09:15:51,2011-03-07 09:19:29,123,177675.86,177679.49,Eating
2011-03-07 09:20:12,2011-03-07 09:58:45,123,177680.21,177718.76,Eating
2011-03-07 09:58:47,2011-03-07 10:05:31,123,177718.78,177725.53,Wash_Dishes
2011-03-07 10:31:07,2011-03-07 10:37:32,123,177751.13,177757.54,Relax
2011-03-07 11:28:44,2011-03-07 11:28:51,123,177808.75,177808.87,Leave_Home
2011-03-07 14:24:57,2011-03-07 14:25:08,123,177984.97,177985.14,Enter_Home
2011-03-07 14:45:52,2011-03-07 14:45:58,123,178005.88,178005.98,Leave_Home
2011-03-07 14:49:10,2011-03-07 14:49:15,123,178009.18,178009.27,Enter_Home
2011-03-07 14:57:12,2011-03-07 15:05:22,123,178017.21,178025.38,Meal_Preparation
2011-03-07 15:06:05,2011-03-07 15:18:38,123,178026.1,178038.63,Relax
2011-03-07 15:20:35,2011-03-07 15:44:39,123,178040.59,178064.66,Relax
2011-03-07 15:51:13,2011-03-07 15:59:02,123,178071.22,178079.04,Relax
2011-03-07 16:04:17,2011-03-07 16:35:05,123,178084.29,178115.08,Relax
2011-03-07 16:51:56,2011-03-07 17:01:04,123,178131.93,178141.08,Relax
2011-03-07 17:02:03,2011-03-07 17:43:35,123,178142.05,178183.59,Relax
2011-03-07 17:48:15,2011-03-07 18:21:58,123,178188.26,178221.98,Relax
2011-03-07 18:22:29,2011-03-07 18:25:35,123,178222.5,178225.59,Meal_Preparation
2011-03-07 18:25:35,2011-03-07 18:31:06,123,178225.6,178231.11,Relax
2011-03-07 18:31:09,2011-03-07 18:33:45,123,178231.16,178233.76,Meal_Preparation
2011-03-07 18:34:05,2011-03-07 18:38:34,123,178234.09,178238.58,Relax
2011-03-07 18:39:04,2011-03-07 18:44:20,123,178239.07,178244.34,Relax
2011-03-07 18:44:35,2011-03-07 19:28:23,123,178244.59,178288.39,Relax
2011-03-07 19:31:05,2011-03-07 19:55:00,123,178291.1,178315.0,Relax
2011-03-07 19:59:14,2011-03-07 21:14:40,123,178319.24,178394.68,Relax
2011-03-07 21:14:44,2011-03-07 21:18:10,123,178394.74,178398.18,Meal_Preparation
2011-03-07 21:18:18,2011-03-07 22:24:53,123,178398.31,178464.89,Relax
2011-03-07 23:00:33,2011-03-08 07:37:13,123,178500.56,179017.23,Sleeping
2011-03-08 07:48:17,2011-03-08 07:58:33,124,179028.3,179038.57,Meal_Preparation
2011-03-08 07:59:30,2011-03-08 08:02:25,124,179039.51,179042.43,Meal_Preparation
2011-03-08 08:02:31,2011-03-08 08:22:55,124,179042.52,179062.93,Relax
2011-03-08 08:27:55,2011-03-08 08:43:39,124,179067.92,179083.66,Relax
2011-03-08 09:12:09,2011-03-08 09:21:33,124,179112.16,179121.56,Relax
2011-03-08 09:21:36,2011-03-08 09:22:42,124,179121.61,179122.71,Meal_Preparation
2011-03-08 09:23:19,2011-03-08 09:29:17,124,179123.32,179129.28,Meal_Preparation
2011-03-08 09:30:33,2011-03-08 09:31:44,124,179130.55,179131.74,Meal_Preparation
2011-03-08 10:00:30,2011-03-08 10:05:44,124,179160.5,179165.74,Meal_Preparation
2011-03-08 10:16:19,2011-03-08 10:39:37,124,179176.32,179199.62,Eating
2011-03-08 11:37:19,2011-03-08 11:58:47,124,179257.32,179278.8,Relax
2011-03-08 12:03:30,2011-03-08 12:07:59,124,179283.51,179287.98,Meal_Preparation
2011-03-08 12:11:10,2011-03-08 12:15:19,124,179291.17,179295.33,Meal_Preparation
2011-03-08 12:15:21,2011-03-08 12:26:37,124,179295.36,179306.62,Relax
2011-03-08 12:47:04,2011-03-08 12:47:09,124,179327.08,179327.15,Leave_Home
2011-03-08 12:52:19,2011-03-08 12:52:24,124,179332.33,179332.41,Enter_Home
2011-03-08 12:52:36,2011-03-08 12:52:40,124,179332.61,179332.68,Leave_Home
2011-03-08 14:33:25,2011-03-08 14:33:30,124,179433.43,179433.51,Enter_Home
2011-03-08 14:38:59,2011-03-08 14:39:04,124,179439.0,179439.07,Leave_Home
2011-03-08 15:14:06,2011-03-08 15:14:26,124,179474.1,179474.44,Enter_Home
2011-03-08 15:16:11,2011-03-08 15:19:38,124,179476.19,179479.63,Meal_Preparation
2011-03-08 15:24:52,2011-03-08 15:40:27,124,179484.87,179500.46,Relax
2011-03-08 15:40:32,2011-03-08 15:47:32,124,179500.55,179507.55,Meal_Preparation
2011-03-08 15:48:51,2011-03-08 15:51:06,124,179508.85,179511.12,Meal_Preparation
2011-03-08 16:06:46,2011-03-08 16:44:53,124,179526.78,179564.89,Relax
2011-03-08 16:44:56,2011-03-08 16:48:05,124,179564.94,179568.08,Meal_Preparation
2011-03-08 16:50:45,2011-03-08 16:51:27,124,179570.76,179571.46,Meal_Preparation
2011-03-08 17:02:49,2011-03-08 17:04:23,124,179582.83,179584.39,Meal_Preparation
2011-03-08 17:05:08,2011-03-08 17:08:05,124,179585.15,179588.08,Meal_Preparation
2011-03-08 17:13:54,2011-03-08 17:15:05,124,179593.9,179595.1,Meal_Preparation
2011-03-08 17:16:21,2011-03-08 17:17:30,124,179596.36,179597.51,Meal_Preparation
2011-03-08 17:23:13,2011-03-08 17:36:56,124,179603.23,179616.94,Meal_Preparation
2011-03-08 17:25:20,2011-03-08 17:34:01,124,179605.34,179614.03,Relax
2011-03-08 17:36:58,2011-03-08 18:09:09,124,179616.98,179649.16,Relax
2011-03-08 18:10:08,2011-03-08 18:11:53,124,179650.14,179651.9,Meal_Preparation
2011-03-08 18:14:52,2011-03-08 18:53:08,124,179654.88,179693.15,Relax
2011-03-08 18:59:29,2011-03-08 19:30:29,124,179699.49,179730.49,Relax
2011-03-08 19:31:26,2011-03-08 19:51:50,124,179731.44,179751.85,Relax
2011-03-08 19:52:33,2011-03-08 20:33:17,124,179752.56,179793.29,Relax
2011-03-08 20:35:05,2011-03-08 20:49:03,124,179795.09,179809.06,Work
2011-03-08 20:50:16,2011-03-08 21:40:19,124,179810.27,179860.33,Relax
2011-03-08 21:43:58,2011-03-08 22:20:19,124,179863.98,179900.32,Relax
2011-03-08 22:24:27,2011-03-08 22:32:29,124,179904.46,179912.5,Relax
2011-03-08 22:36:49,2011-03-08 23:43:24,124,179916.82,179983.41,Relax
2011-03-08 23:52:25,2011-03-09 07:31:45,124,179992.43,180451.76,Sleeping
2011-03-09 07:40:28,2011-03-09 07:46:42,125,180460.48,180466.71,Meal_Preparation
2011-03-09 07:50:38,2011-03-09 07:52:31,125,180470.64,180472.52,Meal_Preparation
2011-03-09 07:52:33,2011-03-09 08:12:06,125,180472.55,180492.11,Relax
2011-03-09 08:21:09,2011-03-09 08:36:44,125,180501.15,180516.74,Relax
2011-03-09 09:12:37,2011-03-09 09:35:40,125,180552.63,180575.67,Relax
2011-03-09 09:38:43,2011-03-09 09:46:29,125,180578.73,180586.49,Meal_Preparation
2011-03-09 09:46:33,2011-03-09 09:51:08,125,180586.55,180591.13,Eating
2011-03-09 10:52:58,2011-03-09 11:00:14,125,180652.97,180660.23,Relax
2011-03-09 11:30:11,2011-03-09 11:30:17,125,180690.2,180690.29,Leave_Home
2011-03-09 13:39:43,2011-03-09 13:39:47,125,180819.72,180819.8,Enter_Home
2011-03-09 13:59:41,2011-03-09 14:08:31,125,180839.7,180848.53,Meal_Preparation
2011-03-09 14:08:39,2011-03-09 14:23:47,125,180848.65,180863.79,Relax
2011-03-09 14:24:31,2011-03-09 14:48:22,125,180864.53,180888.38,Relax
2011-03-09 14:49:02,2011-03-09 14:59:29,125,180889.05,180899.49,Relax
2011-03-09 15:18:20,2011-03-09 15:25:58,125,180918.34,180925.98,Relax
2011-03-09 15:45:16,2011-03-09 15:45:20,125,180945.27,180945.35,Leave_Home
2011-03-09 18:47:53,2011-03-09 18:47:59,125,181127.89,181127.99,Enter_Home
2011-03-09 18:56:12,2011-03-09 19:04:37,125,181136.2,181144.62,Relax
2011-03-09 19:04:40,2011-03-09 19:08:53,125,181144.67,181148.89,Meal_Preparation
2011-03-09 19:09:04,2011-03-09 19:16:15,125,181149.07,181156.25,Relax
2011-03-09 19:17:51,2011-03-09 19:53:15,125,181157.85,181193.26,Relax
2011-03-09 19:54:27,2011-03-09 20:18:32,125,181194.45,181218.54,Relax
2011-03-09 20:18:59,2011-03-09 20:22:29,125,181218.99,181222.49,Meal_Preparation
2011-03-09 20:23:03,2011-03-09 21:07:41,125,181223.07,181267.69,Relax
2011-03-09 21:20:18,2011-03-09 22:13:22,125,181280.31,181333.38,Relax
2011-03-09 22:21:42,2011-03-10 05:07:09,125,181341.72,181747.15,Sleeping
2011-03-10 05:07:15,2011-03-10 05:12:18,126,181747.26,181752.31,Bed_to_Toilet
2011-03-10 05:12:27,2011-03-10 05:57:59,126,181752.45,181797.99,Sleeping
2011-03-10 06:01:26,2011-03-10 06:13:09,126,181801.43,181813.16,Meal_Preparation
2011-03-10 06:15:55,2011-03-10 06:24:01,126,181815.92,181824.03,Relax
2011-03-10 06:30:54,2011-03-10 06:55:46,126,181830.9,181855.78,Relax
2011-03-10 08:25:27,2011-03-10 08:25:31,126,181945.46,181945.53,Leave_Home
2011-03-10 10:18:41,2011-03-10 10:18:46,126,182058.7,182058.78,Enter_Home
2011-03-10 10:43:30,2011-03-10 10:49:19,126,182083.52,182089.32,Meal_Preparation
2011-03-10 10:52:47,2011-03-10 10:56:14,126,182092.8,182096.24,Eating
2011-03-10 10:57:07,2011-03-10 11:13:30,126,182097.12,182113.52,Relax
2011-03-10 11:36:10,2011-03-10 11:36:14,126,182136.18,182136.25,Leave_Home
2011-03-10 13:31:07,2011-03-10 13:31:13,126,182251.13,182251.22,Enter_Home
2011-03-10 13:50:11,2011-03-10 14:10:01,126,182270.2,182290.03,Relax
2011-03-10 14:10:59,2011-03-10 14:23:01,126,182290.99,182303.02,Relax
2011-03-10 14:23:31,2011-03-10 14:45:49,126,182303.53,182325.82,Relax
2011-03-10 14:46:35,2011-03-10 15:47:06,126,182326.58,182387.1,Relax
2011-03-10 15:48:30,2011-03-10 15:53:34,126,182388.51,182393.58,Meal_Preparation
2011-03-10 15:59:51,2011-03-10 16:13:23,126,182399.87,182413.39,Relax
2011-03-10 17:49:47,2011-03-10 17:57:30,126,182509.8,182517.5,Relax
2011-03-10 19:40:06,2011-03-10 19:58:39,126,182620.11,182638.66,Meal_Preparation
2011-03-10 20:02:18,2011-03-10 20:09:18,126,182642.3,182649.31,Relax
2011-03-10 20:10:37,2011-03-10 20:27:18,126,182650.63,182667.32,Relax
2011-03-10 20:30:30,2011-03-10 21:08:52,126,182670.51,182708.87,Relax
2011-03-10 21:09:40,2011-03-10 23:22:35,126,182709.68,182842.59,Relax
2011-03-10 23:37:07,2011-03-11 07:22:55,126,182857.13,183322.93,Sleeping
2011-03-11 07:41:08,2011-03-11 07:46:30,127,183341.15,183346.5,Meal_Preparation
2011-03-11 07:47:30,2011-03-11 07:50:19,127,183347.5,183350.32,Meal_Preparation
2011-03-11 07:51:19,2011-03-11 07:52:35,127,183351.32,183352.6,Meal_Preparation
2011-03-11 07:53:02,2011-03-11 07:54:17,127,183353.05,183354.29,Meal_Preparation
2011-03-11 07:54:20,2011-03-11 08:17:33,127,183354.35,183377.56,Relax
2011-03-11 08:19:09,2011-03-11 08:54:17,127,183379.16,183414.3,Relax
2011-03-11 08:57:34,2011-03-11 09:09:45,127,183417.57,183429.76,Relax
2011-03-11 09:15:47,2011-03-11 09:30:10,127,183435.8,183450.18,Work
2011-03-11 09:39:10,2011-03-11 09:40:07,127,183459.17,183460.12,Meal_Preparation
2011-03-11 09:41:09,2011-03-11 10:01:34,127,183461.15,183481.57,Eating
2011-03-11 10:02:41,2011-03-11 10:10:38,127,183482.69,183490.63,Relax
2011-03-11 10:11:34,2011-03-11 10:20:25,127,183491.58,183500.43,Meal_Preparation
2011-03-11 10:20:27,2011-03-11 10:26:36,127,183500.45,183506.6,Eating
2011-03-11 11:18:16,2011-03-11 11:22:22,127,183558.27,183562.38,Work
2011-03-11 11:36:26,2011-03-11 11:36:33,127,183576.45,183576.55,Leave_Home
2011-03-11 15:14:24,2011-03-11 15:14:29,127,183794.42,183794.5,Enter_Home
2011-03-11 15:20:03,2011-03-11 15:32:55,127,183800.06,183812.92,Meal_Preparation
2011-03-11 15:34:36,2011-03-11 15:38:07,127,183814.61,183818.13,Meal_Preparation
2011-03-11 15:38:09,2011-03-11 16:24:50,127,183818.16,183864.85,Relax
2011-03-11 16:24:53,2011-03-11 16:29:17,127,183864.89,183869.29,Meal_Preparation
2011-03-11 16:29:21,2011-03-11 16:40:32,127,183869.36,183880.54,Relax
2011-03-11 16:43:35,2011-03-11 17:13:57,127,183883.59,183913.96,Relax
2011-03-11 17:14:01,2011-03-11 17:15:44,127,183914.03,183915.75,Meal_Preparation
2011-03-11 17:28:18,2011-03-11 17:33:13,127,183928.31,183933.22,Meal_Preparation
2011-03-11 17:34:36,2011-03-11 17:55:51,127,183934.6,183955.85,Relax
2011-03-11 17:56:29,2011-03-11 17:58:30,127,183956.5,183958.51,Meal_Preparation
2011-03-11 19:42:04,2011-03-11 19:44:31,127,184062.08,184064.52,Meal_Preparation
2011-03-11 19:46:36,2011-03-11 19:48:07,127,184066.6,184068.13,Meal_Preparation
2011-03-11 19:48:14,2011-03-11 20:05:44,127,184068.24,184085.74,Relax
2011-03-11 20:05:46,2011-03-11 20:09:58,127,184085.78,184089.98,Meal_Preparation
2011-03-11 20:10:00,2011-03-11 20:40:43,127,184090.01,184120.72,Relax
2011-03-11 20:46:28,2011-03-11 21:42:52,127,184126.48,184182.87,Relax
2011-03-11 21:52:05,2011-03-11 23:09:07,127,184192.09,184269.13,Relax
2011-03-11 23:37:30,2011-03-12 00:07:09,127,184297.5,184327.16,Relax
2011-03-12 00:20:14,2011-03-12 08:07:34,128,184340.24,184807.58,Sleeping
2011-03-12 08:16:22,2011-03-12 08:29:31,128,184816.38,184829.53,Meal_Preparation
2011-03-12 08:32:15,2011-03-12 08:41:16,128,184832.26,184841.27,Relax
2011-03-12 08:42:44,2011-03-12 08:58:32,128,184842.74,184858.54,Relax
2011-03-12 10:37:48,2011-03-12 10:41:22,128,184957.81,184961.38,Meal_Preparation
2011-03-12 12:11:05,2011-03-12 12:45:32,128,185051.09,185085.55,Meal_Preparation
2011-03-12 12:46:22,2011-03-12 12:58:08,128,185086.38,185098.14,Meal_Preparation
2011-03-12 13:08:50,2011-03-12 13:11:29,128,185108.84,185111.49,Meal_Preparation
2011-03-12 13:27:02,2011-03-12 13:27:06,128,185127.04,185127.1,Leave_Home
2011-03-12 14:07:10,2011-03-12 14:07:16,128,185167.18,185167.27,Enter_Home
2011-03-12 14:34:09,2011-03-12 14:46:45,128,185194.16,185206.76,Meal_Preparation
2011-03-12 14:47:41,2011-03-12 15:23:51,128,185207.68,185243.86,Relax
2011-03-12 15:27:21,2011-03-12 16:26:45,128,185247.35,185306.75,Relax
2011-03-12 16:29:36,2011-03-12 17:05:48,128,185309.6,185345.81,Relax
2011-03-12 17:10:58,2011-03-12 17:41:43,128,185350.97,185381.72,Relax
2011-03-12 17:46:37,2011-03-12 17:54:10,128,185386.62,185394.18,Relax
2011-03-12 17:54:16,2011-03-12 18:03:57,128,185394.28,185403.96,Meal_Preparation
2011-03-12 18:04:01,2011-03-12 18:05:45,128,185404.03,185405.76,Work
2011-03-12 18:05:48,2011-03-12 18:45:32,128,185405.81,185445.54,Meal_Preparation
2011-03-12 18:49:06,2011-03-12 19:05:17,128,185449.11,185465.29,Meal_Preparation
2011-03-12 19:05:19,2011-03-12 19:36:44,128,185465.33,185496.74,Relax
2011-03-12 19:37:02,2011-03-12 19:40:40,128,185497.04,185500.68,Meal_Preparation
2011-03-12 19:43:19,2011-03-12 20:36:05,128,185503.33,185556.09,Relax
2011-03-12 20:55:10,2011-03-12 21:21:26,128,185575.18,185601.44,Relax
2011-03-12 21:25:19,2011-03-12 21:34:59,128,185605.33,185614.99,Relax
2011-03-12 21:35:13,2011-03-12 23:13:55,128,185615.23,185713.92,Relax
2011-03-12 23:18:23,2011-03-13 06:10:37,128,185718.39,186130.63,Sleeping
2011-03-13 06:15:30,2011-03-13 06:22:29,129,186135.51,186142.48,Meal_Preparation
2011-03-13 06:23:13,2011-03-13 06:25:35,129,186143.23,186145.6,Meal_Preparation
2011-03-13 06:26:54,2011-03-13 06:35:56,129,186146.91,186155.94,Relax
2011-03-13 06:47:10,2011-03-13 07:05:02,129,186167.18,186185.05,Relax
2011-03-13 08:16:30,2011-03-13 08:16:35,129,186256.51,186256.59,Leave_Home
2011-03-13 08:20:51,2011-03-13 08:20:55,129,186260.85,186260.93,Enter_Home
2011-03-13 08:22:02,2011-03-13 08:22:07,129,186262.04,186262.13,Leave_Home
2011-03-13 11:17:20,2011-03-13 11:17:24,129,186437.34,186437.41,Enter_Home
2011-03-13 11:17:44,2011-03-13 11:23:19,129,186437.75,186443.33,Meal_Preparation
2011-03-13 11:24:16,2011-03-13 11:34:33,129,186444.27,186454.56,Eating
2011-03-13 11:51:32,2011-03-13 12:04:11,129,186471.53,186484.2,Relax
2011-03-13 12:05:31,2011-03-13 12:27:04,129,186485.53,186507.07,Work
2011-03-13 12:30:45,2011-03-13 14:18:00,129,186510.77,186618.01,Work
2011-03-13 14:18:46,2011-03-13 14:26:33,129,186618.78,186626.55,Meal_Preparation
2011-03-13 14:27:06,2011-03-13 14:30:41,129,186627.12,186630.69,Meal_Preparation
2011-03-13 14:30:47,2011-03-13 16:10:00,129,186630.78,186730.01,Relax
2011-03-13 16:17:14,2011-03-13 17:52:43,129,186737.24,186832.73,Relax
2011-03-13 17:56:29,2011-03-13 19:23:32,129,186836.49,186923.53,Relax
2011-03-13 19:29:39,2011-03-13 19:35:50,129,186929.66,186935.85,Meal_Preparation
2011-03-13 19:35:56,2011-03-13 19:49:27,129,186935.95,186949.46,Relax
2011-03-13 19:49:48,2011-03-13 21:19:34,129,186949.8,187039.58,Relax
2011-03-13 21:32:39,2011-03-13 22:18:01,129,187052.66,187098.02,Relax
2011-03-13 22:18:33,2011-03-13 23:09:59,129,187098.55,187150.0,Relax
2011-03-13 23:10:31,2011-03-13 23:28:07,129,187150.53,187168.13,Relax
2011-03-13 23:33:34,2011-03-14 07:03:20,129,187173.58,187623.34,Sleeping
2011-03-14 07:03:26,2011-03-14 07:05:54,130,187623.44,187625.91,Bed_to_Toilet
2011-03-14 07:05:59,2011-03-14 07:18:17,130,187625.99,187638.28,Sleeping
2011-03-14 07:21:25,2011-03-14 07:28:16,130,187641.42,187648.28,Meal_Preparation
2011-03-14 07:35:06,2011-03-14 08:22:15,130,187655.1,187702.25,Relax
2011-03-14 08:23:14,2011-03-14 08:31:36,130,187703.25,187711.61,Meal_Preparation
2011-03-14 08:31:53,2011-03-14 08:39:12,130,187711.9,187719.2,Relax
2011-03-14 08:46:07,2011-03-14 08:57:26,130,187726.12,187737.45,Relax
2011-03-14 09:04:21,2011-03-14 10:32:46,130,187744.35,187832.77,Relax
2011-03-14 10:33:00,2011-03-14 10:38:54,130,187833.02,187838.91,Wash_Dishes
2011-03-14 10:49:53,2011-03-14 11:09:26,130,187849.89,187869.44,Relax
2011-03-14 11:15:07,2011-03-14 12:11:38,130,187875.13,187931.63,Relax
2011-03-14 12:26:58,2011-03-14 12:35:13,130,187946.97,187955.23,Relax
2011-03-14 12:36:58,2011-03-14 13:15:58,130,187956.97,187995.98,Relax
2011-03-14 17:05:52,2011-03-14 17:12:09,130,188225.87,188232.15,Meal_Preparation
2011-03-14 17:12:16,2011-03-14 17:15:44,130,188232.27,188235.75,Eating
2011-03-14 17:15:59,2011-03-14 17:16:22,130,188235.99,188236.37,Meal_Preparation
2011-03-14 17:16:37,2011-03-14 17:16:53,130,188236.63,188236.89,Eating
2011-03-14 17:16:53,2011-03-14 17:17:34,130,188236.9,188237.57,Meal_Preparation
2011-03-14 17:17:47,2011-03-14 17:18:50,130,188237.78,188238.84,Eating
2011-03-14 17:26:38,2011-03-14 17:45:09,130,188246.64,188265.16,Relax
2011-03-14 17:46:05,2011-03-14 18:10:56,130,188266.09,188290.95,Wash_Dishes
2011-03-14 18:11:03,2011-03-14 18:39:50,130,188291.06,188319.83,Relax
2011-03-14 18:42:14,2011-03-14 18:57:04,130,188322.25,188337.07,Relax
2011-03-14 19:00:06,2011-03-14 19:25:55,130,188340.11,188365.92,Relax
2011-03-14 19:27:49,2011-03-14 19:53:06,130,188367.82,188393.11,Relax
2011-03-14 20:02:58,2011-03-14 20:07:58,130,188402.98,188407.97,Relax
2011-03-14 20:08:54,2011-03-14 21:12:06,130,188408.91,188472.11,Relax
2011-03-14 21:13:19,2011-03-14 21:49:54,130,188473.32,188509.91,Relax
2011-03-14 21:53:45,2011-03-15 00:02:46,130,188513.75,188642.78,Relax
2011-03-15 00:08:24,2011-03-15 07:24:53,131,188648.41,189084.9,Sleeping
2011-03-15 07:31:17,2011-03-15 07:44:44,131,189091.29,189104.75,Meal_Preparation
2011-03-15 07:44:55,2011-03-15 07:53:50,131,189104.93,189113.84,Relax
2011-03-15 07:57:06,2011-03-15 08:10:57,131,189117.1,189130.96,Relax
2011-03-15 08:17:21,2011-03-15 08:50:45,131,189137.35,189170.76,Relax
2011-03-15 09:11:07,2011-03-15 09:21:01,131,189191.12,189201.02,Meal_Preparation
2011-03-15 09:21:29,2011-03-15 09:25:57,131,189201.5,189205.95,Eating
2011-03-15 09:26:15,2011-03-15 09:26:46,131,189206.26,189206.78,Eating
2011-03-15 10:53:34,2011-03-15 11:01:11,131,189293.57,189301.19,Meal_Preparation
2011-03-15 11:10:45,2011-03-15 11:17:45,131,189310.76,189317.76,Work
2011-03-15 11:20:27,2011-03-15 11:26:14,131,189320.46,189326.24,Relax
2011-03-15 11:29:29,2011-03-15 11:29:34,131,189329.49,189329.57,Leave_Home
2011-03-15 14:08:29,2011-03-15 14:08:37,131,189488.49,189488.62,Enter_Home
2011-03-15 14:09:53,2011-03-15 14:17:20,131,189489.89,189497.33,Meal_Preparation
2011-03-15 14:18:42,2011-03-15 14:37:49,131,189498.7,189517.83,Meal_Preparation
2011-03-15 14:37:56,2011-03-15 14:55:24,131,189517.94,189535.4,Relax
2011-03-15 14:55:48,2011-03-15 15:18:09,131,189535.81,189558.16,Relax
2011-03-15 15:25:46,2011-03-15 15:39:12,131,189565.77,189579.21,Meal_Preparation
2011-03-15 15:40:05,2011-03-15 15:47:58,131,189580.1,189587.98,Meal_Preparation
2011-03-15 15:49:17,2011-03-15 16:08:09,131,189589.29,189608.17,Meal_Preparation
2011-03-15 16:14:30,2011-03-15 16:34:04,131,189614.5,189634.08,Meal_Preparation
2011-03-15 16:34:34,2011-03-15 17:09:28,131,189634.58,189669.48,Relax
2011-03-15 17:28:30,2011-03-15 17:36:22,131,189688.51,189696.38,Relax
2011-03-15 17:40:15,2011-03-15 18:00:57,131,189700.26,189720.96,Meal_Preparation
2011-03-15 18:16:07,2011-03-15 18:19:07,131,189736.13,189739.13,Meal_Preparation
2011-03-15 18:19:15,2011-03-15 18:30:28,131,189739.27,189750.47,Eating
2011-03-15 19:16:01,2011-03-15 19:25:12,131,189796.02,189805.21,Meal_Preparation
2011-03-15 19:35:58,2011-03-15 19:51:53,131,189815.97,189831.89,Meal_Preparation
2011-03-15 19:56:51,2011-03-15 20:21:15,131,189836.86,189861.26,Eating
2011-03-15 20:54:44,2011-03-15 21:09:30,131,189894.74,189909.51,Wash_Dishes
2011-03-15 21:10:46,2011-03-15 21:21:06,131,189910.78,189921.11,Relax
2011-03-15 21:24:45,2011-03-15 23:21:37,131,189924.76,190041.63,Relax
2011-03-15 23:31:59,2011-03-16 00:04:46,131,190051.99,190084.78,Relax
2011-03-16 00:33:45,2011-03-16 01:03:21,132,190113.76,190143.35,Sleeping
2011-03-16 01:16:18,2011-03-16 02:08:56,132,190156.31,190208.95,Relax
2011-03-16 02:11:40,2011-03-16 06:19:07,132,190211.67,190459.12,Sleeping
2011-03-16 06:19:11,2011-03-16 06:21:06,132,190459.19,190461.11,Bed_to_Toilet
2011-03-16 06:21:11,2011-03-16 07:44:05,132,190461.2,190544.08,Sleeping
2011-03-16 07:46:04,2011-03-16 07:54:44,132,190546.07,190554.74,Meal_Preparation
2011-03-16 07:58:37,2011-03-16 08:15:21,132,190558.63,190575.36,Relax
2011-03-16 08:21:50,2011-03-16 08:44:37,132,190581.84,190604.62,Relax
2011-03-16 09:05:12,2011-03-16 09:25:51,132,190625.21,190645.86,Relax
2011-03-16 09:38:17,2011-03-16 09:55:41,132,190658.29,190675.68,Meal_Preparation
2011-03-16 10:03:01,2011-03-16 10:12:16,132,190683.03,190692.27,Meal_Preparation
2011-03-16 10:29:28,2011-03-16 10:35:28,132,190709.48,190715.48,Meal_Preparation
2011-03-16 10:42:38,2011-03-16 12:00:27,132,190722.65,190800.45,Relax
2011-03-16 12:40:49,2011-03-16 13:31:50,132,190840.82,190891.84,Relax
2011-03-16 13:36:37,2011-03-16 14:52:43,132,190896.62,190972.72,Relax
2011-03-16 15:00:53,2011-03-16 16:39:23,132,190980.9,191079.4,Relax
2011-03-16 16:43:44,2011-03-16 17:07:18,132,191083.75,191107.32,Relax
2011-03-16 17:36:16,2011-03-16 17:52:24,132,191136.28,191152.41,Relax
2011-03-16 17:52:27,2011-03-16 18:01:52,132,191152.45,191161.87,Meal_Preparation
2011-03-16 18:08:38,2011-03-16 18:14:08,132,191168.64,191174.14,Relax
2011-03-16 18:15:14,2011-03-16 19:17:34,132,191175.24,191237.57,Relax
2011-03-16 19:20:33,2011-03-16 19:28:17,132,191240.56,191248.28,Relax
2011-03-16 19:28:33,2011-03-16 20:06:26,132,191248.56,191286.44,Relax
2011-03-16 20:08:45,2011-03-16 21:50:45,132,191288.75,191390.76,Relax
2011-03-16 22:04:23,2011-03-16 23:55:36,132,191404.39,191515.6,Relax
2011-03-17 00:02:43,2011-03-17 08:09:30,133,191522.72,192009.51,Sleeping
2011-03-17 08:38:58,2011-03-17 08:45:27,133,192038.97,192045.45,Meal_Preparation
2011-03-17 08:50:08,2011-03-17 08:58:34,133,192050.14,192058.57,Meal_Preparation
2011-03-17 08:58:53,2011-03-17 09:23:26,133,192058.9,192083.44,Relax
2011-03-17 09:29:27,2011-03-17 09:43:35,133,192089.46,192103.59,Relax
2011-03-17 09:49:51,2011-03-17 10:54:38,133,192109.86,192174.64,Relax
2011-03-17 11:35:32,2011-03-17 11:41:53,133,192215.55,192221.89,Relax
2011-03-17 12:06:14,2011-03-17 12:06:19,133,192246.24,192246.33,Leave_Home
2011-03-17 13:34:12,2011-03-17 13:34:18,133,192334.2,192334.3,Enter_Home
2011-03-17 13:35:42,2011-03-17 13:39:09,133,192335.71,192339.16,Meal_Preparation
2011-03-17 13:40:44,2011-03-17 13:47:36,133,192340.74,192347.6,Eating
2011-03-17 13:51:12,2011-03-17 13:58:51,133,192351.21,192358.86,Relax
2011-03-17 14:01:49,2011-03-17 14:01:55,133,192361.82,192361.92,Leave_Home
2011-03-17 17:35:27,2011-03-17 17:35:40,133,192575.46,192575.68,Enter_Home
2011-03-17 17:43:04,2011-03-17 18:12:35,133,192583.07,192612.6,Relax
2011-03-17 18:12:57,2011-03-17 18:25:29,133,192612.96,192625.49,Meal_Preparation
2011-03-17 18:26:10,2011-03-17 18:28:09,133,192626.17,192628.16,Meal_Preparation
2011-03-17 18:28:12,2011-03-17 21:45:02,133,192628.21,192825.03,Relax
2011-03-17 21:52:33,2011-03-17 22:31:15,133,192832.55,192871.25,Relax
2011-03-17 22:33:39,2011-03-17 22:38:17,133,192873.65,192878.3,Meal_Preparation
2011-03-17 22:38:31,2011-03-17 22:58:41,133,192878.53,192898.7,Relax
2011-03-17 23:01:15,2011-03-18 00:00:25,133,192901.26,192960.43,Relax
2011-03-18 00:06:42,2011-03-18 02:31:13,134,192966.71,193111.22,Sleeping
2011-03-18 02:34:52,2011-03-18 07:30:18,134,193114.87,193410.3,Sleeping
2011-03-18 07:45:09,2011-03-18 07:53:54,134,193425.16,193433.92,Sleeping
2011-03-18 07:56:14,2011-03-18 08:45:03,134,193436.25,193485.06,Sleeping
2011-03-18 08:47:11,2011-03-18 08:55:07,134,193487.19,193495.13,Meal_Preparation
2011-03-18 09:04:19,2011-03-18 09:22:22,134,193504.32,193522.38,Relax
2011-03-18 09:32:25,2011-03-18 09:40:38,134,193532.43,193540.64,Relax
2011-03-18 09:46:54,2011-03-18 10:18:46,134,193546.9,193578.78,Relax
2011-03-18 11:27:24,2011-03-18 11:33:53,134,193647.41,193653.9,Meal_Preparation
2011-03-18 12:06:12,2011-03-18 12:06:15,134,193686.21,193686.26,Leave_Home
2011-03-18 12:49:33,2011-03-18 12:49:38,134,193729.56,193729.64,Enter_Home
2011-03-18 12:50:14,2011-03-18 13:23:58,134,193730.25,193763.98,Relax
2011-03-18 13:24:39,2011-03-18 13:32:09,134,193764.66,193772.15,Meal_Preparation
2011-03-18 13:32:40,2011-03-18 15:06:00,134,193772.67,193866.01,Relax
2011-03-18 15:09:06,2011-03-18 15:28:48,134,193869.11,193888.81,Relax
2011-03-18 15:29:21,2011-03-18 15:40:08,134,193889.37,193900.15,Relax
2011-03-18 15:40:47,2011-03-18 17:10:53,134,193900.8,193990.89,Relax
2011-03-18 17:16:57,2011-03-18 18:31:32,134,193996.96,194071.54,Relax
2011-03-18 18:32:03,2011-03-18 18:49:01,134,194072.05,194089.03,Meal_Preparation
2011-03-18 18:51:22,2011-03-18 19:03:11,134,194091.37,194103.19,Relax
2011-03-18 19:03:59,2011-03-18 19:47:20,134,194104.0,194147.34,Relax
2011-03-18 20:01:50,2011-03-18 20:43:59,134,194161.85,194203.99,Relax
2011-03-18 20:47:23,2011-03-18 20:51:37,134,194207.4,194211.62,Meal_Preparation
2011-03-18 20:51:39,2011-03-18 21:20:55,134,194211.66,194240.92,Relax
2011-03-18 21:24:51,2011-03-18 22:45:44,134,194244.87,194325.74,Relax
2011-03-18 22:54:27,2011-03-19 04:58:17,134,194334.45,194698.3,Sleeping
2011-03-19 04:58:24,2011-03-19 05:01:26,135,194698.41,194701.44,Bed_to_Toilet
2011-03-19 05:01:41,2011-03-19 08:09:25,135,194701.69,194889.43,Sleeping
2011-03-19 08:14:55,2011-03-19 08:20:47,135,194894.92,194900.79,Meal_Preparation
2011-03-19 08:21:41,2011-03-19 08:29:58,135,194901.69,194909.98,Relax
2011-03-19 08:43:38,2011-03-19 08:58:53,135,194923.64,194938.9,Relax
2011-03-19 09:02:21,2011-03-19 09:37:58,135,194942.36,194977.97,Relax
2011-03-19 09:55:18,2011-03-19 10:01:04,135,194995.31,195001.08,Meal_Preparation
2011-03-19 10:21:43,2011-03-19 10:54:18,135,195021.73,195054.31,Relax
2011-03-19 11:03:09,2011-03-19 11:37:23,135,195063.16,195097.4,Relax
2011-03-19 11:53:48,2011-03-19 12:39:33,135,195113.8,195159.56,Relax
2011-03-19 12:39:55,2011-03-19 12:45:52,135,195159.93,195165.87,Meal_Preparation
2011-03-19 12:45:52,2011-03-19 13:26:11,135,195165.88,195206.19,Relax
2011-03-19 13:34:46,2011-03-19 13:52:00,135,195214.77,195232.01,Relax
2011-03-19 14:09:56,2011-03-19 14:14:18,135,195249.93,195254.3,Meal_Preparation
2011-03-19 14:14:26,2011-03-19 14:45:16,135,195254.44,195285.27,Relax
2011-03-19 14:47:14,2011-03-19 15:08:34,135,195287.24,195308.58,Relax
2011-03-19 15:09:57,2011-03-19 15:20:00,135,195309.96,195320.02,Meal_Preparation
2011-03-19 15:36:17,2011-03-19 15:44:01,135,195336.28,195344.03,Meal_Preparation
2011-03-19 15:44:15,2011-03-19 15:52:31,135,195344.25,195352.52,Relax
2011-03-19 15:56:21,2011-03-19 16:17:32,135,195356.36,195377.53,Relax
2011-03-19 16:42:10,2011-03-19 16:45:14,135,195402.17,195405.24,Meal_Preparation
2011-03-19 16:45:15,2011-03-19 17:23:14,135,195405.27,195443.23,Relax
2011-03-19 17:38:54,2011-03-19 18:27:46,135,195458.92,195507.77,Relax
2011-03-19 18:29:39,2011-03-19 18:35:31,135,195509.67,195515.52,Meal_Preparation
2011-03-19 18:35:51,2011-03-19 18:56:01,135,195515.86,195536.03,Relax
2011-03-19 19:09:13,2011-03-19 20:24:16,135,195549.22,195624.27,Relax
2011-03-19 20:31:09,2011-03-19 20:38:08,135,195631.16,195638.14,Relax
2011-03-19 20:51:58,2011-03-19 22:27:45,135,195651.98,195747.76,Relax
2011-03-19 22:30:05,2011-03-19 23:09:19,135,195750.09,195789.33,Relax
2011-03-19 23:23:16,2011-03-20 00:41:00,135,195803.27,195881.01,Relax
2011-03-20 00:48:25,2011-03-20 01:42:50,136,195888.43,195942.85,Sleeping
2011-03-20 01:43:15,2011-03-20 01:51:57,136,195943.25,195951.95,Bed_to_Toilet
2011-03-20 01:55:47,2011-03-20 03:02:09,136,195955.8,196022.16,Sleeping
2011-03-20 03:02:14,2011-03-20 03:03:54,136,196022.24,196023.91,Bed_to_Toilet
2011-03-20 03:04:03,2011-03-20 06:47:09,136,196024.07,196247.16,Sleeping
2011-03-20 06:47:23,2011-03-20 06:49:57,136,196247.39,196249.96,Bed_to_Toilet
2011-03-20 06:50:08,2011-03-20 08:09:17,136,196250.14,196329.29,Sleeping
2011-03-20 08:12:10,2011-03-20 08:20:41,136,196332.17,196340.68,Meal_Preparation
2011-03-20 08:22:40,2011-03-20 08:25:52,136,196342.67,196345.88,Meal_Preparation
2011-03-20 08:30:46,2011-03-20 08:45:05,136,196350.77,196365.1,Relax
2011-03-20 08:53:02,2011-03-20 08:55:37,136,196373.04,196375.62,Meal_Preparation
2011-03-20 08:56:03,2011-03-20 09:07:31,136,196376.06,196387.52,Relax
2011-03-20 09:50:21,2011-03-20 10:04:43,136,196430.36,196444.73,Relax
2011-03-20 10:29:28,2011-03-20 10:29:35,136,196469.47,196469.59,Leave_Home
2011-03-20 13:09:48,2011-03-20 13:09:55,136,196629.81,196629.93,Enter_Home
2011-03-20 13:28:43,2011-03-20 14:19:30,136,196648.72,196699.5,Relax
2011-03-20 14:22:56,2011-03-20 15:13:53,136,196702.95,196753.9,Relax
2011-03-20 16:19:23,2011-03-20 16:26:11,136,196819.39,196826.2,Meal_Preparation
2011-03-20 16:31:25,2011-03-20 16:41:09,136,196831.43,196841.15,Relax
2011-03-20 16:43:30,2011-03-20 18:17:51,136,196843.51,196937.86,Relax
2011-03-20 18:26:10,2011-03-20 19:57:24,136,196946.17,197037.41,Relax
2011-03-20 19:57:43,2011-03-20 20:08:36,136,197037.73,197048.6,Wash_Dishes
2011-03-20 20:09:21,2011-03-20 21:03:50,136,197049.37,197103.84,Relax
2011-03-20 21:17:31,2011-03-20 22:19:37,136,197117.52,197179.63,Relax
2011-03-20 22:23:28,2011-03-20 22:29:50,136,197183.47,197189.84,Relax
2011-03-20 22:31:25,2011-03-20 23:14:43,136,197191.43,197234.72,Relax
2011-03-20 23:21:19,2011-03-21 02:25:11,136,197241.32,197425.2,Sleeping
2011-03-21 02:25:17,2011-03-21 02:27:02,137,197425.28,197427.04,Bed_to_Toilet
2011-03-21 02:27:13,2011-03-21 06:59:42,137,197427.23,197699.72,Sleeping
2011-03-21 07:06:07,2011-03-21 07:19:19,137,197706.12,197719.32,Meal_Preparation
2011-03-21 07:23:07,2011-03-21 07:48:48,137,197723.12,197748.8,Relax
2011-03-21 07:55:24,2011-03-21 09:44:50,137,197755.41,197864.83,Relax
2011-03-21 10:20:57,2011-03-21 11:33:43,137,197900.96,197973.72,Relax
2011-03-21 11:58:35,2011-03-21 12:01:05,137,197998.59,198001.1,Work
2011-03-21 12:06:46,2011-03-21 12:10:46,137,198006.78,198010.77,Meal_Preparation
2011-03-21 12:10:56,2011-03-21 12:25:37,137,198010.94,198025.62,Relax
2011-03-21 12:38:52,2011-03-21 13:04:28,137,198038.87,198064.47,Relax
2011-03-21 13:06:09,2011-03-21 13:51:46,137,198066.16,198111.78,Relax
2011-03-21 14:09:29,2011-03-21 14:19:18,137,198129.49,198139.3,Relax
2011-03-21 14:31:21,2011-03-21 14:31:25,137,198151.35,198151.43,Leave_Home
2011-03-21 18:27:50,2011-03-21 18:27:58,137,198387.84,198387.97,Enter_Home
2011-03-21 18:29:27,2011-03-21 19:21:17,137,198389.46,198441.3,Relax
2011-03-21 18:31:08,2011-03-21 18:40:03,137,198391.14,198400.05,Meal_Preparation
2011-03-21 18:40:04,2011-03-21 18:44:37,137,198400.07,198404.62,Eating
2011-03-21 18:49:54,2011-03-21 18:56:00,137,198409.91,198416.01,Eating
2011-03-21 18:58:28,2011-03-21 19:21:08,137,198418.48,198441.15,Meal_Preparation
2011-03-21 19:23:07,2011-03-21 21:54:23,137,198443.13,198594.4,Relax
2011-03-21 19:53:29,2011-03-21 19:57:18,137,198473.48,198477.3,Meal_Preparation
2011-03-21 19:58:38,2011-03-21 20:01:18,137,198478.65,198481.31,Meal_Preparation
2011-03-21 22:04:23,2011-03-21 22:09:46,137,198604.39,198609.78,Relax
2011-03-21 22:16:27,2011-03-22 01:07:36,137,198616.46,198787.61,Relax
2011-03-22 01:18:52,2011-03-22 06:56:51,138,198798.87,199136.85,Sleeping
2011-03-22 07:33:35,2011-03-22 07:40:00,138,199173.6,199180.01,Relax
2011-03-22 08:12:13,2011-03-22 08:42:43,138,199212.23,199242.72,Relax
2011-03-22 08:44:43,2011-03-22 08:44:50,138,199244.73,199244.85,Leave_Home
2011-03-22 09:32:30,2011-03-22 09:32:37,138,199292.51,199292.62,Enter_Home
2011-03-22 09:36:18,2011-03-22 09:36:56,138,199296.31,199296.93,Meal_Preparation
2011-03-22 09:37:04,2011-03-22 09:49:44,138,199297.08,199309.74,Eating
2011-03-22 09:50:29,2011-03-22 13:31:39,138,199310.49,199531.66,Relax
2011-03-22 13:46:53,2011-03-22 13:54:27,138,199546.9,199554.46,Meal_Preparation
2011-03-22 13:54:42,2011-03-22 14:43:00,138,199554.7,199603.0,Relax
2011-03-22 14:50:57,2011-03-22 14:54:33,138,199610.96,199614.56,Relax
2011-03-22 14:54:40,2011-03-22 15:15:09,138,199614.67,199635.16,Meal_Preparation
2011-03-22 14:55:59,2011-03-22 15:16:22,138,199616.0,199636.37,Relax
2011-03-22 15:16:53,2011-03-22 15:37:53,138,199636.89,199657.89,Meal_Preparation
2011-03-22 15:41:20,2011-03-22 15:43:16,138,199661.35,199663.28,Meal_Preparation
2011-03-22 15:59:31,2011-03-22 16:06:28,138,199679.53,199686.47,Meal_Preparation
2011-03-22 16:25:06,2011-03-22 17:02:44,138,199705.1,199742.75,Relax
2011-03-22 17:08:51,2011-03-22 17:09:55,138,199748.85,199749.93,Meal_Preparation
2011-03-22 17:10:54,2011-03-22 17:13:29,138,199750.91,199753.49,Meal_Preparation
2011-03-22 17:14:19,2011-03-22 18:23:19,138,199754.32,199823.32,Relax
2011-03-22 18:25:40,2011-03-22 18:52:25,138,199825.67,199852.42,Relax
2011-03-22 19:01:40,2011-03-22 19:07:29,138,199861.67,199867.49,Meal_Preparation
2011-03-22 19:08:20,2011-03-22 19:21:47,138,199868.35,199881.79,Relax
2011-03-22 19:22:53,2011-03-22 21:15:31,138,199882.89,199995.53,Relax
2011-03-22 21:38:09,2011-03-22 21:56:38,138,200018.16,200036.64,Relax
2011-03-22 21:56:49,2011-03-22 22:00:23,138,200036.82,200040.39,Meal_Preparation
2011-03-22 22:00:28,2011-03-23 00:17:09,138,200040.48,200177.15,Relax
2011-03-23 00:48:56,2011-03-23 04:42:30,139,200208.93,200442.51,Sleeping
2011-03-23 05:55:10,2011-03-23 06:41:06,139,200515.18,200561.1,Relax
2011-03-23 07:05:36,2011-03-23 07:30:58,139,200585.61,200610.98,Relax
2011-03-23 07:40:02,2011-03-23 09:38:40,139,200620.05,200738.67,Relax
2011-03-23 10:59:00,2011-03-23 10:59:21,139,200819.01,200819.35,Leave_Home
2011-03-23 13:32:08,2011-03-23 13:32:20,139,200972.14,200972.34,Enter_Home
2011-03-23 13:33:23,2011-03-23 13:40:08,139,200973.39,200980.14,Meal_Preparation
2011-03-23 13:40:48,2011-03-23 13:52:47,139,200980.81,200992.8,Relax
2011-03-23 14:07:11,2011-03-23 14:09:10,139,201007.19,201009.17,Meal_Preparation
2011-03-23 14:11:40,2011-03-23 14:16:10,139,201011.68,201016.18,Meal_Preparation
2011-03-23 14:17:22,2011-03-23 14:37:38,139,201017.37,201037.64,Relax
2011-03-23 14:47:22,2011-03-23 14:58:40,139,201047.38,201058.67,Relax
2011-03-23 15:05:41,2011-03-23 15:07:50,139,201065.69,201067.85,Meal_Preparation
2011-03-23 15:10:51,2011-03-23 15:16:55,139,201070.87,201076.93,Meal_Preparation
2011-03-23 15:28:08,2011-03-23 19:38:33,139,201088.14,201338.56,Relax
2011-03-23 19:50:35,2011-03-23 19:51:35,139,201350.59,201351.59,Meal_Preparation
2011-03-23 19:54:09,2011-03-23 19:54:28,139,201354.16,201354.47,Meal_Preparation
2011-03-23 19:55:09,2011-03-23 23:31:05,139,201355.17,201571.09,Relax
2011-03-23 23:40:27,2011-03-24 00:49:54,139,201580.46,201649.91,Relax
2011-03-24 00:51:42,2011-03-24 05:57:02,140,201651.71,201957.04,Sleeping
2011-03-24 05:57:48,2011-03-24 06:05:42,140,201957.81,201965.71,Bed_to_Toilet
2011-03-24 06:05:55,2011-03-24 06:34:27,140,201965.93,201994.46,Sleeping
2011-03-24 06:41:31,2011-03-24 06:52:54,140,202001.53,202012.91,Meal_Preparation
2011-03-24 06:57:35,2011-03-24 07:17:04,140,202017.59,202037.07,Relax
2011-03-24 07:37:11,2011-03-24 08:14:19,140,202057.18,202094.32,Relax
2011-03-24 08:16:09,2011-03-24 08:20:38,140,202096.16,202100.65,Meal_Preparation
2011-03-24 08:21:06,2011-03-24 08:23:10,140,202101.11,202103.17,Eating
2011-03-24 08:24:55,2011-03-24 08:33:14,140,202104.92,202113.25,Eating
2011-03-24 08:45:34,2011-03-24 08:53:43,140,202125.58,202133.73,Relax
2011-03-24 09:58:28,2011-03-24 09:58:36,140,202198.48,202198.62,Leave_Home
2011-03-24 11:24:18,2011-03-24 11:24:28,140,202284.3,202284.47,Enter_Home
2011-03-24 12:02:47,2011-03-24 12:14:13,140,202322.8,202334.22,Meal_Preparation
2011-03-24 12:27:09,2011-03-24 12:42:50,140,202347.16,202362.84,Relax
2011-03-24 12:45:08,2011-03-24 13:28:25,140,202365.14,202408.42,Relax
2011-03-24 13:32:19,2011-03-24 13:35:22,140,202412.33,202415.38,Relax
2011-03-24 13:35:49,2011-03-24 14:00:49,140,202415.82,202440.82,Relax
2011-03-24 14:32:19,2011-03-24 15:08:45,140,202472.33,202508.77,Relax
2011-03-24 15:29:45,2011-03-24 17:41:19,140,202529.75,202661.32,Relax
2011-03-24 17:46:16,2011-03-24 20:19:06,140,202666.27,202819.11,Relax
2011-03-24 18:14:44,2011-03-24 18:43:22,140,202694.75,202723.38,Meal_Preparation
2011-03-24 20:19:12,2011-03-24 20:20:35,140,202819.22,202820.59,Meal_Preparation
2011-03-24 20:25:18,2011-03-24 22:21:00,140,202825.31,202941.01,Relax
2011-03-24 22:27:07,2011-03-25 02:35:26,140,202947.13,203195.45,Relax
2011-03-25 02:39:32,2011-03-25 02:51:03,141,203199.54,203211.07,Sleeping
2011-03-25 03:08:17,2011-03-25 04:25:03,141,203228.3,203305.05,Sleeping
2011-03-25 04:34:33,2011-03-25 04:38:59,141,203314.56,203319.0,Meal_Preparation
2011-03-25 04:50:57,2011-03-25 06:42:32,141,203330.96,203442.55,Relax
2011-03-25 07:40:00,2011-03-25 08:01:27,141,203500.01,203521.46,Relax
2011-03-25 09:30:42,2011-03-25 09:38:05,141,203610.71,203618.1,Relax
2011-03-25 09:39:26,2011-03-25 09:39:31,141,203619.45,203619.53,Leave_Home
2011-03-25 10:40:23,2011-03-25 10:40:34,141,203680.39,203680.57,Enter_Home
2011-03-25 10:49:54,2011-03-25 11:12:16,141,203689.91,203712.28,Relax
2011-03-25 11:19:31,2011-03-25 12:18:28,141,203719.52,203778.48,Relax
2011-03-25 12:25:06,2011-03-25 12:29:56,141,203785.1,203789.94,Meal_Preparation
2011-03-25 12:30:17,2011-03-25 12:39:51,141,203790.28,203799.86,Relax
2011-03-25 12:42:14,2011-03-25 13:19:34,141,203802.24,203839.57,Relax
2011-03-25 13:20:28,2011-03-25 15:18:59,141,203840.47,203958.99,Relax
2011-03-25 15:21:19,2011-03-25 15:39:11,141,203961.33,203979.19,Relax
2011-03-25 15:46:37,2011-03-25 17:00:54,141,203986.63,204060.91,Relax
2011-03-25 17:17:33,2011-03-25 17:22:02,141,204077.55,204082.03,Meal_Preparation
2011-03-25 17:37:51,2011-03-25 17:52:11,141,204097.87,204112.19,Relax
2011-03-25 17:52:31,2011-03-25 17:53:46,141,204112.52,204113.78,Meal_Preparation
2011-03-25 18:18:56,2011-03-25 20:00:02,141,204138.94,204240.04,Relax
2011-03-25 20:05:31,2011-03-25 20:18:58,141,204245.53,204258.98,Relax
2011-03-25 20:23:10,2011-03-25 20:33:02,141,204263.17,204273.04,Relax
2011-03-25 20:36:32,2011-03-25 22:34:31,141,204276.55,204394.52,Relax
2011-03-25 22:42:00,2011-03-26 06:48:17,141,204402.01,204888.3,Sleeping
2011-03-26 06:58:10,2011-03-26 07:00:36,142,204898.17,204900.61,Meal_Preparation
2011-03-26 07:01:00,2011-03-26 07:05:00,142,204901.01,204905.01,Meal_Preparation
2011-03-26 07:12:28,2011-03-26 07:14:48,142,204912.48,204914.82,Meal_Preparation
2011-03-26 07:16:14,2011-03-26 07:25:22,142,204916.23,204925.38,Relax
2011-03-26 07:32:54,2011-03-26 07:36:26,142,204932.9,204936.44,Meal_Preparation
2011-03-26 07:34:49,2011-03-26 07:42:36,142,204934.83,204942.6,Relax
2011-03-26 07:36:44,2011-03-26 07:42:54,142,204936.75,204942.91,Meal_Preparation
2011-03-26 07:43:13,2011-03-26 07:46:18,142,204943.23,204946.3,Meal_Preparation
2011-03-26 07:45:45,2011-03-26 07:53:12,142,204945.76,204953.21,Relax
2011-03-26 07:46:49,2011-03-26 07:49:26,142,204946.82,204949.44,Meal_Preparation
2011-03-26 07:49:37,2011-03-26 07:50:18,142,204949.62,204950.31,Meal_Preparation
2011-03-26 07:53:35,2011-03-26 07:57:44,142,204953.59,204957.74,Meal_Preparation
2011-03-26 07:57:36,2011-03-26 08:06:26,142,204957.61,204966.44,Relax
2011-03-26 08:09:01,2011-03-26 09:02:59,142,204969.02,205022.98,Relax
2011-03-26 08:16:25,2011-03-26 08:25:08,142,204976.43,204985.15,Meal_Preparation
2011-03-26 08:54:56,2011-03-26 08:59:20,142,205014.94,205019.34,Meal_Preparation
2011-03-26 09:43:56,2011-03-26 09:49:28,142,205063.93,205069.48,Meal_Preparation
2011-03-26 09:50:42,2011-03-26 09:51:03,142,205070.7,205071.07,Meal_Preparation
2011-03-26 09:52:13,2011-03-26 10:02:44,142,205072.22,205082.74,Eating
2011-03-26 10:05:15,2011-03-26 10:10:47,142,205085.25,205090.79,Relax
2011-03-26 10:11:58,2011-03-26 11:11:32,142,205091.98,205151.53,Relax
2011-03-26 11:27:58,2011-03-26 12:29:11,142,205167.97,205229.19,Relax
2011-03-26 12:33:11,2011-03-26 13:21:53,142,205233.19,205281.89,Relax
2011-03-26 13:27:14,2011-03-26 13:32:20,142,205287.24,205292.34,Meal_Preparation
2011-03-26 13:36:56,2011-03-26 13:40:18,142,205296.94,205300.31,Meal_Preparation
2011-03-26 13:42:04,2011-03-26 13:44:28,142,205302.08,205304.47,Meal_Preparation
2011-03-26 13:52:51,2011-03-26 14:43:40,142,205312.86,205363.67,Relax
2011-03-26 15:29:35,2011-03-26 15:38:28,142,205409.58,205418.47,Meal_Preparation
2011-03-26 15:41:54,2011-03-26 15:45:44,142,205421.91,205425.74,Meal_Preparation
2011-03-26 15:45:45,2011-03-26 15:48:49,142,205425.75,205428.83,Eating
2011-03-26 15:49:07,2011-03-26 15:59:38,142,205429.13,205439.65,Eating
2011-03-26 16:14:20,2011-03-26 16:14:25,142,205454.34,205454.42,Leave_Home
2011-03-26 18:13:59,2011-03-26 18:14:08,142,205573.99,205574.14,Enter_Home
2011-03-26 18:14:16,2011-03-26 18:17:26,142,205574.27,205577.44,Meal_Preparation
2011-03-26 18:22:07,2011-03-26 18:36:58,142,205582.12,205596.98,Meal_Preparation
2011-03-26 18:42:22,2011-03-26 19:03:26,142,205602.38,205623.44,Relax
2011-03-26 19:03:39,2011-03-26 19:44:42,142,205623.66,205664.7,Relax
2011-03-26 19:45:46,2011-03-26 19:49:52,142,205665.78,205669.87,Meal_Preparation
2011-03-26 19:57:24,2011-03-26 20:48:02,142,205677.41,205728.04,Relax
2011-03-26 20:48:07,2011-03-26 20:54:00,142,205728.13,205734.01,Meal_Preparation
2011-03-26 20:54:09,2011-03-26 22:35:02,142,205734.15,205835.04,Relax
2011-03-26 22:43:14,2011-03-26 23:10:16,142,205843.24,205870.28,Relax
2011-03-26 23:21:59,2011-03-27 03:53:19,142,205882.0,206153.32,Sleeping
2011-03-27 03:53:26,2011-03-27 03:55:33,143,206153.44,206155.55,Bed_to_Toilet
2011-03-27 03:55:38,2011-03-27 06:32:36,143,206155.64,206312.6,Sleeping
2011-03-27 06:37:34,2011-03-27 06:46:10,143,206317.57,206326.17,Meal_Preparation
2011-03-27 06:50:03,2011-03-27 07:53:10,143,206330.06,206393.18,Relax
2011-03-27 07:53:49,2011-03-27 08:00:03,143,206393.83,206400.07,Meal_Preparation
2011-03-27 08:03:05,2011-03-27 09:21:49,143,206403.09,206481.83,Relax
2011-03-27 10:03:54,2011-03-27 10:22:31,143,206523.92,206542.52,Relax
2011-03-27 10:48:41,2011-03-27 11:05:16,143,206568.69,206585.27,Relax
2011-03-27 11:08:40,2011-03-27 11:29:01,143,206588.67,206609.03,Work
2011-03-27 11:54:13,2011-03-27 11:56:13,143,206634.22,206636.23,Meal_Preparation
2011-03-27 12:01:39,2011-03-27 12:02:09,143,206641.66,206642.16,Meal_Preparation
2011-03-27 12:07:51,2011-03-27 12:12:59,143,206647.87,206653.0,Eating
2011-03-27 12:13:10,2011-03-27 12:41:52,143,206653.17,206681.88,Eating
2011-03-27 12:42:04,2011-03-27 12:50:09,143,206682.08,206690.15,Eating
2011-03-27 13:01:05,2011-03-27 14:24:18,143,206701.09,206784.32,Relax
2011-03-27 14:33:21,2011-03-27 15:45:28,143,206793.35,206865.47,Relax
2011-03-27 15:54:02,2011-03-27 17:05:13,143,206874.03,206945.22,Relax
2011-03-27 17:40:17,2011-03-27 18:20:21,143,206980.29,207020.36,Relax
2011-03-27 18:20:37,2011-03-27 18:52:32,143,207020.62,207052.54,Meal_Preparation
2011-03-27 18:56:03,2011-03-27 18:58:12,143,207056.06,207058.22,Meal_Preparation
2011-03-27 18:58:21,2011-03-27 19:15:15,143,207058.35,207075.26,Relax
2011-03-27 19:15:18,2011-03-27 19:21:16,143,207075.31,207081.28,Meal_Preparation
2011-03-27 19:21:31,2011-03-27 19:38:40,143,207081.52,207098.68,Relax
2011-03-27 19:40:07,2011-03-27 21:15:57,143,207100.13,207195.97,Relax
2011-03-27 21:18:02,2011-03-27 22:00:10,143,207198.04,207240.17,Relax
2011-03-27 22:07:14,2011-03-27 22:45:44,143,207247.24,207285.73,Relax
2011-03-27 22:46:16,2011-03-27 23:58:28,143,207286.27,207358.48,Relax
2011-03-28 00:05:20,2011-03-28 04:11:01,144,207365.34,207611.02,Sleeping
2011-03-28 04:11:08,2011-03-28 04:14:09,144,207611.15,207614.16,Bed_to_Toilet
2011-03-28 04:14:16,2011-03-28 07:02:01,144,207614.27,207782.03,Sleeping
2011-03-28 07:09:57,2011-03-28 07:22:34,144,207789.96,207802.57,Meal_Preparation
2011-03-28 07:22:44,2011-03-28 07:44:36,144,207802.74,207824.61,Relax
2011-03-28 07:55:46,2011-03-28 08:10:12,144,207835.77,207850.21,Relax
2011-03-28 09:12:56,2011-03-28 09:15:10,144,207912.94,207915.17,Meal_Preparation
2011-03-28 09:15:16,2011-03-28 09:24:11,144,207915.27,207924.2,Eating
2011-03-28 09:41:35,2011-03-28 09:41:40,144,207941.6,207941.68,Leave_Home
2011-03-28 10:30:01,2011-03-28 10:30:07,144,207990.03,207990.13,Enter_Home
2011-03-28 10:34:37,2011-03-28 10:48:35,144,207994.62,208008.6,Work
2011-03-28 10:51:44,2011-03-28 11:06:33,144,208011.74,208026.57,Meal_Preparation
2011-03-28 11:14:51,2011-03-28 12:12:10,144,208034.87,208092.18,Relax
2011-03-28 12:30:24,2011-03-28 13:23:36,144,208110.41,208163.61,Relax
2011-03-28 13:31:42,2011-03-28 13:31:46,144,208171.71,208171.78,Leave_Home
2011-03-28 13:34:00,2011-03-28 13:34:04,144,208174.0,208174.07,Enter_Home
2011-03-28 13:52:51,2011-03-28 14:22:54,144,208192.85,208222.91,Relax
2011-03-28 15:11:08,2011-03-28 15:11:13,144,208271.15,208271.22,Leave_Home
2011-03-28 15:14:09,2011-03-28 15:14:14,144,208274.16,208274.24,Enter_Home
2011-03-28 15:38:25,2011-03-28 17:18:45,144,208298.42,208398.75,Relax
2011-03-28 17:20:46,2011-03-28 18:18:22,144,208400.77,208458.38,Relax
2011-03-28 18:28:49,2011-03-28 18:32:32,144,208468.82,208472.54,Meal_Preparation
2011-03-28 18:34:30,2011-03-28 20:08:17,144,208474.51,208568.29,Relax
2011-03-28 20:13:40,2011-03-28 20:16:30,144,208573.67,208576.51,Meal_Preparation
2011-03-28 20:16:45,2011-03-28 21:14:10,144,208576.76,208634.18,Relax
2011-03-28 21:15:02,2011-03-28 22:14:41,144,208635.03,208694.69,Relax
2011-03-28 22:19:32,2011-03-28 22:49:51,144,208699.55,208729.87,Relax
2011-03-28 22:56:14,2011-03-28 23:40:22,144,208736.24,208780.37,Relax
2011-03-28 23:49:20,2011-03-29 02:14:43,144,208789.35,208934.72,Relax
2011-03-29 02:17:29,2011-03-29 06:27:58,145,208937.49,209187.97,Sleeping
2011-03-29 06:35:11,2011-03-29 06:41:37,145,209195.2,209201.62,Meal_Preparation
2011-03-29 06:45:01,2011-03-29 06:46:56,145,209205.03,209206.94,Meal_Preparation
2011-03-29 06:47:00,2011-03-29 07:28:09,145,209207.01,209248.15,Relax
2011-03-29 07:34:46,2011-03-29 08:33:48,145,209254.78,209313.81,Relax
2011-03-29 09:49:09,2011-03-29 10:11:58,145,209389.17,209411.97,Relax
2011-03-29 10:24:13,2011-03-29 10:24:17,145,209424.23,209424.3,Leave_Home
2011-03-29 11:39:09,2011-03-29 11:39:14,145,209499.16,209499.24,Enter_Home
2011-03-29 13:31:01,2011-03-29 13:31:06,145,209611.03,209611.12,Leave_Home
2011-03-29 14:25:25,2011-03-29 14:25:30,145,209665.43,209665.51,Enter_Home
2011-03-29 14:34:17,2011-03-29 14:46:09,145,209674.3,209686.15,Meal_Preparation
2011-03-29 14:46:56,2011-03-29 15:09:14,145,209686.95,209709.24,Relax
2011-03-29 15:13:05,2011-03-29 15:19:01,145,209713.09,209719.03,Relax
2011-03-29 15:20:55,2011-03-29 15:44:17,145,209720.92,209744.29,Relax
2011-03-29 15:45:39,2011-03-29 17:00:27,145,209745.66,209820.46,Relax
2011-03-29 17:30:28,2011-03-29 17:39:17,145,209850.47,209859.29,Relax
2011-03-29 17:52:01,2011-03-29 19:23:08,145,209872.02,209963.15,Relax
2011-03-29 19:25:40,2011-03-29 19:37:08,145,209965.68,209977.15,Meal_Preparation
2011-03-29 19:37:18,2011-03-29 20:21:14,145,209977.3,210021.24,Relax
2011-03-29 20:23:34,2011-03-29 22:05:55,145,210023.57,210125.92,Relax
2011-03-29 22:16:56,2011-03-30 00:04:54,145,210136.95,210244.91,Relax
2011-03-30 00:16:17,2011-03-30 01:19:19,146,210256.29,210319.33,Sleeping
2011-03-30 01:19:33,2011-03-30 01:20:02,146,210319.56,210320.04,Bed_to_Toilet
2011-03-30 01:20:44,2011-03-30 05:46:36,146,210320.74,210586.6,Sleeping
2011-03-30 05:46:39,2011-03-30 05:48:38,146,210586.66,210588.65,Bed_to_Toilet
2011-03-30 05:49:12,2011-03-30 07:05:39,146,210589.21,210665.65,Sleeping
2011-03-30 07:07:05,2011-03-30 07:10:30,146,210667.1,210670.51,Meal_Preparation
2011-03-30 07:18:59,2011-03-30 07:33:28,146,210678.99,210693.48,Relax
2011-03-30 07:40:01,2011-03-30 09:01:43,146,210700.03,210781.72,Relax
2011-03-30 09:16:41,2011-03-30 09:27:19,146,210796.69,210807.33,Meal_Preparation
2011-03-30 09:36:49,2011-03-30 10:35:59,146,210816.83,210875.99,Relax
2011-03-30 11:32:36,2011-03-30 12:16:36,146,210932.61,210976.61,Relax
2011-03-30 12:17:45,2011-03-30 12:23:05,146,210977.76,210983.1,Meal_Preparation
2011-03-30 12:24:08,2011-03-30 12:57:55,146,210984.14,211017.92,Relax
2011-03-30 13:01:14,2011-03-30 13:28:06,146,211021.24,211048.11,Relax
2011-03-30 13:29:09,2011-03-30 14:13:42,146,211049.15,211093.72,Relax
2011-03-30 14:18:22,2011-03-30 16:25:10,146,211098.38,211225.18,Relax
2011-03-30 16:31:48,2011-03-30 16:55:08,146,211231.81,211255.13,Relax
2011-03-30 16:57:13,2011-03-30 17:55:19,146,211257.23,211315.32,Relax
2011-03-30 17:56:06,2011-03-30 18:38:40,146,211316.1,211358.68,Relax
2011-03-30 18:42:13,2011-03-30 18:51:17,146,211362.22,211371.29,Relax
2011-03-30 18:51:21,2011-03-30 18:56:42,146,211371.36,211376.71,Meal_Preparation
2011-03-30 18:57:14,2011-03-30 19:17:45,146,211377.25,211397.75,Relax
2011-03-30 19:20:39,2011-03-30 19:52:15,146,211400.65,211432.26,Relax
2011-03-30 19:54:56,2011-03-30 22:43:35,146,211434.95,211603.59,Relax
2011-03-30 22:59:59,2011-03-31 00:13:19,146,211619.99,211693.32,Relax
2011-03-31 00:16:30,2011-03-31 04:45:57,147,211696.51,211965.95,Sleeping
2011-03-31 04:46:09,2011-03-31 04:49:50,147,211966.16,211969.84,Bed_to_Toilet
2011-03-31 04:50:21,2011-03-31 06:26:26,147,211970.35,212066.44,Sleeping
2011-03-31 06:26:45,2011-03-31 06:30:19,147,212066.75,212070.32,Meal_Preparation
2011-03-31 06:34:49,2011-03-31 06:39:31,147,212074.82,212079.52,Meal_Preparation
2011-03-31 06:39:36,2011-03-31 06:48:52,147,212079.6,212088.87,Relax
2011-03-31 06:50:33,2011-03-31 07:24:23,147,212090.55,212124.4,Relax
2011-03-31 08:07:23,2011-03-31 08:16:14,147,212167.39,212176.25,Relax
2011-03-31 08:30:06,2011-03-31 08:30:11,147,212190.11,212190.19,Leave_Home
2011-03-31 10:19:28,2011-03-31 10:19:34,147,212299.48,212299.58,Enter_Home
2011-03-31 10:23:15,2011-03-31 11:06:18,147,212303.25,212346.31,Relax
2011-03-31 11:25:42,2011-03-31 11:31:36,147,212365.7,212371.61,Meal_Preparation
2011-03-31 11:33:11,2011-03-31 11:38:45,147,212373.2,212378.75,Meal_Preparation
2011-03-31 11:39:13,2011-03-31 11:42:06,147,212379.22,212382.11,Meal_Preparation
2011-03-31 11:42:26,2011-03-31 12:05:55,147,212382.44,212405.93,Relax
2011-03-31 12:06:44,2011-03-31 12:37:08,147,212406.73,212437.15,Relax
2011-03-31 12:38:08,2011-03-31 13:00:31,147,212438.15,212460.53,Relax
2011-03-31 13:37:51,2011-03-31 13:37:56,147,212497.86,212497.94,Leave_Home
2011-03-31 17:21:50,2011-03-31 17:21:55,147,212721.84,212721.93,Enter_Home
2011-03-31 17:25:47,2011-03-31 17:30:54,147,212725.79,212730.91,Meal_Preparation
2011-03-31 17:33:24,2011-03-31 18:16:35,147,212733.41,212776.58,Relax
2011-03-31 18:24:15,2011-03-31 18:48:33,147,212784.25,212808.56,Relax
2011-03-31 18:49:25,2011-03-31 19:06:55,147,212809.43,212826.93,Relax
2011-03-31 19:11:07,2011-03-31 20:44:52,147,212831.13,212924.87,Relax
2011-03-31 20:56:44,2011-03-31 22:13:19,147,212936.75,213013.32,Relax
2011-03-31 22:14:39,2011-03-31 23:46:56,147,213014.66,213106.94,Relax
2011-04-01 00:33:31,2011-04-01 01:13:36,148,213153.53,213193.61,Sleeping
2011-04-01 01:13:43,2011-04-01 01:16:16,148,213193.73,213196.27,Bed_to_Toilet
2011-04-01 01:16:25,2011-04-01 05:10:41,148,213196.43,213430.69,Sleeping
2011-04-01 05:17:57,2011-04-01 05:22:08,148,213437.97,213442.14,Meal_Preparation
2011-04-01 05:22:48,2011-04-01 05:28:22,148,213442.81,213448.37,Relax
2011-04-01 05:31:34,2011-04-01 06:39:19,148,213451.58,213519.33,Relax
2011-04-01 06:41:48,2011-04-01 07:23:54,148,213521.8,213563.91,Relax
2011-04-01 07:30:08,2011-04-01 07:50:14,148,213570.14,213590.24,Meal_Preparation
2011-04-01 07:51:01,2011-04-01 08:37:55,148,213591.03,213637.92,Relax
2011-04-01 08:42:35,2011-04-01 08:52:34,148,213642.6,213652.58,Work
2011-04-01 08:53:50,2011-04-01 09:02:07,148,213653.84,213662.12,Work
2011-04-01 10:07:04,2011-04-01 10:31:26,148,213727.08,213751.45,Wash_Dishes
2011-04-01 10:36:38,2011-04-01 10:36:42,148,213756.64,213756.71,Leave_Home
2011-04-01 11:39:46,2011-04-01 11:39:51,148,213819.78,213819.86,Enter_Home
2011-04-01 11:45:46,2011-04-01 11:55:36,148,213825.78,213835.61,Meal_Preparation
2011-04-01 11:56:00,2011-04-01 11:58:44,148,213836.01,213838.74,Meal_Preparation
2011-04-01 12:01:52,2011-04-01 12:04:29,148,213841.87,213844.5,Meal_Preparation
2011-04-01 12:07:37,2011-04-01 12:08:10,148,213847.63,213848.18,Meal_Preparation
2011-04-01 12:08:21,2011-04-01 12:38:30,148,213848.36,213878.51,Relax
2011-04-01 12:39:10,2011-04-01 12:53:23,148,213879.17,213893.39,Relax
2011-04-01 12:59:48,2011-04-01 14:24:36,148,213899.81,213984.61,Relax
2011-04-01 14:35:42,2011-04-01 15:19:44,148,213995.71,214039.74,Relax
2011-04-01 15:22:14,2011-04-01 15:28:56,148,214042.24,214048.94,Meal_Preparation
2011-04-01 15:33:15,2011-04-01 15:40:44,148,214053.26,214060.74,Meal_Preparation
2011-04-01 15:42:44,2011-04-01 15:50:39,148,214062.73,214070.65,Meal_Preparation
2011-04-01 15:51:35,2011-04-01 16:49:41,148,214071.59,214129.7,Relax
2011-04-01 17:28:25,2011-04-01 17:28:29,148,214168.42,214168.5,Leave_Home
2011-04-01 17:34:39,2011-04-01 17:34:45,148,214174.66,214174.76,Enter_Home
2011-04-01 17:49:14,2011-04-01 18:12:18,148,214189.24,214212.31,Relax
2011-04-01 18:23:17,2011-04-01 18:23:22,148,214223.29,214223.38,Leave_Home
2011-04-01 22:15:17,2011-04-01 22:15:23,148,214455.28,214455.4,Enter_Home
2011-04-01 22:32:37,2011-04-01 22:41:21,148,214472.62,214481.36,Relax
2011-04-01 22:42:26,2011-04-01 22:55:54,148,214482.45,214495.91,Relax
2011-04-01 23:03:33,2011-04-01 23:33:29,148,214503.56,214533.48,Relax
2011-04-01 23:41:44,2011-04-02 03:43:15,148,214541.73,214783.25,Relax
2011-04-02 03:57:18,2011-04-02 09:44:14,149,214797.3,215144.25,Sleeping
2011-04-02 09:53:54,2011-04-02 09:58:47,149,215153.9,215158.79,Meal_Preparation
2011-04-02 09:59:48,2011-04-02 10:09:46,149,215159.81,215169.77,Relax
2011-04-02 10:13:46,2011-04-02 10:29:02,149,215173.77,215189.05,Relax
2011-04-02 10:30:02,2011-04-02 10:49:57,149,215190.04,215209.96,Relax
2011-04-02 11:19:18,2011-04-02 11:23:34,149,215239.3,215243.57,Meal_Preparation
2011-04-02 11:24:26,2011-04-02 12:51:10,149,215244.45,215331.18,Relax
2011-04-02 12:59:30,2011-04-02 12:59:34,149,215339.5,215339.58,Leave_Home
2011-04-02 16:34:01,2011-04-02 16:34:05,149,215554.02,215554.1,Enter_Home
2011-04-02 16:52:12,2011-04-02 17:00:59,149,215572.21,215580.98,Meal_Preparation
2011-04-02 17:02:29,2011-04-02 17:11:06,149,215582.49,215591.11,Meal_Preparation
2011-04-02 17:10:36,2011-04-02 19:09:39,149,215590.61,215709.66,Relax
2011-04-02 17:22:29,2011-04-02 17:25:29,149,215602.5,215605.49,Meal_Preparation
2011-04-02 18:44:37,2011-04-02 18:51:15,149,215684.63,215691.26,Meal_Preparation
2011-04-02 19:14:08,2011-04-02 19:22:40,149,215714.15,215722.67,Relax
2011-04-02 19:30:15,2011-04-02 19:53:44,149,215730.26,215753.73,Relax
2011-04-02 19:56:13,2011-04-02 20:06:02,149,215756.23,215766.03,Meal_Preparation
2011-04-02 20:09:58,2011-04-02 20:18:59,149,215769.98,215778.98,Relax
2011-04-02 20:19:20,2011-04-02 20:32:01,149,215779.35,215792.03,Relax
2011-04-02 20:45:01,2011-04-02 21:29:10,149,215805.03,215849.17,Relax
2011-04-02 21:54:32,2011-04-03 01:11:46,149,215874.54,216071.77,Relax
2011-04-03 01:39:26,2011-04-03 06:01:31,150,216099.44,216361.52,Sleeping
2011-04-03 06:02:42,2011-04-03 06:05:24,150,216362.71,216365.42,Meal_Preparation
2011-04-03 06:08:52,2011-04-03 06:15:35,150,216368.87,216375.59,Meal_Preparation
2011-04-03 06:15:40,2011-04-03 06:24:11,150,216375.67,216384.19,Relax
2011-04-03 06:25:11,2011-04-03 07:03:24,150,216385.19,216423.4,Relax
2011-04-03 07:56:37,2011-04-03 07:59:10,150,216476.62,216479.18,Meal_Preparation
2011-04-03 08:02:57,2011-04-03 08:08:51,150,216482.95,216488.86,Eating
2011-04-03 08:37:53,2011-04-03 08:38:02,150,216517.89,216518.04,Leave_Home
2011-04-03 12:15:14,2011-04-03 12:15:18,150,216735.25,216735.31,Enter_Home
2011-04-03 12:16:17,2011-04-03 12:25:12,150,216736.3,216745.2,Meal_Preparation
2011-04-03 12:27:06,2011-04-03 12:31:11,150,216747.11,216751.19,Meal_Preparation
2011-04-03 12:33:09,2011-04-03 12:34:21,150,216753.15,216754.35,Meal_Preparation
2011-04-03 12:34:26,2011-04-03 14:18:25,150,216754.44,216858.42,Relax
2011-04-03 14:23:04,2011-04-03 15:10:13,150,216863.08,216910.22,Relax
2011-04-03 15:42:34,2011-04-03 21:47:05,150,216942.58,217307.09,Sleeping
2011-04-03 21:56:27,2011-04-03 22:07:36,150,217316.45,217327.6,Meal_Preparation
2011-04-03 22:16:18,2011-04-03 22:48:39,150,217336.32,217368.66,Relax
2011-04-03 22:50:12,2011-04-03 23:27:16,150,217370.22,217407.27,Relax
2011-04-03 23:27:20,2011-04-03 23:33:27,150,217407.34,217413.47,Meal_Preparation
2011-04-03 23:33:40,2011-04-04 00:38:40,150,217413.67,217478.68,Relax
2011-04-04 00:42:42,2011-04-04 01:42:20,151,217482.7,217542.34,Relax
2011-04-04 02:11:41,2011-04-04 02:32:52,151,217571.69,217592.87,Sleeping
2011-04-04 02:33:09,2011-04-04 08:22:29,151,217593.15,217942.49,Sleeping
2011-04-04 08:31:25,2011-04-04 08:43:31,151,217951.42,217963.53,Meal_Preparation
2011-04-04 08:44:48,2011-04-04 09:07:59,151,217964.8,217987.99,Relax
2011-04-04 09:10:15,2011-04-04 10:24:33,151,217990.26,218064.56,Relax
2011-04-04 10:24:42,2011-04-04 10:40:31,151,218064.7,218080.52,Meal_Preparation
2011-04-04 10:49:07,2011-04-04 10:52:35,151,218089.12,218092.58,Meal_Preparation
2011-04-04 10:55:20,2011-04-04 11:07:29,151,218095.34,218107.49,Relax
2011-04-04 11:08:30,2011-04-04 11:33:17,151,218108.51,218133.3,Relax
2011-04-04 11:34:24,2011-04-04 13:11:49,151,218134.41,218231.82,Relax
2011-04-04 13:11:57,2011-04-04 13:32:21,151,218231.96,218252.35,Meal_Preparation
2011-04-04 13:32:27,2011-04-04 13:39:11,151,218252.46,218259.18,Relax
2011-04-04 13:41:26,2011-04-04 16:24:11,151,218261.44,218424.19,Relax
2011-04-04 16:33:54,2011-04-04 18:35:38,151,218433.9,218555.63,Relax
2011-04-04 18:38:12,2011-04-04 18:46:55,151,218558.2,218566.93,Meal_Preparation
2011-04-04 18:47:10,2011-04-04 19:00:56,151,218567.17,218580.94,Relax
2011-04-04 19:02:36,2011-04-04 19:51:41,151,218582.61,218631.69,Relax
2011-04-04 19:52:49,2011-04-04 21:03:04,151,218632.83,218703.08,Relax
2011-04-04 21:05:56,2011-04-04 21:20:27,151,218705.94,218720.45,Relax
2011-04-04 21:31:48,2011-04-04 22:45:14,151,218731.82,218805.25,Relax
2011-04-04 22:52:15,2011-04-05 04:26:25,151,218812.26,219146.43,Sleeping
2011-04-05 04:26:30,2011-04-05 04:30:15,152,219146.52,219150.26,Bed_to_Toilet
2011-04-05 04:30:19,2011-04-05 05:59:13,152,219150.32,219239.23,Sleeping
2011-04-05 06:00:13,2011-04-05 06:03:49,152,219240.23,219243.82,Meal_Preparation
2011-04-05 06:09:07,2011-04-05 06:11:24,152,219249.13,219251.4,Meal_Preparation
2011-04-05 06:16:29,2011-04-05 06:33:08,152,219256.5,219273.14,Relax
2011-04-05 06:34:23,2011-04-05 07:13:02,152,219274.39,219313.04,Relax
2011-04-05 08:10:23,2011-04-05 08:16:03,152,219370.4,219376.06,Work
2011-04-05 08:47:40,2011-04-05 08:47:44,152,219407.67,219407.74,Leave_Home
2011-04-05 10:50:32,2011-04-05 10:50:37,152,219530.54,219530.63,Enter_Home
2011-04-05 10:58:22,2011-04-05 10:58:26,152,219538.37,219538.44,Leave_Home
2011-04-05 15:49:54,2011-04-05 15:50:00,152,219829.92,219830.02,Enter_Home
2011-04-05 15:58:53,2011-04-05 15:59:49,152,219838.89,219839.82,Sleeping
2011-04-05 19:17:19,2011-04-05 19:35:58,152,220037.33,220055.98,Meal_Preparation
2011-04-05 19:33:55,2011-04-05 20:00:55,152,220053.93,220080.92,Relax
2011-04-05 20:01:56,2011-04-05 20:08:47,152,220081.95,220088.79,Relax
2011-04-05 20:09:33,2011-04-05 20:28:08,152,220089.56,220108.14,Meal_Preparation
2011-04-05 20:39:47,2011-04-05 20:53:27,152,220119.79,220133.45,Relax
2011-04-05 20:54:20,2011-04-05 21:05:07,152,220134.35,220145.13,Relax
2011-04-05 21:06:06,2011-04-06 00:45:15,152,220146.11,220365.25,Relax
2011-04-06 00:53:18,2011-04-06 07:57:53,153,220373.31,220797.9,Sleeping
2011-04-06 08:04:29,2011-04-06 08:09:57,153,220804.48,220809.96,Meal_Preparation
2011-04-06 08:11:52,2011-04-06 08:12:26,153,220811.88,220812.44,Meal_Preparation
2011-04-06 08:17:20,2011-04-06 08:19:47,153,220817.35,220819.79,Meal_Preparation
2011-04-06 09:24:14,2011-04-06 09:51:40,153,220884.25,220911.68,Relax
2011-04-06 10:02:02,2011-04-06 10:10:05,153,220922.05,220930.1,Relax
2011-04-06 10:15:11,2011-04-06 11:24:32,153,220935.19,221004.54,Relax
2011-04-06 11:33:31,2011-04-06 11:55:01,153,221013.53,221035.02,Relax
2011-04-06 11:58:15,2011-04-06 13:29:30,153,221038.26,221129.51,Relax
2011-04-06 13:38:18,2011-04-06 13:44:00,153,221138.31,221144.01,Meal_Preparation
2011-04-06 13:44:01,2011-04-06 13:55:07,153,221144.02,221155.13,Relax
2011-04-06 13:59:56,2011-04-06 16:01:27,153,221159.94,221281.46,Relax
2011-04-06 16:03:04,2011-04-06 16:25:37,153,221283.08,221305.62,Meal_Preparation
2011-04-06 16:32:14,2011-04-06 16:43:13,153,221312.24,221323.22,Meal_Preparation
2011-04-06 16:44:24,2011-04-06 16:51:15,153,221324.41,221331.25,Meal_Preparation
2011-04-06 17:55:40,2011-04-06 19:02:41,153,221395.68,221462.69,Relax
2011-04-06 19:13:57,2011-04-06 19:27:48,153,221473.95,221487.81,Relax
2011-04-06 19:29:48,2011-04-06 19:36:08,153,221489.81,221496.14,Relax
2011-04-06 19:36:10,2011-04-06 19:44:11,153,221496.18,221504.18,Meal_Preparation
2011-04-06 19:44:13,2011-04-06 19:57:36,153,221504.23,221517.6,Relax
2011-04-06 19:57:58,2011-04-06 20:27:18,153,221517.97,221547.31,Relax
2011-04-06 20:27:59,2011-04-06 21:58:48,153,221548.0,221638.8,Relax
2011-04-06 22:03:59,2011-04-06 22:33:53,153,221643.99,221673.89,Relax
2011-04-06 22:33:57,2011-04-06 22:38:06,153,221673.96,221678.12,Meal_Preparation
2011-04-06 22:38:27,2011-04-06 22:58:46,153,221678.45,221698.78,Relax
2011-04-06 23:07:39,2011-04-07 03:34:51,153,221707.66,221974.86,Sleeping
2011-04-07 03:34:56,2011-04-07 03:36:43,154,221974.93,221976.72,Bed_to_Toilet
2011-04-07 03:36:50,2011-04-07 06:50:46,154,221976.85,222170.78,Sleeping
2011-04-07 06:51:47,2011-04-07 06:54:08,154,222171.79,222174.14,Bed_to_Toilet
2011-04-07 06:54:19,2011-04-07 07:46:07,154,222174.33,222226.12,Sleeping
2011-04-07 07:48:36,2011-04-07 08:02:32,154,222228.61,222242.53,Meal_Preparation
2011-04-07 08:04:28,2011-04-07 08:13:11,154,222244.48,222253.19,Meal_Preparation
2011-04-07 08:14:38,2011-04-07 08:17:10,154,222254.65,222257.17,Meal_Preparation
2011-04-07 08:20:40,2011-04-07 08:22:11,154,222260.67,222262.19,Meal_Preparation
2011-04-07 08:22:16,2011-04-07 09:13:13,154,222262.27,222313.23,Relax
2011-04-07 10:15:32,2011-04-07 10:20:53,154,222375.53,222380.89,Meal_Preparation
2011-04-07 10:21:44,2011-04-07 10:25:53,154,222381.74,222385.9,Meal_Preparation
2011-04-07 10:28:45,2011-04-07 10:40:33,154,222388.76,222400.55,Meal_Preparation
2011-04-07 10:40:54,2011-04-07 10:46:34,154,222400.9,222406.57,Meal_Preparation
2011-04-07 11:35:49,2011-04-07 12:06:27,154,222455.83,222486.45,Relax
2011-04-07 12:06:44,2011-04-07 12:15:12,154,222486.75,222495.21,Relax
2011-04-07 12:26:59,2011-04-07 12:39:01,154,222506.99,222519.03,Meal_Preparation
2011-04-07 12:40:21,2011-04-07 12:42:03,154,222520.37,222522.05,Meal_Preparation
2011-04-07 12:42:05,2011-04-07 13:45:19,154,222522.09,222585.32,Relax
2011-04-07 14:40:10,2011-04-07 14:47:18,154,222640.17,222647.31,Meal_Preparation
2011-04-07 15:40:48,2011-04-07 16:11:08,154,222700.81,222731.14,Relax
2011-04-07 16:29:31,2011-04-07 17:50:28,154,222749.53,222830.48,Relax
2011-04-07 18:06:37,2011-04-07 18:18:20,154,222846.63,222858.35,Relax
2011-04-07 18:19:43,2011-04-07 18:23:14,154,222859.73,222863.25,Meal_Preparation
2011-04-07 18:23:20,2011-04-07 18:29:34,154,222863.34,222869.58,Eating
2011-04-07 18:30:21,2011-04-07 18:42:15,154,222870.36,222882.27,Eating
2011-04-07 18:47:35,2011-04-07 19:45:31,154,222887.59,222945.53,Relax
2011-04-07 19:38:23,2011-04-07 19:50:10,154,222938.39,222950.17,Meal_Preparation
2011-04-07 20:07:40,2011-04-07 21:18:32,154,222967.67,223038.55,Relax
2011-04-07 21:19:06,2011-04-07 23:04:14,154,223039.1,223144.24,Relax
2011-04-07 23:27:32,2011-04-08 07:24:00,154,223167.54,223644.01,Sleeping
2011-04-08 07:27:41,2011-04-08 07:32:23,155,223647.7,223652.39,Meal_Preparation
2011-04-08 07:35:29,2011-04-08 07:46:45,155,223655.49,223666.75,Work
2011-04-08 07:49:09,2011-04-08 08:15:40,155,223669.16,223695.68,Relax
2011-04-08 09:17:11,2011-04-08 09:17:40,155,223757.19,223757.67,Meal_Preparation
2011-04-08 09:20:40,2011-04-08 09:20:48,155,223760.68,223760.81,Meal_Preparation
2011-04-08 09:38:51,2011-04-08 09:45:36,155,223778.86,223785.62,Eating
2011-04-08 10:07:56,2011-04-08 10:14:30,155,223807.93,223814.52,Meal_Preparation
2011-04-08 11:10:07,2011-04-08 11:10:16,155,223870.13,223870.27,Leave_Home
2011-04-08 14:24:47,2011-04-08 14:24:52,155,224064.79,224064.87,Enter_Home
2011-04-08 14:59:52,2011-04-08 14:59:57,155,224099.88,224099.95,Leave_Home
2011-04-08 16:11:37,2011-04-08 16:11:42,155,224171.63,224171.71,Enter_Home
2011-04-08 16:16:46,2011-04-08 16:16:50,155,224176.77,224176.84,Leave_Home
2011-04-08 17:54:29,2011-04-08 17:54:45,155,224274.49,224274.76,Enter_Home
2011-04-08 18:04:38,2011-04-08 18:08:01,155,224284.65,224288.03,Meal_Preparation
2011-04-08 18:13:22,2011-04-08 18:22:16,155,224293.38,224302.28,Meal_Preparation
2011-04-08 18:22:23,2011-04-08 18:54:40,155,224302.4,224334.67,Relax
2011-04-08 18:54:44,2011-04-08 18:59:11,155,224334.75,224339.19,Meal_Preparation
2011-04-08 18:59:30,2011-04-08 19:49:22,155,224339.51,224389.37,Relax
2011-04-08 21:08:23,2011-04-08 22:27:24,155,224468.4,224547.41,Relax
2011-04-08 22:51:01,2011-04-08 23:35:37,155,224571.03,224615.63,Relax
2011-04-08 23:45:51,2011-04-09 03:58:20,155,224625.86,224878.34,Sleeping
2011-04-09 03:58:28,2011-04-09 04:00:24,156,224878.48,224880.4,Bed_to_Toilet
2011-04-09 04:00:27,2011-04-09 07:22:39,156,224880.46,225082.66,Sleeping
2011-04-09 07:31:08,2011-04-09 07:36:21,156,225091.14,225096.35,Meal_Preparation
2011-04-09 07:36:48,2011-04-09 07:39:07,156,225096.81,225099.13,Meal_Preparation
2011-04-09 07:40:16,2011-04-09 07:42:41,156,225100.28,225102.68,Meal_Preparation
2011-04-09 07:44:21,2011-04-09 08:29:17,156,225104.36,225149.29,Relax
2011-04-09 08:38:48,2011-04-09 08:44:18,156,225158.8,225164.31,Meal_Preparation
2011-04-09 10:47:28,2011-04-09 10:53:31,156,225287.47,225293.53,Meal_Preparation
2011-04-09 10:54:10,2011-04-09 10:58:23,156,225294.17,225298.39,Meal_Preparation
2011-04-09 11:01:04,2011-04-09 11:16:33,156,225301.07,225316.55,Relax
2011-04-09 11:27:25,2011-04-09 11:59:57,156,225327.43,225359.97,Relax
2011-04-09 13:22:41,2011-04-09 13:33:18,156,225442.69,225453.31,Relax
2011-04-09 13:44:15,2011-04-09 13:49:13,156,225464.26,225469.22,Meal_Preparation
2011-04-09 13:52:26,2011-04-09 14:32:25,156,225472.44,225512.42,Relax
2011-04-09 14:38:05,2011-04-09 15:06:38,156,225518.09,225546.65,Relax
2011-04-09 15:12:30,2011-04-09 15:19:25,156,225552.5,225559.43,Relax
2011-04-09 15:27:45,2011-04-09 15:37:46,156,225567.76,225577.78,Meal_Preparation
2011-04-09 15:38:40,2011-04-09 15:43:43,156,225578.67,225583.73,Meal_Preparation
2011-04-09 15:58:42,2011-04-09 16:35:02,156,225598.71,225635.03,Relax
2011-04-09 16:38:07,2011-04-09 17:49:16,156,225638.12,225709.27,Relax
2011-04-09 17:49:20,2011-04-09 17:54:26,156,225709.34,225714.45,Meal_Preparation
2011-04-09 17:59:53,2011-04-09 18:07:18,156,225719.89,225727.31,Relax
2011-04-09 18:19:27,2011-04-09 19:01:32,156,225739.45,225781.55,Relax
2011-04-09 19:06:49,2011-04-09 19:11:23,156,225786.82,225791.4,Relax
2011-04-09 19:13:23,2011-04-09 19:57:33,156,225793.4,225837.56,Relax
2011-04-09 19:58:15,2011-04-09 20:12:26,156,225838.27,225852.44,Relax
2011-04-09 20:19:19,2011-04-09 20:49:35,156,225859.32,225889.58,Relax
2011-04-09 20:53:18,2011-04-09 22:52:52,156,225893.3,226012.87,Relax
2011-04-09 22:57:05,2011-04-09 23:36:02,156,226017.09,226056.05,Relax
2011-04-09 23:42:17,2011-04-10 04:21:38,156,226062.29,226341.63,Sleeping
2011-04-10 04:21:52,2011-04-10 04:25:10,157,226341.88,226345.18,Bed_to_Toilet
2011-04-10 04:25:18,2011-04-10 07:18:35,157,226345.31,226518.58,Sleeping
2011-04-10 07:32:20,2011-04-10 07:42:18,157,226532.34,226542.3,Meal_Preparation
2011-04-10 07:43:29,2011-04-10 07:45:16,157,226543.5,226545.28,Meal_Preparation
2011-04-10 07:45:42,2011-04-10 08:08:53,157,226545.7,226568.9,Relax
2011-04-10 08:40:21,2011-04-10 08:43:52,157,226600.36,226603.87,Meal_Preparation
2011-04-10 08:55:29,2011-04-10 09:19:09,157,226615.49,226639.15,Relax
2011-04-10 09:19:13,2011-04-10 09:22:26,157,226639.22,226642.45,Meal_Preparation
2011-04-10 09:36:37,2011-04-10 15:02:49,157,226656.63,226982.83,Meal_Preparation
2011-04-10 09:58:15,2011-04-10 10:47:41,157,226678.26,226727.69,Relax
2011-04-10 10:52:30,2011-04-10 11:04:23,157,226732.5,226744.39,Relax
2011-04-10 11:16:21,2011-04-10 11:50:09,157,226756.35,226790.16,Relax
2011-04-10 11:54:04,2011-04-10 11:54:17,157,226794.08,226794.29,Leave_Home
2011-04-10 14:50:35,2011-04-10 14:50:38,157,226970.58,226970.65,Enter_Home
2011-04-10 15:04:37,2011-04-10 15:11:18,157,226984.62,226991.3,Meal_Preparation
2011-04-10 15:11:35,2011-04-10 15:51:28,157,226991.6,227031.48,Relax
2011-04-10 15:56:57,2011-04-10 16:44:55,157,227036.95,227084.93,Relax
2011-04-10 16:48:24,2011-04-10 17:21:46,157,227088.41,227121.77,Relax
2011-04-10 17:22:36,2011-04-10 17:22:40,157,227122.6,227122.68,Leave_Home
2011-04-10 18:02:44,2011-04-10 18:02:52,157,227162.74,227162.87,Enter_Home
2011-04-10 18:03:53,2011-04-10 18:07:11,157,227163.89,227167.2,Meal_Preparation
2011-04-10 18:07:47,2011-04-10 18:09:57,157,227167.79,227169.96,Meal_Preparation
2011-04-10 18:10:10,2011-04-10 18:24:04,157,227170.18,227184.08,Relax
2011-04-10 18:28:04,2011-04-10 18:50:27,157,227188.08,227210.47,Work
2011-04-10 18:51:40,2011-04-10 19:40:44,157,227211.67,227260.75,Relax
2011-04-10 19:43:41,2011-04-10 20:34:50,157,227263.69,227314.85,Relax
2011-04-10 20:40:15,2011-04-10 22:34:39,157,227320.26,227434.65,Relax
2011-04-10 22:38:36,2011-04-10 23:10:32,157,227438.61,227470.54,Relax
2011-04-10 23:12:11,2011-04-10 23:22:36,157,227472.2,227482.62,Relax
2011-04-10 23:29:03,2011-04-11 03:42:35,157,227489.05,227742.59,Sleeping
2011-04-11 03:42:42,2011-04-11 03:44:52,158,227742.7,227744.87,Bed_to_Toilet
2011-04-11 03:44:56,2011-04-11 07:22:24,158,227744.94,227962.4,Sleeping
2011-04-11 07:29:35,2011-04-11 07:36:37,158,227969.59,227976.63,Meal_Preparation
2011-04-11 07:36:45,2011-04-11 07:36:49,158,227976.75,227976.83,Leave_Home
2011-04-11 07:39:54,2011-04-11 07:39:58,158,227979.9,227979.98,Enter_Home
2011-04-11 07:46:47,2011-04-11 07:55:59,158,227986.8,227995.98,Relax
2011-04-11 07:58:12,2011-04-11 08:10:00,158,227998.2,228010.01,Relax
2011-04-11 09:18:53,2011-04-11 09:24:12,158,228078.89,228084.21,Work
2011-04-11 09:24:29,2011-04-11 09:31:36,158,228084.49,228091.62,Meal_Preparation
2011-04-11 09:52:42,2011-04-11 09:54:14,158,228112.71,228114.24,Meal_Preparation
2011-04-11 09:54:51,2011-04-11 09:57:27,158,228114.85,228117.45,Meal_Preparation
2011-04-11 09:58:47,2011-04-11 10:00:05,158,228118.79,228120.09,Meal_Preparation
2011-04-11 10:01:58,2011-04-11 10:03:33,158,228121.98,228123.56,Meal_Preparation
2011-04-11 10:03:35,2011-04-11 10:07:11,158,228123.59,228127.19,Eating
2011-04-11 11:04:50,2011-04-11 11:04:55,158,228184.84,228184.92,Leave_Home
2011-04-11 13:59:27,2011-04-11 13:59:33,158,228359.46,228359.56,Enter_Home
2011-04-11 14:01:52,2011-04-11 14:03:23,158,228361.88,228363.39,Meal_Preparation
2011-04-11 14:04:28,2011-04-11 14:10:14,158,228364.47,228370.23,Meal_Preparation
2011-04-11 14:10:22,2011-04-11 14:34:24,158,228370.37,228394.4,Relax
2011-04-11 14:40:42,2011-04-11 14:56:32,158,228400.71,228416.53,Relax
2011-04-11 14:57:50,2011-04-11 15:16:54,158,228417.84,228436.91,Relax
2011-04-11 15:41:41,2011-04-11 15:41:50,158,228461.69,228461.84,Leave_Home
2011-04-11 15:46:10,2011-04-11 15:46:15,158,228466.18,228466.26,Enter_Home
2011-04-11 15:53:01,2011-04-11 15:53:05,158,228473.02,228473.09,Leave_Home
2011-04-11 18:33:36,2011-04-11 18:33:54,158,228633.61,228633.92,Enter_Home
2011-04-11 18:35:33,2011-04-11 19:02:35,158,228635.57,228662.6,Meal_Preparation
2011-04-11 19:11:34,2011-04-11 19:14:36,158,228671.58,228674.61,Meal_Preparation
2011-04-11 19:14:51,2011-04-11 19:24:02,158,228674.85,228684.05,Relax
2011-04-11 19:25:12,2011-04-11 19:32:59,158,228685.2,228692.99,Relax
2011-04-11 19:34:35,2011-04-11 19:59:42,158,228694.6,228719.71,Relax
2011-04-11 20:01:10,2011-04-11 20:28:40,158,228721.17,228748.68,Relax
2011-04-11 20:37:43,2011-04-11 22:07:20,158,228757.73,228847.34,Relax
2011-04-11 22:08:17,2011-04-11 23:34:34,158,228848.3,228934.58,Relax
2011-04-11 23:43:46,2011-04-12 07:02:23,158,228943.78,229382.39,Sleeping
2011-04-12 07:04:36,2011-04-12 07:09:05,159,229384.61,229389.1,Meal_Preparation
2011-04-12 07:20:31,2011-04-12 07:34:43,159,229400.52,229414.73,Relax
2011-04-12 07:40:35,2011-04-12 08:06:28,159,229420.58,229446.48,Relax
2011-04-12 08:09:11,2011-04-12 08:17:16,159,229449.19,229457.28,Meal_Preparation
2011-04-12 08:18:35,2011-04-12 08:21:39,159,229458.59,229461.66,Eating
2011-04-12 08:22:08,2011-04-12 08:22:26,159,229462.14,229462.44,Eating
2011-04-12 08:45:46,2011-04-12 09:03:46,159,229485.77,229503.78,Meal_Preparation
2011-04-12 09:08:42,2011-04-12 09:12:33,159,229508.71,229512.57,Meal_Preparation
2011-04-12 09:13:32,2011-04-12 09:16:46,159,229513.54,229516.78,Meal_Preparation
2011-04-12 09:56:56,2011-04-12 10:04:16,159,229556.95,229564.28,Meal_Preparation
2011-04-12 10:04:27,2011-04-12 10:09:33,159,229564.46,229569.57,Eating
2011-04-12 10:33:05,2011-04-12 10:38:57,159,229593.1,229598.95,Meal_Preparation
2011-04-12 11:38:36,2011-04-12 11:38:42,159,229658.6,229658.7,Leave_Home
2011-04-12 13:55:39,2011-04-12 13:55:45,159,229795.66,229795.76,Enter_Home
2011-04-12 13:56:38,2011-04-12 14:01:07,159,229796.64,229801.12,Meal_Preparation
2011-04-12 14:03:33,2011-04-12 14:04:51,159,229803.56,229804.86,Meal_Preparation
2011-04-12 14:05:09,2011-04-12 14:15:24,159,229805.16,229815.4,Relax
2011-04-12 14:16:23,2011-04-12 14:36:17,159,229816.39,229836.29,Relax
2011-04-12 14:45:56,2011-04-12 14:46:01,159,229845.94,229846.02,Leave_Home
2011-04-12 15:12:46,2011-04-12 15:12:51,159,229872.78,229872.85,Enter_Home
2011-04-12 16:01:36,2011-04-12 16:14:25,159,229921.6,229934.42,Relax
2011-04-12 16:47:19,2011-04-12 16:47:22,159,229967.32,229967.37,Leave_Home
2011-04-12 17:24:37,2011-04-12 17:24:49,159,230004.62,230004.83,Enter_Home
2011-04-12 17:30:01,2011-04-12 17:50:15,159,230010.03,230030.25,Meal_Preparation
2011-04-12 17:50:49,2011-04-12 18:22:12,159,230030.83,230062.22,Relax
2011-04-12 18:22:14,2011-04-12 18:24:56,159,230062.24,230064.93,Meal_Preparation
2011-04-12 18:27:51,2011-04-12 18:31:58,159,230067.86,230071.98,Meal_Preparation
2011-04-12 18:34:37,2011-04-12 18:37:23,159,230074.63,230077.39,Meal_Preparation
2011-04-12 18:37:54,2011-04-12 18:49:57,159,230077.91,230089.95,Meal_Preparation
2011-04-12 18:50:21,2011-04-12 19:59:49,159,230090.36,230159.83,Eating
2011-04-12 19:27:28,2011-04-12 19:53:49,159,230127.48,230153.82,Meal_Preparation
2011-04-12 20:07:06,2011-04-12 20:28:12,159,230167.11,230188.21,Relax
2011-04-12 20:37:24,2011-04-12 22:09:47,159,230197.41,230289.79,Relax
2011-04-12 22:10:41,2011-04-12 22:49:27,159,230290.69,230329.45,Relax
2011-04-12 22:54:24,2011-04-13 00:06:19,159,230334.41,230406.32,Relax
2011-04-13 00:14:50,2011-04-13 04:36:22,160,230414.85,230676.37,Sleeping
2011-04-13 04:36:29,2011-04-13 04:38:33,160,230676.49,230678.56,Bed_to_Toilet
2011-04-13 04:38:54,2011-04-13 06:42:08,160,230678.91,230802.14,Sleeping
2011-04-13 06:49:22,2011-04-13 07:00:56,160,230809.38,230820.93,Meal_Preparation
2011-04-13 07:01:33,2011-04-13 07:02:44,160,230821.55,230822.74,Meal_Preparation
2011-04-13 07:02:53,2011-04-13 07:27:11,160,230822.89,230847.2,Relax
2011-04-13 08:21:51,2011-04-13 08:24:21,160,230901.86,230904.36,Meal_Preparation
2011-04-13 08:41:48,2011-04-13 08:44:09,160,230921.81,230924.16,Meal_Preparation
2011-04-13 08:44:23,2011-04-13 08:54:16,160,230924.38,230934.27,Eating
2011-04-13 09:33:56,2011-04-13 09:34:03,160,230973.95,230974.05,Leave_Home
2011-04-13 12:21:56,2011-04-13 12:22:02,160,231141.95,231142.04,Enter_Home
2011-04-13 12:31:02,2011-04-13 12:38:02,160,231151.05,231158.05,Meal_Preparation
2011-04-13 12:40:12,2011-04-13 12:41:56,160,231160.21,231161.93,Meal_Preparation
2011-04-13 12:42:09,2011-04-13 12:52:27,160,231162.16,231172.47,Relax
2011-04-13 12:53:08,2011-04-13 13:02:07,160,231173.14,231182.13,Relax
2011-04-13 13:02:33,2011-04-13 15:53:33,160,231182.56,231353.56,Relax
2011-04-13 16:04:06,2011-04-13 16:23:10,160,231364.1,231383.17,Relax
2011-04-13 16:52:42,2011-04-13 16:56:16,160,231412.7,231416.28,Meal_Preparation
2011-04-13 16:57:04,2011-04-13 17:01:28,160,231417.07,231421.47,Meal_Preparation
2011-04-13 17:02:02,2011-04-13 17:05:47,160,231422.04,231425.8,Meal_Preparation
2011-04-13 17:06:01,2011-04-13 17:06:56,160,231426.02,231426.94,Meal_Preparation
2011-04-13 17:18:07,2011-04-13 17:24:48,160,231438.12,231444.8,Relax
2011-04-13 17:48:58,2011-04-13 18:12:32,160,231468.97,231492.55,Relax
2011-04-13 18:12:49,2011-04-13 19:21:10,160,231492.83,231561.18,Relax
2011-04-13 19:32:34,2011-04-13 19:46:31,160,231572.57,231586.52,Relax
2011-04-13 20:17:28,2011-04-13 20:44:37,160,231617.47,231644.63,Relax
2011-04-13 20:52:16,2011-04-13 21:00:11,160,231652.27,231660.19,Relax
2011-04-13 22:01:57,2011-04-13 22:10:50,160,231721.95,231730.84,Relax
2011-04-13 22:14:55,2011-04-13 22:31:24,160,231734.92,231751.41,Relax
2011-04-13 22:33:17,2011-04-13 23:26:19,160,231753.29,231806.32,Relax
2011-04-13 23:35:35,2011-04-13 23:53:08,160,231815.6,231833.14,Relax
2011-04-14 00:17:54,2011-04-14 04:13:42,161,231857.91,232093.71,Sleeping
2011-04-14 04:13:47,2011-04-14 04:15:14,161,232093.79,232095.24,Bed_to_Toilet
2011-04-14 04:16:08,2011-04-14 08:42:22,161,232096.14,232362.37,Sleeping
2011-04-14 08:49:52,2011-04-14 08:58:12,161,232369.87,232378.21,Meal_Preparation
2011-04-14 09:04:23,2011-04-14 09:05:40,161,232384.39,232385.68,Meal_Preparation
2011-04-14 09:05:46,2011-04-14 09:47:49,161,232385.78,232427.83,Relax
2011-04-14 09:55:34,2011-04-14 10:12:11,161,232435.57,232452.19,Work
2011-04-14 10:12:30,2011-04-14 10:18:31,161,232452.51,232458.53,Relax
2011-04-14 10:21:31,2011-04-14 10:26:37,161,232461.53,232466.62,Work
2011-04-14 10:32:13,2011-04-14 10:51:42,161,232472.23,232491.71,Work
2011-04-14 11:08:49,2011-04-14 11:17:51,161,232508.83,232517.86,Relax
2011-04-14 11:18:52,2011-04-14 11:21:09,161,232518.88,232521.15,Meal_Preparation
2011-04-14 11:52:02,2011-04-14 11:53:58,161,232552.04,232553.97,Meal_Preparation
2011-04-14 12:09:53,2011-04-14 12:47:06,161,232569.89,232607.11,Eating
2011-04-14 12:48:35,2011-04-14 12:56:18,161,232608.6,232616.32,Relax
2011-04-14 13:08:05,2011-04-14 13:40:10,161,232628.1,232660.17,Relax
2011-04-14 13:40:56,2011-04-14 14:07:00,161,232660.94,232687.01,Relax
2011-04-14 14:24:03,2011-04-14 14:40:15,161,232704.05,232720.25,Meal_Preparation
2011-04-14 14:43:33,2011-04-14 14:53:51,161,232723.56,232733.86,Relax
2011-04-14 14:55:47,2011-04-14 14:58:37,161,232735.8,232738.62,Eating
2011-04-14 15:02:03,2011-04-14 15:06:15,161,232742.06,232746.26,Eating
2011-04-14 15:14:19,2011-04-14 15:20:44,161,232754.32,232760.74,Relax
2011-04-14 15:25:28,2011-04-14 15:43:48,161,232765.47,232783.8,Relax
2011-04-14 15:49:37,2011-04-14 16:16:01,161,232789.62,232816.02,Relax
2011-04-14 16:16:20,2011-04-14 16:26:27,161,232816.33,232826.45,Meal_Preparation
2011-04-14 16:38:40,2011-04-14 17:20:43,161,232838.68,232880.73,Relax
2011-04-14 17:20:50,2011-04-14 17:28:21,161,232880.84,232888.36,Meal_Preparation
2011-04-14 17:28:30,2011-04-14 17:34:50,161,232888.5,232894.83,Relax
2011-04-14 17:35:24,2011-04-14 17:48:05,161,232895.41,232908.1,Relax
2011-04-14 17:52:22,2011-04-14 18:37:09,161,232912.38,232957.15,Relax
2011-04-14 18:39:51,2011-04-14 18:54:15,161,232959.86,232974.26,Relax
2011-04-14 18:55:52,2011-04-14 19:05:52,161,232975.87,232985.87,Relax
2011-04-14 19:14:54,2011-04-14 19:29:55,161,232994.91,233009.93,Relax
2011-04-14 19:30:14,2011-04-14 19:55:45,161,233010.23,233035.76,Relax
2011-04-14 19:55:47,2011-04-14 19:57:09,161,233035.79,233037.16,Meal_Preparation
2011-04-14 20:09:42,2011-04-14 21:10:32,161,233049.72,233110.53,Relax
2011-04-14 21:23:49,2011-04-14 21:36:07,161,233123.82,233136.12,Relax
2011-04-14 21:39:27,2011-04-14 22:02:28,161,233139.47,233162.47,Relax
2011-04-14 22:21:26,2011-04-15 03:20:51,161,233181.43,233480.86,Sleeping
2011-04-15 03:21:06,2011-04-15 03:23:30,162,233481.11,233483.5,Bed_to_Toilet
2011-04-15 03:23:45,2011-04-15 05:24:28,162,233483.75,233604.48,Sleeping
2011-04-15 05:28:36,2011-04-15 05:34:57,162,233608.6,233614.95,Meal_Preparation
2011-04-15 05:35:45,2011-04-15 05:36:52,162,233615.76,233616.87,Meal_Preparation
2011-04-15 05:37:21,2011-04-15 05:55:10,162,233617.36,233635.18,Relax
2011-04-15 06:13:36,2011-04-15 06:37:19,162,233653.6,233677.33,Relax
2011-04-15 07:36:00,2011-04-15 07:49:24,162,233736.0,233749.42,Meal_Preparation
2011-04-15 07:50:59,2011-04-15 07:52:23,162,233750.99,233752.4,Meal_Preparation
2011-04-15 07:52:27,2011-04-15 07:59:11,162,233752.45,233759.2,Relax
2011-04-15 08:15:10,2011-04-15 08:18:11,162,233775.17,233778.19,Meal_Preparation
2011-04-15 08:23:24,2011-04-15 08:29:34,162,233783.41,233789.58,Relax
2011-04-15 08:32:59,2011-04-15 09:06:10,162,233792.99,233826.17,Relax
2011-04-15 12:37:23,2011-04-15 12:56:33,162,234037.39,234056.56,Relax
2011-04-15 13:14:20,2011-04-15 13:20:42,162,234074.35,234080.71,Meal_Preparation
2011-04-15 13:25:42,2011-04-15 13:25:46,162,234085.71,234085.78,Leave_Home
2011-04-15 15:49:14,2011-04-15 15:49:19,162,234229.24,234229.32,Enter_Home
2011-04-15 16:21:04,2011-04-15 17:01:51,162,234261.07,234301.86,Relax
2011-04-15 17:02:02,2011-04-15 17:09:01,162,234302.04,234309.03,Relax
2011-04-15 17:11:51,2011-04-15 17:11:55,162,234311.86,234311.93,Leave_Home
2011-04-15 17:36:31,2011-04-15 17:36:35,162,234336.52,234336.59,Enter_Home
2011-04-15 17:41:01,2011-04-15 17:46:48,162,234341.03,234346.82,Meal_Preparation
2011-04-15 17:48:29,2011-04-15 17:50:47,162,234348.5,234350.79,Meal_Preparation
2011-04-15 17:59:51,2011-04-15 18:03:21,162,234359.87,234363.36,Meal_Preparation
2011-04-15 18:04:22,2011-04-15 18:13:06,162,234364.38,234373.11,Meal_Preparation
2011-04-15 18:13:18,2011-04-15 18:19:43,162,234373.3,234379.72,Relax
2011-04-15 18:19:46,2011-04-15 18:22:17,162,234379.77,234382.3,Meal_Preparation
2011-04-15 18:24:04,2011-04-15 18:31:50,162,234384.08,234391.83,Meal_Preparation
2011-04-15 18:33:56,2011-04-15 18:35:04,162,234393.95,234395.08,Meal_Preparation
2011-04-15 18:35:28,2011-04-15 18:39:05,162,234395.47,234399.1,Meal_Preparation
2011-04-15 18:39:11,2011-04-15 18:50:27,162,234399.2,234410.46,Relax
2011-04-15 18:50:59,2011-04-15 18:57:22,162,234410.99,234417.38,Relax
2011-04-15 19:02:19,2011-04-15 19:51:55,162,234422.32,234471.92,Relax
2011-04-15 20:00:35,2011-04-15 20:17:16,162,234480.6,234497.27,Relax
2011-04-15 20:19:09,2011-04-15 21:26:23,162,234499.16,234566.4,Relax
2011-04-15 21:29:27,2011-04-15 23:21:10,162,234569.45,234681.17,Relax
2011-04-15 23:33:02,2011-04-15 23:47:08,162,234693.04,234707.15,Relax
2011-04-15 23:48:49,2011-04-16 06:19:47,162,234708.82,235099.79,Sleeping
2011-04-16 06:25:58,2011-04-16 06:39:58,163,235105.98,235119.97,Meal_Preparation
2011-04-16 06:40:17,2011-04-16 06:46:44,163,235120.29,235126.74,Relax
2011-04-16 06:50:43,2011-04-16 06:55:21,163,235130.73,235135.36,Relax
2011-04-16 06:56:23,2011-04-16 07:53:14,163,235136.4,235193.24,Relax
2011-04-16 08:01:16,2011-04-16 08:19:10,163,235201.27,235219.18,Relax
2011-04-16 08:28:28,2011-04-16 08:34:18,163,235228.48,235234.31,Meal_Preparation
2011-04-16 08:37:18,2011-04-16 09:00:50,163,235237.31,235260.84,Work
2011-04-16 09:46:27,2011-04-16 09:52:21,163,235306.46,235312.35,Meal_Preparation
2011-04-16 09:52:26,2011-04-16 10:02:46,163,235312.45,235322.77,Relax
2011-04-16 10:39:55,2011-04-16 10:39:59,163,235359.92,235360.0,Leave_Home
2011-04-16 15:59:52,2011-04-16 15:59:56,163,235679.87,235679.94,Enter_Home
2011-04-16 16:07:36,2011-04-16 18:29:01,163,235687.61,235829.03,Relax
2011-04-16 18:29:20,2011-04-16 18:35:42,163,235829.35,235835.71,Meal_Preparation
2011-04-16 18:35:46,2011-04-16 20:00:20,163,235835.78,235920.33,Relax
2011-04-16 20:01:51,2011-04-16 20:05:55,163,235921.85,235925.93,Meal_Preparation
2011-04-16 20:07:44,2011-04-16 20:13:36,163,235927.74,235933.61,Relax
2011-04-16 20:13:55,2011-04-16 20:20:12,163,235933.93,235940.22,Meal_Preparation
2011-04-16 20:20:22,2011-04-16 20:25:27,163,235940.37,235945.46,Relax
2011-04-16 20:25:48,2011-04-16 21:44:47,163,235945.81,236024.79,Relax
2011-04-16 21:47:42,2011-04-16 22:08:44,163,236027.7,236048.75,Relax
2011-04-16 22:15:09,2011-04-16 23:19:12,163,236055.15,236119.2,Relax
2011-04-16 23:30:29,2011-04-17 00:10:00,163,236130.49,236170.0,Relax
2011-04-17 00:10:17,2011-04-17 03:49:32,164,236170.3,236389.55,Sleeping
2011-04-17 03:49:50,2011-04-17 03:52:04,164,236389.84,236392.07,Bed_to_Toilet
2011-04-17 03:52:10,2011-04-17 07:24:31,164,236392.17,236604.53,Sleeping
2011-04-17 07:31:16,2011-04-17 07:39:24,164,236611.28,236619.4,Meal_Preparation
2011-04-17 07:46:46,2011-04-17 07:50:34,164,236626.78,236630.58,Meal_Preparation
2011-04-17 07:51:11,2011-04-17 08:07:11,164,236631.19,236647.19,Relax
2011-04-17 09:52:16,2011-04-17 09:52:22,164,236752.28,236752.38,Leave_Home
2011-04-17 12:10:28,2011-04-17 12:10:34,164,236890.47,236890.57,Enter_Home
2011-04-17 12:13:16,2011-04-17 12:22:23,164,236893.27,236902.39,Meal_Preparation
2011-04-17 12:25:04,2011-04-17 12:34:50,164,236905.07,236914.85,Meal_Preparation
2011-04-17 12:50:22,2011-04-17 13:16:11,164,236930.37,236956.2,Meal_Preparation
2011-04-17 13:19:22,2011-04-17 13:22:11,164,236959.38,236962.18,Meal_Preparation
2011-04-17 14:35:21,2011-04-17 14:35:28,164,237035.35,237035.48,Leave_Home
2011-04-17 14:41:51,2011-04-17 14:42:03,164,237041.86,237042.07,Enter_Home
2011-04-17 15:09:32,2011-04-17 15:29:48,164,237069.53,237089.8,Relax
2011-04-17 15:32:58,2011-04-17 15:46:55,164,237092.97,237106.93,Relax
2011-04-17 15:48:04,2011-04-17 17:06:44,164,237108.07,237186.74,Relax
2011-04-17 17:13:43,2011-04-17 17:30:44,164,237193.72,237210.74,Relax
2011-04-17 17:31:03,2011-04-17 18:20:20,164,237211.05,237260.35,Relax
2011-04-17 18:20:24,2011-04-17 18:25:01,164,237260.41,237265.02,Meal_Preparation
2011-04-17 18:25:13,2011-04-17 18:32:20,164,237265.23,237272.33,Relax
2011-04-17 18:40:00,2011-04-17 18:44:26,164,237280.0,237284.44,Meal_Preparation
2011-04-17 18:44:51,2011-04-17 19:30:24,164,237284.86,237330.41,Relax
2011-04-17 19:30:35,2011-04-17 19:35:41,164,237330.59,237335.69,Meal_Preparation
2011-04-17 19:36:37,2011-04-17 19:38:16,164,237336.62,237338.27,Meal_Preparation
2011-04-17 19:38:39,2011-04-17 20:12:03,164,237338.66,237372.05,Relax
2011-04-17 20:13:23,2011-04-17 20:39:32,164,237373.4,237399.53,Relax
2011-04-17 20:51:15,2011-04-17 22:33:30,164,237411.26,237513.52,Relax
2011-04-17 22:37:11,2011-04-17 23:24:37,164,237517.19,237564.63,Relax
2011-04-17 23:27:48,2011-04-17 23:40:26,164,237567.8,237580.44,Relax
2011-04-17 23:47:31,2011-04-17 23:56:15,164,237587.52,237596.26,Relax
2011-04-17 23:59:13,2011-04-18 00:22:54,164,237599.22,237622.91,Relax
2011-04-18 00:23:44,2011-04-18 00:41:15,165,237623.74,237641.25,Relax
2011-04-18 00:44:30,2011-04-18 05:45:29,165,237644.51,237945.49,Sleeping
2011-04-18 05:45:32,2011-04-18 05:47:32,165,237945.54,237947.54,Bed_to_Toilet
2011-04-18 05:47:33,2011-04-18 08:15:09,165,237947.56,238095.15,Sleeping
2011-04-18 08:16:36,2011-04-18 08:31:30,165,238096.61,238111.51,Meal_Preparation
2011-04-18 08:32:06,2011-04-18 08:59:12,165,238112.12,238139.21,Relax
2011-04-18 09:04:26,2011-04-18 09:20:09,165,238144.45,238160.16,Relax
2011-04-18 09:38:23,2011-04-18 09:53:35,165,238178.4,238193.6,Meal_Preparation
2011-04-18 09:54:20,2011-04-18 09:57:26,165,238194.33,238197.44,Meal_Preparation
2011-04-18 10:01:29,2011-04-18 10:07:28,165,238201.5,238207.48,Eating
2011-04-18 11:56:58,2011-04-18 12:02:37,165,238316.98,238322.62,Meal_Preparation
2011-04-18 12:02:49,2011-04-18 12:15:17,165,238322.82,238335.29,Relax
2011-04-18 12:15:59,2011-04-18 13:30:18,165,238335.99,238410.32,Relax
2011-04-18 13:43:41,2011-04-18 13:49:15,165,238423.69,238429.25,Meal_Preparation
2011-04-18 14:06:18,2011-04-18 14:36:16,165,238446.31,238476.28,Meal_Preparation
2011-04-18 14:38:35,2011-04-18 14:47:12,165,238478.58,238487.21,Meal_Preparation
2011-04-18 14:57:41,2011-04-18 15:05:04,165,238497.69,238505.08,Meal_Preparation
2011-04-18 15:07:24,2011-04-18 16:45:26,165,238507.41,238605.44,Relax
2011-04-18 16:49:29,2011-04-18 17:24:04,165,238609.49,238644.07,Relax
2011-04-18 17:25:07,2011-04-18 17:52:51,165,238645.12,238672.86,Meal_Preparation
2011-04-18 18:02:03,2011-04-18 18:48:07,165,238682.05,238728.12,Relax
2011-04-18 18:49:46,2011-04-18 19:18:00,165,238729.77,238758.02,Relax
2011-04-18 19:27:41,2011-04-18 19:42:48,165,238767.68,238782.81,Relax
2011-04-18 19:47:17,2011-04-18 20:03:39,165,238787.28,238803.67,Relax
2011-04-18 20:09:08,2011-04-18 20:48:19,165,238809.14,238848.33,Relax
2011-04-18 20:51:00,2011-04-18 21:05:04,165,238851.0,238865.07,Relax
2011-04-18 21:06:11,2011-04-18 21:15:45,165,238866.2,238875.76,Relax
2011-04-18 21:19:16,2011-04-18 22:04:49,165,238879.27,238924.83,Relax
2011-04-18 22:09:41,2011-04-18 23:05:47,165,238929.68,238985.79,Relax
2011-04-18 23:08:16,2011-04-18 23:17:52,165,238988.28,238997.88,Relax
2011-04-18 23:34:24,2011-04-19 00:32:55,165,239014.41,239072.93,Relax
2011-04-19 00:36:23,2011-04-19 07:08:02,166,239076.4,239468.05,Sleeping
2011-04-19 07:08:05,2011-04-19 07:10:12,166,239468.09,239470.21,Bed_to_Toilet
2011-04-19 07:10:15,2011-04-19 07:30:54,166,239470.26,239490.91,Sleeping
2011-04-19 07:33:06,2011-04-19 07:40:43,166,239493.11,239500.73,Meal_Preparation
2011-04-19 07:43:58,2011-04-19 07:46:10,166,239503.97,239506.18,Meal_Preparation
2011-04-19 07:46:17,2011-04-19 07:54:38,166,239506.29,239514.64,Relax
2011-04-19 07:59:34,2011-04-19 08:14:26,166,239519.58,239534.44,Relax
2011-04-19 08:16:15,2011-04-19 08:34:29,166,239536.26,239554.48,Relax
2011-04-19 08:41:45,2011-04-19 08:53:58,166,239561.76,239573.98,Relax
2011-04-19 09:34:04,2011-04-19 09:47:23,166,239614.08,239627.4,Meal_Preparation
2011-04-19 09:47:51,2011-04-19 09:51:46,166,239627.86,239631.77,Meal_Preparation
2011-04-19 09:52:11,2011-04-19 09:59:41,166,239632.18,239639.68,Eating
2011-04-19 09:59:44,2011-04-19 10:07:23,166,239639.74,239647.39,Wash_Dishes
2011-04-19 10:30:37,2011-04-19 10:30:42,166,239670.63,239670.71,Leave_Home
2011-04-19 10:36:05,2011-04-19 10:36:10,166,239676.09,239676.18,Enter_Home
2011-04-19 10:36:25,2011-04-19 10:36:29,166,239676.42,239676.49,Leave_Home
2011-04-19 11:04:30,2011-04-19 11:04:35,166,239704.5,239704.59,Enter_Home
2011-04-19 11:47:33,2011-04-19 11:47:38,166,239747.56,239747.64,Leave_Home
2011-04-19 12:47:17,2011-04-19 12:47:23,166,239807.3,239807.39,Enter_Home
2011-04-19 12:47:44,2011-04-19 12:58:03,166,239807.73,239818.05,Meal_Preparation
2011-04-19 13:08:01,2011-04-19 13:51:00,166,239828.03,239871.0,Relax
2011-04-19 14:06:52,2011-04-19 14:29:36,166,239886.88,239909.6,Relax
2011-04-19 14:39:59,2011-04-19 14:40:03,166,239919.98,239920.06,Leave_Home
2011-04-19 15:13:21,2011-04-19 15:13:25,166,239953.35,239953.43,Enter_Home
2011-04-19 15:45:24,2011-04-19 16:19:50,166,239985.41,240019.85,Relax
2011-04-19 16:20:23,2011-04-19 16:43:14,166,240020.4,240043.24,Relax
2011-04-19 16:50:08,2011-04-19 16:56:45,166,240050.15,240056.75,Meal_Preparation
2011-04-19 17:11:57,2011-04-19 17:23:08,166,240071.97,240083.15,Relax
2011-04-19 17:26:20,2011-04-19 17:39:31,166,240086.33,240099.52,Meal_Preparation
2011-04-19 17:45:23,2011-04-19 18:19:18,166,240105.39,240139.3,Meal_Preparation
2011-04-19 18:26:54,2011-04-19 18:29:38,166,240146.9,240149.64,Meal_Preparation
2011-04-19 18:29:41,2011-04-19 18:55:40,166,240149.69,240175.67,Eating
2011-04-19 18:33:47,2011-04-19 19:01:55,166,240153.79,240181.92,Meal_Preparation
2011-04-19 19:06:47,2011-04-19 19:29:34,166,240186.8,240209.58,Meal_Preparation
2011-04-19 19:29:39,2011-04-19 19:45:11,166,240209.66,240225.19,Eating
2011-04-19 19:45:12,2011-04-19 19:47:32,166,240225.21,240227.54,Meal_Preparation
2011-04-19 19:55:46,2011-04-19 20:09:41,166,240235.78,240249.69,Relax
2011-04-19 20:13:09,2011-04-19 21:17:47,166,240253.15,240317.79,Relax
2011-04-19 21:24:10,2011-04-19 23:33:58,166,240324.18,240453.98,Relax
2011-04-19 23:46:42,2011-04-20 04:59:27,166,240466.71,240779.45,Sleeping
2011-04-20 04:59:31,2011-04-20 05:01:26,167,240779.53,240781.44,Bed_to_Toilet
2011-04-20 05:01:31,2011-04-20 05:29:54,167,240781.52,240809.91,Sleeping
2011-04-20 05:32:27,2011-04-20 05:37:58,167,240812.46,240817.98,Meal_Preparation
2011-04-20 05:38:11,2011-04-20 05:43:08,167,240818.19,240823.14,Work
2011-04-20 05:47:01,2011-04-20 06:01:21,167,240827.03,240841.35,Relax
2011-04-20 06:13:28,2011-04-20 06:45:32,167,240853.47,240885.55,Relax
2011-04-20 07:32:23,2011-04-20 07:36:53,167,240932.39,240936.89,Work
2011-04-20 07:38:39,2011-04-20 07:50:56,167,240938.65,240950.95,Respirate
2011-04-20 07:51:18,2011-04-20 07:53:25,167,240951.31,240953.42,Meal_Preparation
2011-04-20 07:53:27,2011-04-20 07:56:55,167,240953.46,240956.93,Eating
2011-04-20 07:59:08,2011-04-20 08:04:03,167,240959.14,240964.06,Eating
2011-04-20 08:04:01,2011-04-20 08:06:33,167,240964.02,240966.56,Meal_Preparation
2011-04-20 08:08:59,2011-04-20 08:12:14,167,240969.0,240972.25,Eating
2011-04-20 09:01:53,2011-04-20 09:01:57,167,241021.9,241021.96,Leave_Home
2011-04-20 12:22:27,2011-04-20 12:22:33,167,241222.46,241222.55,Enter_Home
2011-04-20 12:28:33,2011-04-20 12:36:42,167,241228.55,241236.7,Relax
2011-04-20 12:43:55,2011-04-20 12:44:00,167,241243.92,241244.0,Leave_Home
2011-04-20 14:57:09,2011-04-20 14:57:14,167,241377.15,241377.23,Enter_Home
2011-04-20 14:59:17,2011-04-20 15:15:23,167,241379.3,241395.4,Meal_Preparation
2011-04-20 15:15:32,2011-04-20 15:45:12,167,241395.55,241425.21,Relax
2011-04-20 15:45:46,2011-04-20 16:17:22,167,241425.78,241457.37,Relax
2011-04-20 16:20:47,2011-04-20 17:13:44,167,241460.79,241513.74,Relax
2011-04-20 17:13:47,2011-04-20 17:20:07,167,241513.8,241520.13,Meal_Preparation
2011-04-20 18:09:52,2011-04-20 18:15:35,167,241569.87,241575.59,Meal_Preparation
2011-04-20 18:16:57,2011-04-20 18:22:23,167,241576.96,241582.39,Relax
2011-04-20 18:22:37,2011-04-20 18:24:43,167,241582.63,241584.73,Meal_Preparation
2011-04-20 18:24:49,2011-04-20 18:30:54,167,241584.83,241590.91,Relax
2011-04-20 18:31:30,2011-04-20 18:45:35,167,241591.5,241605.6,Relax
2011-04-20 18:47:14,2011-04-20 18:51:09,167,241607.24,241611.16,Relax
2011-04-20 18:51:55,2011-04-20 19:37:20,167,241611.93,241657.33,Relax
2011-04-20 19:46:23,2011-04-20 20:55:11,167,241666.38,241735.19,Relax
2011-04-20 21:00:11,2011-04-21 01:17:46,167,241740.19,241997.78,Sleeping
2011-04-21 01:17:58,2011-04-21 01:20:40,168,241997.98,242000.67,Bed_to_Toilet
2011-04-21 01:20:41,2011-04-21 05:44:43,168,242000.69,242264.73,Sleeping
2011-04-21 05:59:51,2011-04-21 06:15:13,168,242279.85,242295.22,Relax
2011-04-21 07:09:05,2011-04-21 07:15:27,168,242349.09,242355.46,Relax
2011-04-21 07:38:42,2011-04-21 07:38:47,168,242378.72,242378.79,Leave_Home
2011-04-21 11:50:33,2011-04-21 11:50:37,168,242630.56,242630.63,Enter_Home
2011-04-21 11:58:13,2011-04-21 13:34:22,168,242638.22,242734.37,Relax
2011-04-21 14:18:09,2011-04-21 14:56:30,168,242778.16,242816.51,Relax
2011-04-21 15:08:14,2011-04-21 15:18:07,168,242828.25,242838.13,Meal_Preparation
2011-04-21 15:53:13,2011-04-21 16:13:57,168,242873.23,242893.95,Work
2011-04-21 16:15:27,2011-04-21 16:45:36,168,242895.46,242925.62,Relax
2011-04-21 16:45:44,2011-04-21 16:53:49,168,242925.74,242933.82,Meal_Preparation
2011-04-21 16:54:14,2011-04-21 16:59:00,168,242934.24,242939.02,Meal_Preparation
2011-04-21 17:01:47,2011-04-21 17:04:12,168,242941.79,242944.2,Meal_Preparation
2011-04-21 17:04:27,2011-04-21 17:23:42,168,242944.46,242963.7,Relax
2011-04-21 17:24:14,2011-04-21 17:36:00,168,242964.25,242976.01,Relax
2011-04-21 17:39:02,2011-04-21 17:50:03,168,242979.04,242990.06,Relax
2011-04-21 17:50:59,2011-04-21 18:41:59,168,242991.0,243041.99,Relax
2011-04-21 18:49:29,2011-04-21 19:55:30,168,243049.49,243115.51,Relax
2011-04-21 19:55:55,2011-04-21 20:19:18,168,243115.93,243139.31,Relax
2011-04-21 20:19:57,2011-04-21 21:15:45,168,243139.95,243195.76,Relax
2011-04-21 21:28:45,2011-04-21 21:34:23,168,243208.77,243214.39,Relax
2011-04-21 21:43:11,2011-04-21 22:29:38,168,243223.19,243269.65,Relax
2011-04-21 22:33:56,2011-04-21 23:04:14,168,243273.94,243304.25,Relax
2011-04-21 23:06:44,2011-04-21 23:20:49,168,243306.74,243320.82,Relax
2011-04-21 23:35:36,2011-04-22 00:02:57,168,243335.61,243362.96,Relax
2011-04-22 00:03:41,2011-04-22 06:01:08,169,243363.68,243721.15,Sleeping
2011-04-22 06:01:18,2011-04-22 06:03:17,169,243721.31,243723.28,Bed_to_Toilet
2011-04-22 06:03:22,2011-04-22 06:09:01,169,243723.37,243729.03,Sleeping
2011-04-22 06:11:31,2011-04-22 06:13:57,169,243731.53,243733.95,Meal_Preparation
2011-04-22 06:19:14,2011-04-22 06:21:52,169,243739.24,243741.87,Meal_Preparation
2011-04-22 06:24:35,2011-04-22 06:47:43,169,243744.59,243767.73,Relax
2011-04-22 06:48:47,2011-04-22 07:23:52,169,243768.8,243803.87,Relax
2011-04-22 07:28:54,2011-04-22 07:34:41,169,243808.92,243814.68,Meal_Preparation
2011-04-22 07:34:46,2011-04-22 07:38:57,169,243814.78,243818.95,Work
2011-04-22 07:42:27,2011-04-22 07:42:31,169,243822.46,243822.53,Leave_Home
2011-04-22 08:39:25,2011-04-22 08:39:31,169,243879.42,243879.52,Enter_Home
2011-04-22 09:02:32,2011-04-22 09:47:58,169,243902.54,243947.97,Work
2011-04-22 09:48:25,2011-04-22 09:53:44,169,243948.42,243953.74,Meal_Preparation
2011-04-22 09:53:58,2011-04-22 10:00:42,169,243953.97,243960.7,Meal_Preparation
2011-04-22 10:15:27,2011-04-22 10:53:00,169,243975.47,244013.01,Relax
2011-04-22 13:09:20,2011-04-22 13:14:07,169,244149.34,244154.13,Work
2011-04-22 13:21:01,2011-04-22 13:21:08,169,244161.03,244161.15,Leave_Home
2011-04-22 17:12:50,2011-04-22 17:12:59,169,244392.85,244392.99,Enter_Home
2011-04-22 17:17:27,2011-04-22 17:24:47,169,244397.45,244404.8,Relax
2011-04-22 17:33:23,2011-04-22 18:16:07,169,244413.39,244456.12,Relax
2011-04-22 18:16:51,2011-04-22 18:28:19,169,244456.85,244468.32,Relax
2011-04-22 18:40:13,2011-04-22 18:40:18,169,244480.23,244480.3,Leave_Home
2011-04-22 21:51:37,2011-04-22 21:51:44,169,244671.62,244671.73,Enter_Home
2011-04-22 22:03:19,2011-04-22 23:17:41,169,244683.32,244757.69,Relax
2011-04-22 23:23:06,2011-04-23 05:01:42,169,244763.1,245101.7,Sleeping
2011-04-23 05:01:48,2011-04-23 05:03:26,170,245101.8,245103.44,Bed_to_Toilet
2011-04-23 05:03:29,2011-04-23 06:46:38,170,245103.49,245206.65,Sleeping
2011-04-23 06:47:15,2011-04-23 06:57:13,170,245207.26,245217.22,Relax
2011-04-23 07:00:15,2011-04-23 07:12:33,170,245220.26,245232.55,Meal_Preparation
2011-04-23 07:13:24,2011-04-23 07:26:35,170,245233.41,245246.6,Relax
2011-04-23 07:50:55,2011-04-23 08:49:58,170,245270.93,245329.98,Relax
2011-04-23 09:14:49,2011-04-23 09:15:48,170,245354.82,245355.81,Meal_Preparation
2011-04-23 09:19:07,2011-04-23 09:20:08,170,245359.13,245360.14,Meal_Preparation
2011-04-23 09:24:28,2011-04-23 09:27:53,170,245364.48,245367.89,Meal_Preparation
2011-04-23 09:28:09,2011-04-23 10:10:05,170,245368.16,245410.09,Relax
2011-04-23 10:29:50,2011-04-23 10:34:03,170,245429.84,245434.06,Meal_Preparation
2011-04-23 10:36:39,2011-04-23 10:43:21,170,245436.66,245443.36,Relax
2011-04-23 10:47:35,2011-04-23 10:53:23,170,245447.59,245453.39,Relax
2011-04-23 10:56:10,2011-04-23 11:00:43,170,245456.17,245460.73,Relax
2011-04-23 11:30:39,2011-04-23 11:30:43,170,245490.66,245490.73,Leave_Home
2011-04-23 13:23:55,2011-04-23 13:23:59,170,245603.92,245604.0,Enter_Home
2011-04-23 13:24:06,2011-04-23 13:25:52,170,245604.11,245605.88,Meal_Preparation
2011-04-23 13:26:26,2011-04-23 13:29:01,170,245606.43,245609.02,Meal_Preparation
2011-04-23 13:29:55,2011-04-23 13:31:26,170,245609.93,245611.45,Meal_Preparation
2011-04-23 13:31:56,2011-04-23 14:50:15,170,245611.95,245690.26,Relax
2011-04-23 14:51:07,2011-04-23 15:20:54,170,245691.13,245720.91,Relax
2011-04-23 18:55:47,2011-04-23 19:12:12,170,245935.79,245952.21,Relax
2011-04-23 19:12:24,2011-04-23 19:43:36,170,245952.4,245983.61,Meal_Preparation
2011-04-23 19:46:14,2011-04-23 20:01:42,170,245986.24,246001.71,Relax
2011-04-23 20:03:22,2011-04-23 20:14:23,170,246003.37,246014.38,Relax
2011-04-23 20:17:06,2011-04-23 20:22:46,170,246017.11,246022.78,Relax
2011-04-23 20:22:50,2011-04-23 20:27:06,170,246022.83,246027.11,Meal_Preparation
2011-04-23 20:27:11,2011-04-23 21:18:47,170,246027.19,246078.79,Relax
2011-04-23 21:21:17,2011-04-23 23:24:57,170,246081.29,246204.96,Relax
2011-04-23 23:36:10,2011-04-24 06:30:44,170,246216.18,246630.74,Sleeping
2011-04-24 06:32:28,2011-04-24 06:39:17,171,246632.47,246639.29,Meal_Preparation
2011-04-24 06:43:20,2011-04-24 06:46:00,171,246643.33,246646.0,Meal_Preparation
2011-04-24 06:46:07,2011-04-24 07:26:26,171,246646.12,246686.44,Relax
2011-04-24 07:32:47,2011-04-24 07:58:27,171,246692.8,246718.47,Relax
2011-04-24 08:04:22,2011-04-24 08:12:45,171,246724.38,246732.76,Meal_Preparation
2011-04-24 08:37:58,2011-04-24 08:54:47,171,246757.97,246774.8,Relax
2011-04-24 09:05:37,2011-04-24 09:08:11,171,246785.63,246788.18,Meal_Preparation
2011-04-24 10:20:32,2011-04-24 10:20:37,171,246860.54,246860.62,Leave_Home
2011-04-24 16:02:25,2011-04-24 16:02:30,171,247202.42,247202.52,Enter_Home
2011-04-24 16:22:43,2011-04-24 16:22:51,171,247222.73,247222.86,Leave_Home
2011-04-24 16:25:10,2011-04-24 16:25:15,171,247225.17,247225.25,Enter_Home
2011-04-24 16:27:58,2011-04-24 18:31:03,171,247227.97,247351.06,Relax
2011-04-24 18:44:07,2011-04-24 19:01:29,171,247364.13,247381.49,Relax
2011-04-24 19:01:36,2011-04-24 19:04:37,171,247381.61,247384.63,Meal_Preparation
2011-04-24 19:04:50,2011-04-24 19:20:55,171,247384.84,247400.93,Relax
2011-04-24 19:21:35,2011-04-24 19:46:24,171,247401.59,247426.41,Relax
2011-04-24 19:52:51,2011-04-24 20:59:57,171,247432.85,247499.97,Relax
2011-04-24 21:01:09,2011-04-24 21:39:33,171,247501.16,247539.56,Relax
2011-04-24 21:42:10,2011-04-25 00:15:52,171,247542.17,247695.87,Relax
2011-04-25 00:38:00,2011-04-25 05:43:12,172,247718.0,248023.21,Sleeping
2011-04-25 05:47:47,2011-04-25 05:56:19,172,248027.78,248036.32,Meal_Preparation
2011-04-25 06:00:12,2011-04-25 06:46:56,172,248040.2,248086.95,Relax
2011-04-25 06:47:54,2011-04-25 07:21:15,172,248087.91,248121.25,Relax
2011-04-25 08:19:58,2011-04-25 08:25:11,172,248179.98,248185.18,Meal_Preparation
2011-04-25 08:26:26,2011-04-25 08:28:12,172,248186.45,248188.21,Meal_Preparation
2011-04-25 08:28:15,2011-04-25 08:34:14,172,248188.27,248194.24,Eating
2011-04-25 09:07:19,2011-04-25 09:15:00,172,248227.32,248235.02,Work
2011-04-25 09:57:11,2011-04-25 09:59:53,172,248277.19,248279.89,Work
2011-04-25 10:12:36,2011-04-25 10:55:28,172,248292.62,248335.48,Relax
2011-04-25 10:55:36,2011-04-25 11:02:13,172,248335.61,248342.22,Meal_Preparation
2011-04-25 11:30:28,2011-04-25 11:30:34,172,248370.48,248370.58,Leave_Home
2011-04-25 13:43:05,2011-04-25 13:43:11,172,248503.08,248503.19,Enter_Home
2011-04-25 13:44:40,2011-04-25 13:55:45,172,248504.68,248515.75,Meal_Preparation
2011-04-25 13:56:06,2011-04-25 14:04:51,172,248516.11,248524.86,Relax
2011-04-25 14:10:14,2011-04-25 16:21:44,172,248530.24,248661.74,Relax
2011-04-25 16:32:01,2011-04-25 16:39:06,172,248672.02,248679.11,Work
2011-04-25 16:42:03,2011-04-25 17:59:12,172,248682.06,248759.21,Relax
2011-04-25 18:00:25,2011-04-25 18:31:55,172,248760.42,248791.92,Meal_Preparation
2011-04-25 18:34:58,2011-04-25 18:36:40,172,248794.98,248796.67,Meal_Preparation
2011-04-25 18:37:41,2011-04-25 18:38:51,172,248797.69,248798.85,Meal_Preparation
2011-04-25 18:39:07,2011-04-25 19:04:52,172,248799.13,248824.88,Relax
2011-04-25 19:05:52,2011-04-25 19:29:19,172,248825.87,248849.32,Relax
2011-04-25 19:30:15,2011-04-25 19:41:14,172,248850.25,248861.25,Relax
2011-04-25 19:47:56,2011-04-25 20:00:51,172,248867.94,248880.85,Relax
2011-04-25 20:01:47,2011-04-25 20:10:55,172,248881.78,248890.92,Relax
2011-04-25 20:14:05,2011-04-25 21:37:24,172,248894.1,248977.4,Relax
2011-04-25 21:43:06,2011-04-25 22:36:01,172,248983.1,249036.02,Relax
2011-04-25 22:44:03,2011-04-25 23:43:26,172,249044.06,249103.44,Relax
2011-04-25 23:46:09,2011-04-26 05:10:22,172,249106.16,249430.38,Sleeping
2011-04-26 05:14:51,2011-04-26 05:26:32,173,249434.86,249446.54,Meal_Preparation
2011-04-26 05:26:44,2011-04-26 05:43:06,173,249446.74,249463.11,Relax
2011-04-26 05:48:30,2011-04-26 06:21:51,173,249468.5,249501.87,Relax
2011-04-26 06:41:12,2011-04-26 06:58:33,173,249521.2,249538.57,Relax
2011-04-26 07:00:16,2011-04-26 07:02:31,173,249540.27,249542.52,Meal_Preparation
2011-04-26 07:02:36,2011-04-26 07:10:50,173,249542.6,249550.85,Work
2011-04-26 07:45:06,2011-04-26 07:52:07,173,249585.11,249592.12,Meal_Preparation
2011-04-26 07:52:41,2011-04-26 07:57:35,173,249592.69,249597.59,Eating
2011-04-26 08:43:19,2011-04-26 08:43:24,173,249643.32,249643.4,Leave_Home
2011-04-26 08:46:58,2011-04-26 08:47:03,173,249646.97,249647.05,Enter_Home
2011-04-26 08:51:28,2011-04-26 08:51:33,173,249651.48,249651.56,Leave_Home
2011-04-26 08:59:12,2011-04-26 08:59:16,173,249659.21,249659.28,Enter_Home
2011-04-26 09:01:53,2011-04-26 09:19:45,173,249661.9,249679.76,Relax
2011-04-26 09:19:57,2011-04-26 09:20:04,173,249679.96,249680.07,Leave_Home
2011-04-26 13:49:35,2011-04-26 13:49:45,173,249949.59,249949.76,Enter_Home
2011-04-26 14:03:26,2011-04-26 14:15:26,173,249963.44,249975.43,Relax
2011-04-26 14:16:40,2011-04-26 14:46:34,173,249976.67,250006.57,Relax
2011-04-26 14:47:04,2011-04-26 14:53:52,173,250007.07,250013.88,Relax
2011-04-26 14:55:51,2011-04-26 18:00:35,173,250015.85,250200.59,Relax
2011-04-26 18:23:12,2011-04-26 19:51:36,173,250223.21,250311.61,Relax
2011-04-26 19:52:30,2011-04-26 19:54:56,173,250312.51,250314.95,Meal_Preparation
2011-04-26 19:55:46,2011-04-26 19:59:46,173,250315.77,250319.78,Meal_Preparation
2011-04-26 20:01:50,2011-04-26 20:14:01,173,250321.83,250334.02,Meal_Preparation
2011-04-26 20:14:14,2011-04-26 21:08:58,173,250334.23,250388.98,Relax
2011-04-26 21:09:04,2011-04-26 21:14:56,173,250389.07,250394.94,Meal_Preparation
2011-04-26 21:17:35,2011-04-26 22:04:24,173,250397.59,250444.4,Relax
2011-04-26 22:07:52,2011-04-26 23:56:03,173,250447.88,250556.06,Relax
2011-04-27 00:11:35,2011-04-27 05:11:15,174,250571.6,250871.26,Sleeping
2011-04-27 05:15:41,2011-04-27 05:23:50,174,250875.69,250883.84,Meal_Preparation
2011-04-27 05:27:06,2011-04-27 05:30:45,174,250887.1,250890.75,Meal_Preparation
2011-04-27 05:30:56,2011-04-27 05:51:28,174,250890.94,250911.47,Relax
2011-04-27 05:54:02,2011-04-27 06:01:10,174,250914.04,250921.18,Relax
2011-04-27 07:27:03,2011-04-27 07:36:46,174,251007.06,251016.77,Meal_Preparation
2011-04-27 07:38:43,2011-04-27 07:53:22,174,251018.73,251033.37,Relax
2011-04-27 07:57:10,2011-04-27 07:57:16,174,251037.17,251037.28,Leave_Home
2011-04-27 08:01:19,2011-04-27 08:01:47,174,251041.33,251041.8,Enter_Home
2011-04-27 11:33:36,2011-04-27 11:33:42,174,251253.6,251253.7,Leave_Home
2011-04-27 14:10:50,2011-04-27 14:11:01,174,251410.85,251411.03,Enter_Home
2011-04-27 14:21:12,2011-04-27 14:31:57,174,251421.21,251431.95,Meal_Preparation
2011-04-27 15:53:28,2011-04-27 16:13:02,174,251513.47,251533.04,Relax
2011-04-27 19:45:13,2011-04-27 19:53:13,174,251745.23,251753.23,Relax
2011-04-27 19:54:27,2011-04-27 20:44:49,174,251754.46,251804.83,Relax
2011-04-27 20:46:23,2011-04-27 23:02:03,174,251806.39,251942.06,Relax
2011-04-27 23:15:35,2011-04-28 05:28:03,174,251955.58,252328.05,Sleeping
2011-04-28 05:32:45,2011-04-28 05:37:07,175,252332.76,252337.13,Meal_Preparation
2011-04-28 05:37:33,2011-04-28 05:44:58,175,252337.56,252344.98,Meal_Preparation
2011-04-28 05:45:47,2011-04-28 06:16:01,175,252345.8,252376.02,Relax
2011-04-28 06:17:04,2011-04-28 06:40:21,175,252377.08,252400.36,Relax
2011-04-28 07:20:15,2011-04-28 07:24:52,175,252440.26,252444.88,Work
2011-04-28 07:31:29,2011-04-28 07:41:36,175,252451.5,252461.61,Relax
2011-04-28 08:19:26,2011-04-28 08:19:31,175,252499.44,252499.52,Leave_Home
2011-04-28 12:00:51,2011-04-28 12:00:57,175,252720.85,252720.96,Enter_Home
2011-04-28 12:28:23,2011-04-28 12:37:45,175,252748.39,252757.77,Relax
2011-04-28 12:40:24,2011-04-28 13:01:56,175,252760.4,252781.94,Relax
2011-04-28 13:06:38,2011-04-28 13:56:23,175,252786.63,252836.39,Relax
2011-04-28 16:14:34,2011-04-28 16:47:42,175,252974.58,253007.7,Relax
2011-04-28 17:13:59,2011-04-28 17:16:05,175,253033.99,253036.09,Work
2011-04-28 17:27:34,2011-04-28 17:36:25,175,253047.58,253056.43,Relax
2011-04-28 17:59:36,2011-04-28 18:05:28,175,253079.6,253085.48,Meal_Preparation
2011-04-28 18:14:46,2011-04-28 18:19:54,175,253094.77,253099.91,Meal_Preparation
2011-04-28 18:19:55,2011-04-28 18:32:37,175,253099.93,253112.62,Relax
2011-04-28 18:38:41,2011-04-28 18:54:02,175,253118.7,253134.04,Relax
2011-04-28 18:57:28,2011-04-28 19:37:40,175,253137.47,253177.68,Relax
2011-04-28 19:47:57,2011-04-28 20:17:23,175,253187.96,253217.39,Relax
2011-04-28 20:20:07,2011-04-28 20:39:23,175,253220.13,253239.4,Relax
2011-04-28 20:43:42,2011-04-28 20:56:38,175,253243.71,253256.63,Relax
2011-04-28 21:04:16,2011-04-29 01:44:56,175,253264.27,253544.95,Sleeping
2011-04-29 01:45:00,2011-04-29 01:47:12,176,253545.01,253547.21,Bed_to_Toilet
2011-04-29 01:47:19,2011-04-29 04:33:06,176,253547.32,253713.11,Sleeping
2011-04-29 04:37:16,2011-04-29 04:42:52,176,253717.28,253722.88,Meal_Preparation
2011-04-29 04:43:27,2011-04-29 04:48:47,176,253723.46,253728.8,Meal_Preparation
2011-04-29 04:51:58,2011-04-29 05:07:00,176,253731.98,253747.0,Relax
2011-04-29 05:11:38,2011-04-29 05:38:16,176,253751.64,253778.28,Relax
2011-04-29 05:48:08,2011-04-29 05:53:26,176,253788.14,253793.45,Meal_Preparation
2011-04-29 05:53:31,2011-04-29 06:00:07,176,253793.52,253800.12,Relax
2011-04-29 06:08:43,2011-04-29 06:29:41,176,253808.73,253829.69,Relax
2011-04-29 06:29:53,2011-04-29 06:33:36,176,253829.89,253833.61,Work
2011-04-29 06:37:55,2011-04-29 06:51:12,176,253837.93,253851.21,Meal_Preparation
2011-04-29 07:41:50,2011-04-29 07:45:58,176,253901.85,253905.98,Meal_Preparation
2011-04-29 07:46:15,2011-04-29 08:00:14,176,253906.26,253920.24,Meal_Preparation
2011-04-29 08:01:02,2011-04-29 08:09:01,176,253921.04,253929.03,Relax
2011-04-29 08:48:20,2011-04-29 08:53:33,176,253968.33,253973.56,Relax
2011-04-29 08:57:46,2011-04-29 08:57:52,176,253977.77,253977.87,Leave_Home
2011-04-29 09:30:16,2011-04-29 09:30:21,176,254010.28,254010.36,Enter_Home
2011-04-29 09:31:56,2011-04-29 09:32:00,176,254011.93,254012.0,Leave_Home
2011-04-29 11:22:44,2011-04-29 11:22:51,176,254122.74,254122.86,Enter_Home
2011-04-29 11:29:00,2011-04-29 11:39:38,176,254129.0,254139.64,Meal_Preparation
2011-04-29 11:40:22,2011-04-29 11:43:07,176,254140.37,254143.12,Meal_Preparation
2011-04-29 11:43:14,2011-04-29 12:29:16,176,254143.24,254189.27,Relax
2011-04-29 13:00:47,2011-04-29 13:00:55,176,254220.78,254220.92,Leave_Home
2011-04-29 18:32:31,2011-04-29 18:32:37,176,254552.53,254552.62,Enter_Home
2011-04-29 18:56:48,2011-04-29 19:05:13,176,254576.81,254585.22,Relax
2011-04-29 19:05:42,2011-04-29 20:16:49,176,254585.71,254656.82,Relax
2011-04-29 20:30:24,2011-04-29 20:38:08,176,254670.41,254678.13,Relax
2011-04-29 20:39:42,2011-04-30 04:24:12,176,254679.71,255144.2,Sleeping
2011-04-30 04:24:28,2011-04-30 04:30:31,177,255144.47,255150.53,Meal_Preparation
2011-04-30 04:36:54,2011-04-30 04:50:34,177,255156.91,255170.58,Relax
2011-04-30 04:51:32,2011-04-30 04:55:05,177,255171.55,255175.09,Relax
2011-04-30 05:01:21,2011-04-30 05:28:08,177,255181.36,255208.15,Relax
2011-04-30 05:28:25,2011-04-30 05:30:55,177,255208.43,255210.92,Meal_Preparation
2011-04-30 06:17:44,2011-04-30 06:20:21,177,255257.75,255260.37,Meal_Preparation
2011-04-30 06:50:30,2011-04-30 06:50:35,177,255290.51,255290.6,Leave_Home
2011-04-30 06:56:17,2011-04-30 06:56:22,177,255296.3,255296.38,Enter_Home
2011-04-30 07:03:18,2011-04-30 07:03:23,177,255303.31,255303.39,Leave_Home
2011-04-30 07:07:06,2011-04-30 07:07:10,177,255307.1,255307.18,Enter_Home
2011-04-30 07:07:39,2011-04-30 07:07:44,177,255307.66,255307.74,Leave_Home
2011-04-30 11:55:03,2011-04-30 11:55:11,177,255595.05,255595.19,Enter_Home
2011-04-30 12:26:45,2011-04-30 12:34:30,177,255626.75,255634.5,Meal_Preparation
2011-04-30 12:34:38,2011-04-30 12:43:17,177,255634.64,255643.3,Relax
2011-04-30 12:44:10,2011-04-30 12:56:46,177,255644.18,255656.77,Relax
2011-04-30 12:57:48,2011-04-30 13:15:23,177,255657.81,255675.39,Relax
2011-04-30 13:19:43,2011-04-30 14:06:15,177,255679.73,255726.27,Relax
2011-04-30 14:29:12,2011-04-30 14:52:39,177,255749.2,255772.66,Relax
2011-04-30 18:07:59,2011-04-30 18:25:28,177,255967.99,255985.48,Meal_Preparation
2011-04-30 18:25:50,2011-04-30 18:36:56,177,255985.84,255996.95,Relax
2011-04-30 18:38:05,2011-04-30 18:44:23,177,255998.1,256004.39,Relax
2011-04-30 18:45:08,2011-04-30 18:55:28,177,256005.14,256015.48,Relax
2011-04-30 18:56:45,2011-04-30 19:24:58,177,256016.76,256044.97,Relax
2011-04-30 19:25:42,2011-04-30 20:32:46,177,256045.71,256112.77,Relax
2011-04-30 20:42:22,2011-04-30 21:06:57,177,256122.38,256146.97,Relax
2011-04-30 21:10:03,2011-05-01 02:47:28,177,256150.05,256487.47,Sleeping
2011-05-01 02:47:38,2011-05-01 02:50:08,178,256487.64,256490.14,Bed_to_Toilet
2011-05-01 02:50:22,2011-05-01 02:59:19,178,256490.37,256499.32,Meal_Preparation
2011-05-01 02:59:52,2011-05-01 03:02:18,178,256499.88,256502.3,Meal_Preparation
2011-05-01 03:04:02,2011-05-01 03:18:36,178,256504.05,256518.61,Relax
2011-05-01 03:20:33,2011-05-01 05:01:26,178,256520.56,256621.43,Sleeping
2011-05-01 05:01:50,2011-05-01 05:09:26,178,256621.84,256629.44,Meal_Preparation
2011-05-01 05:15:47,2011-05-01 05:20:58,178,256635.78,256640.97,Meal_Preparation
2011-05-01 05:21:48,2011-05-01 05:27:51,178,256641.81,256647.86,Relax
2011-05-01 05:28:16,2011-05-01 06:30:31,178,256648.28,256710.52,Relax
2011-05-01 07:11:31,2011-05-01 07:35:40,178,256751.53,256775.67,Relax
2011-05-01 09:01:51,2011-05-01 09:07:05,178,256861.86,256867.08,Meal_Preparation
2011-05-01 09:07:58,2011-05-01 09:11:08,178,256867.97,256871.14,Meal_Preparation
2011-05-01 09:15:19,2011-05-01 09:20:50,178,256875.33,256880.84,Meal_Preparation
2011-05-01 09:22:38,2011-05-01 09:31:35,178,256882.64,256891.59,Relax
2011-05-01 09:31:40,2011-05-01 09:37:16,178,256891.67,256897.27,Meal_Preparation
2011-05-01 10:12:52,2011-05-01 10:42:13,178,256932.88,256962.22,Relax
2011-05-01 10:42:35,2011-05-01 10:58:27,178,256962.6,256978.45,Relax
2011-05-01 10:58:45,2011-05-01 11:07:30,178,256978.76,256987.5,Relax
2011-05-01 11:19:43,2011-05-01 11:52:03,178,256999.72,257032.07,Relax
2011-05-01 12:49:06,2011-05-01 13:33:24,178,257089.11,257133.42,Relax
2011-05-01 13:34:34,2011-05-01 14:02:55,178,257134.57,257162.92,Relax
2011-05-01 14:23:52,2011-05-01 14:23:56,178,257183.87,257183.95,Leave_Home
2011-05-01 14:28:50,2011-05-01 14:28:56,178,257188.84,257188.94,Enter_Home
2011-05-01 14:38:06,2011-05-01 14:38:11,178,257198.12,257198.19,Leave_Home
2011-05-01 14:45:18,2011-05-01 14:45:23,178,257205.31,257205.4,Enter_Home
2011-05-01 14:49:58,2011-05-01 14:50:00,178,257209.98,257210.01,Leave_Home
2011-05-01 18:04:23,2011-05-01 18:04:27,178,257404.39,257404.46,Enter_Home
2011-05-01 18:14:13,2011-05-01 18:36:40,178,257414.23,257436.68,Meal_Preparation
2011-05-01 18:36:46,2011-05-01 18:46:19,178,257436.78,257446.32,Relax
2011-05-01 18:46:55,2011-05-01 18:53:45,178,257446.93,257453.76,Relax
2011-05-01 18:55:24,2011-05-01 19:10:26,178,257455.41,257470.44,Relax
2011-05-01 19:13:10,2011-05-01 19:31:41,178,257473.18,257491.69,Relax
2011-05-01 19:34:46,2011-05-01 20:29:22,178,257494.78,257549.37,Relax
2011-05-01 20:33:30,2011-05-01 21:34:24,178,257553.51,257614.42,Relax
2011-05-01 21:37:08,2011-05-01 23:19:49,178,257617.14,257719.83,Relax
2011-05-01 23:31:13,2011-05-02 05:43:16,178,257731.23,258103.28,Sleeping
2011-05-02 05:48:36,2011-05-02 06:02:13,179,258108.6,258122.22,Meal_Preparation
2011-05-02 06:02:43,2011-05-02 06:47:30,179,258122.73,258167.51,Relax
2011-05-02 06:56:14,2011-05-02 07:24:11,179,258176.25,258204.2,Relax
2011-05-02 07:25:51,2011-05-02 07:30:07,179,258205.86,258210.13,Meal_Preparation
2011-05-02 07:48:08,2011-05-02 07:56:53,179,258228.14,258236.9,Work
2011-05-02 08:09:43,2011-05-02 08:13:08,179,258249.72,258253.15,Work
2011-05-02 09:02:15,2011-05-02 09:22:04,179,258302.26,258322.07,Meal_Preparation
2011-05-02 09:23:23,2011-05-02 09:32:22,179,258323.39,258332.37,Relax
2011-05-02 09:55:28,2011-05-02 09:55:35,179,258355.47,258355.58,Leave_Home
2011-05-02 10:54:27,2011-05-02 10:54:35,179,258414.46,258414.59,Enter_Home
2011-05-02 11:31:13,2011-05-02 11:31:18,179,258451.22,258451.31,Leave_Home
2011-05-02 15:21:31,2011-05-02 15:21:42,179,258681.52,258681.71,Enter_Home
2011-05-02 15:22:00,2011-05-02 15:29:16,179,258682.01,258689.27,Meal_Preparation
2011-05-02 15:31:33,2011-05-02 15:35:52,179,258691.55,258695.88,Meal_Preparation
2011-05-02 15:36:08,2011-05-02 16:06:28,179,258696.14,258726.48,Relax
2011-05-02 16:06:41,2011-05-02 16:16:41,179,258726.68,258736.68,Meal_Preparation
2011-05-02 16:23:40,2011-05-02 16:49:05,179,258743.68,258769.09,Meal_Preparation
2011-05-02 16:49:09,2011-05-02 17:18:08,179,258769.16,258798.14,Relax
2011-05-02 17:28:46,2011-05-02 17:32:23,179,258808.78,258812.39,Meal_Preparation
2011-05-02 17:35:19,2011-05-02 17:43:25,179,258815.33,258823.42,Meal_Preparation
2011-05-02 17:43:31,2011-05-02 18:15:24,179,258823.53,258855.42,Relax
2011-05-02 18:15:35,2011-05-02 19:00:00,179,258855.59,258900.01,Meal_Preparation
2011-05-02 19:00:02,2011-05-02 19:14:26,179,258900.04,258914.44,Relax
2011-05-02 19:14:29,2011-05-02 19:32:33,179,258914.5,258932.56,Meal_Preparation
2011-05-02 19:32:41,2011-05-02 19:39:54,179,258932.68,258939.91,Relax
2011-05-02 19:41:05,2011-05-02 19:49:03,179,258941.09,258949.05,Relax
2011-05-02 19:49:31,2011-05-02 20:07:02,179,258949.52,258967.04,Relax
2011-05-02 20:10:45,2011-05-02 21:21:19,179,258970.76,259041.32,Relax
2011-05-02 21:24:44,2011-05-02 21:43:24,179,259044.74,259063.41,Relax
2011-05-02 21:43:44,2011-05-02 21:49:55,179,259063.73,259069.93,Wash_Dishes
2011-05-02 21:52:32,2011-05-02 22:30:17,179,259072.55,259110.29,Relax
2011-05-02 22:37:24,2011-05-03 03:31:23,179,259117.41,259411.4,Sleeping
2011-05-03 03:31:29,2011-05-03 03:33:09,180,259411.5,259413.15,Bed_to_Toilet
2011-05-03 03:33:33,2011-05-03 05:20:05,180,259413.55,259520.09,Sleeping
2011-05-03 05:21:01,2011-05-03 05:27:03,180,259521.03,259527.06,Meal_Preparation
2011-05-03 05:32:07,2011-05-03 05:34:38,180,259532.12,259534.65,Meal_Preparation
2011-05-03 05:35:13,2011-05-03 05:59:25,180,259535.23,259559.43,Relax
2011-05-03 06:06:16,2011-05-03 06:41:34,180,259566.28,259601.57,Relax
2011-05-03 07:56:38,2011-05-03 07:56:42,180,259676.64,259676.72,Leave_Home
2011-05-03 11:22:14,2011-05-03 11:22:19,180,259882.24,259882.32,Enter_Home
2011-05-03 11:35:51,2011-05-03 11:39:17,180,259895.86,259899.29,Meal_Preparation
2011-05-03 11:39:22,2011-05-03 11:52:59,180,259899.38,259913.0,Relax
2011-05-03 11:53:59,2011-05-03 11:58:47,180,259914.0,259918.79,Meal_Preparation
2011-05-03 12:00:40,2011-05-03 12:03:56,180,259920.68,259923.94,Meal_Preparation
2011-05-03 12:06:34,2011-05-03 12:08:30,180,259926.57,259928.5,Meal_Preparation
2011-05-03 12:10:38,2011-05-03 12:13:25,180,259930.64,259933.42,Meal_Preparation
2011-05-03 12:13:37,2011-05-03 12:21:58,180,259933.62,259941.97,Work
2011-05-03 12:41:27,2011-05-03 12:46:28,180,259961.45,259966.48,Meal_Preparation
2011-05-03 12:46:30,2011-05-03 12:58:27,180,259966.51,259978.46,Relax
2011-05-03 12:58:32,2011-05-03 13:07:00,180,259978.53,259987.0,Meal_Preparation
2011-05-03 13:12:59,2011-05-03 13:22:23,180,259993.0,260002.4,Meal_Preparation
2011-05-03 13:25:03,2011-05-03 13:28:17,180,260005.06,260008.29,Meal_Preparation
2011-05-03 13:28:18,2011-05-03 14:01:30,180,260008.3,260041.51,Relax
2011-05-03 14:09:01,2011-05-03 14:16:45,180,260049.02,260056.75,Meal_Preparation
2011-05-03 14:26:31,2011-05-03 14:26:35,180,260066.53,260066.6,Leave_Home
2011-05-03 15:10:00,2011-05-03 15:10:53,180,260110.01,260110.9,Enter_Home
2011-05-03 15:11:08,2011-05-03 15:28:42,180,260111.14,260128.7,Meal_Preparation
2011-05-03 15:32:49,2011-05-03 15:44:18,180,260132.83,260144.31,Relax
2011-05-03 15:45:31,2011-05-03 16:28:00,180,260145.52,260188.01,Relax
2011-05-03 16:32:45,2011-05-03 16:43:42,180,260192.77,260203.71,Meal_Preparation
2011-05-03 16:47:35,2011-05-03 16:51:57,180,260207.58,260211.96,Relax
2011-05-03 16:54:08,2011-05-03 16:54:11,180,260214.14,260214.2,Leave_Home
2011-05-03 17:27:04,2011-05-03 17:27:10,180,260247.07,260247.18,Enter_Home
2011-05-03 17:34:43,2011-05-03 17:58:47,180,260254.72,260278.79,Relax
2011-05-03 18:00:16,2011-05-03 18:08:30,180,260280.28,260288.51,Relax
2011-05-03 18:15:23,2011-05-03 18:35:52,180,260295.39,260315.87,Relax
2011-05-03 18:36:14,2011-05-03 18:44:53,180,260316.23,260324.89,Meal_Preparation
2011-05-03 18:48:49,2011-05-03 18:55:09,180,260328.82,260335.16,Meal_Preparation
2011-05-03 18:55:56,2011-05-03 19:29:03,180,260335.94,260369.06,Meal_Preparation
2011-05-03 19:34:08,2011-05-03 19:38:25,180,260374.14,260378.43,Relax
2011-05-03 19:38:40,2011-05-03 19:54:22,180,260378.68,260394.38,Meal_Preparation
2011-05-03 19:54:36,2011-05-03 20:00:36,180,260394.61,260400.61,Relax
2011-05-03 20:53:27,2011-05-03 20:53:30,180,260453.45,260453.51,Leave_Home
2011-05-03 20:56:58,2011-05-03 20:57:03,180,260456.98,260457.06,Enter_Home
2011-05-03 20:59:52,2011-05-03 21:51:48,180,260459.87,260511.81,Relax
2011-05-03 22:00:18,2011-05-03 22:49:51,180,260520.31,260569.86,Relax
2011-05-03 22:55:26,2011-05-04 06:46:54,180,260575.44,261046.9,Sleeping
2011-05-04 06:55:52,2011-05-04 06:59:55,181,261055.87,261059.93,Meal_Preparation
2011-05-04 07:03:53,2011-05-04 07:06:02,181,261063.89,261066.03,Meal_Preparation
2011-05-04 07:06:17,2011-05-04 07:20:56,181,261066.29,261080.94,Relax
2011-05-04 07:22:00,2011-05-04 07:45:00,181,261082.01,261105.01,Relax
2011-05-04 07:46:53,2011-05-04 07:59:56,181,261106.89,261119.94,Relax
2011-05-04 08:04:25,2011-05-04 08:25:21,181,261124.43,261145.36,Relax
2011-05-04 08:31:50,2011-05-04 08:37:33,181,261151.84,261157.56,Meal_Preparation
2011-05-04 09:10:36,2011-05-04 09:19:05,181,261190.61,261199.1,Meal_Preparation
2011-05-04 09:20:02,2011-05-04 09:26:44,181,261200.04,261206.73,Eating
2011-05-04 09:30:25,2011-05-04 09:54:00,181,261210.43,261234.01,Relax
2011-05-04 10:22:49,2011-05-04 10:36:55,181,261262.83,261276.92,Relax
2011-05-04 10:55:02,2011-05-04 10:55:06,181,261295.04,261295.12,Leave_Home
2011-05-04 15:29:59,2011-05-04 15:30:04,181,261569.98,261570.07,Enter_Home
2011-05-04 15:30:13,2011-05-04 15:37:15,181,261570.23,261577.27,Meal_Preparation
2011-05-04 15:47:05,2011-05-04 15:51:46,181,261587.1,261591.78,Meal_Preparation
2011-05-04 16:02:08,2011-05-04 16:29:17,181,261602.15,261629.29,Relax
2011-05-04 18:02:26,2011-05-04 18:13:37,181,261722.44,261733.62,Meal_Preparation
2011-05-04 18:15:18,2011-05-04 18:30:46,181,261735.31,261750.78,Meal_Preparation
2011-05-04 18:30:47,2011-05-04 18:38:25,181,261750.79,261758.43,Relax
2011-05-04 18:38:28,2011-05-04 19:00:20,181,261758.47,261780.34,Meal_Preparation
2011-05-04 19:07:39,2011-05-04 19:21:20,181,261787.65,261801.33,Relax
2011-05-04 19:30:05,2011-05-04 19:41:09,181,261810.09,261821.16,Relax
2011-05-04 19:45:36,2011-05-04 19:54:41,181,261825.61,261834.69,Relax
2011-05-04 19:56:21,2011-05-04 20:30:44,181,261836.35,261870.74,Relax
2011-05-04 20:30:54,2011-05-04 20:40:21,181,261870.91,261880.35,Wash_Dishes
2011-05-04 20:41:13,2011-05-04 21:34:29,181,261881.23,261934.5,Relax
2011-05-04 21:36:45,2011-05-04 22:55:27,181,261936.75,262015.45,Relax
2011-05-04 23:04:35,2011-05-05 04:24:02,181,262024.59,262344.05,Sleeping
2011-05-05 04:28:24,2011-05-05 04:41:57,182,262348.41,262361.95,Meal_Preparation
2011-05-05 04:43:09,2011-05-05 05:00:20,182,262363.16,262380.34,Relax
2011-05-05 05:01:54,2011-05-05 05:22:57,182,262381.9,262402.95,Relax
2011-05-05 05:23:18,2011-05-05 05:33:53,182,262403.31,262413.89,Relax
2011-05-05 06:39:48,2011-05-05 06:52:29,182,262479.81,262492.5,Relax
2011-05-05 06:56:32,2011-05-05 07:18:50,182,262496.53,262518.85,Work
2011-05-05 07:46:47,2011-05-05 07:46:50,182,262546.78,262546.85,Leave_Home
2011-05-05 11:21:35,2011-05-05 11:21:39,182,262761.59,262761.66,Enter_Home
2011-05-05 11:25:24,2011-05-05 11:41:04,182,262765.41,262781.07,Relax
2011-05-05 11:41:34,2011-05-05 11:59:32,182,262781.57,262799.55,Relax
2011-05-05 12:04:05,2011-05-05 12:25:10,182,262804.09,262825.17,Relax
2011-05-05 12:26:33,2011-05-05 12:30:21,182,262826.56,262830.36,Relax
2011-05-05 12:35:48,2011-05-05 14:26:19,182,262835.81,262946.33,Relax
2011-05-05 14:26:22,2011-05-05 14:33:39,182,262946.38,262953.67,Meal_Preparation
2011-05-05 14:40:46,2011-05-05 14:42:08,182,262960.78,262962.13,Meal_Preparation
2011-05-05 14:42:22,2011-05-05 15:12:02,182,262962.37,262992.04,Relax
2011-05-05 15:12:53,2011-05-05 15:54:19,182,262992.9,263034.33,Relax
2011-05-05 16:05:14,2011-05-05 16:05:18,182,263045.24,263045.3,Leave_Home
2011-05-05 18:37:47,2011-05-05 18:37:52,182,263197.79,263197.87,Enter_Home
2011-05-05 18:43:29,2011-05-05 18:54:05,182,263203.49,263214.08,Meal_Preparation
2011-05-05 18:54:12,2011-05-05 18:54:17,182,263214.21,263214.29,Leave_Home
2011-05-05 19:09:20,2011-05-05 19:09:25,182,263229.35,263229.43,Enter_Home
2011-05-05 19:11:38,2011-05-05 19:28:10,182,263231.65,263248.18,Meal_Preparation
2011-05-05 19:36:40,2011-05-05 20:03:52,182,263256.68,263283.88,Relax
2011-05-05 20:09:25,2011-05-05 20:11:27,182,263289.42,263291.46,Meal_Preparation
2011-05-05 20:11:31,2011-05-05 22:06:34,182,263291.53,263406.58,Relax
2011-05-05 22:16:28,2011-05-06 05:24:04,182,263416.48,263844.07,Sleeping
2011-05-06 05:29:31,2011-05-06 05:38:54,183,263849.52,263858.91,Meal_Preparation
2011-05-06 05:41:05,2011-05-06 05:44:02,183,263861.09,263864.04,Meal_Preparation
2011-05-06 05:44:28,2011-05-06 06:14:50,183,263864.48,263894.84,Relax
2011-05-06 06:30:38,2011-05-06 06:53:53,183,263910.64,263933.9,Relax
2011-05-06 06:59:16,2011-05-06 07:16:52,183,263939.27,263956.88,Work
2011-05-06 07:17:43,2011-05-06 07:24:02,183,263957.73,263964.05,Wash_Dishes
2011-05-06 07:28:48,2011-05-06 07:33:54,183,263968.81,263973.9,Meal_Preparation
2011-05-06 07:36:46,2011-05-06 07:42:39,183,263976.78,263982.66,Eating
2011-05-06 07:44:32,2011-05-06 08:24:22,183,263984.55,264024.38,Relax
2011-05-06 09:28:30,2011-05-06 09:40:10,183,264088.51,264100.18,Meal_Preparation
2011-05-06 10:09:23,2011-05-06 10:17:00,183,264129.39,264137.0,Meal_Preparation
2011-05-06 10:40:13,2011-05-06 10:40:18,183,264160.23,264160.32,Leave_Home
2011-05-06 11:10:47,2011-05-06 11:10:51,183,264190.79,264190.87,Enter_Home
2011-05-06 11:11:35,2011-05-06 11:11:39,183,264191.59,264191.66,Leave_Home
2011-05-06 13:24:22,2011-05-06 13:24:27,183,264324.38,264324.46,Enter_Home
2011-05-06 13:31:41,2011-05-06 13:38:16,183,264331.69,264338.28,Relax
2011-05-06 13:43:39,2011-05-06 13:43:43,183,264343.65,264343.72,Leave_Home
2011-05-06 14:47:39,2011-05-06 14:47:44,183,264407.66,264407.74,Enter_Home
2011-05-06 14:53:31,2011-05-06 16:34:48,183,264413.52,264514.81,Relax
2011-05-06 16:37:57,2011-05-06 16:53:41,183,264517.95,264533.7,Relax
2011-05-06 17:02:26,2011-05-06 18:27:48,183,264542.45,264627.81,Relax
2011-05-06 18:29:12,2011-05-06 18:41:25,183,264629.21,264641.42,Meal_Preparation
2011-05-06 18:41:51,2011-05-06 18:57:23,183,264641.87,264657.4,Relax
2011-05-06 18:57:28,2011-05-06 18:59:50,183,264657.47,264659.85,Meal_Preparation
2011-05-06 19:01:23,2011-05-06 19:02:55,183,264661.4,264662.92,Meal_Preparation
2011-05-06 19:03:08,2011-05-06 19:39:36,183,264663.14,264699.61,Relax
2011-05-06 19:40:40,2011-05-06 19:59:01,183,264700.68,264719.03,Relax
2011-05-06 20:00:28,2011-05-06 20:35:33,183,264720.47,264755.56,Relax
2011-05-06 20:38:31,2011-05-07 00:01:33,183,264758.53,264961.57,Relax
2011-05-07 00:11:25,2011-05-07 07:01:45,184,264971.43,265381.76,Sleeping
2011-05-07 07:13:20,2011-05-07 07:18:25,184,265393.34,265398.43,Meal_Preparation
2011-05-07 07:27:28,2011-05-07 07:40:13,184,265407.47,265420.23,Relax
2011-05-07 07:41:48,2011-05-07 08:17:30,184,265421.81,265457.5,Relax
2011-05-07 08:35:03,2011-05-07 08:45:21,184,265475.06,265485.36,Relax
2011-05-07 08:48:50,2011-05-07 09:00:28,184,265488.84,265500.47,Meal_Preparation
2011-05-07 09:06:22,2011-05-07 09:49:41,184,265506.38,265549.68,Relax
2011-05-07 09:52:51,2011-05-07 09:55:57,184,265552.86,265555.96,Meal_Preparation
2011-05-07 10:02:02,2011-05-07 10:22:46,184,265562.04,265582.78,Work
2011-05-07 10:29:52,2011-05-07 10:37:41,184,265589.88,265597.7,Meal_Preparation
2011-05-07 10:43:07,2011-05-07 10:50:20,184,265603.13,265610.34,Relax
2011-05-07 10:54:27,2011-05-07 10:57:55,184,265614.46,265617.93,Meal_Preparation
2011-05-07 10:58:00,2011-05-07 11:36:07,184,265618.01,265656.13,Relax
2011-05-07 11:41:24,2011-05-07 13:02:04,184,265661.41,265742.08,Relax
2011-05-07 13:52:12,2011-05-07 14:02:33,184,265792.2,265802.56,Meal_Preparation
2011-05-07 14:08:20,2011-05-07 14:08:25,184,265808.34,265808.43,Leave_Home
2011-05-07 15:23:38,2011-05-07 15:23:45,184,265883.65,265883.75,Enter_Home
2011-05-07 15:26:18,2011-05-07 16:46:22,184,265886.31,265966.37,Relax
2011-05-07 17:19:05,2011-05-07 17:24:25,184,265999.1,266004.42,Respirate
2011-05-07 17:58:38,2011-05-07 18:02:01,184,266038.64,266042.03,Meal_Preparation
2011-05-07 18:02:16,2011-05-07 18:13:55,184,266042.27,266053.92,Relax
2011-05-07 18:14:34,2011-05-07 19:04:01,184,266054.57,266104.02,Relax
2011-05-07 19:05:09,2011-05-07 19:18:23,184,266105.16,266118.4,Relax
2011-05-07 19:18:50,2011-05-07 20:08:11,184,266118.83,266168.2,Relax
2011-05-07 20:15:54,2011-05-07 21:39:51,184,266175.91,266259.86,Relax
2011-05-07 22:11:34,2011-05-08 03:31:13,184,266291.58,266611.23,Sleeping
2011-05-08 03:31:20,2011-05-08 03:33:30,185,266611.35,266613.52,Bed_to_Toilet
2011-05-08 03:33:34,2011-05-08 06:13:07,185,266613.58,266773.12,Sleeping
2011-05-08 06:14:23,2011-05-08 06:20:07,185,266774.39,266780.12,Meal_Preparation
2011-05-08 06:26:28,2011-05-08 06:29:14,185,266786.48,266789.24,Meal_Preparation
2011-05-08 06:30:20,2011-05-08 06:43:44,185,266790.35,266803.75,Relax
2011-05-08 06:44:06,2011-05-08 06:56:28,185,266804.1,266816.47,Relax
2011-05-08 06:57:38,2011-05-08 07:22:55,185,266817.64,266842.93,Relax
2011-05-08 08:53:08,2011-05-08 09:06:07,185,266933.13,266946.12,Relax
2011-05-08 09:55:02,2011-05-08 10:00:30,185,266995.04,267000.5,Respirate
2011-05-08 10:13:43,2011-05-08 10:13:48,185,267013.73,267013.8,Leave_Home
2011-05-08 14:38:48,2011-05-08 14:38:53,185,267278.81,267278.89,Enter_Home
2011-05-08 14:39:38,2011-05-08 14:48:00,185,267279.64,267288.01,Relax
2011-05-08 14:54:11,2011-05-08 15:10:52,185,267294.19,267310.88,Relax
2011-05-08 15:25:40,2011-05-08 15:30:33,185,267325.68,267330.56,Relax
2011-05-08 15:52:53,2011-05-08 16:19:23,185,267352.89,267379.38,Work
2011-05-08 16:19:39,2011-05-08 16:43:39,185,267379.65,267403.65,Relax
2011-05-08 16:51:15,2011-05-08 17:09:36,185,267411.27,267429.6,Relax
2011-05-08 17:13:27,2011-05-08 17:31:34,185,267433.45,267451.57,Relax
2011-05-08 18:28:34,2011-05-08 18:28:39,185,267508.58,267508.65,Leave_Home
2011-05-08 19:15:30,2011-05-08 19:15:35,185,267555.5,267555.59,Enter_Home
2011-05-08 19:18:31,2011-05-08 19:23:59,185,267558.52,267564.0,Meal_Preparation
2011-05-08 19:24:09,2011-05-08 19:48:43,185,267564.16,267588.73,Relax
2011-05-08 19:48:52,2011-05-08 19:53:30,185,267588.87,267593.51,Meal_Preparation
2011-05-08 19:54:36,2011-05-08 20:27:57,185,267594.61,267627.97,Relax
2011-05-08 20:32:44,2011-05-08 21:36:35,185,267632.74,267696.59,Relax
2011-05-08 21:40:58,2011-05-08 22:02:45,185,267700.97,267722.75,Relax
2011-05-08 22:13:03,2011-05-09 05:12:07,185,267733.06,268152.12,Sleeping
2011-05-09 05:17:48,2011-05-09 05:30:37,186,268157.8,268170.63,Meal_Preparation
2011-05-09 05:31:12,2011-05-09 05:47:24,186,268171.21,268187.4,Relax
2011-05-09 05:51:30,2011-05-09 06:57:26,186,268191.51,268257.45,Relax
2011-05-09 07:00:34,2011-05-09 07:10:18,186,268260.58,268270.31,Meal_Preparation
2011-05-09 07:10:20,2011-05-09 07:17:10,186,268270.35,268277.18,Eating
2011-05-09 07:19:57,2011-05-09 07:29:29,186,268279.96,268289.49,Meal_Preparation
2011-05-09 07:30:14,2011-05-09 07:59:36,186,268290.24,268319.61,Meal_Preparation
2011-05-09 08:00:10,2011-05-09 08:04:22,186,268320.17,268324.37,Eating
2011-05-09 08:06:04,2011-05-09 08:09:45,186,268326.08,268329.76,Meal_Preparation
2011-05-09 08:20:46,2011-05-09 08:51:22,186,268340.78,268371.37,Relax
2011-05-09 08:52:17,2011-05-09 08:55:46,186,268372.3,268375.78,Meal_Preparation
2011-05-09 08:55:54,2011-05-09 09:15:00,186,268375.9,268395.0,Relax
2011-05-09 10:48:57,2011-05-09 11:00:08,186,268488.95,268500.14,Relax
2011-05-09 11:03:46,2011-05-09 11:03:58,186,268503.78,268503.98,Leave_Home
2011-05-09 14:28:53,2011-05-09 14:28:58,186,268708.89,268708.98,Enter_Home
2011-05-09 14:37:31,2011-05-09 14:43:23,186,268717.52,268723.39,Relax
2011-05-09 14:43:55,2011-05-09 14:57:57,186,268723.92,268737.96,Relax
2011-05-09 14:58:21,2011-05-09 16:35:38,186,268738.36,268835.64,Relax
2011-05-09 16:53:38,2011-05-09 17:16:05,186,268853.64,268876.09,Relax
2011-05-09 17:17:25,2011-05-09 17:22:24,186,268877.42,268882.41,Relax
2011-05-09 17:30:34,2011-05-09 18:01:55,186,268890.58,268921.92,Relax
2011-05-09 18:06:34,2011-05-09 18:13:04,186,268926.58,268933.08,Relax
2011-05-09 18:15:00,2011-05-09 18:22:52,186,268935.01,268942.87,Relax
2011-05-09 18:35:19,2011-05-09 20:03:45,186,268955.32,269043.76,Relax
2011-05-09 20:04:22,2011-05-09 20:37:02,186,269044.38,269077.04,Relax
2011-05-09 20:44:03,2011-05-09 22:42:20,186,269084.06,269202.33,Relax
2011-05-09 22:58:22,2011-05-10 03:31:22,186,269218.37,269491.37,Sleeping
2011-05-10 03:31:27,2011-05-10 03:33:39,187,269491.46,269493.66,Bed_to_Toilet
2011-05-10 03:33:43,2011-05-10 05:38:41,187,269493.72,269618.69,Sleeping
2011-05-10 05:38:58,2011-05-10 05:45:34,187,269618.98,269625.58,Meal_Preparation
2011-05-10 05:55:16,2011-05-10 06:34:56,187,269635.28,269674.94,Relax
2011-05-10 08:01:11,2011-05-10 08:01:16,187,269761.2,269761.28,Leave_Home
2011-05-10 11:22:29,2011-05-10 11:22:35,187,269962.49,269962.59,Enter_Home
2011-05-10 11:26:04,2011-05-10 11:26:09,187,269966.08,269966.15,Leave_Home
2011-05-10 13:40:34,2011-05-10 13:40:40,187,270100.58,270100.67,Enter_Home
2011-05-10 13:41:10,2011-05-10 13:48:37,187,270101.18,270108.62,Meal_Preparation
2011-05-10 13:49:01,2011-05-10 14:01:07,187,270109.03,270121.12,Relax
2011-05-10 14:02:03,2011-05-10 14:33:03,187,270122.06,270153.06,Relax
2011-05-10 14:46:15,2011-05-10 14:46:19,187,270166.26,270166.33,Leave_Home
2011-05-10 15:55:56,2011-05-10 15:56:06,187,270235.94,270236.1,Enter_Home
2011-05-10 16:10:19,2011-05-10 16:12:05,187,270250.32,270252.09,Meal_Preparation
2011-05-10 16:14:31,2011-05-10 17:01:11,187,270254.52,270301.2,Relax
2011-05-10 17:27:53,2011-05-10 17:27:57,187,270327.89,270327.97,Leave_Home
2011-05-10 18:16:59,2011-05-10 18:17:04,187,270377.0,270377.07,Enter_Home
2011-05-10 18:17:27,2011-05-10 18:17:31,187,270377.46,270377.53,Leave_Home
2011-05-10 18:27:55,2011-05-10 18:28:00,187,270387.93,270388.0,Enter_Home
2011-05-10 18:35:21,2011-05-10 19:11:52,187,270395.37,270431.87,Meal_Preparation
2011-05-10 18:40:21,2011-05-10 18:55:58,187,270400.36,270415.97,Eating
2011-05-10 19:14:24,2011-05-10 19:21:17,187,270434.41,270441.29,Relax
2011-05-10 19:22:58,2011-05-10 19:37:20,187,270442.98,270457.35,Relax
2011-05-10 19:38:18,2011-05-10 20:29:20,187,270458.3,270509.33,Relax
2011-05-10 20:33:42,2011-05-10 21:41:33,187,270513.7,270581.56,Relax
2011-05-10 21:48:30,2011-05-11 00:11:09,187,270588.51,270731.16,Relax
2011-05-11 00:23:55,2011-05-11 03:59:26,188,270743.92,270959.43,Sleeping
2011-05-11 04:04:04,2011-05-11 06:23:16,188,270964.08,271103.28,Sleeping
2011-05-11 06:24:34,2011-05-11 06:28:53,188,271104.58,271108.88,Meal_Preparation
2011-05-11 06:31:08,2011-05-11 06:38:35,188,271111.14,271118.59,Meal_Preparation
2011-05-11 06:39:04,2011-05-11 07:02:03,188,271119.08,271142.06,Relax
2011-05-11 07:02:51,2011-05-11 07:30:40,188,271142.86,271170.68,Relax
2011-05-11 07:31:03,2011-05-11 07:40:59,188,271171.05,271180.99,Work
2011-05-11 07:50:29,2011-05-11 08:03:51,188,271190.49,271203.86,Meal_Preparation
2011-05-11 08:22:33,2011-05-11 08:45:51,188,271222.56,271245.86,Relax
2011-05-11 08:58:47,2011-05-11 09:07:41,188,271258.8,271267.7,Meal_Preparation
2011-05-11 09:08:40,2011-05-11 09:16:03,188,271268.68,271276.07,Eating
2011-05-11 09:29:49,2011-05-11 10:04:03,188,271289.82,271324.06,Relax
2011-05-11 10:59:01,2011-05-11 11:10:20,188,271379.03,271390.34,Relax
2011-05-11 11:11:06,2011-05-11 11:21:03,188,271391.11,271401.05,Relax
2011-05-11 11:21:25,2011-05-11 11:40:43,188,271401.43,271420.72,Relax
2011-05-11 11:41:32,2011-05-11 11:41:37,188,271421.55,271421.62,Leave_Home
2011-05-11 13:27:03,2011-05-11 13:27:08,188,271527.06,271527.14,Enter_Home
2011-05-11 13:49:04,2011-05-11 14:01:42,188,271549.07,271561.71,Relax
2011-05-11 14:03:10,2011-05-11 14:24:40,188,271563.18,271584.67,Relax
2011-05-11 14:47:52,2011-05-11 14:47:57,188,271607.88,271607.95,Leave_Home
2011-05-11 16:08:16,2011-05-11 16:08:21,188,271688.27,271688.35,Enter_Home
2011-05-11 16:29:25,2011-05-11 16:36:08,188,271709.43,271716.15,Relax
2011-05-11 16:37:39,2011-05-11 16:37:43,188,271717.66,271717.73,Leave_Home
2011-05-11 19:09:26,2011-05-11 19:09:31,188,271869.45,271869.52,Enter_Home
2011-05-11 19:16:10,2011-05-11 19:32:55,188,271876.17,271892.92,Relax
2011-05-11 19:49:27,2011-05-11 20:38:14,188,271909.46,271958.23,Relax
2011-05-11 20:42:43,2011-05-11 21:25:26,188,271962.72,272005.45,Relax
2011-05-11 21:28:06,2011-05-12 03:38:58,188,272008.1,272378.97,Sleeping
2011-05-12 03:39:05,2011-05-12 03:41:02,189,272379.09,272381.04,Bed_to_Toilet
2011-05-12 03:41:08,2011-05-12 06:40:08,189,272381.14,272560.15,Sleeping
2011-05-12 06:40:44,2011-05-12 06:44:20,189,272560.75,272564.34,Meal_Preparation
2011-05-12 06:51:32,2011-05-12 06:57:40,189,272571.55,272577.68,Relax
2011-05-12 07:29:40,2011-05-12 07:31:37,189,272609.67,272611.63,Meal_Preparation
2011-05-12 07:36:49,2011-05-12 07:40:08,189,272616.83,272620.14,Eating
2011-05-12 07:58:42,2011-05-12 07:58:51,189,272638.72,272638.86,Leave_Home
2011-05-12 11:11:35,2011-05-12 11:11:40,189,272831.6,272831.68,Enter_Home
2011-05-12 11:18:48,2011-05-12 11:22:36,189,272838.8,272842.61,Meal_Preparation
2011-05-12 11:25:23,2011-05-12 11:38:06,189,272845.4,272858.1,Relax
2011-05-12 11:38:33,2011-05-12 11:58:11,189,272858.56,272878.2,Relax
2011-05-12 12:02:05,2011-05-12 12:12:38,189,272882.09,272892.65,Relax
2011-05-12 12:25:02,2011-05-12 12:25:06,189,272905.04,272905.11,Leave_Home
2011-05-12 15:12:03,2011-05-12 15:12:08,189,273072.05,273072.14,Enter_Home
2011-05-12 15:22:07,2011-05-12 15:53:02,189,273082.13,273113.04,Relax
2011-05-12 15:53:05,2011-05-12 16:03:47,189,273113.09,273123.78,Meal_Preparation
2011-05-12 16:12:50,2011-05-12 16:39:25,189,273132.84,273159.42,Relax
2011-05-12 16:39:57,2011-05-12 17:41:11,189,273159.96,273221.19,Relax
2011-05-12 17:49:04,2011-05-12 18:14:04,189,273229.07,273254.07,Sleeping
2011-05-12 18:14:49,2011-05-12 18:32:42,189,273254.83,273272.71,Relax
2011-05-12 18:32:48,2011-05-12 18:36:32,189,273272.81,273276.54,Meal_Preparation
2011-05-12 18:36:51,2011-05-12 19:15:18,189,273276.86,273315.31,Relax
2011-05-12 19:16:05,2011-05-12 19:49:40,189,273316.09,273349.67,Relax
2011-05-12 19:55:37,2011-05-12 22:08:41,189,273355.62,273488.69,Sleeping
2011-05-12 22:19:30,2011-05-12 23:20:35,189,273499.5,273560.6,Relax
2011-05-12 23:23:07,2011-05-13 04:01:42,189,273563.13,273841.7,Sleeping
2011-05-13 04:01:59,2011-05-13 04:04:32,190,273841.99,273844.54,Bed_to_Toilet
2011-05-13 04:05:23,2011-05-13 06:07:19,190,273845.4,273967.32,Sleeping
2011-05-13 06:11:56,2011-05-13 06:17:40,190,273971.94,273977.68,Meal_Preparation
2011-05-13 06:24:28,2011-05-13 06:36:25,190,273984.48,273996.43,Relax
2011-05-13 06:41:24,2011-05-13 07:06:06,190,274001.4,274026.1,Relax
2011-05-13 07:07:15,2011-05-13 07:22:40,190,274027.26,274042.68,Relax
2011-05-13 08:36:48,2011-05-13 08:55:00,190,274116.81,274135.01,Work
2011-05-13 09:16:42,2011-05-13 09:16:47,190,274156.71,274156.78,Leave_Home
2011-05-13 09:21:04,2011-05-13 09:21:12,190,274161.08,274161.21,Enter_Home
2011-05-13 10:12:39,2011-05-13 10:20:11,190,274212.66,274220.19,Relax
2011-05-13 10:25:21,2011-05-13 10:25:25,190,274225.35,274225.43,Leave_Home
2011-05-13 12:37:09,2011-05-13 12:37:15,190,274357.15,274357.25,Enter_Home
2011-05-13 12:39:12,2011-05-13 12:40:09,190,274359.21,274360.16,Meal_Preparation
2011-05-13 12:44:45,2011-05-13 12:54:15,190,274364.77,274374.26,Meal_Preparation
2011-05-13 12:55:02,2011-05-13 13:15:33,190,274375.05,274395.56,Meal_Preparation
2011-05-13 13:16:00,2011-05-13 13:29:58,190,274396.01,274409.97,Relax
2011-05-13 13:30:36,2011-05-13 14:25:44,190,274410.62,274465.75,Relax
2011-05-13 14:25:55,2011-05-13 14:30:32,190,274465.92,274470.54,Meal_Preparation
2011-05-13 14:31:15,2011-05-13 14:42:11,190,274471.26,274482.2,Relax
2011-05-13 14:53:31,2011-05-13 15:13:08,190,274493.53,274513.15,Relax
2011-05-13 15:28:33,2011-05-13 15:28:37,190,274528.55,274528.63,Leave_Home
2011-05-13 16:40:44,2011-05-13 16:40:49,190,274600.74,274600.82,Enter_Home
2011-05-13 16:40:55,2011-05-13 16:47:56,190,274600.93,274607.94,Eating
2011-05-13 16:54:01,2011-05-13 17:02:50,190,274614.02,274622.84,Relax
2011-05-13 17:12:32,2011-05-13 17:37:14,190,274632.54,274657.24,Relax
2011-05-13 17:37:57,2011-05-13 17:41:05,190,274657.96,274661.1,Meal_Preparation
2011-05-13 17:47:17,2011-05-13 17:52:02,190,274667.3,274672.05,Meal_Preparation
2011-05-13 18:14:25,2011-05-13 18:36:03,190,274694.43,274716.05,Relax
2011-05-13 18:42:16,2011-05-13 18:47:05,190,274722.27,274727.1,Meal_Preparation
2011-05-13 18:58:54,2011-05-13 19:04:01,190,274738.91,274744.03,Meal_Preparation
2011-05-13 19:08:07,2011-05-13 19:41:19,190,274748.13,274781.32,Meal_Preparation
2011-05-13 19:51:44,2011-05-13 20:45:49,190,274791.75,274845.83,Relax
2011-05-13 21:17:27,2011-05-13 23:11:33,190,274877.46,274991.56,Relax
2011-05-13 23:36:23,2011-05-13 23:53:31,190,275016.4,275033.53,Relax
2011-05-13 23:56:05,2011-05-14 00:18:47,190,275036.08,275058.79,Relax
2011-05-14 00:24:07,2011-05-14 00:47:40,191,275064.12,275087.68,Relax
2011-05-14 00:49:59,2011-05-14 04:40:09,191,275090.0,275320.15,Sleeping
2011-05-14 04:40:16,2011-05-14 04:42:55,191,275320.28,275322.92,Bed_to_Toilet
2011-05-14 04:43:22,2011-05-14 06:23:34,191,275323.38,275423.58,Sleeping
2011-05-14 06:24:10,2011-05-14 06:47:38,191,275424.18,275447.65,Relax
2011-05-14 06:49:20,2011-05-14 06:55:39,191,275449.34,275455.66,Meal_Preparation
2011-05-14 07:06:40,2011-05-14 07:29:52,191,275466.68,275489.87,Relax
2011-05-14 07:31:57,2011-05-14 07:41:48,191,275491.95,275501.81,Relax
2011-05-14 07:49:57,2011-05-14 08:08:29,191,275509.96,275528.49,Relax
2011-05-14 08:11:04,2011-05-14 08:17:32,191,275531.08,275537.55,Meal_Preparation
2011-05-14 08:18:57,2011-05-14 08:22:18,191,275538.96,275542.3,Meal_Preparation
2011-05-14 09:24:28,2011-05-14 09:32:49,191,275604.48,275612.82,Relax
2011-05-14 09:35:26,2011-05-14 09:35:30,191,275615.44,275615.51,Leave_Home
2011-05-14 13:25:01,2011-05-14 13:25:07,191,275845.03,275845.12,Enter_Home
2011-05-14 13:26:56,2011-05-14 13:31:21,191,275846.94,275851.36,Meal_Preparation
2011-05-14 13:31:48,2011-05-14 13:46:27,191,275851.81,275866.45,Relax
2011-05-14 13:46:56,2011-05-14 13:58:42,191,275866.94,275878.7,Relax
2011-05-14 13:59:03,2011-05-14 14:59:30,191,275879.06,275939.5,Relax
2011-05-14 14:59:45,2011-05-14 15:09:32,191,275939.76,275949.54,Relax
2011-05-14 15:33:15,2011-05-14 15:37:10,191,275973.26,275977.18,Meal_Preparation
2011-05-14 15:40:33,2011-05-14 16:02:47,191,275980.55,276002.8,Relax
2011-05-14 16:03:32,2011-05-14 16:08:01,191,276003.53,276008.02,Relax
2011-05-14 16:20:27,2011-05-14 16:29:00,191,276020.47,276029.0,Work
2011-05-14 16:31:55,2011-05-14 16:49:15,191,276031.92,276049.27,Work
2011-05-14 17:22:02,2011-05-14 17:34:09,191,276082.03,276094.15,Relax
2011-05-14 17:35:23,2011-05-14 18:30:40,191,276095.4,276150.67,Relax
2011-05-14 18:36:46,2011-05-14 18:44:28,191,276156.77,276164.47,Relax
2011-05-14 18:47:20,2011-05-14 19:16:27,191,276167.34,276196.46,Relax
2011-05-14 19:18:37,2011-05-14 19:30:59,191,276198.63,276211.0,Meal_Preparation
2011-05-14 19:32:35,2011-05-14 20:41:06,191,276212.6,276281.11,Relax
2011-05-14 20:54:41,2011-05-14 21:46:21,191,276294.69,276346.36,Work
2011-05-14 21:59:25,2011-05-14 22:41:01,191,276359.43,276401.02,Relax
2011-05-14 22:44:55,2011-05-15 04:22:44,191,276404.92,276742.74,Sleeping
2011-05-15 04:22:50,2011-05-15 04:25:50,192,276742.84,276745.84,Bed_to_Toilet
2011-05-15 04:25:55,2011-05-15 06:00:37,192,276745.92,276840.63,Sleeping
2011-05-15 06:01:11,2011-05-15 06:13:54,192,276841.2,276853.9,Meal_Preparation
2011-05-15 06:15:41,2011-05-15 06:40:26,192,276855.7,276880.44,Relax
2011-05-15 06:50:28,2011-05-15 07:04:57,192,276890.48,276904.96,Relax
2011-05-15 07:13:28,2011-05-15 07:39:14,192,276913.48,276939.24,Relax
2011-05-15 08:21:00,2011-05-15 08:30:20,192,276981.0,276990.34,Relax
2011-05-15 08:56:23,2011-05-15 09:08:00,192,277016.38,277028.01,Relax
2011-05-15 09:08:48,2011-05-15 09:13:06,192,277028.82,277033.11,Work
2011-05-15 09:31:59,2011-05-15 09:32:06,192,277051.99,277052.11,Leave_Home
2011-05-15 13:22:45,2011-05-15 13:22:50,192,277282.76,277282.85,Enter_Home
2011-05-15 13:27:41,2011-05-15 14:14:28,192,277287.69,277334.48,Relax
2011-05-15 14:14:40,2011-05-15 14:24:12,192,277334.67,277344.2,Relax
2011-05-15 14:51:44,2011-05-15 14:58:57,192,277371.75,277378.97,Relax
2011-05-15 15:01:45,2011-05-15 15:58:06,192,277381.75,277438.11,Relax
2011-05-15 16:05:48,2011-05-15 16:10:02,192,277445.81,277450.04,Meal_Preparation
2011-05-15 16:37:15,2011-05-15 17:19:41,192,277477.26,277519.69,Relax
2011-05-15 17:22:16,2011-05-15 18:43:54,192,277522.27,277603.91,Relax
2011-05-15 18:56:28,2011-05-15 19:12:23,192,277616.48,277632.39,Relax
2011-05-15 19:12:54,2011-05-15 19:19:32,192,277632.91,277639.54,Work
2011-05-15 19:21:53,2011-05-15 20:17:03,192,277641.9,277697.07,Relax
2011-05-15 20:34:25,2011-05-15 21:21:32,192,277714.43,277761.54,Relax
2011-05-15 22:52:12,2011-05-16 05:24:55,192,277852.21,278244.92,Sleeping
2011-05-16 05:33:21,2011-05-16 05:39:21,193,278253.36,278259.35,Meal_Preparation
2011-05-16 05:39:53,2011-05-16 05:44:10,193,278259.89,278264.17,Meal_Preparation
2011-05-16 05:45:23,2011-05-16 08:48:28,193,278265.39,278448.48,Relax
2011-05-16 09:08:04,2011-05-16 09:17:47,193,278468.07,278477.79,Relax
2011-05-16 09:32:19,2011-05-16 09:41:35,193,278492.33,278501.58,Meal_Preparation
2011-05-16 09:49:37,2011-05-16 09:50:18,193,278509.63,278510.3,Meal_Preparation
2011-05-16 09:50:16,2011-05-16 09:56:28,193,278510.28,278516.48,Eating
2011-05-16 11:40:45,2011-05-16 11:40:55,193,278620.76,278620.93,Leave_Home
2011-05-16 13:43:01,2011-05-16 13:43:08,193,278743.03,278743.14,Enter_Home
2011-05-16 13:58:47,2011-05-16 14:09:40,193,278758.8,278769.68,Relax
2011-05-16 14:10:22,2011-05-16 16:10:23,193,278770.37,278890.39,Relax
2011-05-16 16:18:25,2011-05-16 16:53:46,193,278898.43,278933.78,Relax
2011-05-16 16:54:27,2011-05-16 18:34:22,193,278934.47,279034.37,Relax
2011-05-16 18:42:14,2011-05-16 18:54:57,193,279042.24,279054.96,Work
2011-05-16 19:06:03,2011-05-16 19:14:21,193,279066.06,279074.35,Relax
2011-05-16 19:15:36,2011-05-16 19:33:05,193,279075.61,279093.08,Relax
2011-05-16 19:34:13,2011-05-16 19:39:53,193,279094.22,279099.89,Work
2011-05-16 19:44:43,2011-05-16 19:55:34,193,279104.73,279115.58,Work
2011-05-16 20:01:38,2011-05-16 20:03:02,193,279121.64,279123.05,Meal_Preparation
2011-05-16 20:06:07,2011-05-16 20:07:30,193,279126.13,279127.51,Meal_Preparation
2011-05-16 20:08:03,2011-05-16 20:10:32,193,279128.05,279130.54,Meal_Preparation
2011-05-16 20:10:56,2011-05-16 20:16:57,193,279130.95,279136.95,Relax
2011-05-16 20:17:43,2011-05-16 20:46:53,193,279137.72,279166.9,Relax
2011-05-16 20:54:03,2011-05-16 21:26:38,193,279174.06,279206.64,Relax
2011-05-16 21:29:41,2011-05-16 22:04:33,193,279209.68,279244.56,Relax
2011-05-16 22:10:45,2011-05-17 05:54:30,193,279250.75,279714.51,Sleeping
2011-05-17 05:54:40,2011-05-17 05:58:55,194,279714.67,279718.92,Meal_Preparation
2011-05-17 06:07:55,2011-05-17 06:35:38,194,279727.93,279755.65,Relax
2011-05-17 07:09:39,2011-05-17 07:19:13,194,279789.66,279799.22,Meal_Preparation
2011-05-17 07:19:21,2011-05-17 07:23:16,194,279799.36,279803.28,Eating
2011-05-17 07:48:58,2011-05-17 07:52:26,194,279828.98,279832.45,Meal_Preparation
2011-05-17 08:03:16,2011-05-17 08:03:20,194,279843.27,279843.35,Leave_Home
2011-05-17 11:17:10,2011-05-17 11:17:16,194,280037.18,280037.27,Enter_Home
2011-05-17 11:20:22,2011-05-17 11:29:17,194,280040.38,280049.3,Meal_Preparation
2011-05-17 11:36:58,2011-05-17 11:37:02,194,280056.97,280057.05,Leave_Home
2011-05-17 13:36:18,2011-05-17 13:36:24,194,280176.31,280176.4,Enter_Home
2011-05-17 13:47:50,2011-05-17 13:59:29,194,280187.84,280199.49,Relax
2011-05-17 14:00:08,2011-05-17 14:41:05,194,280200.15,280241.09,Relax
2011-05-17 14:52:59,2011-05-17 14:53:04,194,280253.0,280253.08,Leave_Home
2011-05-17 15:14:19,2011-05-17 15:14:38,194,280274.32,280274.64,Enter_Home
2011-05-17 15:58:32,2011-05-17 16:31:33,194,280318.55,280351.56,Relax
2011-05-17 16:31:59,2011-05-17 16:53:34,194,280351.99,280373.58,Relax
2011-05-17 16:54:13,2011-05-17 17:06:10,194,280374.23,280386.18,Relax
2011-05-17 17:13:27,2011-05-17 17:53:12,194,280393.45,280433.21,Relax
2011-05-17 17:56:41,2011-05-17 18:10:30,194,280436.69,280450.51,Relax
2011-05-17 18:10:59,2011-05-17 18:16:16,194,280451.0,280456.28,Meal_Preparation
2011-05-17 18:26:47,2011-05-17 18:26:55,194,280466.79,280466.93,Leave_Home
2011-05-17 19:09:45,2011-05-17 19:09:52,194,280509.75,280509.87,Enter_Home
2011-05-17 19:11:49,2011-05-17 19:46:21,194,280511.83,280546.36,Relax
2011-05-17 19:49:16,2011-05-18 00:04:18,194,280549.28,280804.31,Relax
2011-05-18 00:16:36,2011-05-18 07:57:53,195,280816.61,281277.89,Sleeping
2011-05-18 07:58:25,2011-05-18 08:17:54,195,281278.43,281297.91,Relax
2011-05-18 08:20:32,2011-05-18 08:24:22,195,281300.54,281304.38,Meal_Preparation
2011-05-18 08:29:19,2011-05-18 08:37:46,195,281309.33,281317.78,Meal_Preparation
2011-05-18 08:38:18,2011-05-18 08:40:25,195,281318.31,281320.43,Meal_Preparation
2011-05-18 08:40:50,2011-05-18 09:07:44,195,281320.85,281347.74,Relax
2011-05-18 09:08:48,2011-05-18 10:17:09,195,281348.81,281417.16,Relax
2011-05-18 10:21:51,2011-05-18 10:47:51,195,281421.87,281447.85,Relax
2011-05-18 11:39:40,2011-05-18 11:51:59,195,281499.68,281511.99,Relax
2011-05-18 12:03:20,2011-05-18 12:11:42,195,281523.34,281531.71,Work
2011-05-18 12:17:18,2011-05-18 12:17:23,195,281537.31,281537.38,Leave_Home
2011-05-18 14:12:12,2011-05-18 14:12:18,195,281652.2,281652.3,Enter_Home
2011-05-18 14:13:44,2011-05-18 14:18:54,195,281653.74,281658.91,Meal_Preparation
2011-05-18 14:20:14,2011-05-18 14:23:06,195,281660.25,281663.11,Meal_Preparation
2011-05-18 14:24:51,2011-05-18 14:27:39,195,281664.86,281667.66,Meal_Preparation
2011-05-18 14:27:44,2011-05-18 14:52:41,195,281667.74,281692.69,Relax
2011-05-18 15:27:27,2011-05-18 15:52:43,195,281727.46,281752.73,Relax
2011-05-18 16:26:15,2011-05-18 16:38:02,195,281786.25,281798.04,Relax
2011-05-18 16:42:05,2011-05-18 16:42:10,195,281802.1,281802.18,Leave_Home
2011-05-18 19:13:35,2011-05-18 19:13:40,195,281953.59,281953.67,Enter_Home
2011-05-18 19:19:19,2011-05-18 19:24:33,195,281959.32,281964.55,Meal_Preparation
2011-05-18 19:24:46,2011-05-18 19:31:59,195,281964.78,281972.0,Meal_Preparation
2011-05-18 19:34:44,2011-05-18 19:37:55,195,281974.74,281977.92,Meal_Preparation
2011-05-18 19:38:01,2011-05-18 19:44:22,195,281978.03,281984.37,Relax
2011-05-18 19:49:28,2011-05-18 19:58:33,195,281989.48,281998.56,Relax
2011-05-18 20:00:02,2011-05-18 20:04:17,195,282000.04,282004.3,Relax
2011-05-18 20:05:34,2011-05-18 20:38:06,195,282005.58,282038.11,Relax
2011-05-18 20:38:09,2011-05-18 20:43:17,195,282038.15,282043.3,Meal_Preparation
2011-05-18 20:43:36,2011-05-18 23:35:49,195,282043.61,282215.83,Relax
2011-05-18 23:44:35,2011-05-19 04:08:22,195,282224.59,282488.37,Sleeping
2011-05-19 04:08:30,2011-05-19 04:11:39,196,282488.5,282491.66,Bed_to_Toilet
2011-05-19 04:12:32,2011-05-19 05:26:21,196,282492.54,282566.36,Sleeping
2011-05-19 05:26:50,2011-05-19 05:39:06,196,282566.84,282579.1,Meal_Preparation
2011-05-19 05:39:44,2011-05-19 05:42:08,196,282579.75,282582.15,Meal_Preparation
2011-05-19 05:47:04,2011-05-19 06:18:07,196,282587.08,282618.13,Relax
2011-05-19 06:18:47,2011-05-19 06:31:04,196,282618.79,282631.07,Relax
2011-05-19 06:44:21,2011-05-19 07:01:50,196,282644.37,282661.85,Relax
2011-05-19 07:10:05,2011-05-19 07:14:00,196,282670.1,282674.0,Meal_Preparation
2011-05-19 07:14:06,2011-05-19 07:16:54,196,282674.11,282676.92,Eating
2011-05-19 08:10:49,2011-05-19 08:10:54,196,282730.83,282730.9,Leave_Home
2011-05-19 11:21:32,2011-05-19 11:21:36,196,282921.53,282921.61,Enter_Home
2011-05-19 11:44:02,2011-05-19 11:44:06,196,282944.04,282944.11,Leave_Home
2011-05-19 14:05:04,2011-05-19 14:05:11,196,283085.08,283085.19,Enter_Home
2011-05-19 14:06:14,2011-05-19 14:11:34,196,283086.25,283091.58,Meal_Preparation
2011-05-19 14:22:21,2011-05-19 14:28:02,196,283102.36,283108.04,Meal_Preparation
2011-05-19 14:28:04,2011-05-19 14:37:23,196,283108.08,283117.4,Relax
2011-05-19 14:38:54,2011-05-19 16:04:53,196,283118.9,283204.89,Relax
2011-05-19 16:17:13,2011-05-19 16:18:56,196,283217.23,283218.94,Meal_Preparation
2011-05-19 16:21:31,2011-05-19 17:22:49,196,283221.52,283282.83,Eating
2011-05-19 17:59:56,2011-05-19 19:27:03,196,283319.95,283407.05,Relax
2011-05-19 19:27:27,2011-05-19 19:33:45,196,283407.45,283413.76,Meal_Preparation
2011-05-19 19:33:59,2011-05-19 22:09:27,196,283413.99,283569.47,Relax
2011-05-19 22:28:18,2011-05-20 06:05:58,196,283588.31,284045.97,Sleeping
2011-05-20 06:06:08,2011-05-20 06:12:32,197,284046.14,284052.53,Meal_Preparation
2011-05-20 06:16:19,2011-05-20 06:18:47,197,284056.33,284058.79,Meal_Preparation
2011-05-20 06:18:54,2011-05-20 06:28:14,197,284058.91,284068.24,Relax
2011-05-20 07:25:23,2011-05-20 07:31:13,197,284125.39,284131.23,Meal_Preparation
2011-05-20 07:32:23,2011-05-20 07:41:36,197,284132.4,284141.61,Work
2011-05-20 07:43:37,2011-05-20 07:49:43,197,284143.63,284149.73,Relax
2011-05-20 08:06:19,2011-05-20 08:06:24,197,284166.33,284166.41,Leave_Home
2011-05-20 09:21:27,2011-05-20 09:21:32,197,284241.46,284241.54,Enter_Home
2011-05-20 09:55:09,2011-05-20 09:58:57,197,284275.16,284278.96,Work
2011-05-20 10:11:51,2011-05-20 10:28:49,197,284291.87,284308.83,Relax
2011-05-20 10:50:13,2011-05-20 10:50:18,197,284330.22,284330.3,Leave_Home
2011-05-20 16:01:42,2011-05-20 16:01:48,197,284641.71,284641.81,Enter_Home
2011-05-20 16:08:51,2011-05-20 16:13:21,197,284648.86,284653.35,Work
2011-05-20 16:22:13,2011-05-20 16:28:20,197,284662.22,284668.35,Meal_Preparation
2011-05-20 16:38:52,2011-05-20 17:09:16,197,284678.88,284709.28,Relax
2011-05-20 17:09:19,2011-05-20 17:14:20,197,284709.32,284714.35,Meal_Preparation
2011-05-20 17:19:45,2011-05-20 17:24:09,197,284719.76,284724.15,Meal_Preparation
2011-05-20 17:24:18,2011-05-20 17:39:28,197,284724.31,284739.48,Relax
2011-05-20 17:39:57,2011-05-20 18:26:41,197,284739.96,284786.7,Relax
2011-05-20 18:27:46,2011-05-20 18:53:29,197,284787.78,284813.49,Relax
2011-05-20 18:53:33,2011-05-20 18:55:27,197,284813.55,284815.46,Meal_Preparation
2011-05-20 18:57:57,2011-05-20 19:03:19,197,284817.96,284823.32,Meal_Preparation
2011-05-20 19:03:22,2011-05-20 19:40:01,197,284823.37,284860.03,Relax
2011-05-20 19:43:50,2011-05-20 20:52:54,197,284863.84,284932.91,Relax
2011-05-20 20:55:14,2011-05-20 22:05:06,197,284935.25,285005.1,Relax
2011-05-20 22:17:41,2011-05-20 22:34:37,197,285017.69,285034.63,Relax
2011-05-20 22:40:54,2011-05-21 06:09:33,197,285040.91,285489.56,Sleeping
2011-05-21 06:23:58,2011-05-21 06:36:45,198,285503.98,285516.76,Meal_Preparation
2011-05-21 06:38:47,2011-05-21 06:54:45,198,285518.8,285534.75,Relax
2011-05-21 06:56:06,2011-05-21 07:49:17,198,285536.11,285589.3,Relax
2011-05-21 09:24:23,2011-05-21 09:27:20,198,285684.39,285687.34,Meal_Preparation
2011-05-21 09:28:02,2011-05-21 09:36:35,198,285688.04,285696.6,Eating
2011-05-21 09:45:53,2011-05-21 09:45:59,198,285705.89,285706.0,Leave_Home
2011-05-21 09:54:20,2011-05-21 09:54:25,198,285714.34,285714.42,Enter_Home
2011-05-21 09:54:35,2011-05-21 09:59:50,198,285714.58,285719.84,Meal_Preparation
2011-05-21 10:20:24,2011-05-21 10:33:53,198,285740.41,285753.89,Relax
2011-05-21 10:48:29,2011-05-21 11:20:55,198,285768.49,285800.92,Relax
2011-05-21 11:54:22,2011-05-21 12:39:03,198,285834.37,285879.06,Relax
2011-05-21 12:50:10,2011-05-21 12:57:58,198,285890.17,285897.97,Relax
2011-05-21 12:58:18,2011-05-21 13:43:43,198,285898.31,285943.72,Relax
2011-05-21 14:04:37,2011-05-21 14:37:00,198,285964.63,285997.01,Relax
2011-05-21 14:39:22,2011-05-21 14:47:24,198,285999.37,286007.4,Work
2011-05-21 14:55:03,2011-05-21 15:56:12,198,286015.06,286076.21,Relax
2011-05-21 15:59:37,2011-05-21 16:20:11,198,286079.62,286100.2,Meal_Preparation
2011-05-21 16:21:28,2011-05-21 16:42:54,198,286101.48,286122.92,Meal_Preparation
2011-05-21 16:43:12,2011-05-21 16:53:35,198,286123.21,286133.58,Relax
2011-05-21 16:55:29,2011-05-21 17:44:36,198,286135.49,286184.61,Relax
2011-05-21 17:45:43,2011-05-21 18:43:06,198,286185.73,286243.11,Relax
2011-05-21 18:43:09,2011-05-21 18:52:26,198,286243.15,286252.44,Meal_Preparation
2011-05-21 18:54:51,2011-05-21 19:11:54,198,286254.86,286271.91,Relax
2011-05-21 19:26:20,2011-05-21 20:06:34,198,286286.34,286326.58,Relax
2011-05-21 20:23:37,2011-05-21 20:51:54,198,286343.63,286371.91,Relax
2011-05-21 20:52:17,2011-05-21 21:58:02,198,286372.29,286438.05,Relax
2011-05-21 22:03:58,2011-05-22 02:34:39,198,286443.98,286714.66,Sleeping
2011-05-22 02:34:51,2011-05-22 02:38:08,199,286714.85,286718.15,Bed_to_Toilet
2011-05-22 02:38:17,2011-05-22 07:26:09,199,286718.29,287006.16,Sleeping
2011-05-22 07:27:35,2011-05-22 07:37:03,199,287007.59,287017.06,Meal_Preparation
2011-05-22 07:45:38,2011-05-22 08:03:01,199,287025.65,287043.02,Relax
2011-05-22 08:04:09,2011-05-22 08:14:34,199,287044.16,287054.58,Relax
2011-05-22 09:03:30,2011-05-22 09:05:45,199,287103.5,287105.75,Meal_Preparation
2011-05-22 09:10:09,2011-05-22 09:11:36,199,287110.16,287111.6,Meal_Preparation
2011-05-22 09:11:17,2011-05-22 09:17:27,199,287111.29,287117.45,Eating
2011-05-22 09:46:46,2011-05-22 09:46:51,199,287146.77,287146.86,Leave_Home
2011-05-22 09:51:51,2011-05-22 09:51:56,199,287151.87,287151.95,Enter_Home
2011-05-22 10:01:36,2011-05-22 10:01:42,199,287161.62,287161.71,Leave_Home
2011-05-22 12:05:08,2011-05-22 12:05:58,199,287285.14,287285.98,Enter_Home
2011-05-22 12:13:49,2011-05-22 12:18:56,199,287293.83,287298.94,Meal_Preparation
2011-05-22 13:14:27,2011-05-22 13:31:39,199,287354.46,287371.66,Meal_Preparation
2011-05-22 13:32:51,2011-05-22 13:44:10,199,287372.85,287384.17,Relax
2011-05-22 13:44:13,2011-05-22 13:58:26,199,287384.22,287398.45,Meal_Preparation
2011-05-22 13:58:53,2011-05-22 14:58:01,199,287398.89,287458.02,Meal_Preparation
2011-05-22 14:59:43,2011-05-22 15:04:29,199,287459.73,287464.5,Meal_Preparation
2011-05-22 15:04:32,2011-05-22 15:53:26,199,287464.54,287513.44,Relax
2011-05-22 16:03:27,2011-05-22 16:14:05,199,287523.46,287534.09,Meal_Preparation
2011-05-22 16:31:48,2011-05-22 16:31:57,199,287551.8,287551.97,Leave_Home
2011-05-22 16:52:02,2011-05-22 16:52:22,199,287572.05,287572.38,Enter_Home
2011-05-22 17:00:50,2011-05-22 17:06:19,199,287580.84,287586.33,Meal_Preparation
2011-05-22 17:06:29,2011-05-22 17:34:59,199,287586.49,287614.99,Relax
2011-05-22 17:35:29,2011-05-22 17:45:59,199,287615.49,287625.99,Meal_Preparation
2011-05-22 18:06:03,2011-05-22 18:26:23,199,287646.06,287666.38,Relax
2011-05-22 18:27:13,2011-05-22 18:44:36,199,287667.22,287684.62,Meal_Preparation
2011-05-22 18:44:53,2011-05-22 18:49:31,199,287684.89,287689.53,Eating
2011-05-22 18:50:12,2011-05-22 18:53:42,199,287690.2,287693.7,Meal_Preparation
2011-05-22 18:57:41,2011-05-22 19:00:26,199,287697.7,287700.44,Meal_Preparation
2011-05-22 19:01:59,2011-05-22 19:29:09,199,287701.98,287729.16,Eating
2011-05-22 19:30:41,2011-05-22 20:08:02,199,287730.7,287768.05,Meal_Preparation
2011-05-22 20:07:10,2011-05-22 20:17:32,199,287767.18,287777.54,Relax
2011-05-22 20:20:32,2011-05-22 20:23:06,199,287780.54,287783.11,Meal_Preparation
2011-05-22 20:25:46,2011-05-22 20:27:29,199,287785.77,287787.49,Meal_Preparation
2011-05-22 20:27:41,2011-05-22 20:43:04,199,287787.69,287803.07,Relax
2011-05-22 20:58:08,2011-05-22 21:12:52,199,287818.15,287832.87,Relax
2011-05-22 21:13:33,2011-05-22 21:17:36,199,287833.57,287837.6,Relax
2011-05-22 21:18:11,2011-05-22 21:54:01,199,287838.19,287874.02,Relax
2011-05-22 22:02:53,2011-05-23 02:43:44,199,287882.88,288163.75,Sleeping
2011-05-23 02:43:48,2011-05-23 02:46:50,200,288163.82,288166.85,Bed_to_Toilet
2011-05-23 02:43:48,2011-05-23 02:46:50,200,288163.82,288166.85,Bed_to_Toilet
2011-05-23 02:46:55,2011-05-23 03:29:08,200,288166.93,288209.14,Sleeping
2011-05-23 02:46:55,2011-05-23 03:29:08,200,288166.93,288209.14,Sleeping
2011-05-23 03:30:57,2011-05-23 03:36:41,200,288210.96,288216.7,Meal_Preparation
2011-05-23 03:30:57,2011-05-23 03:36:41,200,288210.96,288216.7,Meal_Preparation
2011-05-23 03:39:44,2011-05-23 03:43:24,200,288219.74,288223.4,Meal_Preparation
2011-05-23 03:39:44,2011-05-23 03:43:24,200,288219.74,288223.4,Meal_Preparation
2011-05-23 03:47:00,2011-05-23 05:45:34,200,288227.01,288345.57,Relax
2011-05-23 03:47:00,2011-05-23 05:45:34,200,288227.01,288345.57,Relax
2011-05-23 05:48:37,2011-05-23 06:46:50,200,288348.62,288406.84,Sleeping
2011-05-23 05:48:37,2011-05-23 06:46:50,200,288348.62,288406.84,Sleeping
2011-05-23 06:48:04,2011-05-23 06:50:30,200,288408.07,288410.51,Meal_Preparation
2011-05-23 06:48:04,2011-05-23 06:50:30,200,288408.07,288410.51,Meal_Preparation
2011-05-23 07:05:37,2011-05-23 07:07:20,200,288425.62,288427.35,Meal_Preparation
2011-05-23 07:05:37,2011-05-23 07:07:20,200,288425.62,288427.35,Meal_Preparation
2011-05-23 07:18:33,2011-05-23 07:19:09,200,288438.56,288439.15,Meal_Preparation
2011-05-23 07:18:33,2011-05-23 07:19:09,200,288438.56,288439.15,Meal_Preparation
2011-05-23 07:19:11,2011-05-23 07:31:24,200,288439.19,288451.41,Eating
2011-05-23 07:19:11,2011-05-23 07:31:24,200,288439.19,288451.41,Eating
2011-05-23 07:37:55,2011-05-23 07:55:12,200,288457.92,288475.2,Meal_Preparation
2011-05-23 07:37:55,2011-05-23 07:55:12,200,288457.92,288475.2,Meal_Preparation
2011-05-23 08:45:34,2011-05-23 08:45:41,200,288525.57,288525.7,Leave_Home
2011-05-23 08:45:34,2011-05-23 08:45:41,200,288525.57,288525.7,Leave_Home
2011-05-23 09:26:14,2011-05-23 09:26:19,200,288566.24,288566.33,Enter_Home
2011-05-23 09:26:14,2011-05-23 09:26:19,200,288566.24,288566.33,Enter_Home
2011-05-23 09:33:06,2011-05-23 09:42:16,200,288573.11,288582.28,Relax
2011-05-23 09:33:06,2011-05-23 09:42:16,200,288573.11,288582.28,Relax
2011-05-23 09:42:25,2011-05-23 09:56:25,200,288582.43,288596.43,Meal_Preparation
2011-05-23 09:42:25,2011-05-23 09:56:25,200,288582.43,288596.43,Meal_Preparation
2011-05-23 10:30:49,2011-05-23 10:30:58,200,288630.83,288630.97,Leave_Home
2011-05-23 10:30:49,2011-05-23 10:30:58,200,288630.83,288630.97,Leave_Home
2011-05-23 10:54:30,2011-05-23 10:54:35,200,288654.5,288654.59,Enter_Home
2011-05-23 10:54:30,2011-05-23 10:54:35,200,288654.5,288654.59,Enter_Home
2011-05-23 11:23:56,2011-05-23 12:19:45,200,288683.95,288739.75,Relax
2011-05-23 11:23:56,2011-05-23 12:19:45,200,288683.95,288739.75,Relax
2011-05-23 12:20:38,2011-05-23 12:26:43,200,288740.65,288746.73,Meal_Preparation
2011-05-23 12:20:38,2011-05-23 12:26:43,200,288740.65,288746.73,Meal_Preparation
2011-05-23 12:26:51,2011-05-23 12:42:12,200,288746.86,288762.21,Relax
2011-05-23 12:26:51,2011-05-23 12:42:12,200,288746.86,288762.21,Relax
2011-05-23 12:42:54,2011-05-23 12:53:53,200,288762.91,288773.89,Relax
2011-05-23 12:42:54,2011-05-23 12:53:53,200,288762.91,288773.89,Relax
2011-05-23 12:54:57,2011-05-23 13:43:25,200,288774.97,288823.43,Relax
2011-05-23 12:54:57,2011-05-23 13:43:25,200,288774.97,288823.43,Relax
2011-05-23 13:52:21,2011-05-23 13:52:27,200,288832.35,288832.46,Leave_Home
2011-05-23 13:52:21,2011-05-23 13:52:27,200,288832.35,288832.46,Leave_Home
2011-05-23 14:31:11,2011-05-23 14:31:17,200,288871.2,288871.28,Enter_Home
2011-05-23 14:31:11,2011-05-23 14:31:17,200,288871.2,288871.28,Enter_Home
2011-05-23 14:41:33,2011-05-23 14:41:38,200,288881.56,288881.64,Leave_Home
2011-05-23 14:41:33,2011-05-23 14:41:38,200,288881.56,288881.64,Leave_Home
2011-05-23 14:44:56,2011-05-23 14:45:26,200,288884.95,288885.44,Enter_Home
2011-05-23 14:44:56,2011-05-23 14:45:26,200,288884.95,288885.44,Enter_Home
2011-05-23 14:45:41,2011-05-23 14:55:11,200,288885.7,288895.19,Relax
2011-05-23 14:45:41,2011-05-23 14:55:11,200,288885.7,288895.19,Relax
2011-05-23 14:57:24,2011-05-23 16:48:02,200,288897.41,289008.03,Relax
2011-05-23 14:57:24,2011-05-23 16:48:02,200,288897.41,289008.03,Relax
2011-05-23 16:55:36,2011-05-23 17:02:50,200,289015.6,289022.85,Relax
2011-05-23 16:55:36,2011-05-23 17:02:50,200,289015.6,289022.85,Relax
2011-05-23 17:03:44,2011-05-23 17:50:58,200,289023.74,289070.98,Relax
2011-05-23 17:03:44,2011-05-23 17:50:58,200,289023.74,289070.98,Relax
2011-05-23 17:57:11,2011-05-23 18:12:22,200,289077.2,289092.38,Meal_Preparation
2011-05-23 17:57:11,2011-05-23 18:12:22,200,289077.2,289092.38,Meal_Preparation
2011-05-23 18:12:21,2011-05-23 18:23:02,200,289092.37,289103.03,Eating
2011-05-23 18:12:21,2011-05-23 18:23:02,200,289092.37,289103.03,Eating
2011-05-23 18:23:00,2011-05-23 18:24:47,200,289103.01,289104.8,Wash_Dishes
2011-05-23 18:23:00,2011-05-23 18:24:47,200,289103.01,289104.8,Wash_Dishes
2011-05-23 18:36:12,2011-05-23 19:26:40,200,289116.21,289166.67,Relax
2011-05-23 18:36:12,2011-05-23 19:26:40,200,289116.21,289166.67,Relax
2011-05-23 19:26:49,2011-05-23 19:31:29,200,289166.82,289171.49,Meal_Preparation
2011-05-23 19:26:49,2011-05-23 19:31:29,200,289166.82,289171.49,Meal_Preparation
2011-05-23 19:41:52,2011-05-23 21:37:15,200,289181.87,289297.26,Relax
2011-05-23 19:41:52,2011-05-23 21:37:15,200,289181.87,289297.26,Relax
2011-05-23 21:44:59,2011-05-23 02:43:44,200,289305.0,288163.75,Sleeping
2011-05-23 21:44:59,2011-05-24 05:37:41,200,289305.0,289777.69,Sleeping
2011-05-24 05:51:28,2011-05-24 06:24:59,201,289791.48,289824.99,Relax
2011-05-24 07:28:42,2011-05-24 07:28:46,201,289888.71,289888.78,Leave_Home
2011-05-24 14:18:57,2011-05-24 14:19:04,201,290298.96,290299.08,Enter_Home
2011-05-24 14:35:27,2011-05-24 14:45:54,201,290315.47,290325.91,Relax
2011-05-24 14:51:44,2011-05-24 14:51:48,201,290331.74,290331.81,Leave_Home
2011-05-24 15:55:55,2011-05-24 15:56:22,201,290395.93,290396.37,Enter_Home
2011-05-24 16:02:39,2011-05-24 16:06:04,201,290402.66,290406.08,Meal_Preparation
2011-05-24 16:09:14,2011-05-24 17:11:00,201,290409.24,290471.0,Relax
2011-05-24 17:13:06,2011-05-24 17:16:48,201,290473.11,290476.8,Meal_Preparation
2011-05-24 17:27:14,2011-05-24 18:03:24,201,290487.24,290523.41,Relax
2011-05-24 18:04:41,2011-05-24 18:56:30,201,290524.69,290576.5,Relax
2011-05-24 19:01:31,2011-05-24 20:12:38,201,290581.53,290652.64,Relax
2011-05-24 20:13:02,2011-05-24 20:21:06,201,290653.03,290661.11,Meal_Preparation
2011-05-24 20:40:16,2011-05-24 21:11:05,201,290680.27,290711.1,Relax
2011-05-24 21:14:39,2011-05-24 22:31:19,201,290714.65,290791.32,Relax
2011-05-24 22:48:19,2011-05-25 03:06:33,201,290808.32,291066.56,Sleeping
2011-05-25 03:06:42,2011-05-25 03:08:38,202,291066.7,291068.64,Bed_to_Toilet
2011-05-25 03:08:40,2011-05-25 05:09:24,202,291068.67,291189.41,Sleeping
2011-05-25 05:24:23,2011-05-25 05:47:19,202,291204.4,291227.33,Relax
2011-05-25 07:15:43,2011-05-25 07:15:48,202,291315.73,291315.8,Leave_Home
2011-05-25 10:08:30,2011-05-25 10:08:35,202,291488.51,291488.59,Enter_Home
2011-05-25 10:36:21,2011-05-25 13:41:44,202,291516.36,291701.75,Sleeping
2011-05-25 14:14:23,2011-05-25 14:28:48,202,291734.39,291748.8,Sleeping
2011-05-25 14:38:35,2011-05-25 14:44:17,202,291758.6,291764.29,Meal_Preparation
2011-05-25 14:45:01,2011-05-25 14:46:20,202,291765.02,291766.34,Meal_Preparation
2011-05-25 14:54:47,2011-05-25 14:56:47,202,291774.79,291776.8,Meal_Preparation
2011-05-25 14:57:12,2011-05-25 15:02:11,202,291777.2,291782.2,Relax
2011-05-25 15:02:50,2011-05-25 15:36:19,202,291782.85,291816.32,Relax
2011-05-25 15:37:29,2011-05-25 17:35:15,202,291817.49,291935.26,Relax
2011-05-25 18:08:57,2011-05-25 18:09:03,202,291968.95,291969.07,Leave_Home
2011-05-25 18:12:49,2011-05-25 18:12:54,202,291972.83,291972.92,Enter_Home
2011-05-25 18:34:51,2011-05-25 18:38:55,202,291994.85,291998.93,Meal_Preparation
2011-05-25 18:41:36,2011-05-25 19:05:59,202,292001.61,292025.99,Meal_Preparation
2011-05-25 19:06:16,2011-05-25 19:30:41,202,292026.28,292050.69,Relax
2011-05-25 19:33:28,2011-05-25 19:57:40,202,292053.47,292077.68,Relax
2011-05-25 20:03:43,2011-05-25 20:43:33,202,292083.72,292123.55,Relax
2011-05-25 20:47:39,2011-05-25 21:26:59,202,292127.66,292166.99,Relax
2011-05-25 21:31:21,2011-05-25 23:28:55,202,292171.36,292288.93,Relax
2011-05-25 23:35:20,2011-05-26 05:23:16,202,292295.33,292643.27,Sleeping
2011-05-26 05:34:47,2011-05-26 06:21:21,203,292654.8,292701.36,Relax
2011-05-26 06:55:10,2011-05-26 06:55:15,203,292735.18,292735.26,Leave_Home
2011-05-26 06:58:12,2011-05-26 06:58:20,203,292738.21,292738.34,Enter_Home
2011-05-26 07:10:17,2011-05-26 07:11:24,203,292750.29,292751.4,Meal_Preparation
2011-05-26 07:11:44,2011-05-26 07:21:20,203,292751.73,292761.35,Eating
2011-05-26 08:14:31,2011-05-26 08:14:39,203,292814.53,292814.65,Leave_Home
2011-05-26 12:19:51,2011-05-26 12:19:55,203,293059.85,293059.92,Enter_Home
2011-05-26 12:26:18,2011-05-26 12:36:12,203,293066.3,293076.21,Relax
2011-05-26 12:37:19,2011-05-26 12:44:03,203,293077.32,293084.06,Relax
2011-05-26 12:44:54,2011-05-26 13:42:31,203,293084.91,293142.52,Relax
2011-05-26 13:45:31,2011-05-26 14:23:36,203,293145.52,293183.61,Relax
2011-05-26 14:26:46,2011-05-26 16:37:11,203,293186.78,293317.2,Relax
2011-05-26 17:07:16,2011-05-26 17:37:20,203,293347.27,293377.34,Relax
2011-05-26 17:46:32,2011-05-26 17:46:37,203,293386.55,293386.62,Leave_Home
2011-05-26 20:03:36,2011-05-26 20:03:40,203,293523.61,293523.67,Enter_Home
2011-05-26 20:14:14,2011-05-26 20:18:43,203,293534.24,293538.72,Meal_Preparation
2011-05-26 20:21:23,2011-05-26 20:22:21,203,293541.4,293542.37,Meal_Preparation
2011-05-26 20:22:21,2011-05-26 20:38:42,203,293542.36,293558.7,Relax
2011-05-26 20:41:21,2011-05-26 21:06:55,203,293561.35,293586.92,Relax
2011-05-26 21:07:34,2011-05-26 22:07:48,203,293587.57,293647.81,Relax
2011-05-26 22:15:48,2011-05-27 04:41:11,203,293655.81,294041.2,Sleeping
2011-05-27 04:41:18,2011-05-27 04:43:18,204,294041.31,294043.3,Bed_to_Toilet
2011-05-27 04:43:20,2011-05-27 05:23:11,204,294043.34,294083.2,Sleeping
2011-05-27 05:26:06,2011-05-27 05:31:42,204,294086.11,294091.7,Meal_Preparation
2011-05-27 05:36:37,2011-05-27 05:39:19,204,294096.63,294099.32,Meal_Preparation
2011-05-27 05:39:24,2011-05-27 06:33:48,204,294099.41,294153.82,Relax
2011-05-27 06:43:26,2011-05-27 06:50:29,204,294163.44,294170.5,Meal_Preparation
2011-05-27 08:21:30,2011-05-27 08:22:40,204,294261.5,294262.67,Leave_Home
2011-05-27 10:35:30,2011-05-27 10:35:35,204,294395.52,294395.6,Enter_Home
2011-05-27 11:00:46,2011-05-27 11:00:50,204,294420.77,294420.84,Leave_Home
2011-05-27 12:43:31,2011-05-27 12:43:35,204,294523.52,294523.6,Enter_Home
2011-05-27 12:47:41,2011-05-27 12:52:04,204,294527.69,294532.08,Meal_Preparation
2011-05-27 13:02:51,2011-05-27 13:11:36,204,294542.85,294551.6,Relax
2011-05-27 13:11:42,2011-05-27 13:18:40,204,294551.71,294558.67,Meal_Preparation
2011-05-27 13:19:15,2011-05-27 13:21:38,204,294559.26,294561.63,Meal_Preparation
2011-05-27 13:21:49,2011-05-27 13:31:45,204,294561.83,294571.75,Relax
2011-05-27 13:32:45,2011-05-27 13:53:23,204,294572.76,294593.4,Relax
2011-05-27 13:59:40,2011-05-27 13:59:46,204,294599.68,294599.77,Leave_Home
2011-05-27 16:05:33,2011-05-27 16:05:38,204,294725.56,294725.64,Enter_Home
2011-05-27 16:06:35,2011-05-27 16:09:35,204,294726.59,294729.59,Meal_Preparation
2011-05-27 16:12:17,2011-05-27 16:28:56,204,294732.3,294748.94,Meal_Preparation
2011-05-27 16:29:06,2011-05-27 16:35:51,204,294749.11,294755.86,Relax
2011-05-27 16:36:15,2011-05-27 16:46:13,204,294756.26,294766.23,Relax
2011-05-27 16:47:40,2011-05-27 17:48:03,204,294767.67,294828.06,Relax
2011-05-27 17:52:01,2011-05-27 20:09:20,204,294832.02,294969.35,Relax
2011-05-27 20:28:20,2011-05-27 20:48:09,204,294988.35,295008.16,Relax
2011-05-27 20:50:52,2011-05-27 21:09:59,204,295010.88,295029.99,Relax
2011-05-27 21:11:09,2011-05-27 21:33:01,204,295031.16,295053.03,Relax
2011-05-27 21:34:02,2011-05-27 21:35:15,204,295054.05,295055.26,Relax
2011-05-27 21:36:07,2011-05-27 22:22:38,204,295056.13,295102.64,Relax
2011-05-27 22:31:40,2011-05-28 04:35:00,204,295111.67,295475.0,Sleeping
2011-05-28 04:38:47,2011-05-28 04:43:48,205,295478.79,295483.81,Meal_Preparation
2011-05-28 04:45:02,2011-05-28 04:48:32,205,295485.04,295488.55,Meal_Preparation
2011-05-28 04:48:46,2011-05-28 08:02:26,205,295488.78,295682.44,Relax
2011-05-28 09:00:49,2011-05-28 09:10:57,205,295740.83,295750.96,Relax
2011-05-28 09:18:18,2011-05-28 09:23:02,205,295758.3,295763.05,Meal_Preparation
2011-05-28 09:25:22,2011-05-28 09:30:10,205,295765.38,295770.17,Meal_Preparation
2011-05-28 09:30:16,2011-05-28 09:40:27,205,295770.27,295780.46,Eating
2011-05-28 10:05:32,2011-05-28 10:21:16,205,295805.54,295821.27,Work
2011-05-28 10:26:40,2011-05-28 10:26:45,205,295826.68,295826.75,Leave_Home
2011-05-28 11:31:45,2011-05-28 11:31:51,205,295891.76,295891.86,Enter_Home
2011-05-28 11:33:02,2011-05-28 11:39:13,205,295893.04,295899.23,Meal_Preparation
2011-05-28 11:47:41,2011-05-28 11:52:36,205,295907.69,295912.6,Meal_Preparation
2011-05-28 11:53:21,2011-05-28 12:12:20,205,295913.36,295932.34,Relax
2011-05-28 12:18:45,2011-05-28 12:25:31,205,295938.77,295945.53,Meal_Preparation
2011-05-28 12:25:57,2011-05-28 12:27:32,205,295945.97,295947.55,Meal_Preparation
2011-05-28 12:32:41,2011-05-28 12:42:28,205,295952.69,295962.48,Relax
2011-05-28 12:43:04,2011-05-28 13:18:23,205,295963.08,295998.4,Relax
2011-05-28 13:25:10,2011-05-28 13:57:47,205,296005.17,296037.79,Relax
2011-05-28 14:03:52,2011-05-28 16:24:56,205,296043.88,296184.95,Sleeping
2011-05-28 16:37:34,2011-05-28 16:44:16,205,296197.58,296204.27,Meal_Preparation
2011-05-28 16:46:59,2011-05-28 16:57:21,205,296206.99,296217.36,Meal_Preparation
2011-05-28 17:26:31,2011-05-28 17:51:06,205,296246.53,296271.11,Work
2011-05-28 18:04:11,2011-05-28 18:04:18,205,296284.2,296284.3,Leave_Home
2011-05-28 18:10:58,2011-05-28 18:11:03,205,296290.98,296291.05,Enter_Home
2011-05-28 18:15:13,2011-05-28 19:02:35,205,296295.23,296342.6,Relax
2011-05-28 19:02:57,2011-05-28 19:05:16,205,296342.95,296345.28,Meal_Preparation
2011-05-28 19:06:34,2011-05-28 19:08:39,205,296346.57,296348.66,Meal_Preparation
2011-05-28 19:09:23,2011-05-28 19:14:32,205,296349.4,296354.54,Meal_Preparation
2011-05-28 19:14:38,2011-05-28 19:29:33,205,296354.65,296369.56,Relax
2011-05-28 19:31:04,2011-05-28 19:44:30,205,296371.07,296384.5,Relax
2011-05-28 19:48:37,2011-05-28 21:03:18,205,296388.63,296463.3,Relax
2011-05-28 21:08:50,2011-05-28 21:55:07,205,296468.85,296515.13,Relax
2011-05-28 22:04:28,2011-05-28 22:56:43,205,296524.47,296576.72,Relax
2011-05-28 22:59:04,2011-05-29 03:33:12,205,296579.07,296853.21,Sleeping
2011-05-29 03:33:19,2011-05-29 03:35:27,206,296853.32,296855.46,Bed_to_Toilet
2011-05-29 03:35:33,2011-05-29 06:45:46,206,296855.56,297045.77,Sleeping
2011-05-29 06:47:22,2011-05-29 06:53:18,206,297047.38,297053.3,Meal_Preparation
2011-05-29 07:01:16,2011-05-29 07:14:29,206,297061.27,297074.49,Relax
2011-05-29 07:19:58,2011-05-29 08:04:32,206,297079.97,297124.54,Relax
2011-05-29 08:05:48,2011-05-29 09:02:24,206,297125.81,297182.41,Relax
2011-05-29 10:15:36,2011-05-29 10:22:07,206,297255.61,297262.13,Meal_Preparation
2011-05-29 10:39:11,2011-05-29 10:39:15,206,297279.19,297279.26,Leave_Home
2011-05-29 12:09:40,2011-05-29 12:09:45,206,297369.67,297369.76,Enter_Home
2011-05-29 12:23:00,2011-05-29 12:45:01,206,297383.01,297405.02,Meal_Preparation
2011-05-29 12:47:39,2011-05-29 12:51:39,206,297407.66,297411.66,Meal_Preparation
2011-05-29 12:51:43,2011-05-29 13:20:24,206,297411.72,297440.4,Relax
2011-05-29 13:26:47,2011-05-29 13:26:51,206,297446.79,297446.86,Leave_Home
2011-05-29 13:30:12,2011-05-29 13:30:15,206,297450.2,297450.26,Enter_Home
2011-05-29 14:04:31,2011-05-29 14:04:37,206,297484.52,297484.63,Leave_Home
2011-05-29 14:27:51,2011-05-29 14:27:58,206,297507.86,297507.97,Enter_Home
2011-05-29 15:30:41,2011-05-29 17:27:01,206,297570.69,297687.03,Relax
2011-05-29 18:26:50,2011-05-29 18:53:08,206,297746.83,297773.14,Meal_Preparation
2011-05-29 18:53:59,2011-05-29 18:54:50,206,297773.99,297774.84,Meal_Preparation
2011-05-29 18:55:47,2011-05-29 19:30:16,206,297775.8,297810.27,Meal_Preparation
2011-05-29 19:57:31,2011-05-29 20:47:48,206,297837.53,297887.81,Relax
2011-05-29 20:53:51,2011-05-29 21:38:34,206,297893.86,297938.57,Relax
2011-05-29 22:08:45,2011-05-29 23:23:55,206,297968.76,298043.93,Relax
2011-05-29 23:28:20,2011-05-30 02:32:39,206,298048.34,298232.66,Sleeping
2011-05-30 02:32:47,2011-05-30 02:34:59,207,298232.79,298234.99,Bed_to_Toilet
2011-05-30 02:38:28,2011-05-30 06:07:24,207,298238.48,298447.41,Sleeping
2011-05-30 22:44:44,2011-05-31 04:01:03,207,299444.74,299761.06,Sleeping
2011-05-31 04:02:29,2011-05-31 04:04:31,208,299762.5,299764.53,Bed_to_Toilet
2011-05-31 04:04:58,2011-05-31 05:06:32,208,299764.98,299826.54,Sleeping
2011-05-31 05:26:13,2011-05-31 05:44:21,208,299846.23,299864.36,Relax
2011-05-31 05:45:06,2011-05-31 05:54:46,208,299865.1,299874.77,Relax
2011-05-31 06:03:55,2011-05-31 06:35:53,208,299883.93,299915.89,Relax
2011-05-31 06:53:36,2011-05-31 07:02:28,208,299933.6,299942.47,Meal_Preparation
2011-05-31 07:08:24,2011-05-31 07:13:37,208,299948.41,299953.62,Eating
2011-05-31 08:08:06,2011-05-31 08:23:32,208,300008.11,300023.55,Work
2011-05-31 08:23:36,2011-05-31 08:23:43,208,300023.61,300023.72,Leave_Home
2011-05-31 11:26:38,2011-05-31 11:26:45,208,300206.64,300206.76,Enter_Home
2011-05-31 11:42:41,2011-05-31 11:42:47,208,300222.68,300222.78,Leave_Home
2011-05-31 12:05:29,2011-05-31 12:05:44,208,300245.5,300245.73,Enter_Home
2011-05-31 12:14:47,2011-05-31 12:31:53,208,300254.79,300271.89,Relax
2011-05-31 12:35:51,2011-05-31 12:43:15,208,300275.86,300283.25,Relax
2011-05-31 12:44:02,2011-05-31 13:05:46,208,300284.03,300305.77,Relax
2011-05-31 13:11:37,2011-05-31 14:28:25,208,300311.63,300388.42,Relax
2011-05-31 14:30:38,2011-05-31 15:04:43,208,300390.64,300424.72,Relax
2011-05-31 15:27:44,2011-05-31 15:56:07,208,300447.74,300476.12,Relax
2011-05-31 16:30:35,2011-05-31 16:35:31,208,300510.59,300515.53,Meal_Preparation
2011-05-31 16:36:53,2011-05-31 16:47:24,208,300516.89,300527.4,Eating
2011-05-31 16:48:36,2011-05-31 16:51:55,208,300528.61,300531.92,Meal_Preparation
2011-05-31 16:53:43,2011-05-31 17:04:23,208,300533.73,300544.38,Eating
2011-05-31 17:04:10,2011-05-31 17:18:13,208,300544.18,300558.23,Meal_Preparation
2011-05-31 17:23:56,2011-05-31 17:35:03,208,300563.95,300575.05,Meal_Preparation
2011-05-31 17:38:42,2011-05-31 17:41:59,208,300578.7,300582.0,Meal_Preparation
2011-05-31 17:41:31,2011-05-31 18:20:02,208,300581.52,300620.04,Eating
2011-05-31 18:33:49,2011-05-31 21:44:58,208,300633.83,300824.98,Relax
2011-05-31 22:10:48,2011-06-01 05:39:47,208,300850.81,301299.8,Sleeping
2011-06-01 05:45:03,2011-06-01 05:55:55,209,301305.07,301315.93,Meal_Preparation
2011-06-01 05:58:09,2011-06-01 06:08:25,209,301318.16,301328.43,Relax
2011-06-01 06:15:05,2011-06-01 06:39:26,209,301335.08,301359.45,Relax
2011-06-01 06:59:36,2011-06-01 07:09:41,209,301379.61,301389.69,Meal_Preparation
2011-06-01 07:14:17,2011-06-01 07:20:48,209,301394.29,301400.8,Meal_Preparation
2011-06-01 07:46:04,2011-06-01 07:49:48,209,301426.07,301429.81,Meal_Preparation
2011-06-01 07:51:29,2011-06-01 08:06:06,209,301431.48,301446.11,Relax
2011-06-01 08:06:30,2011-06-01 08:09:43,209,301446.51,301449.72,Meal_Preparation
2011-06-01 08:09:51,2011-06-01 08:16:22,209,301449.87,301456.38,Eating
2011-06-01 09:12:32,2011-06-01 09:21:15,209,301512.54,301521.26,Relax
2011-06-01 09:23:15,2011-06-01 09:56:39,209,301523.26,301556.66,Relax
2011-06-01 11:28:18,2011-06-01 11:28:23,209,301648.31,301648.39,Leave_Home
2011-06-01 13:29:23,2011-06-01 13:29:28,209,301769.39,301769.48,Enter_Home
2011-06-01 13:32:34,2011-06-01 13:56:23,209,301772.57,301796.4,Meal_Preparation
2011-06-01 13:56:29,2011-06-01 14:18:28,209,301796.49,301818.47,Relax
2011-06-01 14:21:08,2011-06-01 14:57:15,209,301821.14,301857.26,Relax
2011-06-01 15:04:53,2011-06-01 16:07:00,209,301864.89,301927.01,Relax
2011-06-01 16:10:21,2011-06-01 18:35:44,209,301930.36,302075.74,Relax
2011-06-01 18:35:57,2011-06-01 18:41:10,209,302075.96,302081.18,Meal_Preparation
2011-06-01 18:41:30,2011-06-01 18:50:04,209,302081.52,302090.07,Relax
2011-06-01 18:55:35,2011-06-01 19:19:36,209,302095.6,302119.6,Relax
2011-06-01 19:26:53,2011-06-01 20:10:24,209,302126.89,302170.42,Relax
2011-06-01 20:11:26,2011-06-01 21:05:35,209,302171.45,302225.59,Relax
2011-06-01 21:20:10,2011-06-02 03:56:00,209,302240.17,302636.01,Sleeping
2011-06-02 03:56:11,2011-06-02 03:58:08,210,302636.19,302638.14,Bed_to_Toilet
2011-06-02 03:58:17,2011-06-02 05:54:57,210,302638.29,302754.95,Sleeping
2011-06-02 05:55:25,2011-06-02 06:00:49,210,302755.43,302760.82,Meal_Preparation
2011-06-02 06:07:19,2011-06-02 06:22:31,210,302767.32,302782.53,Relax
2011-06-02 06:29:58,2011-06-02 06:39:50,210,302789.98,302799.84,Meal_Preparation
2011-06-02 06:43:34,2011-06-02 06:55:41,210,302803.57,302815.68,Eating
2011-06-02 08:09:31,2011-06-02 08:09:35,210,302889.52,302889.6,Leave_Home
2011-06-02 11:41:07,2011-06-02 11:41:12,210,303101.13,303101.2,Enter_Home
2011-06-02 11:52:15,2011-06-02 11:53:57,210,303112.25,303113.96,Meal_Preparation
2011-06-02 11:57:47,2011-06-02 12:04:14,210,303117.79,303124.23,Meal_Preparation
2011-06-02 12:08:37,2011-06-02 12:14:40,210,303128.62,303134.67,Relax
2011-06-02 12:15:33,2011-06-02 13:06:24,210,303135.55,303186.4,Relax
2011-06-02 13:09:27,2011-06-02 14:04:27,210,303189.46,303244.46,Sleeping
2011-06-02 14:04:42,2011-06-02 14:30:58,210,303244.71,303270.97,Sleeping
2011-06-02 15:03:10,2011-06-02 16:10:57,210,303303.17,303370.96,Relax
2011-06-02 16:19:38,2011-06-02 16:19:43,210,303379.64,303379.72,Leave_Home
2011-06-02 16:57:30,2011-06-02 16:57:35,210,303417.51,303417.59,Enter_Home
2011-06-02 17:05:59,2011-06-02 17:16:38,210,303425.99,303436.64,Relax
2011-06-02 17:17:01,2011-06-02 17:17:05,210,303437.02,303437.09,Leave_Home
2011-06-02 17:21:49,2011-06-02 17:21:54,210,303441.83,303441.91,Enter_Home
2011-06-02 17:27:09,2011-06-02 17:47:04,210,303447.16,303467.08,Relax
2011-06-02 17:53:18,2011-06-02 18:05:32,210,303473.3,303485.54,Relax
2011-06-02 18:07:08,2011-06-02 18:58:10,210,303487.15,303538.18,Relax
2011-06-02 19:04:11,2011-06-02 20:05:00,210,303544.19,303605.02,Relax
2011-06-02 20:17:37,2011-06-02 21:23:48,210,303617.63,303683.8,Relax
2011-06-02 21:51:34,2011-06-02 21:56:09,210,303711.57,303716.17,Relax
2011-06-02 21:56:31,2011-06-02 22:35:24,210,303716.53,303755.41,Relax
2011-06-02 22:44:01,2011-06-03 02:50:27,210,303764.03,304010.46,Sleeping
2011-06-03 02:50:28,2011-06-03 02:53:20,211,304010.47,304013.34,Bed_to_Toilet
2011-06-03 02:53:36,2011-06-03 05:01:36,211,304013.6,304141.6,Sleeping
2011-06-03 05:02:36,2011-06-03 05:09:19,211,304142.61,304149.33,Meal_Preparation
2011-06-03 05:17:07,2011-06-03 05:37:36,211,304157.12,304177.61,Relax
2011-06-03 05:38:27,2011-06-03 05:56:45,211,304178.46,304196.76,Relax
2011-06-03 06:09:26,2011-06-03 06:52:36,211,304209.44,304252.61,Work
2011-06-03 08:22:50,2011-06-03 08:33:33,211,304342.84,304353.56,Meal_Preparation
2011-06-03 08:36:05,2011-06-03 08:42:45,211,304356.09,304362.76,Eating
2011-06-03 10:35:30,2011-06-03 10:35:36,211,304475.5,304475.6,Leave_Home
2011-06-03 11:09:15,2011-06-03 11:09:22,211,304509.27,304509.37,Enter_Home
2011-06-03 11:22:07,2011-06-03 11:34:59,211,304522.13,304534.99,Relax
2011-06-03 11:40:44,2011-06-03 11:40:49,211,304540.75,304540.83,Leave_Home
2011-06-03 14:49:45,2011-06-03 14:49:51,211,304729.77,304729.85,Enter_Home
2011-06-03 14:50:47,2011-06-03 14:58:19,211,304730.79,304738.33,Meal_Preparation
2011-06-03 14:59:07,2011-06-03 15:10:00,211,304739.13,304750.01,Relax
2011-06-03 15:11:24,2011-06-03 18:15:46,211,304751.41,304935.78,Relax
2011-06-03 18:16:08,2011-06-03 19:08:44,211,304936.13,304988.75,Meal_Preparation
2011-06-03 19:12:36,2011-06-03 19:35:44,211,304992.61,305015.73,Meal_Preparation
2011-06-03 19:35:46,2011-06-03 19:59:08,211,305015.77,305039.15,Relax
2011-06-03 20:02:38,2011-06-03 20:24:49,211,305042.65,305064.83,Relax
2011-06-03 20:27:08,2011-06-03 20:34:52,211,305067.13,305074.88,Relax
2011-06-03 20:38:10,2011-06-03 21:23:10,211,305078.18,305123.17,Relax
2011-06-03 21:27:19,2011-06-03 21:59:11,211,305127.32,305159.19,Relax
2011-06-03 22:02:36,2011-06-04 00:03:05,211,305162.61,305283.09,Relax
2011-06-04 00:13:50,2011-06-04 05:19:25,212,305293.85,305599.43,Sleeping
2011-06-04 05:19:47,2011-06-04 05:24:36,212,305599.79,305604.61,Meal_Preparation
2011-06-04 05:32:20,2011-06-04 06:13:11,212,305612.34,305653.2,Relax
2011-06-04 06:14:52,2011-06-04 07:01:12,212,305654.87,305701.21,Work
2011-06-04 07:54:01,2011-06-04 07:54:05,212,305754.02,305754.1,Leave_Home
2011-06-04 09:24:14,2011-06-04 09:24:18,212,305844.24,305844.32,Enter_Home
2011-06-04 09:34:15,2011-06-04 09:39:31,212,305854.26,305859.52,Meal_Preparation
2011-06-04 09:41:45,2011-06-04 09:49:43,212,305861.76,305869.73,Meal_Preparation
2011-06-04 09:49:52,2011-06-04 09:56:15,212,305869.88,305876.26,Relax
2011-06-04 09:58:03,2011-06-04 10:01:47,212,305878.06,305881.79,Meal_Preparation
2011-06-04 10:01:51,2011-06-04 10:09:13,212,305881.86,305889.23,Relax
2011-06-04 10:10:36,2011-06-04 10:33:29,212,305890.62,305913.49,Meal_Preparation
2011-06-04 10:33:33,2011-06-04 10:52:57,212,305913.56,305932.96,Relax
2011-06-04 11:06:10,2011-06-04 11:16:50,212,305946.17,305956.84,Relax
2011-06-04 11:34:22,2011-06-04 11:53:24,212,305974.37,305993.41,Relax
2011-06-04 11:54:09,2011-06-04 11:59:57,212,305994.15,305999.97,Meal_Preparation
2011-06-04 12:01:32,2011-06-04 12:01:36,212,306001.54,306001.61,Leave_Home
2011-06-04 13:25:00,2011-06-04 13:25:07,212,306085.0,306085.13,Enter_Home
2011-06-04 13:25:37,2011-06-04 13:30:09,212,306085.62,306090.15,Meal_Preparation
2011-06-04 13:32:38,2011-06-04 13:36:46,212,306092.64,306096.78,Meal_Preparation
2011-06-04 13:40:08,2011-06-04 13:42:22,212,306100.14,306102.37,Meal_Preparation
2011-06-04 13:48:58,2011-06-04 13:53:43,212,306108.97,306113.72,Meal_Preparation
2011-06-04 14:01:18,2011-06-04 15:08:00,212,306121.31,306188.02,Meal_Preparation
2011-06-04 15:09:55,2011-06-04 15:14:35,212,306189.92,306194.59,Meal_Preparation
2011-06-04 15:14:37,2011-06-04 15:24:14,212,306194.63,306204.24,Relax
2011-06-04 15:24:15,2011-06-04 15:33:40,212,306204.26,306213.68,Meal_Preparation
2011-06-04 15:33:46,2011-06-04 16:23:57,212,306213.78,306263.96,Relax
2011-06-04 16:24:04,2011-06-04 16:44:33,212,306264.07,306284.55,Meal_Preparation
2011-06-04 16:44:45,2011-06-04 17:07:47,212,306284.77,306307.78,Relax
2011-06-04 17:09:53,2011-06-04 17:45:12,212,306309.88,306345.2,Relax
2011-06-04 17:47:22,2011-06-04 17:59:11,212,306347.38,306359.19,Relax
2011-06-04 18:06:45,2011-06-04 18:10:12,212,306366.76,306370.21,Meal_Preparation
2011-06-04 18:10:50,2011-06-04 18:17:43,212,306370.84,306377.73,Meal_Preparation
2011-06-04 18:18:40,2011-06-04 18:24:29,212,306378.67,306384.5,Work
2011-06-04 18:32:03,2011-06-04 18:37:53,212,306392.05,306397.89,Relax
2011-06-04 18:49:13,2011-06-04 19:00:13,212,306409.23,306420.23,Relax
2011-06-04 19:00:46,2011-06-04 19:17:32,212,306420.77,306437.54,Relax
2011-06-04 19:18:57,2011-06-04 21:06:29,212,306438.96,306546.49,Relax
2011-06-04 21:09:53,2011-06-04 21:15:04,212,306549.89,306555.07,Meal_Preparation
2011-06-04 21:15:41,2011-06-04 21:48:41,212,306555.69,306588.69,Relax
2011-06-04 21:54:54,2011-06-04 21:59:14,212,306594.9,306599.25,Meal_Preparation
2011-06-04 22:07:14,2011-06-04 23:12:39,212,306607.24,306672.66,Relax
2011-06-04 23:16:40,2011-06-05 03:46:06,212,306676.67,306946.1,Sleeping
2011-06-05 03:46:10,2011-06-05 03:48:29,213,306946.17,306948.5,Bed_to_Toilet
2011-06-05 03:49:12,2011-06-05 05:47:24,213,306949.21,307067.41,Sleeping
2011-06-05 05:48:21,2011-06-05 05:55:10,213,307068.36,307075.18,Meal_Preparation
2011-06-05 06:04:26,2011-06-05 06:31:45,213,307084.43,307111.76,Relax
2011-06-05 06:32:38,2011-06-05 06:37:47,213,307112.65,307117.79,Relax
2011-06-05 06:38:08,2011-06-05 06:45:23,213,307118.14,307125.39,Relax
2011-06-05 06:46:20,2011-06-05 07:02:20,213,307126.34,307142.35,Relax
2011-06-05 07:30:59,2011-06-05 07:37:46,213,307170.99,307177.78,Relax
2011-06-05 09:01:55,2011-06-05 09:01:59,213,307261.92,307261.99,Leave_Home
2011-06-05 12:09:48,2011-06-05 12:09:52,213,307449.81,307449.88,Enter_Home
2011-06-05 12:22:53,2011-06-05 12:28:35,213,307462.9,307468.6,Relax
2011-06-05 12:35:33,2011-06-05 12:41:41,213,307475.56,307481.69,Relax
2011-06-05 12:42:28,2011-06-05 12:49:58,213,307482.48,307489.97,Relax
2011-06-05 12:52:00,2011-06-05 13:10:56,213,307492.01,307510.94,Relax
2011-06-05 13:12:07,2011-06-05 14:08:04,213,307512.13,307568.08,Relax
2011-06-05 14:09:27,2011-06-05 14:22:11,213,307569.47,307582.19,Relax
2011-06-05 15:00:48,2011-06-05 15:20:16,213,307620.81,307640.27,Relax
2011-06-05 15:43:09,2011-06-05 16:05:26,213,307663.15,307685.44,Relax
2011-06-05 16:07:35,2011-06-05 16:33:33,213,307687.59,307713.57,Relax
2011-06-05 16:35:13,2011-06-05 17:08:48,213,307715.22,307748.81,Relax
2011-06-05 17:11:48,2011-06-05 17:24:27,213,307751.8,307764.46,Meal_Preparation
2011-06-05 17:24:40,2011-06-05 17:39:06,213,307764.68,307779.1,Relax
2011-06-05 17:39:48,2011-06-05 18:11:58,213,307779.8,307811.98,Relax
2011-06-05 18:26:18,2011-06-05 18:42:19,213,307826.3,307842.33,Relax
2011-06-05 18:45:18,2011-06-05 19:39:50,213,307845.31,307899.84,Relax
2011-06-05 19:53:52,2011-06-05 20:19:26,213,307913.87,307939.44,Relax
2011-06-05 20:23:46,2011-06-05 21:33:10,213,307943.78,308013.17,Relax
2011-06-05 21:37:27,2011-06-06 01:38:24,213,308017.46,308258.42,Sleeping
2011-06-06 01:38:28,2011-06-06 01:41:39,214,308258.48,308261.66,Bed_to_Toilet
2011-06-06 01:42:04,2011-06-06 05:35:04,214,308262.07,308495.08,Sleeping
2011-06-06 05:47:11,2011-06-06 05:55:29,214,308507.2,308515.49,Meal_Preparation
2011-06-06 06:00:05,2011-06-06 06:58:27,214,308520.09,308578.46,Relax
2011-06-06 08:25:59,2011-06-06 08:53:47,214,308665.98,308693.8,Relax
2011-06-06 08:55:39,2011-06-06 09:04:09,214,308695.65,308704.15,Meal_Preparation
2011-06-06 09:05:23,2011-06-06 09:07:29,214,308705.39,308707.49,Meal_Preparation
2011-06-06 09:09:47,2011-06-06 09:15:03,214,308709.79,308715.07,Eating
2011-06-06 09:15:24,2011-06-06 09:42:16,214,308715.42,308742.28,Relax
2011-06-06 11:55:13,2011-06-06 12:04:19,214,308875.22,308884.33,Work
2011-06-06 12:08:11,2011-06-06 12:14:23,214,308888.2,308894.39,Relax
2011-06-06 12:51:43,2011-06-06 12:57:17,214,308931.73,308937.3,Relax
2011-06-06 12:58:21,2011-06-06 13:05:48,214,308938.35,308945.81,Relax
2011-06-06 13:06:24,2011-06-06 13:12:57,214,308946.41,308952.95,Relax
2011-06-06 13:14:09,2011-06-06 13:29:11,214,308954.17,308969.2,Relax
2011-06-06 13:30:22,2011-06-06 13:41:45,214,308970.38,308981.75,Relax
2011-06-06 13:45:23,2011-06-06 14:19:17,214,308985.39,309019.29,Relax
2011-06-06 14:37:52,2011-06-06 14:43:04,214,309037.88,309043.08,Relax
2011-06-06 14:43:10,2011-06-06 15:35:58,214,309043.18,309095.98,Relax
2011-06-06 15:43:07,2011-06-06 15:43:16,214,309103.13,309103.27,Leave_Home
2011-06-06 17:13:15,2011-06-06 17:13:20,214,309193.26,309193.33,Enter_Home
2011-06-06 17:13:26,2011-06-06 17:19:07,214,309193.45,309199.13,Eating
2011-06-06 17:23:20,2011-06-06 17:40:30,214,309203.34,309220.51,Meal_Preparation
2011-06-06 17:42:46,2011-06-06 17:52:02,214,309222.77,309232.04,Relax
2011-06-06 18:03:46,2011-06-06 18:06:49,214,309243.78,309246.83,Meal_Preparation
2011-06-06 18:15:50,2011-06-06 18:22:56,214,309255.84,309262.94,Meal_Preparation
2011-06-06 18:25:37,2011-06-06 18:33:27,214,309265.62,309273.46,Relax
2011-06-06 18:34:02,2011-06-06 18:41:09,214,309274.04,309281.17,Relax
2011-06-06 18:46:57,2011-06-06 18:59:04,214,309286.95,309299.08,Relax
2011-06-06 18:59:35,2011-06-06 19:28:50,214,309299.58,309328.84,Relax
2011-06-06 19:33:00,2011-06-06 20:42:39,214,309333.01,309402.66,Relax
2011-06-06 20:50:08,2011-06-06 21:02:03,214,309410.13,309422.06,Meal_Preparation
2011-06-06 21:03:22,2011-06-06 21:09:26,214,309423.38,309429.44,Relax
2011-06-06 21:10:14,2011-06-06 21:52:32,214,309430.24,309472.54,Relax
2011-06-06 22:17:02,2011-06-07 03:33:28,214,309497.04,309813.48,Sleeping
2011-06-07 03:33:43,2011-06-07 03:36:13,215,309813.72,309816.22,Bed_to_Toilet
2011-06-07 03:36:57,2011-06-07 05:29:13,215,309816.95,309929.22,Sleeping
2011-06-07 05:29:27,2011-06-07 05:34:29,215,309929.45,309934.48,Meal_Preparation
2011-06-07 05:44:24,2011-06-07 06:25:44,215,309944.41,309985.73,Relax
2011-06-07 07:16:33,2011-06-07 07:19:27,215,310036.57,310039.46,Meal_Preparation
2011-06-07 07:22:02,2011-06-07 07:29:21,215,310042.04,310049.35,Eating
2011-06-07 07:41:28,2011-06-07 07:41:33,215,310061.48,310061.56,Leave_Home
2011-06-07 07:44:57,2011-06-07 07:45:01,215,310064.95,310065.03,Enter_Home
2011-06-07 07:54:27,2011-06-07 07:54:35,215,310074.45,310074.59,Leave_Home
2011-06-07 11:36:40,2011-06-07 11:36:45,215,310296.68,310296.77,Enter_Home
2011-06-07 11:42:16,2011-06-07 11:42:22,215,310302.28,310302.37,Leave_Home
2011-06-07 12:55:51,2011-06-07 12:55:56,215,310375.86,310375.94,Enter_Home
2011-06-07 13:10:00,2011-06-07 13:15:16,215,310390.01,310395.27,Meal_Preparation
2011-06-07 13:18:43,2011-06-07 13:32:14,215,310398.72,310412.25,Relax
2011-06-07 13:33:00,2011-06-07 13:41:59,215,310413.01,310421.98,Relax
2011-06-07 13:44:53,2011-06-07 13:56:50,215,310424.89,310436.84,Relax
2011-06-07 14:00:22,2011-06-07 14:00:26,215,310440.37,310440.44,Leave_Home
2011-06-07 15:09:09,2011-06-07 15:09:28,215,310509.15,310509.47,Enter_Home
2011-06-07 15:19:37,2011-06-07 15:57:13,215,310519.62,310557.23,Relax
2011-06-07 16:22:34,2011-06-07 16:58:15,215,310582.58,310618.25,Relax
2011-06-07 16:59:45,2011-06-07 17:16:13,215,310619.76,310636.22,Meal_Preparation
2011-06-07 17:16:35,2011-06-07 17:44:15,215,310636.58,310664.26,Relax
2011-06-07 17:54:50,2011-06-07 17:59:35,215,310674.84,310679.6,Meal_Preparation
2011-06-07 17:59:53,2011-06-07 18:11:06,215,310679.9,310691.11,Relax
2011-06-07 18:13:00,2011-06-07 18:19:15,215,310693.01,310699.25,Meal_Preparation
2011-06-07 18:26:05,2011-06-07 18:26:12,215,310706.09,310706.21,Leave_Home
2011-06-07 18:53:40,2011-06-07 18:53:45,215,310733.68,310733.76,Enter_Home
2011-06-07 19:03:18,2011-06-07 19:48:31,215,310743.32,310788.52,Meal_Preparation
2011-06-07 19:48:40,2011-06-07 20:24:00,215,310788.67,310824.02,Relax
2011-06-07 20:33:18,2011-06-07 20:47:23,215,310833.31,310847.4,Relax
2011-06-07 20:49:07,2011-06-07 20:57:06,215,310849.13,310857.1,Relax
2011-06-07 20:58:06,2011-06-07 21:15:06,215,310858.11,310875.11,Relax
2011-06-07 21:19:17,2011-06-07 21:31:54,215,310879.3,310891.91,Relax
2011-06-07 21:32:30,2011-06-07 22:08:06,215,310892.51,310928.11,Relax
2011-06-07 22:17:03,2011-06-08 02:53:23,215,310937.05,311213.4,Sleeping
2011-06-08 02:53:30,2011-06-08 02:56:26,216,311213.51,311216.43,Bed_to_Toilet
2011-06-08 02:57:19,2011-06-08 05:07:51,216,311217.32,311347.86,Sleeping
2011-06-08 05:20:42,2011-06-08 05:32:16,216,311360.71,311372.28,Meal_Preparation
2011-06-08 05:37:11,2011-06-08 05:43:02,216,311377.19,311383.04,Relax
2011-06-08 05:59:55,2011-06-08 06:45:33,216,311399.93,311445.57,Relax
2011-06-08 06:49:25,2011-06-08 06:57:31,216,311449.43,311457.53,Meal_Preparation
2011-06-08 07:50:18,2011-06-08 07:53:32,216,311510.31,311513.54,Meal_Preparation
2011-06-08 07:55:44,2011-06-08 07:59:21,216,311515.75,311519.36,Meal_Preparation
2011-06-08 08:00:20,2011-06-08 08:04:13,216,311520.34,311524.22,Meal_Preparation
2011-06-08 08:09:27,2011-06-08 08:15:14,216,311529.46,311535.25,Eating
2011-06-08 08:16:06,2011-06-08 09:28:13,216,311536.11,311608.23,Relax
2011-06-08 09:31:07,2011-06-08 09:39:03,216,311611.13,311619.06,Relax
2011-06-08 10:10:43,2011-06-08 10:12:32,216,311650.72,311652.55,Work
2011-06-08 10:13:05,2011-06-08 10:18:44,216,311653.09,311658.75,Work
2011-06-08 10:24:46,2011-06-08 11:03:37,216,311664.78,311703.63,Relax
2011-06-08 11:17:01,2011-06-08 11:17:06,216,311717.03,311717.1,Leave_Home
2011-06-08 13:40:53,2011-06-08 13:40:58,216,311860.89,311860.97,Enter_Home
2011-06-08 14:11:42,2011-06-08 14:15:38,216,311891.71,311895.64,Meal_Preparation
2011-06-08 14:15:59,2011-06-08 14:30:01,216,311895.99,311910.02,Relax
2011-06-08 14:32:14,2011-06-08 15:26:30,216,311912.24,311966.5,Relax
2011-06-08 16:29:57,2011-06-08 16:30:02,216,312029.96,312030.04,Leave_Home
2011-06-08 16:34:38,2011-06-08 16:34:43,216,312034.64,312034.73,Enter_Home
2011-06-08 17:22:03,2011-06-08 17:28:34,216,312082.05,312088.58,Meal_Preparation
2011-06-08 17:28:43,2011-06-08 17:40:35,216,312088.72,312100.6,Relax
2011-06-08 17:40:38,2011-06-08 17:44:34,216,312100.64,312104.58,Meal_Preparation
2011-06-08 17:44:35,2011-06-08 18:44:44,216,312104.59,312164.74,Relax
2011-06-08 18:49:45,2011-06-08 19:02:35,216,312169.75,312182.6,Relax
2011-06-08 19:03:32,2011-06-08 19:08:42,216,312183.55,312188.71,Relax
2011-06-08 19:10:39,2011-06-08 19:18:02,216,312190.66,312198.05,Relax
2011-06-08 19:27:02,2011-06-08 19:31:48,216,312207.05,312211.81,Meal_Preparation
2011-06-08 19:33:58,2011-06-08 19:36:50,216,312213.98,312216.85,Meal_Preparation
2011-06-08 19:36:55,2011-06-08 19:47:56,216,312216.92,312227.94,Eating
2011-06-08 19:50:23,2011-06-08 20:04:03,216,312230.39,312244.05,Relax
2011-06-08 20:12:13,2011-06-08 20:24:37,216,312252.23,312264.63,Relax
2011-06-08 20:26:17,2011-06-08 21:05:54,216,312266.3,312305.91,Relax
2011-06-08 21:24:29,2011-06-09 02:04:41,216,312324.49,312604.69,Sleeping
2011-06-09 02:04:48,2011-06-09 02:09:26,217,312604.81,312609.45,Bed_to_Toilet
2011-06-09 02:09:32,2011-06-09 05:09:19,217,312609.53,312789.33,Sleeping
2011-06-09 05:15:42,2011-06-09 05:19:51,217,312795.7,312799.85,Meal_Preparation
2011-06-09 05:21:48,2011-06-09 05:25:27,217,312801.8,312805.45,Meal_Preparation
2011-06-09 05:28:26,2011-06-09 05:44:19,217,312808.45,312824.33,Relax
2011-06-09 05:45:28,2011-06-09 05:56:05,217,312825.48,312836.09,Relax
2011-06-09 06:02:53,2011-06-09 06:43:52,217,312842.89,312883.87,Relax
2011-06-09 07:21:55,2011-06-09 07:23:16,217,312921.93,312923.27,Meal_Preparation
2011-06-09 08:09:08,2011-06-09 08:09:12,217,312969.14,312969.21,Leave_Home
2011-06-09 11:37:54,2011-06-09 11:37:59,217,313177.92,313177.99,Enter_Home
2011-06-09 12:04:07,2011-06-09 12:39:58,217,313204.13,313239.97,Relax
2011-06-09 12:40:16,2011-06-09 13:54:44,217,313240.28,313314.73,Relax
2011-06-09 14:12:22,2011-06-09 14:12:27,217,313332.38,313332.46,Leave_Home
2011-06-09 14:53:49,2011-06-09 14:53:54,217,313373.83,313373.91,Enter_Home
2011-06-09 14:57:34,2011-06-09 15:07:07,217,313377.57,313387.13,Meal_Preparation
2011-06-09 15:23:58,2011-06-09 15:35:25,217,313403.97,313415.43,Relax
2011-06-09 16:03:54,2011-06-09 16:03:59,217,313443.91,313443.99,Leave_Home
2011-06-09 17:56:31,2011-06-09 17:56:36,217,313556.52,313556.61,Enter_Home
2011-06-09 18:11:26,2011-06-09 18:15:18,217,313571.44,313575.3,Meal_Preparation
2011-06-09 18:36:03,2011-06-09 18:36:07,217,313596.05,313596.13,Leave_Home
2011-06-09 21:17:51,2011-06-09 21:17:56,217,313757.85,313757.93,Enter_Home
2011-06-09 21:18:15,2011-06-09 21:18:20,217,313758.26,313758.34,Leave_Home
2011-06-09 21:21:35,2011-06-09 21:21:56,217,313761.59,313761.94,Enter_Home
2011-06-09 21:51:37,2011-06-09 23:27:46,217,313791.63,313887.77,Relax
2011-06-09 23:38:15,2011-06-10 05:24:34,217,313898.25,314244.57,Sleeping
2011-06-10 05:30:49,2011-06-10 05:46:41,218,314250.83,314266.69,Meal_Preparation
2011-06-10 05:47:18,2011-06-10 06:00:35,218,314267.31,314280.59,Relax
2011-06-10 06:04:44,2011-06-10 06:41:09,218,314284.74,314321.16,Relax
2011-06-10 07:43:30,2011-06-10 07:46:14,218,314383.52,314386.24,Meal_Preparation
2011-06-10 07:53:07,2011-06-10 08:05:54,218,314393.13,314405.91,Eating
2011-06-10 08:16:06,2011-06-10 08:23:42,218,314416.11,314423.7,Relax
2011-06-10 08:43:18,2011-06-10 08:43:22,218,314443.3,314443.38,Leave_Home
2011-06-10 10:02:01,2011-06-10 10:02:07,218,314522.03,314522.12,Enter_Home
2011-06-10 10:12:54,2011-06-10 10:13:01,218,314532.91,314533.03,Leave_Home
2011-06-10 15:45:55,2011-06-10 15:46:01,218,314865.93,314866.03,Enter_Home
2011-06-10 15:52:15,2011-06-10 16:08:32,218,314872.25,314888.55,Work
2011-06-10 16:17:04,2011-06-10 16:26:40,218,314897.08,314906.68,Relax
2011-06-10 16:49:45,2011-06-10 17:41:41,218,314929.75,314981.69,Relax
2011-06-10 17:43:20,2011-06-10 18:10:56,218,314983.33,315010.94,Relax
2011-06-10 18:18:51,2011-06-10 18:25:06,218,315018.86,315025.11,Meal_Preparation
2011-06-10 18:25:50,2011-06-10 18:32:34,218,315025.85,315032.58,Meal_Preparation
2011-06-10 18:34:27,2011-06-10 18:41:15,218,315034.47,315041.26,Meal_Preparation
2011-06-10 18:42:10,2011-06-10 18:54:54,218,315042.17,315054.9,Meal_Preparation
2011-06-10 18:55:56,2011-06-10 19:11:21,218,315055.94,315071.36,Meal_Preparation
2011-06-10 19:15:20,2011-06-10 19:18:36,218,315075.33,315078.61,Meal_Preparation
2011-06-10 19:21:32,2011-06-10 19:23:16,218,315081.54,315083.28,Meal_Preparation
2011-06-10 19:24:24,2011-06-10 19:28:38,218,315084.4,315088.64,Meal_Preparation
2011-06-10 19:29:21,2011-06-10 19:31:06,218,315089.36,315091.11,Meal_Preparation
2011-06-10 19:41:12,2011-06-10 19:46:05,218,315101.2,315106.09,Eating
2011-06-10 20:02:43,2011-06-10 22:05:13,218,315122.72,315245.22,Relax
2011-06-10 22:25:47,2011-06-10 23:10:55,218,315265.79,315310.93,Relax
2011-06-10 23:15:22,2011-06-11 05:13:30,218,315315.38,315673.51,Sleeping
2011-06-11 05:24:36,2011-06-11 05:37:42,219,315684.6,315697.71,Meal_Preparation
2011-06-11 05:39:34,2011-06-11 05:47:04,219,315699.58,315707.07,Relax
2011-06-11 05:49:08,2011-06-11 06:28:04,219,315709.14,315748.07,Relax
2011-06-11 06:49:29,2011-06-11 06:54:38,219,315769.49,315774.64,Meal_Preparation
2011-06-11 07:07:55,2011-06-11 08:41:22,219,315787.93,315881.37,Meal_Preparation
2011-06-11 09:03:36,2011-06-11 09:38:52,219,315903.62,315938.88,Relax
2011-06-11 09:53:54,2011-06-11 10:17:42,219,315953.91,315977.71,Meal_Preparation
2011-06-11 10:19:06,2011-06-11 10:38:05,219,315979.12,315998.09,Relax
2011-06-11 10:40:50,2011-06-11 11:55:02,219,316000.84,316075.04,Relax
2011-06-11 11:57:25,2011-06-11 12:02:30,219,316077.42,316082.5,Relax
2011-06-11 12:13:51,2011-06-11 12:22:51,219,316093.85,316102.85,Relax
2011-06-11 12:29:25,2011-06-11 13:25:13,219,316109.43,316165.23,Relax
2011-06-11 13:35:12,2011-06-11 13:42:10,219,316175.2,316182.18,Meal_Preparation
2011-06-11 13:49:11,2011-06-11 13:54:23,219,316189.19,316194.39,Eating
2011-06-11 13:56:03,2011-06-11 14:38:13,219,316196.06,316238.22,Relax
2011-06-11 14:58:25,2011-06-11 15:14:10,219,316258.42,316274.18,Relax
2011-06-11 15:24:50,2011-06-11 15:48:10,219,316284.84,316308.17,Relax
2011-06-11 15:59:31,2011-06-11 17:05:49,219,316319.52,316385.82,Relax
2011-06-11 17:09:22,2011-06-11 17:30:54,219,316389.38,316410.91,Relax
2011-06-11 17:41:24,2011-06-11 17:44:40,219,316421.41,316424.67,Work
2011-06-11 17:46:09,2011-06-11 17:47:23,219,316426.17,316427.4,Meal_Preparation
2011-06-11 17:48:41,2011-06-11 17:53:24,219,316428.7,316433.41,Meal_Preparation
2011-06-11 17:54:13,2011-06-11 17:57:50,219,316434.22,316437.84,Meal_Preparation
2011-06-11 17:58:01,2011-06-11 18:14:30,219,316438.02,316454.5,Relax
2011-06-11 18:17:06,2011-06-11 20:33:44,219,316457.11,316593.74,Relax
2011-06-11 20:51:40,2011-06-11 21:18:10,219,316611.68,316638.18,Relax
2011-06-11 21:18:58,2011-06-11 22:05:07,219,316638.98,316685.12,Relax
2011-06-11 22:10:29,2011-06-11 23:58:10,219,316690.5,316798.17,Sleeping
