t,stamp,phone_leena,keys_leena,wallet_leena,laptop_leena,charger_leena,backpack_leena,jacket_leena,headphones_leena,glasses_leena,notebook_leena,pen_leena,water_bottle_leena,lunchbox_leena,mug_leena,mug_shared_1,bowl_leena,plate_leena,pot_shared_1,pan_shared_1,book_leena,remote_shared_1,blanket_leena,yoga_mat_leena,laundry_basket_leena,towel_leena,vacuum_cleaner_shared_1,watering_can_leena,medication_bottle_leena,hairbrush_leena,makeup_kit_leena,suitcase_leena,umbrella_leena
0,d00 Mon 00:00,entry,entry,entry,kitchen,bedroom,kitchen,kitchen,kitchen,bedroom,kitchen,kitchen,kitchen,kitchen,kitchen,kitchen,kitchen,kitchen,kitchen,kitchen,living,living,living,living,bedroom,bathroom,entry,kitchen,bathroom,bathroom,bathroom,bedroom,entry
60,d00 Mon 01:00,entry,entry,entry,kitchen,bedroom,kitchen,kitchen,kitchen,bedroom,kitchen,kitchen,kitchen,kitchen,kitchen,kitchen,kitchen,kitchen,kitchen,kitchen,living,living,living,living,bedroom,bathroom,entry,kitchen,bathroom,bathroom,bathroom,bedroom,entry
120,d00 Mon 02:00,entry,entry,entry,kitchen,bedroom,kitchen,kitchen,kitchen,bedroom,kitchen,kitchen,kitchen,kitchen,kitchen,kitchen,kitchen,kitchen,kitchen,kitchen,living,living,living,living,bedroom,bathroom,entry,kitchen,bathroom,bathroom,bathroom,bedroom,entry
180,d00 Mon 03:00,entry,entry,entry,kitchen,bedroom,kitchen,kitchen,kitchen,bedroom,kitchen,kitchen,kitchen,kitchen,kitchen,kitchen,kitchen,kitchen,kitchen,kitchen,living,living,living,living,bedroom,bathroom,entry,kitchen,bathroom,bathroom,bathroom,bedroom,entry
240,d00 Mon 04:00,entry,entry,entry,kitchen,bedroom,kitchen,kitchen,kitchen,bedroom,kitchen,kitchen,kitchen,kitchen,kitchen,kitchen,kitchen,kitchen,kitchen,kitchen,living,living,living,living,bedroom,bathroom,entry,kitchen,bathroom,bathroom,bathroom,bedroom,entry
300,d00 Mon 05:00,entry,entry,entry,kitchen,bedroom,kitchen,kitchen,kitchen,bedroom,kitchen,kitchen,kitchen,kitchen,kitchen,kitchen,kitchen,kitchen,kitchen,kitchen,living,living,living,living,bedroom,bathroom,entry,kitchen,bathroom,bathroom,bathroom,bedroom,entry
360,d00 Mon 06:00,entry,entry,entry,kitchen,bedroom,kitchen,kitchen,kitchen,bedroom,kitchen,kitchen,kitchen,kitchen,kitchen,kitchen,kitchen,kitchen,kitchen,kitchen,living,living,living,living,bedroom,bathroom,entry,kitchen,bathroom,bathroom,bathroom,bedroom,entry
420,d00 Mon 07:00,entry,entry,entry,kitchen,bedroom,kitchen,kitchen,kitchen,bedroom,kitchen,kitchen,kitchen,kitchen,kitchen,kitchen,kitchen,kitchen,kitchen,kitchen,living,living,living,living,bedroom,bathroom,entry,kitchen,bathroom,bathroom,bathroom,bedroom,entry
480,d00 Mon 08:00,outside,outside,outside,outside,outside,outside,outside,outside,outside,outside,kitchen,outside,outside,kitchen,kitchen,kitchen,kitchen,kitchen,kitchen,living,living,living,living,bedroom,bathroom,entry,kitchen,bathroom,bathroom,outside,bedroom,outside
540,d00 Mon 09:00,outside,outside,outside,outside,outside,outside,outside,outside,outside,outside,kitchen,outside,outside,kitchen,kitchen,kitchen,kitchen,kitchen,kitchen,living,living,living,living,bedroom,bathroom,entry,kitchen,bathroom,bathroom,outside,bedroom,outside
600,d00 Mon 10:00,outside,outside,outside,outside,outside,outside,outside,outside,outside,outside,kitchen,outside,outside,kitchen,kitchen,kitchen,kitchen,kitchen,kitchen,living,living,living,living,bedroom,bathroom,entry,kitchen,bathroom,bathroom,outside,bedroom,outside
660,d00 Mon 11:00,outside,outside,outside,outside,outside,outside,outside,outside,outside,outside,kitchen,outside,outside,kitchen,kitchen,kitchen,kitchen,kitchen,kitchen,living,living,living,living,bedroom,bathroom,entry,kitchen,bathroom,bathroom,outside,bedroom,outside
720,d00 Mon 12:00,outside,outside,outside,outside,outside,outside,outside,outside,outside,outside,kitchen,outside,outside,kitchen,kitchen,kitchen,kitchen,kitchen,kitchen,living,living,living,living,bedroom,bathroom,entry,kitchen,bathroom,bathroom,outside,bedroom,outside
780,d00 Mon 13:00,outside,outside,outside,outside,outside,outside,outside,outside,outside,outside,kitchen,outside,outside,kitchen,kitchen,kitchen,kitchen,kitchen,kitchen,living,living,living,living,bedroom,bathroom,entry,kitchen,bathroom,bathroom,outside,bedroom,outside
840,d00 Mon 14:00,outside,outside,outside,outside,outside,outside,outside,outside,outside,outside,kitchen,outside,outside,kitchen,kitchen,kitchen,kitchen,kitchen,kitchen,living,living,living,living,bedroom,bathroom,entry,kitchen,bathroom,bathroom,outside,bedroom,outside
900,d00 Mon 15:00,entry,kitchen,kitchen,kitchen,bedroom,kitchen,kitchen,kitchen,bedroom,kitchen,kitchen,kitchen,kitchen,kitchen,kitchen,kitchen,kitchen,kitchen,kitchen,living,living,living,living,bedroom,bathroom,entry,kitchen,bathroom,bathroom,kitchen,bedroom,kitchen
960,d00 Mon 16:00,entry,kitchen,kitchen,kitchen,bedroom,kitchen,kitchen,kitchen,bedroom,kitchen,kitchen,kitchen,kitchen,kitchen,kitchen,kitchen,kitchen,kitchen,kitchen,living,living,living,living,bedroom,bathroom,entry,kitchen,bathroom,bathroom,kitchen,bedroom,kitchen
1020,d00 Mon 17:00,entry,kitchen,kitchen,kitchen,bedroom,kitchen,kitchen,kitchen,bedroom,kitchen,kitchen,kitchen,kitchen,kitchen,kitchen,kitchen,kitchen,kitchen,kitchen,living,living,living,living,bedroom,bathroom,entry,kitchen,bathroom,bathroom,kitchen,bedroom,kitchen
1080,d00 Mon 18:00,entry,kitchen,kitchen,kitchen,kitchen,kitchen,kitchen,kitchen,kitchen,kitchen,kitchen,kitchen,kitchen,kitchen,kitchen,kitchen,kitchen,kitchen,kitchen,living,living,living,living,bedroom,bathroom,entry,kitchen,bathroom,bathroom,kitchen,bedroom,kitchen
1140,d00 Mon 19:00,entry,kitchen,kitchen,kitchen,kitchen,kitchen,kitchen,kitchen,kitchen,kitchen,kitchen,kitchen,kitchen,kitchen,kitchen,kitchen,kitchen,kitchen,kitchen,living,living,living,living,bedroom,bathroom,entry,kitchen,bathroom,bathroom,kitchen,bedroom,kitchen
1200,d00 Mon 20:00,outside,outside,outside,kitchen,kitchen,kitchen,outside,kitchen,outside,kitchen,kitchen,kitchen,kitchen,kitchen,kitchen,kitchen,kitchen,kitchen,kitchen,living,living,living,living,bedroom,bathroom,entry,kitchen,bathroom,bathroom,kitchen,bedroom,outside
1260,d00 Mon 21:00,outside,outside,outside,kitchen,kitchen,kitchen,outside,kitchen,outside,kitchen,kitchen,kitchen,kitchen,kitchen,kitchen,kitchen,kitchen,kitchen,kitchen,living,living,living,living,bedroom,bathroom,entry,kitchen,bathroom,bathroom,kitchen,bedroom,outside
1320,d00 Mon 22:00,outside,outside,outside,kitchen,kitchen,kitchen,outside,kitchen,outside,kitchen,kitchen,kitchen,kitchen,kitchen,kitchen,kitchen,kitchen,kitchen,kitchen,living,living,living,living,bedroom,bathroom,entry,kitchen,bathroom,bathroom,kitchen,bedroom,outside
1380,d00 Mon 23:00,outside,outside,outside,kitchen,kitchen,kitchen,outside,kitchen,outside,kitchen,kitchen,kitchen,kitchen,kitchen,kitchen,kitchen,kitchen,kitchen,kitchen,living,living,living,living,bedroom,bathroom,entry,kitchen,bathroom,bathroom,kitchen,bedroom,outside
1440,d01 Tue 00:00,entry,entry,entry,kitchen,kitchen,kitchen,entry,kitchen,bedroom,kitchen,kitchen,kitchen,kitchen,kitchen,kitchen,kitchen,kitchen,kitchen,kitchen,living,living,living,living,bedroom,bathroom,entry,kitchen,bathroom,bathroom,kitchen,bedroom,entry
1500,d01 Tue 01:00,entry,entry,entry,kitchen,kitchen,kitchen,entry,kitchen,bedroom,kitchen,kitchen,kitchen,kitchen,kitchen,kitchen,kitchen,kitchen,kitchen,kitchen,living,living,living,living,bedroom,bathroom,entry,kitchen,bathroom,bathroom,kitchen,bedroom,entry
1560,d01 Tue 02:00,entry,entry,entry,kitchen,kitchen,kitchen,entry,kitchen,bedroom,kitchen,kitchen,kitchen,kitchen,kitchen,kitchen,kitchen,kitchen,kitchen,kitchen,living,living,living,living,bedroom,bathroom,entry,kitchen,bathroom,bathroom,kitchen,bedroom,entry
1620,d01 Tue 03:00,entry,entry,entry,kitchen,kitchen,kitchen,entry,kitchen,bedroom,kitchen,kitchen,kitchen,kitchen,kitchen,kitchen,kitchen,kitchen,kitchen,kitchen,living,living,living,living,bedroom,bathroom,entry,kitchen,bathroom,bathroom,kitchen,bedroom,entry
1680,d01 Tue 04:00,entry,entry,entry,kitchen,kitchen,kitchen,entry,kitchen,bedroom,kitchen,kitchen,kitchen,kitchen,kitchen,kitchen,kitchen,kitchen,kitchen,kitchen,living,living,living,living,bedroom,bathroom,entry,kitchen,bathroom,bathroom,kitchen,bedroom,entry
1740,d01 Tue 05:00,entry,entry,entry,kitchen,kitchen,kitchen,entry,kitchen,bedroom,kitchen,kitchen,kitchen,kitchen,kitchen,kitchen,kitchen,kitchen,kitchen,kitchen,living,living,living,living,bedroom,bathroom,entry,kitchen,bathroom,bathroom,kitchen,bedroom,entry
1800,d01 Tue 06:00,entry,entry,entry,kitchen,kitchen,kitchen,entry,kitchen,bedroom,kitchen,kitchen,kitchen,kitchen,kitchen,kitchen,kitchen,kitchen,kitchen,kitchen,living,living,living,living,bedroom,bathroom,entry,kitchen,bathroom,bathroom,kitchen,bedroom,entry
1860,d01 Tue 07:00,entry,entry,entry,kitchen,kitchen,kitchen,entry,kitchen,bedroom,kitchen,kitchen,kitchen,kitchen,kitchen,kitchen,kitchen,kitchen,kitchen,kitchen,living,living,living,living,bedroom,bathroom,entry,kitchen,bathroom,bathroom,kitchen,bedroom,entry
1920,d01 Tue 08:00,entry,entry,entry,kitchen,kitchen,kitchen,entry,kitchen,bedroom,kitchen,kitchen,kitchen,kitchen,kitchen,kitchen,kitchen,kitchen,kitchen,kitchen,living,living,living,living,bedroom,bathroom,entry,kitchen,bathroom,bathroom,bathroom,bedroom,entry
1980,d01 Tue 09:00,outside,outside,outside,outside,outside,outside,outside,outside,outside,outside,kitchen,outside,outside,kitchen,kitchen,kitchen,kitchen,kitchen,kitchen,living,living,living,living,bedroom,bathroom,entry,kitchen,bathroom,bathroom,outside,bedroom,outside
2040,d01 Tue 10:00,outside,outside,outside,outside,outside,outside,outside,outside,outside,outside,kitchen,outside,outside,kitchen,kitchen,kitchen,kitchen,kitchen,kitchen,living,living,living,living,bedroom,bathroom,entry,kitchen,bathroom,bathroom,outside,bedroom,outside
2100,d01 Tue 11:00,outside,outside,outside,outside,outside,outside,outside,outside,outside,outside,kitchen,outside,outside,kitchen,kitchen,kitchen,kitchen,kitchen,kitchen,living,living,living,living,bedroom,bathroom,entry,kitchen,bathroom,bathroom,outside,bedroom,outside
2160,d01 Tue 12:00,outside,outside,outside,outside,outside,outside,outside,outside,outside,outside,kitchen,outside,outside,kitchen,kitchen,kitchen,kitchen,kitchen,kitchen,living,living,living,living,bedroom,bathroom,entry,kitchen,bathroom,bathroom,outside,bedroom,outside
2220,d01 Tue 13:00,outside,outside,outside,outside,outside,outside,outside,outside,outside,outside,kitchen,outside,outside,kitchen,kitchen,kitchen,kitchen,kitchen,kitchen,living,living,living,living,bedroom,bathroom,entry,kitchen,bathroom,bathroom,outside,bedroom,outside
2280,d01 Tue 14:00,outside,outside,outside,outside,outside,outside,outside,outside,outside,outside,kitchen,outside,outside,kitchen,kitchen,kitchen,kitchen,kitchen,kitchen,living,living,living,living,bedroom,bathroom,entry,kitchen,bathroom,bathroom,outside,bedroom,outside
2340,d01 Tue 15:00,outside,outside,outside,outside,outside,outside,outside,outside,outside,outside,kitchen,outside,outside,kitchen,kitchen,kitchen,kitchen,kitchen,kitchen,living,living,living,living,bedroom,bathroom,entry,kitchen,bathroom,bathroom,outside,bedroom,outside
2400,d01 Tue 16:00,outside,entry,outside,kitchen,kitchen,outside,kitchen,kitchen,outside,kitchen,kitchen,kitchen,kitchen,kitchen,kitchen,kitchen,kitchen,kitchen,kitchen,living,living,living,living,bedroom,bathroom,entry,kitchen,bathroom,bathroom,bathroom,bedroom,kitchen
2460,d01 Tue 17:00,outside,entry,outside,kitchen,kitchen,outside,kitchen,kitchen,outside,kitchen,kitchen,kitchen,kitchen,kitchen,kitchen,kitchen,kitchen,kitchen,kitchen,living,living,living,living,bedroom,bathroom,entry,kitchen,bathroom,bathroom,bathroom,bedroom,kitchen
2520,d01 Tue 18:00,entry,entry,entry,kitchen,kitchen,kitchen,kitchen,kitchen,bedroom,kitchen,kitchen,kitchen,kitchen,kitchen,kitchen,kitchen,kitchen,kitchen,kitchen,living,living,living,living,bedroom,bathroom,entry,kitchen,bathroom,bathroom,bathroom,bedroom,kitchen
2580,d01 Tue 19:00,entry,entry,entry,kitchen,kitchen,kitchen,kitchen,kitchen,bedroom,kitchen,kitchen,kitchen,kitchen,kitchen,kitchen,kitchen,kitchen,kitchen,kitchen,living,living,living,living,bedroom,bathroom,entry,kitchen,bathroom,bathroom,bathroom,bedroom,kitchen
2640,d01 Tue 20:00,entry,entry,entry,kitchen,kitchen,kitchen,kitchen,kitchen,bedroom,kitchen,kitchen,kitchen,kitchen,kitchen,kitchen,kitchen,kitchen,kitchen,kitchen,living,living,living,living,bedroom,bathroom,entry,kitchen,bathroom,bathroom,bathroom,bedroom,kitchen
2700,d01 Tue 21:00,entry,entry,entry,kitchen,kitchen,kitchen,kitchen,kitchen,bedroom,kitchen,kitchen,kitchen,kitchen,kitchen,kitchen,kitchen,kitchen,kitchen,kitchen,living,living,living,living,bedroom,bathroom,entry,kitchen,bathroom,bathroom,bathroom,bedroom,kitchen
2760,d01 Tue 22:00,entry,entry,entry,kitchen,kitchen,kitchen,kitchen,kitchen,bedroom,kitchen,kitchen,kitchen,kitchen,kitchen,kitchen,kitchen,kitchen,kitchen,kitchen,living,living,living,living,bedroom,bathroom,entry,kitchen,bathroom,bathroom,bathroom,bedroom,kitchen
2820,d01 Tue 23:00,entry,entry,entry,kitchen,kitchen,kitchen,kitchen,kitchen,bedroom,kitchen,kitchen,kitchen,kitchen,kitchen,kitchen,kitchen,kitchen,kitchen,kitchen,living,living,living,living,bedroom,bathroom,entry,kitchen,bathroom,bathroom,bathroom,bedroom,kitchen
2880,d02 Wed 00:00,entry,entry,entry,kitchen,kitchen,kitchen,kitchen,kitchen,bedroom,kitchen,kitchen,kitchen,kitchen,kitchen,kitchen,kitchen,kitchen,kitchen,kitchen,living,living,living,living,bedroom,bathroom,entry,kitchen,bathroom,bathroom,bathroom,bedroom,kitchen
2940,d02 Wed 01:00,entry,entry,entry,kitchen,kitchen,kitchen,kitchen,kitchen,bedroom,kitchen,kitchen,kitchen,kitchen,kitchen,kitchen,kitchen,kitchen,kitchen,kitchen,living,living,living,living,bedroom,bathroom,entry,kitchen,bathroom,bathroom,bathroom,bedroom,kitchen
3000,d02 Wed 02:00,entry,entry,entry,kitchen,kitchen,kitchen,kitchen,kitchen,bedroom,kitchen,kitchen,kitchen,kitchen,kitchen,kitchen,kitchen,kitchen,kitchen,kitchen,living,living,living,living,bedroom,bathroom,entry,kitchen,bathroom,bathroom,bathroom,bedroom,kitchen
3060,d02 Wed 03:00,entry,entry,entry,kitchen,kitchen,kitchen,kitchen,kitchen,bedroom,kitchen,kitchen,kitchen,kitchen,kitchen,kitchen,kitchen,kitchen,kitchen,kitchen,living,living,living,living,bedroom,bathroom,entry,kitchen,bathroom,bathroom,bathroom,bedroom,kitchen
3120,d02 Wed 04:00,entry,entry,entry,kitchen,kitchen,kitchen,kitchen,kitchen,bedroom,kitchen,kitchen,kitchen,kitchen,kitchen,kitchen,kitchen,kitchen,kitchen,kitchen,living,living,living,living,bedroom,bathroom,entry,kitchen,bathroom,bathroom,bathroom,bedroom,kitchen
3180,d02 Wed 05:00,entry,entry,entry,kitchen,kitchen,kitchen,kitchen,kitchen,bedroom,kitchen,kitchen,kitchen,kitchen,kitchen,kitchen,kitchen,kitchen,kitchen,kitchen,living,living,living,living,bedroom,bathroom,entry,kitchen,bathroom,bathroom,bathroom,bedroom,kitchen
3240,d02 Wed 06:00,entry,entry,entry,kitchen,kitchen,kitchen,kitchen,kitchen,bedroom,kitchen,kitchen,kitchen,kitchen,kitchen,kitchen,kitchen,kitchen,kitchen,kitchen,living,living,living,living,bedroom,bathroom,entry,kitchen,bathroom,bathroom,bathroom,bedroom,kitchen
3300,d02 Wed 07:00,entry,entry,entry,kitchen,kitchen,kitchen,kitchen,kitchen,bedroom,kitchen,kitchen,kitchen,kitchen,kitchen,kitchen,kitchen,kitchen,kitchen,kitchen,living,living,living,living,bedroom,bathroom,entry,kitchen,bathroom,bathroom,bathroom,bedroom,kitchen
3360,d02 Wed 08:00,outside,outside,outside,outside,outside,outside,outside,outside,outside,outside,kitchen,outside,outside,kitchen,kitchen,kitchen,kitchen,kitchen,kitchen,living,living,living,living,bedroom,bathroom,entry,kitchen,bathroom,bathroom,outside,bedroom,outside
3420,d02 Wed 09:00,outside,outside,outside,outside,outside,outside,outside,outside,outside,outside,kitchen,outside,outside,kitchen,kitchen,kitchen,kitchen,kitchen,kitchen,living,living,living,living,bedroom,bathroom,entry,kitchen,bathroom,bathroom,outside,bedroom,outside
3480,d02 Wed 10:00,outside,outside,outside,outside,outside,outside,outside,outside,outside,outside,kitchen,outside,outside,kitchen,kitchen,kitchen,kitchen,kitchen,kitchen,living,living,living,living,bedroom,bathroom,entry,kitchen,bathroom,bathroom,outside,bedroom,outside
3540,d02 Wed 11:00,outside,outside,outside,outside,outside,outside,outside,outside,outside,outside,kitchen,outside,outside,kitchen,kitchen,kitchen,kitchen,kitchen,kitchen,living,living,living,living,bedroom,bathroom,entry,kitchen,bathroom,bathroom,outside,bedroom,outside
3600,d02 Wed 12:00,outside,outside,outside,outside,outside,outside,outside,outside,outside,outside,kitchen,outside,outside,kitchen,kitchen,kitchen,kitchen,kitchen,kitchen,living,living,living,living,bedroom,bathroom,entry,kitchen,bathroom,bathroom,outside,bedroom,outside
3660,d02 Wed 13:00,outside,outside,outside,outside,outside,outside,outside,outside,outside,outside,kitchen,outside,outside,kitchen,kitchen,kitchen,kitchen,kitchen,kitchen,living,living,living,living,bedroom,bathroom,entry,kitchen,bathroom,bathroom,outside,bedroom,outside
3720,d02 Wed 14:00,outside,outside,outside,outside,outside,outside,outside,outside,outside,outside,kitchen,outside,outside,kitchen,kitchen,kitchen,kitchen,kitchen,kitchen,living,living,living,living,bedroom,bathroom,entry,kitchen,bathroom,bathroom,outside,bedroom,outside
3780,d02 Wed 15:00,outside,outside,outside,outside,outside,outside,outside,outside,outside,outside,kitchen,outside,outside,kitchen,kitchen,kitchen,kitchen,kitchen,kitchen,living,living,living,living,bedroom,bathroom,entry,kitchen,bathroom,bathroom,outside,bedroom,outside
3840,d02 Wed 16:00,kitchen,entry,entry,kitchen,bedroom,kitchen,kitchen,kitchen,kitchen,kitchen,kitchen,kitchen,kitchen,kitchen,kitchen,kitchen,kitchen,kitchen,kitchen,bedroom,living,living,living,bedroom,bathroom,entry,kitchen,bathroom,bathroom,kitchen,bedroom,entry
3900,d02 Wed 17:00,kitchen,entry,entry,kitchen,bedroom,kitchen,kitchen,kitchen,kitchen,kitchen,kitchen,kitchen,kitchen,kitchen,kitchen,kitchen,kitchen,kitchen,kitchen,bedroom,living,living,living,bedroom,bathroom,entry,kitchen,bathroom,bathroom,kitchen,bedroom,entry
3960,d02 Wed 18:00,kitchen,entry,entry,kitchen,bedroom,kitchen,kitchen,kitchen,kitchen,kitchen,kitchen,kitchen,kitchen,living,kitchen,kitchen,kitchen,kitchen,kitchen,living,living,living,living,bedroom,bathroom,entry,kitchen,bathroom,bathroom,kitchen,bedroom,entry
4020,d02 Wed 19:00,kitchen,entry,entry,kitchen,bedroom,kitchen,kitchen,kitchen,living,kitchen,kitchen,bedroom,kitchen,kitchen,kitchen,kitchen,kitchen,kitchen,kitchen,living,living,living,living,bedroom,bathroom,entry,kitchen,bathroom,bathroom,kitchen,bedroom,entry
4080,d02 Wed 20:00,kitchen,entry,entry,kitchen,bedroom,kitchen,kitchen,kitchen,living,kitchen,kitchen,bedroom,kitchen,kitchen,kitchen,kitchen,kitchen,kitchen,kitchen,living,living,living,living,bedroom,bathroom,entry,kitchen,bathroom,bathroom,kitchen,bedroom,entry
4140,d02 Wed 21:00,kitchen,entry,entry,kitchen,bedroom,kitchen,kitchen,kitchen,living,kitchen,kitchen,bedroom,kitchen,kitchen,kitchen,kitchen,kitchen,kitchen,kitchen,living,living,living,living,bedroom,bathroom,entry,kitchen,bathroom,bathroom,kitchen,bedroom,entry
4200,d02 Wed 22:00,kitchen,entry,entry,kitchen,bedroom,kitchen,kitchen,kitchen,living,kitchen,kitchen,bedroom,kitchen,kitchen,kitchen,kitchen,kitchen,kitchen,kitchen,living,living,living,living,bedroom,bathroom,entry,kitchen,bathroom,bathroom,kitchen,bedroom,entry
4260,d02 Wed 23:00,kitchen,entry,entry,kitchen,bedroom,kitchen,kitchen,kitchen,living,kitchen,kitchen,bedroom,kitchen,kitchen,kitchen,kitchen,kitchen,kitchen,kitchen,living,living,living,living,bedroom,bathroom,entry,kitchen,bathroom,bathroom,kitchen,bedroom,entry
4320,d03 Thu 00:00,kitchen,entry,entry,kitchen,bedroom,kitchen,kitchen,kitchen,living,kitchen,kitchen,bedroom,kitchen,kitchen,kitchen,kitchen,kitchen,kitchen,kitchen,living,living,living,living,bedroom,bathroom,entry,kitchen,bathroom,bathroom,kitchen,bedroom,entry
4380,d03 Thu 01:00,kitchen,entry,entry,kitchen,bedroom,kitchen,kitchen,kitchen,living,kitchen,kitchen,bedroom,kitchen,kitchen,kitchen,kitchen,kitchen,kitchen,kitchen,living,living,living,living,bedroom,bathroom,entry,kitchen,bathroom,bathroom,kitchen,bedroom,entry
4440,d03 Thu 02:00,kitchen,entry,entry,kitchen,bedroom,kitchen,kitchen,kitchen,living,kitchen,kitchen,bedroom,kitchen,kitchen,kitchen,kitchen,kitchen,kitchen,kitchen,living,living,living,living,bedroom,bathroom,entry,kitchen,bathroom,bathroom,kitchen,bedroom,entry
4500,d03 Thu 03:00,kitchen,entry,entry,kitchen,bedroom,kitchen,kitchen,kitchen,living,kitchen,kitchen,bedroom,kitchen,kitchen,kitchen,kitchen,kitchen,kitchen,kitchen,living,living,living,living,bedroom,bathroom,entry,kitchen,bathroom,bathroom,kitchen,bedroom,entry
4560,d03 Thu 04:00,kitchen,entry,entry,kitchen,bedroom,kitchen,kitchen,kitchen,living,kitchen,kitchen,bedroom,kitchen,kitchen,kitchen,kitchen,kitchen,kitchen,kitchen,living,living,living,living,bedroom,bathroom,entry,kitchen,bathroom,bathroom,kitchen,bedroom,entry
4620,d03 Thu 05:00,kitchen,entry,entry,kitchen,bedroom,kitchen,kitchen,kitchen,living,kitchen,kitchen,bedroom,kitchen,kitchen,kitchen,kitchen,kitchen,kitchen,kitchen,living,living,living,living,bedroom,bathroom,entry,kitchen,bathroom,bathroom,kitchen,bedroom,entry
4680,d03 Thu 06:00,kitchen,entry,entry,kitchen,bedroom,kitchen,kitchen,kitchen,living,kitchen,kitchen,bedroom,kitchen,kitchen,kitchen,kitchen,kitchen,kitchen,kitchen,living,living,living,living,bedroom,bathroom,entry,kitchen,bathroom,bathroom,kitchen,bedroom,entry
4740,d03 Thu 07:00,kitchen,entry,entry,kitchen,bedroom,kitchen,kitchen,kitchen,living,kitchen,kitchen,bedroom,kitchen,kitchen,kitchen,kitchen,kitchen,kitchen,kitchen,living,living,living,living,bedroom,bathroom,entry,kitchen,bathroom,bathroom,kitchen,bedroom,entry
4800,d03 Thu 08:00,kitchen,entry,entry,kitchen,bedroom,kitchen,kitchen,kitchen,living,kitchen,kitchen,bedroom,kitchen,kitchen,kitchen,kitchen,kitchen,kitchen,kitchen,living,living,living,living,bedroom,bathroom,entry,kitchen,bedroom,bathroom,kitchen,bedroom,entry
4860,d03 Thu 09:00,kitchen,entry,entry,kitchen,bedroom,kitchen,kitchen,kitchen,living,kitchen,kitchen,bedroom,kitchen,kitchen,kitchen,kitchen,kitchen,kitchen,kitchen,living,living,living,living,bedroom,bathroom,entry,kitchen,bedroom,bathroom,kitchen,bedroom,entry
4920,d03 Thu 10:00,kitchen,entry,entry,living,bedroom,kitchen,kitchen,kitchen,kitchen,kitchen,kitchen,kitchen,kitchen,kitchen,kitchen,kitchen,kitchen,kitchen,kitchen,living,living,living,living,bedroom,bathroom,entry,kitchen,bedroom,bathroom,kitchen,bedroom,entry
4980,d03 Thu 11:00,kitchen,entry,entry,living,bedroom,kitchen,kitchen,kitchen,kitchen,kitchen,kitchen,kitchen,kitchen,kitchen,kitchen,kitchen,kitchen,kitchen,kitchen,living,living,living,living,bedroom,bathroom,entry,kitchen,bedroom,bathroom,kitchen,bedroom,entry
5040,d03 Thu 12:00,kitchen,entry,entry,bedroom,bedroom,kitchen,kitchen,kitchen,kitchen,kitchen,kitchen,kitchen,kitchen,kitchen,kitchen,kitchen,kitchen,kitchen,kitchen,bedroom,living,living,living,bedroom,bathroom,entry,kitchen,bedroom,bathroom,kitchen,bedroom,entry
5100,d03 Thu 13:00,kitchen,entry,entry,bedroom,bedroom,kitchen,kitchen,kitchen,kitchen,kitchen,kitchen,kitchen,kitchen,kitchen,kitchen,kitchen,kitchen,kitchen,kitchen,bedroom,living,living,living,bedroom,bathroom,entry,kitchen,bedroom,bathroom,kitchen,bedroom,entry
5160,d03 Thu 14:00,kitchen,entry,entry,kitchen,kitchen,kitchen,kitchen,bedroom,bedroom,kitchen,kitchen,kitchen,kitchen,kitchen,kitchen,kitchen,kitchen,kitchen,kitchen,bedroom,living,living,living,bedroom,bathroom,entry,kitchen,bedroom,bathroom,kitchen,bedroom,entry
5220,d03 Thu 15:00,kitchen,entry,entry,kitchen,kitchen,kitchen,kitchen,bedroom,bedroom,kitchen,kitchen,kitchen,kitchen,kitchen,kitchen,kitchen,kitchen,kitchen,kitchen,bedroom,living,living,living,bedroom,bathroom,entry,kitchen,bedroom,bathroom,kitchen,bedroom,entry
5280,d03 Thu 16:00,kitchen,entry,entry,kitchen,kitchen,kitchen,kitchen,bedroom,bedroom,kitchen,kitchen,kitchen,kitchen,kitchen,kitchen,kitchen,kitchen,kitchen,kitchen,bedroom,living,living,living,bedroom,bathroom,entry,kitchen,bedroom,bathroom,kitchen,bedroom,entry
5340,d03 Thu 17:00,kitchen,entry,entry,kitchen,kitchen,kitchen,kitchen,bedroom,bedroom,kitchen,kitchen,kitchen,kitchen,kitchen,kitchen,kitchen,kitchen,kitchen,kitchen,bedroom,living,living,living,bedroom,bathroom,entry,kitchen,bathroom,bathroom,kitchen,bedroom,entry
5400,d03 Thu 18:00,bedroom,entry,entry,kitchen,kitchen,kitchen,kitchen,bedroom,bedroom,kitchen,kitchen,kitchen,kitchen,kitchen,kitchen,kitchen,kitchen,kitchen,kitchen,bedroom,living,living,living,bedroom,bathroom,entry,kitchen,bedroom,bathroom,kitchen,bedroom,entry
5460,d03 Thu 19:00,bedroom,entry,entry,kitchen,kitchen,kitchen,kitchen,bedroom,bedroom,kitchen,kitchen,kitchen,kitchen,kitchen,kitchen,kitchen,kitchen,kitchen,kitchen,bedroom,living,living,living,bedroom,bathroom,entry,kitchen,bedroom,bathroom,kitchen,bedroom,entry
5520,d03 Thu 20:00,bedroom,entry,entry,kitchen,kitchen,kitchen,kitchen,bedroom,bedroom,kitchen,kitchen,kitchen,kitchen,kitchen,kitchen,kitchen,kitchen,kitchen,kitchen,bedroom,living,living,living,bedroom,bathroom,entry,kitchen,bedroom,bathroom,kitchen,bedroom,entry
5580,d03 Thu 21:00,bedroom,entry,entry,kitchen,kitchen,kitchen,kitchen,bedroom,bedroom,kitchen,kitchen,kitchen,kitchen,kitchen,kitchen,kitchen,kitchen,kitchen,kitchen,bedroom,living,living,living,bedroom,bathroom,entry,kitchen,bedroom,bathroom,kitchen,bedroom,entry
5640,d03 Thu 22:00,bedroom,entry,entry,kitchen,kitchen,kitchen,kitchen,bedroom,bedroom,kitchen,kitchen,kitchen,kitchen,kitchen,kitchen,kitchen,kitchen,kitchen,kitchen,bedroom,living,living,living,bedroom,bathroom,entry,kitchen,bedroom,bathroom,kitchen,bedroom,entry
5700,d03 Thu 23:00,bedroom,entry,entry,kitchen,kitchen,kitchen,kitchen,bedroom,bedroom,kitchen,kitchen,kitchen,kitchen,kitchen,kitchen,kitchen,kitchen,kitchen,kitchen,bedroom,living,living,living,bedroom,bathroom,entry,kitchen,bedroom,bathroom,kitchen,bedroom,entry
5760,d04 Fri 00:00,bedroom,entry,entry,kitchen,kitchen,kitchen,kitchen,bedroom,bedroom,kitchen,kitchen,kitchen,kitchen,kitchen,kitchen,kitchen,kitchen,kitchen,kitchen,bedroom,living,living,living,bedroom,bathroom,entry,kitchen,bedroom,bathroom,kitchen,bedroom,entry
5820,d04 Fri 01:00,bedroom,entry,entry,kitchen,kitchen,kitchen,kitchen,bedroom,bedroom,kitchen,kitchen,kitchen,kitchen,kitchen,kitchen,kitchen,kitchen,kitchen,kitchen,bedroom,living,living,living,bedroom,bathroom,entry,kitchen,bedroom,bathroom,kitchen,bedroom,entry
5880,d04 Fri 02:00,bedroom,entry,entry,kitchen,kitchen,kitchen,kitchen,bedroom,bedroom,kitchen,kitchen,kitchen,kitchen,kitchen,kitchen,kitchen,kitchen,kitchen,kitchen,bedroom,living,living,living,bedroom,bathroom,entry,kitchen,bedroom,bathroom,kitchen,bedroom,entry
5940,d04 Fri 03:00,bedroom,entry,entry,kitchen,kitchen,kitchen,kitchen,bedroom,bedroom,kitchen,kitchen,kitchen,kitchen,kitchen,kitchen,kitchen,kitchen,kitchen,kitchen,bedroom,living,living,living,bedroom,bathroom,entry,kitchen,bedroom,bathroom,kitchen,bedroom,entry
6000,d04 Fri 04:00,bedroom,entry,entry,kitchen,kitchen,kitchen,kitchen,bedroom,bedroom,kitchen,kitchen,kitchen,kitchen,kitchen,kitchen,kitchen,kitchen,kitchen,kitchen,bedroom,living,living,living,bedroom,bathroom,entry,kitchen,bedroom,bathroom,kitchen,bedroom,entry
6060,d04 Fri 05:00,bedroom,entry,entry,kitchen,kitchen,kitchen,kitchen,bedroom,bedroom,kitchen,kitchen,kitchen,kitchen,kitchen,kitchen,kitchen,kitchen,kitchen,kitchen,bedroom,living,living,living,bedroom,bathroom,entry,kitchen,bedroom,bathroom,kitchen,bedroom,entry
6120,d04 Fri 06:00,bedroom,entry,entry,kitchen,kitchen,kitchen,kitchen,bedroom,bedroom,kitchen,kitchen,kitchen,kitchen,kitchen,kitchen,kitchen,kitchen,kitchen,kitchen,bedroom,living,living,living,bedroom,bathroom,entry,kitchen,bedroom,bathroom,kitchen,bedroom,entry
6180,d04 Fri 07:00,bedroom,entry,entry,kitchen,kitchen,kitchen,kitchen,bedroom,bedroom,kitchen,kitchen,kitchen,kitchen,kitchen,kitchen,kitchen,kitchen,kitchen,kitchen,bedroom,living,living,living,bedroom,bathroom,entry,kitchen,bedroom,bathroom,kitchen,bedroom,entry
6240,d04 Fri 08:00,bedroom,entry,entry,kitchen,kitchen,kitchen,kitchen,bedroom,bedroom,kitchen,kitchen,kitchen,kitchen,kitchen,kitchen,kitchen,kitchen,kitchen,kitchen,bedroom,living,living,living,bedroom,bathroom,entry,kitchen,bathroom,bathroom,kitchen,bedroom,entry
6300,d04 Fri 09:00,bedroom,entry,entry,kitchen,kitchen,kitchen,kitchen,bedroom,bedroom,kitchen,kitchen,kitchen,kitchen,kitchen,kitchen,kitchen,kitchen,kitchen,kitchen,bedroom,living,living,living,bedroom,bathroom,entry,kitchen,bathroom,bathroom,kitchen,bedroom,entry
6360,d04 Fri 10:00,bedroom,entry,entry,kitchen,kitchen,kitchen,kitchen,bedroom,bedroom,kitchen,kitchen,kitchen,kitchen,kitchen,kitchen,kitchen,kitchen,kitchen,kitchen,bedroom,living,living,living,bedroom,bathroom,entry,kitchen,bathroom,bathroom,kitchen,bedroom,entry
6420,d04 Fri 11:00,bedroom,entry,entry,kitchen,kitchen,kitchen,kitchen,kitchen,kitchen,kitchen,kitchen,kitchen,kitchen,kitchen,kitchen,kitchen,kitchen,kitchen,kitchen,bedroom,living,living,living,bedroom,bathroom,entry,kitchen,bathroom,bathroom,kitchen,bedroom,entry
6480,d04 Fri 12:00,bedroom,entry,entry,kitchen,kitchen,kitchen,kitchen,kitchen,kitchen,kitchen,kitchen,kitchen,kitchen,kitchen,kitchen,kitchen,kitchen,kitchen,kitchen,bedroom,living,living,living,bedroom,bathroom,entry,kitchen,bathroom,bathroom,kitchen,bedroom,entry
6540,d04 Fri 13:00,bedroom,entry,entry,kitchen,kitchen,kitchen,kitchen,kitchen,kitchen,kitchen,kitchen,kitchen,kitchen,kitchen,kitchen,kitchen,kitchen,kitchen,kitchen,bedroom,living,living,living,bedroom,bathroom,entry,kitchen,bathroom,bathroom,kitchen,bedroom,entry
6600,d04 Fri 14:00,bedroom,entry,entry,kitchen,kitchen,kitchen,kitchen,kitchen,kitchen,kitchen,kitchen,kitchen,kitchen,kitchen,kitchen,kitchen,kitchen,kitchen,kitchen,bedroom,living,living,living,bedroom,bathroom,entry,kitchen,bathroom,bathroom,kitchen,bedroom,entry
6660,d04 Fri 15:00,bedroom,entry,entry,kitchen,kitchen,kitchen,kitchen,kitchen,kitchen,kitchen,kitchen,kitchen,kitchen,kitchen,kitchen,kitchen,kitchen,kitchen,kitchen,bedroom,living,living,living,bedroom,bathroom,entry,kitchen,bathroom,bathroom,kitchen,bedroom,entry
6720,d04 Fri 16:00,outside,outside,outside,kitchen,kitchen,kitchen,outside,kitchen,outside,kitchen,kitchen,kitchen,kitchen,kitchen,kitchen,kitchen,kitchen,kitchen,kitchen,kitchen,living,living,living,bedroom,bathroom,entry,kitchen,bathroom,bathroom,kitchen,bedroom,outside
6780,d04 Fri 17:00,kitchen,entry,kitchen,kitchen,kitchen,kitchen,kitchen,kitchen,bedroom,kitchen,kitchen,kitchen,kitchen,kitchen,kitchen,kitchen,kitchen,kitchen,kitchen,kitchen,living,living,living,bedroom,bathroom,entry,kitchen,bathroom,bathroom,kitchen,bedroom,entry
6840,d04 Fri 18:00,kitchen,entry,kitchen,kitchen,kitchen,kitchen,kitchen,kitchen,bedroom,kitchen,kitchen,kitchen,kitchen,kitchen,kitchen,kitchen,kitchen,kitchen,kitchen,kitchen,living,living,living,bedroom,bathroom,entry,kitchen,bathroom,bathroom,kitchen,bedroom,entry
6900,d04 Fri 19:00,kitchen,entry,kitchen,kitchen,kitchen,kitchen,kitchen,kitchen,bedroom,kitchen,kitchen,bedroom,kitchen,living,kitchen,kitchen,kitchen,kitchen,kitchen,living,living,living,living,bedroom,bathroom,entry,kitchen,bathroom,bathroom,kitchen,bedroom,entry
6960,d04 Fri 20:00,kitchen,entry,kitchen,kitchen,kitchen,kitchen,kitchen,kitchen,bedroom,kitchen,kitchen,bedroom,kitchen,living,kitchen,kitchen,kitchen,kitchen,kitchen,living,living,living,living,bedroom,bathroom,entry,kitchen,bathroom,bathroom,kitchen,bedroom,entry
7020,d04 Fri 21:00,kitchen,entry,kitchen,kitchen,kitchen,kitchen,kitchen,kitchen,bedroom,kitchen,kitchen,bedroom,kitchen,living,kitchen,kitchen,kitchen,kitchen,kitchen,living,living,living,living,bedroom,bathroom,entry,kitchen,bathroom,bathroom,kitchen,bedroom,entry
7080,d04 Fri 22:00,kitchen,entry,kitchen,kitchen,kitchen,kitchen,kitchen,kitchen,bedroom,kitchen,kitchen,bedroom,kitchen,living,kitchen,kitchen,kitchen,kitchen,kitchen,living,living,living,living,bedroom,bathroom,entry,kitchen,bathroom,bathroom,kitchen,bedroom,entry
7140,d04 Fri 23:00,kitchen,entry,kitchen,kitchen,kitchen,kitchen,kitchen,kitchen,bedroom,kitchen,kitchen,bedroom,kitchen,living,kitchen,kitchen,kitchen,kitchen,kitchen,living,living,living,living,bedroom,bathroom,entry,kitchen,bathroom,bathroom,kitchen,bedroom,entry
7200,d05 Sat 00:00,kitchen,entry,kitchen,kitchen,kitchen,kitchen,kitchen,kitchen,bedroom,kitchen,kitchen,bedroom,kitchen,living,kitchen,kitchen,kitchen,kitchen,kitchen,living,living,living,living,bedroom,bathroom,entry,kitchen,bathroom,bathroom,kitchen,bedroom,entry
7260,d05 Sat 01:00,kitchen,entry,kitchen,kitchen,kitchen,kitchen,kitchen,kitchen,bedroom,kitchen,kitchen,bedroom,kitchen,living,kitchen,kitchen,kitchen,kitchen,kitchen,living,living,living,living,bedroom,bathroom,entry,kitchen,bathroom,bathroom,kitchen,bedroom,entry
7320,d05 Sat 02:00,kitchen,entry,kitchen,kitchen,kitchen,kitchen,kitchen,kitchen,bedroom,kitchen,kitchen,bedroom,kitchen,living,kitchen,kitchen,kitchen,kitchen,kitchen,living,living,living,living,bedroom,bathroom,entry,kitchen,bathroom,bathroom,kitchen,bedroom,entry
7380,d05 Sat 03:00,kitchen,entry,kitchen,kitchen,kitchen,kitchen,kitchen,kitchen,bedroom,kitchen,kitchen,bedroom,kitchen,living,kitchen,kitchen,kitchen,kitchen,kitchen,living,living,living,living,bedroom,bathroom,entry,kitchen,bathroom,bathroom,kitchen,bedroom,entry
7440,d05 Sat 04:00,kitchen,entry,kitchen,kitchen,kitchen,kitchen,kitchen,kitchen,bedroom,kitchen,kitchen,bedroom,kitchen,living,kitchen,kitchen,kitchen,kitchen,kitchen,living,living,living,living,bedroom,bathroom,entry,kitchen,bathroom,bathroom,kitchen,bedroom,entry
7500,d05 Sat 05:00,kitchen,entry,kitchen,kitchen,kitchen,kitchen,kitchen,kitchen,bedroom,kitchen,kitchen,bedroom,kitchen,living,kitchen,kitchen,kitchen,kitchen,kitchen,living,living,living,living,bedroom,bathroom,entry,kitchen,bathroom,bathroom,kitchen,bedroom,entry
7560,d05 Sat 06:00,kitchen,entry,kitchen,kitchen,kitchen,kitchen,kitchen,kitchen,bedroom,kitchen,kitchen,bedroom,kitchen,living,kitchen,kitchen,kitchen,kitchen,kitchen,living,living,living,living,bedroom,bathroom,entry,kitchen,bathroom,bathroom,kitchen,bedroom,entry
7620,d05 Sat 07:00,kitchen,entry,kitchen,kitchen,kitchen,kitchen,kitchen,kitchen,bedroom,kitchen,kitchen,bedroom,kitchen,living,kitchen,kitchen,kitchen,kitchen,kitchen,living,living,living,living,bedroom,bathroom,entry,kitchen,bathroom,bathroom,kitchen,bedroom,entry
7680,d05 Sat 08:00,kitchen,entry,kitchen,kitchen,kitchen,kitchen,kitchen,kitchen,bedroom,kitchen,kitchen,bedroom,kitchen,kitchen,kitchen,kitchen,kitchen,kitchen,kitchen,living,living,living,living,bedroom,bedroom,entry,kitchen,bathroom,bathroom,kitchen,bedroom,entry
7740,d05 Sat 09:00,outside,outside,outside,kitchen,kitchen,outside,bedroom,kitchen,outside,kitchen,kitchen,bedroom,kitchen,kitchen,kitchen,kitchen,kitchen,kitchen,kitchen,living,living,kitchen,living,bedroom,bathroom,entry,kitchen,bathroom,bathroom,kitchen,bedroom,kitchen
7800,d05 Sat 10:00,outside,outside,outside,kitchen,kitchen,outside,bedroom,kitchen,outside,kitchen,kitchen,bedroom,kitchen,kitchen,kitchen,kitchen,kitchen,kitchen,kitchen,living,living,kitchen,living,bedroom,bathroom,entry,kitchen,bathroom,bathroom,kitchen,bedroom,kitchen
7860,d05 Sat 11:00,entry,kitchen,entry,kitchen,kitchen,entry,bedroom,kitchen,bedroom,kitchen,kitchen,bedroom,kitchen,kitchen,kitchen,kitchen,kitchen,kitchen,kitchen,living,living,kitchen,living,bedroom,bathroom,entry,kitchen,bathroom,bathroom,kitchen,bedroom,kitchen
7920,d05 Sat 12:00,entry,kitchen,entry,kitchen,kitchen,entry,bedroom,kitchen,bedroom,kitchen,kitchen,bedroom,kitchen,kitchen,kitchen,kitchen,kitchen,kitchen,kitchen,living,living,kitchen,living,bedroom,bathroom,entry,kitchen,bathroom,bathroom,kitchen,bedroom,kitchen
7980,d05 Sat 13:00,entry,kitchen,entry,kitchen,kitchen,entry,bedroom,kitchen,bedroom,kitchen,kitchen,bedroom,kitchen,kitchen,kitchen,kitchen,kitchen,kitchen,kitchen,living,living,kitchen,living,bedroom,bathroom,entry,kitchen,bathroom,bathroom,kitchen,bedroom,kitchen
8040,d05 Sat 14:00,living,living,entry,kitchen,kitchen,entry,entry,kitchen,bedroom,kitchen,kitchen,bedroom,kitchen,kitchen,kitchen,kitchen,kitchen,kitchen,kitchen,living,living,kitchen,living,bedroom,bathroom,entry,kitchen,bathroom,bathroom,kitchen,bedroom,entry
8100,d05 Sat 15:00,living,living,entry,kitchen,kitchen,entry,entry,kitchen,bedroom,kitchen,kitchen,bedroom,kitchen,kitchen,kitchen,kitchen,kitchen,kitchen,kitchen,living,living,kitchen,living,bedroom,bathroom,entry,kitchen,bathroom,bathroom,kitchen,bedroom,entry
8160,d05 Sat 16:00,living,living,entry,kitchen,kitchen,entry,entry,kitchen,bedroom,kitchen,kitchen,bedroom,kitchen,living,kitchen,kitchen,kitchen,kitchen,kitchen,living,living,living,living,bedroom,bathroom,entry,kitchen,bathroom,bathroom,kitchen,bedroom,entry
8220,d05 Sat 17:00,living,living,entry,kitchen,kitchen,entry,entry,kitchen,living,kitchen,kitchen,living,kitchen,living,kitchen,kitchen,kitchen,kitchen,kitchen,bedroom,living,living,living,bedroom,bathroom,entry,kitchen,bathroom,bathroom,kitchen,bedroom,entry
8280,d05 Sat 18:00,living,living,entry,kitchen,kitchen,entry,entry,kitchen,living,kitchen,kitchen,living,kitchen,living,kitchen,kitchen,kitchen,kitchen,kitchen,bedroom,living,living,living,bedroom,bathroom,entry,kitchen,bathroom,bathroom,kitchen,bedroom,entry
8340,d05 Sat 19:00,living,living,entry,kitchen,kitchen,entry,entry,kitchen,living,kitchen,kitchen,living,kitchen,living,kitchen,kitchen,kitchen,kitchen,kitchen,bedroom,living,living,living,bedroom,bathroom,entry,kitchen,bathroom,bathroom,kitchen,bedroom,entry
8400,d05 Sat 20:00,living,living,entry,kitchen,kitchen,entry,entry,kitchen,living,kitchen,kitchen,living,kitchen,living,kitchen,kitchen,kitchen,kitchen,kitchen,bedroom,living,living,living,bedroom,bathroom,entry,kitchen,bathroom,bathroom,kitchen,bedroom,entry
8460,d05 Sat 21:00,living,living,entry,kitchen,kitchen,entry,entry,kitchen,living,kitchen,kitchen,living,kitchen,living,kitchen,kitchen,kitchen,kitchen,kitchen,bedroom,living,living,living,bedroom,bathroom,entry,kitchen,bathroom,bathroom,kitchen,bedroom,entry
8520,d05 Sat 22:00,living,living,entry,kitchen,kitchen,entry,entry,kitchen,living,kitchen,kitchen,living,kitchen,living,kitchen,kitchen,kitchen,kitchen,kitchen,bedroom,living,living,living,bedroom,bathroom,entry,kitchen,bathroom,bathroom,kitchen,bedroom,entry
8580,d05 Sat 23:00,living,living,entry,kitchen,kitchen,entry,entry,kitchen,living,kitchen,kitchen,living,kitchen,living,kitchen,kitchen,kitchen,kitchen,kitchen,bedroom,living,living,living,bedroom,bathroom,entry,kitchen,bathroom,bathroom,kitchen,bedroom,entry
8640,d06 Sun 00:00,living,living,entry,kitchen,kitchen,entry,entry,kitchen,living,kitchen,kitchen,living,kitchen,living,kitchen,kitchen,kitchen,kitchen,kitchen,bedroom,living,living,living,bedroom,bathroom,entry,kitchen,bathroom,bathroom,kitchen,bedroom,entry
8700,d06 Sun 01:00,living,living,entry,kitchen,kitchen,entry,entry,kitchen,living,kitchen,kitchen,living,kitchen,living,kitchen,kitchen,kitchen,kitchen,kitchen,bedroom,living,living,living,bedroom,bathroom,entry,kitchen,bathroom,bathroom,kitchen,bedroom,entry
8760,d06 Sun 02:00,living,living,entry,kitchen,kitchen,entry,entry,kitchen,living,kitchen,kitchen,living,kitchen,living,kitchen,kitchen,kitchen,kitchen,kitchen,bedroom,living,living,living,bedroom,bathroom,entry,kitchen,bathroom,bathroom,kitchen,bedroom,entry
8820,d06 Sun 03:00,living,living,entry,kitchen,kitchen,entry,entry,kitchen,living,kitchen,kitchen,living,kitchen,living,kitchen,kitchen,kitchen,kitchen,kitchen,bedroom,living,living,living,bedroom,bathroom,entry,kitchen,bathroom,bathroom,kitchen,bedroom,entry
8880,d06 Sun 04:00,living,living,entry,kitchen,kitchen,entry,entry,kitchen,living,kitchen,kitchen,living,kitchen,living,kitchen,kitchen,kitchen,kitchen,kitchen,bedroom,living,living,living,bedroom,bathroom,entry,kitchen,bathroom,bathroom,kitchen,bedroom,entry
8940,d06 Sun 05:00,living,living,entry,kitchen,kitchen,entry,entry,kitchen,living,kitchen,kitchen,living,kitchen,living,kitchen,kitchen,kitchen,kitchen,kitchen,bedroom,living,living,living,bedroom,bathroom,entry,kitchen,bathroom,bathroom,kitchen,bedroom,entry
9000,d06 Sun 06:00,living,living,entry,kitchen,kitchen,entry,entry,kitchen,living,kitchen,kitchen,living,kitchen,living,kitchen,kitchen,kitchen,kitchen,kitchen,bedroom,living,living,living,bedroom,bathroom,entry,kitchen,bathroom,bathroom,kitchen,bedroom,entry
9060,d06 Sun 07:00,living,living,entry,kitchen,kitchen,entry,entry,kitchen,living,kitchen,kitchen,living,kitchen,living,kitchen,kitchen,kitchen,kitchen,kitchen,bedroom,living,living,living,bedroom,bathroom,entry,kitchen,bathroom,bathroom,kitchen,bedroom,entry
9120,d06 Sun 08:00,living,living,entry,kitchen,kitchen,entry,entry,kitchen,living,kitchen,kitchen,kitchen,kitchen,kitchen,kitchen,kitchen,kitchen,kitchen,kitchen,bedroom,living,living,living,bedroom,bathroom,entry,kitchen,bathroom,bathroom,kitchen,bedroom,entry
9180,d06 Sun 09:00,living,living,bathroom,kitchen,kitchen,kitchen,entry,kitchen,living,kitchen,kitchen,kitchen,kitchen,kitchen,kitchen,kitchen,kitchen,kitchen,kitchen,bedroom,living,living,living,bedroom,bathroom,entry,kitchen,bathroom,bathroom,kitchen,bedroom,entry
9240,d06 Sun 10:00,living,living,kitchen,kitchen,kitchen,kitchen,entry,kitchen,living,kitchen,kitchen,kitchen,kitchen,kitchen,kitchen,kitchen,kitchen,kitchen,kitchen,bedroom,living,living,living,bedroom,bathroom,entry,kitchen,bathroom,bathroom,kitchen,bedroom,entry
9300,d06 Sun 11:00,kitchen,entry,entry,kitchen,kitchen,kitchen,kitchen,kitchen,bedroom,kitchen,kitchen,kitchen,kitchen,kitchen,kitchen,kitchen,kitchen,kitchen,kitchen,bedroom,living,living,living,bedroom,bathroom,entry,kitchen,bathroom,bathroom,kitchen,bedroom,kitchen
9360,d06 Sun 12:00,kitchen,entry,entry,kitchen,kitchen,kitchen,kitchen,kitchen,kitchen,kitchen,kitchen,kitchen,kitchen,kitchen,kitchen,kitchen,kitchen,kitchen,kitchen,bedroom,living,living,living,bedroom,bathroom,entry,kitchen,bathroom,bathroom,kitchen,bedroom,kitchen
9420,d06 Sun 13:00,kitchen,entry,entry,kitchen,kitchen,kitchen,kitchen,kitchen,kitchen,kitchen,kitchen,kitchen,kitchen,living,kitchen,kitchen,kitchen,kitchen,kitchen,living,living,living,living,bedroom,bathroom,entry,kitchen,bathroom,bathroom,kitchen,bedroom,kitchen
9480,d06 Sun 14:00,bathroom,entry,entry,kitchen,bedroom,kitchen,kitchen,kitchen,living,kitchen,kitchen,living,kitchen,living,kitchen,kitchen,kitchen,kitchen,kitchen,living,living,living,living,bedroom,bathroom,entry,kitchen,bathroom,bathroom,kitchen,bedroom,kitchen
9540,d06 Sun 15:00,bathroom,entry,entry,kitchen,bedroom,kitchen,kitchen,kitchen,living,kitchen,kitchen,living,kitchen,living,kitchen,kitchen,kitchen,kitchen,kitchen,living,living,living,living,bedroom,bathroom,entry,kitchen,bathroom,bathroom,kitchen,bedroom,kitchen
9600,d06 Sun 16:00,bathroom,entry,entry,kitchen,bedroom,kitchen,kitchen,kitchen,living,kitchen,kitchen,living,kitchen,living,kitchen,kitchen,kitchen,kitchen,kitchen,living,living,living,living,bedroom,bathroom,entry,kitchen,bathroom,bathroom,kitchen,bedroom,kitchen
9660,d06 Sun 17:00,bathroom,entry,entry,kitchen,bedroom,kitchen,kitchen,kitchen,living,kitchen,kitchen,living,kitchen,living,kitchen,kitchen,kitchen,kitchen,kitchen,living,living,living,living,bedroom,bathroom,entry,kitchen,bathroom,bathroom,kitchen,bedroom,kitchen
9720,d06 Sun 18:00,bathroom,entry,entry,kitchen,bedroom,kitchen,kitchen,kitchen,living,kitchen,kitchen,living,kitchen,living,kitchen,kitchen,kitchen,kitchen,kitchen,living,living,living,living,bedroom,bathroom,entry,kitchen,bathroom,bathroom,kitchen,bedroom,kitchen
9780,d06 Sun 19:00,bathroom,entry,entry,kitchen,bedroom,kitchen,kitchen,kitchen,living,kitchen,kitchen,living,kitchen,living,kitchen,kitchen,kitchen,kitchen,kitchen,living,living,living,living,bedroom,bathroom,entry,kitchen,bathroom,bathroom,kitchen,bedroom,kitchen
9840,d06 Sun 20:00,bathroom,entry,entry,kitchen,bedroom,kitchen,kitchen,kitchen,living,kitchen,kitchen,living,kitchen,living,kitchen,kitchen,kitchen,kitchen,kitchen,living,living,living,living,bedroom,bathroom,entry,kitchen,bathroom,bathroom,kitchen,bedroom,kitchen
9900,d06 Sun 21:00,bathroom,entry,entry,kitchen,bedroom,kitchen,kitchen,kitchen,living,kitchen,kitchen,living,kitchen,living,kitchen,kitchen,kitchen,kitchen,kitchen,living,living,living,living,bedroom,bathroom,entry,kitchen,bathroom,bathroom,kitchen,bedroom,kitchen
9960,d06 Sun 22:00,bathroom,entry,entry,kitchen,bedroom,kitchen,kitchen,kitchen,living,kitchen,kitchen,living,kitchen,living,kitchen,kitchen,kitchen,kitchen,kitchen,living,living,living,living,bedroom,bathroom,entry,kitchen,bathroom,bathroom,kitchen,bedroom,kitchen
10020,d06 Sun 23:00,bathroom,entry,entry,kitchen,bedroom,kitchen,kitchen,kitchen,living,kitchen,kitchen,living,kitchen,living,kitchen,kitchen,kitchen,kitchen,kitchen,living,living,living,living,bedroom,bathroom,entry,kitchen,bathroom,bathroom,kitchen,bedroom,kitchen
10080,d07 Mon 00:00,bathroom,entry,entry,kitchen,bedroom,kitchen,kitchen,kitchen,living,kitchen,kitchen,living,kitchen,living,kitchen,kitchen,kitchen,kitchen,kitchen,living,living,living,living,bedroom,bathroom,entry,kitchen,bathroom,bathroom,kitchen,bedroom,kitchen
10140,d07 Mon 01:00,bathroom,entry,entry,kitchen,bedroom,kitchen,kitchen,kitchen,living,kitchen,kitchen,living,kitchen,living,kitchen,kitchen,kitchen,kitchen,kitchen,living,living,living,living,bedroom,bathroom,entry,kitchen,bathroom,bathroom,kitchen,bedroom,kitchen
10200,d07 Mon 02:00,bathroom,entry,entry,kitchen,bedroom,kitchen,kitchen,kitchen,living,kitchen,kitchen,living,kitchen,living,kitchen,kitchen,kitchen,kitchen,kitchen,living,living,living,living,bedroom,bathroom,entry,kitchen,bathroom,bathroom,kitchen,bedroom,kitchen
10260,d07 Mon 03:00,bathroom,entry,entry,kitchen,bedroom,kitchen,kitchen,kitchen,living,kitchen,kitchen,living,kitchen,living,kitchen,kitchen,kitchen,kitchen,kitchen,living,living,living,living,bedroom,bathroom,entry,kitchen,bathroom,bathroom,kitchen,bedroom,kitchen
10320,d07 Mon 04:00,bathroom,entry,entry,kitchen,bedroom,kitchen,kitchen,kitchen,living,kitchen,kitchen,living,kitchen,living,kitchen,kitchen,kitchen,kitchen,kitchen,living,living,living,living,bedroom,bathroom,entry,kitchen,bathroom,bathroom,kitchen,bedroom,kitchen
10380,d07 Mon 05:00,bathroom,entry,entry,kitchen,bedroom,kitchen,kitchen,kitchen,living,kitchen,kitchen,living,kitchen,living,kitchen,kitchen,kitchen,kitchen,kitchen,living,living,living,living,bedroom,bathroom,entry,kitchen,bathroom,bathroom,kitchen,bedroom,kitchen
10440,d07 Mon 06:00,bathroom,entry,entry,kitchen,bedroom,kitchen,kitchen,kitchen,living,kitchen,kitchen,living,kitchen,living,kitchen,kitchen,kitchen,kitchen,kitchen,living,living,living,living,bedroom,bathroom,entry,kitchen,bathroom,bathroom,kitchen,bedroom,kitchen
10500,d07 Mon 07:00,bathroom,entry,entry,kitchen,bedroom,kitchen,kitchen,kitchen,living,kitchen,kitchen,living,kitchen,kitchen,kitchen,kitchen,kitchen,kitchen,kitchen,living,living,living,living,bedroom,bathroom,entry,kitchen,bathroom,bathroom,kitchen,bedroom,kitchen
10560,d07 Mon 08:00,outside,outside,outside,outside,outside,outside,outside,outside,outside,outside,kitchen,outside,outside,kitchen,kitchen,kitchen,kitchen,kitchen,kitchen,living,living,living,living,bedroom,bathroom,entry,kitchen,bathroom,bathroom,outside,bedroom,outside
10620,d07 Mon 09:00,outside,outside,outside,outside,outside,outside,outside,outside,outside,outside,kitchen,outside,outside,kitchen,kitchen,kitchen,kitchen,kitchen,kitchen,living,living,living,living,bedroom,bathroom,entry,kitchen,bathroom,bathroom,outside,bedroom,outside
10680,d07 Mon 10:00,outside,outside,outside,outside,outside,outside,outside,outside,outside,outside,kitchen,outside,outside,kitchen,kitchen,kitchen,kitchen,kitchen,kitchen,living,living,living,living,bedroom,bathroom,entry,kitchen,bathroom,bathroom,outside,bedroom,outside
10740,d07 Mon 11:00,outside,outside,outside,outside,outside,outside,outside,outside,outside,outside,kitchen,outside,outside,kitchen,kitchen,kitchen,kitchen,kitchen,kitchen,living,living,living,living,bedroom,bathroom,entry,kitchen,bathroom,bathroom,outside,bedroom,outside
10800,d07 Mon 12:00,outside,outside,outside,outside,outside,outside,outside,outside,outside,outside,kitchen,outside,outside,kitchen,kitchen,kitchen,kitchen,kitchen,kitchen,living,living,living,living,bedroom,bathroom,entry,kitchen,bathroom,bathroom,outside,bedroom,outside
10860,d07 Mon 13:00,outside,outside,outside,outside,outside,outside,outside,outside,outside,outside,kitchen,outside,outside,kitchen,kitchen,kitchen,kitchen,kitchen,kitchen,living,living,living,living,bedroom,bathroom,entry,kitchen,bathroom,bathroom,outside,bedroom,outside
10920,d07 Mon 14:00,outside,outside,outside,outside,outside,outside,outside,outside,outside,outside,kitchen,outside,outside,kitchen,kitchen,kitchen,kitchen,kitchen,kitchen,living,living,living,living,bedroom,bathroom,entry,kitchen,bathroom,bathroom,outside,bedroom,outside
10980,d07 Mon 15:00,kitchen,kitchen,entry,bedroom,bedroom,kitchen,entry,kitchen,kitchen,kitchen,kitchen,kitchen,kitchen,kitchen,kitchen,kitchen,kitchen,kitchen,kitchen,living,living,living,living,bedroom,bathroom,entry,kitchen,bathroom,bathroom,kitchen,bedroom,kitchen
11040,d07 Mon 16:00,kitchen,kitchen,entry,bedroom,bedroom,kitchen,entry,kitchen,kitchen,kitchen,kitchen,kitchen,kitchen,kitchen,kitchen,kitchen,kitchen,kitchen,kitchen,living,living,living,living,bedroom,bathroom,entry,kitchen,bathroom,bathroom,kitchen,bedroom,kitchen
11100,d07 Mon 17:00,kitchen,kitchen,entry,bedroom,bedroom,kitchen,entry,kitchen,kitchen,kitchen,kitchen,kitchen,kitchen,kitchen,kitchen,kitchen,kitchen,kitchen,kitchen,living,living,living,living,bedroom,bathroom,entry,kitchen,bathroom,bathroom,kitchen,bedroom,kitchen
11160,d07 Mon 18:00,living,living,entry,kitchen,bedroom,kitchen,entry,kitchen,living,kitchen,kitchen,bedroom,kitchen,living,kitchen,kitchen,kitchen,kitchen,kitchen,living,living,living,living,bedroom,bathroom,entry,kitchen,bathroom,bathroom,kitchen,bedroom,kitchen
11220,d07 Mon 19:00,living,living,entry,kitchen,bedroom,kitchen,entry,kitchen,living,kitchen,kitchen,bedroom,kitchen,living,kitchen,kitchen,kitchen,kitchen,kitchen,living,living,living,living,bedroom,bathroom,entry,kitchen,bathroom,bathroom,kitchen,bedroom,kitchen
11280,d07 Mon 20:00,living,living,entry,kitchen,bedroom,kitchen,entry,kitchen,living,kitchen,kitchen,bedroom,kitchen,living,kitchen,kitchen,kitchen,kitchen,kitchen,living,living,living,living,bedroom,bathroom,entry,kitchen,bathroom,bathroom,kitchen,bedroom,kitchen
11340,d07 Mon 21:00,living,living,entry,kitchen,bedroom,kitchen,entry,kitchen,living,kitchen,kitchen,bedroom,kitchen,living,kitchen,kitchen,kitchen,kitchen,kitchen,living,living,living,living,bedroom,bathroom,entry,kitchen,bathroom,bathroom,kitchen,bedroom,kitchen
11400,d07 Mon 22:00,living,living,entry,kitchen,bedroom,kitchen,entry,kitchen,living,kitchen,kitchen,bedroom,kitchen,living,kitchen,kitchen,kitchen,kitchen,kitchen,living,living,living,living,bedroom,bathroom,entry,kitchen,bathroom,bathroom,kitchen,bedroom,kitchen
11460,d07 Mon 23:00,living,living,entry,kitchen,bedroom,kitchen,entry,kitchen,living,kitchen,kitchen,bedroom,kitchen,living,kitchen,kitchen,kitchen,kitchen,kitchen,living,living,living,living,bedroom,bathroom,entry,kitchen,bathroom,bathroom,kitchen,bedroom,kitchen
11520,d08 Tue 00:00,living,living,entry,kitchen,bedroom,kitchen,entry,kitchen,living,kitchen,kitchen,bedroom,kitchen,living,kitchen,kitchen,kitchen,kitchen,kitchen,living,living,living,living,bedroom,bathroom,entry,kitchen,bathroom,bathroom,kitchen,bedroom,kitchen
11580,d08 Tue 01:00,bedroom,bedroom,entry,kitchen,bedroom,kitchen,entry,kitchen,living,kitchen,kitchen,bedroom,kitchen,living,kitchen,kitchen,kitchen,kitchen,kitchen,living,living,living,living,bedroom,bathroom,entry,kitchen,bathroom,bathroom,kitchen,bedroom,kitchen
11640,d08 Tue 02:00,bedroom,bedroom,entry,kitchen,bedroom,kitchen,entry,kitchen,living,kitchen,kitchen,bedroom,kitchen,living,kitchen,kitchen,kitchen,kitchen,kitchen,living,living,living,living,bedroom,bathroom,entry,kitchen,bathroom,bathroom,kitchen,bedroom,kitchen
11700,d08 Tue 03:00,bedroom,bedroom,entry,kitchen,bedroom,kitchen,entry,kitchen,living,kitchen,kitchen,bedroom,kitchen,living,kitchen,kitchen,kitchen,kitchen,kitchen,living,living,living,living,bedroom,bathroom,entry,kitchen,bathroom,bathroom,kitchen,bedroom,kitchen
11760,d08 Tue 04:00,bedroom,bedroom,entry,kitchen,bedroom,kitchen,entry,kitchen,living,kitchen,kitchen,bedroom,kitchen,living,kitchen,kitchen,kitchen,kitchen,kitchen,living,living,living,living,bedroom,bathroom,entry,kitchen,bathroom,bathroom,kitchen,bedroom,kitchen
11820,d08 Tue 05:00,bedroom,bedroom,entry,kitchen,bedroom,kitchen,entry,kitchen,living,kitchen,kitchen,bedroom,kitchen,living,kitchen,kitchen,kitchen,kitchen,kitchen,living,living,living,living,bedroom,bathroom,entry,kitchen,bathroom,bathroom,kitchen,bedroom,kitchen
11880,d08 Tue 06:00,bedroom,bedroom,entry,kitchen,bedroom,kitchen,entry,kitchen,living,kitchen,kitchen,bedroom,kitchen,living,kitchen,kitchen,kitchen,kitchen,kitchen,living,living,living,living,bedroom,bathroom,entry,kitchen,bathroom,bathroom,kitchen,bedroom,kitchen
11940,d08 Tue 07:00,bathroom,bathroom,entry,kitchen,bedroom,kitchen,entry,kitchen,living,kitchen,kitchen,bedroom,kitchen,living,kitchen,kitchen,kitchen,kitchen,kitchen,living,living,living,living,bedroom,bathroom,entry,kitchen,bathroom,bathroom,kitchen,bedroom,kitchen
12000,d08 Tue 08:00,outside,outside,outside,outside,outside,outside,outside,outside,outside,outside,kitchen,outside,outside,kitchen,kitchen,kitchen,kitchen,kitchen,kitchen,living,living,living,living,bedroom,bedroom,entry,kitchen,bathroom,bathroom,outside,bedroom,outside
12060,d08 Tue 09:00,outside,outside,outside,outside,outside,outside,outside,outside,outside,outside,kitchen,outside,outside,kitchen,kitchen,kitchen,kitchen,kitchen,kitchen,living,living,living,living,bedroom,bedroom,entry,kitchen,bathroom,bathroom,outside,bedroom,outside
12120,d08 Tue 10:00,outside,outside,outside,outside,outside,outside,outside,outside,outside,outside,kitchen,outside,outside,kitchen,kitchen,kitchen,kitchen,kitchen,kitchen,living,living,living,living,bedroom,bedroom,entry,kitchen,bathroom,bathroom,outside,bedroom,outside
12180,d08 Tue 11:00,outside,outside,outside,outside,outside,outside,outside,outside,outside,outside,kitchen,outside,outside,kitchen,kitchen,kitchen,kitchen,kitchen,kitchen,living,living,living,living,bedroom,bedroom,entry,kitchen,bathroom,bathroom,outside,bedroom,outside
12240,d08 Tue 12:00,outside,outside,outside,outside,outside,outside,outside,outside,outside,outside,kitchen,outside,outside,kitchen,kitchen,kitchen,kitchen,kitchen,kitchen,living,living,living,living,bedroom,bedroom,entry,kitchen,bathroom,bathroom,outside,bedroom,outside
12300,d08 Tue 13:00,outside,outside,outside,outside,outside,outside,outside,outside,outside,outside,kitchen,outside,outside,kitchen,kitchen,kitchen,kitchen,kitchen,kitchen,living,living,living,living,bedroom,bedroom,entry,kitchen,bathroom,bathroom,outside,bedroom,outside
12360,d08 Tue 14:00,outside,outside,outside,outside,outside,outside,outside,outside,outside,outside,kitchen,outside,outside,kitchen,kitchen,kitchen,kitchen,kitchen,kitchen,living,living,living,living,bedroom,bedroom,entry,kitchen,bathroom,bathroom,outside,bedroom,outside
12420,d08 Tue 15:00,outside,outside,outside,outside,outside,outside,outside,outside,outside,outside,kitchen,outside,outside,kitchen,kitchen,kitchen,kitchen,kitchen,kitchen,living,living,living,living,bedroom,bedroom,entry,kitchen,bathroom,bathroom,outside,bedroom,outside
12480,d08 Tue 16:00,outside,outside,outside,outside,outside,outside,outside,outside,outside,outside,kitchen,outside,outside,kitchen,kitchen,kitchen,kitchen,kitchen,kitchen,living,living,living,living,bedroom,bedroom,entry,kitchen,bathroom,bathroom,outside,bedroom,outside
12540,d08 Tue 17:00,kitchen,entry,entry,kitchen,kitchen,kitchen,kitchen,kitchen,kitchen,kitchen,kitchen,kitchen,kitchen,kitchen,kitchen,kitchen,kitchen,kitchen,kitchen,living,living,living,living,bedroom,bedroom,entry,kitchen,bathroom,bathroom,bathroom,bedroom,kitchen
12600,d08 Tue 18:00,living,entry,entry,kitchen,kitchen,kitchen,kitchen,kitchen,kitchen,kitchen,kitchen,kitchen,kitchen,kitchen,kitchen,kitchen,kitchen,kitchen,kitchen,living,living,living,living,bedroom,bedroom,entry,kitchen,bathroom,bathroom,bathroom,bedroom,kitchen
12660,d08 Tue 19:00,living,entry,entry,kitchen,kitchen,kitchen,kitchen,kitchen,kitchen,kitchen,kitchen,kitchen,kitchen,kitchen,kitchen,kitchen,kitchen,kitchen,kitchen,living,living,living,living,bedroom,bedroom,entry,kitchen,bathroom,bathroom,bathroom,bedroom,kitchen
12720,d08 Tue 20:00,living,entry,entry,kitchen,kitchen,kitchen,kitchen,kitchen,kitchen,kitchen,kitchen,kitchen,kitchen,kitchen,kitchen,kitchen,kitchen,kitchen,kitchen,living,living,living,living,bedroom,bedroom,entry,kitchen,bathroom,bathroom,bathroom,bedroom,kitchen
12780,d08 Tue 21:00,living,entry,entry,kitchen,kitchen,kitchen,kitchen,kitchen,kitchen,kitchen,kitchen,kitchen,kitchen,kitchen,kitchen,kitchen,kitchen,kitchen,kitchen,living,living,living,living,bedroom,bedroom,entry,kitchen,bathroom,bathroom,bathroom,bedroom,kitchen
12840,d08 Tue 22:00,living,entry,entry,kitchen,kitchen,kitchen,kitchen,kitchen,kitchen,kitchen,kitchen,kitchen,kitchen,kitchen,kitchen,kitchen,kitchen,kitchen,kitchen,living,living,living,living,bedroom,bedroom,entry,kitchen,bathroom,bathroom,bathroom,bedroom,kitchen
12900,d08 Tue 23:00,living,entry,entry,kitchen,kitchen,kitchen,kitchen,kitchen,kitchen,kitchen,kitchen,kitchen,kitchen,kitchen,kitchen,kitchen,kitchen,kitchen,kitchen,living,living,living,living,bedroom,bedroom,entry,kitchen,bathroom,bathroom,bathroom,bedroom,kitchen
12960,d09 Wed 00:00,bedroom,entry,entry,kitchen,kitchen,kitchen,kitchen,kitchen,kitchen,kitchen,kitchen,kitchen,kitchen,kitchen,kitchen,kitchen,kitchen,kitchen,kitchen,living,living,living,living,bedroom,bedroom,entry,kitchen,bathroom,bathroom,bathroom,bedroom,kitchen
13020,d09 Wed 01:00,bedroom,entry,entry,kitchen,kitchen,kitchen,kitchen,kitchen,kitchen,kitchen,kitchen,kitchen,kitchen,kitchen,kitchen,kitchen,kitchen,kitchen,kitchen,living,living,living,living,bedroom,bedroom,entry,kitchen,bathroom,bathroom,bathroom,bedroom,kitchen
13080,d09 Wed 02:00,bedroom,entry,entry,kitchen,kitchen,kitchen,kitchen,kitchen,kitchen,kitchen,kitchen,kitchen,kitchen,kitchen,kitchen,kitchen,kitchen,kitchen,kitchen,living,living,living,living,bedroom,bedroom,entry,kitchen,bathroom,bathroom,bathroom,bedroom,kitchen
13140,d09 Wed 03:00,bedroom,entry,entry,kitchen,kitchen,kitchen,kitchen,kitchen,kitchen,kitchen,kitchen,kitchen,kitchen,kitchen,kitchen,kitchen,kitchen,kitchen,kitchen,living,living,living,living,bedroom,bedroom,entry,kitchen,bathroom,bathroom,bathroom,bedroom,kitchen
13200,d09 Wed 04:00,bedroom,entry,entry,kitchen,kitchen,kitchen,kitchen,kitchen,kitchen,kitchen,kitchen,kitchen,kitchen,kitchen,kitchen,kitchen,kitchen,kitchen,kitchen,living,living,living,living,bedroom,bedroom,entry,kitchen,bathroom,bathroom,bathroom,bedroom,kitchen
13260,d09 Wed 05:00,bedroom,entry,entry,kitchen,kitchen,kitchen,kitchen,kitchen,kitchen,kitchen,kitchen,kitchen,kitchen,kitchen,kitchen,kitchen,kitchen,kitchen,kitchen,living,living,living,living,bedroom,bedroom,entry,kitchen,bathroom,bathroom,bathroom,bedroom,kitchen
13320,d09 Wed 06:00,bedroom,entry,entry,kitchen,kitchen,kitchen,kitchen,kitchen,kitchen,kitchen,kitchen,kitchen,kitchen,kitchen,kitchen,kitchen,kitchen,kitchen,kitchen,living,living,living,living,bedroom,bedroom,entry,kitchen,bathroom,bathroom,bathroom,bedroom,kitchen
13380,d09 Wed 07:00,bathroom,entry,entry,kitchen,kitchen,kitchen,kitchen,kitchen,kitchen,kitchen,kitchen,kitchen,kitchen,kitchen,kitchen,kitchen,kitchen,kitchen,kitchen,living,living,living,living,bedroom,bathroom,entry,kitchen,bathroom,bathroom,bathroom,bedroom,kitchen
13440,d09 Wed 08:00,outside,outside,outside,outside,outside,outside,outside,outside,outside,outside,kitchen,outside,outside,kitchen,kitchen,kitchen,kitchen,kitchen,kitchen,living,living,living,living,bedroom,bathroom,entry,kitchen,bathroom,bathroom,outside,bedroom,outside
13500,d09 Wed 09:00,outside,outside,outside,outside,outside,outside,outside,outside,outside,outside,kitchen,outside,outside,kitchen,kitchen,kitchen,kitchen,kitchen,kitchen,living,living,living,living,bedroom,bathroom,entry,kitchen,bathroom,bathroom,outside,bedroom,outside
13560,d09 Wed 10:00,outside,outside,outside,outside,outside,outside,outside,outside,outside,outside,kitchen,outside,outside,kitchen,kitchen,kitchen,kitchen,kitchen,kitchen,living,living,living,living,bedroom,bathroom,entry,kitchen,bathroom,bathroom,outside,bedroom,outside
13620,d09 Wed 11:00,outside,outside,outside,outside,outside,outside,outside,outside,outside,outside,kitchen,outside,outside,kitchen,kitchen,kitchen,kitchen,kitchen,kitchen,living,living,living,living,bedroom,bathroom,entry,kitchen,bathroom,bathroom,outside,bedroom,outside
13680,d09 Wed 12:00,outside,outside,outside,outside,outside,outside,outside,outside,outside,outside,kitchen,outside,outside,kitchen,kitchen,kitchen,kitchen,kitchen,kitchen,living,living,living,living,bedroom,bathroom,entry,kitchen,bathroom,bathroom,outside,bedroom,outside
13740,d09 Wed 13:00,outside,outside,outside,outside,outside,outside,outside,outside,outside,outside,kitchen,outside,outside,kitchen,kitchen,kitchen,kitchen,kitchen,kitchen,living,living,living,living,bedroom,bathroom,entry,kitchen,bathroom,bathroom,outside,bedroom,outside
13800,d09 Wed 14:00,outside,outside,outside,outside,outside,outside,outside,outside,outside,outside,kitchen,outside,outside,kitchen,kitchen,kitchen,kitchen,kitchen,kitchen,living,living,living,living,bedroom,bathroom,entry,kitchen,bathroom,bathroom,outside,bedroom,outside
13860,d09 Wed 15:00,outside,outside,outside,outside,outside,outside,outside,outside,outside,outside,kitchen,outside,outside,kitchen,kitchen,kitchen,kitchen,kitchen,kitchen,living,living,living,living,bedroom,bathroom,entry,kitchen,bathroom,bathroom,outside,bedroom,outside
13920,d09 Wed 16:00,kitchen,entry,kitchen,kitchen,bedroom,kitchen,kitchen,kitchen,kitchen,kitchen,kitchen,kitchen,kitchen,kitchen,kitchen,kitchen,kitchen,kitchen,kitchen,living,living,living,living,bedroom,bathroom,entry,kitchen,bathroom,bathroom,kitchen,bedroom,entry
13980,d09 Wed 17:00,kitchen,entry,kitchen,kitchen,kitchen,kitchen,kitchen,kitchen,kitchen,kitchen,kitchen,kitchen,kitchen,kitchen,kitchen,kitchen,kitchen,kitchen,kitchen,living,living,living,living,bedroom,bathroom,entry,kitchen,bathroom,bathroom,kitchen,bedroom,entry
14040,d09 Wed 18:00,kitchen,entry,kitchen,kitchen,kitchen,kitchen,kitchen,kitchen,kitchen,kitchen,kitchen,kitchen,kitchen,kitchen,kitchen,kitchen,kitchen,kitchen,kitchen,living,living,living,living,bedroom,bathroom,entry,kitchen,bathroom,bathroom,kitchen,bedroom,entry
14100,d09 Wed 19:00,living,entry,kitchen,kitchen,kitchen,kitchen,kitchen,kitchen,kitchen,kitchen,kitchen,kitchen,living,kitchen,kitchen,kitchen,kitchen,kitchen,kitchen,living,living,living,living,bedroom,bathroom,entry,kitchen,bathroom,bathroom,kitchen,bedroom,entry
14160,d09 Wed 20:00,living,entry,kitchen,kitchen,kitchen,kitchen,kitchen,kitchen,kitchen,kitchen,kitchen,kitchen,living,kitchen,kitchen,kitchen,kitchen,kitchen,kitchen,living,living,living,living,bedroom,bathroom,entry,kitchen,bathroom,bathroom,kitchen,bedroom,entry
14220,d09 Wed 21:00,living,entry,kitchen,kitchen,kitchen,kitchen,kitchen,kitchen,kitchen,kitchen,kitchen,kitchen,living,kitchen,kitchen,kitchen,kitchen,kitchen,kitchen,living,living,living,living,bedroom,bathroom,entry,kitchen,bathroom,bathroom,kitchen,bedroom,entry
14280,d09 Wed 22:00,living,entry,kitchen,kitchen,kitchen,kitchen,kitchen,kitchen,kitchen,kitchen,kitchen,kitchen,living,kitchen,kitchen,kitchen,kitchen,kitchen,kitchen,living,living,living,living,bedroom,bathroom,entry,kitchen,bathroom,bathroom,kitchen,bedroom,entry
14340,d09 Wed 23:00,living,entry,kitchen,kitchen,kitchen,kitchen,kitchen,kitchen,kitchen,kitchen,kitchen,kitchen,living,kitchen,kitchen,kitchen,kitchen,kitchen,kitchen,living,living,living,living,bedroom,bathroom,entry,kitchen,bathroom,bathroom,kitchen,bedroom,entry
14400,d10 Thu 00:00,living,entry,kitchen,kitchen,kitchen,kitchen,kitchen,kitchen,kitchen,kitchen,kitchen,kitchen,living,kitchen,kitchen,kitchen,kitchen,kitchen,kitchen,living,living,living,living,bedroom,bathroom,entry,kitchen,bathroom,bathroom,kitchen,bedroom,entry
14460,d10 Thu 01:00,living,entry,kitchen,kitchen,kitchen,kitchen,kitchen,kitchen,kitchen,kitchen,kitchen,kitchen,living,kitchen,kitchen,kitchen,kitchen,kitchen,kitchen,living,living,living,living,bedroom,bathroom,entry,kitchen,bathroom,bathroom,kitchen,bedroom,entry
14520,d10 Thu 02:00,living,entry,kitchen,kitchen,kitchen,kitchen,kitchen,kitchen,kitchen,kitchen,kitchen,kitchen,living,kitchen,kitchen,kitchen,kitchen,kitchen,kitchen,living,living,living,living,bedroom,bathroom,entry,kitchen,bathroom,bathroom,kitchen,bedroom,entry
14580,d10 Thu 03:00,living,entry,kitchen,kitchen,kitchen,kitchen,kitchen,kitchen,kitchen,kitchen,kitchen,kitchen,living,kitchen,kitchen,kitchen,kitchen,kitchen,kitchen,living,living,living,living,bedroom,bathroom,entry,kitchen,bathroom,bathroom,kitchen,bedroom,entry
14640,d10 Thu 04:00,living,entry,kitchen,kitchen,kitchen,kitchen,kitchen,kitchen,kitchen,kitchen,kitchen,kitchen,living,kitchen,kitchen,kitchen,kitchen,kitchen,kitchen,living,living,living,living,bedroom,bathroom,entry,kitchen,bathroom,bathroom,kitchen,bedroom,entry
14700,d10 Thu 05:00,living,entry,kitchen,kitchen,kitchen,kitchen,kitchen,kitchen,kitchen,kitchen,kitchen,kitchen,living,kitchen,kitchen,kitchen,kitchen,kitchen,kitchen,living,living,living,living,bedroom,bathroom,entry,kitchen,bathroom,bathroom,kitchen,bedroom,entry
14760,d10 Thu 06:00,living,entry,kitchen,kitchen,kitchen,kitchen,kitchen,kitchen,kitchen,kitchen,kitchen,kitchen,living,kitchen,kitchen,kitchen,kitchen,kitchen,kitchen,living,living,living,living,bedroom,bathroom,entry,kitchen,bathroom,bathroom,kitchen,bedroom,entry
14820,d10 Thu 07:00,living,entry,kitchen,kitchen,kitchen,kitchen,kitchen,kitchen,kitchen,kitchen,kitchen,kitchen,living,kitchen,kitchen,kitchen,kitchen,kitchen,kitchen,living,living,living,living,bedroom,bathroom,entry,kitchen,bathroom,bathroom,kitchen,bedroom,entry
14880,d10 Thu 08:00,outside,outside,outside,outside,outside,outside,outside,outside,outside,outside,kitchen,outside,outside,kitchen,kitchen,kitchen,kitchen,kitchen,kitchen,living,living,living,living,bedroom,bathroom,entry,kitchen,bathroom,bathroom,outside,bedroom,outside
14940,d10 Thu 09:00,outside,outside,outside,outside,outside,outside,outside,outside,outside,outside,kitchen,outside,outside,kitchen,kitchen,kitchen,kitchen,kitchen,kitchen,living,living,living,living,bedroom,bathroom,entry,kitchen,bathroom,bathroom,outside,bedroom,outside
15000,d10 Thu 10:00,outside,outside,outside,outside,outside,outside,outside,outside,outside,outside,kitchen,outside,outside,kitchen,kitchen,kitchen,kitchen,kitchen,kitchen,living,living,living,living,bedroom,bathroom,entry,kitchen,bathroom,bathroom,outside,bedroom,outside
15060,d10 Thu 11:00,outside,outside,outside,outside,outside,outside,outside,outside,outside,outside,kitchen,outside,outside,kitchen,kitchen,kitchen,kitchen,kitchen,kitchen,living,living,living,living,bedroom,bathroom,entry,kitchen,bathroom,bathroom,outside,bedroom,outside
15120,d10 Thu 12:00,outside,outside,outside,outside,outside,outside,outside,outside,outside,outside,kitchen,outside,outside,kitchen,kitchen,kitchen,kitchen,kitchen,kitchen,living,living,living,living,bedroom,bathroom,entry,kitchen,bathroom,bathroom,outside,bedroom,outside
15180,d10 Thu 13:00,outside,outside,outside,outside,outside,outside,outside,outside,outside,outside,kitchen,outside,outside,kitchen,kitchen,kitchen,kitchen,kitchen,kitchen,living,living,living,living,bedroom,bathroom,entry,kitchen,bathroom,bathroom,outside,bedroom,outside
15240,d10 Thu 14:00,outside,outside,outside,outside,outside,outside,outside,outside,outside,outside,kitchen,outside,outside,kitchen,kitchen,kitchen,kitchen,kitchen,kitchen,living,living,living,living,bedroom,bathroom,entry,kitchen,bathroom,bathroom,outside,bedroom,outside
15300,d10 Thu 15:00,entry,entry,entry,kitchen,kitchen,kitchen,kitchen,kitchen,kitchen,kitchen,kitchen,kitchen,kitchen,kitchen,kitchen,kitchen,kitchen,kitchen,kitchen,living,living,living,living,bedroom,bathroom,entry,kitchen,bathroom,bathroom,bathroom,bedroom,entry
15360,d10 Thu 16:00,entry,entry,entry,kitchen,kitchen,kitchen,kitchen,kitchen,kitchen,kitchen,kitchen,kitchen,kitchen,kitchen,kitchen,kitchen,kitchen,kitchen,kitchen,living,living,living,living,bedroom,bathroom,entry,kitchen,bathroom,bathroom,bathroom,bedroom,entry
15420,d10 Thu 17:00,entry,entry,entry,kitchen,kitchen,kitchen,kitchen,kitchen,kitchen,kitchen,kitchen,kitchen,kitchen,kitchen,kitchen,kitchen,kitchen,kitchen,kitchen,living,living,living,living,bedroom,bathroom,entry,kitchen,bathroom,bathroom,bathroom,bedroom,entry
15480,d10 Thu 18:00,entry,entry,entry,kitchen,kitchen,kitchen,kitchen,kitchen,bedroom,kitchen,kitchen,living,kitchen,kitchen,kitchen,kitchen,kitchen,kitchen,kitchen,bedroom,bedroom,living,living,bedroom,bathroom,entry,kitchen,bathroom,bathroom,bathroom,bedroom,entry
15540,d10 Thu 19:00,entry,entry,entry,kitchen,kitchen,kitchen,kitchen,kitchen,bedroom,kitchen,kitchen,living,kitchen,kitchen,kitchen,kitchen,kitchen,kitchen,kitchen,bedroom,bedroom,living,living,bedroom,bathroom,entry,kitchen,bathroom,bathroom,bathroom,bedroom,entry
15600,d10 Thu 20:00,entry,entry,entry,kitchen,kitchen,kitchen,kitchen,kitchen,bedroom,kitchen,kitchen,living,kitchen,kitchen,kitchen,kitchen,kitchen,kitchen,kitchen,bedroom,bedroom,living,living,bedroom,bathroom,entry,kitchen,bathroom,bathroom,bathroom,bedroom,entry
15660,d10 Thu 21:00,entry,entry,entry,kitchen,kitchen,kitchen,kitchen,kitchen,bedroom,kitchen,kitchen,living,kitchen,kitchen,kitchen,kitchen,kitchen,kitchen,kitchen,bedroom,bedroom,living,living,bedroom,bathroom,entry,kitchen,bathroom,bathroom,bathroom,bedroom,entry
15720,d10 Thu 22:00,entry,entry,entry,kitchen,kitchen,kitchen,kitchen,kitchen,bedroom,kitchen,kitchen,living,kitchen,kitchen,kitchen,kitchen,kitchen,kitchen,kitchen,bedroom,bedroom,living,living,bedroom,bathroom,entry,kitchen,bathroom,bathroom,bathroom,bedroom,entry
15780,d10 Thu 23:00,entry,entry,entry,kitchen,kitchen,kitchen,kitchen,kitchen,bedroom,kitchen,kitchen,living,kitchen,kitchen,kitchen,kitchen,kitchen,kitchen,kitchen,bedroom,bedroom,living,living,bedroom,bathroom,entry,kitchen,bathroom,bathroom,bathroom,bedroom,entry
15840,d11 Fri 00:00,entry,entry,entry,kitchen,kitchen,kitchen,kitchen,kitchen,bedroom,kitchen,kitchen,living,kitchen,kitchen,kitchen,kitchen,kitchen,kitchen,kitchen,bedroom,bedroom,living,living,bedroom,bathroom,entry,kitchen,bathroom,bathroom,bathroom,bedroom,entry
15900,d11 Fri 01:00,entry,entry,entry,kitchen,kitchen,kitchen,kitchen,kitchen,bedroom,kitchen,kitchen,living,kitchen,kitchen,kitchen,kitchen,kitchen,kitchen,kitchen,bedroom,bedroom,living,living,bedroom,bathroom,entry,kitchen,bathroom,bathroom,bathroom,bedroom,entry
15960,d11 Fri 02:00,entry,entry,entry,kitchen,kitchen,kitchen,kitchen,kitchen,bedroom,kitchen,kitchen,living,kitchen,kitchen,kitchen,kitchen,kitchen,kitchen,kitchen,bedroom,bedroom,living,living,bedroom,bathroom,entry,kitchen,bathroom,bathroom,bathroom,bedroom,entry
16020,d11 Fri 03:00,entry,entry,entry,kitchen,kitchen,kitchen,kitchen,kitchen,bedroom,kitchen,kitchen,living,kitchen,kitchen,kitchen,kitchen,kitchen,kitchen,kitchen,bedroom,bedroom,living,living,bedroom,bathroom,entry,kitchen,bathroom,bathroom,bathroom,bedroom,entry
16080,d11 Fri 04:00,entry,entry,entry,kitchen,kitchen,kitchen,kitchen,kitchen,bedroom,kitchen,kitchen,living,kitchen,kitchen,kitchen,kitchen,kitchen,kitchen,kitchen,bedroom,bedroom,living,living,bedroom,bathroom,entry,kitchen,bathroom,bathroom,bathroom,bedroom,entry
16140,d11 Fri 05:00,entry,entry,entry,kitchen,kitchen,kitchen,kitchen,kitchen,bedroom,kitchen,kitchen,living,kitchen,kitchen,kitchen,kitchen,kitchen,kitchen,kitchen,bedroom,bedroom,living,living,bedroom,bathroom,entry,kitchen,bathroom,bathroom,bathroom,bedroom,entry
16200,d11 Fri 06:00,entry,entry,entry,kitchen,kitchen,kitchen,kitchen,kitchen,bedroom,kitchen,kitchen,living,kitchen,kitchen,kitchen,kitchen,kitchen,kitchen,kitchen,bedroom,bedroom,living,living,bedroom,bathroom,entry,kitchen,bathroom,bathroom,bathroom,bedroom,entry
16260,d11 Fri 07:00,entry,entry,entry,kitchen,kitchen,kitchen,kitchen,kitchen,bedroom,kitchen,kitchen,living,kitchen,kitchen,kitchen,kitchen,kitchen,kitchen,kitchen,bedroom,bedroom,living,living,bedroom,bathroom,entry,kitchen,bathroom,bathroom,bathroom,bedroom,entry
16320,d11 Fri 08:00,outside,outside,outside,outside,outside,outside,outside,outside,outside,outside,kitchen,outside,outside,kitchen,kitchen,kitchen,kitchen,kitchen,kitchen,bedroom,bedroom,living,living,bedroom,bathroom,entry,kitchen,bathroom,bathroom,outside,bedroom,outside
16380,d11 Fri 09:00,outside,outside,outside,outside,outside,outside,outside,outside,outside,outside,kitchen,outside,outside,kitchen,kitchen,kitchen,kitchen,kitchen,kitchen,bedroom,bedroom,living,living,bedroom,bathroom,entry,kitchen,bathroom,bathroom,outside,bedroom,outside
16440,d11 Fri 10:00,outside,outside,outside,outside,outside,outside,outside,outside,outside,outside,kitchen,outside,outside,kitchen,kitchen,kitchen,kitchen,kitchen,kitchen,bedroom,bedroom,living,living,bedroom,bathroom,entry,kitchen,bathroom,bathroom,outside,bedroom,outside
16500,d11 Fri 11:00,outside,outside,outside,outside,outside,outside,outside,outside,outside,outside,kitchen,outside,outside,kitchen,kitchen,kitchen,kitchen,kitchen,kitchen,bedroom,bedroom,living,living,bedroom,bathroom,entry,kitchen,bathroom,bathroom,outside,bedroom,outside
16560,d11 Fri 12:00,outside,outside,outside,outside,outside,outside,outside,outside,outside,outside,kitchen,outside,outside,kitchen,kitchen,kitchen,kitchen,kitchen,kitchen,bedroom,bedroom,living,living,bedroom,bathroom,entry,kitchen,bathroom,bathroom,outside,bedroom,outside
16620,d11 Fri 13:00,outside,outside,outside,outside,outside,outside,outside,outside,outside,outside,kitchen,outside,outside,kitchen,kitchen,kitchen,kitchen,kitchen,kitchen,bedroom,bedroom,living,living,bedroom,bathroom,entry,kitchen,bathroom,bathroom,outside,bedroom,outside
16680,d11 Fri 14:00,outside,outside,outside,outside,outside,outside,outside,outside,outside,outside,kitchen,outside,outside,kitchen,kitchen,kitchen,kitchen,kitchen,kitchen,bedroom,bedroom,living,living,bedroom,bathroom,entry,kitchen,bathroom,bathroom,outside,bedroom,outside
16740,d11 Fri 15:00,outside,outside,outside,outside,outside,outside,outside,outside,outside,outside,kitchen,outside,outside,kitchen,kitchen,kitchen,kitchen,kitchen,kitchen,bedroom,bedroom,living,living,bedroom,bathroom,entry,kitchen,bathroom,bathroom,outside,bedroom,outside
16800,d11 Fri 16:00,outside,outside,outside,outside,outside,outside,outside,outside,outside,outside,kitchen,outside,outside,kitchen,kitchen,kitchen,kitchen,kitchen,kitchen,bedroom,bedroom,living,living,bedroom,bathroom,entry,kitchen,bathroom,bathroom,outside,bedroom,outside
16860,d11 Fri 17:00,outside,outside,outside,outside,outside,outside,outside,outside,outside,outside,kitchen,outside,outside,kitchen,kitchen,kitchen,kitchen,kitchen,kitchen,bedroom,bedroom,living,living,bedroom,bathroom,entry,kitchen,bathroom,bathroom,outside,bedroom,outside
16920,d11 Fri 18:00,entry,entry,kitchen,kitchen,bedroom,kitchen,living,kitchen,bedroom,kitchen,kitchen,living,kitchen,kitchen,kitchen,kitchen,kitchen,kitchen,kitchen,bedroom,bedroom,living,living,bedroom,bathroom,entry,kitchen,bathroom,bathroom,kitchen,bedroom,living
16980,d11 Fri 19:00,bedroom,entry,kitchen,kitchen,bedroom,kitchen,living,kitchen,bedroom,kitchen,kitchen,living,kitchen,kitchen,kitchen,kitchen,kitchen,kitchen,kitchen,bedroom,bedroom,living,living,bedroom,bathroom,entry,kitchen,bedroom,bathroom,kitchen,bedroom,living
17040,d11 Fri 20:00,bedroom,entry,kitchen,kitchen,bedroom,kitchen,living,kitchen,bedroom,kitchen,kitchen,living,kitchen,kitchen,kitchen,kitchen,kitchen,kitchen,kitchen,bedroom,bedroom,living,living,bedroom,bathroom,entry,kitchen,bedroom,bathroom,kitchen,bedroom,living
17100,d11 Fri 21:00,bedroom,entry,kitchen,kitchen,bedroom,kitchen,living,kitchen,bedroom,kitchen,kitchen,living,kitchen,kitchen,kitchen,kitchen,kitchen,kitchen,kitchen,bedroom,bedroom,living,living,bedroom,bathroom,entry,kitchen,bedroom,bathroom,kitchen,bedroom,living
17160,d11 Fri 22:00,bedroom,entry,kitchen,kitchen,bedroom,kitchen,living,kitchen,bedroom,kitchen,kitchen,living,kitchen,kitchen,kitchen,kitchen,kitchen,kitchen,kitchen,bedroom,bedroom,living,living,bedroom,bathroom,entry,kitchen,bedroom,bathroom,kitchen,bedroom,living
17220,d11 Fri 23:00,bedroom,entry,kitchen,kitchen,bedroom,kitchen,living,kitchen,bedroom,kitchen,kitchen,living,kitchen,kitchen,kitchen,kitchen,kitchen,kitchen,kitchen,bedroom,bedroom,living,living,bedroom,bathroom,entry,kitchen,bedroom,bathroom,kitchen,bedroom,living
17280,d12 Sat 00:00,bedroom,entry,kitchen,kitchen,bedroom,kitchen,living,kitchen,bedroom,kitchen,kitchen,living,kitchen,kitchen,kitchen,kitchen,kitchen,kitchen,kitchen,bedroom,bedroom,living,living,bedroom,bathroom,entry,kitchen,bedroom,bathroom,kitchen,bedroom,living
17340,d12 Sat 01:00,bedroom,entry,kitchen,kitchen,bedroom,kitchen,living,kitchen,bedroom,kitchen,kitchen,living,kitchen,kitchen,kitchen,kitchen,kitchen,kitchen,kitchen,bedroom,bedroom,living,living,bedroom,bathroom,entry,kitchen,bedroom,bathroom,kitchen,bedroom,living
17400,d12 Sat 02:00,bedroom,entry,kitchen,kitchen,bedroom,kitchen,living,kitchen,bedroom,kitchen,kitchen,living,kitchen,kitchen,kitchen,kitchen,kitchen,kitchen,kitchen,bedroom,bedroom,living,living,bedroom,bathroom,entry,kitchen,bedroom,bathroom,kitchen,bedroom,living
17460,d12 Sat 03:00,bedroom,entry,kitchen,kitchen,bedroom,kitchen,living,kitchen,bedroom,kitchen,kitchen,living,kitchen,kitchen,kitchen,kitchen,kitchen,kitchen,kitchen,bedroom,bedroom,living,living,bedroom,bathroom,entry,kitchen,bedroom,bathroom,kitchen,bedroom,living
17520,d12 Sat 04:00,bedroom,entry,kitchen,kitchen,bedroom,kitchen,living,kitchen,bedroom,kitchen,kitchen,living,kitchen,kitchen,kitchen,kitchen,kitchen,kitchen,kitchen,bedroom,bedroom,living,living,bedroom,bathroom,entry,kitchen,bedroom,bathroom,kitchen,bedroom,living
17580,d12 Sat 05:00,bedroom,entry,kitchen,kitchen,bedroom,kitchen,living,kitchen,bedroom,kitchen,kitchen,living,kitchen,kitchen,kitchen,kitchen,kitchen,kitchen,kitchen,bedroom,bedroom,living,living,bedroom,bathroom,entry,kitchen,bedroom,bathroom,kitchen,bedroom,living
17640,d12 Sat 06:00,bedroom,entry,kitchen,kitchen,bedroom,kitchen,living,kitchen,bedroom,kitchen,kitchen,living,kitchen,kitchen,kitchen,kitchen,kitchen,kitchen,kitchen,bedroom,bedroom,living,living,bedroom,bathroom,entry,kitchen,bedroom,bathroom,kitchen,bedroom,living
17700,d12 Sat 07:00,bedroom,entry,kitchen,kitchen,bedroom,kitchen,living,kitchen,bedroom,kitchen,kitchen,living,kitchen,kitchen,kitchen,kitchen,kitchen,kitchen,kitchen,bedroom,bedroom,living,living,bedroom,bathroom,entry,kitchen,bathroom,bathroom,kitchen,bedroom,living
17760,d12 Sat 08:00,bedroom,entry,kitchen,kitchen,bedroom,kitchen,living,kitchen,bedroom,kitchen,kitchen,living,kitchen,kitchen,kitchen,kitchen,kitchen,kitchen,kitchen,bedroom,bedroom,living,living,bedroom,bedroom,entry,kitchen,bathroom,bathroom,kitchen,bedroom,living
17820,d12 Sat 09:00,bedroom,entry,kitchen,kitchen,bedroom,kitchen,kitchen,kitchen,bedroom,kitchen,kitchen,living,kitchen,kitchen,kitchen,kitchen,kitchen,kitchen,kitchen,bedroom,living,living,living,bedroom,bathroom,entry,kitchen,bathroom,bathroom,kitchen,bedroom,living
17880,d12 Sat 10:00,bedroom,entry,kitchen,kitchen,bedroom,kitchen,kitchen,kitchen,bedroom,kitchen,kitchen,living,kitchen,kitchen,kitchen,kitchen,kitchen,kitchen,kitchen,kitchen,living,kitchen,living,bedroom,bathroom,entry,kitchen,bathroom,bathroom,kitchen,bedroom,living
17940,d12 Sat 11:00,kitchen,kitchen,kitchen,kitchen,bedroom,entry,kitchen,kitchen,kitchen,kitchen,kitchen,living,kitchen,kitchen,kitchen,kitchen,kitchen,kitchen,kitchen,kitchen,living,living,living,bedroom,bathroom,entry,kitchen,bathroom,bathroom,kitchen,bedroom,entry
18000,d12 Sat 12:00,kitchen,kitchen,kitchen,kitchen,bedroom,entry,kitchen,kitchen,kitchen,kitchen,kitchen,living,kitchen,kitchen,kitchen,kitchen,kitchen,kitchen,kitchen,kitchen,living,living,living,bedroom,bathroom,entry,kitchen,bathroom,bathroom,kitchen,bedroom,entry
18060,d12 Sat 13:00,outside,outside,outside,kitchen,bedroom,entry,outside,kitchen,outside,kitchen,kitchen,living,kitchen,kitchen,kitchen,kitchen,kitchen,kitchen,kitchen,kitchen,living,living,living,bedroom,bathroom,entry,kitchen,bathroom,bathroom,kitchen,bedroom,outside
18120,d12 Sat 14:00,entry,living,entry,kitchen,bedroom,entry,kitchen,kitchen,kitchen,kitchen,kitchen,living,kitchen,kitchen,kitchen,kitchen,kitchen,kitchen,kitchen,living,living,living,living,bedroom,bathroom,entry,kitchen,bathroom,bathroom,kitchen,bedroom,living
18180,d12 Sat 15:00,entry,living,entry,kitchen,bedroom,entry,kitchen,kitchen,kitchen,kitchen,kitchen,living,kitchen,kitchen,kitchen,kitchen,kitchen,kitchen,kitchen,living,living,living,living,bedroom,bathroom,entry,kitchen,bathroom,bathroom,kitchen,bedroom,living
18240,d12 Sat 16:00,entry,living,entry,kitchen,bedroom,entry,kitchen,kitchen,kitchen,kitchen,kitchen,living,kitchen,kitchen,kitchen,kitchen,kitchen,kitchen,kitchen,living,living,living,living,bedroom,bathroom,entry,kitchen,bathroom,bathroom,kitchen,bedroom,living
18300,d12 Sat 17:00,entry,living,entry,kitchen,bedroom,entry,kitchen,kitchen,kitchen,kitchen,kitchen,living,kitchen,kitchen,kitchen,kitchen,kitchen,kitchen,kitchen,living,living,living,living,bedroom,bathroom,entry,kitchen,bathroom,bathroom,kitchen,bedroom,living
18360,d12 Sat 18:00,entry,living,entry,kitchen,bedroom,entry,kitchen,kitchen,kitchen,kitchen,kitchen,living,kitchen,kitchen,kitchen,kitchen,kitchen,kitchen,kitchen,living,living,living,living,bedroom,bathroom,entry,kitchen,bathroom,bathroom,kitchen,bedroom,living
18420,d12 Sat 19:00,entry,living,entry,kitchen,bedroom,entry,kitchen,kitchen,kitchen,kitchen,kitchen,living,kitchen,kitchen,kitchen,kitchen,kitchen,kitchen,kitchen,living,living,living,living,bedroom,bathroom,entry,kitchen,bathroom,bathroom,kitchen,bedroom,living
18480,d12 Sat 20:00,entry,living,entry,kitchen,bedroom,entry,kitchen,kitchen,kitchen,kitchen,kitchen,living,kitchen,kitchen,kitchen,kitchen,kitchen,kitchen,kitchen,living,living,living,living,bedroom,bathroom,entry,kitchen,bathroom,bathroom,kitchen,bedroom,living
18540,d12 Sat 21:00,entry,living,entry,kitchen,bedroom,entry,kitchen,kitchen,kitchen,kitchen,kitchen,living,kitchen,kitchen,kitchen,kitchen,kitchen,kitchen,kitchen,living,living,living,living,bedroom,bathroom,entry,kitchen,bathroom,bathroom,kitchen,bedroom,living
18600,d12 Sat 22:00,entry,living,entry,kitchen,bedroom,entry,kitchen,kitchen,kitchen,kitchen,kitchen,living,kitchen,kitchen,kitchen,kitchen,kitchen,kitchen,kitchen,living,living,living,living,bedroom,bathroom,entry,kitchen,bathroom,bathroom,kitchen,bedroom,living
18660,d12 Sat 23:00,entry,living,entry,kitchen,bedroom,entry,kitchen,kitchen,kitchen,kitchen,kitchen,living,kitchen,kitchen,kitchen,kitchen,kitchen,kitchen,kitchen,living,living,living,living,bedroom,bathroom,entry,kitchen,bathroom,bathroom,kitchen,bedroom,living
18720,d13 Sun 00:00,entry,living,entry,kitchen,bedroom,entry,kitchen,kitchen,kitchen,kitchen,kitchen,living,kitchen,kitchen,kitchen,kitchen,kitchen,kitchen,kitchen,living,living,living,living,bedroom,bathroom,entry,kitchen,bathroom,bathroom,kitchen,bedroom,living
18780,d13 Sun 01:00,entry,living,entry,kitchen,bedroom,entry,kitchen,kitchen,kitchen,kitchen,kitchen,living,kitchen,kitchen,kitchen,kitchen,kitchen,kitchen,kitchen,living,living,living,living,bedroom,bathroom,entry,kitchen,bathroom,bathroom,kitchen,bedroom,living
18840,d13 Sun 02:00,entry,living,entry,kitchen,bedroom,entry,kitchen,kitchen,kitchen,kitchen,kitchen,living,kitchen,kitchen,kitchen,kitchen,kitchen,kitchen,kitchen,living,living,living,living,bedroom,bathroom,entry,kitchen,bathroom,bathroom,kitchen,bedroom,living
18900,d13 Sun 03:00,entry,living,entry,kitchen,bedroom,entry,kitchen,kitchen,kitchen,kitchen,kitchen,living,kitchen,kitchen,kitchen,kitchen,kitchen,kitchen,kitchen,living,living,living,living,bedroom,bathroom,entry,kitchen,bathroom,bathroom,kitchen,bedroom,living
18960,d13 Sun 04:00,entry,living,entry,kitchen,bedroom,entry,kitchen,kitchen,kitchen,kitchen,kitchen,living,kitchen,kitchen,kitchen,kitchen,kitchen,kitchen,kitchen,living,living,living,living,bedroom,bathroom,entry,kitchen,bathroom,bathroom,kitchen,bedroom,living
19020,d13 Sun 05:00,entry,living,entry,kitchen,bedroom,entry,kitchen,kitchen,kitchen,kitchen,kitchen,living,kitchen,kitchen,kitchen,kitchen,kitchen,kitchen,kitchen,living,living,living,living,bedroom,bathroom,entry,kitchen,bathroom,bathroom,kitchen,bedroom,living
19080,d13 Sun 06:00,entry,living,entry,kitchen,bedroom,entry,kitchen,kitchen,kitchen,kitchen,kitchen,living,kitchen,kitchen,kitchen,kitchen,kitchen,kitchen,kitchen,living,living,living,living,bedroom,bathroom,entry,kitchen,bathroom,bathroom,kitchen,bedroom,living
19140,d13 Sun 07:00,entry,living,entry,kitchen,bedroom,entry,kitchen,kitchen,kitchen,kitchen,kitchen,living,kitchen,kitchen,kitchen,kitchen,kitchen,kitchen,kitchen,living,living,living,living,bedroom,bathroom,entry,kitchen,bathroom,bathroom,kitchen,bedroom,living
19200,d13 Sun 08:00,entry,living,entry,kitchen,bedroom,entry,kitchen,kitchen,kitchen,kitchen,living,living,kitchen,kitchen,kitchen,living,kitchen,kitchen,kitchen,living,living,living,living,bedroom,bathroom,entry,living,bathroom,bathroom,kitchen,bedroom,living
19260,d13 Sun 09:00,entry,entry,entry,kitchen,bedroom,kitchen,kitchen,kitchen,kitchen,kitchen,kitchen,living,kitchen,kitchen,kitchen,living,kitchen,kitchen,kitchen,living,living,living,living,bedroom,bathroom,entry,living,bathroom,bathroom,kitchen,bedroom,living
19320,d13 Sun 10:00,entry,entry,entry,kitchen,bedroom,kitchen,kitchen,kitchen,kitchen,kitchen,kitchen,living,kitchen,kitchen,living,living,kitchen,kitchen,kitchen,living,living,living,living,bedroom,bathroom,entry,living,bathroom,bathroom,kitchen,bedroom,living
19380,d13 Sun 11:00,entry,entry,entry,kitchen,bedroom,kitchen,kitchen,kitchen,kitchen,kitchen,kitchen,living,kitchen,kitchen,living,living,kitchen,kitchen,kitchen,living,living,living,living,bedroom,bathroom,entry,living,bathroom,bathroom,kitchen,bedroom,living
19440,d13 Sun 12:00,entry,entry,entry,kitchen,bedroom,kitchen,kitchen,kitchen,kitchen,kitchen,kitchen,living,kitchen,kitchen,kitchen,living,kitchen,kitchen,kitchen,living,living,living,living,bedroom,bathroom,entry,living,bathroom,bathroom,kitchen,bedroom,living
19500,d13 Sun 13:00,entry,entry,entry,kitchen,bedroom,kitchen,kitchen,kitchen,kitchen,kitchen,kitchen,living,kitchen,kitchen,living,living,kitchen,kitchen,kitchen,living,living,living,living,bedroom,bathroom,entry,living,bathroom,bathroom,kitchen,bedroom,living
19560,d13 Sun 14:00,entry,entry,entry,kitchen,bedroom,kitchen,kitchen,kitchen,kitchen,kitchen,kitchen,living,kitchen,kitchen,kitchen,living,kitchen,kitchen,kitchen,living,living,living,living,bedroom,bathroom,entry,living,bathroom,bathroom,kitchen,bedroom,living
19620,d13 Sun 15:00,entry,entry,entry,kitchen,bedroom,kitchen,kitchen,kitchen,kitchen,kitchen,kitchen,living,kitchen,bedroom,kitchen,living,bedroom,kitchen,kitchen,bedroom,living,bedroom,living,bedroom,bathroom,entry,living,bathroom,bathroom,kitchen,bedroom,living
19680,d13 Sun 16:00,entry,entry,entry,kitchen,bedroom,kitchen,kitchen,kitchen,bedroom,kitchen,kitchen,bedroom,kitchen,kitchen,kitchen,living,bedroom,kitchen,kitchen,living,living,living,living,bedroom,bathroom,entry,living,bathroom,bathroom,kitchen,bedroom,living
19740,d13 Sun 17:00,entry,entry,entry,kitchen,bedroom,kitchen,kitchen,kitchen,bedroom,kitchen,kitchen,bedroom,kitchen,kitchen,kitchen,living,bedroom,kitchen,kitchen,living,living,living,living,bedroom,bathroom,entry,living,bathroom,bathroom,kitchen,bedroom,living
19800,d13 Sun 18:00,entry,entry,entry,kitchen,bedroom,kitchen,kitchen,kitchen,bedroom,kitchen,kitchen,bedroom,kitchen,kitchen,kitchen,living,bedroom,kitchen,kitchen,living,living,living,living,bedroom,bathroom,entry,living,bathroom,bathroom,kitchen,bedroom,living
19860,d13 Sun 19:00,entry,entry,entry,kitchen,bedroom,kitchen,kitchen,kitchen,bedroom,kitchen,kitchen,bedroom,kitchen,kitchen,kitchen,living,bedroom,kitchen,kitchen,living,living,living,living,bedroom,bathroom,entry,living,bathroom,bathroom,kitchen,bedroom,living
19920,d13 Sun 20:00,entry,entry,entry,kitchen,bedroom,kitchen,kitchen,kitchen,bedroom,kitchen,kitchen,bedroom,kitchen,kitchen,kitchen,living,bedroom,kitchen,kitchen,living,living,living,living,bedroom,bathroom,entry,living,bathroom,bathroom,kitchen,bedroom,living
19980,d13 Sun 21:00,entry,entry,entry,kitchen,bedroom,kitchen,kitchen,kitchen,bedroom,kitchen,kitchen,bedroom,kitchen,kitchen,kitchen,living,bedroom,kitchen,kitchen,living,living,living,living,bedroom,bathroom,entry,living,bathroom,bathroom,kitchen,bedroom,living
20040,d13 Sun 22:00,entry,entry,entry,kitchen,bedroom,kitchen,kitchen,kitchen,bedroom,kitchen,kitchen,bedroom,kitchen,kitchen,kitchen,living,bedroom,kitchen,kitchen,living,living,living,living,bedroom,bathroom,entry,living,bathroom,bathroom,kitchen,bedroom,living
20100,d13 Sun 23:00,entry,entry,entry,kitchen,bedroom,kitchen,kitchen,kitchen,bedroom,kitchen,kitchen,bedroom,kitchen,kitchen,kitchen,living,bedroom,kitchen,kitchen,living,living,living,living,bedroom,bathroom,entry,living,bathroom,bathroom,kitchen,bedroom,living
20160,d14 Mon 00:00,entry,entry,entry,kitchen,bedroom,kitchen,kitchen,kitchen,bedroom,kitchen,kitchen,bedroom,kitchen,kitchen,kitchen,living,bedroom,kitchen,kitchen,living,living,living,living,bedroom,bathroom,entry,living,bathroom,bathroom,kitchen,bedroom,living
20220,d14 Mon 01:00,entry,entry,entry,kitchen,bedroom,kitchen,kitchen,kitchen,bedroom,kitchen,kitchen,bedroom,kitchen,kitchen,kitchen,living,bedroom,kitchen,kitchen,living,living,living,living,bedroom,bathroom,entry,living,bathroom,bathroom,kitchen,bedroom,living
20280,d14 Mon 02:00,entry,entry,entry,kitchen,bedroom,kitchen,kitchen,kitchen,bedroom,kitchen,kitchen,bedroom,kitchen,kitchen,kitchen,living,bedroom,kitchen,kitchen,living,living,living,living,bedroom,bathroom,entry,living,bathroom,bathroom,kitchen,bedroom,living
20340,d14 Mon 03:00,entry,entry,entry,kitchen,bedroom,kitchen,kitchen,kitchen,bedroom,kitchen,kitchen,bedroom,kitchen,kitchen,kitchen,living,bedroom,kitchen,kitchen,living,living,living,living,bedroom,bathroom,entry,living,bathroom,bathroom,kitchen,bedroom,living
20400,d14 Mon 04:00,entry,entry,entry,kitchen,bedroom,kitchen,kitchen,kitchen,bedroom,kitchen,kitchen,bedroom,kitchen,kitchen,kitchen,living,bedroom,kitchen,kitchen,living,living,living,living,bedroom,bathroom,entry,living,bathroom,bathroom,kitchen,bedroom,living
20460,d14 Mon 05:00,entry,entry,entry,kitchen,bedroom,kitchen,kitchen,kitchen,bedroom,kitchen,kitchen,bedroom,kitchen,kitchen,kitchen,living,bedroom,kitchen,kitchen,living,living,living,living,bedroom,bathroom,entry,living,bathroom,bathroom,kitchen,bedroom,living
20520,d14 Mon 06:00,entry,entry,entry,kitchen,bedroom,kitchen,kitchen,kitchen,bedroom,kitchen,kitchen,bedroom,kitchen,kitchen,kitchen,living,bedroom,kitchen,kitchen,living,living,living,living,bedroom,bathroom,entry,living,bathroom,bathroom,kitchen,bedroom,living
20580,d14 Mon 07:00,entry,entry,entry,kitchen,bedroom,kitchen,kitchen,kitchen,bedroom,kitchen,kitchen,bedroom,kitchen,kitchen,kitchen,living,bedroom,kitchen,kitchen,living,living,living,living,bedroom,bathroom,entry,living,bathroom,bathroom,kitchen,bedroom,living
20640,d14 Mon 08:00,outside,outside,outside,outside,outside,outside,outside,outside,outside,outside,kitchen,outside,outside,kitchen,kitchen,kitchen,bedroom,kitchen,kitchen,living,living,living,living,bedroom,bathroom,entry,living,bathroom,bedroom,outside,bedroom,outside
20700,d14 Mon 09:00,outside,outside,outside,outside,outside,outside,outside,outside,outside,outside,kitchen,outside,outside,kitchen,kitchen,kitchen,bedroom,kitchen,kitchen,living,living,living,living,bedroom,bathroom,entry,living,bathroom,bedroom,outside,bedroom,outside
20760,d14 Mon 10:00,outside,outside,outside,outside,outside,outside,outside,outside,outside,outside,kitchen,outside,outside,kitchen,kitchen,kitchen,bedroom,kitchen,kitchen,living,living,living,living,bedroom,bathroom,entry,living,bathroom,bedroom,outside,bedroom,outside
20820,d14 Mon 11:00,outside,outside,outside,outside,outside,outside,outside,outside,outside,outside,kitchen,outside,outside,kitchen,kitchen,kitchen,bedroom,kitchen,kitchen,living,living,living,living,bedroom,bathroom,entry,living,bathroom,bedroom,outside,bedroom,outside
20880,d14 Mon 12:00,outside,outside,outside,outside,outside,outside,outside,outside,outside,outside,kitchen,outside,outside,kitchen,kitchen,kitchen,bedroom,kitchen,kitchen,living,living,living,living,bedroom,bathroom,entry,living,bathroom,bedroom,outside,bedroom,outside
20940,d14 Mon 13:00,outside,outside,outside,outside,outside,outside,outside,outside,outside,outside,kitchen,outside,outside,kitchen,kitchen,kitchen,bedroom,kitchen,kitchen,living,living,living,living,bedroom,bathroom,entry,living,bathroom,bedroom,outside,bedroom,outside
21000,d14 Mon 14:00,outside,outside,outside,outside,outside,outside,outside,outside,outside,outside,kitchen,outside,outside,kitchen,kitchen,kitchen,bedroom,kitchen,kitchen,living,living,living,living,bedroom,bathroom,entry,living,bathroom,bedroom,outside,bedroom,outside
21060,d14 Mon 15:00,kitchen,kitchen,kitchen,kitchen,bedroom,kitchen,entry,kitchen,kitchen,kitchen,kitchen,kitchen,kitchen,kitchen,kitchen,kitchen,kitchen,kitchen,kitchen,living,living,living,living,bedroom,bathroom,entry,living,bathroom,bedroom,kitchen,bedroom,entry
21120,d14 Mon 16:00,kitchen,kitchen,kitchen,kitchen,bedroom,kitchen,entry,kitchen,kitchen,kitchen,kitchen,kitchen,kitchen,kitchen,kitchen,kitchen,kitchen,kitchen,kitchen,living,living,living,living,bedroom,bathroom,entry,living,bathroom,bedroom,kitchen,bedroom,entry
21180,d14 Mon 17:00,kitchen,kitchen,kitchen,kitchen,bedroom,kitchen,entry,kitchen,kitchen,kitchen,kitchen,kitchen,kitchen,kitchen,kitchen,kitchen,kitchen,kitchen,kitchen,living,living,living,living,bedroom,bathroom,entry,living,bathroom,bedroom,kitchen,bedroom,entry
21240,d14 Mon 18:00,kitchen,kitchen,kitchen,kitchen,kitchen,kitchen,entry,kitchen,kitchen,kitchen,kitchen,kitchen,kitchen,kitchen,kitchen,kitchen,kitchen,kitchen,kitchen,living,living,living,living,bedroom,bathroom,entry,living,bathroom,bedroom,kitchen,bedroom,entry
21300,d14 Mon 19:00,bathroom,kitchen,kitchen,kitchen,kitchen,kitchen,entry,kitchen,kitchen,kitchen,kitchen,kitchen,kitchen,kitchen,bathroom,kitchen,kitchen,kitchen,kitchen,living,living,living,living,bedroom,bathroom,entry,living,bathroom,bedroom,kitchen,bedroom,entry
21360,d14 Mon 20:00,bathroom,kitchen,kitchen,kitchen,kitchen,kitchen,entry,kitchen,kitchen,kitchen,kitchen,kitchen,kitchen,kitchen,bathroom,kitchen,kitchen,kitchen,kitchen,living,living,living,living,bedroom,bathroom,entry,living,bathroom,bedroom,kitchen,bedroom,entry
21420,d14 Mon 21:00,bathroom,kitchen,kitchen,kitchen,kitchen,kitchen,entry,kitchen,kitchen,kitchen,kitchen,kitchen,kitchen,kitchen,bathroom,kitchen,kitchen,kitchen,kitchen,living,living,living,living,bedroom,bathroom,entry,living,bathroom,bedroom,kitchen,bedroom,entry
21480,d14 Mon 22:00,bathroom,kitchen,kitchen,kitchen,kitchen,kitchen,entry,kitchen,kitchen,kitchen,kitchen,kitchen,kitchen,kitchen,bathroom,kitchen,kitchen,kitchen,kitchen,living,living,living,living,bedroom,bathroom,entry,living,bathroom,bedroom,kitchen,bedroom,entry
21540,d14 Mon 23:00,bathroom,kitchen,kitchen,kitchen,kitchen,kitchen,entry,kitchen,kitchen,kitchen,kitchen,kitchen,kitchen,kitchen,bathroom,kitchen,kitchen,kitchen,kitchen,living,living,living,living,bedroom,bathroom,entry,living,bathroom,bedroom,kitchen,bedroom,entry
21600,d15 Tue 00:00,bathroom,kitchen,kitchen,kitchen,kitchen,kitchen,entry,kitchen,kitchen,kitchen,kitchen,kitchen,kitchen,kitchen,bathroom,kitchen,kitchen,kitchen,kitchen,living,living,living,living,bedroom,bathroom,entry,living,bathroom,bedroom,kitchen,bedroom,entry
21660,d15 Tue 01:00,bathroom,kitchen,kitchen,kitchen,kitchen,kitchen,entry,kitchen,kitchen,kitchen,kitchen,kitchen,kitchen,kitchen,bathroom,kitchen,kitchen,kitchen,kitchen,living,living,living,living,bedroom,bathroom,entry,living,bathroom,bedroom,kitchen,bedroom,entry
21720,d15 Tue 02:00,bathroom,kitchen,kitchen,kitchen,kitchen,kitchen,entry,kitchen,kitchen,kitchen,kitchen,kitchen,kitchen,kitchen,bathroom,kitchen,kitchen,kitchen,kitchen,living,living,living,living,bedroom,bathroom,entry,living,bathroom,bedroom,kitchen,bedroom,entry
21780,d15 Tue 03:00,bathroom,kitchen,kitchen,kitchen,kitchen,kitchen,entry,kitchen,kitchen,kitchen,kitchen,kitchen,kitchen,kitchen,bathroom,kitchen,kitchen,kitchen,kitchen,living,living,living,living,bedroom,bathroom,entry,living,bathroom,bedroom,kitchen,bedroom,entry
21840,d15 Tue 04:00,bathroom,kitchen,kitchen,kitchen,kitchen,kitchen,entry,kitchen,kitchen,kitchen,kitchen,kitchen,kitchen,kitchen,bathroom,kitchen,kitchen,kitchen,kitchen,living,living,living,living,bedroom,bathroom,entry,living,bathroom,bedroom,kitchen,bedroom,entry
21900,d15 Tue 05:00,bathroom,kitchen,kitchen,kitchen,kitchen,kitchen,entry,kitchen,kitchen,kitchen,kitchen,kitchen,kitchen,kitchen,bathroom,kitchen,kitchen,kitchen,kitchen,living,living,living,living,bedroom,bathroom,entry,living,bathroom,bedroom,kitchen,bedroom,entry
21960,d15 Tue 06:00,bathroom,kitchen,kitchen,kitchen,kitchen,kitchen,entry,kitchen,kitchen,kitchen,kitchen,kitchen,kitchen,kitchen,bathroom,kitchen,kitchen,kitchen,kitchen,living,living,living,living,bedroom,bathroom,entry,living,bathroom,bedroom,kitchen,bedroom,entry
22020,d15 Tue 07:00,bathroom,kitchen,kitchen,kitchen,kitchen,kitchen,entry,kitchen,kitchen,kitchen,kitchen,kitchen,kitchen,kitchen,bathroom,kitchen,kitchen,kitchen,kitchen,living,living,living,living,bedroom,bathroom,entry,living,bathroom,bathroom,kitchen,bedroom,entry
22080,d15 Tue 08:00,bathroom,kitchen,kitchen,kitchen,kitchen,kitchen,entry,kitchen,kitchen,kitchen,kitchen,kitchen,kitchen,kitchen,bathroom,kitchen,kitchen,kitchen,kitchen,living,living,living,living,bedroom,bathroom,entry,living,bathroom,bathroom,bathroom,bedroom,entry
22140,d15 Tue 09:00,outside,outside,outside,outside,outside,outside,outside,outside,outside,outside,kitchen,outside,outside,kitchen,bathroom,kitchen,kitchen,kitchen,kitchen,living,living,living,living,bedroom,bathroom,entry,living,bathroom,bathroom,outside,bedroom,outside
22200,d15 Tue 10:00,outside,outside,outside,outside,outside,outside,outside,outside,outside,outside,kitchen,outside,outside,kitchen,bathroom,kitchen,kitchen,kitchen,kitchen,living,living,living,living,bedroom,bathroom,entry,living,bathroom,bathroom,outside,bedroom,outside
22260,d15 Tue 11:00,outside,outside,outside,outside,outside,outside,outside,outside,outside,outside,kitchen,outside,outside,kitchen,bathroom,kitchen,kitchen,kitchen,kitchen,living,living,living,living,bedroom,bathroom,entry,living,bathroom,bathroom,outside,bedroom,outside
22320,d15 Tue 12:00,outside,outside,outside,outside,outside,outside,outside,outside,outside,outside,kitchen,outside,outside,kitchen,bathroom,kitchen,kitchen,kitchen,kitchen,living,living,living,living,bedroom,bathroom,entry,living,bathroom,bathroom,outside,bedroom,outside
22380,d15 Tue 13:00,outside,outside,outside,outside,outside,outside,outside,outside,outside,outside,kitchen,outside,outside,kitchen,bathroom,kitchen,kitchen,kitchen,kitchen,living,living,living,living,bedroom,bathroom,entry,living,bathroom,bathroom,outside,bedroom,outside
22440,d15 Tue 14:00,outside,outside,outside,outside,outside,outside,outside,outside,outside,outside,kitchen,outside,outside,kitchen,bathroom,kitchen,kitchen,kitchen,kitchen,living,living,living,living,bedroom,bathroom,entry,living,bathroom,bathroom,outside,bedroom,outside
22500,d15 Tue 15:00,outside,outside,outside,outside,outside,outside,outside,outside,outside,outside,kitchen,outside,outside,kitchen,bathroom,kitchen,kitchen,kitchen,kitchen,living,living,living,living,bedroom,bathroom,entry,living,bathroom,bathroom,outside,bedroom,outside
22560,d15 Tue 16:00,entry,entry,entry,kitchen,kitchen,kitchen,entry,kitchen,bedroom,kitchen,kitchen,kitchen,kitchen,kitchen,bathroom,kitchen,kitchen,kitchen,kitchen,living,living,living,living,bedroom,bathroom,entry,living,bathroom,bathroom,bathroom,bedroom,entry
22620,d15 Tue 17:00,entry,entry,entry,kitchen,kitchen,kitchen,entry,kitchen,bedroom,kitchen,kitchen,kitchen,kitchen,kitchen,bathroom,kitchen,kitchen,kitchen,kitchen,living,living,living,living,bedroom,bathroom,entry,living,bathroom,bathroom,bathroom,bedroom,entry
22680,d15 Tue 18:00,entry,entry,entry,kitchen,kitchen,kitchen,entry,kitchen,bedroom,kitchen,kitchen,kitchen,kitchen,kitchen,bathroom,kitchen,kitchen,kitchen,kitchen,living,living,living,living,bedroom,bathroom,entry,living,bathroom,bathroom,bathroom,bedroom,entry
22740,d15 Tue 19:00,bedroom,entry,entry,kitchen,kitchen,kitchen,entry,kitchen,kitchen,kitchen,kitchen,kitchen,kitchen,kitchen,bathroom,kitchen,kitchen,kitchen,kitchen,living,living,living,living,bedroom,bathroom,entry,living,bathroom,bathroom,bathroom,bedroom,entry
22800,d15 Tue 20:00,bedroom,entry,entry,kitchen,kitchen,kitchen,entry,kitchen,kitchen,kitchen,kitchen,kitchen,kitchen,kitchen,bathroom,kitchen,kitchen,kitchen,kitchen,living,living,living,living,bedroom,bathroom,entry,living,bathroom,bathroom,bathroom,bedroom,entry
22860,d15 Tue 21:00,bedroom,entry,entry,kitchen,kitchen,kitchen,entry,kitchen,kitchen,kitchen,kitchen,kitchen,kitchen,kitchen,bathroom,kitchen,kitchen,kitchen,kitchen,living,living,living,living,bedroom,bathroom,entry,living,bathroom,bathroom,bathroom,bedroom,entry
22920,d15 Tue 22:00,bedroom,entry,entry,kitchen,kitchen,kitchen,entry,kitchen,kitchen,kitchen,kitchen,kitchen,kitchen,kitchen,bathroom,kitchen,kitchen,kitchen,kitchen,living,living,living,living,bedroom,bathroom,entry,living,bathroom,bathroom,bathroom,bedroom,entry
22980,d15 Tue 23:00,bedroom,entry,entry,kitchen,kitchen,kitchen,entry,kitchen,kitchen,kitchen,kitchen,kitchen,kitchen,kitchen,bathroom,kitchen,kitchen,kitchen,kitchen,living,living,living,living,bedroom,bathroom,entry,living,bathroom,bathroom,bathroom,bedroom,entry
23040,d16 Wed 00:00,bedroom,entry,entry,kitchen,kitchen,kitchen,entry,kitchen,kitchen,kitchen,kitchen,kitchen,kitchen,kitchen,bathroom,kitchen,kitchen,kitchen,kitchen,living,living,living,living,bedroom,bathroom,entry,living,bathroom,bathroom,bathroom,bedroom,entry
23100,d16 Wed 01:00,bedroom,entry,entry,kitchen,kitchen,kitchen,entry,kitchen,kitchen,kitchen,kitchen,kitchen,kitchen,kitchen,bathroom,kitchen,kitchen,kitchen,kitchen,living,living,living,living,bedroom,bathroom,entry,living,bathroom,bathroom,bathroom,bedroom,entry
23160,d16 Wed 02:00,bedroom,entry,entry,kitchen,kitchen,kitchen,entry,kitchen,kitchen,kitchen,kitchen,kitchen,kitchen,kitchen,bathroom,kitchen,kitchen,kitchen,kitchen,living,living,living,living,bedroom,bathroom,entry,living,bathroom,bathroom,bathroom,bedroom,entry
23220,d16 Wed 03:00,bedroom,entry,entry,kitchen,kitchen,kitchen,entry,kitchen,kitchen,kitchen,kitchen,kitchen,kitchen,kitchen,bathroom,kitchen,kitchen,kitchen,kitchen,living,living,living,living,bedroom,bathroom,entry,living,bathroom,bathroom,bathroom,bedroom,entry
23280,d16 Wed 04:00,bedroom,entry,entry,kitchen,kitchen,kitchen,entry,kitchen,kitchen,kitchen,kitchen,kitchen,kitchen,kitchen,bathroom,kitchen,kitchen,kitchen,kitchen,living,living,living,living,bedroom,bathroom,entry,living,bathroom,bathroom,bathroom,bedroom,entry
23340,d16 Wed 05:00,bedroom,entry,entry,kitchen,kitchen,kitchen,entry,kitchen,kitchen,kitchen,kitchen,kitchen,kitchen,kitchen,bathroom,kitchen,kitchen,kitchen,kitchen,living,living,living,living,bedroom,bathroom,entry,living,bathroom,bathroom,bathroom,bedroom,entry
23400,d16 Wed 06:00,bedroom,entry,entry,kitchen,kitchen,kitchen,entry,kitchen,kitchen,kitchen,kitchen,kitchen,kitchen,kitchen,bathroom,kitchen,kitchen,kitchen,kitchen,living,living,living,living,bedroom,bathroom,entry,living,bathroom,bathroom,bathroom,bedroom,entry
23460,d16 Wed 07:00,bedroom,entry,entry,kitchen,kitchen,kitchen,entry,kitchen,kitchen,kitchen,kitchen,kitchen,kitchen,kitchen,bathroom,kitchen,kitchen,kitchen,kitchen,living,living,living,living,bedroom,bathroom,entry,living,bedroom,bathroom,bathroom,bedroom,entry
23520,d16 Wed 08:00,outside,outside,outside,outside,outside,outside,outside,outside,outside,outside,kitchen,outside,outside,kitchen,bathroom,kitchen,kitchen,kitchen,kitchen,living,living,living,living,bedroom,bathroom,entry,living,bedroom,bathroom,outside,bedroom,outside
23580,d16 Wed 09:00,outside,outside,outside,outside,outside,outside,outside,outside,outside,outside,kitchen,outside,outside,kitchen,bathroom,kitchen,kitchen,kitchen,kitchen,living,living,living,living,bedroom,bathroom,entry,living,bedroom,bathroom,outside,bedroom,outside
23640,d16 Wed 10:00,outside,outside,outside,outside,outside,outside,outside,outside,outside,outside,kitchen,outside,outside,kitchen,bathroom,kitchen,kitchen,kitchen,kitchen,living,living,living,living,bedroom,bathroom,entry,living,bedroom,bathroom,outside,bedroom,outside
23700,d16 Wed 11:00,outside,outside,outside,outside,outside,outside,outside,outside,outside,outside,kitchen,outside,outside,kitchen,bathroom,kitchen,kitchen,kitchen,kitchen,living,living,living,living,bedroom,bathroom,entry,living,bedroom,bathroom,outside,bedroom,outside
23760,d16 Wed 12:00,outside,outside,outside,outside,outside,outside,outside,outside,outside,outside,kitchen,outside,outside,kitchen,bathroom,kitchen,kitchen,kitchen,kitchen,living,living,living,living,bedroom,bathroom,entry,living,bedroom,bathroom,outside,bedroom,outside
23820,d16 Wed 13:00,outside,outside,outside,outside,outside,outside,outside,outside,outside,outside,kitchen,outside,outside,kitchen,bathroom,kitchen,kitchen,kitchen,kitchen,living,living,living,living,bedroom,bathroom,entry,living,bedroom,bathroom,outside,bedroom,outside
23880,d16 Wed 14:00,outside,outside,outside,outside,outside,outside,outside,outside,outside,outside,kitchen,outside,outside,kitchen,bathroom,kitchen,kitchen,kitchen,kitchen,living,living,living,living,bedroom,bathroom,entry,living,bedroom,bathroom,outside,bedroom,outside
23940,d16 Wed 15:00,outside,outside,outside,outside,outside,outside,outside,outside,outside,outside,kitchen,outside,outside,kitchen,bathroom,kitchen,kitchen,kitchen,kitchen,living,living,living,living,bedroom,bathroom,entry,living,bedroom,bathroom,outside,bedroom,outside
24000,d16 Wed 16:00,living,entry,kitchen,kitchen,bedroom,kitchen,kitchen,kitchen,bedroom,kitchen,kitchen,kitchen,kitchen,kitchen,bathroom,kitchen,kitchen,kitchen,kitchen,living,living,living,living,bedroom,bathroom,entry,living,bedroom,bathroom,bathroom,bedroom,entry
24060,d16 Wed 17:00,bathroom,entry,bathroom,kitchen,bedroom,entry,kitchen,kitchen,bedroom,kitchen,kitchen,kitchen,kitchen,kitchen,bathroom,kitchen,kitchen,kitchen,kitchen,living,living,living,living,bedroom,bathroom,entry,living,bedroom,bathroom,bathroom,bedroom,entry
24120,d16 Wed 18:00,living,entry,bathroom,kitchen,bedroom,entry,kitchen,kitchen,bedroom,kitchen,kitchen,kitchen,kitchen,kitchen,bathroom,kitchen,kitchen,kitchen,kitchen,living,living,living,living,bedroom,bathroom,entry,living,bedroom,bathroom,bathroom,bedroom,entry
24180,d16 Wed 19:00,living,entry,bathroom,kitchen,bedroom,entry,kitchen,kitchen,bedroom,kitchen,kitchen,kitchen,kitchen,kitchen,bathroom,kitchen,kitchen,kitchen,kitchen,living,living,living,living,bedroom,bathroom,entry,living,bedroom,bathroom,bathroom,bedroom,entry
24240,d16 Wed 20:00,living,entry,bathroom,kitchen,bedroom,entry,kitchen,kitchen,bedroom,kitchen,kitchen,kitchen,kitchen,kitchen,bathroom,kitchen,kitchen,kitchen,kitchen,living,living,living,living,bedroom,bathroom,entry,living,bedroom,bathroom,bathroom,bedroom,entry
24300,d16 Wed 21:00,living,entry,bathroom,kitchen,bedroom,entry,kitchen,kitchen,bedroom,kitchen,kitchen,kitchen,kitchen,kitchen,bathroom,kitchen,kitchen,kitchen,kitchen,living,living,living,living,bedroom,bathroom,entry,living,bedroom,bathroom,bathroom,bedroom,entry
24360,d16 Wed 22:00,living,entry,bathroom,kitchen,bedroom,entry,kitchen,kitchen,bedroom,kitchen,kitchen,kitchen,kitchen,kitchen,bathroom,kitchen,kitchen,kitchen,kitchen,living,living,living,living,bedroom,bathroom,entry,living,bedroom,bathroom,bathroom,bedroom,entry
24420,d16 Wed 23:00,living,entry,bathroom,kitchen,bedroom,entry,kitchen,kitchen,bedroom,kitchen,kitchen,kitchen,kitchen,kitchen,bathroom,kitchen,kitchen,kitchen,kitchen,living,living,living,living,bedroom,bathroom,entry,living,bedroom,bathroom,bathroom,bedroom,entry
24480,d17 Thu 00:00,living,entry,bathroom,kitchen,bedroom,entry,kitchen,kitchen,bedroom,kitchen,kitchen,kitchen,kitchen,kitchen,bathroom,kitchen,kitchen,kitchen,kitchen,living,living,living,living,bedroom,bathroom,entry,living,bedroom,bathroom,bathroom,bedroom,entry
24540,d17 Thu 01:00,bedroom,entry,bathroom,kitchen,bedroom,entry,kitchen,kitchen,bedroom,kitchen,kitchen,kitchen,kitchen,kitchen,bathroom,kitchen,kitchen,kitchen,kitchen,living,living,living,living,bedroom,bathroom,entry,living,bedroom,bathroom,bathroom,bedroom,entry
24600,d17 Thu 02:00,bedroom,entry,bathroom,kitchen,bedroom,entry,kitchen,kitchen,bedroom,kitchen,kitchen,kitchen,kitchen,kitchen,bathroom,kitchen,kitchen,kitchen,kitchen,living,living,living,living,bedroom,bathroom,entry,living,bedroom,bathroom,bathroom,bedroom,entry
24660,d17 Thu 03:00,bedroom,entry,bathroom,kitchen,bedroom,entry,kitchen,kitchen,bedroom,kitchen,kitchen,kitchen,kitchen,kitchen,bathroom,kitchen,kitchen,kitchen,kitchen,living,living,living,living,bedroom,bathroom,entry,living,bedroom,bathroom,bathroom,bedroom,entry
24720,d17 Thu 04:00,bedroom,entry,bathroom,kitchen,bedroom,entry,kitchen,kitchen,bedroom,kitchen,kitchen,kitchen,kitchen,kitchen,bathroom,kitchen,kitchen,kitchen,kitchen,living,living,living,living,bedroom,bathroom,entry,living,bedroom,bathroom,bathroom,bedroom,entry
24780,d17 Thu 05:00,bedroom,entry,bathroom,kitchen,bedroom,entry,kitchen,kitchen,bedroom,kitchen,kitchen,kitchen,kitchen,kitchen,bathroom,kitchen,kitchen,kitchen,kitchen,living,living,living,living,bedroom,bathroom,entry,living,bedroom,bathroom,bathroom,bedroom,entry
24840,d17 Thu 06:00,bedroom,entry,bathroom,kitchen,bedroom,entry,kitchen,kitchen,bedroom,kitchen,kitchen,kitchen,kitchen,kitchen,bathroom,kitchen,kitchen,kitchen,kitchen,living,living,living,living,bedroom,bathroom,entry,living,bedroom,bathroom,bathroom,bedroom,entry
24900,d17 Thu 07:00,kitchen,entry,bathroom,kitchen,bedroom,entry,kitchen,kitchen,bedroom,kitchen,kitchen,kitchen,kitchen,kitchen,bathroom,kitchen,kitchen,kitchen,kitchen,living,living,living,living,bedroom,bathroom,entry,living,bathroom,bathroom,bathroom,bedroom,entry
24960,d17 Thu 08:00,outside,outside,outside,outside,outside,outside,outside,outside,outside,outside,kitchen,outside,outside,kitchen,bathroom,kitchen,kitchen,kitchen,kitchen,living,living,living,living,bedroom,bathroom,entry,living,bathroom,bathroom,outside,bedroom,outside
25020,d17 Thu 09:00,outside,outside,outside,outside,outside,outside,outside,outside,outside,outside,kitchen,outside,outside,kitchen,bathroom,kitchen,kitchen,kitchen,kitchen,living,living,living,living,bedroom,bathroom,entry,living,bathroom,bathroom,outside,bedroom,outside
25080,d17 Thu 10:00,outside,outside,outside,outside,outside,outside,outside,outside,outside,outside,kitchen,outside,outside,kitchen,bathroom,kitchen,kitchen,kitchen,kitchen,living,living,living,living,bedroom,bathroom,entry,living,bathroom,bathroom,outside,bedroom,outside
25140,d17 Thu 11:00,outside,outside,outside,outside,outside,outside,outside,outside,outside,outside,kitchen,outside,outside,kitchen,bathroom,kitchen,kitchen,kitchen,kitchen,living,living,living,living,bedroom,bathroom,entry,living,bathroom,bathroom,outside,bedroom,outside
25200,d17 Thu 12:00,outside,outside,outside,outside,outside,outside,outside,outside,outside,outside,kitchen,outside,outside,kitchen,bathroom,kitchen,kitchen,kitchen,kitchen,living,living,living,living,bedroom,bathroom,entry,living,bathroom,bathroom,outside,bedroom,outside
25260,d17 Thu 13:00,outside,outside,outside,outside,outside,outside,outside,outside,outside,outside,kitchen,outside,outside,kitchen,bathroom,kitchen,kitchen,kitchen,kitchen,living,living,living,living,bedroom,bathroom,entry,living,bathroom,bathroom,outside,bedroom,outside
25320,d17 Thu 14:00,outside,outside,outside,outside,outside,outside,outside,outside,outside,outside,kitchen,outside,outside,kitchen,bathroom,kitchen,kitchen,kitchen,kitchen,living,living,living,living,bedroom,bathroom,entry,living,bathroom,bathroom,outside,bedroom,outside
25380,d17 Thu 15:00,outside,outside,outside,outside,outside,outside,outside,outside,outside,outside,kitchen,outside,outside,kitchen,bathroom,kitchen,kitchen,kitchen,kitchen,living,living,living,living,bedroom,bathroom,entry,living,bathroom,bathroom,outside,bedroom,outside
25440,d17 Thu 16:00,living,living,entry,bedroom,kitchen,living,living,kitchen,kitchen,kitchen,living,kitchen,kitchen,kitchen,bathroom,kitchen,kitchen,kitchen,kitchen,living,living,living,living,bedroom,bathroom,entry,living,bathroom,bathroom,living,bedroom,living
25500,d17 Thu 17:00,kitchen,entry,entry,kitchen,kitchen,kitchen,living,kitchen,kitchen,kitchen,kitchen,kitchen,kitchen,kitchen,bathroom,kitchen,kitchen,kitchen,kitchen,living,living,living,living,bedroom,bathroom,entry,living,bathroom,bathroom,living,bedroom,living
25560,d17 Thu 18:00,bedroom,entry,entry,bedroom,kitchen,kitchen,living,kitchen,kitchen,kitchen,kitchen,kitchen,kitchen,bedroom,bathroom,kitchen,kitchen,kitchen,kitchen,bedroom,living,bedroom,living,bedroom,bathroom,entry,living,bathroom,bathroom,living,bedroom,living
25620,d17 Thu 19:00,bedroom,entry,entry,bedroom,kitchen,kitchen,living,kitchen,bedroom,kitchen,kitchen,living,kitchen,living,bathroom,kitchen,kitchen,kitchen,kitchen,living,living,living,living,bedroom,bathroom,entry,living,bathroom,bathroom,living,bedroom,living
25680,d17 Thu 20:00,bedroom,entry,entry,bedroom,kitchen,kitchen,living,kitchen,bedroom,kitchen,kitchen,living,kitchen,living,bathroom,kitchen,kitchen,kitchen,kitchen,living,living,living,living,bedroom,bathroom,entry,living,bathroom,bathroom,living,bedroom,living
25740,d17 Thu 21:00,bedroom,entry,entry,bedroom,kitchen,kitchen,living,kitchen,bedroom,kitchen,kitchen,living,kitchen,living,bathroom,kitchen,kitchen,kitchen,kitchen,living,living,living,living,bedroom,bathroom,entry,living,bathroom,bathroom,living,bedroom,living
25800,d17 Thu 22:00,bedroom,entry,entry,bedroom,kitchen,kitchen,living,kitchen,bedroom,kitchen,kitchen,living,kitchen,living,bathroom,kitchen,kitchen,kitchen,kitchen,living,living,living,living,bedroom,bathroom,entry,living,bathroom,bathroom,living,bedroom,living
25860,d17 Thu 23:00,bedroom,entry,entry,bedroom,kitchen,kitchen,living,kitchen,bedroom,kitchen,kitchen,living,kitchen,living,bathroom,kitchen,kitchen,kitchen,kitchen,living,living,living,living,bedroom,bathroom,entry,living,bathroom,bathroom,living,bedroom,living
25920,d18 Fri 00:00,bedroom,entry,entry,bedroom,kitchen,kitchen,living,kitchen,bedroom,kitchen,kitchen,living,kitchen,living,bathroom,kitchen,kitchen,kitchen,kitchen,living,living,living,living,bedroom,bathroom,entry,living,bathroom,bathroom,living,bedroom,living
25980,d18 Fri 01:00,bedroom,entry,entry,bedroom,kitchen,kitchen,living,kitchen,bedroom,kitchen,kitchen,living,kitchen,living,bathroom,kitchen,kitchen,kitchen,kitchen,living,living,living,living,bedroom,bathroom,entry,living,bathroom,bathroom,living,bedroom,living
26040,d18 Fri 02:00,bedroom,entry,entry,bedroom,kitchen,kitchen,living,kitchen,bedroom,kitchen,kitchen,living,kitchen,living,bathroom,kitchen,kitchen,kitchen,kitchen,living,living,living,living,bedroom,bathroom,entry,living,bathroom,bathroom,living,bedroom,living
26100,d18 Fri 03:00,bedroom,entry,entry,bedroom,kitchen,kitchen,living,kitchen,bedroom,kitchen,kitchen,living,kitchen,living,bathroom,kitchen,kitchen,kitchen,kitchen,living,living,living,living,bedroom,bathroom,entry,living,bathroom,bathroom,living,bedroom,living
26160,d18 Fri 04:00,bedroom,entry,entry,bedroom,kitchen,kitchen,living,kitchen,bedroom,kitchen,kitchen,living,kitchen,living,bathroom,kitchen,kitchen,kitchen,kitchen,living,living,living,living,bedroom,bathroom,entry,living,bathroom,bathroom,living,bedroom,living
26220,d18 Fri 05:00,bedroom,entry,entry,bedroom,kitchen,kitchen,living,kitchen,bedroom,kitchen,kitchen,living,kitchen,living,bathroom,kitchen,kitchen,kitchen,kitchen,living,living,living,living,bedroom,bathroom,entry,living,bathroom,bathroom,living,bedroom,living
26280,d18 Fri 06:00,bedroom,entry,entry,bedroom,kitchen,kitchen,living,kitchen,bedroom,kitchen,kitchen,living,kitchen,living,bathroom,kitchen,kitchen,kitchen,kitchen,living,living,living,living,bedroom,bathroom,entry,living,bathroom,bathroom,living,bedroom,living
26340,d18 Fri 07:00,bathroom,entry,entry,bedroom,kitchen,kitchen,living,kitchen,bedroom,kitchen,kitchen,living,kitchen,living,bathroom,kitchen,kitchen,kitchen,kitchen,living,living,living,living,bedroom,bathroom,entry,living,bathroom,bedroom,living,bedroom,living
26400,d18 Fri 08:00,kitchen,entry,entry,bedroom,kitchen,kitchen,living,kitchen,bedroom,kitchen,kitchen,living,kitchen,kitchen,bathroom,kitchen,kitchen,kitchen,kitchen,living,living,living,living,bedroom,bathroom,entry,living,bathroom,bedroom,bathroom,bedroom,living
26460,d18 Fri 09:00,outside,outside,outside,outside,outside,outside,outside,outside,outside,outside,kitchen,outside,outside,kitchen,bathroom,kitchen,kitchen,kitchen,kitchen,living,living,living,living,bedroom,bathroom,entry,living,bathroom,bedroom,outside,bedroom,outside
26520,d18 Fri 10:00,outside,outside,outside,outside,outside,outside,outside,outside,outside,outside,kitchen,outside,outside,kitchen,bathroom,kitchen,kitchen,kitchen,kitchen,living,living,living,living,bedroom,bathroom,entry,living,bathroom,bedroom,outside,bedroom,outside
26580,d18 Fri 11:00,outside,outside,outside,outside,outside,outside,outside,outside,outside,outside,kitchen,outside,outside,kitchen,bathroom,kitchen,kitchen,kitchen,kitchen,living,living,living,living,bedroom,bathroom,entry,living,bathroom,bedroom,outside,bedroom,outside
26640,d18 Fri 12:00,outside,outside,outside,outside,outside,outside,outside,outside,outside,outside,kitchen,outside,outside,kitchen,bathroom,kitchen,kitchen,kitchen,kitchen,living,living,living,living,bedroom,bathroom,entry,living,bathroom,bedroom,outside,bedroom,outside
26700,d18 Fri 13:00,outside,outside,outside,outside,outside,outside,outside,outside,outside,outside,kitchen,outside,outside,kitchen,bathroom,kitchen,kitchen,kitchen,kitchen,living,living,living,living,bedroom,bathroom,entry,living,bathroom,bedroom,outside,bedroom,outside
26760,d18 Fri 14:00,outside,outside,outside,outside,outside,outside,outside,outside,outside,outside,kitchen,outside,outside,kitchen,bathroom,kitchen,kitchen,kitchen,kitchen,living,living,living,living,bedroom,bathroom,entry,living,bathroom,bedroom,outside,bedroom,outside
26820,d18 Fri 15:00,outside,outside,outside,outside,outside,outside,outside,outside,outside,outside,kitchen,outside,outside,kitchen,bathroom,kitchen,kitchen,kitchen,kitchen,living,living,living,living,bedroom,bathroom,entry,living,bathroom,bedroom,outside,bedroom,outside
26880,d18 Fri 16:00,bedroom,bedroom,entry,kitchen,kitchen,kitchen,entry,kitchen,bedroom,kitchen,kitchen,kitchen,kitchen,kitchen,bathroom,kitchen,kitchen,kitchen,kitchen,living,living,living,living,bedroom,bedroom,entry,living,bathroom,bedroom,bedroom,bedroom,kitchen
26940,d18 Fri 17:00,bedroom,living,entry,kitchen,kitchen,kitchen,bedroom,kitchen,bedroom,kitchen,kitchen,kitchen,kitchen,living,bathroom,kitchen,kitchen,kitchen,kitchen,living,living,living,living,bedroom,bathroom,entry,bedroom,bathroom,bedroom,bedroom,bedroom,entry
27000,d18 Fri 18:00,bedroom,bedroom,entry,kitchen,kitchen,kitchen,bedroom,kitchen,bedroom,kitchen,kitchen,bedroom,kitchen,living,bathroom,kitchen,kitchen,kitchen,kitchen,bedroom,living,living,living,bedroom,bathroom,entry,bedroom,bathroom,bedroom,bedroom,bedroom,entry
27060,d18 Fri 19:00,bedroom,bedroom,entry,kitchen,kitchen,kitchen,bedroom,kitchen,bedroom,kitchen,kitchen,bedroom,kitchen,living,bathroom,kitchen,kitchen,kitchen,kitchen,bedroom,living,living,living,bedroom,bathroom,entry,bedroom,bathroom,bedroom,bedroom,bedroom,entry
27120,d18 Fri 20:00,bedroom,bedroom,entry,kitchen,kitchen,kitchen,bedroom,kitchen,bedroom,kitchen,kitchen,bedroom,kitchen,living,bathroom,kitchen,kitchen,kitchen,kitchen,bedroom,living,living,living,bedroom,bathroom,entry,bedroom,bathroom,bedroom,bedroom,bedroom,entry
27180,d18 Fri 21:00,bedroom,bedroom,entry,kitchen,kitchen,kitchen,bedroom,kitchen,bedroom,kitchen,kitchen,bedroom,kitchen,living,bathroom,kitchen,kitchen,kitchen,kitchen,bedroom,living,living,living,bedroom,bathroom,entry,bedroom,bathroom,bedroom,bedroom,bedroom,entry
27240,d18 Fri 22:00,bedroom,bedroom,entry,kitchen,kitchen,kitchen,bedroom,kitchen,bedroom,kitchen,kitchen,bedroom,kitchen,living,bathroom,kitchen,kitchen,kitchen,kitchen,bedroom,living,living,living,bedroom,bathroom,entry,bedroom,bathroom,bedroom,bedroom,bedroom,entry
27300,d18 Fri 23:00,bedroom,bedroom,entry,kitchen,kitchen,kitchen,bedroom,kitchen,bedroom,kitchen,kitchen,bedroom,kitchen,living,bathroom,kitchen,kitchen,kitchen,kitchen,bedroom,living,living,living,bedroom,bathroom,entry,bedroom,bathroom,bedroom,bedroom,bedroom,entry
27360,d19 Sat 00:00,bedroom,bedroom,entry,kitchen,kitchen,kitchen,bedroom,kitchen,bedroom,kitchen,kitchen,bedroom,kitchen,living,bathroom,kitchen,kitchen,kitchen,kitchen,bedroom,living,living,living,bedroom,bathroom,entry,bedroom,bathroom,bedroom,bedroom,bedroom,entry
27420,d19 Sat 01:00,bedroom,bedroom,entry,kitchen,kitchen,kitchen,bedroom,kitchen,bedroom,kitchen,kitchen,bedroom,kitchen,living,bathroom,kitchen,kitchen,kitchen,kitchen,bedroom,living,living,living,bedroom,bathroom,entry,bedroom,bathroom,bedroom,bedroom,bedroom,entry
27480,d19 Sat 02:00,bedroom,bedroom,entry,kitchen,kitchen,kitchen,bedroom,kitchen,bedroom,kitchen,kitchen,bedroom,kitchen,living,bathroom,kitchen,kitchen,kitchen,kitchen,bedroom,living,living,living,bedroom,bathroom,entry,bedroom,bathroom,bedroom,bedroom,bedroom,entry
27540,d19 Sat 03:00,bedroom,bedroom,entry,kitchen,kitchen,kitchen,bedroom,kitchen,bedroom,kitchen,kitchen,bedroom,kitchen,living,bathroom,kitchen,kitchen,kitchen,kitchen,bedroom,living,living,living,bedroom,bathroom,entry,bedroom,bathroom,bedroom,bedroom,bedroom,entry
27600,d19 Sat 04:00,bedroom,bedroom,entry,kitchen,kitchen,kitchen,bedroom,kitchen,bedroom,kitchen,kitchen,bedroom,kitchen,living,bathroom,kitchen,kitchen,kitchen,kitchen,bedroom,living,living,living,bedroom,bathroom,entry,bedroom,bathroom,bedroom,bedroom,bedroom,entry
27660,d19 Sat 05:00,bedroom,bedroom,entry,kitchen,kitchen,kitchen,bedroom,kitchen,bedroom,kitchen,kitchen,bedroom,kitchen,living,bathroom,kitchen,kitchen,kitchen,kitchen,bedroom,living,living,living,bedroom,bathroom,entry,bedroom,bathroom,bedroom,bedroom,bedroom,entry
27720,d19 Sat 06:00,bedroom,bedroom,entry,kitchen,kitchen,kitchen,bedroom,kitchen,bedroom,kitchen,kitchen,bedroom,kitchen,living,bathroom,kitchen,kitchen,kitchen,kitchen,bedroom,living,living,living,bedroom,bathroom,entry,bedroom,bathroom,bedroom,bedroom,bedroom,entry
27780,d19 Sat 07:00,bedroom,bedroom,entry,kitchen,kitchen,kitchen,bedroom,kitchen,bedroom,kitchen,kitchen,bedroom,kitchen,living,bathroom,kitchen,kitchen,kitchen,kitchen,bedroom,living,living,living,bedroom,bathroom,entry,bedroom,bathroom,bedroom,bedroom,bedroom,entry
27840,d19 Sat 08:00,bedroom,bedroom,entry,kitchen,kitchen,kitchen,bedroom,kitchen,bedroom,kitchen,kitchen,bedroom,kitchen,kitchen,bathroom,kitchen,kitchen,kitchen,kitchen,bedroom,living,living,living,bedroom,bathroom,entry,bedroom,bathroom,bedroom,bedroom,bedroom,entry
27900,d19 Sat 09:00,outside,outside,outside,kitchen,kitchen,kitchen,bedroom,kitchen,outside,kitchen,kitchen,bedroom,kitchen,kitchen,bathroom,kitchen,kitchen,kitchen,kitchen,living,living,living,living,bedroom,bathroom,entry,kitchen,bathroom,bedroom,bedroom,bedroom,entry
27960,d19 Sat 10:00,outside,outside,outside,kitchen,kitchen,kitchen,bedroom,kitchen,outside,kitchen,kitchen,bedroom,kitchen,kitchen,bathroom,kitchen,kitchen,kitchen,kitchen,living,living,living,living,bedroom,bathroom,entry,kitchen,bathroom,bedroom,bedroom,bedroom,entry
28020,d19 Sat 11:00,outside,outside,outside,kitchen,kitchen,kitchen,bedroom,kitchen,outside,kitchen,kitchen,bedroom,kitchen,kitchen,bathroom,kitchen,kitchen,kitchen,kitchen,living,living,living,living,bedroom,bathroom,entry,kitchen,bathroom,bedroom,bedroom,bedroom,entry
28080,d19 Sat 12:00,outside,outside,outside,kitchen,kitchen,kitchen,bedroom,kitchen,outside,kitchen,kitchen,bedroom,kitchen,kitchen,bathroom,kitchen,kitchen,kitchen,kitchen,living,living,living,living,bedroom,bathroom,entry,kitchen,bathroom,bedroom,bedroom,bedroom,entry
28140,d19 Sat 13:00,outside,outside,outside,kitchen,kitchen,kitchen,bedroom,kitchen,outside,kitchen,kitchen,bedroom,kitchen,kitchen,bathroom,kitchen,kitchen,kitchen,kitchen,living,living,living,living,bedroom,bathroom,entry,kitchen,bathroom,bedroom,bedroom,bedroom,entry
28200,d19 Sat 14:00,outside,outside,outside,kitchen,kitchen,kitchen,bedroom,kitchen,outside,kitchen,kitchen,bedroom,kitchen,kitchen,bathroom,kitchen,kitchen,kitchen,kitchen,living,living,living,living,bedroom,bathroom,entry,kitchen,bathroom,bedroom,bedroom,bedroom,entry
28260,d19 Sat 15:00,outside,outside,outside,kitchen,kitchen,kitchen,bedroom,kitchen,outside,kitchen,kitchen,bedroom,kitchen,kitchen,bathroom,kitchen,kitchen,kitchen,kitchen,living,living,living,living,bedroom,bathroom,entry,kitchen,bathroom,bedroom,bedroom,bedroom,entry
28320,d19 Sat 16:00,outside,outside,outside,kitchen,kitchen,kitchen,bedroom,kitchen,outside,kitchen,kitchen,bedroom,kitchen,kitchen,bathroom,kitchen,kitchen,kitchen,kitchen,living,living,living,living,bedroom,bathroom,entry,kitchen,bathroom,bedroom,bedroom,bedroom,entry
28380,d19 Sat 17:00,outside,outside,outside,kitchen,kitchen,kitchen,bedroom,kitchen,outside,kitchen,kitchen,bedroom,kitchen,kitchen,bathroom,kitchen,kitchen,kitchen,kitchen,living,living,living,living,bedroom,bathroom,entry,kitchen,bathroom,bedroom,bedroom,bedroom,entry
28440,d19 Sat 18:00,bathroom,entry,entry,kitchen,kitchen,kitchen,bedroom,kitchen,bedroom,kitchen,kitchen,bedroom,kitchen,kitchen,kitchen,kitchen,kitchen,kitchen,kitchen,living,living,living,living,bedroom,bathroom,entry,kitchen,bathroom,bathroom,bedroom,bedroom,entry
28500,d19 Sat 19:00,bathroom,entry,entry,kitchen,kitchen,kitchen,bedroom,kitchen,bedroom,kitchen,kitchen,bedroom,kitchen,kitchen,kitchen,kitchen,kitchen,kitchen,kitchen,living,living,living,living,bedroom,bathroom,entry,kitchen,bathroom,bedroom,bedroom,bedroom,entry
28560,d19 Sat 20:00,bathroom,entry,entry,kitchen,kitchen,kitchen,bedroom,kitchen,bedroom,kitchen,kitchen,bedroom,kitchen,kitchen,kitchen,kitchen,kitchen,kitchen,kitchen,living,living,living,living,bedroom,bathroom,entry,kitchen,bathroom,bedroom,bedroom,bedroom,entry
28620,d19 Sat 21:00,bathroom,entry,entry,kitchen,kitchen,kitchen,bedroom,kitchen,bedroom,kitchen,kitchen,bedroom,kitchen,kitchen,kitchen,kitchen,kitchen,kitchen,kitchen,living,living,living,living,bedroom,bathroom,entry,kitchen,bathroom,bedroom,bedroom,bedroom,entry
28680,d19 Sat 22:00,bathroom,entry,entry,kitchen,kitchen,kitchen,bedroom,kitchen,bedroom,kitchen,kitchen,bedroom,kitchen,kitchen,kitchen,kitchen,kitchen,kitchen,kitchen,living,living,living,living,bedroom,bathroom,entry,kitchen,bathroom,bedroom,bedroom,bedroom,entry
28740,d19 Sat 23:00,bathroom,entry,entry,kitchen,kitchen,kitchen,bedroom,kitchen,bedroom,kitchen,kitchen,bedroom,kitchen,kitchen,kitchen,kitchen,kitchen,kitchen,kitchen,living,living,living,living,bedroom,bathroom,entry,kitchen,bathroom,bedroom,bedroom,bedroom,entry
28800,d20 Sun 00:00,bathroom,entry,entry,kitchen,kitchen,kitchen,bedroom,kitchen,bedroom,kitchen,kitchen,bedroom,kitchen,kitchen,kitchen,kitchen,kitchen,kitchen,kitchen,living,living,living,living,bedroom,bathroom,entry,kitchen,bathroom,bedroom,bedroom,bedroom,entry
28860,d20 Sun 01:00,bathroom,entry,entry,kitchen,kitchen,kitchen,bedroom,kitchen,bedroom,kitchen,kitchen,bedroom,kitchen,kitchen,kitchen,kitchen,kitchen,kitchen,kitchen,living,living,living,living,bedroom,bathroom,entry,kitchen,bathroom,bedroom,bedroom,bedroom,entry
28920,d20 Sun 02:00,bathroom,entry,entry,kitchen,kitchen,kitchen,bedroom,kitchen,bedroom,kitchen,kitchen,bedroom,kitchen,kitchen,kitchen,kitchen,kitchen,kitchen,kitchen,living,living,living,living,bedroom,bathroom,entry,kitchen,bathroom,bedroom,bedroom,bedroom,entry
28980,d20 Sun 03:00,bathroom,entry,entry,kitchen,kitchen,kitchen,bedroom,kitchen,bedroom,kitchen,kitchen,bedroom,kitchen,kitchen,kitchen,kitchen,kitchen,kitchen,kitchen,living,living,living,living,bedroom,bathroom,entry,kitchen,bathroom,bedroom,bedroom,bedroom,entry
29040,d20 Sun 04:00,bathroom,entry,entry,kitchen,kitchen,kitchen,bedroom,kitchen,bedroom,kitchen,kitchen,bedroom,kitchen,kitchen,kitchen,kitchen,kitchen,kitchen,kitchen,living,living,living,living,bedroom,bathroom,entry,kitchen,bathroom,bedroom,bedroom,bedroom,entry
29100,d20 Sun 05:00,bathroom,entry,entry,kitchen,kitchen,kitchen,bedroom,kitchen,bedroom,kitchen,kitchen,bedroom,kitchen,kitchen,kitchen,kitchen,kitchen,kitchen,kitchen,living,living,living,living,bedroom,bathroom,entry,kitchen,bathroom,bedroom,bedroom,bedroom,entry
29160,d20 Sun 06:00,bathroom,entry,entry,kitchen,kitchen,kitchen,bedroom,kitchen,bedroom,kitchen,kitchen,bedroom,kitchen,kitchen,kitchen,kitchen,kitchen,kitchen,kitchen,living,living,living,living,bedroom,bathroom,entry,kitchen,bathroom,bedroom,bedroom,bedroom,entry
29220,d20 Sun 07:00,bathroom,entry,entry,kitchen,kitchen,kitchen,bedroom,kitchen,bedroom,kitchen,kitchen,bedroom,kitchen,kitchen,kitchen,kitchen,kitchen,kitchen,kitchen,living,living,living,living,bedroom,bathroom,entry,kitchen,bathroom,bedroom,bedroom,bedroom,entry
29280,d20 Sun 08:00,bathroom,entry,entry,kitchen,kitchen,kitchen,bedroom,kitchen,bedroom,kitchen,bedroom,bedroom,kitchen,kitchen,kitchen,kitchen,kitchen,kitchen,kitchen,bedroom,living,bedroom,living,bedroom,bathroom,entry,bedroom,bathroom,bedroom,bedroom,bedroom,entry
29340,d20 Sun 09:00,bathroom,entry,entry,kitchen,kitchen,kitchen,bedroom,kitchen,bedroom,kitchen,kitchen,bedroom,kitchen,kitchen,kitchen,kitchen,kitchen,kitchen,kitchen,living,living,living,living,bedroom,bedroom,entry,bedroom,bathroom,bedroom,bedroom,bedroom,entry
29400,d20 Sun 10:00,outside,outside,outside,kitchen,kitchen,outside,bedroom,kitchen,outside,kitchen,kitchen,bedroom,kitchen,kitchen,kitchen,kitchen,kitchen,kitchen,kitchen,living,living,living,living,bedroom,bedroom,entry,bedroom,bathroom,bedroom,bedroom,bedroom,entry
29460,d20 Sun 11:00,outside,outside,outside,kitchen,kitchen,entry,outside,kitchen,outside,kitchen,kitchen,bedroom,kitchen,kitchen,kitchen,kitchen,kitchen,kitchen,kitchen,living,living,living,living,bedroom,bedroom,entry,bedroom,bathroom,bedroom,bedroom,bedroom,outside
29520,d20 Sun 12:00,entry,entry,entry,kitchen,kitchen,entry,kitchen,kitchen,bedroom,kitchen,kitchen,bedroom,kitchen,kitchen,kitchen,kitchen,kitchen,kitchen,kitchen,living,living,living,living,bedroom,bedroom,entry,bedroom,bathroom,bedroom,bedroom,bedroom,entry
29580,d20 Sun 13:00,entry,entry,entry,kitchen,bedroom,entry,kitchen,living,kitchen,kitchen,kitchen,kitchen,kitchen,living,kitchen,kitchen,kitchen,kitchen,kitchen,living,living,living,living,bedroom,bedroom,entry,bedroom,bathroom,bedroom,bedroom,bedroom,entry
29640,d20 Sun 14:00,entry,entry,entry,kitchen,bedroom,entry,kitchen,living,living,kitchen,kitchen,living,kitchen,kitchen,kitchen,kitchen,kitchen,kitchen,kitchen,living,living,living,living,bedroom,bedroom,entry,bedroom,bathroom,bedroom,bedroom,bedroom,entry
29700,d20 Sun 15:00,entry,entry,entry,kitchen,bedroom,entry,kitchen,living,living,kitchen,kitchen,living,kitchen,kitchen,kitchen,kitchen,kitchen,kitchen,kitchen,living,living,living,living,bedroom,bedroom,entry,bedroom,bathroom,bedroom,bedroom,bedroom,entry
29760,d20 Sun 16:00,entry,entry,entry,kitchen,bedroom,entry,kitchen,living,living,kitchen,kitchen,living,kitchen,kitchen,kitchen,kitchen,kitchen,kitchen,kitchen,living,living,living,living,bedroom,bedroom,entry,bedroom,bathroom,bedroom,bedroom,bedroom,entry
29820,d20 Sun 17:00,entry,entry,entry,kitchen,bedroom,entry,kitchen,living,living,kitchen,kitchen,living,kitchen,kitchen,kitchen,kitchen,kitchen,kitchen,kitchen,living,living,living,living,bedroom,bedroom,entry,bedroom,bathroom,bedroom,bedroom,bedroom,entry
29880,d20 Sun 18:00,entry,entry,entry,kitchen,bedroom,entry,kitchen,living,living,kitchen,kitchen,living,kitchen,kitchen,kitchen,kitchen,kitchen,kitchen,kitchen,living,living,living,living,bedroom,bedroom,entry,bedroom,bathroom,bedroom,bedroom,bedroom,entry
29940,d20 Sun 19:00,entry,entry,entry,kitchen,bedroom,entry,kitchen,living,living,kitchen,kitchen,living,kitchen,kitchen,kitchen,kitchen,kitchen,kitchen,kitchen,living,living,living,living,bedroom,bedroom,entry,bedroom,bathroom,bedroom,bedroom,bedroom,entry
30000,d20 Sun 20:00,entry,entry,entry,kitchen,bedroom,entry,kitchen,living,living,kitchen,kitchen,living,kitchen,kitchen,kitchen,kitchen,kitchen,kitchen,kitchen,living,living,living,living,bedroom,bedroom,entry,bedroom,bathroom,bedroom,bedroom,bedroom,entry
30060,d20 Sun 21:00,entry,entry,entry,kitchen,bedroom,entry,kitchen,living,living,kitchen,kitchen,living,kitchen,kitchen,kitchen,kitchen,kitchen,kitchen,kitchen,living,living,living,living,bedroom,bedroom,entry,bedroom,bathroom,bedroom,bedroom,bedroom,entry
30120,d20 Sun 22:00,entry,entry,entry,kitchen,bedroom,entry,kitchen,living,living,kitchen,kitchen,living,kitchen,kitchen,kitchen,kitchen,kitchen,kitchen,kitchen,living,living,living,living,bedroom,bedroom,entry,bedroom,bathroom,bedroom,bedroom,bedroom,entry
30180,d20 Sun 23:00,entry,entry,entry,kitchen,bedroom,entry,kitchen,living,living,kitchen,kitchen,living,kitchen,kitchen,kitchen,kitchen,kitchen,kitchen,kitchen,living,living,living,living,bedroom,bedroom,entry,bedroom,bathroom,bedroom,bedroom,bedroom,entry
30240,d21 Mon 00:00,entry,entry,entry,kitchen,bedroom,entry,kitchen,living,living,kitchen,kitchen,living,kitchen,kitchen,kitchen,kitchen,kitchen,kitchen,kitchen,living,living,living,living,bedroom,bedroom,entry,bedroom,bathroom,bedroom,bedroom,bedroom,entry
30300,d21 Mon 01:00,entry,entry,entry,kitchen,bedroom,entry,kitchen,living,living,kitchen,kitchen,living,kitchen,kitchen,kitchen,kitchen,kitchen,kitchen,kitchen,living,living,living,living,bedroom,bedroom,entry,bedroom,bathroom,bedroom,bedroom,bedroom,entry
30360,d21 Mon 02:00,entry,entry,entry,kitchen,bedroom,entry,kitchen,living,living,kitchen,kitchen,living,kitchen,kitchen,kitchen,kitchen,kitchen,kitchen,kitchen,living,living,living,living,bedroom,bedroom,entry,bedroom,bathroom,bedroom,bedroom,bedroom,entry
30420,d21 Mon 03:00,entry,entry,entry,kitchen,bedroom,entry,kitchen,living,living,kitchen,kitchen,living,kitchen,kitchen,kitchen,kitchen,kitchen,kitchen,kitchen,living,living,living,living,bedroom,bedroom,entry,bedroom,bathroom,bedroom,bedroom,bedroom,entry
30480,d21 Mon 04:00,entry,entry,entry,kitchen,bedroom,entry,kitchen,living,living,kitchen,kitchen,living,kitchen,kitchen,kitchen,kitchen,kitchen,kitchen,kitchen,living,living,living,living,bedroom,bedroom,entry,bedroom,bathroom,bedroom,bedroom,bedroom,entry
30540,d21 Mon 05:00,entry,entry,entry,kitchen,bedroom,entry,kitchen,living,living,kitchen,kitchen,living,kitchen,kitchen,kitchen,kitchen,kitchen,kitchen,kitchen,living,living,living,living,bedroom,bedroom,entry,bedroom,bathroom,bedroom,bedroom,bedroom,entry
30600,d21 Mon 06:00,entry,entry,entry,kitchen,bedroom,entry,kitchen,living,living,kitchen,kitchen,living,kitchen,kitchen,kitchen,kitchen,kitchen,kitchen,kitchen,living,living,living,living,bedroom,bedroom,entry,bedroom,bathroom,bedroom,bedroom,bedroom,entry
30660,d21 Mon 07:00,entry,entry,entry,kitchen,bedroom,entry,kitchen,living,living,kitchen,kitchen,living,kitchen,kitchen,kitchen,kitchen,kitchen,kitchen,kitchen,living,living,living,living,bedroom,bathroom,entry,bedroom,bathroom,bathroom,bedroom,bedroom,entry
30720,d21 Mon 08:00,outside,outside,outside,outside,outside,outside,outside,outside,outside,outside,kitchen,outside,outside,kitchen,kitchen,kitchen,kitchen,kitchen,kitchen,living,living,living,living,bedroom,bathroom,entry,bedroom,bathroom,bathroom,outside,bedroom,outside
30780,d21 Mon 09:00,outside,outside,outside,outside,outside,outside,outside,outside,outside,outside,kitchen,outside,outside,kitchen,kitchen,kitchen,kitchen,kitchen,kitchen,living,living,living,living,bedroom,bathroom,entry,bedroom,bathroom,bathroom,outside,bedroom,outside
30840,d21 Mon 10:00,outside,outside,outside,outside,outside,outside,outside,outside,outside,outside,kitchen,outside,outside,kitchen,kitchen,kitchen,kitchen,kitchen,kitchen,living,living,living,living,bedroom,bathroom,entry,bedroom,bathroom,bathroom,outside,bedroom,outside
30900,d21 Mon 11:00,outside,outside,outside,outside,outside,outside,outside,outside,outside,outside,kitchen,outside,outside,kitchen,kitchen,kitchen,kitchen,kitchen,kitchen,living,living,living,living,bedroom,bathroom,entry,bedroom,bathroom,bathroom,outside,bedroom,outside
30960,d21 Mon 12:00,outside,outside,outside,outside,outside,outside,outside,outside,outside,outside,kitchen,outside,outside,kitchen,kitchen,kitchen,kitchen,kitchen,kitchen,living,living,living,living,bedroom,bathroom,entry,bedroom,bathroom,bathroom,outside,bedroom,outside
31020,d21 Mon 13:00,outside,outside,outside,outside,outside,outside,outside,outside,outside,outside,kitchen,outside,outside,kitchen,kitchen,kitchen,kitchen,kitchen,kitchen,living,living,living,living,bedroom,bathroom,entry,bedroom,bathroom,bathroom,outside,bedroom,outside
31080,d21 Mon 14:00,outside,outside,outside,outside,outside,outside,outside,outside,outside,outside,kitchen,outside,outside,kitchen,kitchen,kitchen,kitchen,kitchen,kitchen,living,living,living,living,bedroom,bathroom,entry,bedroom,bathroom,bathroom,outside,bedroom,outside
31140,d21 Mon 15:00,outside,outside,outside,outside,outside,outside,outside,outside,outside,outside,kitchen,outside,outside,kitchen,kitchen,kitchen,kitchen,kitchen,kitchen,living,living,living,living,bedroom,bathroom,entry,bedroom,bathroom,bathroom,outside,bedroom,outside
31200,d21 Mon 16:00,entry,entry,entry,kitchen,bedroom,kitchen,kitchen,kitchen,bedroom,kitchen,kitchen,kitchen,kitchen,kitchen,kitchen,kitchen,kitchen,kitchen,kitchen,living,living,living,living,bedroom,bathroom,entry,bedroom,bathroom,bathroom,bathroom,bedroom,kitchen
31260,d21 Mon 17:00,outside,outside,outside,kitchen,bedroom,kitchen,outside,kitchen,outside,kitchen,kitchen,kitchen,kitchen,kitchen,kitchen,kitchen,kitchen,kitchen,kitchen,living,living,living,living,bedroom,bathroom,entry,bedroom,bathroom,bathroom,bathroom,bedroom,outside
31320,d21 Mon 18:00,living,entry,entry,kitchen,bedroom,kitchen,entry,kitchen,bedroom,kitchen,kitchen,kitchen,kitchen,kitchen,kitchen,kitchen,kitchen,kitchen,kitchen,living,living,living,living,bedroom,bathroom,entry,bedroom,bathroom,bathroom,bathroom,bedroom,living
31380,d21 Mon 19:00,living,entry,entry,kitchen,bedroom,kitchen,entry,kitchen,bedroom,kitchen,kitchen,kitchen,kitchen,kitchen,kitchen,kitchen,kitchen,kitchen,kitchen,living,living,living,living,bedroom,bathroom,entry,bedroom,bathroom,bathroom,bathroom,bedroom,living
31440,d21 Mon 20:00,living,entry,entry,kitchen,bedroom,kitchen,entry,kitchen,bedroom,kitchen,kitchen,kitchen,kitchen,kitchen,kitchen,kitchen,kitchen,kitchen,kitchen,living,living,living,living,bedroom,bathroom,entry,bedroom,bathroom,bathroom,bathroom,bedroom,living
31500,d21 Mon 21:00,living,entry,entry,kitchen,bedroom,kitchen,entry,kitchen,bedroom,kitchen,kitchen,kitchen,kitchen,kitchen,kitchen,kitchen,kitchen,kitchen,kitchen,living,living,living,living,bedroom,bathroom,entry,bedroom,bathroom,bathroom,bathroom,bedroom,living
31560,d21 Mon 22:00,living,entry,entry,kitchen,bedroom,kitchen,entry,kitchen,bedroom,kitchen,kitchen,kitchen,kitchen,kitchen,kitchen,kitchen,kitchen,kitchen,kitchen,living,living,living,living,bedroom,bathroom,entry,bedroom,bathroom,bathroom,bathroom,bedroom,living
31620,d21 Mon 23:00,living,entry,entry,kitchen,bedroom,kitchen,entry,kitchen,bedroom,kitchen,kitchen,kitchen,kitchen,kitchen,kitchen,kitchen,kitchen,kitchen,kitchen,living,living,living,living,bedroom,bathroom,entry,bedroom,bathroom,bathroom,bathroom,bedroom,living
31680,d22 Tue 00:00,living,entry,entry,kitchen,bedroom,kitchen,entry,kitchen,bedroom,kitchen,kitchen,kitchen,kitchen,kitchen,kitchen,kitchen,kitchen,kitchen,kitchen,living,living,living,living,bedroom,bathroom,entry,bedroom,bathroom,bathroom,bathroom,bedroom,living
31740,d22 Tue 01:00,living,entry,entry,kitchen,bedroom,kitchen,entry,kitchen,bedroom,kitchen,kitchen,kitchen,kitchen,kitchen,kitchen,kitchen,kitchen,kitchen,kitchen,living,living,living,living,bedroom,bathroom,entry,bedroom,bathroom,bathroom,bathroom,bedroom,living
31800,d22 Tue 02:00,living,entry,entry,kitchen,bedroom,kitchen,entry,kitchen,bedroom,kitchen,kitchen,kitchen,kitchen,kitchen,kitchen,kitchen,kitchen,kitchen,kitchen,living,living,living,living,bedroom,bathroom,entry,bedroom,bathroom,bathroom,bathroom,bedroom,living
31860,d22 Tue 03:00,living,entry,entry,kitchen,bedroom,kitchen,entry,kitchen,bedroom,kitchen,kitchen,kitchen,kitchen,kitchen,kitchen,kitchen,kitchen,kitchen,kitchen,living,living,living,living,bedroom,bathroom,entry,bedroom,bathroom,bathroom,bathroom,bedroom,living
31920,d22 Tue 04:00,living,entry,entry,kitchen,bedroom,kitchen,entry,kitchen,bedroom,kitchen,kitchen,kitchen,kitchen,kitchen,kitchen,kitchen,kitchen,kitchen,kitchen,living,living,living,living,bedroom,bathroom,entry,bedroom,bathroom,bathroom,bathroom,bedroom,living
31980,d22 Tue 05:00,living,entry,entry,kitchen,bedroom,kitchen,entry,kitchen,bedroom,kitchen,kitchen,kitchen,kitchen,kitchen,kitchen,kitchen,kitchen,kitchen,kitchen,living,living,living,living,bedroom,bathroom,entry,bedroom,bathroom,bathroom,bathroom,bedroom,living
32040,d22 Tue 06:00,living,entry,entry,kitchen,bedroom,kitchen,entry,kitchen,bedroom,kitchen,kitchen,kitchen,kitchen,kitchen,kitchen,kitchen,kitchen,kitchen,kitchen,living,living,living,living,bedroom,bathroom,entry,bedroom,bathroom,bathroom,bathroom,bedroom,living
32100,d22 Tue 07:00,living,entry,entry,kitchen,bedroom,kitchen,entry,kitchen,bedroom,kitchen,kitchen,kitchen,kitchen,kitchen,kitchen,kitchen,kitchen,kitchen,kitchen,living,living,living,living,bedroom,bathroom,entry,bedroom,bathroom,bathroom,bathroom,bedroom,living
32160,d22 Tue 08:00,outside,outside,outside,outside,outside,outside,outside,outside,outside,outside,kitchen,outside,outside,kitchen,kitchen,kitchen,kitchen,kitchen,kitchen,living,living,living,living,bedroom,bathroom,entry,bedroom,bathroom,bathroom,outside,bedroom,outside
32220,d22 Tue 09:00,outside,outside,outside,outside,outside,outside,outside,outside,outside,outside,kitchen,outside,outside,kitchen,kitchen,kitchen,kitchen,kitchen,kitchen,living,living,living,living,bedroom,bathroom,entry,bedroom,bathroom,bathroom,outside,bedroom,outside
32280,d22 Tue 10:00,outside,outside,outside,outside,outside,outside,outside,outside,outside,outside,kitchen,outside,outside,kitchen,kitchen,kitchen,kitchen,kitchen,kitchen,living,living,living,living,bedroom,bathroom,entry,bedroom,bathroom,bathroom,outside,bedroom,outside
32340,d22 Tue 11:00,outside,outside,outside,outside,outside,outside,outside,outside,outside,outside,kitchen,outside,outside,kitchen,kitchen,kitchen,kitchen,kitchen,kitchen,living,living,living,living,bedroom,bathroom,entry,bedroom,bathroom,bathroom,outside,bedroom,outside
32400,d22 Tue 12:00,outside,outside,outside,outside,outside,outside,outside,outside,outside,outside,kitchen,outside,outside,kitchen,kitchen,kitchen,kitchen,kitchen,kitchen,living,living,living,living,bedroom,bathroom,entry,bedroom,bathroom,bathroom,outside,bedroom,outside
32460,d22 Tue 13:00,outside,outside,outside,outside,outside,outside,outside,outside,outside,outside,kitchen,outside,outside,kitchen,kitchen,kitchen,kitchen,kitchen,kitchen,living,living,living,living,bedroom,bathroom,entry,bedroom,bathroom,bathroom,outside,bedroom,outside
32520,d22 Tue 14:00,outside,outside,outside,outside,outside,outside,outside,outside,outside,outside,kitchen,outside,outside,kitchen,kitchen,kitchen,kitchen,kitchen,kitchen,living,living,living,living,bedroom,bathroom,entry,bedroom,bathroom,bathroom,outside,bedroom,outside
32580,d22 Tue 15:00,outside,outside,outside,outside,outside,outside,outside,outside,outside,outside,kitchen,outside,outside,kitchen,kitchen,kitchen,kitchen,kitchen,kitchen,living,living,living,living,bedroom,bathroom,entry,bedroom,bathroom,bathroom,outside,bedroom,outside
32640,d22 Tue 16:00,outside,outside,outside,outside,outside,outside,outside,outside,outside,outside,kitchen,outside,outside,kitchen,kitchen,kitchen,kitchen,kitchen,kitchen,living,living,living,living,bedroom,bathroom,entry,bedroom,bathroom,bathroom,outside,bedroom,outside
32700,d22 Tue 17:00,kitchen,entry,entry,kitchen,kitchen,kitchen,kitchen,kitchen,kitchen,kitchen,kitchen,kitchen,kitchen,kitchen,kitchen,kitchen,kitchen,kitchen,kitchen,living,living,living,living,bedroom,bathroom,entry,bedroom,bathroom,bathroom,bathroom,bedroom,kitchen
32760,d22 Tue 18:00,kitchen,entry,entry,kitchen,kitchen,bathroom,kitchen,kitchen,kitchen,kitchen,kitchen,kitchen,kitchen,living,kitchen,kitchen,kitchen,kitchen,kitchen,living,living,living,living,bedroom,bathroom,entry,bedroom,bathroom,living,bathroom,bedroom,kitchen
32820,d22 Tue 19:00,kitchen,entry,entry,kitchen,kitchen,bathroom,kitchen,kitchen,bedroom,kitchen,kitchen,living,kitchen,living,kitchen,kitchen,kitchen,kitchen,kitchen,bedroom,living,living,living,bedroom,bathroom,entry,bedroom,bathroom,living,bathroom,bedroom,kitchen
32880,d22 Tue 20:00,kitchen,entry,entry,kitchen,kitchen,bathroom,kitchen,kitchen,bedroom,kitchen,kitchen,living,kitchen,living,kitchen,kitchen,kitchen,kitchen,kitchen,bedroom,living,living,living,bedroom,bathroom,entry,bedroom,bathroom,living,bathroom,bedroom,kitchen
32940,d22 Tue 21:00,kitchen,entry,entry,kitchen,kitchen,bathroom,kitchen,kitchen,bedroom,kitchen,kitchen,living,kitchen,living,kitchen,kitchen,kitchen,kitchen,kitchen,bedroom,living,living,living,bedroom,bathroom,entry,bedroom,bathroom,living,bathroom,bedroom,kitchen
33000,d22 Tue 22:00,kitchen,entry,entry,kitchen,kitchen,bathroom,kitchen,kitchen,bedroom,kitchen,kitchen,living,kitchen,living,kitchen,kitchen,kitchen,kitchen,kitchen,bedroom,living,living,living,bedroom,bathroom,entry,bedroom,bathroom,living,bathroom,bedroom,kitchen
33060,d22 Tue 23:00,kitchen,entry,entry,kitchen,kitchen,bathroom,kitchen,kitchen,bedroom,kitchen,kitchen,living,kitchen,living,kitchen,kitchen,kitchen,kitchen,kitchen,bedroom,living,living,living,bedroom,bathroom,entry,bedroom,bathroom,living,bathroom,bedroom,kitchen
33120,d23 Wed 00:00,kitchen,entry,entry,kitchen,kitchen,bathroom,kitchen,kitchen,bedroom,kitchen,kitchen,living,kitchen,living,kitchen,kitchen,kitchen,kitchen,kitchen,bedroom,living,living,living,bedroom,bathroom,entry,bedroom,bathroom,living,bathroom,bedroom,kitchen
33180,d23 Wed 01:00,kitchen,entry,entry,kitchen,kitchen,bathroom,kitchen,kitchen,bedroom,kitchen,kitchen,living,kitchen,living,kitchen,kitchen,kitchen,kitchen,kitchen,bedroom,living,living,living,bedroom,bathroom,entry,bedroom,bathroom,living,bathroom,bedroom,kitchen
33240,d23 Wed 02:00,kitchen,entry,entry,kitchen,kitchen,bathroom,kitchen,kitchen,bedroom,kitchen,kitchen,living,kitchen,living,kitchen,kitchen,kitchen,kitchen,kitchen,bedroom,living,living,living,bedroom,bathroom,entry,bedroom,bathroom,living,bathroom,bedroom,kitchen
33300,d23 Wed 03:00,kitchen,entry,entry,kitchen,kitchen,bathroom,kitchen,kitchen,bedroom,kitchen,kitchen,living,kitchen,living,kitchen,kitchen,kitchen,kitchen,kitchen,bedroom,living,living,living,bedroom,bathroom,entry,bedroom,bathroom,living,bathroom,bedroom,kitchen
33360,d23 Wed 04:00,kitchen,entry,entry,kitchen,kitchen,bathroom,kitchen,kitchen,bedroom,kitchen,kitchen,living,kitchen,living,kitchen,kitchen,kitchen,kitchen,kitchen,bedroom,living,living,living,bedroom,bathroom,entry,bedroom,bathroom,living,bathroom,bedroom,kitchen
33420,d23 Wed 05:00,kitchen,entry,entry,kitchen,kitchen,bathroom,kitchen,kitchen,bedroom,kitchen,kitchen,living,kitchen,living,kitchen,kitchen,kitchen,kitchen,kitchen,bedroom,living,living,living,bedroom,bathroom,entry,bedroom,bathroom,living,bathroom,bedroom,kitchen
33480,d23 Wed 06:00,kitchen,entry,entry,kitchen,kitchen,bathroom,kitchen,kitchen,bedroom,kitchen,kitchen,living,kitchen,living,kitchen,kitchen,kitchen,kitchen,kitchen,bedroom,living,living,living,bedroom,bathroom,entry,bedroom,bathroom,living,bathroom,bedroom,kitchen
33540,d23 Wed 07:00,kitchen,entry,entry,kitchen,kitchen,bathroom,kitchen,kitchen,bedroom,kitchen,kitchen,living,kitchen,living,kitchen,kitchen,kitchen,kitchen,kitchen,bedroom,living,living,living,bedroom,bathroom,entry,bedroom,bathroom,bathroom,bathroom,bedroom,kitchen
33600,d23 Wed 08:00,outside,outside,outside,outside,outside,outside,outside,outside,outside,outside,kitchen,outside,outside,kitchen,kitchen,kitchen,kitchen,kitchen,kitchen,bedroom,living,living,living,bedroom,bathroom,entry,bedroom,bathroom,bedroom,outside,bedroom,outside
33660,d23 Wed 09:00,outside,outside,outside,outside,outside,outside,outside,outside,outside,outside,kitchen,outside,outside,kitchen,kitchen,kitchen,kitchen,kitchen,kitchen,bedroom,living,living,living,bedroom,bathroom,entry,bedroom,bathroom,bedroom,outside,bedroom,outside
33720,d23 Wed 10:00,outside,outside,outside,outside,outside,outside,outside,outside,outside,outside,kitchen,outside,outside,kitchen,kitchen,kitchen,kitchen,kitchen,kitchen,bedroom,living,living,living,bedroom,bathroom,entry,bedroom,bathroom,bedroom,outside,bedroom,outside
33780,d23 Wed 11:00,outside,outside,outside,outside,outside,outside,outside,outside,outside,outside,kitchen,outside,outside,kitchen,kitchen,kitchen,kitchen,kitchen,kitchen,bedroom,living,living,living,bedroom,bathroom,entry,bedroom,bathroom,bedroom,outside,bedroom,outside
33840,d23 Wed 12:00,outside,outside,outside,outside,outside,outside,outside,outside,outside,outside,kitchen,outside,outside,kitchen,kitchen,kitchen,kitchen,kitchen,kitchen,bedroom,living,living,living,bedroom,bathroom,entry,bedroom,bathroom,bedroom,outside,bedroom,outside
33900,d23 Wed 13:00,outside,outside,outside,outside,outside,outside,outside,outside,outside,outside,kitchen,outside,outside,kitchen,kitchen,kitchen,kitchen,kitchen,kitchen,bedroom,living,living,living,bedroom,bathroom,entry,bedroom,bathroom,bedroom,outside,bedroom,outside
33960,d23 Wed 14:00,outside,outside,outside,outside,outside,outside,outside,outside,outside,outside,kitchen,outside,outside,kitchen,kitchen,kitchen,kitchen,kitchen,kitchen,bedroom,living,living,living,bedroom,bathroom,entry,bedroom,bathroom,bedroom,outside,bedroom,outside
34020,d23 Wed 15:00,outside,outside,outside,outside,outside,outside,outside,outside,outside,outside,kitchen,outside,outside,kitchen,kitchen,kitchen,kitchen,kitchen,kitchen,bedroom,living,living,living,bedroom,bathroom,entry,bedroom,bathroom,bedroom,outside,bedroom,outside
34080,d23 Wed 16:00,entry,entry,kitchen,kitchen,kitchen,kitchen,kitchen,kitchen,kitchen,kitchen,kitchen,kitchen,kitchen,kitchen,kitchen,kitchen,kitchen,kitchen,kitchen,bedroom,living,living,living,bedroom,bathroom,entry,bedroom,bathroom,bedroom,kitchen,bedroom,kitchen
34140,d23 Wed 17:00,entry,entry,kitchen,kitchen,kitchen,kitchen,kitchen,kitchen,kitchen,kitchen,kitchen,kitchen,kitchen,kitchen,kitchen,kitchen,kitchen,kitchen,kitchen,bedroom,living,living,living,bedroom,bathroom,entry,bedroom,bathroom,bedroom,kitchen,bedroom,kitchen
34200,d23 Wed 18:00,entry,entry,kitchen,kitchen,kitchen,kitchen,kitchen,kitchen,kitchen,kitchen,kitchen,kitchen,kitchen,kitchen,kitchen,kitchen,kitchen,kitchen,kitchen,bedroom,living,living,living,bedroom,bathroom,entry,bedroom,bathroom,bedroom,kitchen,bedroom,kitchen
34260,d23 Wed 19:00,entry,entry,kitchen,kitchen,kitchen,kitchen,kitchen,living,kitchen,kitchen,kitchen,kitchen,kitchen,kitchen,kitchen,kitchen,kitchen,kitchen,kitchen,bedroom,living,living,living,bedroom,bathroom,entry,bedroom,bathroom,bedroom,kitchen,bedroom,kitchen
34320,d23 Wed 20:00,entry,entry,kitchen,kitchen,kitchen,kitchen,kitchen,living,kitchen,kitchen,kitchen,kitchen,kitchen,kitchen,kitchen,kitchen,kitchen,kitchen,kitchen,bedroom,living,living,living,bedroom,bathroom,entry,bedroom,bathroom,bedroom,kitchen,bedroom,kitchen
34380,d23 Wed 21:00,entry,entry,kitchen,kitchen,kitchen,kitchen,kitchen,living,kitchen,kitchen,kitchen,kitchen,kitchen,kitchen,kitchen,kitchen,kitchen,kitchen,kitchen,bedroom,living,living,living,bedroom,bathroom,entry,bedroom,bathroom,bedroom,kitchen,bedroom,kitchen
34440,d23 Wed 22:00,entry,entry,kitchen,kitchen,kitchen,kitchen,kitchen,living,kitchen,kitchen,kitchen,kitchen,kitchen,kitchen,kitchen,kitchen,kitchen,kitchen,kitchen,bedroom,living,living,living,bedroom,bathroom,entry,bedroom,bathroom,bedroom,kitchen,bedroom,kitchen
34500,d23 Wed 23:00,entry,entry,kitchen,kitchen,kitchen,kitchen,kitchen,living,kitchen,kitchen,kitchen,kitchen,kitchen,kitchen,kitchen,kitchen,kitchen,kitchen,kitchen,bedroom,living,living,living,bedroom,bathroom,entry,bedroom,bathroom,bedroom,kitchen,bedroom,kitchen
34560,d24 Thu 00:00,entry,entry,kitchen,kitchen,kitchen,kitchen,kitchen,living,kitchen,kitchen,kitchen,kitchen,kitchen,kitchen,kitchen,kitchen,kitchen,kitchen,kitchen,bedroom,living,living,living,bedroom,bathroom,entry,bedroom,bathroom,bedroom,kitchen,bedroom,kitchen
34620,d24 Thu 01:00,entry,entry,kitchen,kitchen,kitchen,kitchen,kitchen,living,kitchen,kitchen,kitchen,kitchen,kitchen,kitchen,kitchen,kitchen,kitchen,kitchen,kitchen,bedroom,living,living,living,bedroom,bathroom,entry,bedroom,bathroom,bedroom,kitchen,bedroom,kitchen
34680,d24 Thu 02:00,entry,entry,kitchen,kitchen,kitchen,kitchen,kitchen,living,kitchen,kitchen,kitchen,kitchen,kitchen,kitchen,kitchen,kitchen,kitchen,kitchen,kitchen,bedroom,living,living,living,bedroom,bathroom,entry,bedroom,bathroom,bedroom,kitchen,bedroom,kitchen
34740,d24 Thu 03:00,entry,entry,kitchen,kitchen,kitchen,kitchen,kitchen,living,kitchen,kitchen,kitchen,kitchen,kitchen,kitchen,kitchen,kitchen,kitchen,kitchen,kitchen,bedroom,living,living,living,bedroom,bathroom,entry,bedroom,bathroom,bedroom,kitchen,bedroom,kitchen
34800,d24 Thu 04:00,entry,entry,kitchen,kitchen,kitchen,kitchen,kitchen,living,kitchen,kitchen,kitchen,kitchen,kitchen,kitchen,kitchen,kitchen,kitchen,kitchen,kitchen,bedroom,living,living,living,bedroom,bathroom,entry,bedroom,bathroom,bedroom,kitchen,bedroom,kitchen
34860,d24 Thu 05:00,entry,entry,kitchen,kitchen,kitchen,kitchen,kitchen,living,kitchen,kitchen,kitchen,kitchen,kitchen,kitchen,kitchen,kitchen,kitchen,kitchen,kitchen,bedroom,living,living,living,bedroom,bathroom,entry,bedroom,bathroom,bedroom,kitchen,bedroom,kitchen
34920,d24 Thu 06:00,entry,entry,kitchen,kitchen,kitchen,kitchen,kitchen,living,kitchen,kitchen,kitchen,kitchen,kitchen,kitchen,kitchen,kitchen,kitchen,kitchen,kitchen,bedroom,living,living,living,bedroom,bathroom,entry,bedroom,bathroom,bedroom,kitchen,bedroom,kitchen
34980,d24 Thu 07:00,entry,entry,kitchen,kitchen,kitchen,kitchen,kitchen,living,kitchen,kitchen,kitchen,kitchen,kitchen,kitchen,kitchen,kitchen,kitchen,kitchen,kitchen,bedroom,living,living,living,bedroom,bathroom,entry,bedroom,bathroom,bathroom,bathroom,bedroom,kitchen
35040,d24 Thu 08:00,outside,outside,outside,outside,outside,outside,outside,outside,outside,outside,kitchen,outside,outside,kitchen,kitchen,kitchen,kitchen,kitchen,kitchen,bedroom,living,living,living,bedroom,bathroom,entry,bedroom,bathroom,bathroom,outside,bedroom,outside
35100,d24 Thu 09:00,outside,outside,outside,outside,outside,outside,outside,outside,outside,outside,kitchen,outside,outside,kitchen,kitchen,kitchen,kitchen,kitchen,kitchen,bedroom,living,living,living,bedroom,bathroom,entry,bedroom,bathroom,bathroom,outside,bedroom,outside
35160,d24 Thu 10:00,outside,outside,outside,outside,outside,outside,outside,outside,outside,outside,kitchen,outside,outside,kitchen,kitchen,kitchen,kitchen,kitchen,kitchen,bedroom,living,living,living,bedroom,bathroom,entry,bedroom,bathroom,bathroom,outside,bedroom,outside
35220,d24 Thu 11:00,outside,outside,outside,outside,outside,outside,outside,outside,outside,outside,kitchen,outside,outside,kitchen,kitchen,kitchen,kitchen,kitchen,kitchen,bedroom,living,living,living,bedroom,bathroom,entry,bedroom,bathroom,bathroom,outside,bedroom,outside
35280,d24 Thu 12:00,outside,outside,outside,outside,outside,outside,outside,outside,outside,outside,kitchen,outside,outside,kitchen,kitchen,kitchen,kitchen,kitchen,kitchen,bedroom,living,living,living,bedroom,bathroom,entry,bedroom,bathroom,bathroom,outside,bedroom,outside
35340,d24 Thu 13:00,outside,outside,outside,outside,outside,outside,outside,outside,outside,outside,kitchen,outside,outside,kitchen,kitchen,kitchen,kitchen,kitchen,kitchen,bedroom,living,living,living,bedroom,bathroom,entry,bedroom,bathroom,bathroom,outside,bedroom,outside
35400,d24 Thu 14:00,outside,outside,outside,outside,outside,outside,outside,outside,outside,outside,kitchen,outside,outside,kitchen,kitchen,kitchen,kitchen,kitchen,kitchen,bedroom,living,living,living,bedroom,bathroom,entry,bedroom,bathroom,bathroom,outside,bedroom,outside
35460,d24 Thu 15:00,outside,outside,outside,outside,outside,outside,outside,outside,outside,outside,kitchen,outside,outside,kitchen,kitchen,kitchen,kitchen,kitchen,kitchen,bedroom,living,living,living,bedroom,bathroom,entry,bedroom,bathroom,bathroom,outside,bedroom,outside
35520,d24 Thu 16:00,kitchen,kitchen,kitchen,kitchen,bedroom,kitchen,kitchen,kitchen,kitchen,kitchen,kitchen,kitchen,kitchen,kitchen,kitchen,kitchen,kitchen,kitchen,kitchen,bedroom,living,living,living,bedroom,bathroom,entry,bedroom,bathroom,bathroom,kitchen,bedroom,kitchen
35580,d24 Thu 17:00,outside,outside,outside,kitchen,bedroom,kitchen,outside,kitchen,outside,kitchen,kitchen,kitchen,kitchen,kitchen,kitchen,kitchen,kitchen,kitchen,kitchen,bedroom,living,living,living,bedroom,bathroom,entry,bedroom,bathroom,bathroom,kitchen,bedroom,outside
35640,d24 Thu 18:00,kitchen,entry,entry,kitchen,bedroom,kitchen,kitchen,kitchen,living,kitchen,kitchen,living,kitchen,living,kitchen,kitchen,kitchen,kitchen,kitchen,bedroom,living,living,living,bedroom,bathroom,entry,bedroom,bathroom,bathroom,kitchen,bedroom,entry
35700,d24 Thu 19:00,kitchen,entry,entry,kitchen,bedroom,kitchen,kitchen,kitchen,living,kitchen,kitchen,living,kitchen,living,kitchen,kitchen,kitchen,kitchen,kitchen,bedroom,living,living,living,bedroom,bathroom,entry,bedroom,bathroom,bathroom,kitchen,bedroom,entry
35760,d24 Thu 20:00,kitchen,entry,entry,kitchen,bedroom,kitchen,kitchen,kitchen,living,kitchen,kitchen,living,kitchen,living,kitchen,kitchen,kitchen,kitchen,kitchen,bedroom,living,living,living,bedroom,bathroom,entry,bedroom,bathroom,bathroom,kitchen,bedroom,entry
35820,d24 Thu 21:00,kitchen,entry,entry,kitchen,bedroom,kitchen,kitchen,kitchen,living,kitchen,kitchen,living,kitchen,living,kitchen,kitchen,kitchen,kitchen,kitchen,bedroom,living,living,living,bedroom,bathroom,entry,bedroom,bathroom,bathroom,kitchen,bedroom,entry
35880,d24 Thu 22:00,kitchen,entry,entry,kitchen,bedroom,kitchen,kitchen,kitchen,living,kitchen,kitchen,living,kitchen,living,kitchen,kitchen,kitchen,kitchen,kitchen,bedroom,living,living,living,bedroom,bathroom,entry,bedroom,bathroom,bathroom,kitchen,bedroom,entry
35940,d24 Thu 23:00,kitchen,entry,entry,kitchen,bedroom,kitchen,kitchen,kitchen,living,kitchen,kitchen,living,kitchen,living,kitchen,kitchen,kitchen,kitchen,kitchen,bedroom,living,living,living,bedroom,bathroom,entry,bedroom,bathroom,bathroom,kitchen,bedroom,entry
36000,d25 Fri 00:00,kitchen,entry,entry,kitchen,bedroom,kitchen,kitchen,kitchen,living,kitchen,kitchen,living,kitchen,living,kitchen,kitchen,kitchen,kitchen,kitchen,bedroom,living,living,living,bedroom,bathroom,entry,bedroom,bathroom,bathroom,kitchen,bedroom,entry
36060,d25 Fri 01:00,kitchen,entry,entry,kitchen,bedroom,kitchen,kitchen,kitchen,living,kitchen,kitchen,living,kitchen,living,kitchen,kitchen,kitchen,kitchen,kitchen,bedroom,living,living,living,bedroom,bathroom,entry,bedroom,bathroom,bathroom,kitchen,bedroom,entry
36120,d25 Fri 02:00,kitchen,entry,entry,kitchen,bedroom,kitchen,kitchen,kitchen,living,kitchen,kitchen,living,kitchen,living,kitchen,kitchen,kitchen,kitchen,kitchen,bedroom,living,living,living,bedroom,bathroom,entry,bedroom,bathroom,bathroom,kitchen,bedroom,entry
36180,d25 Fri 03:00,kitchen,entry,entry,kitchen,bedroom,kitchen,kitchen,kitchen,living,kitchen,kitchen,living,kitchen,living,kitchen,kitchen,kitchen,kitchen,kitchen,bedroom,living,living,living,bedroom,bathroom,entry,bedroom,bathroom,bathroom,kitchen,bedroom,entry
36240,d25 Fri 04:00,kitchen,entry,entry,kitchen,bedroom,kitchen,kitchen,kitchen,living,kitchen,kitchen,living,kitchen,living,kitchen,kitchen,kitchen,kitchen,kitchen,bedroom,living,living,living,bedroom,bathroom,entry,bedroom,bathroom,bathroom,kitchen,bedroom,entry
36300,d25 Fri 05:00,kitchen,entry,entry,kitchen,bedroom,kitchen,kitchen,kitchen,living,kitchen,kitchen,living,kitchen,living,kitchen,kitchen,kitchen,kitchen,kitchen,bedroom,living,living,living,bedroom,bathroom,entry,bedroom,bathroom,bathroom,kitchen,bedroom,entry
36360,d25 Fri 06:00,kitchen,entry,entry,kitchen,bedroom,kitchen,kitchen,kitchen,living,kitchen,kitchen,living,kitchen,living,kitchen,kitchen,kitchen,kitchen,kitchen,bedroom,living,living,living,bedroom,bathroom,entry,bedroom,bathroom,bathroom,kitchen,bedroom,entry
36420,d25 Fri 07:00,kitchen,entry,entry,kitchen,bedroom,kitchen,kitchen,kitchen,living,kitchen,kitchen,living,kitchen,living,kitchen,kitchen,kitchen,kitchen,kitchen,bedroom,living,living,living,bedroom,bathroom,entry,bedroom,bathroom,bathroom,kitchen,bedroom,entry
36480,d25 Fri 08:00,outside,outside,outside,outside,outside,outside,outside,outside,outside,outside,kitchen,outside,outside,kitchen,kitchen,kitchen,kitchen,kitchen,kitchen,bedroom,living,living,living,bedroom,bathroom,entry,bedroom,bathroom,bedroom,outside,bedroom,outside
36540,d25 Fri 09:00,outside,outside,outside,outside,outside,outside,outside,outside,outside,outside,kitchen,outside,outside,kitchen,kitchen,kitchen,kitchen,kitchen,kitchen,bedroom,living,living,living,bedroom,bathroom,entry,bedroom,bathroom,bedroom,outside,bedroom,outside
36600,d25 Fri 10:00,outside,outside,outside,outside,outside,outside,outside,outside,outside,outside,kitchen,outside,outside,kitchen,kitchen,kitchen,kitchen,kitchen,kitchen,bedroom,living,living,living,bedroom,bathroom,entry,bedroom,bathroom,bedroom,outside,bedroom,outside
36660,d25 Fri 11:00,outside,outside,outside,outside,outside,outside,outside,outside,outside,outside,kitchen,outside,outside,kitchen,kitchen,kitchen,kitchen,kitchen,kitchen,bedroom,living,living,living,bedroom,bathroom,entry,bedroom,bathroom,bedroom,outside,bedroom,outside
36720,d25 Fri 12:00,outside,outside,outside,outside,outside,outside,outside,outside,outside,outside,kitchen,outside,outside,kitchen,kitchen,kitchen,kitchen,kitchen,kitchen,bedroom,living,living,living,bedroom,bathroom,entry,bedroom,bathroom,bedroom,outside,bedroom,outside
36780,d25 Fri 13:00,outside,outside,outside,outside,outside,outside,outside,outside,outside,outside,kitchen,outside,outside,kitchen,kitchen,kitchen,kitchen,kitchen,kitchen,bedroom,living,living,living,bedroom,bathroom,entry,bedroom,bathroom,bedroom,outside,bedroom,outside
36840,d25 Fri 14:00,outside,outside,outside,outside,outside,outside,outside,outside,outside,outside,kitchen,outside,outside,kitchen,kitchen,kitchen,kitchen,kitchen,kitchen,bedroom,living,living,living,bedroom,bathroom,entry,bedroom,bathroom,bedroom,outside,bedroom,outside
36900,d25 Fri 15:00,outside,outside,outside,outside,outside,outside,outside,outside,outside,outside,kitchen,outside,outside,kitchen,kitchen,kitchen,kitchen,kitchen,kitchen,bedroom,living,living,living,bedroom,bathroom,entry,bedroom,bathroom,bedroom,outside,bedroom,outside
36960,d25 Fri 16:00,entry,kitchen,kitchen,kitchen,kitchen,kitchen,entry,kitchen,kitchen,kitchen,kitchen,kitchen,kitchen,kitchen,kitchen,kitchen,kitchen,kitchen,kitchen,bedroom,living,living,living,bedroom,bathroom,entry,bedroom,bathroom,bedroom,kitchen,bedroom,entry
37020,d25 Fri 17:00,entry,kitchen,kitchen,living,kitchen,kitchen,entry,kitchen,kitchen,kitchen,kitchen,kitchen,kitchen,kitchen,kitchen,kitchen,kitchen,kitchen,kitchen,bedroom,living,living,living,bedroom,bathroom,entry,bedroom,bathroom,bedroom,kitchen,bedroom,entry
37080,d25 Fri 18:00,bedroom,kitchen,kitchen,living,kitchen,kitchen,entry,kitchen,kitchen,kitchen,kitchen,kitchen,kitchen,kitchen,kitchen,kitchen,kitchen,kitchen,kitchen,bedroom,living,living,living,bedroom,bathroom,entry,bedroom,bathroom,bedroom,kitchen,bedroom,entry
37140,d25 Fri 19:00,bedroom,kitchen,kitchen,living,kitchen,kitchen,entry,kitchen,kitchen,kitchen,kitchen,kitchen,kitchen,kitchen,kitchen,kitchen,kitchen,kitchen,kitchen,bedroom,living,living,living,bedroom,bathroom,entry,bedroom,bathroom,bedroom,kitchen,bedroom,entry
37200,d25 Fri 20:00,bedroom,kitchen,kitchen,living,kitchen,kitchen,entry,kitchen,kitchen,kitchen,kitchen,kitchen,kitchen,kitchen,kitchen,kitchen,kitchen,kitchen,kitchen,bedroom,living,living,living,bedroom,bathroom,entry,bedroom,bathroom,bedroom,kitchen,bedroom,entry
37260,d25 Fri 21:00,bedroom,kitchen,kitchen,living,kitchen,kitchen,entry,kitchen,kitchen,kitchen,kitchen,kitchen,kitchen,kitchen,kitchen,kitchen,kitchen,kitchen,kitchen,bedroom,living,living,living,bedroom,bathroom,entry,bedroom,bathroom,bedroom,kitchen,bedroom,entry
37320,d25 Fri 22:00,bedroom,kitchen,kitchen,living,kitchen,kitchen,entry,kitchen,kitchen,kitchen,kitchen,kitchen,kitchen,kitchen,kitchen,kitchen,kitchen,kitchen,kitchen,bedroom,living,living,living,bedroom,bathroom,entry,bedroom,bathroom,bedroom,kitchen,bedroom,entry
37380,d25 Fri 23:00,bedroom,kitchen,kitchen,living,kitchen,kitchen,entry,kitchen,kitchen,kitchen,kitchen,kitchen,kitchen,kitchen,kitchen,kitchen,kitchen,kitchen,kitchen,bedroom,living,living,living,bedroom,bathroom,entry,bedroom,bathroom,bedroom,kitchen,bedroom,entry
37440,d26 Sat 00:00,bedroom,kitchen,kitchen,living,kitchen,kitchen,entry,kitchen,kitchen,kitchen,kitchen,kitchen,kitchen,kitchen,kitchen,kitchen,kitchen,kitchen,kitchen,bedroom,living,living,living,bedroom,bathroom,entry,bedroom,bathroom,bedroom,kitchen,bedroom,entry
37500,d26 Sat 01:00,bedroom,kitchen,kitchen,living,kitchen,kitchen,entry,kitchen,kitchen,kitchen,kitchen,kitchen,kitchen,kitchen,kitchen,kitchen,kitchen,kitchen,kitchen,bedroom,living,living,living,bedroom,bathroom,entry,bedroom,bathroom,bedroom,kitchen,bedroom,entry
37560,d26 Sat 02:00,bedroom,kitchen,kitchen,living,kitchen,kitchen,entry,kitchen,kitchen,kitchen,kitchen,kitchen,kitchen,kitchen,kitchen,kitchen,kitchen,kitchen,kitchen,bedroom,living,living,living,bedroom,bathroom,entry,bedroom,bathroom,bedroom,kitchen,bedroom,entry
37620,d26 Sat 03:00,bedroom,kitchen,kitchen,living,kitchen,kitchen,entry,kitchen,kitchen,kitchen,kitchen,kitchen,kitchen,kitchen,kitchen,kitchen,kitchen,kitchen,kitchen,bedroom,living,living,living,bedroom,bathroom,entry,bedroom,bathroom,bedroom,kitchen,bedroom,entry
37680,d26 Sat 04:00,bedroom,kitchen,kitchen,living,kitchen,kitchen,entry,kitchen,kitchen,kitchen,kitchen,kitchen,kitchen,kitchen,kitchen,kitchen,kitchen,kitchen,kitchen,bedroom,living,living,living,bedroom,bathroom,entry,bedroom,bathroom,bedroom,kitchen,bedroom,entry
37740,d26 Sat 05:00,bedroom,kitchen,kitchen,living,kitchen,kitchen,entry,kitchen,kitchen,kitchen,kitchen,kitchen,kitchen,kitchen,kitchen,kitchen,kitchen,kitchen,kitchen,bedroom,living,living,living,bedroom,bathroom,entry,bedroom,bathroom,bedroom,kitchen,bedroom,entry
37800,d26 Sat 06:00,bedroom,kitchen,kitchen,living,kitchen,kitchen,entry,kitchen,kitchen,kitchen,kitchen,kitchen,kitchen,kitchen,kitchen,kitchen,kitchen,kitchen,kitchen,bedroom,living,living,living,bedroom,bathroom,entry,bedroom,bathroom,bedroom,kitchen,bedroom,entry
37860,d26 Sat 07:00,bedroom,kitchen,kitchen,living,kitchen,kitchen,entry,kitchen,kitchen,kitchen,kitchen,kitchen,kitchen,kitchen,kitchen,kitchen,kitchen,kitchen,kitchen,bedroom,living,living,living,bedroom,bathroom,entry,bedroom,bathroom,bedroom,kitchen,bedroom,entry
37920,d26 Sat 08:00,bedroom,kitchen,kitchen,living,kitchen,kitchen,entry,kitchen,kitchen,kitchen,kitchen,kitchen,kitchen,kitchen,kitchen,kitchen,kitchen,kitchen,kitchen,bedroom,living,living,living,bedroom,bathroom,entry,bedroom,bathroom,bedroom,kitchen,bedroom,entry
37980,d26 Sat 09:00,outside,outside,outside,living,kitchen,outside,entry,kitchen,outside,kitchen,kitchen,kitchen,kitchen,kitchen,kitchen,kitchen,kitchen,kitchen,kitchen,bedroom,living,living,living,bedroom,bathroom,entry,bedroom,bathroom,bedroom,kitchen,bedroom,entry
38040,d26 Sat 10:00,entry,entry,entry,living,kitchen,kitchen,entry,kitchen,kitchen,kitchen,kitchen,kitchen,kitchen,kitchen,kitchen,kitchen,kitchen,kitchen,kitchen,bedroom,living,living,living,bedroom,bathroom,entry,bedroom,bathroom,bedroom,kitchen,bedroom,entry
38100,d26 Sat 11:00,entry,entry,entry,living,kitchen,kitchen,entry,kitchen,kitchen,kitchen,kitchen,kitchen,kitchen,kitchen,kitchen,kitchen,kitchen,kitchen,kitchen,bedroom,living,living,living,bedroom,bathroom,entry,bedroom,bathroom,bedroom,kitchen,bedroom,entry
38160,d26 Sat 12:00,entry,entry,entry,living,kitchen,kitchen,entry,kitchen,kitchen,kitchen,kitchen,kitchen,kitchen,kitchen,kitchen,kitchen,kitchen,kitchen,kitchen,bedroom,living,living,living,bedroom,bedroom,entry,bedroom,bathroom,bedroom,kitchen,bedroom,entry
38220,d26 Sat 13:00,outside,outside,outside,living,kitchen,kitchen,outside,kitchen,outside,kitchen,kitchen,kitchen,kitchen,kitchen,kitchen,kitchen,kitchen,kitchen,kitchen,bedroom,living,living,living,bedroom,bathroom,entry,bedroom,bathroom,bedroom,kitchen,bedroom,outside
38280,d26 Sat 14:00,kitchen,kitchen,entry,living,kitchen,kitchen,entry,kitchen,bedroom,kitchen,kitchen,kitchen,kitchen,kitchen,kitchen,kitchen,kitchen,kitchen,kitchen,bedroom,living,living,living,bedroom,bathroom,entry,bedroom,bathroom,bedroom,kitchen,bedroom,entry
38340,d26 Sat 15:00,kitchen,kitchen,entry,living,kitchen,kitchen,entry,kitchen,bedroom,kitchen,kitchen,kitchen,kitchen,kitchen,kitchen,kitchen,kitchen,kitchen,kitchen,bedroom,living,living,living,bedroom,bathroom,entry,bedroom,bathroom,bedroom,kitchen,bedroom,entry
38400,d26 Sat 16:00,kitchen,kitchen,entry,living,kitchen,kitchen,entry,kitchen,bedroom,kitchen,kitchen,kitchen,kitchen,kitchen,kitchen,kitchen,kitchen,kitchen,kitchen,bedroom,living,living,living,bedroom,bathroom,entry,bedroom,bathroom,bedroom,kitchen,bedroom,entry
38460,d26 Sat 17:00,kitchen,kitchen,entry,living,kitchen,kitchen,entry,kitchen,bedroom,kitchen,kitchen,kitchen,kitchen,kitchen,kitchen,kitchen,kitchen,kitchen,kitchen,bedroom,living,living,living,bedroom,bathroom,entry,bedroom,bathroom,bedroom,kitchen,bedroom,entry
38520,d26 Sat 18:00,kitchen,kitchen,entry,living,kitchen,kitchen,entry,kitchen,bedroom,kitchen,kitchen,kitchen,kitchen,kitchen,kitchen,kitchen,kitchen,kitchen,kitchen,bedroom,living,living,living,bedroom,bathroom,entry,bedroom,bathroom,bedroom,kitchen,bedroom,entry
38580,d26 Sat 19:00,kitchen,kitchen,entry,living,kitchen,kitchen,entry,kitchen,bedroom,kitchen,kitchen,kitchen,kitchen,kitchen,kitchen,kitchen,kitchen,kitchen,kitchen,bedroom,living,living,living,bedroom,bathroom,entry,bedroom,bathroom,bedroom,kitchen,bedroom,entry
38640,d26 Sat 20:00,kitchen,kitchen,entry,living,kitchen,kitchen,entry,kitchen,bedroom,kitchen,kitchen,kitchen,kitchen,kitchen,kitchen,kitchen,kitchen,kitchen,kitchen,bedroom,living,living,living,bedroom,bathroom,entry,bedroom,bathroom,bedroom,kitchen,bedroom,entry
38700,d26 Sat 21:00,kitchen,kitchen,entry,living,kitchen,kitchen,entry,kitchen,bedroom,kitchen,kitchen,kitchen,kitchen,kitchen,kitchen,kitchen,kitchen,kitchen,kitchen,bedroom,living,living,living,bedroom,bathroom,entry,bedroom,bathroom,bedroom,kitchen,bedroom,entry
38760,d26 Sat 22:00,kitchen,kitchen,entry,living,kitchen,kitchen,entry,kitchen,bedroom,kitchen,kitchen,kitchen,kitchen,kitchen,kitchen,kitchen,kitchen,kitchen,kitchen,bedroom,living,living,living,bedroom,bathroom,entry,bedroom,bathroom,bedroom,kitchen,bedroom,entry
38820,d26 Sat 23:00,kitchen,kitchen,entry,living,kitchen,kitchen,entry,kitchen,bedroom,kitchen,kitchen,kitchen,kitchen,kitchen,kitchen,kitchen,kitchen,kitchen,kitchen,bedroom,living,living,living,bedroom,bathroom,entry,bedroom,bathroom,bedroom,kitchen,bedroom,entry
38880,d27 Sun 00:00,kitchen,kitchen,entry,living,kitchen,kitchen,entry,kitchen,bedroom,kitchen,kitchen,kitchen,kitchen,kitchen,kitchen,kitchen,kitchen,kitchen,kitchen,bedroom,living,living,living,bedroom,bathroom,entry,bedroom,bathroom,bedroom,kitchen,bedroom,entry
38940,d27 Sun 01:00,kitchen,kitchen,entry,living,kitchen,kitchen,entry,kitchen,bedroom,kitchen,kitchen,kitchen,kitchen,kitchen,kitchen,kitchen,kitchen,kitchen,kitchen,bedroom,living,living,living,bedroom,bathroom,entry,bedroom,bathroom,bedroom,kitchen,bedroom,entry
39000,d27 Sun 02:00,kitchen,kitchen,entry,living,kitchen,kitchen,entry,kitchen,bedroom,kitchen,kitchen,kitchen,kitchen,kitchen,kitchen,kitchen,kitchen,kitchen,kitchen,bedroom,living,living,living,bedroom,bathroom,entry,bedroom,bathroom,bedroom,kitchen,bedroom,entry
39060,d27 Sun 03:00,kitchen,kitchen,entry,living,kitchen,kitchen,entry,kitchen,bedroom,kitchen,kitchen,kitchen,kitchen,kitchen,kitchen,kitchen,kitchen,kitchen,kitchen,bedroom,living,living,living,bedroom,bathroom,entry,bedroom,bathroom,bedroom,kitchen,bedroom,entry
39120,d27 Sun 04:00,kitchen,kitchen,entry,living,kitchen,kitchen,entry,kitchen,bedroom,kitchen,kitchen,kitchen,kitchen,kitchen,kitchen,kitchen,kitchen,kitchen,kitchen,bedroom,living,living,living,bedroom,bathroom,entry,bedroom,bathroom,bedroom,kitchen,bedroom,entry
39180,d27 Sun 05:00,kitchen,kitchen,entry,living,kitchen,kitchen,entry,kitchen,bedroom,kitchen,kitchen,kitchen,kitchen,kitchen,kitchen,kitchen,kitchen,kitchen,kitchen,bedroom,living,living,living,bedroom,bathroom,entry,bedroom,bathroom,bedroom,kitchen,bedroom,entry
39240,d27 Sun 06:00,kitchen,kitchen,entry,living,kitchen,kitchen,entry,kitchen,bedroom,kitchen,kitchen,kitchen,kitchen,kitchen,kitchen,kitchen,kitchen,kitchen,kitchen,bedroom,living,living,living,bedroom,bathroom,entry,bedroom,bathroom,bedroom,kitchen,bedroom,entry
39300,d27 Sun 07:00,kitchen,kitchen,entry,living,kitchen,kitchen,entry,kitchen,bedroom,kitchen,kitchen,kitchen,kitchen,kitchen,kitchen,kitchen,kitchen,kitchen,kitchen,bedroom,living,living,living,bedroom,bathroom,entry,bedroom,bathroom,bedroom,kitchen,bedroom,entry
39360,d27 Sun 08:00,kitchen,kitchen,entry,living,kitchen,kitchen,entry,kitchen,bedroom,kitchen,kitchen,kitchen,kitchen,kitchen,kitchen,kitchen,kitchen,kitchen,kitchen,bedroom,living,living,kitchen,bedroom,bathroom,entry,kitchen,bathroom,bedroom,kitchen,bedroom,entry
39420,d27 Sun 09:00,kitchen,kitchen,entry,living,kitchen,bathroom,entry,kitchen,bedroom,kitchen,kitchen,kitchen,kitchen,kitchen,kitchen,kitchen,kitchen,kitchen,kitchen,bedroom,living,living,living,bedroom,bathroom,entry,kitchen,bathroom,bathroom,kitchen,bedroom,entry
39480,d27 Sun 10:00,kitchen,kitchen,entry,living,kitchen,bathroom,entry,kitchen,bedroom,kitchen,kitchen,kitchen,kitchen,kitchen,kitchen,kitchen,kitchen,kitchen,kitchen,bedroom,living,living,living,bedroom,bathroom,entry,kitchen,bathroom,bedroom,kitchen,bedroom,entry
39540,d27 Sun 11:00,outside,outside,outside,kitchen,kitchen,bathroom,outside,kitchen,outside,kitchen,kitchen,kitchen,kitchen,kitchen,kitchen,kitchen,kitchen,kitchen,kitchen,bedroom,living,living,living,bedroom,bathroom,entry,kitchen,bathroom,bedroom,kitchen,bedroom,outside
39600,d27 Sun 12:00,entry,entry,kitchen,kitchen,kitchen,bathroom,entry,kitchen,kitchen,kitchen,kitchen,kitchen,kitchen,kitchen,kitchen,kitchen,kitchen,kitchen,kitchen,bedroom,living,living,living,bedroom,bathroom,entry,kitchen,bathroom,bedroom,kitchen,bedroom,entry
39660,d27 Sun 13:00,entry,entry,kitchen,kitchen,kitchen,bathroom,entry,kitchen,kitchen,kitchen,kitchen,kitchen,kitchen,living,kitchen,kitchen,kitchen,kitchen,kitchen,living,living,living,living,bedroom,bathroom,entry,kitchen,bathroom,bedroom,kitchen,bedroom,entry
39720,d27 Sun 14:00,bathroom,entry,kitchen,kitchen,bedroom,bathroom,entry,kitchen,bathroom,kitchen,kitchen,bedroom,kitchen,kitchen,kitchen,kitchen,kitchen,kitchen,kitchen,living,living,living,living,bedroom,bathroom,entry,kitchen,bedroom,bedroom,kitchen,bedroom,entry
39780,d27 Sun 15:00,bathroom,entry,kitchen,kitchen,bedroom,bathroom,entry,kitchen,bathroom,kitchen,kitchen,bedroom,kitchen,kitchen,kitchen,kitchen,kitchen,kitchen,kitchen,living,living,living,living,bedroom,bathroom,entry,kitchen,bedroom,bedroom,kitchen,bedroom,entry
39840,d27 Sun 16:00,bathroom,entry,kitchen,kitchen,bedroom,bathroom,entry,kitchen,bathroom,kitchen,kitchen,bedroom,kitchen,kitchen,kitchen,kitchen,kitchen,kitchen,kitchen,living,living,living,living,bedroom,bathroom,entry,kitchen,bedroom,bedroom,kitchen,bedroom,entry
39900,d27 Sun 17:00,bathroom,entry,kitchen,kitchen,bedroom,bathroom,entry,kitchen,bathroom,kitchen,kitchen,bedroom,kitchen,kitchen,kitchen,kitchen,kitchen,kitchen,kitchen,living,living,living,living,bedroom,bathroom,entry,kitchen,bedroom,bedroom,kitchen,bedroom,entry
39960,d27 Sun 18:00,bathroom,entry,kitchen,kitchen,bedroom,bathroom,entry,kitchen,bathroom,kitchen,kitchen,bedroom,kitchen,kitchen,kitchen,kitchen,kitchen,kitchen,kitchen,living,living,living,living,bedroom,bathroom,entry,kitchen,bedroom,bedroom,kitchen,bedroom,entry
40020,d27 Sun 19:00,bathroom,entry,kitchen,kitchen,bedroom,bathroom,entry,kitchen,bathroom,kitchen,kitchen,bedroom,kitchen,kitchen,kitchen,kitchen,kitchen,kitchen,kitchen,living,living,living,living,bedroom,bathroom,entry,kitchen,bedroom,bedroom,kitchen,bedroom,entry
40080,d27 Sun 20:00,bathroom,entry,kitchen,kitchen,bedroom,bathroom,entry,kitchen,bathroom,kitchen,kitchen,bedroom,kitchen,kitchen,kitchen,kitchen,kitchen,kitchen,kitchen,living,living,living,living,bedroom,bathroom,entry,kitchen,bedroom,bedroom,kitchen,bedroom,entry
40140,d27 Sun 21:00,bathroom,entry,kitchen,kitchen,bedroom,bathroom,entry,kitchen,bathroom,kitchen,kitchen,bedroom,kitchen,kitchen,kitchen,kitchen,kitchen,kitchen,kitchen,living,living,living,living,bedroom,bathroom,entry,kitchen,bedroom,bedroom,kitchen,bedroom,entry
40200,d27 Sun 22:00,bathroom,entry,kitchen,kitchen,bedroom,bathroom,entry,kitchen,bathroom,kitchen,kitchen,bedroom,kitchen,kitchen,kitchen,kitchen,kitchen,kitchen,kitchen,living,living,living,living,bedroom,bathroom,entry,kitchen,bedroom,bedroom,kitchen,bedroom,entry
40260,d27 Sun 23:00,bathroom,entry,kitchen,kitchen,bedroom,bathroom,entry,kitchen,bathroom,kitchen,kitchen,bedroom,kitchen,kitchen,kitchen,kitchen,kitchen,kitchen,kitchen,living,living,living,living,bedroom,bathroom,entry,kitchen,bedroom,bedroom,kitchen,bedroom,entry
