household,day,period,arm,format,slice,correct_room,correct_place,found,rooms_opened,total,asked,room_visits_that_day,distinct_rooms_that_day,distinct_objects_that_day
hh_s0_t03,1,settled,fixed rotation,incremental edits,all,7,6,5,17,8,8,17,7,73
hh_s0_t03,1,settled,fixed rotation,incremental edits,mover,3,3,3,9,4,4,17,7,73
hh_s0_t03,1,settled,fixed rotation,incremental edits,non-mover,4,3,2,8,4,4,17,7,73
hh_s0_t03,2,settled,fixed rotation,incremental edits,all,8,6,3,20,8,8,20,7,73
hh_s0_t03,2,settled,fixed rotation,incremental edits,mover,5,3,2,13,5,5,20,7,73
hh_s0_t03,2,settled,fixed rotation,incremental edits,non-mover,3,3,1,7,3,3,20,7,73
hh_s0_t03,3,settled,fixed rotation,incremental edits,all,7,6,4,19,8,8,19,7,61
hh_s0_t03,3,settled,fixed rotation,incremental edits,mover,3,3,2,10,4,4,19,7,61
hh_s0_t03,3,settled,fixed rotation,incremental edits,non-mover,4,3,2,9,4,4,19,7,61
hh_s0_t03,4,settled,fixed rotation,incremental edits,all,8,5,1,22,8,8,22,7,73
hh_s0_t03,4,settled,fixed rotation,incremental edits,mover,6,3,1,16,6,6,22,7,73
hh_s0_t03,4,settled,fixed rotation,incremental edits,non-mover,2,2,0,6,2,2,22,7,73
hh_s0_t03,5,settled,fixed rotation,incremental edits,all,7,6,4,23,8,8,23,7,74
hh_s0_t03,5,settled,fixed rotation,incremental edits,mover,5,4,2,18,6,6,23,7,74
hh_s0_t03,5,settled,fixed rotation,incremental edits,non-mover,2,2,2,5,2,2,23,7,74
hh_s0_t03,6,settled,fixed rotation,incremental edits,all,6,5,3,21,8,8,21,7,73
hh_s0_t03,6,settled,fixed rotation,incremental edits,mover,2,1,1,12,4,4,21,7,73
hh_s0_t03,6,settled,fixed rotation,incremental edits,non-mover,4,4,2,9,4,4,21,7,73
hh_s0_t03,7,settled,fixed rotation,incremental edits,all,7,7,6,18,8,8,18,7,62
hh_s0_t03,7,settled,fixed rotation,incremental edits,mover,3,3,3,12,4,4,18,7,62
hh_s0_t03,7,settled,fixed rotation,incremental edits,non-mover,4,4,3,6,4,4,18,7,62
hh_s0_t03,8,settled,fixed rotation,incremental edits,all,7,7,1,22,8,8,22,7,74
hh_s0_t03,8,settled,fixed rotation,incremental edits,mover,4,4,1,13,5,5,22,7,74
hh_s0_t03,8,settled,fixed rotation,incremental edits,non-mover,3,3,0,9,3,3,22,7,74
hh_s0_t03,9,settled,fixed rotation,incremental edits,all,7,7,4,16,7,8,16,7,73
hh_s0_t03,9,settled,fixed rotation,incremental edits,mover,5,5,3,12,5,6,16,7,73
hh_s0_t03,9,settled,fixed rotation,incremental edits,non-mover,2,2,1,4,2,2,16,7,73
hh_s0_t03,10,settled,fixed rotation,incremental edits,all,6,6,3,21,8,8,21,7,74
hh_s0_t03,10,settled,fixed rotation,incremental edits,mover,3,3,1,15,5,5,21,7,74
hh_s0_t03,10,settled,fixed rotation,incremental edits,non-mover,3,3,2,6,3,3,21,7,74
hh_s0_t03,11,settled,fixed rotation,incremental edits,all,6,5,3,18,8,8,18,7,64
hh_s0_t03,11,settled,fixed rotation,incremental edits,mover,3,2,1,13,5,5,18,7,64
hh_s0_t03,11,settled,fixed rotation,incremental edits,non-mover,3,3,2,5,3,3,18,7,64
hh_s0_t03,12,settled,fixed rotation,incremental edits,all,7,6,3,19,8,8,19,7,75
hh_s0_t03,12,settled,fixed rotation,incremental edits,mover,2,2,0,9,3,3,19,7,75
hh_s0_t03,12,settled,fixed rotation,incremental edits,non-mover,5,4,3,10,5,5,19,7,75
hh_s0_t03,13,settled,fixed rotation,incremental edits,all,6,6,4,20,8,8,20,7,73
hh_s0_t03,13,settled,fixed rotation,incremental edits,mover,1,1,1,9,3,3,20,7,73
hh_s0_t03,13,settled,fixed rotation,incremental edits,non-mover,5,5,3,11,5,5,20,7,73
hh_s0_t03,14,disrupted,fixed rotation,incremental edits,all,7,6,5,17,8,8,17,7,68
hh_s0_t03,14,disrupted,fixed rotation,incremental edits,mover,4,3,3,10,5,5,17,7,68
hh_s0_t03,14,disrupted,fixed rotation,incremental edits,non-mover,3,3,2,7,3,3,17,7,68
hh_s0_t03,15,disrupted,fixed rotation,incremental edits,all,6,6,3,20,8,8,20,7,74
hh_s0_t03,15,disrupted,fixed rotation,incremental edits,mover,4,4,2,12,5,5,20,7,74
hh_s0_t03,15,disrupted,fixed rotation,incremental edits,non-mover,2,2,1,8,3,3,20,7,74
hh_s0_t03,16,disrupted,fixed rotation,incremental edits,all,7,5,4,20,8,8,20,7,73
hh_s0_t03,16,disrupted,fixed rotation,incremental edits,mover,6,4,4,17,7,7,20,7,73
hh_s0_t03,16,disrupted,fixed rotation,incremental edits,non-mover,1,1,0,3,1,1,20,7,73
hh_s0_t03,17,disrupted,fixed rotation,incremental edits,all,7,5,2,24,8,8,24,7,73
hh_s0_t03,17,disrupted,fixed rotation,incremental edits,mover,3,3,1,12,4,4,24,7,73
hh_s0_t03,17,disrupted,fixed rotation,incremental edits,non-mover,4,2,1,12,4,4,24,7,73
hh_s0_t03,18,disrupted,fixed rotation,incremental edits,all,6,5,3,23,8,8,23,7,74
hh_s0_t03,18,disrupted,fixed rotation,incremental edits,mover,2,1,1,9,3,3,23,7,74
hh_s0_t03,18,disrupted,fixed rotation,incremental edits,non-mover,4,4,2,14,5,5,23,7,74
hh_s0_t03,19,disrupted,fixed rotation,incremental edits,all,7,6,3,21,8,8,21,7,73
hh_s0_t03,19,disrupted,fixed rotation,incremental edits,mover,3,2,1,12,4,4,21,7,73
hh_s0_t03,19,disrupted,fixed rotation,incremental edits,non-mover,4,4,2,9,4,4,21,7,73
hh_s0_t03,20,disrupted,fixed rotation,incremental edits,all,7,7,4,18,8,8,18,7,73
hh_s0_t03,20,disrupted,fixed rotation,incremental edits,mover,2,2,1,9,3,3,18,7,73
hh_s0_t03,20,disrupted,fixed rotation,incremental edits,non-mover,5,5,3,9,5,5,18,7,73
hh_s0_t03,21,disrupted,fixed rotation,incremental edits,all,5,4,1,22,8,8,22,7,73
hh_s0_t03,21,disrupted,fixed rotation,incremental edits,mover,2,1,0,12,4,4,22,7,73
hh_s0_t03,21,disrupted,fixed rotation,incremental edits,non-mover,3,3,1,10,4,4,22,7,73
hh_s0_t03,22,disrupted,fixed rotation,incremental edits,all,7,6,4,23,8,8,23,7,73
hh_s0_t03,22,disrupted,fixed rotation,incremental edits,mover,2,2,2,9,3,3,23,7,73
hh_s0_t03,22,disrupted,fixed rotation,incremental edits,non-mover,5,4,2,14,5,5,23,7,73
hh_s0_t03,23,disrupted,fixed rotation,incremental edits,all,5,4,4,20,8,8,20,7,73
hh_s0_t03,23,disrupted,fixed rotation,incremental edits,mover,2,2,2,11,4,4,20,7,73
hh_s0_t03,23,disrupted,fixed rotation,incremental edits,non-mover,3,2,2,9,4,4,20,7,73
hh_s0_t03,24,back to normal,fixed rotation,incremental edits,all,6,4,4,19,8,8,19,7,67
hh_s0_t03,24,back to normal,fixed rotation,incremental edits,mover,4,2,2,16,6,6,19,7,67
hh_s0_t03,24,back to normal,fixed rotation,incremental edits,non-mover,2,2,2,3,2,2,19,7,67
hh_s0_t03,25,back to normal,fixed rotation,incremental edits,all,8,8,2,21,8,8,21,7,72
hh_s0_t03,25,back to normal,fixed rotation,incremental edits,mover,3,3,0,9,3,3,21,7,72
hh_s0_t03,25,back to normal,fixed rotation,incremental edits,non-mover,5,5,2,12,5,5,21,7,72
hh_s0_t03,26,back to normal,fixed rotation,incremental edits,all,7,7,3,19,8,8,19,7,75
hh_s0_t03,26,back to normal,fixed rotation,incremental edits,mover,4,4,2,12,5,5,19,7,75
hh_s0_t03,26,back to normal,fixed rotation,incremental edits,non-mover,3,3,1,7,3,3,19,7,75
hh_s0_t03,27,back to normal,fixed rotation,incremental edits,all,8,7,4,20,8,8,20,7,73
hh_s0_t03,27,back to normal,fixed rotation,incremental edits,mover,4,4,1,12,4,4,20,7,73
hh_s0_t03,27,back to normal,fixed rotation,incremental edits,non-mover,4,3,3,8,4,4,20,7,73
hh_s0_t03,28,back to normal,fixed rotation,incremental edits,all,6,5,3,20,8,8,20,7,73
hh_s0_t03,28,back to normal,fixed rotation,incremental edits,mover,4,4,2,13,5,5,20,7,73
hh_s0_t03,28,back to normal,fixed rotation,incremental edits,non-mover,2,1,1,7,3,3,20,7,73
hh_s0_t03,29,back to normal,fixed rotation,incremental edits,all,7,7,5,18,8,8,18,7,62
hh_s0_t03,29,back to normal,fixed rotation,incremental edits,mover,2,2,2,9,3,3,18,7,62
hh_s0_t03,29,back to normal,fixed rotation,incremental edits,non-mover,5,5,3,9,5,5,18,7,62
hh_s0_t03,30,back to normal,fixed rotation,incremental edits,all,8,7,4,17,8,8,17,7,73
hh_s0_t03,30,back to normal,fixed rotation,incremental edits,mover,6,5,3,13,6,6,17,7,73
hh_s0_t03,30,back to normal,fixed rotation,incremental edits,non-mover,2,2,1,4,2,2,17,7,73
hh_s0_t03,31,back to normal,fixed rotation,incremental edits,all,8,8,4,20,8,8,20,7,74
hh_s0_t03,31,back to normal,fixed rotation,incremental edits,mover,5,5,3,13,5,5,20,7,74
hh_s0_t03,31,back to normal,fixed rotation,incremental edits,non-mover,3,3,1,7,3,3,20,7,74
hh_s0_t03,1,settled,fixed rotation,wholesale rewrite,all,6,6,5,17,7,8,17,7,73
hh_s0_t03,1,settled,fixed rotation,wholesale rewrite,mover,3,3,3,9,4,4,17,7,73
hh_s0_t03,1,settled,fixed rotation,wholesale rewrite,non-mover,3,3,2,8,3,4,17,7,73
hh_s0_t03,2,settled,fixed rotation,wholesale rewrite,all,8,6,3,20,8,8,20,7,73
hh_s0_t03,2,settled,fixed rotation,wholesale rewrite,mover,5,3,2,13,5,5,20,7,73
hh_s0_t03,2,settled,fixed rotation,wholesale rewrite,non-mover,3,3,1,7,3,3,20,7,73
hh_s0_t03,3,settled,fixed rotation,wholesale rewrite,all,8,7,4,19,8,8,19,7,61
hh_s0_t03,3,settled,fixed rotation,wholesale rewrite,mover,4,4,2,10,4,4,19,7,61
hh_s0_t03,3,settled,fixed rotation,wholesale rewrite,non-mover,4,3,2,9,4,4,19,7,61
hh_s0_t03,4,settled,fixed rotation,wholesale rewrite,all,8,7,1,22,8,8,22,7,73
hh_s0_t03,4,settled,fixed rotation,wholesale rewrite,mover,6,5,1,16,6,6,22,7,73
hh_s0_t03,4,settled,fixed rotation,wholesale rewrite,non-mover,2,2,0,6,2,2,22,7,73
hh_s0_t03,5,settled,fixed rotation,wholesale rewrite,all,8,6,4,23,8,8,23,7,74
hh_s0_t03,5,settled,fixed rotation,wholesale rewrite,mover,6,4,2,18,6,6,23,7,74
hh_s0_t03,5,settled,fixed rotation,wholesale rewrite,non-mover,2,2,2,5,2,2,23,7,74
hh_s0_t03,6,settled,fixed rotation,wholesale rewrite,all,6,5,3,21,8,8,21,7,73
hh_s0_t03,6,settled,fixed rotation,wholesale rewrite,mover,2,1,1,12,4,4,21,7,73
hh_s0_t03,6,settled,fixed rotation,wholesale rewrite,non-mover,4,4,2,9,4,4,21,7,73
hh_s0_t03,7,settled,fixed rotation,wholesale rewrite,all,7,7,6,18,8,8,18,7,62
hh_s0_t03,7,settled,fixed rotation,wholesale rewrite,mover,3,3,3,12,4,4,18,7,62
hh_s0_t03,7,settled,fixed rotation,wholesale rewrite,non-mover,4,4,3,6,4,4,18,7,62
hh_s0_t03,8,settled,fixed rotation,wholesale rewrite,all,6,6,1,22,8,8,22,7,74
hh_s0_t03,8,settled,fixed rotation,wholesale rewrite,mover,3,3,1,13,5,5,22,7,74
hh_s0_t03,8,settled,fixed rotation,wholesale rewrite,non-mover,3,3,0,9,3,3,22,7,74
hh_s0_t03,9,settled,fixed rotation,wholesale rewrite,all,8,6,4,16,8,8,16,7,73
hh_s0_t03,9,settled,fixed rotation,wholesale rewrite,mover,6,5,3,12,6,6,16,7,73
hh_s0_t03,9,settled,fixed rotation,wholesale rewrite,non-mover,2,1,1,4,2,2,16,7,73
hh_s0_t03,10,settled,fixed rotation,wholesale rewrite,all,7,7,3,21,8,8,21,7,74
hh_s0_t03,10,settled,fixed rotation,wholesale rewrite,mover,4,4,1,15,5,5,21,7,74
hh_s0_t03,10,settled,fixed rotation,wholesale rewrite,non-mover,3,3,2,6,3,3,21,7,74
hh_s0_t03,11,settled,fixed rotation,wholesale rewrite,all,6,5,3,18,8,8,18,7,64
hh_s0_t03,11,settled,fixed rotation,wholesale rewrite,mover,3,2,1,13,5,5,18,7,64
hh_s0_t03,11,settled,fixed rotation,wholesale rewrite,non-mover,3,3,2,5,3,3,18,7,64
hh_s0_t03,12,settled,fixed rotation,wholesale rewrite,all,7,6,3,19,7,8,19,7,75
hh_s0_t03,12,settled,fixed rotation,wholesale rewrite,mover,2,2,0,9,2,3,19,7,75
hh_s0_t03,12,settled,fixed rotation,wholesale rewrite,non-mover,5,4,3,10,5,5,19,7,75
hh_s0_t03,13,settled,fixed rotation,wholesale rewrite,all,6,6,4,20,8,8,20,7,73
hh_s0_t03,13,settled,fixed rotation,wholesale rewrite,mover,1,1,1,9,3,3,20,7,73
hh_s0_t03,13,settled,fixed rotation,wholesale rewrite,non-mover,5,5,3,11,5,5,20,7,73
hh_s0_t03,14,disrupted,fixed rotation,wholesale rewrite,all,6,6,5,17,7,8,17,7,68
hh_s0_t03,14,disrupted,fixed rotation,wholesale rewrite,mover,3,3,3,10,4,5,17,7,68
hh_s0_t03,14,disrupted,fixed rotation,wholesale rewrite,non-mover,3,3,2,7,3,3,17,7,68
hh_s0_t03,15,disrupted,fixed rotation,wholesale rewrite,all,6,4,3,20,8,8,20,7,74
hh_s0_t03,15,disrupted,fixed rotation,wholesale rewrite,mover,4,2,2,12,5,5,20,7,74
hh_s0_t03,15,disrupted,fixed rotation,wholesale rewrite,non-mover,2,2,1,8,3,3,20,7,74
hh_s0_t03,16,disrupted,fixed rotation,wholesale rewrite,all,7,5,4,20,8,8,20,7,73
hh_s0_t03,16,disrupted,fixed rotation,wholesale rewrite,mover,6,4,4,17,7,7,20,7,73
hh_s0_t03,16,disrupted,fixed rotation,wholesale rewrite,non-mover,1,1,0,3,1,1,20,7,73
hh_s0_t03,17,disrupted,fixed rotation,wholesale rewrite,all,5,3,2,24,7,8,24,7,73
hh_s0_t03,17,disrupted,fixed rotation,wholesale rewrite,mover,2,1,1,12,4,4,24,7,73
hh_s0_t03,17,disrupted,fixed rotation,wholesale rewrite,non-mover,3,2,1,12,3,4,24,7,73
hh_s0_t03,18,disrupted,fixed rotation,wholesale rewrite,all,7,5,3,23,8,8,23,7,74
hh_s0_t03,18,disrupted,fixed rotation,wholesale rewrite,mover,2,1,1,9,3,3,23,7,74
hh_s0_t03,18,disrupted,fixed rotation,wholesale rewrite,non-mover,5,4,2,14,5,5,23,7,74
hh_s0_t03,19,disrupted,fixed rotation,wholesale rewrite,all,7,6,3,21,7,8,21,7,73
hh_s0_t03,19,disrupted,fixed rotation,wholesale rewrite,mover,3,2,1,12,3,4,21,7,73
hh_s0_t03,19,disrupted,fixed rotation,wholesale rewrite,non-mover,4,4,2,9,4,4,21,7,73
hh_s0_t03,20,disrupted,fixed rotation,wholesale rewrite,all,7,7,4,18,8,8,18,7,73
hh_s0_t03,20,disrupted,fixed rotation,wholesale rewrite,mover,2,2,1,9,3,3,18,7,73
hh_s0_t03,20,disrupted,fixed rotation,wholesale rewrite,non-mover,5,5,3,9,5,5,18,7,73
hh_s0_t03,21,disrupted,fixed rotation,wholesale rewrite,all,5,3,1,22,7,8,22,7,73
hh_s0_t03,21,disrupted,fixed rotation,wholesale rewrite,mover,2,0,0,12,3,4,22,7,73
hh_s0_t03,21,disrupted,fixed rotation,wholesale rewrite,non-mover,3,3,1,10,4,4,22,7,73
hh_s0_t03,22,disrupted,fixed rotation,wholesale rewrite,all,8,6,4,23,8,8,23,7,73
hh_s0_t03,22,disrupted,fixed rotation,wholesale rewrite,mover,3,2,2,9,3,3,23,7,73
hh_s0_t03,22,disrupted,fixed rotation,wholesale rewrite,non-mover,5,4,2,14,5,5,23,7,73
hh_s0_t03,23,disrupted,fixed rotation,wholesale rewrite,all,7,5,4,20,8,8,20,7,73
hh_s0_t03,23,disrupted,fixed rotation,wholesale rewrite,mover,4,2,2,11,4,4,20,7,73
hh_s0_t03,23,disrupted,fixed rotation,wholesale rewrite,non-mover,3,3,2,9,4,4,20,7,73
hh_s0_t03,24,back to normal,fixed rotation,wholesale rewrite,all,4,4,4,19,8,8,19,7,67
hh_s0_t03,24,back to normal,fixed rotation,wholesale rewrite,mover,2,2,2,16,6,6,19,7,67
hh_s0_t03,24,back to normal,fixed rotation,wholesale rewrite,non-mover,2,2,2,3,2,2,19,7,67
hh_s0_t03,25,back to normal,fixed rotation,wholesale rewrite,all,8,6,2,21,8,8,21,7,72
hh_s0_t03,25,back to normal,fixed rotation,wholesale rewrite,mover,3,1,0,9,3,3,21,7,72
hh_s0_t03,25,back to normal,fixed rotation,wholesale rewrite,non-mover,5,5,2,12,5,5,21,7,72
hh_s0_t03,26,back to normal,fixed rotation,wholesale rewrite,all,8,7,3,19,8,8,19,7,75
hh_s0_t03,26,back to normal,fixed rotation,wholesale rewrite,mover,5,4,2,12,5,5,19,7,75
hh_s0_t03,26,back to normal,fixed rotation,wholesale rewrite,non-mover,3,3,1,7,3,3,19,7,75
hh_s0_t03,27,back to normal,fixed rotation,wholesale rewrite,all,8,8,4,20,8,8,20,7,73
hh_s0_t03,27,back to normal,fixed rotation,wholesale rewrite,mover,4,4,1,12,4,4,20,7,73
hh_s0_t03,27,back to normal,fixed rotation,wholesale rewrite,non-mover,4,4,3,8,4,4,20,7,73
hh_s0_t03,28,back to normal,fixed rotation,wholesale rewrite,all,6,5,3,20,8,8,20,7,73
hh_s0_t03,28,back to normal,fixed rotation,wholesale rewrite,mover,4,4,2,13,5,5,20,7,73
hh_s0_t03,28,back to normal,fixed rotation,wholesale rewrite,non-mover,2,1,1,7,3,3,20,7,73
hh_s0_t03,29,back to normal,fixed rotation,wholesale rewrite,all,7,7,5,18,8,8,18,7,62
hh_s0_t03,29,back to normal,fixed rotation,wholesale rewrite,mover,2,2,2,9,3,3,18,7,62
hh_s0_t03,29,back to normal,fixed rotation,wholesale rewrite,non-mover,5,5,3,9,5,5,18,7,62
hh_s0_t03,30,back to normal,fixed rotation,wholesale rewrite,all,7,7,4,17,8,8,17,7,73
hh_s0_t03,30,back to normal,fixed rotation,wholesale rewrite,mover,5,5,3,13,6,6,17,7,73
hh_s0_t03,30,back to normal,fixed rotation,wholesale rewrite,non-mover,2,2,1,4,2,2,17,7,73
hh_s0_t03,31,back to normal,fixed rotation,wholesale rewrite,all,8,8,4,20,8,8,20,7,74
hh_s0_t03,31,back to normal,fixed rotation,wholesale rewrite,mover,5,5,3,13,5,5,20,7,74
hh_s0_t03,31,back to normal,fixed rotation,wholesale rewrite,non-mover,3,3,1,7,3,3,20,7,74
hh_s0_t03,1,settled,memory-guided search,incremental edits,all,7,7,7,11,8,8,11,4,47
hh_s0_t03,1,settled,memory-guided search,incremental edits,mover,3,3,3,7,4,4,11,4,47
hh_s0_t03,1,settled,memory-guided search,incremental edits,non-mover,4,4,4,4,4,4,11,4,47
hh_s0_t03,2,settled,memory-guided search,incremental edits,all,8,7,7,12,8,8,12,5,51
hh_s0_t03,2,settled,memory-guided search,incremental edits,mover,5,4,4,9,5,5,12,5,51
hh_s0_t03,2,settled,memory-guided search,incremental edits,non-mover,3,3,3,3,3,3,12,5,51
hh_s0_t03,3,settled,memory-guided search,incremental edits,all,8,8,8,11,8,8,11,3,35
hh_s0_t03,3,settled,memory-guided search,incremental edits,mover,4,4,4,7,4,4,11,3,35
hh_s0_t03,3,settled,memory-guided search,incremental edits,non-mover,4,4,4,4,4,4,11,3,35
hh_s0_t03,4,settled,memory-guided search,incremental edits,all,7,4,4,17,8,8,17,5,50
hh_s0_t03,4,settled,memory-guided search,incremental edits,mover,5,2,2,15,6,6,17,5,50
hh_s0_t03,4,settled,memory-guided search,incremental edits,non-mover,2,2,2,2,2,2,17,5,50
hh_s0_t03,5,settled,memory-guided search,incremental edits,all,7,6,6,14,8,8,14,5,50
hh_s0_t03,5,settled,memory-guided search,incremental edits,mover,5,4,4,12,6,6,14,5,50
hh_s0_t03,5,settled,memory-guided search,incremental edits,non-mover,2,2,2,2,2,2,14,5,50
hh_s0_t03,6,settled,memory-guided search,incremental edits,all,7,7,7,13,8,8,13,4,37
hh_s0_t03,6,settled,memory-guided search,incremental edits,mover,3,3,3,9,4,4,13,4,37
hh_s0_t03,6,settled,memory-guided search,incremental edits,non-mover,4,4,4,4,4,4,13,4,37
hh_s0_t03,7,settled,memory-guided search,incremental edits,all,8,5,5,16,8,8,16,3,42
hh_s0_t03,7,settled,memory-guided search,incremental edits,mover,4,1,1,12,4,4,16,3,42
hh_s0_t03,7,settled,memory-guided search,incremental edits,non-mover,4,4,4,4,4,4,16,3,42
hh_s0_t03,8,settled,memory-guided search,incremental edits,all,8,8,8,11,8,8,11,4,49
hh_s0_t03,8,settled,memory-guided search,incremental edits,mover,5,5,5,8,5,5,11,4,49
hh_s0_t03,8,settled,memory-guided search,incremental edits,non-mover,3,3,3,3,3,3,11,4,49
hh_s0_t03,9,settled,memory-guided search,incremental edits,all,8,7,7,12,8,8,12,4,47
hh_s0_t03,9,settled,memory-guided search,incremental edits,mover,6,5,5,10,6,6,12,4,47
hh_s0_t03,9,settled,memory-guided search,incremental edits,non-mover,2,2,2,2,2,2,12,4,47
hh_s0_t03,10,settled,memory-guided search,incremental edits,all,8,7,7,10,8,8,10,4,46
hh_s0_t03,10,settled,memory-guided search,incremental edits,mover,5,4,4,7,5,5,10,4,46
hh_s0_t03,10,settled,memory-guided search,incremental edits,non-mover,3,3,3,3,3,3,10,4,46
hh_s0_t03,11,settled,memory-guided search,incremental edits,all,8,8,8,8,8,8,8,3,37
hh_s0_t03,11,settled,memory-guided search,incremental edits,mover,5,5,5,5,5,5,8,3,37
hh_s0_t03,11,settled,memory-guided search,incremental edits,non-mover,3,3,3,3,3,3,8,3,37
hh_s0_t03,12,settled,memory-guided search,incremental edits,all,8,8,8,10,8,8,10,4,49
hh_s0_t03,12,settled,memory-guided search,incremental edits,mover,3,3,3,5,3,3,10,4,49
hh_s0_t03,12,settled,memory-guided search,incremental edits,non-mover,5,5,5,5,5,5,10,4,49
hh_s0_t03,13,settled,memory-guided search,incremental edits,all,8,6,6,14,8,8,14,5,50
hh_s0_t03,13,settled,memory-guided search,incremental edits,mover,3,1,1,7,3,3,14,5,50
hh_s0_t03,13,settled,memory-guided search,incremental edits,non-mover,5,5,5,7,5,5,14,5,50
hh_s0_t03,14,disrupted,memory-guided search,incremental edits,all,7,7,7,15,8,8,15,5,50
hh_s0_t03,14,disrupted,memory-guided search,incremental edits,mover,4,4,4,9,5,5,15,5,50
hh_s0_t03,14,disrupted,memory-guided search,incremental edits,non-mover,3,3,3,6,3,3,15,5,50
hh_s0_t03,15,disrupted,memory-guided search,incremental edits,all,7,6,6,15,8,8,15,5,53
hh_s0_t03,15,disrupted,memory-guided search,incremental edits,mover,5,4,4,9,5,5,15,5,53
hh_s0_t03,15,disrupted,memory-guided search,incremental edits,non-mover,2,2,2,6,3,3,15,5,53
hh_s0_t03,16,disrupted,memory-guided search,incremental edits,all,8,8,8,11,8,8,11,4,49
hh_s0_t03,16,disrupted,memory-guided search,incremental edits,mover,7,7,7,10,7,7,11,4,49
hh_s0_t03,16,disrupted,memory-guided search,incremental edits,non-mover,1,1,1,1,1,1,11,4,49
hh_s0_t03,17,disrupted,memory-guided search,incremental edits,all,7,7,7,14,8,8,14,5,51
hh_s0_t03,17,disrupted,memory-guided search,incremental edits,mover,3,3,3,8,4,4,14,5,51
hh_s0_t03,17,disrupted,memory-guided search,incremental edits,non-mover,4,4,4,6,4,4,14,5,51
hh_s0_t03,18,disrupted,memory-guided search,incremental edits,all,8,8,8,9,8,8,9,3,37
hh_s0_t03,18,disrupted,memory-guided search,incremental edits,mover,3,3,3,4,3,3,9,3,37
hh_s0_t03,18,disrupted,memory-guided search,incremental edits,non-mover,5,5,5,5,5,5,9,3,37
hh_s0_t03,19,disrupted,memory-guided search,incremental edits,all,8,8,7,12,8,8,12,5,51
hh_s0_t03,19,disrupted,memory-guided search,incremental edits,mover,4,4,3,8,4,4,12,5,51
hh_s0_t03,19,disrupted,memory-guided search,incremental edits,non-mover,4,4,4,4,4,4,12,5,51
hh_s0_t03,20,disrupted,memory-guided search,incremental edits,all,8,8,8,9,8,8,9,3,35
hh_s0_t03,20,disrupted,memory-guided search,incremental edits,mover,3,3,3,4,3,3,9,3,35
hh_s0_t03,20,disrupted,memory-guided search,incremental edits,non-mover,5,5,5,5,5,5,9,3,35
hh_s0_t03,21,disrupted,memory-guided search,incremental edits,all,8,8,8,14,8,8,14,5,51
hh_s0_t03,21,disrupted,memory-guided search,incremental edits,mover,4,4,4,8,4,4,14,5,51
hh_s0_t03,21,disrupted,memory-guided search,incremental edits,non-mover,4,4,4,6,4,4,14,5,51
hh_s0_t03,22,disrupted,memory-guided search,incremental edits,all,8,8,8,9,8,8,9,3,34
hh_s0_t03,22,disrupted,memory-guided search,incremental edits,mover,3,3,3,4,3,3,9,3,34
hh_s0_t03,22,disrupted,memory-guided search,incremental edits,non-mover,5,5,5,5,5,5,9,3,34
hh_s0_t03,23,disrupted,memory-guided search,incremental edits,all,7,7,7,10,8,8,10,4,48
hh_s0_t03,23,disrupted,memory-guided search,incremental edits,mover,4,4,4,4,4,4,10,4,48
hh_s0_t03,23,disrupted,memory-guided search,incremental edits,non-mover,3,3,3,6,4,4,10,4,48
hh_s0_t03,24,back to normal,memory-guided search,incremental edits,all,8,3,3,20,8,8,20,5,51
hh_s0_t03,24,back to normal,memory-guided search,incremental edits,mover,6,1,1,18,6,6,20,5,51
hh_s0_t03,24,back to normal,memory-guided search,incremental edits,non-mover,2,2,2,2,2,2,20,5,51
hh_s0_t03,25,back to normal,memory-guided search,incremental edits,all,8,8,8,8,8,8,8,2,16
hh_s0_t03,25,back to normal,memory-guided search,incremental edits,mover,3,3,3,3,3,3,8,2,16
hh_s0_t03,25,back to normal,memory-guided search,incremental edits,non-mover,5,5,5,5,5,5,8,2,16
hh_s0_t03,26,back to normal,memory-guided search,incremental edits,all,8,8,8,9,8,8,9,3,34
hh_s0_t03,26,back to normal,memory-guided search,incremental edits,mover,5,5,5,6,5,5,9,3,34
hh_s0_t03,26,back to normal,memory-guided search,incremental edits,non-mover,3,3,3,3,3,3,9,3,34
hh_s0_t03,27,back to normal,memory-guided search,incremental edits,all,7,7,7,12,8,8,12,5,50
hh_s0_t03,27,back to normal,memory-guided search,incremental edits,mover,4,4,4,6,4,4,12,5,50
hh_s0_t03,27,back to normal,memory-guided search,incremental edits,non-mover,3,3,3,6,4,4,12,5,50
hh_s0_t03,28,back to normal,memory-guided search,incremental edits,all,8,8,8,10,8,8,10,5,51
hh_s0_t03,28,back to normal,memory-guided search,incremental edits,mover,5,5,5,6,5,5,10,5,51
hh_s0_t03,28,back to normal,memory-guided search,incremental edits,non-mover,3,3,3,4,3,3,10,5,51
hh_s0_t03,29,back to normal,memory-guided search,incremental edits,all,8,8,8,8,8,8,8,2,16
hh_s0_t03,29,back to normal,memory-guided search,incremental edits,mover,3,3,3,3,3,3,8,2,16
hh_s0_t03,29,back to normal,memory-guided search,incremental edits,non-mover,5,5,5,5,5,5,8,2,16
hh_s0_t03,30,back to normal,memory-guided search,incremental edits,all,8,8,8,9,8,8,9,3,34
hh_s0_t03,30,back to normal,memory-guided search,incremental edits,mover,6,6,6,7,6,6,9,3,34
hh_s0_t03,30,back to normal,memory-guided search,incremental edits,non-mover,2,2,2,2,2,2,9,3,34
hh_s0_t03,31,back to normal,memory-guided search,incremental edits,all,8,8,8,11,8,8,11,3,34
hh_s0_t03,31,back to normal,memory-guided search,incremental edits,mover,5,5,5,8,5,5,11,3,34
hh_s0_t03,31,back to normal,memory-guided search,incremental edits,non-mover,3,3,3,3,3,3,11,3,34
hh_s0_t03,1,settled,memory-guided search,wholesale rewrite,all,8,7,7,11,8,8,11,4,47
hh_s0_t03,1,settled,memory-guided search,wholesale rewrite,mover,4,3,3,7,4,4,11,4,47
hh_s0_t03,1,settled,memory-guided search,wholesale rewrite,non-mover,4,4,4,4,4,4,11,4,47
hh_s0_t03,2,settled,memory-guided search,wholesale rewrite,all,8,8,8,9,8,8,9,3,35
hh_s0_t03,2,settled,memory-guided search,wholesale rewrite,mover,5,5,5,6,5,5,9,3,35
hh_s0_t03,2,settled,memory-guided search,wholesale rewrite,non-mover,3,3,3,3,3,3,9,3,35
hh_s0_t03,3,settled,memory-guided search,wholesale rewrite,all,7,7,7,11,8,8,11,4,48
hh_s0_t03,3,settled,memory-guided search,wholesale rewrite,mover,3,3,3,7,4,4,11,4,48
hh_s0_t03,3,settled,memory-guided search,wholesale rewrite,non-mover,4,4,4,4,4,4,11,4,48
hh_s0_t03,4,settled,memory-guided search,wholesale rewrite,all,6,6,6,15,8,8,15,4,46
hh_s0_t03,4,settled,memory-guided search,wholesale rewrite,mover,4,4,4,13,6,6,15,4,46
hh_s0_t03,4,settled,memory-guided search,wholesale rewrite,non-mover,2,2,2,2,2,2,15,4,46
hh_s0_t03,5,settled,memory-guided search,wholesale rewrite,all,8,8,8,11,8,8,11,4,38
hh_s0_t03,5,settled,memory-guided search,wholesale rewrite,mover,6,6,6,9,6,6,11,4,38
hh_s0_t03,5,settled,memory-guided search,wholesale rewrite,non-mover,2,2,2,2,2,2,11,4,38
hh_s0_t03,6,settled,memory-guided search,wholesale rewrite,all,7,7,7,12,7,8,12,4,37
hh_s0_t03,6,settled,memory-guided search,wholesale rewrite,mover,3,3,3,8,3,4,12,4,37
hh_s0_t03,6,settled,memory-guided search,wholesale rewrite,non-mover,4,4,4,4,4,4,12,4,37
hh_s0_t03,7,settled,memory-guided search,wholesale rewrite,all,8,8,8,13,8,8,13,4,48
hh_s0_t03,7,settled,memory-guided search,wholesale rewrite,mover,4,4,4,9,4,4,13,4,48
hh_s0_t03,7,settled,memory-guided search,wholesale rewrite,non-mover,4,4,4,4,4,4,13,4,48
hh_s0_t03,8,settled,memory-guided search,wholesale rewrite,all,8,8,7,10,8,8,10,3,35
hh_s0_t03,8,settled,memory-guided search,wholesale rewrite,mover,5,5,4,7,5,5,10,3,35
hh_s0_t03,8,settled,memory-guided search,wholesale rewrite,non-mover,3,3,3,3,3,3,10,3,35
hh_s0_t03,9,settled,memory-guided search,wholesale rewrite,all,7,7,7,12,8,8,12,4,45
hh_s0_t03,9,settled,memory-guided search,wholesale rewrite,mover,5,5,5,10,6,6,12,4,45
hh_s0_t03,9,settled,memory-guided search,wholesale rewrite,non-mover,2,2,2,2,2,2,12,4,45
hh_s0_t03,10,settled,memory-guided search,wholesale rewrite,all,8,8,8,10,8,8,10,4,47
hh_s0_t03,10,settled,memory-guided search,wholesale rewrite,mover,5,5,5,7,5,5,10,4,47
hh_s0_t03,10,settled,memory-guided search,wholesale rewrite,non-mover,3,3,3,3,3,3,10,4,47
hh_s0_t03,11,settled,memory-guided search,wholesale rewrite,all,8,8,8,8,8,8,8,3,37
hh_s0_t03,11,settled,memory-guided search,wholesale rewrite,mover,5,5,5,5,5,5,8,3,37
hh_s0_t03,11,settled,memory-guided search,wholesale rewrite,non-mover,3,3,3,3,3,3,8,3,37
hh_s0_t03,12,settled,memory-guided search,wholesale rewrite,all,8,8,7,10,8,8,10,3,36
hh_s0_t03,12,settled,memory-guided search,wholesale rewrite,mover,3,3,2,5,3,3,10,3,36
hh_s0_t03,12,settled,memory-guided search,wholesale rewrite,non-mover,5,5,5,5,5,5,10,3,36
hh_s0_t03,13,settled,memory-guided search,wholesale rewrite,all,8,8,8,11,8,8,11,4,37
hh_s0_t03,13,settled,memory-guided search,wholesale rewrite,mover,3,3,3,4,3,3,11,4,37
hh_s0_t03,13,settled,memory-guided search,wholesale rewrite,non-mover,5,5,5,7,5,5,11,4,37
hh_s0_t03,14,disrupted,memory-guided search,wholesale rewrite,all,5,5,5,16,8,8,16,5,50
hh_s0_t03,14,disrupted,memory-guided search,wholesale rewrite,mover,3,3,3,10,5,5,16,5,50
hh_s0_t03,14,disrupted,memory-guided search,wholesale rewrite,non-mover,2,2,2,6,3,3,16,5,50
hh_s0_t03,15,disrupted,memory-guided search,wholesale rewrite,all,7,7,7,14,8,8,14,5,53
hh_s0_t03,15,disrupted,memory-guided search,wholesale rewrite,mover,5,5,5,9,5,5,14,5,53
hh_s0_t03,15,disrupted,memory-guided search,wholesale rewrite,non-mover,2,2,2,5,3,3,14,5,53
hh_s0_t03,16,disrupted,memory-guided search,wholesale rewrite,all,8,8,8,12,8,8,12,5,51
hh_s0_t03,16,disrupted,memory-guided search,wholesale rewrite,mover,7,7,7,11,7,7,12,5,51
hh_s0_t03,16,disrupted,memory-guided search,wholesale rewrite,non-mover,1,1,1,1,1,1,12,5,51
hh_s0_t03,17,disrupted,memory-guided search,wholesale rewrite,all,8,8,8,10,8,8,10,4,49
hh_s0_t03,17,disrupted,memory-guided search,wholesale rewrite,mover,4,4,4,5,4,4,10,4,49
hh_s0_t03,17,disrupted,memory-guided search,wholesale rewrite,non-mover,4,4,4,5,4,4,10,4,49
hh_s0_t03,18,disrupted,memory-guided search,wholesale rewrite,all,8,8,8,10,8,8,10,3,37
hh_s0_t03,18,disrupted,memory-guided search,wholesale rewrite,mover,3,3,3,5,3,3,10,3,37
hh_s0_t03,18,disrupted,memory-guided search,wholesale rewrite,non-mover,5,5,5,5,5,5,10,3,37
hh_s0_t03,19,disrupted,memory-guided search,wholesale rewrite,all,8,8,8,11,8,8,11,4,50
hh_s0_t03,19,disrupted,memory-guided search,wholesale rewrite,mover,4,4,4,7,4,4,11,4,50
hh_s0_t03,19,disrupted,memory-guided search,wholesale rewrite,non-mover,4,4,4,4,4,4,11,4,50
hh_s0_t03,20,disrupted,memory-guided search,wholesale rewrite,all,8,8,8,9,8,8,9,3,35
hh_s0_t03,20,disrupted,memory-guided search,wholesale rewrite,mover,3,3,3,4,3,3,9,3,35
hh_s0_t03,20,disrupted,memory-guided search,wholesale rewrite,non-mover,5,5,5,5,5,5,9,3,35
hh_s0_t03,21,disrupted,memory-guided search,wholesale rewrite,all,8,8,8,13,8,8,13,5,51
hh_s0_t03,21,disrupted,memory-guided search,wholesale rewrite,mover,4,4,4,8,4,4,13,5,51
hh_s0_t03,21,disrupted,memory-guided search,wholesale rewrite,non-mover,4,4,4,5,4,4,13,5,51
hh_s0_t03,22,disrupted,memory-guided search,wholesale rewrite,all,8,8,8,9,8,8,9,3,34
hh_s0_t03,22,disrupted,memory-guided search,wholesale rewrite,mover,3,3,3,4,3,3,9,3,34
hh_s0_t03,22,disrupted,memory-guided search,wholesale rewrite,non-mover,5,5,5,5,5,5,9,3,34
hh_s0_t03,23,disrupted,memory-guided search,wholesale rewrite,all,7,7,7,10,8,8,10,4,48
hh_s0_t03,23,disrupted,memory-guided search,wholesale rewrite,mover,4,4,4,4,4,4,10,4,48
hh_s0_t03,23,disrupted,memory-guided search,wholesale rewrite,non-mover,3,3,3,6,4,4,10,4,48
hh_s0_t03,24,back to normal,memory-guided search,wholesale rewrite,all,8,8,8,18,8,8,18,4,48
hh_s0_t03,24,back to normal,memory-guided search,wholesale rewrite,mover,6,6,6,16,6,6,18,4,48
hh_s0_t03,24,back to normal,memory-guided search,wholesale rewrite,non-mover,2,2,2,2,2,2,18,4,48
hh_s0_t03,25,back to normal,memory-guided search,wholesale rewrite,all,8,8,8,8,8,8,8,2,16
hh_s0_t03,25,back to normal,memory-guided search,wholesale rewrite,mover,3,3,3,3,3,3,8,2,16
hh_s0_t03,25,back to normal,memory-guided search,wholesale rewrite,non-mover,5,5,5,5,5,5,8,2,16
hh_s0_t03,26,back to normal,memory-guided search,wholesale rewrite,all,8,8,8,10,8,8,10,3,34
hh_s0_t03,26,back to normal,memory-guided search,wholesale rewrite,mover,5,5,5,7,5,5,10,3,34
hh_s0_t03,26,back to normal,memory-guided search,wholesale rewrite,non-mover,3,3,3,3,3,3,10,3,34
hh_s0_t03,27,back to normal,memory-guided search,wholesale rewrite,all,7,7,7,10,8,8,10,4,32
hh_s0_t03,27,back to normal,memory-guided search,wholesale rewrite,mover,4,4,4,4,4,4,10,4,32
hh_s0_t03,27,back to normal,memory-guided search,wholesale rewrite,non-mover,3,3,3,6,4,4,10,4,32
hh_s0_t03,28,back to normal,memory-guided search,wholesale rewrite,all,8,8,8,10,8,8,10,5,51
hh_s0_t03,28,back to normal,memory-guided search,wholesale rewrite,mover,5,5,5,6,5,5,10,5,51
hh_s0_t03,28,back to normal,memory-guided search,wholesale rewrite,non-mover,3,3,3,4,3,3,10,5,51
hh_s0_t03,29,back to normal,memory-guided search,wholesale rewrite,all,8,8,8,8,8,8,8,2,16
hh_s0_t03,29,back to normal,memory-guided search,wholesale rewrite,mover,3,3,3,3,3,3,8,2,16
hh_s0_t03,29,back to normal,memory-guided search,wholesale rewrite,non-mover,5,5,5,5,5,5,8,2,16
hh_s0_t03,30,back to normal,memory-guided search,wholesale rewrite,all,8,8,8,9,8,8,9,3,34
hh_s0_t03,30,back to normal,memory-guided search,wholesale rewrite,mover,6,6,6,7,6,6,9,3,34
hh_s0_t03,30,back to normal,memory-guided search,wholesale rewrite,non-mover,2,2,2,2,2,2,9,3,34
hh_s0_t03,31,back to normal,memory-guided search,wholesale rewrite,all,8,8,8,8,8,8,8,3,34
hh_s0_t03,31,back to normal,memory-guided search,wholesale rewrite,mover,5,5,5,5,5,5,8,3,34
hh_s0_t03,31,back to normal,memory-guided search,wholesale rewrite,non-mover,3,3,3,3,3,3,8,3,34
hh_s0_t03,1,settled,random,incremental edits,all,7,4,2,24,8,8,24,7,73
hh_s0_t03,1,settled,random,incremental edits,mover,3,1,0,12,4,4,24,7,73
hh_s0_t03,1,settled,random,incremental edits,non-mover,4,3,2,12,4,4,24,7,73
hh_s0_t03,2,settled,random,incremental edits,all,8,7,4,20,8,8,20,7,72
hh_s0_t03,2,settled,random,incremental edits,mover,5,4,3,13,5,5,20,7,72
hh_s0_t03,2,settled,random,incremental edits,non-mover,3,3,1,7,3,3,20,7,72
hh_s0_t03,3,settled,random,incremental edits,all,6,4,3,20,8,8,20,7,74
hh_s0_t03,3,settled,random,incremental edits,mover,2,2,2,10,4,4,20,7,74
hh_s0_t03,3,settled,random,incremental edits,non-mover,4,2,1,10,4,4,20,7,74
hh_s0_t03,4,settled,random,incremental edits,all,8,8,3,23,8,8,23,7,67
hh_s0_t03,4,settled,random,incremental edits,mover,6,6,2,17,6,6,23,7,67
hh_s0_t03,4,settled,random,incremental edits,non-mover,2,2,1,6,2,2,23,7,67
hh_s0_t03,5,settled,random,incremental edits,all,7,7,4,18,8,8,18,7,72
hh_s0_t03,5,settled,random,incremental edits,mover,5,5,3,13,6,6,18,7,72
hh_s0_t03,5,settled,random,incremental edits,non-mover,2,2,1,5,2,2,18,7,72
hh_s0_t03,6,settled,random,incremental edits,all,7,6,4,22,8,8,22,7,73
hh_s0_t03,6,settled,random,incremental edits,mover,3,3,3,10,4,4,22,7,73
hh_s0_t03,6,settled,random,incremental edits,non-mover,4,3,1,12,4,4,22,7,73
hh_s0_t03,7,settled,random,incremental edits,all,6,6,4,20,8,8,20,7,74
hh_s0_t03,7,settled,random,incremental edits,mover,2,2,2,10,4,4,20,7,74
hh_s0_t03,7,settled,random,incremental edits,non-mover,4,4,2,10,4,4,20,7,74
hh_s0_t03,8,settled,random,incremental edits,all,8,8,5,15,8,8,15,6,46
hh_s0_t03,8,settled,random,incremental edits,mover,5,5,3,10,5,5,15,6,46
hh_s0_t03,8,settled,random,incremental edits,non-mover,3,3,2,5,3,3,15,6,46
hh_s0_t03,9,settled,random,incremental edits,all,8,6,2,23,8,8,23,6,57
hh_s0_t03,9,settled,random,incremental edits,mover,6,5,2,17,6,6,23,6,57
hh_s0_t03,9,settled,random,incremental edits,non-mover,2,1,0,6,2,2,23,6,57
hh_s0_t03,10,settled,random,incremental edits,all,7,6,3,24,8,8,24,7,70
hh_s0_t03,10,settled,random,incremental edits,mover,4,4,1,15,5,5,24,7,70
hh_s0_t03,10,settled,random,incremental edits,non-mover,3,2,2,9,3,3,24,7,70
hh_s0_t03,11,settled,random,incremental edits,all,8,7,5,17,8,8,17,7,67
hh_s0_t03,11,settled,random,incremental edits,mover,5,4,3,9,5,5,17,7,67
hh_s0_t03,11,settled,random,incremental edits,non-mover,3,3,2,8,3,3,17,7,67
hh_s0_t03,12,settled,random,incremental edits,all,7,6,4,21,8,8,21,7,73
hh_s0_t03,12,settled,random,incremental edits,mover,2,2,2,7,3,3,21,7,73
hh_s0_t03,12,settled,random,incremental edits,non-mover,5,4,2,14,5,5,21,7,73
hh_s0_t03,13,settled,random,incremental edits,all,7,7,4,19,8,8,19,7,70
hh_s0_t03,13,settled,random,incremental edits,mover,3,3,1,8,3,3,19,7,70
hh_s0_t03,13,settled,random,incremental edits,non-mover,4,4,3,11,5,5,19,7,70
hh_s0_t03,14,disrupted,random,incremental edits,all,6,5,4,22,8,8,22,7,62
hh_s0_t03,14,disrupted,random,incremental edits,mover,4,3,3,13,5,5,22,7,62
hh_s0_t03,14,disrupted,random,incremental edits,non-mover,2,2,1,9,3,3,22,7,62
hh_s0_t03,15,disrupted,random,incremental edits,all,5,2,1,24,7,8,24,6,59
hh_s0_t03,15,disrupted,random,incremental edits,mover,3,1,0,15,4,5,24,6,59
hh_s0_t03,15,disrupted,random,incremental edits,non-mover,2,1,1,9,3,3,24,6,59
hh_s0_t03,16,disrupted,random,incremental edits,all,7,5,4,23,8,8,23,7,74
hh_s0_t03,16,disrupted,random,incremental edits,mover,6,4,4,20,7,7,23,7,74
hh_s0_t03,16,disrupted,random,incremental edits,non-mover,1,1,0,3,1,1,23,7,74
hh_s0_t03,17,disrupted,random,incremental edits,all,8,7,6,20,8,8,20,7,72
hh_s0_t03,17,disrupted,random,incremental edits,mover,4,4,4,10,4,4,20,7,72
hh_s0_t03,17,disrupted,random,incremental edits,non-mover,4,3,2,10,4,4,20,7,72
hh_s0_t03,18,disrupted,random,incremental edits,all,7,5,1,24,8,8,24,6,65
hh_s0_t03,18,disrupted,random,incremental edits,mover,2,1,0,9,3,3,24,6,65
hh_s0_t03,18,disrupted,random,incremental edits,non-mover,5,4,1,15,5,5,24,6,65
hh_s0_t03,19,disrupted,random,incremental edits,all,7,5,3,22,8,8,22,7,72
hh_s0_t03,19,disrupted,random,incremental edits,mover,3,1,0,12,4,4,22,7,72
hh_s0_t03,19,disrupted,random,incremental edits,non-mover,4,4,3,10,4,4,22,7,72
hh_s0_t03,20,disrupted,random,incremental edits,all,8,8,4,19,8,8,19,7,72
hh_s0_t03,20,disrupted,random,incremental edits,mover,3,3,2,7,3,3,19,7,72
hh_s0_t03,20,disrupted,random,incremental edits,non-mover,5,5,2,12,5,5,19,7,72
hh_s0_t03,21,disrupted,random,incremental edits,all,7,6,3,22,8,8,22,7,73
hh_s0_t03,21,disrupted,random,incremental edits,mover,3,3,2,11,4,4,22,7,73
hh_s0_t03,21,disrupted,random,incremental edits,non-mover,4,3,1,11,4,4,22,7,73
hh_s0_t03,22,disrupted,random,incremental edits,all,7,6,2,21,8,8,21,7,73
hh_s0_t03,22,disrupted,random,incremental edits,mover,2,2,0,9,3,3,21,7,73
hh_s0_t03,22,disrupted,random,incremental edits,non-mover,5,4,2,12,5,5,21,7,73
hh_s0_t03,23,disrupted,random,incremental edits,all,6,4,3,23,8,8,23,7,68
hh_s0_t03,23,disrupted,random,incremental edits,mover,3,2,1,12,4,4,23,7,68
hh_s0_t03,23,disrupted,random,incremental edits,non-mover,3,2,2,11,4,4,23,7,68
hh_s0_t03,24,back to normal,random,incremental edits,all,4,4,2,20,8,8,20,7,73
hh_s0_t03,24,back to normal,random,incremental edits,mover,2,2,2,14,6,6,20,7,73
hh_s0_t03,24,back to normal,random,incremental edits,non-mover,2,2,0,6,2,2,20,7,73
hh_s0_t03,25,back to normal,random,incremental edits,all,7,6,4,22,8,8,22,7,70
hh_s0_t03,25,back to normal,random,incremental edits,mover,2,1,1,9,3,3,22,7,70
hh_s0_t03,25,back to normal,random,incremental edits,non-mover,5,5,3,13,5,5,22,7,70
hh_s0_t03,26,back to normal,random,incremental edits,all,8,7,5,23,8,8,23,6,63
hh_s0_t03,26,back to normal,random,incremental edits,mover,5,5,5,14,5,5,23,6,63
hh_s0_t03,26,back to normal,random,incremental edits,non-mover,3,2,0,9,3,3,23,6,63
hh_s0_t03,27,back to normal,random,incremental edits,all,8,7,5,20,8,8,20,7,63
hh_s0_t03,27,back to normal,random,incremental edits,mover,4,4,3,11,4,4,20,7,63
hh_s0_t03,27,back to normal,random,incremental edits,non-mover,4,3,2,9,4,4,20,7,63
hh_s0_t03,28,back to normal,random,incremental edits,all,7,7,5,19,8,8,19,5,65
hh_s0_t03,28,back to normal,random,incremental edits,mover,5,5,4,12,5,5,19,5,65
hh_s0_t03,28,back to normal,random,incremental edits,non-mover,2,2,1,7,3,3,19,5,65
hh_s0_t03,29,back to normal,random,incremental edits,all,7,7,5,20,8,8,20,6,55
hh_s0_t03,29,back to normal,random,incremental edits,mover,2,2,1,8,3,3,20,6,55
hh_s0_t03,29,back to normal,random,incremental edits,non-mover,5,5,4,12,5,5,20,6,55
hh_s0_t03,30,back to normal,random,incremental edits,all,8,7,2,24,8,8,24,7,74
hh_s0_t03,30,back to normal,random,incremental edits,mover,6,5,2,18,6,6,24,7,74
hh_s0_t03,30,back to normal,random,incremental edits,non-mover,2,2,0,6,2,2,24,7,74
hh_s0_t03,31,back to normal,random,incremental edits,all,8,8,6,17,8,8,17,6,48
hh_s0_t03,31,back to normal,random,incremental edits,mover,5,5,4,10,5,5,17,6,48
hh_s0_t03,31,back to normal,random,incremental edits,non-mover,3,3,2,7,3,3,17,6,48
hh_s0_t03,1,settled,random,wholesale rewrite,all,7,6,3,20,8,8,20,7,73
hh_s0_t03,1,settled,random,wholesale rewrite,mover,4,3,2,10,4,4,20,7,73
hh_s0_t03,1,settled,random,wholesale rewrite,non-mover,3,3,1,10,4,4,20,7,73
hh_s0_t03,2,settled,random,wholesale rewrite,all,8,7,5,21,8,8,21,7,74
hh_s0_t03,2,settled,random,wholesale rewrite,mover,5,4,3,14,5,5,21,7,74
hh_s0_t03,2,settled,random,wholesale rewrite,non-mover,3,3,2,7,3,3,21,7,74
hh_s0_t03,3,settled,random,wholesale rewrite,all,6,6,2,23,8,8,23,7,73
hh_s0_t03,3,settled,random,wholesale rewrite,mover,2,2,0,12,4,4,23,7,73
hh_s0_t03,3,settled,random,wholesale rewrite,non-mover,4,4,2,11,4,4,23,7,73
hh_s0_t03,4,settled,random,wholesale rewrite,all,6,5,4,22,8,8,22,7,68
hh_s0_t03,4,settled,random,wholesale rewrite,mover,4,3,3,16,6,6,22,7,68
hh_s0_t03,4,settled,random,wholesale rewrite,non-mover,2,2,1,6,2,2,22,7,68
hh_s0_t03,5,settled,random,wholesale rewrite,all,6,4,2,22,8,8,22,7,75
hh_s0_t03,5,settled,random,wholesale rewrite,mover,4,2,1,17,6,6,22,7,75
hh_s0_t03,5,settled,random,wholesale rewrite,non-mover,2,2,1,5,2,2,22,7,75
hh_s0_t03,6,settled,random,wholesale rewrite,all,7,5,4,18,8,8,18,7,73
hh_s0_t03,6,settled,random,wholesale rewrite,mover,3,2,2,10,4,4,18,7,73
hh_s0_t03,6,settled,random,wholesale rewrite,non-mover,4,3,2,8,4,4,18,7,73
hh_s0_t03,7,settled,random,wholesale rewrite,all,6,5,4,17,8,8,17,7,73
hh_s0_t03,7,settled,random,wholesale rewrite,mover,2,2,2,9,4,4,17,7,73
hh_s0_t03,7,settled,random,wholesale rewrite,non-mover,4,3,2,8,4,4,17,7,73
hh_s0_t03,8,settled,random,wholesale rewrite,all,8,5,4,21,8,8,21,7,64
hh_s0_t03,8,settled,random,wholesale rewrite,mover,5,2,2,12,5,5,21,7,64
hh_s0_t03,8,settled,random,wholesale rewrite,non-mover,3,3,2,9,3,3,21,7,64
hh_s0_t03,9,settled,random,wholesale rewrite,all,7,4,4,20,8,8,20,7,69
hh_s0_t03,9,settled,random,wholesale rewrite,mover,5,3,3,15,6,6,20,7,69
hh_s0_t03,9,settled,random,wholesale rewrite,non-mover,2,1,1,5,2,2,20,7,69
hh_s0_t03,10,settled,random,wholesale rewrite,all,7,5,4,20,8,8,20,7,68
hh_s0_t03,10,settled,random,wholesale rewrite,mover,4,2,2,13,5,5,20,7,68
hh_s0_t03,10,settled,random,wholesale rewrite,non-mover,3,3,2,7,3,3,20,7,68
hh_s0_t03,11,settled,random,wholesale rewrite,all,7,7,4,20,8,8,20,7,67
hh_s0_t03,11,settled,random,wholesale rewrite,mover,4,4,2,13,5,5,20,7,67
hh_s0_t03,11,settled,random,wholesale rewrite,non-mover,3,3,2,7,3,3,20,7,67
hh_s0_t03,12,settled,random,wholesale rewrite,all,8,8,4,21,8,8,21,6,55
hh_s0_t03,12,settled,random,wholesale rewrite,mover,3,3,1,9,3,3,21,6,55
hh_s0_t03,12,settled,random,wholesale rewrite,non-mover,5,5,3,12,5,5,21,6,55
hh_s0_t03,13,settled,random,wholesale rewrite,all,6,6,3,22,8,8,22,7,61
hh_s0_t03,13,settled,random,wholesale rewrite,mover,2,2,2,9,3,3,22,7,61
hh_s0_t03,13,settled,random,wholesale rewrite,non-mover,4,4,1,13,5,5,22,7,61
hh_s0_t03,14,disrupted,random,wholesale rewrite,all,5,2,2,23,8,8,23,7,68
hh_s0_t03,14,disrupted,random,wholesale rewrite,mover,3,1,1,15,5,5,23,7,68
hh_s0_t03,14,disrupted,random,wholesale rewrite,non-mover,2,1,1,8,3,3,23,7,68
hh_s0_t03,15,disrupted,random,wholesale rewrite,all,6,5,4,21,8,8,21,7,73
hh_s0_t03,15,disrupted,random,wholesale rewrite,mover,3,2,2,14,5,5,21,7,73
hh_s0_t03,15,disrupted,random,wholesale rewrite,non-mover,3,3,2,7,3,3,21,7,73
hh_s0_t03,16,disrupted,random,wholesale rewrite,all,6,5,3,22,8,8,22,7,69
hh_s0_t03,16,disrupted,random,wholesale rewrite,mover,5,4,2,19,7,7,22,7,69
hh_s0_t03,16,disrupted,random,wholesale rewrite,non-mover,1,1,1,3,1,1,22,7,69
hh_s0_t03,17,disrupted,random,wholesale rewrite,all,8,6,5,19,8,8,19,7,62
hh_s0_t03,17,disrupted,random,wholesale rewrite,mover,4,3,3,10,4,4,19,7,62
hh_s0_t03,17,disrupted,random,wholesale rewrite,non-mover,4,3,2,9,4,4,19,7,62
hh_s0_t03,18,disrupted,random,wholesale rewrite,all,8,7,6,18,8,8,18,6,60
hh_s0_t03,18,disrupted,random,wholesale rewrite,mover,3,2,2,7,3,3,18,6,60
hh_s0_t03,18,disrupted,random,wholesale rewrite,non-mover,5,5,4,11,5,5,18,6,60
hh_s0_t03,19,disrupted,random,wholesale rewrite,all,5,4,1,24,8,8,24,6,56
hh_s0_t03,19,disrupted,random,wholesale rewrite,mover,1,0,0,12,4,4,24,6,56
hh_s0_t03,19,disrupted,random,wholesale rewrite,non-mover,4,4,1,12,4,4,24,6,56
hh_s0_t03,20,disrupted,random,wholesale rewrite,all,7,6,3,21,8,8,21,7,73
hh_s0_t03,20,disrupted,random,wholesale rewrite,mover,2,1,1,8,3,3,21,7,73
hh_s0_t03,20,disrupted,random,wholesale rewrite,non-mover,5,5,2,13,5,5,21,7,73
hh_s0_t03,21,disrupted,random,wholesale rewrite,all,6,6,6,20,8,8,20,6,72
hh_s0_t03,21,disrupted,random,wholesale rewrite,mover,2,2,2,11,4,4,20,6,72
hh_s0_t03,21,disrupted,random,wholesale rewrite,non-mover,4,4,4,9,4,4,20,6,72
hh_s0_t03,22,disrupted,random,wholesale rewrite,all,7,7,5,19,8,8,19,7,70
hh_s0_t03,22,disrupted,random,wholesale rewrite,mover,2,2,2,5,3,3,19,7,70
hh_s0_t03,22,disrupted,random,wholesale rewrite,non-mover,5,5,3,14,5,5,19,7,70
hh_s0_t03,23,disrupted,random,wholesale rewrite,all,7,6,3,20,8,8,20,7,63
hh_s0_t03,23,disrupted,random,wholesale rewrite,mover,4,3,2,10,4,4,20,7,63
hh_s0_t03,23,disrupted,random,wholesale rewrite,non-mover,3,3,1,10,4,4,20,7,63
hh_s0_t03,24,back to normal,random,wholesale rewrite,all,6,6,6,18,8,8,18,6,70
hh_s0_t03,24,back to normal,random,wholesale rewrite,mover,4,4,4,14,6,6,18,6,70
hh_s0_t03,24,back to normal,random,wholesale rewrite,non-mover,2,2,2,4,2,2,18,6,70
hh_s0_t03,25,back to normal,random,wholesale rewrite,all,7,7,3,21,8,8,21,7,64
hh_s0_t03,25,back to normal,random,wholesale rewrite,mover,2,2,1,9,3,3,21,7,64
hh_s0_t03,25,back to normal,random,wholesale rewrite,non-mover,5,5,2,12,5,5,21,7,64
hh_s0_t03,26,back to normal,random,wholesale rewrite,all,7,6,3,23,8,8,23,7,70
hh_s0_t03,26,back to normal,random,wholesale rewrite,mover,4,3,1,14,5,5,23,7,70
hh_s0_t03,26,back to normal,random,wholesale rewrite,non-mover,3,3,2,9,3,3,23,7,70
hh_s0_t03,27,back to normal,random,wholesale rewrite,all,6,5,3,20,7,8,20,7,73
hh_s0_t03,27,back to normal,random,wholesale rewrite,mover,3,3,1,11,3,4,20,7,73
hh_s0_t03,27,back to normal,random,wholesale rewrite,non-mover,3,2,2,9,4,4,20,7,73
hh_s0_t03,28,back to normal,random,wholesale rewrite,all,6,5,3,21,8,8,21,7,73
hh_s0_t03,28,back to normal,random,wholesale rewrite,mover,4,3,2,13,5,5,21,7,73
hh_s0_t03,28,back to normal,random,wholesale rewrite,non-mover,2,2,1,8,3,3,21,7,73
hh_s0_t03,29,back to normal,random,wholesale rewrite,all,7,7,4,18,8,8,18,7,64
hh_s0_t03,29,back to normal,random,wholesale rewrite,mover,2,2,2,5,3,3,18,7,64
hh_s0_t03,29,back to normal,random,wholesale rewrite,non-mover,5,5,2,13,5,5,18,7,64
hh_s0_t03,30,back to normal,random,wholesale rewrite,all,8,7,6,19,8,8,19,7,74
hh_s0_t03,30,back to normal,random,wholesale rewrite,mover,6,5,5,14,6,6,19,7,74
hh_s0_t03,30,back to normal,random,wholesale rewrite,non-mover,2,2,1,5,2,2,19,7,74
hh_s0_t03,31,back to normal,random,wholesale rewrite,all,7,6,3,21,8,8,21,7,73
hh_s0_t03,31,back to normal,random,wholesale rewrite,mover,4,3,1,13,5,5,21,7,73
hh_s0_t03,31,back to normal,random,wholesale rewrite,non-mover,3,3,2,8,3,3,21,7,73
hh_s1_t03,1,settled,fixed rotation,incremental edits,all,8,4,2,22,8,8,22,7,86
hh_s1_t03,1,settled,fixed rotation,incremental edits,mover,3,2,2,7,3,3,22,7,86
hh_s1_t03,1,settled,fixed rotation,incremental edits,non-mover,5,2,0,15,5,5,22,7,86
hh_s1_t03,2,settled,fixed rotation,incremental edits,all,8,6,4,19,8,8,19,7,85
hh_s1_t03,2,settled,fixed rotation,incremental edits,mover,4,3,1,10,4,4,19,7,85
hh_s1_t03,2,settled,fixed rotation,incremental edits,non-mover,4,3,3,9,4,4,19,7,85
hh_s1_t03,3,settled,fixed rotation,incremental edits,all,7,5,2,20,8,8,20,7,84
hh_s1_t03,3,settled,fixed rotation,incremental edits,mover,3,1,0,9,3,3,20,7,84
hh_s1_t03,3,settled,fixed rotation,incremental edits,non-mover,4,4,2,11,5,5,20,7,84
hh_s1_t03,4,settled,fixed rotation,incremental edits,all,8,5,4,20,8,8,20,7,85
hh_s1_t03,4,settled,fixed rotation,incremental edits,mover,3,3,2,9,3,3,20,7,85
hh_s1_t03,4,settled,fixed rotation,incremental edits,non-mover,5,2,2,11,5,5,20,7,85
hh_s1_t03,5,settled,fixed rotation,incremental edits,all,7,6,4,20,8,8,20,7,85
hh_s1_t03,5,settled,fixed rotation,incremental edits,mover,4,4,3,12,5,5,20,7,85
hh_s1_t03,5,settled,fixed rotation,incremental edits,non-mover,3,2,1,8,3,3,20,7,85
hh_s1_t03,6,settled,fixed rotation,incremental edits,all,7,6,4,17,8,8,17,7,85
hh_s1_t03,6,settled,fixed rotation,incremental edits,mover,2,1,1,5,2,2,17,7,85
hh_s1_t03,6,settled,fixed rotation,incremental edits,non-mover,5,5,3,12,6,6,17,7,85
hh_s1_t03,7,settled,fixed rotation,incremental edits,all,8,7,3,21,8,8,21,7,84
hh_s1_t03,7,settled,fixed rotation,incremental edits,mover,4,3,0,12,4,4,21,7,84
hh_s1_t03,7,settled,fixed rotation,incremental edits,non-mover,4,4,3,9,4,4,21,7,84
hh_s1_t03,8,settled,fixed rotation,incremental edits,all,6,4,2,20,8,8,20,7,85
hh_s1_t03,8,settled,fixed rotation,incremental edits,mover,3,2,1,10,4,4,20,7,85
hh_s1_t03,8,settled,fixed rotation,incremental edits,non-mover,3,2,1,10,4,4,20,7,85
hh_s1_t03,9,settled,fixed rotation,incremental edits,all,8,7,2,21,8,8,21,7,85
hh_s1_t03,9,settled,fixed rotation,incremental edits,mover,4,4,2,9,4,4,21,7,85
hh_s1_t03,9,settled,fixed rotation,incremental edits,non-mover,4,3,0,12,4,4,21,7,85
hh_s1_t03,10,settled,fixed rotation,incremental edits,all,8,6,3,20,8,8,20,7,85
hh_s1_t03,10,settled,fixed rotation,incremental edits,mover,5,4,2,13,5,5,20,7,85
hh_s1_t03,10,settled,fixed rotation,incremental edits,non-mover,3,2,1,7,3,3,20,7,85
hh_s1_t03,11,settled,fixed rotation,incremental edits,all,8,7,5,21,8,8,21,7,86
hh_s1_t03,11,settled,fixed rotation,incremental edits,mover,4,4,3,10,4,4,21,7,86
hh_s1_t03,11,settled,fixed rotation,incremental edits,non-mover,4,3,2,11,4,4,21,7,86
hh_s1_t03,12,settled,fixed rotation,incremental edits,all,7,4,4,19,8,8,19,7,85
hh_s1_t03,12,settled,fixed rotation,incremental edits,mover,2,1,1,5,2,2,19,7,85
hh_s1_t03,12,settled,fixed rotation,incremental edits,non-mover,5,3,3,14,6,6,19,7,85
hh_s1_t03,13,settled,fixed rotation,incremental edits,all,6,5,4,20,8,8,20,7,85
hh_s1_t03,13,settled,fixed rotation,incremental edits,mover,4,3,2,13,5,5,20,7,85
hh_s1_t03,13,settled,fixed rotation,incremental edits,non-mover,2,2,2,7,3,3,20,7,85
hh_s1_t03,14,disrupted,fixed rotation,incremental edits,all,7,5,5,20,8,8,20,7,84
hh_s1_t03,14,disrupted,fixed rotation,incremental edits,mover,4,4,4,11,5,5,20,7,84
hh_s1_t03,14,disrupted,fixed rotation,incremental edits,non-mover,3,1,1,9,3,3,20,7,84
hh_s1_t03,15,disrupted,fixed rotation,incremental edits,all,6,5,3,20,8,8,20,7,76
hh_s1_t03,15,disrupted,fixed rotation,incremental edits,mover,5,5,3,14,6,6,20,7,76
hh_s1_t03,15,disrupted,fixed rotation,incremental edits,non-mover,1,0,0,6,2,2,20,7,76
hh_s1_t03,16,disrupted,fixed rotation,incremental edits,all,8,5,3,20,8,8,20,7,85
hh_s1_t03,16,disrupted,fixed rotation,incremental edits,mover,5,4,2,12,5,5,20,7,85
hh_s1_t03,16,disrupted,fixed rotation,incremental edits,non-mover,3,1,1,8,3,3,20,7,85
hh_s1_t03,17,disrupted,fixed rotation,incremental edits,all,6,3,1,24,8,8,24,7,85
hh_s1_t03,17,disrupted,fixed rotation,incremental edits,mover,3,1,0,12,4,4,24,7,85
hh_s1_t03,17,disrupted,fixed rotation,incremental edits,non-mover,3,2,1,12,4,4,24,7,85
hh_s1_t03,18,disrupted,fixed rotation,incremental edits,all,8,6,3,22,8,8,22,7,85
hh_s1_t03,18,disrupted,fixed rotation,incremental edits,mover,5,4,3,13,5,5,22,7,85
hh_s1_t03,18,disrupted,fixed rotation,incremental edits,non-mover,3,2,0,9,3,3,22,7,85
hh_s1_t03,19,disrupted,fixed rotation,incremental edits,all,8,5,4,20,8,8,20,7,83
hh_s1_t03,19,disrupted,fixed rotation,incremental edits,mover,6,4,4,14,6,6,20,7,83
hh_s1_t03,19,disrupted,fixed rotation,incremental edits,non-mover,2,1,0,6,2,2,20,7,83
hh_s1_t03,20,disrupted,fixed rotation,incremental edits,all,7,4,2,23,8,8,23,7,84
hh_s1_t03,20,disrupted,fixed rotation,incremental edits,mover,3,2,2,11,4,4,23,7,84
hh_s1_t03,20,disrupted,fixed rotation,incremental edits,non-mover,4,2,0,12,4,4,23,7,84
hh_s1_t03,21,disrupted,fixed rotation,incremental edits,all,6,6,4,17,8,8,17,7,75
hh_s1_t03,21,disrupted,fixed rotation,incremental edits,mover,2,2,1,11,4,4,17,7,75
hh_s1_t03,21,disrupted,fixed rotation,incremental edits,non-mover,4,4,3,6,4,4,17,7,75
hh_s1_t03,22,disrupted,fixed rotation,incremental edits,all,5,4,2,23,8,8,23,7,86
hh_s1_t03,22,disrupted,fixed rotation,incremental edits,mover,2,2,1,11,4,4,23,7,86
hh_s1_t03,22,disrupted,fixed rotation,incremental edits,non-mover,3,2,1,12,4,4,23,7,86
hh_s1_t03,23,disrupted,fixed rotation,incremental edits,all,7,5,5,21,8,8,21,7,84
hh_s1_t03,23,disrupted,fixed rotation,incremental edits,mover,3,2,2,11,4,4,21,7,84
hh_s1_t03,23,disrupted,fixed rotation,incremental edits,non-mover,4,3,3,10,4,4,21,7,84
hh_s1_t03,24,back to normal,fixed rotation,incremental edits,all,6,6,4,20,8,8,20,7,85
hh_s1_t03,24,back to normal,fixed rotation,incremental edits,mover,3,3,2,6,3,3,20,7,85
hh_s1_t03,24,back to normal,fixed rotation,incremental edits,non-mover,3,3,2,14,5,5,20,7,85
hh_s1_t03,25,back to normal,fixed rotation,incremental edits,all,8,5,2,21,8,8,21,7,86
hh_s1_t03,25,back to normal,fixed rotation,incremental edits,mover,3,0,0,9,3,3,21,7,86
hh_s1_t03,25,back to normal,fixed rotation,incremental edits,non-mover,5,5,2,12,5,5,21,7,86
hh_s1_t03,26,back to normal,fixed rotation,incremental edits,all,7,4,2,20,7,8,20,7,85
hh_s1_t03,26,back to normal,fixed rotation,incremental edits,mover,1,0,0,6,1,2,20,7,85
hh_s1_t03,26,back to normal,fixed rotation,incremental edits,non-mover,6,4,2,14,6,6,20,7,85
hh_s1_t03,27,back to normal,fixed rotation,incremental edits,all,8,7,5,20,8,8,20,7,85
hh_s1_t03,27,back to normal,fixed rotation,incremental edits,mover,4,3,3,10,4,4,20,7,85
hh_s1_t03,27,back to normal,fixed rotation,incremental edits,non-mover,4,4,2,10,4,4,20,7,85
hh_s1_t03,28,back to normal,fixed rotation,incremental edits,all,7,4,3,24,8,8,24,7,85
hh_s1_t03,28,back to normal,fixed rotation,incremental edits,mover,4,2,2,15,5,5,24,7,85
hh_s1_t03,28,back to normal,fixed rotation,incremental edits,non-mover,3,2,1,9,3,3,24,7,85
hh_s1_t03,29,back to normal,fixed rotation,incremental edits,all,8,5,1,22,8,8,22,7,84
hh_s1_t03,29,back to normal,fixed rotation,incremental edits,mover,6,4,1,16,6,6,22,7,84
hh_s1_t03,29,back to normal,fixed rotation,incremental edits,non-mover,2,1,0,6,2,2,22,7,84
hh_s1_t03,30,back to normal,fixed rotation,incremental edits,all,6,5,3,21,8,8,21,7,85
hh_s1_t03,30,back to normal,fixed rotation,incremental edits,mover,3,3,1,9,3,3,21,7,85
hh_s1_t03,30,back to normal,fixed rotation,incremental edits,non-mover,3,2,2,12,5,5,21,7,85
hh_s1_t03,31,back to normal,fixed rotation,incremental edits,all,6,5,3,23,8,8,23,7,84
hh_s1_t03,31,back to normal,fixed rotation,incremental edits,mover,5,4,2,18,6,6,23,7,84
hh_s1_t03,31,back to normal,fixed rotation,incremental edits,non-mover,1,1,1,5,2,2,23,7,84
hh_s1_t03,1,settled,fixed rotation,wholesale rewrite,all,8,4,2,22,8,8,22,7,86
hh_s1_t03,1,settled,fixed rotation,wholesale rewrite,mover,3,2,2,7,3,3,22,7,86
hh_s1_t03,1,settled,fixed rotation,wholesale rewrite,non-mover,5,2,0,15,5,5,22,7,86
hh_s1_t03,2,settled,fixed rotation,wholesale rewrite,all,8,6,4,19,8,8,19,7,85
hh_s1_t03,2,settled,fixed rotation,wholesale rewrite,mover,4,3,1,10,4,4,19,7,85
hh_s1_t03,2,settled,fixed rotation,wholesale rewrite,non-mover,4,3,3,9,4,4,19,7,85
hh_s1_t03,3,settled,fixed rotation,wholesale rewrite,all,7,3,2,20,8,8,20,7,84
hh_s1_t03,3,settled,fixed rotation,wholesale rewrite,mover,3,1,0,9,3,3,20,7,84
hh_s1_t03,3,settled,fixed rotation,wholesale rewrite,non-mover,4,2,2,11,5,5,20,7,84
hh_s1_t03,4,settled,fixed rotation,wholesale rewrite,all,8,7,4,20,8,8,20,7,85
hh_s1_t03,4,settled,fixed rotation,wholesale rewrite,mover,3,3,2,9,3,3,20,7,85
hh_s1_t03,4,settled,fixed rotation,wholesale rewrite,non-mover,5,4,2,11,5,5,20,7,85
hh_s1_t03,5,settled,fixed rotation,wholesale rewrite,all,8,7,4,20,8,8,20,7,85
hh_s1_t03,5,settled,fixed rotation,wholesale rewrite,mover,5,5,3,12,5,5,20,7,85
hh_s1_t03,5,settled,fixed rotation,wholesale rewrite,non-mover,3,2,1,8,3,3,20,7,85
hh_s1_t03,6,settled,fixed rotation,wholesale rewrite,all,8,6,4,17,8,8,17,7,85
hh_s1_t03,6,settled,fixed rotation,wholesale rewrite,mover,2,1,1,5,2,2,17,7,85
hh_s1_t03,6,settled,fixed rotation,wholesale rewrite,non-mover,6,5,3,12,6,6,17,7,85
hh_s1_t03,7,settled,fixed rotation,wholesale rewrite,all,8,5,3,21,8,8,21,7,84
hh_s1_t03,7,settled,fixed rotation,wholesale rewrite,mover,4,2,0,12,4,4,21,7,84
hh_s1_t03,7,settled,fixed rotation,wholesale rewrite,non-mover,4,3,3,9,4,4,21,7,84
hh_s1_t03,8,settled,fixed rotation,wholesale rewrite,all,7,5,2,20,8,8,20,7,85
hh_s1_t03,8,settled,fixed rotation,wholesale rewrite,mover,3,3,1,10,4,4,20,7,85
hh_s1_t03,8,settled,fixed rotation,wholesale rewrite,non-mover,4,2,1,10,4,4,20,7,85
hh_s1_t03,9,settled,fixed rotation,wholesale rewrite,all,8,5,2,21,8,8,21,7,85
hh_s1_t03,9,settled,fixed rotation,wholesale rewrite,mover,4,3,2,9,4,4,21,7,85
hh_s1_t03,9,settled,fixed rotation,wholesale rewrite,non-mover,4,2,0,12,4,4,21,7,85
hh_s1_t03,10,settled,fixed rotation,wholesale rewrite,all,7,6,3,20,7,8,20,7,85
hh_s1_t03,10,settled,fixed rotation,wholesale rewrite,mover,4,4,2,13,4,5,20,7,85
hh_s1_t03,10,settled,fixed rotation,wholesale rewrite,non-mover,3,2,1,7,3,3,20,7,85
hh_s1_t03,11,settled,fixed rotation,wholesale rewrite,all,7,6,5,21,8,8,21,7,86
hh_s1_t03,11,settled,fixed rotation,wholesale rewrite,mover,4,4,3,10,4,4,21,7,86
hh_s1_t03,11,settled,fixed rotation,wholesale rewrite,non-mover,3,2,2,11,4,4,21,7,86
hh_s1_t03,12,settled,fixed rotation,wholesale rewrite,all,7,4,4,19,8,8,19,7,85
hh_s1_t03,12,settled,fixed rotation,wholesale rewrite,mover,2,1,1,5,2,2,19,7,85
hh_s1_t03,12,settled,fixed rotation,wholesale rewrite,non-mover,5,3,3,14,6,6,19,7,85
hh_s1_t03,13,settled,fixed rotation,wholesale rewrite,all,7,6,4,20,8,8,20,7,85
hh_s1_t03,13,settled,fixed rotation,wholesale rewrite,mover,4,3,2,13,5,5,20,7,85
hh_s1_t03,13,settled,fixed rotation,wholesale rewrite,non-mover,3,3,2,7,3,3,20,7,85
hh_s1_t03,14,disrupted,fixed rotation,wholesale rewrite,all,7,5,5,20,8,8,20,7,84
hh_s1_t03,14,disrupted,fixed rotation,wholesale rewrite,mover,4,4,4,11,5,5,20,7,84
hh_s1_t03,14,disrupted,fixed rotation,wholesale rewrite,non-mover,3,1,1,9,3,3,20,7,84
hh_s1_t03,15,disrupted,fixed rotation,wholesale rewrite,all,5,4,3,20,8,8,20,7,76
hh_s1_t03,15,disrupted,fixed rotation,wholesale rewrite,mover,3,3,3,14,6,6,20,7,76
hh_s1_t03,15,disrupted,fixed rotation,wholesale rewrite,non-mover,2,1,0,6,2,2,20,7,76
hh_s1_t03,16,disrupted,fixed rotation,wholesale rewrite,all,7,5,3,20,8,8,20,7,85
hh_s1_t03,16,disrupted,fixed rotation,wholesale rewrite,mover,4,3,2,12,5,5,20,7,85
hh_s1_t03,16,disrupted,fixed rotation,wholesale rewrite,non-mover,3,2,1,8,3,3,20,7,85
hh_s1_t03,17,disrupted,fixed rotation,wholesale rewrite,all,6,1,1,24,8,8,24,7,85
hh_s1_t03,17,disrupted,fixed rotation,wholesale rewrite,mover,2,0,0,12,4,4,24,7,85
hh_s1_t03,17,disrupted,fixed rotation,wholesale rewrite,non-mover,4,1,1,12,4,4,24,7,85
hh_s1_t03,18,disrupted,fixed rotation,wholesale rewrite,all,7,6,3,22,8,8,22,7,85
hh_s1_t03,18,disrupted,fixed rotation,wholesale rewrite,mover,4,4,3,13,5,5,22,7,85
hh_s1_t03,18,disrupted,fixed rotation,wholesale rewrite,non-mover,3,2,0,9,3,3,22,7,85
hh_s1_t03,19,disrupted,fixed rotation,wholesale rewrite,all,8,7,4,20,8,8,20,7,83
hh_s1_t03,19,disrupted,fixed rotation,wholesale rewrite,mover,6,6,4,14,6,6,20,7,83
hh_s1_t03,19,disrupted,fixed rotation,wholesale rewrite,non-mover,2,1,0,6,2,2,20,7,83
hh_s1_t03,20,disrupted,fixed rotation,wholesale rewrite,all,8,5,2,23,8,8,23,7,84
hh_s1_t03,20,disrupted,fixed rotation,wholesale rewrite,mover,4,2,2,11,4,4,23,7,84
hh_s1_t03,20,disrupted,fixed rotation,wholesale rewrite,non-mover,4,3,0,12,4,4,23,7,84
hh_s1_t03,21,disrupted,fixed rotation,wholesale rewrite,all,7,6,4,17,7,8,17,7,75
hh_s1_t03,21,disrupted,fixed rotation,wholesale rewrite,mover,3,2,1,11,3,4,17,7,75
hh_s1_t03,21,disrupted,fixed rotation,wholesale rewrite,non-mover,4,4,3,6,4,4,17,7,75
hh_s1_t03,22,disrupted,fixed rotation,wholesale rewrite,all,7,3,2,23,8,8,23,7,86
hh_s1_t03,22,disrupted,fixed rotation,wholesale rewrite,mover,3,2,1,11,4,4,23,7,86
hh_s1_t03,22,disrupted,fixed rotation,wholesale rewrite,non-mover,4,1,1,12,4,4,23,7,86
hh_s1_t03,23,disrupted,fixed rotation,wholesale rewrite,all,8,6,5,21,8,8,21,7,84
hh_s1_t03,23,disrupted,fixed rotation,wholesale rewrite,mover,4,3,2,11,4,4,21,7,84
hh_s1_t03,23,disrupted,fixed rotation,wholesale rewrite,non-mover,4,3,3,10,4,4,21,7,84
hh_s1_t03,24,back to normal,fixed rotation,wholesale rewrite,all,6,5,4,20,8,8,20,7,85
hh_s1_t03,24,back to normal,fixed rotation,wholesale rewrite,mover,2,2,2,6,3,3,20,7,85
hh_s1_t03,24,back to normal,fixed rotation,wholesale rewrite,non-mover,4,3,2,14,5,5,20,7,85
hh_s1_t03,25,back to normal,fixed rotation,wholesale rewrite,all,7,4,2,21,7,8,21,7,86
hh_s1_t03,25,back to normal,fixed rotation,wholesale rewrite,mover,2,0,0,9,2,3,21,7,86
hh_s1_t03,25,back to normal,fixed rotation,wholesale rewrite,non-mover,5,4,2,12,5,5,21,7,86
hh_s1_t03,26,back to normal,fixed rotation,wholesale rewrite,all,8,5,2,20,8,8,20,7,85
hh_s1_t03,26,back to normal,fixed rotation,wholesale rewrite,mover,2,0,0,6,2,2,20,7,85
hh_s1_t03,26,back to normal,fixed rotation,wholesale rewrite,non-mover,6,5,2,14,6,6,20,7,85
hh_s1_t03,27,back to normal,fixed rotation,wholesale rewrite,all,8,6,5,20,8,8,20,7,85
hh_s1_t03,27,back to normal,fixed rotation,wholesale rewrite,mover,4,3,3,10,4,4,20,7,85
hh_s1_t03,27,back to normal,fixed rotation,wholesale rewrite,non-mover,4,3,2,10,4,4,20,7,85
hh_s1_t03,28,back to normal,fixed rotation,wholesale rewrite,all,7,5,3,24,8,8,24,7,85
hh_s1_t03,28,back to normal,fixed rotation,wholesale rewrite,mover,4,3,2,15,5,5,24,7,85
hh_s1_t03,28,back to normal,fixed rotation,wholesale rewrite,non-mover,3,2,1,9,3,3,24,7,85
hh_s1_t03,29,back to normal,fixed rotation,wholesale rewrite,all,6,4,1,22,6,8,22,7,84
hh_s1_t03,29,back to normal,fixed rotation,wholesale rewrite,mover,5,3,1,16,5,6,22,7,84
hh_s1_t03,29,back to normal,fixed rotation,wholesale rewrite,non-mover,1,1,0,6,1,2,22,7,84
hh_s1_t03,30,back to normal,fixed rotation,wholesale rewrite,all,5,5,3,21,7,8,21,7,85
hh_s1_t03,30,back to normal,fixed rotation,wholesale rewrite,mover,3,3,1,9,3,3,21,7,85
hh_s1_t03,30,back to normal,fixed rotation,wholesale rewrite,non-mover,2,2,2,12,4,5,21,7,85
hh_s1_t03,31,back to normal,fixed rotation,wholesale rewrite,all,8,7,3,23,8,8,23,7,84
hh_s1_t03,31,back to normal,fixed rotation,wholesale rewrite,mover,6,6,2,18,6,6,23,7,84
hh_s1_t03,31,back to normal,fixed rotation,wholesale rewrite,non-mover,2,1,1,5,2,2,23,7,84
hh_s1_t03,1,settled,memory-guided search,incremental edits,all,8,8,8,9,8,8,9,4,58
hh_s1_t03,1,settled,memory-guided search,incremental edits,mover,3,3,3,4,3,3,9,4,58
hh_s1_t03,1,settled,memory-guided search,incremental edits,non-mover,5,5,5,5,5,5,9,4,58
hh_s1_t03,2,settled,memory-guided search,incremental edits,all,8,8,8,8,8,8,8,3,45
hh_s1_t03,2,settled,memory-guided search,incremental edits,mover,4,4,4,4,4,4,8,3,45
hh_s1_t03,2,settled,memory-guided search,incremental edits,non-mover,4,4,4,4,4,4,8,3,45
hh_s1_t03,3,settled,memory-guided search,incremental edits,all,8,8,8,10,8,8,10,4,61
hh_s1_t03,3,settled,memory-guided search,incremental edits,mover,3,3,3,3,3,3,10,4,61
hh_s1_t03,3,settled,memory-guided search,incremental edits,non-mover,5,5,5,7,5,5,10,4,61
hh_s1_t03,4,settled,memory-guided search,incremental edits,all,8,8,8,10,8,8,10,4,62
hh_s1_t03,4,settled,memory-guided search,incremental edits,mover,3,3,3,5,3,3,10,4,62
hh_s1_t03,4,settled,memory-guided search,incremental edits,non-mover,5,5,5,5,5,5,10,4,62
hh_s1_t03,5,settled,memory-guided search,incremental edits,all,8,8,8,11,8,8,11,5,60
hh_s1_t03,5,settled,memory-guided search,incremental edits,mover,5,5,5,7,5,5,11,5,60
hh_s1_t03,5,settled,memory-guided search,incremental edits,non-mover,3,3,3,4,3,3,11,5,60
hh_s1_t03,6,settled,memory-guided search,incremental edits,all,8,8,8,13,8,8,13,4,61
hh_s1_t03,6,settled,memory-guided search,incremental edits,mover,2,2,2,2,2,2,13,4,61
hh_s1_t03,6,settled,memory-guided search,incremental edits,non-mover,6,6,6,11,6,6,13,4,61
hh_s1_t03,7,settled,memory-guided search,incremental edits,all,8,8,8,10,8,8,10,4,60
hh_s1_t03,7,settled,memory-guided search,incremental edits,mover,4,4,4,5,4,4,10,4,60
hh_s1_t03,7,settled,memory-guided search,incremental edits,non-mover,4,4,4,5,4,4,10,4,60
hh_s1_t03,8,settled,memory-guided search,incremental edits,all,8,8,8,13,8,8,13,5,62
hh_s1_t03,8,settled,memory-guided search,incremental edits,mover,4,4,4,6,4,4,13,5,62
hh_s1_t03,8,settled,memory-guided search,incremental edits,non-mover,4,4,4,7,4,4,13,5,62
hh_s1_t03,9,settled,memory-guided search,incremental edits,all,8,8,8,10,8,8,10,3,45
hh_s1_t03,9,settled,memory-guided search,incremental edits,mover,4,4,4,5,4,4,10,3,45
hh_s1_t03,9,settled,memory-guided search,incremental edits,non-mover,4,4,4,5,4,4,10,3,45
hh_s1_t03,10,settled,memory-guided search,incremental edits,all,8,8,8,13,8,8,13,4,62
hh_s1_t03,10,settled,memory-guided search,incremental edits,mover,5,5,5,7,5,5,13,4,62
hh_s1_t03,10,settled,memory-guided search,incremental edits,non-mover,3,3,3,6,3,3,13,4,62
hh_s1_t03,11,settled,memory-guided search,incremental edits,all,8,8,8,9,8,8,9,4,62
hh_s1_t03,11,settled,memory-guided search,incremental edits,mover,4,4,4,5,4,4,9,4,62
hh_s1_t03,11,settled,memory-guided search,incremental edits,non-mover,4,4,4,4,4,4,9,4,62
hh_s1_t03,12,settled,memory-guided search,incremental edits,all,8,8,8,9,8,8,9,3,46
hh_s1_t03,12,settled,memory-guided search,incremental edits,mover,2,2,2,2,2,2,9,3,46
hh_s1_t03,12,settled,memory-guided search,incremental edits,non-mover,6,6,6,7,6,6,9,3,46
hh_s1_t03,13,settled,memory-guided search,incremental edits,all,7,6,6,14,8,8,14,5,62
hh_s1_t03,13,settled,memory-guided search,incremental edits,mover,4,4,4,8,5,5,14,5,62
hh_s1_t03,13,settled,memory-guided search,incremental edits,non-mover,3,2,2,6,3,3,14,5,62
hh_s1_t03,14,disrupted,memory-guided search,incremental edits,all,7,7,7,13,8,8,13,4,59
hh_s1_t03,14,disrupted,memory-guided search,incremental edits,mover,4,4,4,10,5,5,13,4,59
hh_s1_t03,14,disrupted,memory-guided search,incremental edits,non-mover,3,3,3,3,3,3,13,4,59
hh_s1_t03,15,disrupted,memory-guided search,incremental edits,all,7,6,6,18,8,8,18,5,61
hh_s1_t03,15,disrupted,memory-guided search,incremental edits,mover,5,4,4,15,6,6,18,5,61
hh_s1_t03,15,disrupted,memory-guided search,incremental edits,non-mover,2,2,2,3,2,2,18,5,61
hh_s1_t03,16,disrupted,memory-guided search,incremental edits,all,8,8,8,9,8,8,9,3,46
hh_s1_t03,16,disrupted,memory-guided search,incremental edits,mover,5,5,5,6,5,5,9,3,46
hh_s1_t03,16,disrupted,memory-guided search,incremental edits,non-mover,3,3,3,3,3,3,9,3,46
hh_s1_t03,17,disrupted,memory-guided search,incremental edits,all,7,7,7,12,8,8,12,4,62
hh_s1_t03,17,disrupted,memory-guided search,incremental edits,mover,3,3,3,7,4,4,12,4,62
hh_s1_t03,17,disrupted,memory-guided search,incremental edits,non-mover,4,4,4,5,4,4,12,4,62
hh_s1_t03,18,disrupted,memory-guided search,incremental edits,all,8,8,8,9,8,8,9,4,64
hh_s1_t03,18,disrupted,memory-guided search,incremental edits,mover,5,5,5,6,5,5,9,4,64
hh_s1_t03,18,disrupted,memory-guided search,incremental edits,non-mover,3,3,3,3,3,3,9,4,64
hh_s1_t03,19,disrupted,memory-guided search,incremental edits,all,8,7,7,16,8,8,16,5,61
hh_s1_t03,19,disrupted,memory-guided search,incremental edits,mover,6,5,5,14,6,6,16,5,61
hh_s1_t03,19,disrupted,memory-guided search,incremental edits,non-mover,2,2,2,2,2,2,16,5,61
hh_s1_t03,20,disrupted,memory-guided search,incremental edits,all,8,8,8,10,8,8,10,4,61
hh_s1_t03,20,disrupted,memory-guided search,incremental edits,mover,4,4,4,6,4,4,10,4,61
hh_s1_t03,20,disrupted,memory-guided search,incremental edits,non-mover,4,4,4,4,4,4,10,4,61
hh_s1_t03,21,disrupted,memory-guided search,incremental edits,all,8,8,8,14,8,8,14,5,62
hh_s1_t03,21,disrupted,memory-guided search,incremental edits,mover,4,4,4,8,4,4,14,5,62
hh_s1_t03,21,disrupted,memory-guided search,incremental edits,non-mover,4,4,4,6,4,4,14,5,62
hh_s1_t03,22,disrupted,memory-guided search,incremental edits,all,8,8,8,12,8,8,12,4,61
hh_s1_t03,22,disrupted,memory-guided search,incremental edits,mover,4,4,4,5,4,4,12,4,61
hh_s1_t03,22,disrupted,memory-guided search,incremental edits,non-mover,4,4,4,7,4,4,12,4,61
hh_s1_t03,23,disrupted,memory-guided search,incremental edits,all,8,8,8,12,8,8,12,4,60
hh_s1_t03,23,disrupted,memory-guided search,incremental edits,mover,4,4,4,6,4,4,12,4,60
hh_s1_t03,23,disrupted,memory-guided search,incremental edits,non-mover,4,4,4,6,4,4,12,4,60
hh_s1_t03,24,back to normal,memory-guided search,incremental edits,all,7,7,7,13,8,8,13,4,60
hh_s1_t03,24,back to normal,memory-guided search,incremental edits,mover,2,2,2,6,3,3,13,4,60
hh_s1_t03,24,back to normal,memory-guided search,incremental edits,non-mover,5,5,5,7,5,5,13,4,60
hh_s1_t03,25,back to normal,memory-guided search,incremental edits,all,8,7,7,10,8,8,10,3,53
hh_s1_t03,25,back to normal,memory-guided search,incremental edits,mover,3,3,3,3,3,3,10,3,53
hh_s1_t03,25,back to normal,memory-guided search,incremental edits,non-mover,5,4,4,7,5,5,10,3,53
hh_s1_t03,26,back to normal,memory-guided search,incremental edits,all,8,8,8,8,8,8,8,2,38
hh_s1_t03,26,back to normal,memory-guided search,incremental edits,mover,2,2,2,2,2,2,8,2,38
hh_s1_t03,26,back to normal,memory-guided search,incremental edits,non-mover,6,6,6,6,6,6,8,2,38
hh_s1_t03,27,back to normal,memory-guided search,incremental edits,all,8,8,8,9,8,8,9,4,65
hh_s1_t03,27,back to normal,memory-guided search,incremental edits,mover,4,4,4,5,4,4,9,4,65
hh_s1_t03,27,back to normal,memory-guided search,incremental edits,non-mover,4,4,4,4,4,4,9,4,65
hh_s1_t03,28,back to normal,memory-guided search,incremental edits,all,8,8,8,12,8,8,12,5,59
hh_s1_t03,28,back to normal,memory-guided search,incremental edits,mover,5,5,5,9,5,5,12,5,59
hh_s1_t03,28,back to normal,memory-guided search,incremental edits,non-mover,3,3,3,3,3,3,12,5,59
hh_s1_t03,29,back to normal,memory-guided search,incremental edits,all,8,8,7,10,8,8,10,4,59
hh_s1_t03,29,back to normal,memory-guided search,incremental edits,mover,6,6,6,6,6,6,10,4,59
hh_s1_t03,29,back to normal,memory-guided search,incremental edits,non-mover,2,2,1,4,2,2,10,4,59
hh_s1_t03,30,back to normal,memory-guided search,incremental edits,all,7,7,7,12,8,8,12,5,62
hh_s1_t03,30,back to normal,memory-guided search,incremental edits,mover,3,3,3,3,3,3,12,5,62
hh_s1_t03,30,back to normal,memory-guided search,incremental edits,non-mover,4,4,4,9,5,5,12,5,62
hh_s1_t03,31,back to normal,memory-guided search,incremental edits,all,7,7,7,13,8,8,13,5,66
hh_s1_t03,31,back to normal,memory-guided search,incremental edits,mover,5,5,5,10,6,6,13,5,66
hh_s1_t03,31,back to normal,memory-guided search,incremental edits,non-mover,2,2,2,3,2,2,13,5,66
hh_s1_t03,1,settled,memory-guided search,wholesale rewrite,all,8,8,8,9,8,8,9,4,58
hh_s1_t03,1,settled,memory-guided search,wholesale rewrite,mover,3,3,3,4,3,3,9,4,58
hh_s1_t03,1,settled,memory-guided search,wholesale rewrite,non-mover,5,5,5,5,5,5,9,4,58
hh_s1_t03,2,settled,memory-guided search,wholesale rewrite,all,8,8,8,10,8,8,10,3,46
hh_s1_t03,2,settled,memory-guided search,wholesale rewrite,mover,4,4,4,6,4,4,10,3,46
hh_s1_t03,2,settled,memory-guided search,wholesale rewrite,non-mover,4,4,4,4,4,4,10,3,46
hh_s1_t03,3,settled,memory-guided search,wholesale rewrite,all,8,8,8,10,8,8,10,4,61
hh_s1_t03,3,settled,memory-guided search,wholesale rewrite,mover,3,3,3,3,3,3,10,4,61
hh_s1_t03,3,settled,memory-guided search,wholesale rewrite,non-mover,5,5,5,7,5,5,10,4,61
hh_s1_t03,4,settled,memory-guided search,wholesale rewrite,all,7,7,7,10,8,8,10,5,62
hh_s1_t03,4,settled,memory-guided search,wholesale rewrite,mover,2,2,2,5,3,3,10,5,62
hh_s1_t03,4,settled,memory-guided search,wholesale rewrite,non-mover,5,5,5,5,5,5,10,5,62
hh_s1_t03,5,settled,memory-guided search,wholesale rewrite,all,7,7,6,12,8,8,12,7,84
hh_s1_t03,5,settled,memory-guided search,wholesale rewrite,mover,5,5,4,7,5,5,12,7,84
hh_s1_t03,5,settled,memory-guided search,wholesale rewrite,non-mover,2,2,2,5,3,3,12,7,84
hh_s1_t03,6,settled,memory-guided search,wholesale rewrite,all,8,8,8,12,8,8,12,4,60
hh_s1_t03,6,settled,memory-guided search,wholesale rewrite,mover,2,2,2,2,2,2,12,4,60
hh_s1_t03,6,settled,memory-guided search,wholesale rewrite,non-mover,6,6,6,10,6,6,12,4,60
hh_s1_t03,7,settled,memory-guided search,wholesale rewrite,all,8,8,7,12,8,8,12,4,60
hh_s1_t03,7,settled,memory-guided search,wholesale rewrite,mover,4,4,3,6,4,4,12,4,60
hh_s1_t03,7,settled,memory-guided search,wholesale rewrite,non-mover,4,4,4,6,4,4,12,4,60
hh_s1_t03,8,settled,memory-guided search,wholesale rewrite,all,8,8,8,10,8,8,10,4,62
hh_s1_t03,8,settled,memory-guided search,wholesale rewrite,mover,4,4,4,6,4,4,10,4,62
hh_s1_t03,8,settled,memory-guided search,wholesale rewrite,non-mover,4,4,4,4,4,4,10,4,62
hh_s1_t03,9,settled,memory-guided search,wholesale rewrite,all,8,8,8,10,8,8,10,4,59
hh_s1_t03,9,settled,memory-guided search,wholesale rewrite,mover,4,4,4,6,4,4,10,4,59
hh_s1_t03,9,settled,memory-guided search,wholesale rewrite,non-mover,4,4,4,4,4,4,10,4,59
hh_s1_t03,10,settled,memory-guided search,wholesale rewrite,all,8,8,7,13,8,8,13,3,46
hh_s1_t03,10,settled,memory-guided search,wholesale rewrite,mover,5,5,5,7,5,5,13,3,46
hh_s1_t03,10,settled,memory-guided search,wholesale rewrite,non-mover,3,3,2,6,3,3,13,3,46
hh_s1_t03,11,settled,memory-guided search,wholesale rewrite,all,8,8,8,8,8,8,8,4,62
hh_s1_t03,11,settled,memory-guided search,wholesale rewrite,mover,4,4,4,4,4,4,8,4,62
hh_s1_t03,11,settled,memory-guided search,wholesale rewrite,non-mover,4,4,4,4,4,4,8,4,62
hh_s1_t03,12,settled,memory-guided search,wholesale rewrite,all,8,8,8,9,8,8,9,3,46
hh_s1_t03,12,settled,memory-guided search,wholesale rewrite,mover,2,2,2,2,2,2,9,3,46
hh_s1_t03,12,settled,memory-guided search,wholesale rewrite,non-mover,6,6,6,7,6,6,9,3,46
hh_s1_t03,13,settled,memory-guided search,wholesale rewrite,all,8,7,5,15,8,8,15,4,62
hh_s1_t03,13,settled,memory-guided search,wholesale rewrite,mover,5,5,3,9,5,5,15,4,62
hh_s1_t03,13,settled,memory-guided search,wholesale rewrite,non-mover,3,2,2,6,3,3,15,4,62
hh_s1_t03,14,disrupted,memory-guided search,wholesale rewrite,all,7,7,6,14,8,8,14,4,60
hh_s1_t03,14,disrupted,memory-guided search,wholesale rewrite,mover,4,4,3,11,5,5,14,4,60
hh_s1_t03,14,disrupted,memory-guided search,wholesale rewrite,non-mover,3,3,3,3,3,3,14,4,60
hh_s1_t03,15,disrupted,memory-guided search,wholesale rewrite,all,7,7,7,13,8,8,13,5,61
hh_s1_t03,15,disrupted,memory-guided search,wholesale rewrite,mover,5,5,5,11,6,6,13,5,61
hh_s1_t03,15,disrupted,memory-guided search,wholesale rewrite,non-mover,2,2,2,2,2,2,13,5,61
hh_s1_t03,16,disrupted,memory-guided search,wholesale rewrite,all,8,8,8,9,8,8,9,3,46
hh_s1_t03,16,disrupted,memory-guided search,wholesale rewrite,mover,5,5,5,6,5,5,9,3,46
hh_s1_t03,16,disrupted,memory-guided search,wholesale rewrite,non-mover,3,3,3,3,3,3,9,3,46
hh_s1_t03,17,disrupted,memory-guided search,wholesale rewrite,all,7,7,7,12,8,8,12,4,62
hh_s1_t03,17,disrupted,memory-guided search,wholesale rewrite,mover,3,3,3,7,4,4,12,4,62
hh_s1_t03,17,disrupted,memory-guided search,wholesale rewrite,non-mover,4,4,4,5,4,4,12,4,62
hh_s1_t03,18,disrupted,memory-guided search,wholesale rewrite,all,8,8,8,8,8,8,8,4,64
hh_s1_t03,18,disrupted,memory-guided search,wholesale rewrite,mover,5,5,5,5,5,5,8,4,64
hh_s1_t03,18,disrupted,memory-guided search,wholesale rewrite,non-mover,3,3,3,3,3,3,8,4,64
hh_s1_t03,19,disrupted,memory-guided search,wholesale rewrite,all,8,6,6,15,8,8,15,4,61
hh_s1_t03,19,disrupted,memory-guided search,wholesale rewrite,mover,6,4,4,13,6,6,15,4,61
hh_s1_t03,19,disrupted,memory-guided search,wholesale rewrite,non-mover,2,2,2,2,2,2,15,4,61
hh_s1_t03,20,disrupted,memory-guided search,wholesale rewrite,all,8,8,8,11,8,8,11,5,61
hh_s1_t03,20,disrupted,memory-guided search,wholesale rewrite,mover,4,4,4,7,4,4,11,5,61
hh_s1_t03,20,disrupted,memory-guided search,wholesale rewrite,non-mover,4,4,4,4,4,4,11,5,61
hh_s1_t03,21,disrupted,memory-guided search,wholesale rewrite,all,8,7,7,14,8,8,14,5,61
hh_s1_t03,21,disrupted,memory-guided search,wholesale rewrite,mover,4,4,4,8,4,4,14,5,61
hh_s1_t03,21,disrupted,memory-guided search,wholesale rewrite,non-mover,4,3,3,6,4,4,14,5,61
hh_s1_t03,22,disrupted,memory-guided search,wholesale rewrite,all,8,7,7,11,8,8,11,4,61
hh_s1_t03,22,disrupted,memory-guided search,wholesale rewrite,mover,4,4,4,5,4,4,11,4,61
hh_s1_t03,22,disrupted,memory-guided search,wholesale rewrite,non-mover,4,3,3,6,4,4,11,4,61
hh_s1_t03,23,disrupted,memory-guided search,wholesale rewrite,all,8,8,7,11,8,8,11,4,60
hh_s1_t03,23,disrupted,memory-guided search,wholesale rewrite,mover,4,4,4,5,4,4,11,4,60
hh_s1_t03,23,disrupted,memory-guided search,wholesale rewrite,non-mover,4,4,3,6,4,4,11,4,60
hh_s1_t03,24,back to normal,memory-guided search,wholesale rewrite,all,7,7,7,12,8,8,12,5,60
hh_s1_t03,24,back to normal,memory-guided search,wholesale rewrite,mover,2,2,2,6,3,3,12,5,60
hh_s1_t03,24,back to normal,memory-guided search,wholesale rewrite,non-mover,5,5,5,6,5,5,12,5,60
hh_s1_t03,25,back to normal,memory-guided search,wholesale rewrite,all,8,8,7,10,8,8,10,3,53
hh_s1_t03,25,back to normal,memory-guided search,wholesale rewrite,mover,3,3,3,3,3,3,10,3,53
hh_s1_t03,25,back to normal,memory-guided search,wholesale rewrite,non-mover,5,5,4,7,5,5,10,3,53
hh_s1_t03,26,back to normal,memory-guided search,wholesale rewrite,all,8,8,8,8,8,8,8,2,38
hh_s1_t03,26,back to normal,memory-guided search,wholesale rewrite,mover,2,2,2,2,2,2,8,2,38
hh_s1_t03,26,back to normal,memory-guided search,wholesale rewrite,non-mover,6,6,6,6,6,6,8,2,38
hh_s1_t03,27,back to normal,memory-guided search,wholesale rewrite,all,8,8,8,9,8,8,9,4,65
hh_s1_t03,27,back to normal,memory-guided search,wholesale rewrite,mover,4,4,4,5,4,4,9,4,65
hh_s1_t03,27,back to normal,memory-guided search,wholesale rewrite,non-mover,4,4,4,4,4,4,9,4,65
hh_s1_t03,28,back to normal,memory-guided search,wholesale rewrite,all,8,8,6,12,8,8,12,3,46
hh_s1_t03,28,back to normal,memory-guided search,wholesale rewrite,mover,5,5,3,9,5,5,12,3,46
hh_s1_t03,28,back to normal,memory-guided search,wholesale rewrite,non-mover,3,3,3,3,3,3,12,3,46
hh_s1_t03,29,back to normal,memory-guided search,wholesale rewrite,all,8,8,8,8,8,8,8,3,47
hh_s1_t03,29,back to normal,memory-guided search,wholesale rewrite,mover,6,6,6,6,6,6,8,3,47
hh_s1_t03,29,back to normal,memory-guided search,wholesale rewrite,non-mover,2,2,2,2,2,2,8,3,47
hh_s1_t03,30,back to normal,memory-guided search,wholesale rewrite,all,8,7,7,14,8,8,14,5,62
hh_s1_t03,30,back to normal,memory-guided search,wholesale rewrite,mover,3,3,3,3,3,3,14,5,62
hh_s1_t03,30,back to normal,memory-guided search,wholesale rewrite,non-mover,5,4,4,11,5,5,14,5,62
hh_s1_t03,31,back to normal,memory-guided search,wholesale rewrite,all,8,8,8,13,8,8,13,4,66
hh_s1_t03,31,back to normal,memory-guided search,wholesale rewrite,mover,6,6,6,10,6,6,13,4,66
hh_s1_t03,31,back to normal,memory-guided search,wholesale rewrite,non-mover,2,2,2,3,2,2,13,4,66
hh_s1_t03,1,settled,random,incremental edits,all,8,4,1,22,8,8,22,7,79
hh_s1_t03,1,settled,random,incremental edits,mover,3,1,0,9,3,3,22,7,79
hh_s1_t03,1,settled,random,incremental edits,non-mover,5,3,1,13,5,5,22,7,79
hh_s1_t03,2,settled,random,incremental edits,all,8,5,4,19,8,8,19,7,86
hh_s1_t03,2,settled,random,incremental edits,mover,4,3,2,9,4,4,19,7,86
hh_s1_t03,2,settled,random,incremental edits,non-mover,4,2,2,10,4,4,19,7,86
hh_s1_t03,3,settled,random,incremental edits,all,7,3,2,22,8,8,22,6,82
hh_s1_t03,3,settled,random,incremental edits,mover,3,2,1,8,3,3,22,6,82
hh_s1_t03,3,settled,random,incremental edits,non-mover,4,1,1,14,5,5,22,6,82
hh_s1_t03,4,settled,random,incremental edits,all,8,6,4,19,8,8,19,7,81
hh_s1_t03,4,settled,random,incremental edits,mover,3,3,1,9,3,3,19,7,81
hh_s1_t03,4,settled,random,incremental edits,non-mover,5,3,3,10,5,5,19,7,81
hh_s1_t03,5,settled,random,incremental edits,all,8,6,3,21,8,8,21,7,84
hh_s1_t03,5,settled,random,incremental edits,mover,5,4,2,13,5,5,21,7,84
hh_s1_t03,5,settled,random,incremental edits,non-mover,3,2,1,8,3,3,21,7,84
hh_s1_t03,6,settled,random,incremental edits,all,7,5,3,23,8,8,23,7,84
hh_s1_t03,6,settled,random,incremental edits,mover,2,0,0,6,2,2,23,7,84
hh_s1_t03,6,settled,random,incremental edits,non-mover,5,5,3,17,6,6,23,7,84
hh_s1_t03,7,settled,random,incremental edits,all,6,4,4,18,7,8,18,7,84
hh_s1_t03,7,settled,random,incremental edits,mover,3,2,2,8,3,4,18,7,84
hh_s1_t03,7,settled,random,incremental edits,non-mover,3,2,2,10,4,4,18,7,84
hh_s1_t03,8,settled,random,incremental edits,all,8,5,3,19,8,8,19,6,73
hh_s1_t03,8,settled,random,incremental edits,mover,4,2,1,10,4,4,19,6,73
hh_s1_t03,8,settled,random,incremental edits,non-mover,4,3,2,9,4,4,19,6,73
hh_s1_t03,9,settled,random,incremental edits,all,7,5,2,23,8,8,23,7,84
hh_s1_t03,9,settled,random,incremental edits,mover,3,2,1,11,4,4,23,7,84
hh_s1_t03,9,settled,random,incremental edits,non-mover,4,3,1,12,4,4,23,7,84
hh_s1_t03,10,settled,random,incremental edits,all,6,6,5,21,8,8,21,7,84
hh_s1_t03,10,settled,random,incremental edits,mover,4,4,3,12,5,5,21,7,84
hh_s1_t03,10,settled,random,incremental edits,non-mover,2,2,2,9,3,3,21,7,84
hh_s1_t03,11,settled,random,incremental edits,all,8,6,2,21,8,8,21,6,70
hh_s1_t03,11,settled,random,incremental edits,mover,4,3,2,9,4,4,21,6,70
hh_s1_t03,11,settled,random,incremental edits,non-mover,4,3,0,12,4,4,21,6,70
hh_s1_t03,12,settled,random,incremental edits,all,6,4,2,24,8,8,24,7,85
hh_s1_t03,12,settled,random,incremental edits,mover,1,0,0,6,2,2,24,7,85
hh_s1_t03,12,settled,random,incremental edits,non-mover,5,4,2,18,6,6,24,7,85
hh_s1_t03,13,settled,random,incremental edits,all,4,3,1,23,8,8,23,7,85
hh_s1_t03,13,settled,random,incremental edits,mover,3,3,1,14,5,5,23,7,85
hh_s1_t03,13,settled,random,incremental edits,non-mover,1,0,0,9,3,3,23,7,85
hh_s1_t03,14,disrupted,random,incremental edits,all,7,6,3,23,8,8,23,7,84
hh_s1_t03,14,disrupted,random,incremental edits,mover,4,4,2,15,5,5,23,7,84
hh_s1_t03,14,disrupted,random,incremental edits,non-mover,3,2,1,8,3,3,23,7,84
hh_s1_t03,15,disrupted,random,incremental edits,all,7,6,1,22,8,8,22,7,83
hh_s1_t03,15,disrupted,random,incremental edits,mover,5,4,1,16,6,6,22,7,83
hh_s1_t03,15,disrupted,random,incremental edits,non-mover,2,2,0,6,2,2,22,7,83
hh_s1_t03,16,disrupted,random,incremental edits,all,8,6,4,18,8,8,18,7,83
hh_s1_t03,16,disrupted,random,incremental edits,mover,5,4,2,12,5,5,18,7,83
hh_s1_t03,16,disrupted,random,incremental edits,non-mover,3,2,2,6,3,3,18,7,83
hh_s1_t03,17,disrupted,random,incremental edits,all,7,4,2,21,8,8,21,7,76
hh_s1_t03,17,disrupted,random,incremental edits,mover,4,2,1,11,4,4,21,7,76
hh_s1_t03,17,disrupted,random,incremental edits,non-mover,3,2,1,10,4,4,21,7,76
hh_s1_t03,18,disrupted,random,incremental edits,all,7,7,2,20,8,8,20,7,85
hh_s1_t03,18,disrupted,random,incremental edits,mover,4,4,1,13,5,5,20,7,85
hh_s1_t03,18,disrupted,random,incremental edits,non-mover,3,3,1,7,3,3,20,7,85
hh_s1_t03,19,disrupted,random,incremental edits,all,6,5,3,21,8,8,21,6,64
hh_s1_t03,19,disrupted,random,incremental edits,mover,4,3,1,18,6,6,21,6,64
hh_s1_t03,19,disrupted,random,incremental edits,non-mover,2,2,2,3,2,2,21,6,64
hh_s1_t03,20,disrupted,random,incremental edits,all,8,6,3,21,8,8,21,7,85
hh_s1_t03,20,disrupted,random,incremental edits,mover,4,3,1,12,4,4,21,7,85
hh_s1_t03,20,disrupted,random,incremental edits,non-mover,4,3,2,9,4,4,21,7,85
hh_s1_t03,21,disrupted,random,incremental edits,all,7,5,4,23,8,8,23,6,85
hh_s1_t03,21,disrupted,random,incremental edits,mover,4,2,2,11,4,4,23,6,85
hh_s1_t03,21,disrupted,random,incremental edits,non-mover,3,3,2,12,4,4,23,6,85
hh_s1_t03,22,disrupted,random,incremental edits,all,8,7,4,20,8,8,20,7,85
hh_s1_t03,22,disrupted,random,incremental edits,mover,4,4,3,8,4,4,20,7,85
hh_s1_t03,22,disrupted,random,incremental edits,non-mover,4,3,1,12,4,4,20,7,85
hh_s1_t03,23,disrupted,random,incremental edits,all,8,4,4,22,8,8,22,7,83
hh_s1_t03,23,disrupted,random,incremental edits,mover,4,2,2,12,4,4,22,7,83
hh_s1_t03,23,disrupted,random,incremental edits,non-mover,4,2,2,10,4,4,22,7,83
hh_s1_t03,24,back to normal,random,incremental edits,all,6,5,3,23,8,8,23,7,82
hh_s1_t03,24,back to normal,random,incremental edits,mover,2,2,1,9,3,3,23,7,82
hh_s1_t03,24,back to normal,random,incremental edits,non-mover,4,3,2,14,5,5,23,7,82
hh_s1_t03,25,back to normal,random,incremental edits,all,8,5,2,23,8,8,23,6,73
hh_s1_t03,25,back to normal,random,incremental edits,mover,3,0,0,9,3,3,23,6,73
hh_s1_t03,25,back to normal,random,incremental edits,non-mover,5,5,2,14,5,5,23,6,73
hh_s1_t03,26,back to normal,random,incremental edits,all,7,4,1,24,8,8,24,7,85
hh_s1_t03,26,back to normal,random,incremental edits,mover,1,0,0,6,2,2,24,7,85
hh_s1_t03,26,back to normal,random,incremental edits,non-mover,6,4,1,18,6,6,24,7,85
hh_s1_t03,27,back to normal,random,incremental edits,all,8,6,5,17,8,8,17,7,85
hh_s1_t03,27,back to normal,random,incremental edits,mover,4,3,3,8,4,4,17,7,85
hh_s1_t03,27,back to normal,random,incremental edits,non-mover,4,3,2,9,4,4,17,7,85
hh_s1_t03,28,back to normal,random,incremental edits,all,8,7,5,19,8,8,19,7,85
hh_s1_t03,28,back to normal,random,incremental edits,mover,5,5,4,12,5,5,19,7,85
hh_s1_t03,28,back to normal,random,incremental edits,non-mover,3,2,1,7,3,3,19,7,85
hh_s1_t03,29,back to normal,random,incremental edits,all,8,2,1,23,8,8,23,7,85
hh_s1_t03,29,back to normal,random,incremental edits,mover,6,0,0,18,6,6,23,7,85
hh_s1_t03,29,back to normal,random,incremental edits,non-mover,2,2,1,5,2,2,23,7,85
hh_s1_t03,30,back to normal,random,incremental edits,all,6,4,3,20,8,8,20,7,86
hh_s1_t03,30,back to normal,random,incremental edits,mover,3,2,1,8,3,3,20,7,86
hh_s1_t03,30,back to normal,random,incremental edits,non-mover,3,2,2,12,5,5,20,7,86
hh_s1_t03,31,back to normal,random,incremental edits,all,8,7,6,22,8,8,22,7,85
hh_s1_t03,31,back to normal,random,incremental edits,mover,6,5,5,16,6,6,22,7,85
hh_s1_t03,31,back to normal,random,incremental edits,non-mover,2,2,1,6,2,2,22,7,85
hh_s1_t03,1,settled,random,wholesale rewrite,all,8,6,5,21,8,8,21,7,80
hh_s1_t03,1,settled,random,wholesale rewrite,mover,3,2,1,9,3,3,21,7,80
hh_s1_t03,1,settled,random,wholesale rewrite,non-mover,5,4,4,12,5,5,21,7,80
hh_s1_t03,2,settled,random,wholesale rewrite,all,7,5,3,19,8,8,19,7,86
hh_s1_t03,2,settled,random,wholesale rewrite,mover,3,3,1,11,4,4,19,7,86
hh_s1_t03,2,settled,random,wholesale rewrite,non-mover,4,2,2,8,4,4,19,7,86
hh_s1_t03,3,settled,random,wholesale rewrite,all,7,4,4,20,8,8,20,7,84
hh_s1_t03,3,settled,random,wholesale rewrite,mover,3,2,2,8,3,3,20,7,84
hh_s1_t03,3,settled,random,wholesale rewrite,non-mover,4,2,2,12,5,5,20,7,84
hh_s1_t03,4,settled,random,wholesale rewrite,all,8,7,6,19,8,8,19,7,85
hh_s1_t03,4,settled,random,wholesale rewrite,mover,3,3,2,8,3,3,19,7,85
hh_s1_t03,4,settled,random,wholesale rewrite,non-mover,5,4,4,11,5,5,19,7,85
hh_s1_t03,5,settled,random,wholesale rewrite,all,7,6,4,22,8,8,22,7,84
hh_s1_t03,5,settled,random,wholesale rewrite,mover,5,4,2,14,5,5,22,7,84
hh_s1_t03,5,settled,random,wholesale rewrite,non-mover,2,2,2,8,3,3,22,7,84
hh_s1_t03,6,settled,random,wholesale rewrite,all,7,7,6,17,8,8,17,7,80
hh_s1_t03,6,settled,random,wholesale rewrite,mover,2,2,2,2,2,2,17,7,80
hh_s1_t03,6,settled,random,wholesale rewrite,non-mover,5,5,4,15,6,6,17,7,80
hh_s1_t03,7,settled,random,wholesale rewrite,all,8,8,8,16,8,8,16,6,81
hh_s1_t03,7,settled,random,wholesale rewrite,mover,4,4,4,7,4,4,16,6,81
hh_s1_t03,7,settled,random,wholesale rewrite,non-mover,4,4,4,9,4,4,16,6,81
hh_s1_t03,8,settled,random,wholesale rewrite,all,8,6,4,20,8,8,20,7,85
hh_s1_t03,8,settled,random,wholesale rewrite,mover,4,3,2,10,4,4,20,7,85
hh_s1_t03,8,settled,random,wholesale rewrite,non-mover,4,3,2,10,4,4,20,7,85
hh_s1_t03,9,settled,random,wholesale rewrite,all,6,4,3,21,7,8,21,7,84
hh_s1_t03,9,settled,random,wholesale rewrite,mover,4,3,2,10,4,4,21,7,84
hh_s1_t03,9,settled,random,wholesale rewrite,non-mover,2,1,1,11,3,4,21,7,84
hh_s1_t03,10,settled,random,wholesale rewrite,all,7,6,3,22,8,8,22,7,84
hh_s1_t03,10,settled,random,wholesale rewrite,mover,4,4,2,15,5,5,22,7,84
hh_s1_t03,10,settled,random,wholesale rewrite,non-mover,3,2,1,7,3,3,22,7,84
hh_s1_t03,11,settled,random,wholesale rewrite,all,7,4,1,24,7,8,24,7,85
hh_s1_t03,11,settled,random,wholesale rewrite,mover,4,2,0,12,4,4,24,7,85
hh_s1_t03,11,settled,random,wholesale rewrite,non-mover,3,2,1,12,3,4,24,7,85
hh_s1_t03,12,settled,random,wholesale rewrite,all,7,3,3,18,8,8,18,7,84
hh_s1_t03,12,settled,random,wholesale rewrite,mover,2,1,1,4,2,2,18,7,84
hh_s1_t03,12,settled,random,wholesale rewrite,non-mover,5,2,2,14,6,6,18,7,84
hh_s1_t03,13,settled,random,wholesale rewrite,all,4,1,1,22,7,8,22,7,85
hh_s1_t03,13,settled,random,wholesale rewrite,mover,2,1,1,13,4,5,22,7,85
hh_s1_t03,13,settled,random,wholesale rewrite,non-mover,2,0,0,9,3,3,22,7,85
hh_s1_t03,14,disrupted,random,wholesale rewrite,all,7,6,3,21,7,8,21,7,84
hh_s1_t03,14,disrupted,random,wholesale rewrite,mover,4,4,2,13,4,5,21,7,84
hh_s1_t03,14,disrupted,random,wholesale rewrite,non-mover,3,2,1,8,3,3,21,7,84
hh_s1_t03,15,disrupted,random,wholesale rewrite,all,5,5,3,21,8,8,21,7,84
hh_s1_t03,15,disrupted,random,wholesale rewrite,mover,3,3,3,15,6,6,21,7,84
hh_s1_t03,15,disrupted,random,wholesale rewrite,non-mover,2,2,0,6,2,2,21,7,84
hh_s1_t03,16,disrupted,random,wholesale rewrite,all,8,8,5,20,8,8,20,7,84
hh_s1_t03,16,disrupted,random,wholesale rewrite,mover,5,5,3,11,5,5,20,7,84
hh_s1_t03,16,disrupted,random,wholesale rewrite,non-mover,3,3,2,9,3,3,20,7,84
hh_s1_t03,17,disrupted,random,wholesale rewrite,all,7,4,4,21,8,8,21,7,84
hh_s1_t03,17,disrupted,random,wholesale rewrite,mover,4,2,2,9,4,4,21,7,84
hh_s1_t03,17,disrupted,random,wholesale rewrite,non-mover,3,2,2,12,4,4,21,7,84
hh_s1_t03,18,disrupted,random,wholesale rewrite,all,8,7,3,22,8,8,22,7,84
hh_s1_t03,18,disrupted,random,wholesale rewrite,mover,5,4,2,13,5,5,22,7,84
hh_s1_t03,18,disrupted,random,wholesale rewrite,non-mover,3,3,1,9,3,3,22,7,84
hh_s1_t03,19,disrupted,random,wholesale rewrite,all,7,6,3,21,7,8,21,6,82
hh_s1_t03,19,disrupted,random,wholesale rewrite,mover,5,4,2,15,5,6,21,6,82
hh_s1_t03,19,disrupted,random,wholesale rewrite,non-mover,2,2,1,6,2,2,21,6,82
hh_s1_t03,20,disrupted,random,wholesale rewrite,all,8,5,2,22,8,8,22,7,86
hh_s1_t03,20,disrupted,random,wholesale rewrite,mover,4,3,1,10,4,4,22,7,86
hh_s1_t03,20,disrupted,random,wholesale rewrite,non-mover,4,2,1,12,4,4,22,7,86
hh_s1_t03,21,disrupted,random,wholesale rewrite,all,6,6,3,23,8,8,23,7,85
hh_s1_t03,21,disrupted,random,wholesale rewrite,mover,3,3,2,11,4,4,23,7,85
hh_s1_t03,21,disrupted,random,wholesale rewrite,non-mover,3,3,1,12,4,4,23,7,85
hh_s1_t03,22,disrupted,random,wholesale rewrite,all,8,5,5,17,8,8,17,7,84
hh_s1_t03,22,disrupted,random,wholesale rewrite,mover,4,2,2,10,4,4,17,7,84
hh_s1_t03,22,disrupted,random,wholesale rewrite,non-mover,4,3,3,7,4,4,17,7,84
hh_s1_t03,23,disrupted,random,wholesale rewrite,all,7,5,3,20,8,8,20,7,83
hh_s1_t03,23,disrupted,random,wholesale rewrite,mover,3,2,0,12,4,4,20,7,83
hh_s1_t03,23,disrupted,random,wholesale rewrite,non-mover,4,3,3,8,4,4,20,7,83
hh_s1_t03,24,back to normal,random,wholesale rewrite,all,7,5,4,18,8,8,18,7,84
hh_s1_t03,24,back to normal,random,wholesale rewrite,mover,2,2,1,9,3,3,18,7,84
hh_s1_t03,24,back to normal,random,wholesale rewrite,non-mover,5,3,3,9,5,5,18,7,84
hh_s1_t03,25,back to normal,random,wholesale rewrite,all,7,4,1,24,7,8,24,7,84
hh_s1_t03,25,back to normal,random,wholesale rewrite,mover,3,0,0,9,3,3,24,7,84
hh_s1_t03,25,back to normal,random,wholesale rewrite,non-mover,4,4,1,15,4,5,24,7,84
hh_s1_t03,26,back to normal,random,wholesale rewrite,all,8,4,1,24,8,8,24,7,85
hh_s1_t03,26,back to normal,random,wholesale rewrite,mover,2,0,0,6,2,2,24,7,85
hh_s1_t03,26,back to normal,random,wholesale rewrite,non-mover,6,4,1,18,6,6,24,7,85
hh_s1_t03,27,back to normal,random,wholesale rewrite,all,8,5,2,22,8,8,22,6,84
hh_s1_t03,27,back to normal,random,wholesale rewrite,mover,4,3,2,10,4,4,22,6,84
hh_s1_t03,27,back to normal,random,wholesale rewrite,non-mover,4,2,0,12,4,4,22,6,84
hh_s1_t03,28,back to normal,random,wholesale rewrite,all,6,4,3,20,7,8,20,6,78
hh_s1_t03,28,back to normal,random,wholesale rewrite,mover,3,1,1,13,4,5,20,6,78
hh_s1_t03,28,back to normal,random,wholesale rewrite,non-mover,3,3,2,7,3,3,20,6,78
hh_s1_t03,29,back to normal,random,wholesale rewrite,all,8,4,2,23,8,8,23,7,80
hh_s1_t03,29,back to normal,random,wholesale rewrite,mover,6,3,2,17,6,6,23,7,80
hh_s1_t03,29,back to normal,random,wholesale rewrite,non-mover,2,1,0,6,2,2,23,7,80
hh_s1_t03,30,back to normal,random,wholesale rewrite,all,6,6,2,21,8,8,21,7,86
hh_s1_t03,30,back to normal,random,wholesale rewrite,mover,3,3,0,9,3,3,21,7,86
hh_s1_t03,30,back to normal,random,wholesale rewrite,non-mover,3,3,2,12,5,5,21,7,86
hh_s1_t03,31,back to normal,random,wholesale rewrite,all,8,5,1,24,8,8,24,7,84
hh_s1_t03,31,back to normal,random,wholesale rewrite,mover,6,4,1,18,6,6,24,7,84
hh_s1_t03,31,back to normal,random,wholesale rewrite,non-mover,2,1,0,6,2,2,24,7,84
hh_s2_t03,1,settled,fixed rotation,incremental edits,all,6,5,4,19,8,8,19,9,75
hh_s2_t03,1,settled,fixed rotation,incremental edits,mover,2,1,1,9,3,3,19,9,75
hh_s2_t03,1,settled,fixed rotation,incremental edits,non-mover,4,4,3,10,5,5,19,9,75
hh_s2_t03,2,settled,fixed rotation,incremental edits,all,8,7,2,22,8,8,22,9,74
hh_s2_t03,2,settled,fixed rotation,incremental edits,mover,4,3,1,10,4,4,22,9,74
hh_s2_t03,2,settled,fixed rotation,incremental edits,non-mover,4,4,1,12,4,4,22,9,74
hh_s2_t03,3,settled,fixed rotation,incremental edits,all,7,7,3,23,8,8,23,9,75
hh_s2_t03,3,settled,fixed rotation,incremental edits,mover,2,2,1,6,2,2,23,9,75
hh_s2_t03,3,settled,fixed rotation,incremental edits,non-mover,5,5,2,17,6,6,23,9,75
hh_s2_t03,4,settled,fixed rotation,incremental edits,all,6,6,3,19,8,8,19,9,75
hh_s2_t03,4,settled,fixed rotation,incremental edits,mover,3,3,1,13,5,5,19,9,75
hh_s2_t03,4,settled,fixed rotation,incremental edits,non-mover,3,3,2,6,3,3,19,9,75
hh_s2_t03,5,settled,fixed rotation,incremental edits,all,7,7,1,23,8,8,23,9,75
hh_s2_t03,5,settled,fixed rotation,incremental edits,mover,2,2,0,9,3,3,23,9,75
hh_s2_t03,5,settled,fixed rotation,incremental edits,non-mover,5,5,1,14,5,5,23,9,75
hh_s2_t03,6,settled,fixed rotation,incremental edits,all,8,8,4,22,8,8,22,9,74
hh_s2_t03,6,settled,fixed rotation,incremental edits,mover,5,5,3,13,5,5,22,9,74
hh_s2_t03,6,settled,fixed rotation,incremental edits,non-mover,3,3,1,9,3,3,22,9,74
hh_s2_t03,7,settled,fixed rotation,incremental edits,all,8,8,4,21,8,8,21,9,74
hh_s2_t03,7,settled,fixed rotation,incremental edits,mover,2,2,2,4,2,2,21,9,74
hh_s2_t03,7,settled,fixed rotation,incremental edits,non-mover,6,6,2,17,6,6,21,9,74
hh_s2_t03,8,settled,fixed rotation,incremental edits,all,7,7,1,23,8,8,23,9,75
hh_s2_t03,8,settled,fixed rotation,incremental edits,mover,2,2,0,9,3,3,23,9,75
hh_s2_t03,8,settled,fixed rotation,incremental edits,non-mover,5,5,1,14,5,5,23,9,75
hh_s2_t03,9,settled,fixed rotation,incremental edits,all,5,5,2,20,7,8,20,9,74
hh_s2_t03,9,settled,fixed rotation,incremental edits,mover,3,3,2,14,5,6,20,9,74
hh_s2_t03,9,settled,fixed rotation,incremental edits,non-mover,2,2,0,6,2,2,20,9,74
hh_s2_t03,10,settled,fixed rotation,incremental edits,all,7,7,1,23,8,8,23,9,74
hh_s2_t03,10,settled,fixed rotation,incremental edits,mover,3,3,1,11,4,4,23,9,74
hh_s2_t03,10,settled,fixed rotation,incremental edits,non-mover,4,4,0,12,4,4,23,9,74
hh_s2_t03,11,settled,fixed rotation,incremental edits,all,6,6,4,21,8,8,21,9,70
hh_s2_t03,11,settled,fixed rotation,incremental edits,mover,2,2,1,10,4,4,21,9,70
hh_s2_t03,11,settled,fixed rotation,incremental edits,non-mover,4,4,3,11,4,4,21,9,70
hh_s2_t03,12,settled,fixed rotation,incremental edits,all,7,7,2,24,8,8,24,9,75
hh_s2_t03,12,settled,fixed rotation,incremental edits,mover,3,3,1,12,4,4,24,9,75
hh_s2_t03,12,settled,fixed rotation,incremental edits,non-mover,4,4,1,12,4,4,24,9,75
hh_s2_t03,13,settled,fixed rotation,incremental edits,all,5,5,3,20,8,8,20,9,74
hh_s2_t03,13,settled,fixed rotation,incremental edits,mover,1,1,1,10,4,4,20,9,74
hh_s2_t03,13,settled,fixed rotation,incremental edits,non-mover,4,4,2,10,4,4,20,9,74
hh_s2_t03,14,disrupted,fixed rotation,incremental edits,all,5,3,1,24,8,8,24,9,74
hh_s2_t03,14,disrupted,fixed rotation,incremental edits,mover,2,0,0,15,5,5,24,9,74
hh_s2_t03,14,disrupted,fixed rotation,incremental edits,non-mover,3,3,1,9,3,3,24,9,74
hh_s2_t03,15,disrupted,fixed rotation,incremental edits,all,7,7,5,23,7,8,23,9,75
hh_s2_t03,15,disrupted,fixed rotation,incremental edits,mover,3,3,3,8,3,3,23,9,75
hh_s2_t03,15,disrupted,fixed rotation,incremental edits,non-mover,4,4,2,15,4,5,23,9,75
hh_s2_t03,16,disrupted,fixed rotation,incremental edits,all,6,5,3,20,8,8,20,9,74
hh_s2_t03,16,disrupted,fixed rotation,incremental edits,mover,2,1,1,11,4,4,20,9,74
hh_s2_t03,16,disrupted,fixed rotation,incremental edits,non-mover,4,4,2,9,4,4,20,9,74
hh_s2_t03,17,disrupted,fixed rotation,incremental edits,all,6,6,3,21,8,8,21,9,74
hh_s2_t03,17,disrupted,fixed rotation,incremental edits,mover,1,1,1,9,3,3,21,9,74
hh_s2_t03,17,disrupted,fixed rotation,incremental edits,non-mover,5,5,2,12,5,5,21,9,74
hh_s2_t03,18,disrupted,fixed rotation,incremental edits,all,8,8,3,20,8,8,20,9,69
hh_s2_t03,18,disrupted,fixed rotation,incremental edits,mover,2,2,0,6,2,2,20,9,69
hh_s2_t03,18,disrupted,fixed rotation,incremental edits,non-mover,6,6,3,14,6,6,20,9,69
hh_s2_t03,19,disrupted,fixed rotation,incremental edits,all,8,7,4,20,8,8,20,9,74
hh_s2_t03,19,disrupted,fixed rotation,incremental edits,mover,2,1,1,4,2,2,20,9,74
hh_s2_t03,19,disrupted,fixed rotation,incremental edits,non-mover,6,6,3,16,6,6,20,9,74
hh_s2_t03,20,disrupted,fixed rotation,incremental edits,all,7,7,3,22,8,8,22,9,75
hh_s2_t03,20,disrupted,fixed rotation,incremental edits,mover,4,4,3,13,5,5,22,9,75
hh_s2_t03,20,disrupted,fixed rotation,incremental edits,non-mover,3,3,0,9,3,3,22,9,75
hh_s2_t03,21,disrupted,fixed rotation,incremental edits,all,8,8,3,21,8,8,21,9,74
hh_s2_t03,21,disrupted,fixed rotation,incremental edits,mover,3,3,1,7,3,3,21,9,74
hh_s2_t03,21,disrupted,fixed rotation,incremental edits,non-mover,5,5,2,14,5,5,21,9,74
hh_s2_t03,22,disrupted,fixed rotation,incremental edits,all,5,4,1,23,8,8,23,9,74
hh_s2_t03,22,disrupted,fixed rotation,incremental edits,mover,4,3,1,20,7,7,23,9,74
hh_s2_t03,22,disrupted,fixed rotation,incremental edits,non-mover,1,1,0,3,1,1,23,9,74
hh_s2_t03,23,disrupted,fixed rotation,incremental edits,all,5,4,1,22,8,8,22,9,75
hh_s2_t03,23,disrupted,fixed rotation,incremental edits,mover,1,1,0,9,3,3,22,9,75
hh_s2_t03,23,disrupted,fixed rotation,incremental edits,non-mover,4,3,1,13,5,5,22,9,75
hh_s2_t03,24,back to normal,fixed rotation,incremental edits,all,6,6,3,22,8,8,22,9,74
hh_s2_t03,24,back to normal,fixed rotation,incremental edits,mover,2,2,2,10,4,4,22,9,74
hh_s2_t03,24,back to normal,fixed rotation,incremental edits,non-mover,4,4,1,12,4,4,22,9,74
hh_s2_t03,25,back to normal,fixed rotation,incremental edits,all,6,6,4,23,8,8,23,9,74
hh_s2_t03,25,back to normal,fixed rotation,incremental edits,mover,2,2,2,12,4,4,23,9,74
hh_s2_t03,25,back to normal,fixed rotation,incremental edits,non-mover,4,4,2,11,4,4,23,9,74
hh_s2_t03,26,back to normal,fixed rotation,incremental edits,all,6,6,4,20,8,8,20,9,75
hh_s2_t03,26,back to normal,fixed rotation,incremental edits,mover,3,3,2,10,4,4,20,9,75
hh_s2_t03,26,back to normal,fixed rotation,incremental edits,non-mover,3,3,2,10,4,4,20,9,75
hh_s2_t03,27,back to normal,fixed rotation,incremental edits,all,8,8,5,18,8,8,18,9,75
hh_s2_t03,27,back to normal,fixed rotation,incremental edits,mover,5,5,2,12,5,5,18,9,75
hh_s2_t03,27,back to normal,fixed rotation,incremental edits,non-mover,3,3,3,6,3,3,18,9,75
hh_s2_t03,28,back to normal,fixed rotation,incremental edits,all,7,6,2,20,8,8,20,9,74
hh_s2_t03,28,back to normal,fixed rotation,incremental edits,mover,2,1,0,9,3,3,20,9,74
hh_s2_t03,28,back to normal,fixed rotation,incremental edits,non-mover,5,5,2,11,5,5,20,9,74
hh_s2_t03,29,back to normal,fixed rotation,incremental edits,all,8,8,2,21,8,8,21,9,75
hh_s2_t03,29,back to normal,fixed rotation,incremental edits,mover,2,2,1,4,2,2,21,9,75
hh_s2_t03,29,back to normal,fixed rotation,incremental edits,non-mover,6,6,1,17,6,6,21,9,75
hh_s2_t03,30,back to normal,fixed rotation,incremental edits,all,6,4,3,21,8,8,21,9,75
hh_s2_t03,30,back to normal,fixed rotation,incremental edits,mover,3,1,1,15,5,5,21,9,75
hh_s2_t03,30,back to normal,fixed rotation,incremental edits,non-mover,3,3,2,6,3,3,21,9,75
hh_s2_t03,31,back to normal,fixed rotation,incremental edits,all,7,6,0,24,8,8,24,9,74
hh_s2_t03,31,back to normal,fixed rotation,incremental edits,mover,2,2,0,9,3,3,24,9,74
hh_s2_t03,31,back to normal,fixed rotation,incremental edits,non-mover,5,4,0,15,5,5,24,9,74
hh_s2_t03,1,settled,fixed rotation,wholesale rewrite,all,6,5,4,19,8,8,19,9,75
hh_s2_t03,1,settled,fixed rotation,wholesale rewrite,mover,2,1,1,9,3,3,19,9,75
hh_s2_t03,1,settled,fixed rotation,wholesale rewrite,non-mover,4,4,3,10,5,5,19,9,75
hh_s2_t03,2,settled,fixed rotation,wholesale rewrite,all,6,6,2,22,7,8,22,9,74
hh_s2_t03,2,settled,fixed rotation,wholesale rewrite,mover,2,2,1,10,3,4,22,9,74
hh_s2_t03,2,settled,fixed rotation,wholesale rewrite,non-mover,4,4,1,12,4,4,22,9,74
hh_s2_t03,3,settled,fixed rotation,wholesale rewrite,all,6,6,3,23,7,8,23,9,75
hh_s2_t03,3,settled,fixed rotation,wholesale rewrite,mover,1,1,1,6,2,2,23,9,75
hh_s2_t03,3,settled,fixed rotation,wholesale rewrite,non-mover,5,5,2,17,5,6,23,9,75
hh_s2_t03,4,settled,fixed rotation,wholesale rewrite,all,6,5,3,19,8,8,19,9,75
hh_s2_t03,4,settled,fixed rotation,wholesale rewrite,mover,3,2,1,13,5,5,19,9,75
hh_s2_t03,4,settled,fixed rotation,wholesale rewrite,non-mover,3,3,2,6,3,3,19,9,75
hh_s2_t03,5,settled,fixed rotation,wholesale rewrite,all,5,5,1,23,8,8,23,9,75
hh_s2_t03,5,settled,fixed rotation,wholesale rewrite,mover,0,0,0,9,3,3,23,9,75
hh_s2_t03,5,settled,fixed rotation,wholesale rewrite,non-mover,5,5,1,14,5,5,23,9,75
hh_s2_t03,6,settled,fixed rotation,wholesale rewrite,all,6,6,4,22,8,8,22,9,74
hh_s2_t03,6,settled,fixed rotation,wholesale rewrite,mover,3,3,3,13,5,5,22,9,74
hh_s2_t03,6,settled,fixed rotation,wholesale rewrite,non-mover,3,3,1,9,3,3,22,9,74
hh_s2_t03,7,settled,fixed rotation,wholesale rewrite,all,8,8,4,21,8,8,21,9,74
hh_s2_t03,7,settled,fixed rotation,wholesale rewrite,mover,2,2,2,4,2,2,21,9,74
hh_s2_t03,7,settled,fixed rotation,wholesale rewrite,non-mover,6,6,2,17,6,6,21,9,74
hh_s2_t03,8,settled,fixed rotation,wholesale rewrite,all,5,5,1,23,7,8,23,9,75
hh_s2_t03,8,settled,fixed rotation,wholesale rewrite,mover,1,1,0,9,3,3,23,9,75
hh_s2_t03,8,settled,fixed rotation,wholesale rewrite,non-mover,4,4,1,14,4,5,23,9,75
hh_s2_t03,9,settled,fixed rotation,wholesale rewrite,all,4,4,2,20,8,8,20,9,74
hh_s2_t03,9,settled,fixed rotation,wholesale rewrite,mover,2,2,2,14,6,6,20,9,74
hh_s2_t03,9,settled,fixed rotation,wholesale rewrite,non-mover,2,2,0,6,2,2,20,9,74
hh_s2_t03,10,settled,fixed rotation,wholesale rewrite,all,7,6,1,23,8,8,23,9,74
hh_s2_t03,10,settled,fixed rotation,wholesale rewrite,mover,3,2,1,11,4,4,23,9,74
hh_s2_t03,10,settled,fixed rotation,wholesale rewrite,non-mover,4,4,0,12,4,4,23,9,74
hh_s2_t03,11,settled,fixed rotation,wholesale rewrite,all,6,6,4,21,8,8,21,9,70
hh_s2_t03,11,settled,fixed rotation,wholesale rewrite,mover,2,2,1,10,4,4,21,9,70
hh_s2_t03,11,settled,fixed rotation,wholesale rewrite,non-mover,4,4,3,11,4,4,21,9,70
hh_s2_t03,12,settled,fixed rotation,wholesale rewrite,all,6,6,2,24,8,8,24,9,75
hh_s2_t03,12,settled,fixed rotation,wholesale rewrite,mover,2,2,1,12,4,4,24,9,75
hh_s2_t03,12,settled,fixed rotation,wholesale rewrite,non-mover,4,4,1,12,4,4,24,9,75
hh_s2_t03,13,settled,fixed rotation,wholesale rewrite,all,5,5,3,20,8,8,20,9,74
hh_s2_t03,13,settled,fixed rotation,wholesale rewrite,mover,1,1,1,10,4,4,20,9,74
hh_s2_t03,13,settled,fixed rotation,wholesale rewrite,non-mover,4,4,2,10,4,4,20,9,74
hh_s2_t03,14,disrupted,fixed rotation,wholesale rewrite,all,5,3,1,24,8,8,24,9,74
hh_s2_t03,14,disrupted,fixed rotation,wholesale rewrite,mover,2,0,0,15,5,5,24,9,74
hh_s2_t03,14,disrupted,fixed rotation,wholesale rewrite,non-mover,3,3,1,9,3,3,24,9,74
hh_s2_t03,15,disrupted,fixed rotation,wholesale rewrite,all,8,8,5,23,8,8,23,9,75
hh_s2_t03,15,disrupted,fixed rotation,wholesale rewrite,mover,3,3,3,8,3,3,23,9,75
hh_s2_t03,15,disrupted,fixed rotation,wholesale rewrite,non-mover,5,5,2,15,5,5,23,9,75
hh_s2_t03,16,disrupted,fixed rotation,wholesale rewrite,all,5,4,3,20,7,8,20,9,74
hh_s2_t03,16,disrupted,fixed rotation,wholesale rewrite,mover,2,1,1,11,3,4,20,9,74
hh_s2_t03,16,disrupted,fixed rotation,wholesale rewrite,non-mover,3,3,2,9,4,4,20,9,74
hh_s2_t03,17,disrupted,fixed rotation,wholesale rewrite,all,6,6,3,21,8,8,21,9,74
hh_s2_t03,17,disrupted,fixed rotation,wholesale rewrite,mover,1,1,1,9,3,3,21,9,74
hh_s2_t03,17,disrupted,fixed rotation,wholesale rewrite,non-mover,5,5,2,12,5,5,21,9,74
hh_s2_t03,18,disrupted,fixed rotation,wholesale rewrite,all,7,7,3,20,8,8,20,9,69
hh_s2_t03,18,disrupted,fixed rotation,wholesale rewrite,mover,1,1,0,6,2,2,20,9,69
hh_s2_t03,18,disrupted,fixed rotation,wholesale rewrite,non-mover,6,6,3,14,6,6,20,9,69
hh_s2_t03,19,disrupted,fixed rotation,wholesale rewrite,all,8,7,4,20,8,8,20,9,74
hh_s2_t03,19,disrupted,fixed rotation,wholesale rewrite,mover,2,1,1,4,2,2,20,9,74
hh_s2_t03,19,disrupted,fixed rotation,wholesale rewrite,non-mover,6,6,3,16,6,6,20,9,74
hh_s2_t03,20,disrupted,fixed rotation,wholesale rewrite,all,7,7,3,22,8,8,22,9,75
hh_s2_t03,20,disrupted,fixed rotation,wholesale rewrite,mover,4,4,3,13,5,5,22,9,75
hh_s2_t03,20,disrupted,fixed rotation,wholesale rewrite,non-mover,3,3,0,9,3,3,22,9,75
hh_s2_t03,21,disrupted,fixed rotation,wholesale rewrite,all,8,7,3,21,8,8,21,9,74
hh_s2_t03,21,disrupted,fixed rotation,wholesale rewrite,mover,3,2,1,7,3,3,21,9,74
hh_s2_t03,21,disrupted,fixed rotation,wholesale rewrite,non-mover,5,5,2,14,5,5,21,9,74
hh_s2_t03,22,disrupted,fixed rotation,wholesale rewrite,all,3,2,1,23,8,8,23,9,74
hh_s2_t03,22,disrupted,fixed rotation,wholesale rewrite,mover,2,1,1,20,7,7,23,9,74
hh_s2_t03,22,disrupted,fixed rotation,wholesale rewrite,non-mover,1,1,0,3,1,1,23,9,74
hh_s2_t03,23,disrupted,fixed rotation,wholesale rewrite,all,4,4,1,22,8,8,22,9,75
hh_s2_t03,23,disrupted,fixed rotation,wholesale rewrite,mover,0,0,0,9,3,3,22,9,75
hh_s2_t03,23,disrupted,fixed rotation,wholesale rewrite,non-mover,4,4,1,13,5,5,22,9,75
hh_s2_t03,24,back to normal,fixed rotation,wholesale rewrite,all,6,6,3,22,8,8,22,9,74
hh_s2_t03,24,back to normal,fixed rotation,wholesale rewrite,mover,2,2,2,10,4,4,22,9,74
hh_s2_t03,24,back to normal,fixed rotation,wholesale rewrite,non-mover,4,4,1,12,4,4,22,9,74
hh_s2_t03,25,back to normal,fixed rotation,wholesale rewrite,all,6,6,4,23,8,8,23,9,74
hh_s2_t03,25,back to normal,fixed rotation,wholesale rewrite,mover,2,2,2,12,4,4,23,9,74
hh_s2_t03,25,back to normal,fixed rotation,wholesale rewrite,non-mover,4,4,2,11,4,4,23,9,74
hh_s2_t03,26,back to normal,fixed rotation,wholesale rewrite,all,7,6,4,20,7,8,20,9,75
hh_s2_t03,26,back to normal,fixed rotation,wholesale rewrite,mover,3,2,2,10,3,4,20,9,75
hh_s2_t03,26,back to normal,fixed rotation,wholesale rewrite,non-mover,4,4,2,10,4,4,20,9,75
hh_s2_t03,27,back to normal,fixed rotation,wholesale rewrite,all,5,5,5,18,7,8,18,9,75
hh_s2_t03,27,back to normal,fixed rotation,wholesale rewrite,mover,2,2,2,12,4,5,18,9,75
hh_s2_t03,27,back to normal,fixed rotation,wholesale rewrite,non-mover,3,3,3,6,3,3,18,9,75
hh_s2_t03,28,back to normal,fixed rotation,wholesale rewrite,all,6,6,2,20,8,8,20,9,74
hh_s2_t03,28,back to normal,fixed rotation,wholesale rewrite,mover,1,1,0,9,3,3,20,9,74
hh_s2_t03,28,back to normal,fixed rotation,wholesale rewrite,non-mover,5,5,2,11,5,5,20,9,74
hh_s2_t03,29,back to normal,fixed rotation,wholesale rewrite,all,7,7,2,21,8,8,21,9,75
hh_s2_t03,29,back to normal,fixed rotation,wholesale rewrite,mover,1,1,1,4,2,2,21,9,75
hh_s2_t03,29,back to normal,fixed rotation,wholesale rewrite,non-mover,6,6,1,17,6,6,21,9,75
hh_s2_t03,30,back to normal,fixed rotation,wholesale rewrite,all,6,5,3,21,8,8,21,9,75
hh_s2_t03,30,back to normal,fixed rotation,wholesale rewrite,mover,3,2,1,15,5,5,21,9,75
hh_s2_t03,30,back to normal,fixed rotation,wholesale rewrite,non-mover,3,3,2,6,3,3,21,9,75
hh_s2_t03,31,back to normal,fixed rotation,wholesale rewrite,all,5,5,0,24,8,8,24,9,74
hh_s2_t03,31,back to normal,fixed rotation,wholesale rewrite,mover,0,0,0,9,3,3,24,9,74
hh_s2_t03,31,back to normal,fixed rotation,wholesale rewrite,non-mover,5,5,0,15,5,5,24,9,74
hh_s2_t03,1,settled,memory-guided search,incremental edits,all,7,7,7,10,8,8,10,4,50
hh_s2_t03,1,settled,memory-guided search,incremental edits,mover,2,2,2,5,3,3,10,4,50
hh_s2_t03,1,settled,memory-guided search,incremental edits,non-mover,5,5,5,5,5,5,10,4,50
hh_s2_t03,2,settled,memory-guided search,incremental edits,all,8,8,8,8,8,8,8,3,38
hh_s2_t03,2,settled,memory-guided search,incremental edits,mover,4,4,4,4,4,4,8,3,38
hh_s2_t03,2,settled,memory-guided search,incremental edits,non-mover,4,4,4,4,4,4,8,3,38
hh_s2_t03,3,settled,memory-guided search,incremental edits,all,7,7,7,10,8,8,10,3,35
hh_s2_t03,3,settled,memory-guided search,incremental edits,mover,2,2,2,2,2,2,10,3,35
hh_s2_t03,3,settled,memory-guided search,incremental edits,non-mover,5,5,5,8,6,6,10,3,35
hh_s2_t03,4,settled,memory-guided search,incremental edits,all,7,7,7,13,8,8,13,5,52
hh_s2_t03,4,settled,memory-guided search,incremental edits,mover,4,4,4,10,5,5,13,5,52
hh_s2_t03,4,settled,memory-guided search,incremental edits,non-mover,3,3,3,3,3,3,13,5,52
hh_s2_t03,5,settled,memory-guided search,incremental edits,all,8,8,8,9,8,8,9,3,38
hh_s2_t03,5,settled,memory-guided search,incremental edits,mover,3,3,3,4,3,3,9,3,38
hh_s2_t03,5,settled,memory-guided search,incremental edits,non-mover,5,5,5,5,5,5,9,3,38
hh_s2_t03,6,settled,memory-guided search,incremental edits,all,8,8,7,10,8,8,10,4,44
hh_s2_t03,6,settled,memory-guided search,incremental edits,mover,5,5,4,7,5,5,10,4,44
hh_s2_t03,6,settled,memory-guided search,incremental edits,non-mover,3,3,3,3,3,3,10,4,44
hh_s2_t03,7,settled,memory-guided search,incremental edits,all,7,7,7,11,7,8,11,3,38
hh_s2_t03,7,settled,memory-guided search,incremental edits,mover,2,2,2,3,2,2,11,3,38
hh_s2_t03,7,settled,memory-guided search,incremental edits,non-mover,5,5,5,8,5,6,11,3,38
hh_s2_t03,8,settled,memory-guided search,incremental edits,all,7,7,6,12,8,8,12,4,46
hh_s2_t03,8,settled,memory-guided search,incremental edits,mover,2,2,2,5,3,3,12,4,46
hh_s2_t03,8,settled,memory-guided search,incremental edits,non-mover,5,5,4,7,5,5,12,4,46
hh_s2_t03,9,settled,memory-guided search,incremental edits,all,5,5,5,18,8,8,18,4,50
hh_s2_t03,9,settled,memory-guided search,incremental edits,mover,3,3,3,16,6,6,18,4,50
hh_s2_t03,9,settled,memory-guided search,incremental edits,non-mover,2,2,2,2,2,2,18,4,50
hh_s2_t03,10,settled,memory-guided search,incremental edits,all,7,7,7,10,8,8,10,4,51
hh_s2_t03,10,settled,memory-guided search,incremental edits,mover,3,3,3,6,4,4,10,4,51
hh_s2_t03,10,settled,memory-guided search,incremental edits,non-mover,4,4,4,4,4,4,10,4,51
hh_s2_t03,11,settled,memory-guided search,incremental edits,all,8,8,6,12,8,8,12,4,46
hh_s2_t03,11,settled,memory-guided search,incremental edits,mover,4,4,3,6,4,4,12,4,46
hh_s2_t03,11,settled,memory-guided search,incremental edits,non-mover,4,4,3,6,4,4,12,4,46
hh_s2_t03,12,settled,memory-guided search,incremental edits,all,6,6,5,14,8,8,14,5,55
hh_s2_t03,12,settled,memory-guided search,incremental edits,mover,3,3,2,8,4,4,14,5,55
hh_s2_t03,12,settled,memory-guided search,incremental edits,non-mover,3,3,3,6,4,4,14,5,55
hh_s2_t03,13,settled,memory-guided search,incremental edits,all,6,6,6,14,8,8,14,5,54
hh_s2_t03,13,settled,memory-guided search,incremental edits,mover,2,2,2,10,4,4,14,5,54
hh_s2_t03,13,settled,memory-guided search,incremental edits,non-mover,4,4,4,4,4,4,14,5,54
hh_s2_t03,14,disrupted,memory-guided search,incremental edits,all,8,8,7,11,8,8,11,4,50
hh_s2_t03,14,disrupted,memory-guided search,incremental edits,mover,5,5,4,8,5,5,11,4,50
hh_s2_t03,14,disrupted,memory-guided search,incremental edits,non-mover,3,3,3,3,3,3,11,4,50
hh_s2_t03,15,disrupted,memory-guided search,incremental edits,all,7,7,6,13,8,8,13,4,46
hh_s2_t03,15,disrupted,memory-guided search,incremental edits,mover,2,2,2,6,3,3,13,4,46
hh_s2_t03,15,disrupted,memory-guided search,incremental edits,non-mover,5,5,4,7,5,5,13,4,46
hh_s2_t03,16,disrupted,memory-guided search,incremental edits,all,5,5,5,16,8,8,16,4,48
hh_s2_t03,16,disrupted,memory-guided search,incremental edits,mover,3,3,3,8,4,4,16,4,48
hh_s2_t03,16,disrupted,memory-guided search,incremental edits,non-mover,2,2,2,8,4,4,16,4,48
hh_s2_t03,17,disrupted,memory-guided search,incremental edits,all,6,6,6,13,8,8,13,4,49
hh_s2_t03,17,disrupted,memory-guided search,incremental edits,mover,2,2,2,6,3,3,13,4,49
hh_s2_t03,17,disrupted,memory-guided search,incremental edits,non-mover,4,4,4,7,5,5,13,4,49
hh_s2_t03,18,disrupted,memory-guided search,incremental edits,all,7,7,7,10,8,8,10,4,47
hh_s2_t03,18,disrupted,memory-guided search,incremental edits,mover,1,1,1,4,2,2,10,4,47
hh_s2_t03,18,disrupted,memory-guided search,incremental edits,non-mover,6,6,6,6,6,6,10,4,47
hh_s2_t03,19,disrupted,memory-guided search,incremental edits,all,7,7,7,10,8,8,10,3,42
hh_s2_t03,19,disrupted,memory-guided search,incremental edits,mover,2,2,2,2,2,2,10,3,42
hh_s2_t03,19,disrupted,memory-guided search,incremental edits,non-mover,5,5,5,8,6,6,10,3,42
hh_s2_t03,20,disrupted,memory-guided search,incremental edits,all,6,6,5,17,8,8,17,5,53
hh_s2_t03,20,disrupted,memory-guided search,incremental edits,mover,3,3,2,14,5,5,17,5,53
hh_s2_t03,20,disrupted,memory-guided search,incremental edits,non-mover,3,3,3,3,3,3,17,5,53
hh_s2_t03,21,disrupted,memory-guided search,incremental edits,all,8,8,8,9,8,8,9,4,49
hh_s2_t03,21,disrupted,memory-guided search,incremental edits,mover,3,3,3,4,3,3,9,4,49
hh_s2_t03,21,disrupted,memory-guided search,incremental edits,non-mover,5,5,5,5,5,5,9,4,49
hh_s2_t03,22,disrupted,memory-guided search,incremental edits,all,7,7,7,12,8,8,12,5,51
hh_s2_t03,22,disrupted,memory-guided search,incremental edits,mover,6,6,6,11,7,7,12,5,51
hh_s2_t03,22,disrupted,memory-guided search,incremental edits,non-mover,1,1,1,1,1,1,12,5,51
hh_s2_t03,23,disrupted,memory-guided search,incremental edits,all,6,6,6,12,8,8,12,4,48
hh_s2_t03,23,disrupted,memory-guided search,incremental edits,mover,2,2,2,5,3,3,12,4,48
hh_s2_t03,23,disrupted,memory-guided search,incremental edits,non-mover,4,4,4,7,5,5,12,4,48
hh_s2_t03,24,back to normal,memory-guided search,incremental edits,all,4,4,4,18,8,8,18,5,52
hh_s2_t03,24,back to normal,memory-guided search,incremental edits,mover,1,1,1,12,4,4,18,5,52
hh_s2_t03,24,back to normal,memory-guided search,incremental edits,non-mover,3,3,3,6,4,4,18,5,52
hh_s2_t03,25,back to normal,memory-guided search,incremental edits,all,8,8,8,10,8,8,10,4,40
hh_s2_t03,25,back to normal,memory-guided search,incremental edits,mover,4,4,4,6,4,4,10,4,40
hh_s2_t03,25,back to normal,memory-guided search,incremental edits,non-mover,4,4,4,4,4,4,10,4,40
hh_s2_t03,26,back to normal,memory-guided search,incremental edits,all,7,7,6,13,8,8,13,5,55
hh_s2_t03,26,back to normal,memory-guided search,incremental edits,mover,4,4,3,7,4,4,13,5,55
hh_s2_t03,26,back to normal,memory-guided search,incremental edits,non-mover,3,3,3,6,4,4,13,5,55
hh_s2_t03,27,back to normal,memory-guided search,incremental edits,all,7,7,7,13,8,8,13,5,53
hh_s2_t03,27,back to normal,memory-guided search,incremental edits,mover,4,4,4,10,5,5,13,5,53
hh_s2_t03,27,back to normal,memory-guided search,incremental edits,non-mover,3,3,3,3,3,3,13,5,53
hh_s2_t03,28,back to normal,memory-guided search,incremental edits,all,7,7,7,12,8,8,12,5,53
hh_s2_t03,28,back to normal,memory-guided search,incremental edits,mover,2,2,2,7,3,3,12,5,53
hh_s2_t03,28,back to normal,memory-guided search,incremental edits,non-mover,5,5,5,5,5,5,12,5,53
hh_s2_t03,29,back to normal,memory-guided search,incremental edits,all,8,8,7,10,8,8,10,3,36
hh_s2_t03,29,back to normal,memory-guided search,incremental edits,mover,2,2,1,4,2,2,10,3,36
hh_s2_t03,29,back to normal,memory-guided search,incremental edits,non-mover,6,6,6,6,6,6,10,3,36
hh_s2_t03,30,back to normal,memory-guided search,incremental edits,all,8,8,8,10,8,8,10,3,39
hh_s2_t03,30,back to normal,memory-guided search,incremental edits,mover,5,5,5,7,5,5,10,3,39
hh_s2_t03,30,back to normal,memory-guided search,incremental edits,non-mover,3,3,3,3,3,3,10,3,39
hh_s2_t03,31,back to normal,memory-guided search,incremental edits,all,5,5,5,14,8,8,14,5,52
hh_s2_t03,31,back to normal,memory-guided search,incremental edits,mover,0,0,0,9,3,3,14,5,52
hh_s2_t03,31,back to normal,memory-guided search,incremental edits,non-mover,5,5,5,5,5,5,14,5,52
hh_s2_t03,1,settled,memory-guided search,wholesale rewrite,all,7,7,7,11,8,8,11,4,50
hh_s2_t03,1,settled,memory-guided search,wholesale rewrite,mover,2,2,2,6,3,3,11,4,50
hh_s2_t03,1,settled,memory-guided search,wholesale rewrite,non-mover,5,5,5,5,5,5,11,4,50
hh_s2_t03,2,settled,memory-guided search,wholesale rewrite,all,8,8,8,8,8,8,8,3,38
hh_s2_t03,2,settled,memory-guided search,wholesale rewrite,mover,4,4,4,4,4,4,8,3,38
hh_s2_t03,2,settled,memory-guided search,wholesale rewrite,non-mover,4,4,4,4,4,4,8,3,38
hh_s2_t03,3,settled,memory-guided search,wholesale rewrite,all,7,7,7,10,8,8,10,4,46
hh_s2_t03,3,settled,memory-guided search,wholesale rewrite,mover,2,2,2,2,2,2,10,4,46
hh_s2_t03,3,settled,memory-guided search,wholesale rewrite,non-mover,5,5,5,8,6,6,10,4,46
hh_s2_t03,4,settled,memory-guided search,wholesale rewrite,all,7,7,7,13,8,8,13,5,51
hh_s2_t03,4,settled,memory-guided search,wholesale rewrite,mover,4,4,4,10,5,5,13,5,51
hh_s2_t03,4,settled,memory-guided search,wholesale rewrite,non-mover,3,3,3,3,3,3,13,5,51
hh_s2_t03,5,settled,memory-guided search,wholesale rewrite,all,8,8,8,8,8,8,8,2,16
hh_s2_t03,5,settled,memory-guided search,wholesale rewrite,mover,3,3,3,3,3,3,8,2,16
hh_s2_t03,5,settled,memory-guided search,wholesale rewrite,non-mover,5,5,5,5,5,5,8,2,16
hh_s2_t03,6,settled,memory-guided search,wholesale rewrite,all,8,8,7,10,8,8,10,3,33
hh_s2_t03,6,settled,memory-guided search,wholesale rewrite,mover,5,5,4,7,5,5,10,3,33
hh_s2_t03,6,settled,memory-guided search,wholesale rewrite,non-mover,3,3,3,3,3,3,10,3,33
hh_s2_t03,7,settled,memory-guided search,wholesale rewrite,all,7,7,7,11,7,8,11,3,38
hh_s2_t03,7,settled,memory-guided search,wholesale rewrite,mover,2,2,2,3,2,2,11,3,38
hh_s2_t03,7,settled,memory-guided search,wholesale rewrite,non-mover,5,5,5,8,5,6,11,3,38
hh_s2_t03,8,settled,memory-guided search,wholesale rewrite,all,7,7,6,13,8,8,13,4,50
hh_s2_t03,8,settled,memory-guided search,wholesale rewrite,mover,2,2,2,6,3,3,13,4,50
hh_s2_t03,8,settled,memory-guided search,wholesale rewrite,non-mover,5,5,4,7,5,5,13,4,50
hh_s2_t03,9,settled,memory-guided search,wholesale rewrite,all,7,7,7,13,7,8,13,3,39
hh_s2_t03,9,settled,memory-guided search,wholesale rewrite,mover,5,5,5,11,5,6,13,3,39
hh_s2_t03,9,settled,memory-guided search,wholesale rewrite,non-mover,2,2,2,2,2,2,13,3,39
hh_s2_t03,10,settled,memory-guided search,wholesale rewrite,all,8,8,8,10,8,8,10,3,39
hh_s2_t03,10,settled,memory-guided search,wholesale rewrite,mover,4,4,4,6,4,4,10,3,39
hh_s2_t03,10,settled,memory-guided search,wholesale rewrite,non-mover,4,4,4,4,4,4,10,3,39
hh_s2_t03,11,settled,memory-guided search,wholesale rewrite,all,7,7,6,14,8,8,14,4,49
hh_s2_t03,11,settled,memory-guided search,wholesale rewrite,mover,4,4,3,8,4,4,14,4,49
hh_s2_t03,11,settled,memory-guided search,wholesale rewrite,non-mover,3,3,3,6,4,4,14,4,49
hh_s2_t03,12,settled,memory-guided search,wholesale rewrite,all,6,6,5,14,8,8,14,4,50
hh_s2_t03,12,settled,memory-guided search,wholesale rewrite,mover,3,3,2,8,4,4,14,4,50
hh_s2_t03,12,settled,memory-guided search,wholesale rewrite,non-mover,3,3,3,6,4,4,14,4,50
hh_s2_t03,13,settled,memory-guided search,wholesale rewrite,all,7,7,7,10,7,8,10,3,37
hh_s2_t03,13,settled,memory-guided search,wholesale rewrite,mover,3,3,3,6,3,4,10,3,37
hh_s2_t03,13,settled,memory-guided search,wholesale rewrite,non-mover,4,4,4,4,4,4,10,3,37
hh_s2_t03,14,disrupted,memory-guided search,wholesale rewrite,all,6,6,6,14,8,8,14,5,51
hh_s2_t03,14,disrupted,memory-guided search,wholesale rewrite,mover,3,3,3,11,5,5,14,5,51
hh_s2_t03,14,disrupted,memory-guided search,wholesale rewrite,non-mover,3,3,3,3,3,3,14,5,51
hh_s2_t03,15,disrupted,memory-guided search,wholesale rewrite,all,7,7,7,13,8,8,13,4,47
hh_s2_t03,15,disrupted,memory-guided search,wholesale rewrite,mover,3,3,3,6,3,3,13,4,47
hh_s2_t03,15,disrupted,memory-guided search,wholesale rewrite,non-mover,4,4,4,7,5,5,13,4,47
hh_s2_t03,16,disrupted,memory-guided search,wholesale rewrite,all,6,6,6,16,8,8,16,5,53
hh_s2_t03,16,disrupted,memory-guided search,wholesale rewrite,mover,4,4,4,8,4,4,16,5,53
hh_s2_t03,16,disrupted,memory-guided search,wholesale rewrite,non-mover,2,2,2,8,4,4,16,5,53
hh_s2_t03,17,disrupted,memory-guided search,wholesale rewrite,all,6,6,6,14,8,8,14,5,55
hh_s2_t03,17,disrupted,memory-guided search,wholesale rewrite,mover,2,2,2,7,3,3,14,5,55
hh_s2_t03,17,disrupted,memory-guided search,wholesale rewrite,non-mover,4,4,4,7,5,5,14,5,55
hh_s2_t03,18,disrupted,memory-guided search,wholesale rewrite,all,8,8,8,10,8,8,10,4,48
hh_s2_t03,18,disrupted,memory-guided search,wholesale rewrite,mover,2,2,2,4,2,2,10,4,48
hh_s2_t03,18,disrupted,memory-guided search,wholesale rewrite,non-mover,6,6,6,6,6,6,10,4,48
hh_s2_t03,19,disrupted,memory-guided search,wholesale rewrite,all,7,7,7,12,8,8,12,4,49
hh_s2_t03,19,disrupted,memory-guided search,wholesale rewrite,mover,2,2,2,4,2,2,12,4,49
hh_s2_t03,19,disrupted,memory-guided search,wholesale rewrite,non-mover,5,5,5,8,6,6,12,4,49
hh_s2_t03,20,disrupted,memory-guided search,wholesale rewrite,all,7,7,7,11,8,8,11,4,48
hh_s2_t03,20,disrupted,memory-guided search,wholesale rewrite,mover,4,4,4,8,5,5,11,4,48
hh_s2_t03,20,disrupted,memory-guided search,wholesale rewrite,non-mover,3,3,3,3,3,3,11,4,48
hh_s2_t03,21,disrupted,memory-guided search,wholesale rewrite,all,8,8,8,9,8,8,9,4,49
hh_s2_t03,21,disrupted,memory-guided search,wholesale rewrite,mover,3,3,3,4,3,3,9,4,49
hh_s2_t03,21,disrupted,memory-guided search,wholesale rewrite,non-mover,5,5,5,5,5,5,9,4,49
hh_s2_t03,22,disrupted,memory-guided search,wholesale rewrite,all,8,8,8,9,8,8,9,4,45
hh_s2_t03,22,disrupted,memory-guided search,wholesale rewrite,mover,7,7,7,8,7,7,9,4,45
hh_s2_t03,22,disrupted,memory-guided search,wholesale rewrite,non-mover,1,1,1,1,1,1,9,4,45
hh_s2_t03,23,disrupted,memory-guided search,wholesale rewrite,all,6,6,6,12,8,8,12,4,48
hh_s2_t03,23,disrupted,memory-guided search,wholesale rewrite,mover,2,2,2,5,3,3,12,4,48
hh_s2_t03,23,disrupted,memory-guided search,wholesale rewrite,non-mover,4,4,4,7,5,5,12,4,48
hh_s2_t03,24,back to normal,memory-guided search,wholesale rewrite,all,5,5,4,17,8,8,17,5,52
hh_s2_t03,24,back to normal,memory-guided search,wholesale rewrite,mover,2,2,1,11,4,4,17,5,52
hh_s2_t03,24,back to normal,memory-guided search,wholesale rewrite,non-mover,3,3,3,6,4,4,17,5,52
hh_s2_t03,25,back to normal,memory-guided search,wholesale rewrite,all,8,8,8,8,8,8,8,3,37
hh_s2_t03,25,back to normal,memory-guided search,wholesale rewrite,mover,4,4,4,4,4,4,8,3,37
hh_s2_t03,25,back to normal,memory-guided search,wholesale rewrite,non-mover,4,4,4,4,4,4,8,3,37
hh_s2_t03,26,back to normal,memory-guided search,wholesale rewrite,all,7,7,7,14,8,8,14,5,51
hh_s2_t03,26,back to normal,memory-guided search,wholesale rewrite,mover,4,4,4,6,4,4,14,5,51
hh_s2_t03,26,back to normal,memory-guided search,wholesale rewrite,non-mover,3,3,3,8,4,4,14,5,51
hh_s2_t03,27,back to normal,memory-guided search,wholesale rewrite,all,8,8,8,11,8,8,11,4,50
hh_s2_t03,27,back to normal,memory-guided search,wholesale rewrite,mover,5,5,5,8,5,5,11,4,50
hh_s2_t03,27,back to normal,memory-guided search,wholesale rewrite,non-mover,3,3,3,3,3,3,11,4,50
hh_s2_t03,28,back to normal,memory-guided search,wholesale rewrite,all,8,8,8,8,8,8,8,3,39
hh_s2_t03,28,back to normal,memory-guided search,wholesale rewrite,mover,3,3,3,3,3,3,8,3,39
hh_s2_t03,28,back to normal,memory-guided search,wholesale rewrite,non-mover,5,5,5,5,5,5,8,3,39
hh_s2_t03,29,back to normal,memory-guided search,wholesale rewrite,all,7,7,7,10,8,8,10,3,36
hh_s2_t03,29,back to normal,memory-guided search,wholesale rewrite,mover,1,1,1,4,2,2,10,3,36
hh_s2_t03,29,back to normal,memory-guided search,wholesale rewrite,non-mover,6,6,6,6,6,6,10,3,36
hh_s2_t03,30,back to normal,memory-guided search,wholesale rewrite,all,8,8,8,8,8,8,8,3,39
hh_s2_t03,30,back to normal,memory-guided search,wholesale rewrite,mover,5,5,5,5,5,5,8,3,39
hh_s2_t03,30,back to normal,memory-guided search,wholesale rewrite,non-mover,3,3,3,3,3,3,8,3,39
hh_s2_t03,31,back to normal,memory-guided search,wholesale rewrite,all,7,7,7,12,7,8,12,3,39
hh_s2_t03,31,back to normal,memory-guided search,wholesale rewrite,mover,2,2,2,7,2,3,12,3,39
hh_s2_t03,31,back to normal,memory-guided search,wholesale rewrite,non-mover,5,5,5,5,5,5,12,3,39
hh_s2_t03,1,settled,random,incremental edits,all,7,6,4,22,8,8,22,8,73
hh_s2_t03,1,settled,random,incremental edits,mover,2,1,1,8,3,3,22,8,73
hh_s2_t03,1,settled,random,incremental edits,non-mover,5,5,3,14,5,5,22,8,73
hh_s2_t03,2,settled,random,incremental edits,all,8,6,3,22,8,8,22,8,71
hh_s2_t03,2,settled,random,incremental edits,mover,4,3,3,10,4,4,22,8,71
hh_s2_t03,2,settled,random,incremental edits,non-mover,4,3,0,12,4,4,22,8,71
hh_s2_t03,3,settled,random,incremental edits,all,7,7,4,18,8,8,18,7,52
hh_s2_t03,3,settled,random,incremental edits,mover,2,2,1,4,2,2,18,7,52
hh_s2_t03,3,settled,random,incremental edits,non-mover,5,5,3,14,6,6,18,7,52
hh_s2_t03,4,settled,random,incremental edits,all,7,7,3,18,8,8,18,8,58
hh_s2_t03,4,settled,random,incremental edits,mover,4,4,3,9,5,5,18,8,58
hh_s2_t03,4,settled,random,incremental edits,non-mover,3,3,0,9,3,3,18,8,58
hh_s2_t03,5,settled,random,incremental edits,all,7,7,4,18,8,8,18,9,75
hh_s2_t03,5,settled,random,incremental edits,mover,2,2,1,8,3,3,18,9,75
hh_s2_t03,5,settled,random,incremental edits,non-mover,5,5,3,10,5,5,18,9,75
hh_s2_t03,6,settled,random,incremental edits,all,6,6,4,18,8,8,18,8,72
hh_s2_t03,6,settled,random,incremental edits,mover,3,3,3,11,5,5,18,8,72
hh_s2_t03,6,settled,random,incremental edits,non-mover,3,3,1,7,3,3,18,8,72
hh_s2_t03,7,settled,random,incremental edits,all,7,7,3,23,8,8,23,9,76
hh_s2_t03,7,settled,random,incremental edits,mover,2,2,2,5,2,2,23,9,76
hh_s2_t03,7,settled,random,incremental edits,non-mover,5,5,1,18,6,6,23,9,76
hh_s2_t03,8,settled,random,incremental edits,all,7,7,3,20,8,8,20,8,72
hh_s2_t03,8,settled,random,incremental edits,mover,2,2,1,9,3,3,20,8,72
hh_s2_t03,8,settled,random,incremental edits,non-mover,5,5,2,11,5,5,20,8,72
hh_s2_t03,9,settled,random,incremental edits,all,6,6,2,23,8,8,23,9,75
hh_s2_t03,9,settled,random,incremental edits,mover,4,4,1,18,6,6,23,9,75
hh_s2_t03,9,settled,random,incremental edits,non-mover,2,2,1,5,2,2,23,9,75
hh_s2_t03,10,settled,random,incremental edits,all,4,4,2,21,8,8,21,7,52
hh_s2_t03,10,settled,random,incremental edits,mover,0,0,0,12,4,4,21,7,52
hh_s2_t03,10,settled,random,incremental edits,non-mover,4,4,2,9,4,4,21,7,52
hh_s2_t03,11,settled,random,incremental edits,all,6,6,2,22,8,8,22,9,73
hh_s2_t03,11,settled,random,incremental edits,mover,3,3,0,12,4,4,22,9,73
hh_s2_t03,11,settled,random,incremental edits,non-mover,3,3,2,10,4,4,22,9,73
hh_s2_t03,12,settled,random,incremental edits,all,5,5,3,23,8,8,23,9,75
hh_s2_t03,12,settled,random,incremental edits,mover,1,1,1,11,4,4,23,9,75
hh_s2_t03,12,settled,random,incremental edits,non-mover,4,4,2,12,4,4,23,9,75
hh_s2_t03,13,settled,random,incremental edits,all,5,5,2,22,8,8,22,8,73
hh_s2_t03,13,settled,random,incremental edits,mover,1,1,1,10,4,4,22,8,73
hh_s2_t03,13,settled,random,incremental edits,non-mover,4,4,1,12,4,4,22,8,73
hh_s2_t03,14,disrupted,random,incremental edits,all,5,4,2,22,8,8,22,9,74
hh_s2_t03,14,disrupted,random,incremental edits,mover,2,1,1,14,5,5,22,9,74
hh_s2_t03,14,disrupted,random,incremental edits,non-mover,3,3,1,8,3,3,22,9,74
hh_s2_t03,15,disrupted,random,incremental edits,all,7,7,2,24,8,8,24,9,75
hh_s2_t03,15,disrupted,random,incremental edits,mover,2,2,0,9,3,3,24,9,75
hh_s2_t03,15,disrupted,random,incremental edits,non-mover,5,5,2,15,5,5,24,9,75
hh_s2_t03,16,disrupted,random,incremental edits,all,7,7,3,21,8,8,21,9,74
hh_s2_t03,16,disrupted,random,incremental edits,mover,3,3,2,11,4,4,21,9,74
hh_s2_t03,16,disrupted,random,incremental edits,non-mover,4,4,1,10,4,4,21,9,74
hh_s2_t03,17,disrupted,random,incremental edits,all,7,7,2,23,8,8,23,9,75
hh_s2_t03,17,disrupted,random,incremental edits,mover,2,2,2,8,3,3,23,9,75
hh_s2_t03,17,disrupted,random,incremental edits,non-mover,5,5,0,15,5,5,23,9,75
hh_s2_t03,18,disrupted,random,incremental edits,all,6,6,0,24,8,8,24,8,63
hh_s2_t03,18,disrupted,random,incremental edits,mover,1,1,0,6,2,2,24,8,63
hh_s2_t03,18,disrupted,random,incremental edits,non-mover,5,5,0,18,6,6,24,8,63
hh_s2_t03,19,disrupted,random,incremental edits,all,7,6,1,24,8,8,24,9,74
hh_s2_t03,19,disrupted,random,incremental edits,mover,2,1,0,6,2,2,24,9,74
hh_s2_t03,19,disrupted,random,incremental edits,non-mover,5,5,1,18,6,6,24,9,74
hh_s2_t03,20,disrupted,random,incremental edits,all,7,6,1,23,8,8,23,8,60
hh_s2_t03,20,disrupted,random,incremental edits,mover,4,3,1,14,5,5,23,8,60
hh_s2_t03,20,disrupted,random,incremental edits,non-mover,3,3,0,9,3,3,23,8,60
hh_s2_t03,21,disrupted,random,incremental edits,all,6,6,2,22,8,8,22,8,61
hh_s2_t03,21,disrupted,random,incremental edits,mover,1,1,0,9,3,3,22,8,61
hh_s2_t03,21,disrupted,random,incremental edits,non-mover,5,5,2,13,5,5,22,8,61
hh_s2_t03,22,disrupted,random,incremental edits,all,7,5,1,22,8,8,22,9,74
hh_s2_t03,22,disrupted,random,incremental edits,mover,6,4,1,19,7,7,22,9,74
hh_s2_t03,22,disrupted,random,incremental edits,non-mover,1,1,0,3,1,1,22,9,74
hh_s2_t03,23,disrupted,random,incremental edits,all,6,6,2,22,8,8,22,8,59
hh_s2_t03,23,disrupted,random,incremental edits,mover,2,2,1,8,3,3,22,8,59
hh_s2_t03,23,disrupted,random,incremental edits,non-mover,4,4,1,14,5,5,22,8,59
hh_s2_t03,24,back to normal,random,incremental edits,all,5,5,2,23,8,8,23,9,74
hh_s2_t03,24,back to normal,random,incremental edits,mover,1,1,0,12,4,4,23,9,74
hh_s2_t03,24,back to normal,random,incremental edits,non-mover,4,4,2,11,4,4,23,9,74
hh_s2_t03,25,back to normal,random,incremental edits,all,6,6,3,20,7,8,20,8,73
hh_s2_t03,25,back to normal,random,incremental edits,mover,2,2,2,9,3,4,20,8,73
hh_s2_t03,25,back to normal,random,incremental edits,non-mover,4,4,1,11,4,4,20,8,73
hh_s2_t03,26,back to normal,random,incremental edits,all,6,5,4,21,8,8,21,9,74
hh_s2_t03,26,back to normal,random,incremental edits,mover,3,2,2,11,4,4,21,9,74
hh_s2_t03,26,back to normal,random,incremental edits,non-mover,3,3,2,10,4,4,21,9,74
hh_s2_t03,27,back to normal,random,incremental edits,all,6,6,5,19,8,8,19,9,74
hh_s2_t03,27,back to normal,random,incremental edits,mover,3,3,3,12,5,5,19,9,74
hh_s2_t03,27,back to normal,random,incremental edits,non-mover,3,3,2,7,3,3,19,9,74
hh_s2_t03,28,back to normal,random,incremental edits,all,8,7,2,23,8,8,23,9,69
hh_s2_t03,28,back to normal,random,incremental edits,mover,3,3,2,8,3,3,23,9,69
hh_s2_t03,28,back to normal,random,incremental edits,non-mover,5,4,0,15,5,5,23,9,69
hh_s2_t03,29,back to normal,random,incremental edits,all,7,7,3,24,8,8,24,8,71
hh_s2_t03,29,back to normal,random,incremental edits,mover,1,1,0,6,2,2,24,8,71
hh_s2_t03,29,back to normal,random,incremental edits,non-mover,6,6,3,18,6,6,24,8,71
hh_s2_t03,30,back to normal,random,incremental edits,all,7,6,3,20,8,8,20,8,66
hh_s2_t03,30,back to normal,random,incremental edits,mover,4,3,3,11,5,5,20,8,66
hh_s2_t03,30,back to normal,random,incremental edits,non-mover,3,3,0,9,3,3,20,8,66
hh_s2_t03,31,back to normal,random,incremental edits,all,7,7,5,18,8,8,18,9,73
hh_s2_t03,31,back to normal,random,incremental edits,mover,2,2,1,9,3,3,18,9,73
hh_s2_t03,31,back to normal,random,incremental edits,non-mover,5,5,4,9,5,5,18,9,73
hh_s2_t03,1,settled,random,wholesale rewrite,all,4,4,2,23,8,8,23,8,63
hh_s2_t03,1,settled,random,wholesale rewrite,mover,1,1,1,8,3,3,23,8,63
hh_s2_t03,1,settled,random,wholesale rewrite,non-mover,3,3,1,15,5,5,23,8,63
hh_s2_t03,2,settled,random,wholesale rewrite,all,3,3,1,24,8,8,24,9,74
hh_s2_t03,2,settled,random,wholesale rewrite,mover,1,1,1,12,4,4,24,9,74
hh_s2_t03,2,settled,random,wholesale rewrite,non-mover,2,2,0,12,4,4,24,9,74
hh_s2_t03,3,settled,random,wholesale rewrite,all,7,7,4,23,8,8,23,9,74
hh_s2_t03,3,settled,random,wholesale rewrite,mover,2,2,0,6,2,2,23,9,74
hh_s2_t03,3,settled,random,wholesale rewrite,non-mover,5,5,4,17,6,6,23,9,74
hh_s2_t03,4,settled,random,wholesale rewrite,all,6,5,2,23,8,8,23,9,74
hh_s2_t03,4,settled,random,wholesale rewrite,mover,3,2,1,15,5,5,23,9,74
hh_s2_t03,4,settled,random,wholesale rewrite,non-mover,3,3,1,8,3,3,23,9,74
hh_s2_t03,5,settled,random,wholesale rewrite,all,8,8,1,22,8,8,22,8,69
hh_s2_t03,5,settled,random,wholesale rewrite,mover,3,3,0,9,3,3,22,8,69
hh_s2_t03,5,settled,random,wholesale rewrite,non-mover,5,5,1,13,5,5,22,8,69
hh_s2_t03,6,settled,random,wholesale rewrite,all,5,5,3,21,8,8,21,9,74
hh_s2_t03,6,settled,random,wholesale rewrite,mover,2,2,2,14,5,5,21,9,74
hh_s2_t03,6,settled,random,wholesale rewrite,non-mover,3,3,1,7,3,3,21,9,74
hh_s2_t03,7,settled,random,wholesale rewrite,all,6,6,3,20,8,8,20,7,57
hh_s2_t03,7,settled,random,wholesale rewrite,mover,1,1,1,5,2,2,20,7,57
hh_s2_t03,7,settled,random,wholesale rewrite,non-mover,5,5,2,15,6,6,20,7,57
hh_s2_t03,8,settled,random,wholesale rewrite,all,7,7,4,20,8,8,20,9,74
hh_s2_t03,8,settled,random,wholesale rewrite,mover,2,2,2,8,3,3,20,9,74
hh_s2_t03,8,settled,random,wholesale rewrite,non-mover,5,5,2,12,5,5,20,9,74
hh_s2_t03,9,settled,random,wholesale rewrite,all,6,6,2,23,8,8,23,9,75
hh_s2_t03,9,settled,random,wholesale rewrite,mover,4,4,2,17,6,6,23,9,75
hh_s2_t03,9,settled,random,wholesale rewrite,non-mover,2,2,0,6,2,2,23,9,75
hh_s2_t03,10,settled,random,wholesale rewrite,all,7,6,1,23,8,8,23,8,66
hh_s2_t03,10,settled,random,wholesale rewrite,mover,3,2,1,11,4,4,23,8,66
hh_s2_t03,10,settled,random,wholesale rewrite,non-mover,4,4,0,12,4,4,23,8,66
hh_s2_t03,11,settled,random,wholesale rewrite,all,4,4,1,22,7,8,22,8,70
hh_s2_t03,11,settled,random,wholesale rewrite,mover,1,1,1,10,4,4,22,8,70
hh_s2_t03,11,settled,random,wholesale rewrite,non-mover,3,3,0,12,3,4,22,8,70
hh_s2_t03,12,settled,random,wholesale rewrite,all,4,4,1,23,6,8,23,9,75
hh_s2_t03,12,settled,random,wholesale rewrite,mover,1,1,1,11,3,4,23,9,75
hh_s2_t03,12,settled,random,wholesale rewrite,non-mover,3,3,0,12,3,4,23,9,75
hh_s2_t03,13,settled,random,wholesale rewrite,all,5,5,3,19,8,8,19,9,74
hh_s2_t03,13,settled,random,wholesale rewrite,mover,1,1,1,10,4,4,19,9,74
hh_s2_t03,13,settled,random,wholesale rewrite,non-mover,4,4,2,9,4,4,19,9,74
hh_s2_t03,14,disrupted,random,wholesale rewrite,all,6,4,2,20,7,8,20,9,74
hh_s2_t03,14,disrupted,random,wholesale rewrite,mover,3,1,0,15,4,5,20,9,74
hh_s2_t03,14,disrupted,random,wholesale rewrite,non-mover,3,3,2,5,3,3,20,9,74
hh_s2_t03,15,disrupted,random,wholesale rewrite,all,6,6,2,20,8,8,20,8,68
hh_s2_t03,15,disrupted,random,wholesale rewrite,mover,2,2,1,7,3,3,20,8,68
hh_s2_t03,15,disrupted,random,wholesale rewrite,non-mover,4,4,1,13,5,5,20,8,68
hh_s2_t03,16,disrupted,random,wholesale rewrite,all,5,4,3,22,8,8,22,8,65
hh_s2_t03,16,disrupted,random,wholesale rewrite,mover,2,1,1,10,4,4,22,8,65
hh_s2_t03,16,disrupted,random,wholesale rewrite,non-mover,3,3,2,12,4,4,22,8,65
hh_s2_t03,17,disrupted,random,wholesale rewrite,all,7,6,3,22,8,8,22,9,74
hh_s2_t03,17,disrupted,random,wholesale rewrite,mover,3,2,2,8,3,3,22,9,74
hh_s2_t03,17,disrupted,random,wholesale rewrite,non-mover,4,4,1,14,5,5,22,9,74
hh_s2_t03,18,disrupted,random,wholesale rewrite,all,7,7,5,21,8,8,21,8,70
hh_s2_t03,18,disrupted,random,wholesale rewrite,mover,1,1,1,5,2,2,21,8,70
hh_s2_t03,18,disrupted,random,wholesale rewrite,non-mover,6,6,4,16,6,6,21,8,70
hh_s2_t03,19,disrupted,random,wholesale rewrite,all,6,5,1,24,8,8,24,9,74
hh_s2_t03,19,disrupted,random,wholesale rewrite,mover,1,0,0,6,2,2,24,9,74
hh_s2_t03,19,disrupted,random,wholesale rewrite,non-mover,5,5,1,18,6,6,24,9,74
hh_s2_t03,20,disrupted,random,wholesale rewrite,all,6,5,1,24,8,8,24,9,75
hh_s2_t03,20,disrupted,random,wholesale rewrite,mover,3,2,0,15,5,5,24,9,75
hh_s2_t03,20,disrupted,random,wholesale rewrite,non-mover,3,3,1,9,3,3,24,9,75
hh_s2_t03,21,disrupted,random,wholesale rewrite,all,7,7,4,23,8,8,23,9,75
hh_s2_t03,21,disrupted,random,wholesale rewrite,mover,2,2,1,9,3,3,23,9,75
hh_s2_t03,21,disrupted,random,wholesale rewrite,non-mover,5,5,3,14,5,5,23,9,75
hh_s2_t03,22,disrupted,random,wholesale rewrite,all,6,6,4,19,8,8,19,8,60
hh_s2_t03,22,disrupted,random,wholesale rewrite,mover,5,5,4,16,7,7,19,8,60
hh_s2_t03,22,disrupted,random,wholesale rewrite,non-mover,1,1,0,3,1,1,19,8,60
hh_s2_t03,23,disrupted,random,wholesale rewrite,all,5,3,1,24,7,8,24,7,69
hh_s2_t03,23,disrupted,random,wholesale rewrite,mover,1,0,0,9,2,3,24,7,69
hh_s2_t03,23,disrupted,random,wholesale rewrite,non-mover,4,3,1,15,5,5,24,7,69
hh_s2_t03,24,back to normal,random,wholesale rewrite,all,6,6,2,22,8,8,22,8,63
hh_s2_t03,24,back to normal,random,wholesale rewrite,mover,3,3,2,10,4,4,22,8,63
hh_s2_t03,24,back to normal,random,wholesale rewrite,non-mover,3,3,0,12,4,4,22,8,63
hh_s2_t03,25,back to normal,random,wholesale rewrite,all,7,7,4,21,8,8,21,9,73
hh_s2_t03,25,back to normal,random,wholesale rewrite,mover,3,3,3,11,4,4,21,9,73
hh_s2_t03,25,back to normal,random,wholesale rewrite,non-mover,4,4,1,10,4,4,21,9,73
hh_s2_t03,26,back to normal,random,wholesale rewrite,all,7,7,4,19,8,8,19,8,63
hh_s2_t03,26,back to normal,random,wholesale rewrite,mover,4,4,3,9,4,4,19,8,63
hh_s2_t03,26,back to normal,random,wholesale rewrite,non-mover,3,3,1,10,4,4,19,8,63
hh_s2_t03,27,back to normal,random,wholesale rewrite,all,5,5,3,22,8,8,22,9,75
hh_s2_t03,27,back to normal,random,wholesale rewrite,mover,2,2,2,13,5,5,22,9,75
hh_s2_t03,27,back to normal,random,wholesale rewrite,non-mover,3,3,1,9,3,3,22,9,75
hh_s2_t03,28,back to normal,random,wholesale rewrite,all,7,6,4,22,8,8,22,7,62
hh_s2_t03,28,back to normal,random,wholesale rewrite,mover,2,1,0,9,3,3,22,7,62
hh_s2_t03,28,back to normal,random,wholesale rewrite,non-mover,5,5,4,13,5,5,22,7,62
hh_s2_t03,29,back to normal,random,wholesale rewrite,all,7,7,5,19,8,8,19,8,70
hh_s2_t03,29,back to normal,random,wholesale rewrite,mover,1,1,1,4,2,2,19,8,70
hh_s2_t03,29,back to normal,random,wholesale rewrite,non-mover,6,6,4,15,6,6,19,8,70
hh_s2_t03,30,back to normal,random,wholesale rewrite,all,7,6,1,23,8,8,23,9,75
hh_s2_t03,30,back to normal,random,wholesale rewrite,mover,4,3,1,14,5,5,23,9,75
hh_s2_t03,30,back to normal,random,wholesale rewrite,non-mover,3,3,0,9,3,3,23,9,75
hh_s2_t03,31,back to normal,random,wholesale rewrite,all,7,6,3,22,8,8,22,9,74
hh_s2_t03,31,back to normal,random,wholesale rewrite,mover,2,2,1,7,3,3,22,9,74
hh_s2_t03,31,back to normal,random,wholesale rewrite,non-mover,5,4,2,15,5,5,22,9,74
