t,stamp,laptop_leena,phone_leena,keys_leena,wallet_leena,backpack_leena,mug_leena,mug_1,bowl_1,bowl_2,plate_1,plate_2,pot_1,pan_1,water_bottle_leena,notebook_leena,pen_leena,tablet_leena,charger_leena,headphones_leena,book_leena,glasses_leena,blanket_leena,remote_1,yoga_mat_leena,watering_can_leena,jacket_leena,umbrella_leena,laundry_basket_leena,towel_leena,hairbrush_leena,makeup_kit_leena,suitcase_leena
0,d00 Mon 00:00,bedroom,bedroom,entry,entry,entry,kitchen,kitchen,kitchen,kitchen,kitchen,kitchen,kitchen,kitchen,bedroom,bedroom,bedroom,bedroom,bedroom,bedroom,bedroom,bedroom,living,living,living,kitchen,entry,entry,bedroom,bathroom,bedroom,bedroom,bedroom
60,d00 Mon 01:00,bedroom,bedroom,entry,entry,entry,kitchen,kitchen,kitchen,kitchen,kitchen,kitchen,kitchen,kitchen,bedroom,bedroom,bedroom,bedroom,bedroom,bedroom,bedroom,bedroom,living,living,living,kitchen,entry,entry,bedroom,bathroom,bedroom,bedroom,bedroom
120,d00 Mon 02:00,bedroom,bedroom,entry,entry,entry,kitchen,kitchen,kitchen,kitchen,kitchen,kitchen,kitchen,kitchen,bedroom,bedroom,bedroom,bedroom,bedroom,bedroom,bedroom,bedroom,living,living,living,kitchen,entry,entry,bedroom,bathroom,bedroom,bedroom,bedroom
180,d00 Mon 03:00,bedroom,bedroom,entry,entry,entry,kitchen,kitchen,kitchen,kitchen,kitchen,kitchen,kitchen,kitchen,bedroom,bedroom,bedroom,bedroom,bedroom,bedroom,bedroom,bedroom,living,living,living,kitchen,entry,entry,bedroom,bathroom,bedroom,bedroom,bedroom
240,d00 Mon 04:00,bedroom,bedroom,entry,entry,entry,kitchen,kitchen,kitchen,kitchen,kitchen,kitchen,kitchen,kitchen,bedroom,bedroom,bedroom,bedroom,bedroom,bedroom,bedroom,bedroom,living,living,living,kitchen,entry,entry,bedroom,bathroom,bedroom,bedroom,bedroom
300,d00 Mon 05:00,bedroom,bedroom,entry,entry,entry,kitchen,kitchen,kitchen,kitchen,kitchen,kitchen,kitchen,kitchen,bedroom,bedroom,bedroom,bedroom,bedroom,bedroom,bedroom,bedroom,living,living,living,kitchen,entry,entry,bedroom,bathroom,bedroom,bedroom,bedroom
360,d00 Mon 06:00,bedroom,bedroom,entry,entry,entry,kitchen,kitchen,kitchen,kitchen,kitchen,kitchen,kitchen,kitchen,bedroom,bedroom,bedroom,bedroom,bedroom,bedroom,bedroom,bedroom,living,living,living,kitchen,entry,entry,bedroom,bathroom,bedroom,bedroom,bedroom
420,d00 Mon 07:00,bedroom,bedroom,entry,entry,entry,kitchen,kitchen,kitchen,kitchen,kitchen,kitchen,kitchen,kitchen,bedroom,bedroom,bedroom,bedroom,bedroom,bedroom,bedroom,bedroom,living,living,living,kitchen,entry,entry,bedroom,bathroom,bedroom,bedroom,bedroom
480,d00 Mon 08:00,bedroom,bedroom,entry,entry,entry,kitchen,kitchen,kitchen,kitchen,kitchen,kitchen,kitchen,kitchen,bedroom,bedroom,bedroom,bedroom,bedroom,bedroom,bedroom,bedroom,living,living,living,kitchen,entry,bedroom,bedroom,bathroom,bedroom,bedroom,bedroom
540,d00 Mon 09:00,bedroom,bedroom,entry,entry,entry,kitchen,kitchen,kitchen,kitchen,kitchen,kitchen,kitchen,kitchen,bedroom,bedroom,bedroom,kitchen,bedroom,bedroom,bedroom,bedroom,living,living,living,kitchen,entry,bedroom,bedroom,bathroom,bedroom,bedroom,bedroom
600,d00 Mon 10:00,bedroom,bedroom,entry,entry,entry,kitchen,kitchen,kitchen,kitchen,kitchen,kitchen,kitchen,kitchen,bedroom,bedroom,bedroom,kitchen,bedroom,bedroom,bedroom,bedroom,living,living,living,kitchen,entry,bedroom,bedroom,bathroom,bedroom,bedroom,bedroom
660,d00 Mon 11:00,bedroom,bedroom,entry,entry,entry,kitchen,kitchen,kitchen,kitchen,kitchen,kitchen,kitchen,kitchen,bedroom,bedroom,bedroom,kitchen,bedroom,bedroom,bedroom,bedroom,living,living,living,kitchen,entry,bedroom,bedroom,bathroom,bedroom,bedroom,bedroom
720,d00 Mon 12:00,bedroom,bedroom,entry,entry,entry,kitchen,kitchen,kitchen,kitchen,kitchen,kitchen,kitchen,kitchen,bedroom,bedroom,bedroom,kitchen,bedroom,bedroom,bedroom,bedroom,living,living,living,kitchen,entry,bedroom,bedroom,bathroom,bedroom,bedroom,bedroom
780,d00 Mon 13:00,bedroom,bedroom,entry,entry,entry,kitchen,kitchen,kitchen,kitchen,kitchen,kitchen,kitchen,kitchen,bedroom,bedroom,bedroom,kitchen,bedroom,bedroom,bedroom,bedroom,living,living,living,kitchen,entry,bedroom,bedroom,bathroom,bedroom,bedroom,bedroom
840,d00 Mon 14:00,bedroom,living,entry,entry,entry,kitchen,kitchen,kitchen,kitchen,kitchen,kitchen,kitchen,kitchen,kitchen,bedroom,bedroom,kitchen,bedroom,bedroom,bedroom,bedroom,living,living,living,kitchen,entry,bedroom,bedroom,bathroom,bedroom,bedroom,bedroom
900,d00 Mon 15:00,bedroom,living,entry,entry,entry,kitchen,kitchen,kitchen,kitchen,kitchen,kitchen,kitchen,kitchen,kitchen,bedroom,bedroom,kitchen,bedroom,bedroom,bedroom,bedroom,living,living,living,kitchen,entry,bedroom,bedroom,bathroom,bedroom,bedroom,bedroom
960,d00 Mon 16:00,bedroom,living,entry,entry,entry,kitchen,kitchen,kitchen,kitchen,kitchen,kitchen,kitchen,kitchen,kitchen,bedroom,bedroom,kitchen,bedroom,bedroom,bedroom,bedroom,living,living,living,kitchen,entry,bedroom,bedroom,bathroom,bedroom,bedroom,bedroom
1020,d00 Mon 17:00,bedroom,living,entry,entry,entry,kitchen,kitchen,kitchen,kitchen,kitchen,kitchen,kitchen,kitchen,kitchen,bedroom,bedroom,kitchen,bedroom,bedroom,bedroom,bedroom,living,living,living,kitchen,entry,bedroom,bedroom,bathroom,bedroom,bedroom,bedroom
1080,d00 Mon 18:00,bedroom,bedroom,entry,entry,entry,kitchen,kitchen,kitchen,kitchen,kitchen,kitchen,kitchen,kitchen,kitchen,bedroom,bedroom,kitchen,bedroom,bedroom,bedroom,bedroom,living,living,living,kitchen,entry,entry,bedroom,bathroom,bedroom,bedroom,bedroom
1140,d00 Mon 19:00,bedroom,bedroom,entry,bedroom,entry,kitchen,kitchen,kitchen,kitchen,kitchen,kitchen,kitchen,kitchen,kitchen,bedroom,bedroom,kitchen,bedroom,bedroom,bedroom,bedroom,living,living,living,kitchen,entry,entry,bedroom,bathroom,bedroom,bedroom,bedroom
1200,d00 Mon 20:00,bedroom,bedroom,entry,bedroom,entry,kitchen,kitchen,kitchen,kitchen,kitchen,kitchen,kitchen,kitchen,kitchen,bedroom,bedroom,kitchen,bedroom,bedroom,bedroom,bedroom,living,bedroom,living,kitchen,entry,entry,bedroom,bathroom,bedroom,bedroom,bedroom
1260,d00 Mon 21:00,bedroom,bedroom,entry,bedroom,entry,kitchen,kitchen,kitchen,kitchen,kitchen,kitchen,kitchen,kitchen,kitchen,bedroom,bedroom,kitchen,bedroom,bedroom,bedroom,bedroom,living,living,living,kitchen,entry,entry,bedroom,bathroom,bedroom,bedroom,bedroom
1320,d00 Mon 22:00,bedroom,bedroom,entry,bedroom,entry,kitchen,kitchen,kitchen,kitchen,kitchen,kitchen,kitchen,kitchen,kitchen,bedroom,bedroom,kitchen,bedroom,bedroom,bedroom,bedroom,living,living,living,kitchen,entry,entry,bedroom,bathroom,bedroom,bedroom,bedroom
1380,d00 Mon 23:00,bedroom,bedroom,entry,bedroom,entry,kitchen,kitchen,kitchen,kitchen,kitchen,kitchen,kitchen,kitchen,kitchen,bedroom,bedroom,kitchen,bedroom,bedroom,bedroom,bedroom,living,living,living,kitchen,entry,entry,bedroom,bathroom,bedroom,bedroom,bedroom
1440,d01 Tue 00:00,bedroom,bedroom,entry,bedroom,entry,kitchen,kitchen,kitchen,kitchen,kitchen,kitchen,kitchen,kitchen,kitchen,bedroom,bedroom,kitchen,bedroom,bedroom,bedroom,bedroom,living,living,living,kitchen,entry,entry,bedroom,bathroom,bedroom,bedroom,bedroom
1500,d01 Tue 01:00,bedroom,bedroom,entry,bedroom,entry,kitchen,kitchen,kitchen,kitchen,kitchen,kitchen,kitchen,kitchen,kitchen,bedroom,bedroom,kitchen,bedroom,bedroom,bedroom,bedroom,living,living,living,kitchen,entry,entry,bedroom,bathroom,bedroom,bedroom,bedroom
1560,d01 Tue 02:00,bedroom,bedroom,entry,bedroom,entry,kitchen,kitchen,kitchen,kitchen,kitchen,kitchen,kitchen,kitchen,kitchen,bedroom,bedroom,kitchen,bedroom,bedroom,bedroom,bedroom,living,living,living,kitchen,entry,entry,bedroom,bathroom,bedroom,bedroom,bedroom
1620,d01 Tue 03:00,bedroom,bedroom,entry,bedroom,entry,kitchen,kitchen,kitchen,kitchen,kitchen,kitchen,kitchen,kitchen,kitchen,bedroom,bedroom,kitchen,bedroom,bedroom,bedroom,bedroom,living,living,living,kitchen,entry,entry,bedroom,bathroom,bedroom,bedroom,bedroom
1680,d01 Tue 04:00,bedroom,bedroom,entry,bedroom,entry,kitchen,kitchen,kitchen,kitchen,kitchen,kitchen,kitchen,kitchen,kitchen,bedroom,bedroom,kitchen,bedroom,bedroom,bedroom,bedroom,living,living,living,kitchen,entry,entry,bedroom,bathroom,bedroom,bedroom,bedroom
1740,d01 Tue 05:00,bedroom,bedroom,entry,bedroom,entry,kitchen,kitchen,kitchen,kitchen,kitchen,kitchen,kitchen,kitchen,kitchen,bedroom,bedroom,kitchen,bedroom,bedroom,bedroom,bedroom,living,living,living,kitchen,entry,entry,bedroom,bathroom,bedroom,bedroom,bedroom
1800,d01 Tue 06:00,bedroom,bedroom,entry,bedroom,entry,kitchen,kitchen,kitchen,kitchen,kitchen,kitchen,kitchen,kitchen,kitchen,bedroom,bedroom,kitchen,bedroom,bedroom,bedroom,bedroom,living,living,living,kitchen,entry,entry,bedroom,bathroom,bedroom,bedroom,bedroom
1860,d01 Tue 07:00,bedroom,bedroom,entry,bedroom,entry,kitchen,kitchen,kitchen,kitchen,kitchen,kitchen,kitchen,kitchen,kitchen,bedroom,bedroom,kitchen,bedroom,bedroom,bedroom,bedroom,living,living,living,kitchen,entry,entry,bedroom,bathroom,bedroom,bedroom,bedroom
1920,d01 Tue 08:00,bedroom,bedroom,entry,bedroom,entry,kitchen,kitchen,kitchen,kitchen,kitchen,kitchen,kitchen,kitchen,kitchen,kitchen,bedroom,kitchen,bedroom,bedroom,bedroom,bedroom,living,living,living,kitchen,entry,entry,bedroom,bathroom,bedroom,bedroom,bedroom
1980,d01 Tue 09:00,bedroom,bedroom,entry,bedroom,entry,bedroom,kitchen,kitchen,kitchen,kitchen,kitchen,kitchen,kitchen,kitchen,kitchen,bedroom,bedroom,bedroom,bedroom,bedroom,bedroom,living,living,living,kitchen,entry,entry,bedroom,bathroom,bedroom,bedroom,bedroom
2040,d01 Tue 10:00,bedroom,bedroom,entry,bedroom,entry,bedroom,kitchen,kitchen,kitchen,kitchen,kitchen,kitchen,kitchen,kitchen,kitchen,bedroom,bedroom,bedroom,bedroom,bedroom,bedroom,living,living,living,kitchen,entry,entry,bedroom,bathroom,bedroom,bedroom,bedroom
2100,d01 Tue 11:00,bedroom,bedroom,entry,bedroom,entry,bedroom,kitchen,kitchen,kitchen,kitchen,kitchen,kitchen,kitchen,kitchen,kitchen,bedroom,bedroom,bedroom,bedroom,bedroom,bedroom,living,living,living,kitchen,entry,entry,bedroom,bathroom,bedroom,bathroom,bedroom
2160,d01 Tue 12:00,bedroom,bedroom,entry,bedroom,entry,bedroom,kitchen,kitchen,kitchen,kitchen,kitchen,kitchen,kitchen,kitchen,kitchen,bedroom,bedroom,bedroom,bedroom,bedroom,bedroom,living,living,living,kitchen,entry,entry,bedroom,bathroom,bedroom,bathroom,bedroom
2220,d01 Tue 13:00,outside,outside,outside,outside,outside,outside,kitchen,kitchen,kitchen,kitchen,outside,kitchen,kitchen,outside,kitchen,bedroom,bedroom,bedroom,outside,bedroom,bedroom,living,living,living,kitchen,outside,outside,bedroom,bathroom,bedroom,outside,outside
2280,d01 Tue 14:00,outside,outside,outside,outside,outside,outside,kitchen,kitchen,kitchen,kitchen,outside,kitchen,kitchen,outside,kitchen,bedroom,bedroom,bedroom,outside,bedroom,bedroom,living,living,living,kitchen,outside,outside,bedroom,bathroom,bedroom,outside,outside
2340,d01 Tue 15:00,bedroom,bedroom,entry,entry,entry,kitchen,kitchen,kitchen,kitchen,kitchen,kitchen,kitchen,kitchen,bedroom,kitchen,bedroom,bedroom,bedroom,bedroom,bedroom,kitchen,living,living,living,kitchen,entry,entry,bedroom,bathroom,bedroom,bedroom,bedroom
2400,d01 Tue 16:00,bedroom,bedroom,entry,entry,entry,kitchen,kitchen,kitchen,kitchen,kitchen,kitchen,kitchen,kitchen,bedroom,kitchen,bedroom,bedroom,bedroom,bedroom,bedroom,kitchen,living,living,living,kitchen,entry,entry,bedroom,bathroom,bedroom,bedroom,bedroom
2460,d01 Tue 17:00,bedroom,bedroom,entry,entry,entry,kitchen,kitchen,kitchen,kitchen,kitchen,kitchen,kitchen,kitchen,bedroom,kitchen,bedroom,bedroom,bedroom,bedroom,bedroom,kitchen,living,living,living,kitchen,entry,entry,bedroom,bathroom,bedroom,bedroom,bedroom
2520,d01 Tue 18:00,bedroom,bedroom,entry,entry,entry,kitchen,kitchen,kitchen,kitchen,kitchen,kitchen,kitchen,kitchen,bedroom,kitchen,bedroom,bedroom,bedroom,bedroom,bedroom,bedroom,living,living,living,kitchen,entry,entry,bedroom,bathroom,bedroom,bedroom,bedroom
2580,d01 Tue 19:00,bedroom,bedroom,entry,entry,entry,kitchen,kitchen,kitchen,kitchen,kitchen,kitchen,kitchen,kitchen,bedroom,kitchen,bedroom,living,bedroom,kitchen,living,bedroom,living,living,living,kitchen,entry,entry,bedroom,bathroom,bedroom,bedroom,bedroom
2640,d01 Tue 20:00,bedroom,bedroom,entry,entry,entry,kitchen,kitchen,kitchen,kitchen,kitchen,kitchen,kitchen,kitchen,bedroom,kitchen,bedroom,living,bedroom,kitchen,living,bedroom,living,living,living,kitchen,entry,entry,bedroom,bathroom,bedroom,bedroom,bedroom
2700,d01 Tue 21:00,bedroom,bedroom,entry,entry,entry,kitchen,kitchen,kitchen,kitchen,kitchen,kitchen,kitchen,kitchen,bedroom,kitchen,bedroom,living,bedroom,kitchen,living,bedroom,living,living,living,kitchen,entry,entry,bedroom,bathroom,bedroom,bedroom,bedroom
2760,d01 Tue 22:00,bedroom,bedroom,entry,entry,entry,kitchen,kitchen,kitchen,kitchen,kitchen,kitchen,kitchen,kitchen,bedroom,kitchen,bedroom,living,bedroom,kitchen,living,bedroom,living,living,living,kitchen,entry,entry,bedroom,bathroom,bedroom,bedroom,bedroom
2820,d01 Tue 23:00,bedroom,bedroom,entry,entry,entry,kitchen,kitchen,kitchen,kitchen,kitchen,kitchen,kitchen,kitchen,bedroom,kitchen,bedroom,living,bedroom,kitchen,living,bedroom,living,living,living,kitchen,entry,entry,bedroom,bathroom,bedroom,bedroom,bedroom
2880,d02 Wed 00:00,bedroom,bedroom,entry,entry,entry,kitchen,kitchen,kitchen,kitchen,kitchen,kitchen,kitchen,kitchen,bedroom,kitchen,bedroom,living,bedroom,kitchen,living,bedroom,living,living,living,kitchen,entry,entry,bedroom,bathroom,bedroom,bedroom,bedroom
2940,d02 Wed 01:00,bedroom,bedroom,entry,entry,entry,kitchen,kitchen,kitchen,kitchen,kitchen,kitchen,kitchen,kitchen,bedroom,kitchen,bedroom,living,bedroom,kitchen,living,bedroom,living,living,living,kitchen,entry,entry,bedroom,bathroom,bedroom,bedroom,bedroom
3000,d02 Wed 02:00,bedroom,bedroom,entry,entry,entry,kitchen,kitchen,kitchen,kitchen,kitchen,kitchen,kitchen,kitchen,bedroom,kitchen,bedroom,living,bedroom,kitchen,living,bedroom,living,living,living,kitchen,entry,entry,bedroom,bathroom,bedroom,bedroom,bedroom
3060,d02 Wed 03:00,bedroom,bedroom,entry,entry,entry,kitchen,kitchen,kitchen,kitchen,kitchen,kitchen,kitchen,kitchen,bedroom,kitchen,bedroom,living,bedroom,kitchen,living,bedroom,living,living,living,kitchen,entry,entry,bedroom,bathroom,bedroom,bedroom,bedroom
3120,d02 Wed 04:00,bedroom,bedroom,entry,entry,entry,kitchen,kitchen,kitchen,kitchen,kitchen,kitchen,kitchen,kitchen,bedroom,kitchen,bedroom,living,bedroom,kitchen,living,bedroom,living,living,living,kitchen,entry,entry,bedroom,bathroom,bedroom,bedroom,bedroom
3180,d02 Wed 05:00,bedroom,bedroom,entry,entry,entry,kitchen,kitchen,kitchen,kitchen,kitchen,kitchen,kitchen,kitchen,bedroom,kitchen,bedroom,living,bedroom,kitchen,living,bedroom,living,living,living,kitchen,entry,entry,bedroom,bathroom,bedroom,bedroom,bedroom
3240,d02 Wed 06:00,bedroom,bedroom,entry,entry,entry,kitchen,kitchen,kitchen,kitchen,kitchen,kitchen,kitchen,kitchen,bedroom,kitchen,bedroom,living,bedroom,kitchen,living,bedroom,living,living,living,kitchen,entry,entry,bedroom,bathroom,bedroom,bedroom,bedroom
3300,d02 Wed 07:00,bedroom,bedroom,entry,entry,entry,kitchen,kitchen,kitchen,kitchen,kitchen,kitchen,kitchen,kitchen,bedroom,kitchen,bedroom,living,bedroom,kitchen,living,bedroom,living,living,living,kitchen,entry,entry,bedroom,bathroom,bedroom,bedroom,bedroom
3360,d02 Wed 08:00,bedroom,kitchen,entry,entry,entry,kitchen,kitchen,kitchen,kitchen,kitchen,kitchen,kitchen,kitchen,bedroom,kitchen,bedroom,living,bedroom,kitchen,living,bedroom,living,living,living,kitchen,entry,entry,bedroom,bathroom,bedroom,bedroom,bedroom
3420,d02 Wed 09:00,bedroom,bedroom,entry,entry,entry,kitchen,kitchen,kitchen,kitchen,kitchen,kitchen,kitchen,kitchen,bedroom,kitchen,bedroom,living,bedroom,kitchen,living,bedroom,living,living,living,kitchen,entry,entry,bedroom,bathroom,bedroom,bedroom,bedroom
3480,d02 Wed 10:00,bedroom,bedroom,entry,entry,entry,kitchen,kitchen,kitchen,kitchen,kitchen,kitchen,kitchen,kitchen,bedroom,kitchen,bedroom,living,bedroom,kitchen,living,bedroom,living,living,living,kitchen,entry,entry,bedroom,bathroom,bedroom,bedroom,bedroom
3540,d02 Wed 11:00,bedroom,bedroom,entry,entry,entry,kitchen,kitchen,kitchen,kitchen,kitchen,kitchen,kitchen,kitchen,bedroom,kitchen,bedroom,living,bedroom,kitchen,living,bedroom,living,living,living,kitchen,entry,entry,bedroom,bathroom,bedroom,bedroom,bedroom
3600,d02 Wed 12:00,bedroom,bedroom,entry,entry,entry,kitchen,kitchen,kitchen,kitchen,kitchen,kitchen,kitchen,kitchen,bedroom,kitchen,bedroom,living,bedroom,kitchen,living,bedroom,living,living,living,kitchen,entry,entry,bedroom,bathroom,bedroom,bedroom,bedroom
3660,d02 Wed 13:00,bedroom,bedroom,entry,entry,entry,kitchen,kitchen,kitchen,kitchen,kitchen,kitchen,kitchen,kitchen,bedroom,kitchen,bedroom,living,bedroom,kitchen,living,kitchen,living,living,living,kitchen,entry,entry,bedroom,bathroom,bedroom,bedroom,bedroom
3720,d02 Wed 14:00,bedroom,bedroom,entry,entry,entry,kitchen,kitchen,kitchen,kitchen,kitchen,kitchen,kitchen,kitchen,bedroom,kitchen,bedroom,living,bedroom,kitchen,living,kitchen,living,living,living,kitchen,entry,entry,bedroom,bathroom,bedroom,bedroom,bedroom
3780,d02 Wed 15:00,bedroom,bedroom,entry,entry,entry,kitchen,kitchen,kitchen,kitchen,kitchen,kitchen,kitchen,kitchen,bedroom,kitchen,bedroom,living,bedroom,kitchen,living,kitchen,living,living,living,kitchen,entry,entry,bedroom,bathroom,bedroom,bedroom,bedroom
3840,d02 Wed 16:00,outside,outside,outside,outside,outside,outside,kitchen,kitchen,kitchen,kitchen,outside,kitchen,kitchen,outside,kitchen,bedroom,living,bedroom,outside,living,bedroom,living,living,living,kitchen,outside,outside,bedroom,bathroom,bedroom,outside,outside
3900,d02 Wed 17:00,bedroom,bedroom,entry,entry,entry,kitchen,kitchen,kitchen,kitchen,kitchen,kitchen,kitchen,kitchen,kitchen,kitchen,bedroom,living,bedroom,bedroom,living,bedroom,living,living,living,kitchen,entry,entry,bedroom,bathroom,bedroom,bedroom,bedroom
3960,d02 Wed 18:00,bedroom,bedroom,entry,entry,entry,kitchen,kitchen,kitchen,kitchen,kitchen,kitchen,kitchen,kitchen,kitchen,kitchen,bedroom,living,bedroom,bedroom,living,bedroom,living,living,living,kitchen,entry,entry,bedroom,bathroom,bedroom,bedroom,bedroom
4020,d02 Wed 19:00,bedroom,bedroom,entry,entry,entry,kitchen,kitchen,kitchen,kitchen,kitchen,kitchen,kitchen,kitchen,kitchen,kitchen,bedroom,living,bedroom,bedroom,living,bedroom,living,living,living,kitchen,entry,bedroom,bedroom,bathroom,bedroom,bedroom,bedroom
4080,d02 Wed 20:00,bedroom,bedroom,entry,entry,entry,kitchen,kitchen,kitchen,kitchen,kitchen,kitchen,kitchen,kitchen,kitchen,kitchen,bedroom,living,bedroom,bedroom,living,bedroom,living,living,living,kitchen,entry,bedroom,bedroom,bathroom,kitchen,bedroom,bedroom
4140,d02 Wed 21:00,bedroom,bedroom,entry,entry,entry,kitchen,kitchen,kitchen,kitchen,kitchen,kitchen,kitchen,kitchen,kitchen,bedroom,bedroom,living,bedroom,bedroom,bedroom,bedroom,living,living,living,kitchen,entry,bedroom,bedroom,bathroom,kitchen,bedroom,bedroom
4200,d02 Wed 22:00,bedroom,bedroom,entry,entry,entry,kitchen,kitchen,kitchen,kitchen,kitchen,kitchen,kitchen,kitchen,kitchen,bedroom,bedroom,living,bedroom,bedroom,bedroom,bedroom,living,living,living,kitchen,entry,bedroom,bedroom,bathroom,kitchen,bedroom,bedroom
4260,d02 Wed 23:00,bedroom,bedroom,entry,entry,entry,kitchen,kitchen,kitchen,kitchen,kitchen,kitchen,kitchen,kitchen,kitchen,bedroom,bedroom,living,bedroom,bedroom,bedroom,bedroom,living,living,living,kitchen,entry,bedroom,bedroom,bathroom,kitchen,bedroom,bedroom
4320,d03 Thu 00:00,bedroom,bedroom,entry,entry,entry,kitchen,kitchen,kitchen,kitchen,kitchen,kitchen,kitchen,kitchen,kitchen,bedroom,bedroom,living,bedroom,bedroom,bedroom,bedroom,living,living,living,kitchen,entry,bedroom,bedroom,bathroom,kitchen,bedroom,bedroom
4380,d03 Thu 01:00,bedroom,bedroom,entry,entry,entry,kitchen,kitchen,kitchen,kitchen,kitchen,kitchen,kitchen,kitchen,kitchen,bedroom,bedroom,living,bedroom,bedroom,bedroom,bedroom,living,living,living,kitchen,entry,bedroom,bedroom,bathroom,kitchen,bedroom,bedroom
4440,d03 Thu 02:00,bedroom,bedroom,entry,entry,entry,kitchen,kitchen,kitchen,kitchen,kitchen,kitchen,kitchen,kitchen,kitchen,bedroom,bedroom,living,bedroom,bedroom,bedroom,bedroom,living,living,living,kitchen,entry,bedroom,bedroom,bathroom,kitchen,bedroom,bedroom
4500,d03 Thu 03:00,bedroom,bedroom,entry,entry,entry,kitchen,kitchen,kitchen,kitchen,kitchen,kitchen,kitchen,kitchen,kitchen,bedroom,bedroom,living,bedroom,bedroom,bedroom,bedroom,living,living,living,kitchen,entry,bedroom,bedroom,bathroom,kitchen,bedroom,bedroom
4560,d03 Thu 04:00,bedroom,bedroom,entry,entry,entry,kitchen,kitchen,kitchen,kitchen,kitchen,kitchen,kitchen,kitchen,kitchen,bedroom,bedroom,living,bedroom,bedroom,bedroom,bedroom,living,living,living,kitchen,entry,bedroom,bedroom,bathroom,kitchen,bedroom,bedroom
4620,d03 Thu 05:00,bedroom,bedroom,entry,entry,entry,kitchen,kitchen,kitchen,kitchen,kitchen,kitchen,kitchen,kitchen,kitchen,bedroom,bedroom,living,bedroom,bedroom,bedroom,bedroom,living,living,living,kitchen,entry,bedroom,bedroom,bathroom,kitchen,bedroom,bedroom
4680,d03 Thu 06:00,bedroom,bedroom,entry,entry,entry,kitchen,kitchen,kitchen,kitchen,kitchen,kitchen,kitchen,kitchen,kitchen,bedroom,bedroom,living,bedroom,bedroom,bedroom,bedroom,living,living,living,kitchen,entry,bedroom,bedroom,bathroom,kitchen,bedroom,bedroom
4740,d03 Thu 07:00,bedroom,bedroom,entry,entry,entry,kitchen,kitchen,kitchen,kitchen,kitchen,kitchen,kitchen,kitchen,kitchen,bedroom,bedroom,living,bedroom,bedroom,bedroom,bedroom,living,living,living,kitchen,entry,bedroom,bedroom,bathroom,kitchen,bedroom,bedroom
4800,d03 Thu 08:00,bedroom,bedroom,entry,entry,entry,kitchen,kitchen,kitchen,kitchen,kitchen,kitchen,kitchen,kitchen,kitchen,bedroom,bedroom,living,bedroom,bedroom,bedroom,bedroom,living,living,living,kitchen,entry,bedroom,bedroom,bathroom,bedroom,bedroom,bedroom
4860,d03 Thu 09:00,outside,outside,outside,outside,outside,outside,kitchen,kitchen,kitchen,kitchen,outside,kitchen,kitchen,outside,bedroom,bedroom,living,bedroom,outside,bedroom,bedroom,living,living,living,kitchen,outside,outside,bedroom,bathroom,bedroom,outside,outside
4920,d03 Thu 10:00,outside,outside,outside,outside,outside,outside,kitchen,kitchen,kitchen,kitchen,outside,kitchen,kitchen,outside,bedroom,bedroom,living,bedroom,outside,bedroom,bedroom,living,living,living,kitchen,outside,outside,bedroom,bathroom,bedroom,outside,outside
4980,d03 Thu 11:00,bedroom,bedroom,entry,bedroom,entry,kitchen,kitchen,kitchen,kitchen,kitchen,kitchen,kitchen,kitchen,bedroom,bedroom,bedroom,living,bedroom,bedroom,bedroom,kitchen,living,living,living,kitchen,entry,bedroom,bedroom,bathroom,bedroom,bedroom,bedroom
5040,d03 Thu 12:00,bedroom,bedroom,entry,bedroom,entry,kitchen,kitchen,kitchen,kitchen,kitchen,kitchen,kitchen,kitchen,bedroom,bedroom,bedroom,living,bedroom,bedroom,bedroom,kitchen,living,living,living,kitchen,entry,bedroom,bedroom,bathroom,bedroom,bedroom,bedroom
5100,d03 Thu 13:00,kitchen,bedroom,entry,bedroom,entry,kitchen,kitchen,kitchen,kitchen,kitchen,kitchen,kitchen,kitchen,bedroom,bedroom,bedroom,living,bedroom,bedroom,bedroom,bedroom,living,living,living,kitchen,entry,bedroom,bedroom,bathroom,bedroom,bedroom,bedroom
5160,d03 Thu 14:00,kitchen,bedroom,entry,bedroom,entry,kitchen,kitchen,kitchen,kitchen,kitchen,kitchen,kitchen,kitchen,bedroom,bedroom,bedroom,living,bedroom,bedroom,bedroom,bedroom,living,living,living,kitchen,entry,bedroom,bedroom,bathroom,bedroom,bedroom,bedroom
5220,d03 Thu 15:00,kitchen,bedroom,entry,bedroom,entry,kitchen,kitchen,kitchen,kitchen,kitchen,kitchen,kitchen,kitchen,bedroom,bedroom,bedroom,living,bedroom,bedroom,bedroom,bedroom,living,living,living,kitchen,entry,bedroom,bedroom,bathroom,bedroom,bedroom,bedroom
5280,d03 Thu 16:00,kitchen,bedroom,entry,bedroom,entry,kitchen,kitchen,kitchen,kitchen,kitchen,kitchen,kitchen,kitchen,bedroom,bedroom,bedroom,living,bedroom,bedroom,bedroom,bedroom,living,living,living,kitchen,entry,bedroom,bedroom,bathroom,bedroom,bedroom,bedroom
5340,d03 Thu 17:00,bedroom,bedroom,entry,bedroom,entry,kitchen,kitchen,kitchen,kitchen,kitchen,kitchen,kitchen,kitchen,bedroom,bedroom,bedroom,living,bedroom,bedroom,bedroom,bedroom,living,living,living,kitchen,entry,bedroom,bedroom,bathroom,bedroom,bedroom,bedroom
5400,d03 Thu 18:00,bedroom,bedroom,bedroom,bedroom,entry,kitchen,kitchen,kitchen,kitchen,kitchen,kitchen,kitchen,kitchen,bedroom,bedroom,bedroom,living,bedroom,bedroom,bedroom,bedroom,living,living,living,kitchen,entry,bedroom,bedroom,bathroom,bedroom,bedroom,bedroom
5460,d03 Thu 19:00,bedroom,bedroom,bedroom,bedroom,entry,kitchen,kitchen,kitchen,kitchen,kitchen,kitchen,kitchen,kitchen,bedroom,bedroom,bedroom,living,bedroom,bedroom,bedroom,bedroom,living,living,living,kitchen,entry,bedroom,bedroom,bathroom,bedroom,bedroom,bedroom
5520,d03 Thu 20:00,bedroom,bedroom,bedroom,bedroom,entry,kitchen,kitchen,kitchen,kitchen,kitchen,kitchen,kitchen,kitchen,bedroom,bedroom,bedroom,living,bedroom,bedroom,living,bedroom,living,living,living,kitchen,entry,bedroom,bedroom,bathroom,bedroom,bedroom,bedroom
5580,d03 Thu 21:00,bedroom,bedroom,bedroom,bedroom,entry,kitchen,kitchen,kitchen,kitchen,kitchen,kitchen,kitchen,kitchen,bedroom,bedroom,bedroom,living,bedroom,bedroom,living,bedroom,living,living,living,kitchen,entry,bedroom,bedroom,bathroom,bedroom,bedroom,bedroom
5640,d03 Thu 22:00,bedroom,bedroom,bedroom,bedroom,entry,kitchen,kitchen,kitchen,kitchen,kitchen,kitchen,kitchen,kitchen,bedroom,bedroom,bedroom,living,bedroom,bedroom,living,bedroom,living,living,living,kitchen,entry,bedroom,bedroom,bathroom,bedroom,bedroom,bedroom
5700,d03 Thu 23:00,bedroom,bedroom,bedroom,bedroom,entry,kitchen,kitchen,kitchen,kitchen,kitchen,kitchen,kitchen,kitchen,bedroom,bedroom,bedroom,living,bedroom,bedroom,living,bedroom,living,living,living,kitchen,entry,bedroom,bedroom,bathroom,bedroom,bedroom,bedroom
5760,d04 Fri 00:00,bedroom,bedroom,bedroom,bedroom,entry,kitchen,kitchen,kitchen,kitchen,kitchen,kitchen,kitchen,kitchen,bedroom,bedroom,bedroom,living,bedroom,bedroom,living,bedroom,living,living,living,kitchen,entry,bedroom,bedroom,bathroom,bedroom,bedroom,bedroom
5820,d04 Fri 01:00,bedroom,bedroom,bedroom,bedroom,entry,kitchen,kitchen,kitchen,kitchen,kitchen,kitchen,kitchen,kitchen,bedroom,bedroom,bedroom,living,bedroom,bedroom,living,bedroom,living,living,living,kitchen,entry,bedroom,bedroom,bathroom,bedroom,bedroom,bedroom
5880,d04 Fri 02:00,bedroom,bedroom,bedroom,bedroom,entry,kitchen,kitchen,kitchen,kitchen,kitchen,kitchen,kitchen,kitchen,bedroom,bedroom,bedroom,living,bedroom,bedroom,living,bedroom,living,living,living,kitchen,entry,bedroom,bedroom,bathroom,bedroom,bedroom,bedroom
5940,d04 Fri 03:00,bedroom,bedroom,bedroom,bedroom,entry,kitchen,kitchen,kitchen,kitchen,kitchen,kitchen,kitchen,kitchen,bedroom,bedroom,bedroom,living,bedroom,bedroom,living,bedroom,living,living,living,kitchen,entry,bedroom,bedroom,bathroom,bedroom,bedroom,bedroom
6000,d04 Fri 04:00,bedroom,bedroom,bedroom,bedroom,entry,kitchen,kitchen,kitchen,kitchen,kitchen,kitchen,kitchen,kitchen,bedroom,bedroom,bedroom,living,bedroom,bedroom,living,bedroom,living,living,living,kitchen,entry,bedroom,bedroom,bathroom,bedroom,bedroom,bedroom
6060,d04 Fri 05:00,bedroom,bedroom,bedroom,bedroom,entry,kitchen,kitchen,kitchen,kitchen,kitchen,kitchen,kitchen,kitchen,bedroom,bedroom,bedroom,living,bedroom,bedroom,living,bedroom,living,living,living,kitchen,entry,bedroom,bedroom,bathroom,bedroom,bedroom,bedroom
6120,d04 Fri 06:00,bedroom,bedroom,bedroom,bedroom,entry,kitchen,kitchen,kitchen,kitchen,kitchen,kitchen,kitchen,kitchen,bedroom,bedroom,bedroom,living,bedroom,bedroom,living,bedroom,living,living,living,kitchen,entry,bedroom,bedroom,bathroom,bedroom,bedroom,bedroom
6180,d04 Fri 07:00,bedroom,bedroom,bedroom,bedroom,entry,kitchen,kitchen,kitchen,kitchen,kitchen,kitchen,kitchen,kitchen,bedroom,bedroom,bedroom,living,bedroom,bedroom,living,bedroom,living,living,living,kitchen,entry,bedroom,bedroom,bathroom,bedroom,bedroom,bedroom
6240,d04 Fri 08:00,bedroom,kitchen,bedroom,bedroom,entry,kitchen,kitchen,kitchen,kitchen,kitchen,kitchen,kitchen,kitchen,bedroom,bedroom,bedroom,kitchen,bedroom,bedroom,living,bedroom,living,living,living,kitchen,entry,bedroom,bedroom,bathroom,bedroom,bedroom,bedroom
6300,d04 Fri 09:00,bedroom,bedroom,bedroom,bedroom,entry,bedroom,kitchen,kitchen,kitchen,kitchen,kitchen,kitchen,kitchen,bedroom,bedroom,bedroom,kitchen,bedroom,bedroom,living,bedroom,living,living,living,kitchen,entry,bedroom,bedroom,bathroom,bedroom,bedroom,bedroom
6360,d04 Fri 10:00,bedroom,bedroom,bedroom,bedroom,entry,bedroom,kitchen,kitchen,kitchen,kitchen,kitchen,kitchen,kitchen,bedroom,bedroom,bedroom,kitchen,bedroom,bedroom,living,bedroom,living,living,living,kitchen,entry,bedroom,bedroom,bathroom,bedroom,bedroom,bedroom
6420,d04 Fri 11:00,bedroom,bedroom,bedroom,bedroom,entry,bedroom,kitchen,kitchen,kitchen,kitchen,kitchen,kitchen,kitchen,bedroom,bedroom,bedroom,kitchen,bedroom,bedroom,living,bedroom,living,living,living,kitchen,entry,bedroom,bedroom,bathroom,bedroom,bedroom,bedroom
6480,d04 Fri 12:00,bedroom,bedroom,bedroom,bedroom,entry,bedroom,kitchen,kitchen,kitchen,kitchen,kitchen,kitchen,kitchen,bedroom,bedroom,bedroom,kitchen,bedroom,bedroom,living,bedroom,living,living,living,kitchen,entry,bedroom,bedroom,bathroom,bedroom,bedroom,bedroom
6540,d04 Fri 13:00,bedroom,kitchen,bedroom,bedroom,entry,bedroom,kitchen,kitchen,kitchen,kitchen,kitchen,kitchen,kitchen,kitchen,bedroom,bedroom,kitchen,bedroom,bedroom,living,bedroom,living,living,living,kitchen,entry,bedroom,bedroom,bathroom,bedroom,bedroom,bedroom
6600,d04 Fri 14:00,bedroom,kitchen,bedroom,bedroom,entry,bedroom,kitchen,kitchen,kitchen,kitchen,kitchen,kitchen,kitchen,kitchen,bedroom,bedroom,kitchen,kitchen,bedroom,living,bedroom,living,living,living,kitchen,entry,bedroom,bedroom,bathroom,bedroom,bedroom,bedroom
6660,d04 Fri 15:00,bedroom,bedroom,bedroom,bedroom,entry,bedroom,kitchen,kitchen,kitchen,kitchen,kitchen,kitchen,kitchen,kitchen,bedroom,bedroom,kitchen,bedroom,bedroom,living,bedroom,living,living,living,kitchen,entry,bedroom,bedroom,bathroom,bedroom,bedroom,bedroom
6720,d04 Fri 16:00,bedroom,bedroom,bedroom,bedroom,entry,bedroom,kitchen,kitchen,kitchen,kitchen,kitchen,kitchen,kitchen,kitchen,bedroom,bedroom,kitchen,bedroom,bedroom,living,bedroom,living,living,living,kitchen,entry,bedroom,bedroom,bathroom,bedroom,bedroom,bedroom
6780,d04 Fri 17:00,bedroom,bedroom,bedroom,bedroom,entry,bedroom,kitchen,kitchen,kitchen,kitchen,kitchen,kitchen,kitchen,kitchen,bedroom,bedroom,kitchen,bedroom,bedroom,living,bedroom,living,living,living,kitchen,entry,bedroom,bedroom,bathroom,bedroom,bedroom,bedroom
6840,d04 Fri 18:00,kitchen,kitchen,bedroom,bedroom,entry,bedroom,kitchen,kitchen,kitchen,kitchen,kitchen,kitchen,kitchen,bedroom,bedroom,bedroom,kitchen,bedroom,bedroom,living,bedroom,living,living,living,kitchen,entry,bedroom,bedroom,bathroom,bedroom,bedroom,bedroom
6900,d04 Fri 19:00,kitchen,living,bedroom,bedroom,entry,bedroom,kitchen,kitchen,kitchen,kitchen,kitchen,kitchen,kitchen,bedroom,bedroom,bedroom,kitchen,bedroom,bedroom,living,bedroom,living,living,living,kitchen,entry,bedroom,bedroom,bathroom,bedroom,bedroom,bedroom
6960,d04 Fri 20:00,kitchen,bedroom,bedroom,bedroom,entry,bedroom,kitchen,kitchen,kitchen,kitchen,kitchen,kitchen,kitchen,bedroom,bedroom,bedroom,kitchen,bedroom,bedroom,bedroom,bedroom,living,bedroom,living,kitchen,entry,bedroom,bedroom,bathroom,bedroom,bedroom,bedroom
7020,d04 Fri 21:00,kitchen,bedroom,bedroom,bedroom,entry,bedroom,kitchen,kitchen,kitchen,kitchen,kitchen,kitchen,kitchen,bedroom,bedroom,bedroom,kitchen,bedroom,bedroom,bedroom,bedroom,living,bedroom,living,kitchen,entry,bedroom,bedroom,bathroom,bedroom,bedroom,bedroom
7080,d04 Fri 22:00,kitchen,bedroom,bedroom,bedroom,entry,bedroom,kitchen,kitchen,kitchen,kitchen,kitchen,kitchen,kitchen,bedroom,bedroom,bedroom,kitchen,bedroom,bedroom,bedroom,bedroom,living,bedroom,living,kitchen,entry,bedroom,bedroom,bathroom,bedroom,bedroom,bedroom
7140,d04 Fri 23:00,kitchen,bedroom,bedroom,bedroom,entry,bedroom,kitchen,kitchen,kitchen,kitchen,kitchen,kitchen,kitchen,bedroom,bedroom,bedroom,kitchen,bedroom,bedroom,bedroom,bedroom,living,bedroom,living,kitchen,entry,bedroom,bedroom,bathroom,bedroom,bedroom,bedroom
7200,d05 Sat 00:00,kitchen,bedroom,bedroom,bedroom,entry,bedroom,kitchen,kitchen,kitchen,kitchen,kitchen,kitchen,kitchen,bedroom,bedroom,bedroom,kitchen,bedroom,bedroom,bedroom,bedroom,living,bedroom,living,kitchen,entry,bedroom,bedroom,bathroom,bedroom,bedroom,bedroom
7260,d05 Sat 01:00,kitchen,bedroom,bedroom,bedroom,entry,bedroom,kitchen,kitchen,kitchen,kitchen,kitchen,kitchen,kitchen,bedroom,bedroom,bedroom,kitchen,bedroom,bedroom,bedroom,kitchen,living,bedroom,living,kitchen,entry,bedroom,bedroom,bathroom,bedroom,bedroom,bedroom
7320,d05 Sat 02:00,kitchen,bedroom,bedroom,bedroom,entry,bedroom,kitchen,kitchen,kitchen,kitchen,kitchen,kitchen,kitchen,bedroom,bedroom,bedroom,kitchen,bedroom,bedroom,bedroom,kitchen,living,bedroom,living,kitchen,entry,bedroom,bedroom,bathroom,bedroom,bedroom,bedroom
7380,d05 Sat 03:00,kitchen,bedroom,bedroom,bedroom,entry,bedroom,kitchen,kitchen,kitchen,kitchen,kitchen,kitchen,kitchen,bedroom,bedroom,bedroom,kitchen,bedroom,bedroom,bedroom,kitchen,living,bedroom,living,kitchen,entry,bedroom,bedroom,bathroom,bedroom,bedroom,bedroom
7440,d05 Sat 04:00,kitchen,bedroom,bedroom,bedroom,entry,bedroom,kitchen,kitchen,kitchen,kitchen,kitchen,kitchen,kitchen,bedroom,bedroom,bedroom,kitchen,bedroom,bedroom,bedroom,kitchen,living,bedroom,living,kitchen,entry,bedroom,bedroom,bathroom,bedroom,bedroom,bedroom
7500,d05 Sat 05:00,kitchen,bedroom,bedroom,bedroom,entry,bedroom,kitchen,kitchen,kitchen,kitchen,kitchen,kitchen,kitchen,bedroom,bedroom,bedroom,kitchen,bedroom,bedroom,bedroom,kitchen,living,bedroom,living,kitchen,entry,bedroom,bedroom,bathroom,bedroom,bedroom,bedroom
7560,d05 Sat 06:00,kitchen,bedroom,bedroom,bedroom,entry,bedroom,kitchen,kitchen,kitchen,kitchen,kitchen,kitchen,kitchen,bedroom,bedroom,bedroom,kitchen,bedroom,bedroom,bedroom,kitchen,living,bedroom,living,kitchen,entry,bedroom,bedroom,bathroom,bedroom,bedroom,bedroom
7620,d05 Sat 07:00,kitchen,bedroom,bedroom,bedroom,entry,bedroom,kitchen,kitchen,kitchen,kitchen,kitchen,kitchen,kitchen,bedroom,bedroom,bedroom,kitchen,bedroom,bedroom,bedroom,kitchen,living,bedroom,living,kitchen,entry,bedroom,bedroom,bathroom,bedroom,bedroom,bedroom
7680,d05 Sat 08:00,kitchen,bedroom,bedroom,bedroom,entry,bedroom,kitchen,kitchen,kitchen,kitchen,kitchen,kitchen,kitchen,bedroom,bedroom,bedroom,kitchen,bedroom,bedroom,bedroom,kitchen,living,bedroom,living,kitchen,entry,bedroom,bedroom,bathroom,bedroom,bedroom,bedroom
7740,d05 Sat 09:00,kitchen,bedroom,bedroom,bedroom,entry,bedroom,kitchen,kitchen,kitchen,kitchen,kitchen,kitchen,kitchen,bedroom,bedroom,bedroom,kitchen,bedroom,bedroom,bedroom,kitchen,living,bedroom,living,kitchen,entry,bedroom,bedroom,bathroom,bedroom,bedroom,bedroom
7800,d05 Sat 10:00,kitchen,bedroom,bedroom,bedroom,entry,bedroom,kitchen,kitchen,kitchen,kitchen,kitchen,kitchen,kitchen,bedroom,bedroom,bedroom,kitchen,bedroom,bedroom,bedroom,kitchen,living,bedroom,living,kitchen,entry,bedroom,bedroom,bathroom,bedroom,bedroom,bedroom
7860,d05 Sat 11:00,kitchen,entry,bedroom,bedroom,entry,bedroom,kitchen,kitchen,kitchen,kitchen,kitchen,kitchen,kitchen,bedroom,bedroom,bedroom,kitchen,bedroom,bedroom,bedroom,kitchen,living,bedroom,living,kitchen,entry,bedroom,bedroom,bathroom,entry,bedroom,bedroom
7920,d05 Sat 12:00,bedroom,bedroom,entry,entry,entry,kitchen,kitchen,kitchen,kitchen,kitchen,kitchen,kitchen,kitchen,bedroom,bedroom,bedroom,kitchen,bedroom,bedroom,bedroom,kitchen,living,bedroom,living,kitchen,entry,kitchen,bedroom,bathroom,bedroom,bedroom,bedroom
7980,d05 Sat 13:00,bedroom,bedroom,entry,entry,entry,kitchen,kitchen,kitchen,kitchen,kitchen,kitchen,kitchen,kitchen,bedroom,bedroom,bedroom,kitchen,bedroom,bedroom,bedroom,kitchen,living,bedroom,living,kitchen,entry,kitchen,bedroom,bathroom,bedroom,bedroom,bedroom
8040,d05 Sat 14:00,bedroom,bedroom,entry,entry,entry,kitchen,kitchen,kitchen,kitchen,kitchen,kitchen,kitchen,kitchen,bedroom,bedroom,bedroom,kitchen,bedroom,bedroom,bedroom,kitchen,living,bedroom,living,kitchen,entry,bedroom,bedroom,bathroom,bedroom,bedroom,bedroom
8100,d05 Sat 15:00,outside,outside,outside,outside,outside,outside,kitchen,kitchen,kitchen,kitchen,outside,kitchen,kitchen,outside,bedroom,bedroom,kitchen,bedroom,outside,bedroom,kitchen,living,bedroom,living,kitchen,outside,outside,bedroom,bathroom,bedroom,outside,outside
8160,d05 Sat 16:00,outside,outside,outside,outside,outside,outside,kitchen,kitchen,kitchen,kitchen,outside,kitchen,kitchen,outside,bedroom,bedroom,kitchen,bedroom,outside,bedroom,kitchen,living,bedroom,living,kitchen,outside,outside,bedroom,bathroom,bedroom,outside,outside
8220,d05 Sat 17:00,outside,outside,outside,outside,outside,outside,kitchen,kitchen,kitchen,kitchen,outside,kitchen,kitchen,outside,bedroom,bedroom,kitchen,bedroom,outside,bedroom,kitchen,living,bedroom,living,kitchen,outside,outside,bedroom,bathroom,bedroom,outside,outside
8280,d05 Sat 18:00,bedroom,bedroom,entry,entry,entry,kitchen,kitchen,kitchen,kitchen,kitchen,kitchen,kitchen,kitchen,kitchen,bedroom,bedroom,kitchen,bedroom,bedroom,bedroom,kitchen,living,bedroom,living,kitchen,entry,entry,bedroom,bathroom,bedroom,bedroom,bedroom
8340,d05 Sat 19:00,bedroom,bedroom,entry,entry,entry,kitchen,kitchen,kitchen,kitchen,kitchen,kitchen,kitchen,kitchen,kitchen,bedroom,bedroom,living,bedroom,bedroom,living,kitchen,living,bedroom,living,kitchen,entry,entry,bedroom,bathroom,bedroom,bedroom,bedroom
8400,d05 Sat 20:00,bedroom,bedroom,entry,entry,entry,kitchen,kitchen,kitchen,kitchen,kitchen,kitchen,kitchen,kitchen,kitchen,bedroom,bedroom,living,bedroom,bedroom,living,kitchen,living,bedroom,living,kitchen,entry,entry,bedroom,bathroom,bedroom,bedroom,bedroom
8460,d05 Sat 21:00,bedroom,bedroom,entry,entry,entry,kitchen,kitchen,kitchen,kitchen,kitchen,kitchen,kitchen,kitchen,kitchen,bedroom,bedroom,living,bedroom,bedroom,living,kitchen,living,bedroom,living,kitchen,entry,entry,bedroom,bathroom,bedroom,bedroom,bedroom
8520,d05 Sat 22:00,bedroom,bedroom,entry,entry,entry,kitchen,kitchen,kitchen,kitchen,kitchen,kitchen,kitchen,kitchen,kitchen,bedroom,bedroom,living,bedroom,bedroom,living,kitchen,living,bedroom,living,kitchen,entry,entry,bedroom,bathroom,bedroom,bedroom,bedroom
8580,d05 Sat 23:00,bedroom,bedroom,entry,entry,entry,kitchen,kitchen,kitchen,kitchen,kitchen,kitchen,kitchen,kitchen,kitchen,bedroom,bedroom,living,bedroom,bedroom,living,kitchen,living,bedroom,living,kitchen,entry,entry,bedroom,bathroom,bedroom,bedroom,bedroom
8640,d06 Sun 00:00,bedroom,bedroom,entry,entry,entry,kitchen,kitchen,kitchen,kitchen,kitchen,kitchen,kitchen,kitchen,kitchen,bedroom,bedroom,living,bedroom,bedroom,living,kitchen,living,bedroom,living,kitchen,entry,entry,bedroom,bathroom,bedroom,bedroom,bedroom
8700,d06 Sun 01:00,bedroom,bedroom,entry,entry,entry,kitchen,kitchen,kitchen,kitchen,kitchen,kitchen,kitchen,kitchen,kitchen,bedroom,bedroom,living,bedroom,bedroom,living,kitchen,living,bedroom,living,kitchen,entry,entry,bedroom,bathroom,bedroom,bedroom,bedroom
8760,d06 Sun 02:00,bedroom,bedroom,entry,entry,entry,kitchen,kitchen,kitchen,kitchen,kitchen,kitchen,kitchen,kitchen,kitchen,bedroom,bedroom,living,bedroom,bedroom,living,kitchen,living,bedroom,living,kitchen,entry,entry,bedroom,bathroom,bedroom,bedroom,bedroom
8820,d06 Sun 03:00,bedroom,bedroom,entry,entry,entry,kitchen,kitchen,kitchen,kitchen,kitchen,kitchen,kitchen,kitchen,kitchen,bedroom,bedroom,living,bedroom,bedroom,living,kitchen,living,bedroom,living,kitchen,entry,entry,bedroom,bathroom,bedroom,bedroom,bedroom
8880,d06 Sun 04:00,bedroom,bedroom,entry,entry,entry,kitchen,kitchen,kitchen,kitchen,kitchen,kitchen,kitchen,kitchen,kitchen,bedroom,bedroom,living,bedroom,bedroom,living,kitchen,living,bedroom,living,kitchen,entry,entry,bedroom,bathroom,bedroom,bedroom,bedroom
8940,d06 Sun 05:00,bedroom,bedroom,entry,entry,entry,kitchen,kitchen,kitchen,kitchen,kitchen,kitchen,kitchen,kitchen,kitchen,bedroom,bedroom,living,bedroom,bedroom,living,kitchen,living,bedroom,living,kitchen,entry,entry,bedroom,bathroom,bedroom,bedroom,bedroom
9000,d06 Sun 06:00,bedroom,bedroom,entry,entry,entry,kitchen,kitchen,kitchen,kitchen,kitchen,kitchen,kitchen,kitchen,kitchen,bedroom,bedroom,living,bedroom,bedroom,living,kitchen,living,bedroom,living,kitchen,entry,entry,bedroom,bathroom,bedroom,bedroom,bedroom
9060,d06 Sun 07:00,bedroom,bedroom,entry,entry,entry,kitchen,kitchen,kitchen,kitchen,kitchen,kitchen,kitchen,kitchen,kitchen,bedroom,bedroom,living,bedroom,bedroom,living,kitchen,living,bedroom,living,kitchen,entry,entry,bedroom,bathroom,bedroom,bedroom,bedroom
9120,d06 Sun 08:00,bedroom,bedroom,entry,entry,entry,kitchen,kitchen,kitchen,kitchen,kitchen,kitchen,kitchen,kitchen,kitchen,bedroom,bedroom,living,bedroom,bedroom,living,kitchen,living,bedroom,living,kitchen,entry,entry,bedroom,bathroom,bedroom,bedroom,bedroom
9180,d06 Sun 09:00,bedroom,kitchen,entry,entry,entry,kitchen,kitchen,kitchen,kitchen,kitchen,kitchen,kitchen,kitchen,kitchen,bedroom,bedroom,living,bedroom,kitchen,living,kitchen,living,bedroom,living,kitchen,entry,entry,bedroom,bathroom,bedroom,bedroom,bedroom
9240,d06 Sun 10:00,bedroom,kitchen,entry,entry,entry,kitchen,kitchen,kitchen,kitchen,kitchen,kitchen,kitchen,kitchen,kitchen,kitchen,kitchen,living,bedroom,kitchen,living,kitchen,living,kitchen,living,kitchen,entry,entry,bedroom,bathroom,bedroom,bedroom,bedroom
9300,d06 Sun 11:00,bedroom,kitchen,entry,entry,bedroom,kitchen,kitchen,kitchen,kitchen,kitchen,kitchen,kitchen,kitchen,kitchen,living,bedroom,living,bedroom,kitchen,living,kitchen,living,living,living,kitchen,entry,entry,bedroom,bathroom,bedroom,bedroom,bedroom
9360,d06 Sun 12:00,bedroom,kitchen,entry,entry,bedroom,kitchen,kitchen,kitchen,kitchen,kitchen,kitchen,kitchen,kitchen,kitchen,bedroom,bedroom,living,bedroom,kitchen,living,kitchen,living,living,living,kitchen,entry,entry,bedroom,bathroom,bedroom,bedroom,bedroom
9420,d06 Sun 13:00,bedroom,kitchen,entry,entry,bedroom,kitchen,kitchen,kitchen,kitchen,kitchen,kitchen,kitchen,kitchen,kitchen,bedroom,bedroom,living,bedroom,kitchen,living,kitchen,living,living,living,kitchen,entry,entry,bedroom,bathroom,bedroom,bedroom,bedroom
9480,d06 Sun 14:00,outside,outside,outside,outside,outside,outside,kitchen,kitchen,kitchen,kitchen,outside,kitchen,kitchen,outside,bedroom,bedroom,living,bedroom,outside,living,kitchen,living,living,living,kitchen,outside,outside,bedroom,bathroom,bedroom,outside,outside
9540,d06 Sun 15:00,bedroom,bedroom,entry,entry,entry,kitchen,kitchen,kitchen,kitchen,kitchen,kitchen,kitchen,kitchen,kitchen,bedroom,bedroom,living,bedroom,bedroom,living,bedroom,living,living,living,kitchen,entry,entry,bedroom,bathroom,bedroom,bedroom,bedroom
9600,d06 Sun 16:00,kitchen,bedroom,entry,entry,entry,kitchen,kitchen,kitchen,kitchen,kitchen,kitchen,kitchen,kitchen,bedroom,bedroom,bedroom,living,bedroom,bedroom,living,bedroom,living,living,living,kitchen,entry,entry,bedroom,bathroom,bedroom,bedroom,bedroom
9660,d06 Sun 17:00,kitchen,bedroom,entry,entry,entry,kitchen,kitchen,kitchen,kitchen,kitchen,kitchen,kitchen,kitchen,bedroom,bedroom,bedroom,living,bedroom,bedroom,living,bedroom,living,living,living,kitchen,entry,entry,bedroom,bathroom,bedroom,bedroom,bedroom
9720,d06 Sun 18:00,kitchen,bedroom,entry,entry,entry,kitchen,kitchen,kitchen,kitchen,kitchen,kitchen,kitchen,kitchen,bedroom,bedroom,bedroom,living,bedroom,bedroom,bedroom,bedroom,living,living,living,kitchen,entry,entry,bedroom,bathroom,bedroom,bedroom,bedroom
9780,d06 Sun 19:00,kitchen,bedroom,entry,entry,entry,kitchen,kitchen,kitchen,kitchen,kitchen,kitchen,kitchen,kitchen,bedroom,bedroom,bedroom,living,bedroom,bedroom,bedroom,bedroom,living,bedroom,living,kitchen,entry,entry,bedroom,bathroom,bedroom,bedroom,bedroom
9840,d06 Sun 20:00,kitchen,bedroom,entry,entry,entry,kitchen,kitchen,kitchen,kitchen,kitchen,kitchen,kitchen,kitchen,bedroom,bedroom,bedroom,living,bedroom,bedroom,bedroom,bedroom,living,bedroom,living,kitchen,entry,entry,bedroom,bathroom,bedroom,bedroom,bedroom
9900,d06 Sun 21:00,kitchen,bedroom,entry,entry,entry,kitchen,kitchen,kitchen,kitchen,kitchen,kitchen,kitchen,kitchen,bedroom,bedroom,bedroom,living,bedroom,bedroom,bedroom,bedroom,living,bedroom,living,kitchen,entry,entry,bedroom,bathroom,bedroom,bedroom,bedroom
9960,d06 Sun 22:00,kitchen,bedroom,entry,entry,entry,kitchen,kitchen,kitchen,kitchen,kitchen,kitchen,kitchen,kitchen,bedroom,bedroom,bedroom,living,bedroom,bedroom,bedroom,bedroom,living,bedroom,living,kitchen,entry,entry,bedroom,bathroom,bedroom,bedroom,bedroom
10020,d06 Sun 23:00,kitchen,bedroom,entry,entry,entry,kitchen,kitchen,kitchen,kitchen,kitchen,kitchen,kitchen,kitchen,bedroom,bedroom,bedroom,living,bedroom,bedroom,bedroom,bedroom,living,bedroom,living,kitchen,entry,entry,bedroom,bathroom,bedroom,bedroom,bedroom
10080,d07 Mon 00:00,kitchen,bedroom,entry,entry,entry,kitchen,kitchen,kitchen,kitchen,kitchen,kitchen,kitchen,kitchen,bedroom,bedroom,bedroom,living,bedroom,bedroom,bedroom,bedroom,living,bedroom,living,kitchen,entry,entry,bedroom,bathroom,bedroom,bedroom,bedroom
10140,d07 Mon 01:00,kitchen,bedroom,entry,entry,entry,kitchen,kitchen,kitchen,kitchen,kitchen,kitchen,kitchen,kitchen,bedroom,bedroom,bedroom,living,bedroom,bedroom,bedroom,bedroom,living,bedroom,living,kitchen,entry,entry,bedroom,bathroom,bedroom,bedroom,bedroom
10200,d07 Mon 02:00,kitchen,bedroom,entry,entry,entry,kitchen,kitchen,kitchen,kitchen,kitchen,kitchen,kitchen,kitchen,bedroom,bedroom,bedroom,living,bedroom,bedroom,bedroom,bedroom,living,bedroom,living,kitchen,entry,entry,bedroom,bathroom,bedroom,bedroom,bedroom
10260,d07 Mon 03:00,kitchen,bedroom,entry,entry,entry,kitchen,kitchen,kitchen,kitchen,kitchen,kitchen,kitchen,kitchen,bedroom,bedroom,bedroom,living,bedroom,bedroom,bedroom,bedroom,living,bedroom,living,kitchen,entry,entry,bedroom,bathroom,bedroom,bedroom,bedroom
10320,d07 Mon 04:00,kitchen,bedroom,entry,entry,entry,kitchen,kitchen,kitchen,kitchen,kitchen,kitchen,kitchen,kitchen,bedroom,bedroom,bedroom,living,bedroom,bedroom,bedroom,bedroom,living,bedroom,living,kitchen,entry,entry,bedroom,bathroom,bedroom,bedroom,bedroom
10380,d07 Mon 05:00,kitchen,bedroom,entry,entry,entry,kitchen,kitchen,kitchen,kitchen,kitchen,kitchen,kitchen,kitchen,bedroom,bedroom,bedroom,living,bedroom,bedroom,bedroom,bedroom,living,bedroom,living,kitchen,entry,entry,bedroom,bathroom,bedroom,bedroom,bedroom
10440,d07 Mon 06:00,kitchen,bedroom,entry,entry,entry,kitchen,kitchen,kitchen,kitchen,kitchen,kitchen,kitchen,kitchen,bedroom,bedroom,bedroom,living,bedroom,bedroom,bedroom,bedroom,living,bedroom,living,kitchen,entry,entry,bedroom,bathroom,bedroom,bedroom,bedroom
10500,d07 Mon 07:00,kitchen,bedroom,entry,entry,entry,kitchen,kitchen,kitchen,kitchen,kitchen,kitchen,kitchen,kitchen,bedroom,bedroom,bedroom,living,bedroom,bedroom,bedroom,bedroom,living,bedroom,living,kitchen,entry,entry,bedroom,bathroom,bedroom,bedroom,bedroom
10560,d07 Mon 08:00,kitchen,bedroom,bedroom,entry,entry,kitchen,kitchen,kitchen,kitchen,kitchen,kitchen,kitchen,kitchen,bedroom,bedroom,bedroom,living,bedroom,bedroom,bedroom,bedroom,living,bedroom,living,kitchen,entry,entry,bedroom,bathroom,bedroom,bedroom,bedroom
10620,d07 Mon 09:00,kitchen,bedroom,bedroom,entry,entry,kitchen,kitchen,kitchen,kitchen,kitchen,kitchen,kitchen,kitchen,kitchen,bedroom,bedroom,living,bedroom,bedroom,bedroom,bedroom,living,bedroom,living,kitchen,entry,entry,bedroom,bathroom,bedroom,bedroom,bedroom
10680,d07 Mon 10:00,kitchen,bedroom,bedroom,entry,entry,kitchen,kitchen,kitchen,kitchen,kitchen,kitchen,kitchen,kitchen,kitchen,bedroom,bedroom,living,bedroom,bedroom,bedroom,bedroom,living,bedroom,living,kitchen,entry,entry,bedroom,bathroom,bedroom,bedroom,bedroom
10740,d07 Mon 11:00,kitchen,bedroom,bedroom,entry,entry,kitchen,kitchen,kitchen,kitchen,kitchen,kitchen,kitchen,kitchen,kitchen,bedroom,bedroom,living,bedroom,bedroom,bedroom,bedroom,living,bedroom,living,kitchen,entry,entry,bedroom,bathroom,bedroom,bedroom,bedroom
10800,d07 Mon 12:00,kitchen,bedroom,bedroom,entry,entry,kitchen,kitchen,kitchen,kitchen,kitchen,kitchen,kitchen,kitchen,kitchen,bedroom,bedroom,living,bedroom,bedroom,bedroom,bedroom,living,bedroom,living,kitchen,entry,entry,bedroom,bathroom,bedroom,bedroom,bedroom
10860,d07 Mon 13:00,kitchen,bedroom,bedroom,entry,entry,kitchen,kitchen,kitchen,kitchen,kitchen,kitchen,kitchen,kitchen,kitchen,bedroom,bedroom,bedroom,bedroom,bedroom,bedroom,kitchen,living,bedroom,living,kitchen,entry,entry,bedroom,bathroom,bedroom,bedroom,bedroom
10920,d07 Mon 14:00,kitchen,bedroom,bedroom,entry,entry,kitchen,kitchen,kitchen,kitchen,kitchen,kitchen,kitchen,kitchen,kitchen,bedroom,kitchen,bedroom,bedroom,bedroom,bedroom,kitchen,living,bedroom,living,kitchen,entry,entry,bedroom,bathroom,bedroom,bedroom,bedroom
10980,d07 Mon 15:00,kitchen,bedroom,bedroom,entry,entry,kitchen,kitchen,kitchen,kitchen,kitchen,kitchen,kitchen,kitchen,kitchen,bedroom,kitchen,bedroom,bedroom,bedroom,bedroom,bedroom,living,bedroom,living,kitchen,entry,entry,bedroom,bathroom,bedroom,bedroom,bedroom
11040,d07 Mon 16:00,kitchen,bedroom,bedroom,entry,entry,kitchen,kitchen,kitchen,kitchen,kitchen,kitchen,kitchen,kitchen,kitchen,bedroom,kitchen,bedroom,bedroom,bedroom,bedroom,bedroom,living,bedroom,living,kitchen,entry,entry,bedroom,bathroom,bedroom,bedroom,bedroom
11100,d07 Mon 17:00,bedroom,bedroom,bedroom,entry,entry,kitchen,kitchen,kitchen,kitchen,kitchen,kitchen,kitchen,kitchen,bedroom,bedroom,kitchen,bedroom,bedroom,bedroom,bedroom,bedroom,living,bedroom,living,kitchen,entry,entry,bedroom,bathroom,bedroom,bedroom,bedroom
11160,d07 Mon 18:00,bedroom,bedroom,bedroom,entry,entry,kitchen,kitchen,kitchen,kitchen,kitchen,kitchen,kitchen,kitchen,bedroom,bedroom,kitchen,bedroom,bedroom,bedroom,bedroom,bedroom,living,bedroom,living,kitchen,entry,entry,bedroom,bathroom,bedroom,bedroom,bedroom
11220,d07 Mon 19:00,bedroom,bedroom,bedroom,entry,entry,kitchen,kitchen,kitchen,kitchen,kitchen,kitchen,kitchen,kitchen,bedroom,bedroom,kitchen,bedroom,kitchen,bedroom,bedroom,bedroom,living,bedroom,living,kitchen,entry,entry,bedroom,bathroom,bedroom,bedroom,bedroom
11280,d07 Mon 20:00,bedroom,bedroom,bedroom,entry,entry,kitchen,kitchen,kitchen,kitchen,kitchen,kitchen,kitchen,kitchen,bedroom,bedroom,bedroom,living,kitchen,bedroom,living,bedroom,living,living,living,kitchen,entry,entry,bedroom,bathroom,bedroom,bedroom,bedroom
11340,d07 Mon 21:00,bedroom,bedroom,bedroom,entry,entry,kitchen,kitchen,kitchen,kitchen,kitchen,kitchen,kitchen,kitchen,bedroom,bedroom,bedroom,living,kitchen,bedroom,living,bedroom,living,living,living,kitchen,entry,entry,bedroom,bathroom,bedroom,bedroom,bedroom
11400,d07 Mon 22:00,bedroom,bedroom,bedroom,entry,entry,kitchen,kitchen,kitchen,kitchen,kitchen,kitchen,kitchen,kitchen,bedroom,bedroom,bedroom,living,kitchen,bedroom,living,bedroom,living,living,living,kitchen,entry,entry,bedroom,bathroom,bedroom,bedroom,bedroom
11460,d07 Mon 23:00,bedroom,bedroom,bedroom,entry,entry,kitchen,kitchen,kitchen,kitchen,kitchen,kitchen,kitchen,kitchen,bedroom,bedroom,bedroom,living,kitchen,bedroom,living,bedroom,living,living,living,kitchen,entry,entry,bedroom,bathroom,bedroom,bedroom,bedroom
11520,d08 Tue 00:00,bedroom,bedroom,bedroom,entry,entry,kitchen,kitchen,kitchen,kitchen,kitchen,kitchen,kitchen,kitchen,bedroom,bedroom,bedroom,living,kitchen,bedroom,living,bedroom,living,living,living,kitchen,entry,entry,bedroom,bathroom,bedroom,bedroom,bedroom
11580,d08 Tue 01:00,bedroom,bedroom,bedroom,entry,entry,kitchen,kitchen,kitchen,kitchen,kitchen,kitchen,kitchen,kitchen,bedroom,bedroom,bedroom,living,kitchen,bedroom,living,bedroom,living,living,living,kitchen,entry,entry,bedroom,bathroom,bedroom,bedroom,bedroom
11640,d08 Tue 02:00,bedroom,bedroom,bedroom,entry,entry,kitchen,kitchen,kitchen,kitchen,kitchen,kitchen,kitchen,kitchen,bedroom,bedroom,bedroom,living,kitchen,bedroom,living,bedroom,living,living,living,kitchen,entry,entry,bedroom,bathroom,bedroom,bedroom,bedroom
11700,d08 Tue 03:00,bedroom,bedroom,bedroom,entry,entry,kitchen,kitchen,kitchen,kitchen,kitchen,kitchen,kitchen,kitchen,bedroom,bedroom,bedroom,living,kitchen,bedroom,living,bedroom,living,living,living,kitchen,entry,entry,bedroom,bathroom,bedroom,bedroom,bedroom
11760,d08 Tue 04:00,bedroom,bedroom,bedroom,entry,entry,kitchen,kitchen,kitchen,kitchen,kitchen,kitchen,kitchen,kitchen,bedroom,bedroom,bedroom,living,kitchen,bedroom,living,bedroom,living,living,living,kitchen,entry,entry,bedroom,bathroom,bedroom,bedroom,bedroom
11820,d08 Tue 05:00,bedroom,bedroom,bedroom,entry,entry,kitchen,kitchen,kitchen,kitchen,kitchen,kitchen,kitchen,kitchen,bedroom,bedroom,bedroom,living,kitchen,bedroom,living,bedroom,living,living,living,kitchen,entry,entry,bedroom,bathroom,bedroom,bedroom,bedroom
11880,d08 Tue 06:00,bedroom,bedroom,bedroom,entry,entry,kitchen,kitchen,kitchen,kitchen,kitchen,kitchen,kitchen,kitchen,bedroom,bedroom,bedroom,living,kitchen,bedroom,living,bedroom,living,living,living,kitchen,entry,entry,bedroom,bathroom,bedroom,bedroom,bedroom
11940,d08 Tue 07:00,bedroom,bedroom,bedroom,entry,entry,kitchen,kitchen,kitchen,kitchen,kitchen,kitchen,kitchen,kitchen,bedroom,bedroom,bedroom,living,kitchen,bedroom,living,bedroom,living,living,living,kitchen,entry,entry,bedroom,bathroom,bedroom,bedroom,bedroom
12000,d08 Tue 08:00,bedroom,bedroom,bedroom,entry,entry,kitchen,kitchen,kitchen,kitchen,kitchen,kitchen,kitchen,kitchen,bedroom,bedroom,bedroom,living,kitchen,bedroom,living,bedroom,living,living,living,kitchen,entry,entry,bedroom,bathroom,bedroom,bedroom,bedroom
12060,d08 Tue 09:00,bedroom,bedroom,bedroom,entry,entry,kitchen,kitchen,kitchen,kitchen,kitchen,kitchen,kitchen,kitchen,bedroom,bedroom,bedroom,living,kitchen,bedroom,living,bedroom,living,living,living,kitchen,entry,entry,bedroom,bathroom,bedroom,bedroom,bedroom
12120,d08 Tue 10:00,outside,outside,outside,outside,outside,outside,kitchen,kitchen,kitchen,kitchen,outside,kitchen,kitchen,outside,bedroom,bedroom,living,kitchen,outside,living,bedroom,living,living,living,kitchen,outside,outside,bedroom,bathroom,bedroom,outside,outside
12180,d08 Tue 11:00,outside,outside,outside,outside,outside,outside,kitchen,kitchen,kitchen,kitchen,outside,kitchen,kitchen,outside,bedroom,bedroom,living,kitchen,kitchen,living,bedroom,living,living,living,kitchen,outside,outside,bedroom,bathroom,bedroom,outside,outside
12240,d08 Tue 12:00,outside,outside,outside,outside,outside,outside,kitchen,kitchen,kitchen,kitchen,outside,kitchen,kitchen,outside,bedroom,bedroom,living,kitchen,kitchen,living,bedroom,living,living,living,kitchen,outside,outside,bedroom,bathroom,bedroom,outside,outside
12300,d08 Tue 13:00,outside,outside,outside,outside,outside,outside,kitchen,kitchen,kitchen,kitchen,outside,kitchen,kitchen,outside,bedroom,bedroom,living,kitchen,kitchen,living,bedroom,living,living,living,kitchen,outside,outside,bedroom,bathroom,bedroom,outside,outside
12360,d08 Tue 14:00,outside,outside,outside,outside,outside,outside,kitchen,kitchen,kitchen,kitchen,outside,kitchen,kitchen,outside,bedroom,bedroom,living,kitchen,kitchen,living,bedroom,living,living,living,kitchen,outside,outside,bedroom,bathroom,bedroom,outside,outside
12420,d08 Tue 15:00,bedroom,bedroom,entry,entry,entry,kitchen,kitchen,kitchen,kitchen,kitchen,bedroom,kitchen,kitchen,bedroom,bedroom,bedroom,living,kitchen,entry,living,bedroom,living,living,living,kitchen,entry,entry,bedroom,bathroom,bedroom,bedroom,bedroom
12480,d08 Tue 16:00,bedroom,bedroom,entry,entry,entry,kitchen,kitchen,kitchen,kitchen,kitchen,bedroom,kitchen,kitchen,bedroom,bedroom,bedroom,living,kitchen,entry,living,bedroom,living,living,living,kitchen,entry,entry,bedroom,bathroom,bedroom,bedroom,bedroom
12540,d08 Tue 17:00,outside,outside,outside,outside,outside,outside,kitchen,kitchen,kitchen,kitchen,outside,kitchen,kitchen,outside,bedroom,bedroom,living,kitchen,outside,living,bedroom,living,living,living,kitchen,outside,outside,bedroom,bathroom,bedroom,outside,outside
12600,d08 Tue 18:00,outside,outside,outside,outside,outside,outside,kitchen,kitchen,kitchen,kitchen,outside,kitchen,kitchen,outside,bedroom,bedroom,living,kitchen,outside,living,bedroom,living,living,living,kitchen,outside,outside,bedroom,bathroom,bedroom,outside,outside
12660,d08 Tue 19:00,bedroom,bedroom,entry,entry,entry,kitchen,kitchen,kitchen,kitchen,kitchen,kitchen,kitchen,kitchen,bedroom,kitchen,kitchen,living,kitchen,bedroom,living,bedroom,living,living,living,kitchen,entry,entry,bedroom,bathroom,bedroom,bedroom,bedroom
12720,d08 Tue 20:00,bedroom,bedroom,entry,entry,entry,kitchen,kitchen,kitchen,kitchen,kitchen,kitchen,kitchen,kitchen,bedroom,kitchen,kitchen,living,bedroom,bedroom,bedroom,bedroom,living,living,living,kitchen,entry,entry,bedroom,bathroom,bedroom,bedroom,bedroom
12780,d08 Tue 21:00,bedroom,kitchen,entry,entry,entry,kitchen,kitchen,kitchen,kitchen,kitchen,kitchen,kitchen,kitchen,bedroom,kitchen,kitchen,living,bedroom,bedroom,bedroom,kitchen,living,living,living,kitchen,entry,entry,bedroom,bathroom,bedroom,bedroom,bedroom
12840,d08 Tue 22:00,bedroom,kitchen,entry,entry,entry,kitchen,kitchen,kitchen,kitchen,kitchen,kitchen,kitchen,kitchen,bedroom,kitchen,kitchen,living,bedroom,bedroom,bedroom,kitchen,living,living,living,kitchen,entry,entry,bedroom,bathroom,bedroom,bedroom,bedroom
12900,d08 Tue 23:00,bedroom,kitchen,entry,entry,entry,kitchen,kitchen,kitchen,kitchen,kitchen,kitchen,kitchen,kitchen,bedroom,kitchen,kitchen,living,bedroom,bedroom,bedroom,kitchen,living,living,living,kitchen,entry,entry,bedroom,bathroom,bedroom,bedroom,bedroom
12960,d09 Wed 00:00,bedroom,kitchen,entry,entry,entry,kitchen,kitchen,kitchen,kitchen,kitchen,kitchen,kitchen,kitchen,bedroom,kitchen,kitchen,living,bedroom,bedroom,bedroom,kitchen,living,living,living,kitchen,entry,entry,bedroom,bathroom,bedroom,bedroom,bedroom
13020,d09 Wed 01:00,bedroom,bedroom,entry,entry,entry,kitchen,kitchen,kitchen,kitchen,kitchen,kitchen,kitchen,kitchen,bedroom,kitchen,kitchen,living,bedroom,bedroom,bedroom,kitchen,living,living,living,kitchen,entry,entry,bedroom,bathroom,bedroom,bedroom,bedroom
13080,d09 Wed 02:00,bedroom,bedroom,entry,entry,entry,kitchen,kitchen,kitchen,kitchen,kitchen,kitchen,kitchen,kitchen,bedroom,kitchen,kitchen,living,bedroom,bedroom,bedroom,kitchen,living,living,living,kitchen,entry,entry,bedroom,bathroom,bedroom,bedroom,bedroom
13140,d09 Wed 03:00,bedroom,bedroom,entry,entry,entry,kitchen,kitchen,kitchen,kitchen,kitchen,kitchen,kitchen,kitchen,bedroom,kitchen,kitchen,living,bedroom,bedroom,bedroom,kitchen,living,living,living,kitchen,entry,entry,bedroom,bathroom,bedroom,bedroom,bedroom
13200,d09 Wed 04:00,bedroom,bedroom,entry,entry,entry,kitchen,kitchen,kitchen,kitchen,kitchen,kitchen,kitchen,kitchen,bedroom,kitchen,kitchen,living,bedroom,bedroom,bedroom,kitchen,living,living,living,kitchen,entry,entry,bedroom,bathroom,bedroom,bedroom,bedroom
13260,d09 Wed 05:00,bedroom,bedroom,entry,entry,entry,kitchen,kitchen,kitchen,kitchen,kitchen,kitchen,kitchen,kitchen,bedroom,kitchen,kitchen,living,bedroom,bedroom,bedroom,kitchen,living,living,living,kitchen,entry,entry,bedroom,bathroom,bedroom,bedroom,bedroom
13320,d09 Wed 06:00,bedroom,bedroom,entry,entry,entry,kitchen,kitchen,kitchen,kitchen,kitchen,kitchen,kitchen,kitchen,bedroom,kitchen,kitchen,living,bedroom,bedroom,bedroom,kitchen,living,living,living,kitchen,entry,entry,bedroom,bathroom,bedroom,bedroom,bedroom
13380,d09 Wed 07:00,bedroom,bedroom,entry,entry,entry,kitchen,kitchen,kitchen,kitchen,kitchen,kitchen,kitchen,kitchen,bedroom,kitchen,kitchen,living,bedroom,bedroom,bedroom,kitchen,living,living,living,kitchen,entry,entry,bedroom,bathroom,bedroom,bedroom,bedroom
13440,d09 Wed 08:00,bedroom,bedroom,entry,entry,entry,kitchen,kitchen,kitchen,kitchen,kitchen,kitchen,kitchen,kitchen,bedroom,kitchen,kitchen,living,bedroom,bedroom,bedroom,kitchen,living,living,living,kitchen,entry,entry,bedroom,bathroom,bedroom,bedroom,bedroom
13500,d09 Wed 09:00,bedroom,bedroom,entry,entry,entry,kitchen,kitchen,kitchen,kitchen,kitchen,kitchen,kitchen,kitchen,bedroom,kitchen,kitchen,living,bedroom,bedroom,bedroom,bedroom,living,living,living,kitchen,entry,entry,bedroom,bathroom,bedroom,bedroom,bedroom
13560,d09 Wed 10:00,bedroom,bedroom,entry,entry,entry,kitchen,kitchen,kitchen,kitchen,kitchen,kitchen,kitchen,kitchen,bedroom,kitchen,kitchen,living,bedroom,bedroom,bedroom,bedroom,living,living,living,kitchen,entry,entry,bedroom,bathroom,bedroom,bedroom,bedroom
13620,d09 Wed 11:00,bedroom,living,entry,kitchen,entry,kitchen,kitchen,kitchen,kitchen,kitchen,kitchen,kitchen,kitchen,bedroom,kitchen,kitchen,living,living,bedroom,bedroom,bedroom,living,living,living,kitchen,entry,entry,bedroom,bathroom,bedroom,bedroom,bedroom
13680,d09 Wed 12:00,bedroom,living,entry,kitchen,entry,bedroom,kitchen,kitchen,kitchen,kitchen,kitchen,kitchen,kitchen,bedroom,kitchen,kitchen,living,living,bedroom,bedroom,bedroom,living,living,living,kitchen,entry,entry,bedroom,bathroom,bedroom,bedroom,bedroom
13740,d09 Wed 13:00,bedroom,living,entry,kitchen,entry,bedroom,kitchen,kitchen,kitchen,kitchen,kitchen,kitchen,kitchen,bedroom,kitchen,kitchen,living,living,bedroom,bedroom,bedroom,living,living,living,kitchen,entry,entry,bedroom,bathroom,bedroom,bedroom,bedroom
13800,d09 Wed 14:00,bedroom,living,entry,kitchen,entry,bedroom,kitchen,kitchen,kitchen,kitchen,kitchen,kitchen,kitchen,bedroom,kitchen,kitchen,living,living,bedroom,living,bedroom,living,living,living,kitchen,entry,entry,bedroom,bathroom,bedroom,bedroom,bedroom
13860,d09 Wed 15:00,bedroom,living,entry,kitchen,entry,bedroom,kitchen,kitchen,kitchen,kitchen,kitchen,kitchen,kitchen,bedroom,kitchen,kitchen,living,living,bedroom,living,bedroom,living,living,living,kitchen,entry,entry,bedroom,bathroom,bedroom,bedroom,bedroom
13920,d09 Wed 16:00,bedroom,living,entry,kitchen,entry,bedroom,kitchen,kitchen,kitchen,kitchen,kitchen,kitchen,kitchen,bedroom,kitchen,kitchen,living,living,bedroom,living,bedroom,living,living,living,kitchen,entry,entry,bedroom,bathroom,bedroom,bedroom,bedroom
13980,d09 Wed 17:00,bedroom,living,entry,kitchen,entry,bedroom,kitchen,kitchen,kitchen,kitchen,kitchen,kitchen,kitchen,bedroom,kitchen,kitchen,living,living,bedroom,living,bedroom,living,living,living,kitchen,entry,entry,bedroom,bathroom,bedroom,bedroom,bedroom
14040,d09 Wed 18:00,bedroom,living,entry,kitchen,entry,bedroom,kitchen,kitchen,kitchen,kitchen,kitchen,kitchen,kitchen,bedroom,kitchen,kitchen,living,living,bedroom,living,bedroom,living,living,living,kitchen,entry,entry,bedroom,bathroom,bedroom,bedroom,bedroom
14100,d09 Wed 19:00,bedroom,living,entry,kitchen,entry,bedroom,kitchen,kitchen,kitchen,kitchen,kitchen,kitchen,kitchen,bedroom,kitchen,kitchen,living,bedroom,bedroom,bedroom,bedroom,living,living,living,kitchen,entry,entry,bedroom,bathroom,bedroom,bedroom,bedroom
14160,d09 Wed 20:00,bedroom,living,entry,kitchen,entry,bedroom,kitchen,kitchen,kitchen,kitchen,kitchen,kitchen,kitchen,bedroom,kitchen,kitchen,living,bedroom,bedroom,bedroom,bedroom,living,living,living,kitchen,entry,entry,bedroom,bathroom,bedroom,bedroom,bedroom
14220,d09 Wed 21:00,bedroom,living,entry,kitchen,entry,bedroom,kitchen,kitchen,kitchen,kitchen,kitchen,kitchen,kitchen,bedroom,kitchen,kitchen,living,bedroom,bedroom,bedroom,bedroom,living,living,living,kitchen,entry,entry,bedroom,bathroom,bedroom,bedroom,bedroom
14280,d09 Wed 22:00,bedroom,living,entry,kitchen,entry,bedroom,kitchen,kitchen,kitchen,kitchen,kitchen,kitchen,kitchen,bedroom,kitchen,kitchen,living,bedroom,bedroom,bedroom,bedroom,living,living,living,kitchen,entry,entry,bedroom,bathroom,bedroom,bedroom,bedroom
14340,d09 Wed 23:00,bedroom,living,entry,kitchen,entry,bedroom,kitchen,kitchen,kitchen,kitchen,kitchen,kitchen,kitchen,bedroom,kitchen,kitchen,living,bedroom,bedroom,bedroom,bedroom,living,living,living,kitchen,entry,entry,bedroom,bathroom,bedroom,bedroom,bedroom
14400,d10 Thu 00:00,bedroom,living,entry,kitchen,entry,bedroom,kitchen,kitchen,kitchen,kitchen,kitchen,kitchen,kitchen,bedroom,kitchen,kitchen,living,bedroom,bedroom,bedroom,bedroom,living,living,living,kitchen,entry,entry,bedroom,bathroom,bedroom,bedroom,bedroom
14460,d10 Thu 01:00,bedroom,living,entry,kitchen,entry,bedroom,kitchen,kitchen,kitchen,kitchen,kitchen,kitchen,kitchen,bedroom,kitchen,kitchen,living,bedroom,bedroom,bedroom,bedroom,living,living,living,kitchen,entry,entry,bedroom,bathroom,bedroom,bedroom,bedroom
14520,d10 Thu 02:00,bedroom,living,entry,kitchen,entry,bedroom,kitchen,kitchen,kitchen,kitchen,kitchen,kitchen,kitchen,bedroom,kitchen,kitchen,living,bedroom,bedroom,bedroom,bedroom,living,living,living,kitchen,entry,entry,bedroom,bathroom,bedroom,bedroom,bedroom
14580,d10 Thu 03:00,bedroom,living,entry,kitchen,entry,bedroom,kitchen,kitchen,kitchen,kitchen,kitchen,kitchen,kitchen,bedroom,kitchen,kitchen,living,bedroom,bedroom,bedroom,bedroom,living,living,living,kitchen,entry,entry,bedroom,bathroom,bedroom,bedroom,bedroom
14640,d10 Thu 04:00,bedroom,living,entry,kitchen,entry,bedroom,kitchen,kitchen,kitchen,kitchen,kitchen,kitchen,kitchen,bedroom,kitchen,kitchen,living,bedroom,bedroom,bedroom,bedroom,living,living,living,kitchen,entry,entry,bedroom,bathroom,bedroom,bedroom,bedroom
14700,d10 Thu 05:00,bedroom,living,entry,kitchen,entry,bedroom,kitchen,kitchen,kitchen,kitchen,kitchen,kitchen,kitchen,bedroom,kitchen,kitchen,living,bedroom,bedroom,bedroom,bedroom,living,living,living,kitchen,entry,entry,bedroom,bathroom,bedroom,bedroom,bedroom
14760,d10 Thu 06:00,bedroom,living,entry,kitchen,entry,bedroom,kitchen,kitchen,kitchen,kitchen,kitchen,kitchen,kitchen,bedroom,kitchen,kitchen,living,bedroom,bedroom,bedroom,bedroom,living,living,living,kitchen,entry,entry,bedroom,bathroom,bedroom,bedroom,bedroom
14820,d10 Thu 07:00,bedroom,living,entry,kitchen,entry,bedroom,kitchen,kitchen,kitchen,kitchen,kitchen,kitchen,kitchen,bedroom,kitchen,kitchen,living,bedroom,bedroom,bedroom,bedroom,living,living,living,kitchen,entry,entry,bedroom,bathroom,bedroom,bedroom,bedroom
14880,d10 Thu 08:00,bedroom,living,entry,kitchen,entry,bedroom,kitchen,kitchen,kitchen,kitchen,kitchen,kitchen,kitchen,bedroom,kitchen,kitchen,living,bedroom,bedroom,bedroom,bedroom,living,living,living,kitchen,entry,entry,bedroom,bathroom,bedroom,bedroom,bedroom
14940,d10 Thu 09:00,bedroom,living,entry,kitchen,entry,bedroom,kitchen,kitchen,kitchen,kitchen,kitchen,kitchen,kitchen,bedroom,kitchen,kitchen,living,bedroom,bedroom,bedroom,bedroom,living,living,living,kitchen,entry,entry,bedroom,bathroom,bedroom,bedroom,bedroom
15000,d10 Thu 10:00,bedroom,kitchen,entry,kitchen,entry,bedroom,kitchen,kitchen,kitchen,kitchen,kitchen,kitchen,kitchen,bedroom,kitchen,kitchen,living,bedroom,bedroom,bedroom,bedroom,living,bedroom,living,kitchen,entry,entry,bedroom,bathroom,bedroom,bedroom,bedroom
15060,d10 Thu 11:00,bedroom,kitchen,entry,kitchen,entry,bedroom,kitchen,kitchen,kitchen,kitchen,kitchen,kitchen,kitchen,bedroom,kitchen,kitchen,living,bedroom,bedroom,bedroom,bedroom,living,bedroom,living,kitchen,entry,entry,bedroom,bathroom,bedroom,bedroom,bedroom
15120,d10 Thu 12:00,bedroom,kitchen,entry,kitchen,entry,bedroom,kitchen,kitchen,kitchen,kitchen,kitchen,kitchen,kitchen,bedroom,kitchen,kitchen,living,bedroom,bedroom,bedroom,kitchen,living,bedroom,living,kitchen,entry,entry,bedroom,bathroom,bedroom,bedroom,bedroom
15180,d10 Thu 13:00,bedroom,bedroom,entry,kitchen,entry,bedroom,kitchen,kitchen,kitchen,kitchen,kitchen,kitchen,kitchen,bedroom,kitchen,kitchen,living,bedroom,bedroom,bedroom,kitchen,living,bedroom,living,kitchen,entry,entry,bedroom,bathroom,bedroom,bedroom,bedroom
15240,d10 Thu 14:00,bedroom,bedroom,entry,kitchen,entry,bedroom,kitchen,kitchen,kitchen,kitchen,kitchen,kitchen,kitchen,bedroom,kitchen,kitchen,living,bedroom,bedroom,bedroom,kitchen,living,bedroom,living,kitchen,entry,entry,bedroom,bathroom,kitchen,bedroom,bedroom
15300,d10 Thu 15:00,bedroom,living,entry,kitchen,entry,bedroom,kitchen,kitchen,kitchen,kitchen,kitchen,kitchen,kitchen,bedroom,kitchen,kitchen,living,living,bedroom,living,kitchen,living,bedroom,living,kitchen,entry,entry,bedroom,bathroom,kitchen,bedroom,bedroom
15360,d10 Thu 16:00,bedroom,bedroom,entry,kitchen,entry,bedroom,kitchen,kitchen,kitchen,kitchen,kitchen,kitchen,kitchen,bedroom,kitchen,kitchen,living,living,bedroom,living,kitchen,living,bedroom,living,kitchen,entry,entry,bedroom,bathroom,kitchen,bedroom,bedroom
15420,d10 Thu 17:00,bedroom,bedroom,entry,kitchen,entry,bedroom,kitchen,kitchen,kitchen,kitchen,kitchen,kitchen,kitchen,bedroom,kitchen,kitchen,living,living,bedroom,living,kitchen,living,bedroom,living,kitchen,entry,entry,bedroom,bathroom,kitchen,bedroom,bedroom
15480,d10 Thu 18:00,bedroom,bedroom,entry,kitchen,entry,bedroom,kitchen,kitchen,kitchen,kitchen,kitchen,kitchen,kitchen,bedroom,kitchen,kitchen,living,living,bedroom,living,kitchen,living,bedroom,living,kitchen,entry,entry,bedroom,bathroom,kitchen,bedroom,bedroom
15540,d10 Thu 19:00,bedroom,bedroom,entry,kitchen,entry,kitchen,kitchen,kitchen,kitchen,kitchen,kitchen,kitchen,kitchen,bedroom,kitchen,kitchen,living,bedroom,bedroom,bedroom,bedroom,living,bedroom,living,kitchen,entry,entry,bedroom,bathroom,kitchen,bedroom,bedroom
15600,d10 Thu 20:00,bedroom,bedroom,entry,kitchen,entry,kitchen,kitchen,kitchen,kitchen,kitchen,kitchen,kitchen,kitchen,bedroom,kitchen,kitchen,living,bedroom,bedroom,bedroom,bedroom,living,bedroom,living,kitchen,entry,entry,bedroom,bathroom,kitchen,bedroom,bedroom
15660,d10 Thu 21:00,bedroom,bedroom,entry,kitchen,entry,kitchen,kitchen,kitchen,kitchen,kitchen,kitchen,kitchen,kitchen,bedroom,kitchen,kitchen,living,bedroom,bedroom,bedroom,bedroom,living,bedroom,living,kitchen,entry,entry,bedroom,bathroom,kitchen,bedroom,bedroom
15720,d10 Thu 22:00,bedroom,bedroom,entry,kitchen,entry,kitchen,kitchen,kitchen,kitchen,kitchen,kitchen,kitchen,kitchen,bedroom,kitchen,kitchen,living,bedroom,bedroom,bedroom,bedroom,living,bedroom,living,kitchen,entry,entry,bedroom,bathroom,kitchen,bedroom,bedroom
15780,d10 Thu 23:00,bedroom,bedroom,entry,kitchen,entry,kitchen,kitchen,kitchen,kitchen,kitchen,kitchen,kitchen,kitchen,bedroom,kitchen,kitchen,living,bedroom,bedroom,bedroom,bedroom,living,bedroom,living,kitchen,entry,entry,bedroom,bathroom,kitchen,bedroom,bedroom
15840,d11 Fri 00:00,bedroom,bedroom,entry,kitchen,entry,kitchen,kitchen,kitchen,kitchen,kitchen,kitchen,kitchen,kitchen,bedroom,kitchen,kitchen,living,bedroom,bedroom,bedroom,bedroom,living,bedroom,living,kitchen,entry,entry,bedroom,bathroom,kitchen,bedroom,bedroom
15900,d11 Fri 01:00,bedroom,bedroom,entry,kitchen,entry,kitchen,kitchen,kitchen,kitchen,kitchen,kitchen,kitchen,kitchen,bedroom,kitchen,kitchen,living,bedroom,bedroom,bedroom,bedroom,living,bedroom,living,kitchen,entry,entry,bedroom,bathroom,kitchen,bedroom,bedroom
15960,d11 Fri 02:00,bedroom,bedroom,entry,kitchen,entry,kitchen,kitchen,kitchen,kitchen,kitchen,kitchen,kitchen,kitchen,bedroom,kitchen,kitchen,living,bedroom,bedroom,bedroom,bedroom,living,bedroom,living,kitchen,entry,entry,bedroom,bathroom,kitchen,bedroom,bedroom
16020,d11 Fri 03:00,bedroom,bedroom,entry,kitchen,entry,kitchen,kitchen,kitchen,kitchen,kitchen,kitchen,kitchen,kitchen,bedroom,kitchen,kitchen,living,bedroom,bedroom,bedroom,bedroom,living,bedroom,living,kitchen,entry,entry,bedroom,bathroom,kitchen,bedroom,bedroom
16080,d11 Fri 04:00,bedroom,bedroom,entry,kitchen,entry,kitchen,kitchen,kitchen,kitchen,kitchen,kitchen,kitchen,kitchen,bedroom,kitchen,kitchen,living,bedroom,bedroom,bedroom,bedroom,living,bedroom,living,kitchen,entry,entry,bedroom,bathroom,kitchen,bedroom,bedroom
16140,d11 Fri 05:00,bedroom,bedroom,entry,kitchen,entry,kitchen,kitchen,kitchen,kitchen,kitchen,kitchen,kitchen,kitchen,bedroom,kitchen,kitchen,living,bedroom,bedroom,bedroom,bedroom,living,bedroom,living,kitchen,entry,entry,bedroom,bathroom,kitchen,bedroom,bedroom
16200,d11 Fri 06:00,bedroom,bedroom,entry,kitchen,entry,kitchen,kitchen,kitchen,kitchen,kitchen,kitchen,kitchen,kitchen,bedroom,kitchen,kitchen,living,bedroom,bedroom,bedroom,bedroom,living,bedroom,living,kitchen,entry,entry,bedroom,bathroom,kitchen,bedroom,bedroom
16260,d11 Fri 07:00,bedroom,bedroom,entry,kitchen,entry,kitchen,kitchen,kitchen,kitchen,kitchen,kitchen,kitchen,kitchen,bedroom,kitchen,kitchen,living,bedroom,bedroom,bedroom,bedroom,living,bedroom,living,kitchen,entry,entry,bedroom,bathroom,kitchen,bedroom,bedroom
16320,d11 Fri 08:00,bedroom,bedroom,entry,kitchen,entry,kitchen,kitchen,kitchen,kitchen,kitchen,kitchen,kitchen,kitchen,bedroom,kitchen,kitchen,living,bedroom,bedroom,bedroom,bedroom,living,bedroom,living,kitchen,entry,entry,bedroom,bathroom,kitchen,bedroom,bedroom
16380,d11 Fri 09:00,bedroom,bedroom,entry,kitchen,entry,kitchen,kitchen,kitchen,kitchen,kitchen,kitchen,kitchen,kitchen,bedroom,kitchen,kitchen,living,bedroom,bedroom,bedroom,bedroom,living,bedroom,living,kitchen,entry,entry,bedroom,bathroom,kitchen,bedroom,bedroom
16440,d11 Fri 10:00,bedroom,bedroom,entry,kitchen,entry,kitchen,kitchen,kitchen,kitchen,kitchen,kitchen,kitchen,kitchen,bedroom,kitchen,kitchen,living,bedroom,bedroom,bedroom,bedroom,living,bedroom,living,kitchen,entry,entry,bedroom,bathroom,kitchen,bedroom,bedroom
16500,d11 Fri 11:00,bedroom,bedroom,entry,kitchen,entry,kitchen,kitchen,kitchen,kitchen,kitchen,kitchen,kitchen,kitchen,bedroom,kitchen,kitchen,living,bedroom,bedroom,bedroom,bedroom,living,bedroom,living,kitchen,entry,entry,bedroom,bathroom,kitchen,bedroom,bedroom
16560,d11 Fri 12:00,bedroom,bedroom,entry,kitchen,entry,kitchen,kitchen,kitchen,kitchen,kitchen,kitchen,kitchen,kitchen,kitchen,kitchen,kitchen,living,bedroom,bedroom,bedroom,bedroom,living,bedroom,living,kitchen,entry,entry,bedroom,bathroom,kitchen,kitchen,bedroom
16620,d11 Fri 13:00,bedroom,bedroom,entry,kitchen,entry,kitchen,kitchen,kitchen,kitchen,kitchen,kitchen,kitchen,kitchen,kitchen,kitchen,kitchen,living,bedroom,bedroom,bedroom,bedroom,living,bedroom,living,kitchen,entry,entry,bedroom,bathroom,kitchen,kitchen,bedroom
16680,d11 Fri 14:00,bedroom,bedroom,entry,kitchen,entry,kitchen,kitchen,kitchen,kitchen,kitchen,kitchen,kitchen,kitchen,kitchen,kitchen,kitchen,kitchen,bedroom,bedroom,bedroom,bedroom,bedroom,bedroom,living,kitchen,entry,entry,bedroom,bathroom,kitchen,kitchen,bedroom
16740,d11 Fri 15:00,bedroom,bedroom,entry,kitchen,entry,kitchen,kitchen,kitchen,kitchen,kitchen,kitchen,kitchen,kitchen,kitchen,kitchen,kitchen,kitchen,bedroom,bedroom,bedroom,bedroom,bedroom,bedroom,living,kitchen,entry,entry,bedroom,bathroom,kitchen,kitchen,bedroom
16800,d11 Fri 16:00,outside,outside,outside,outside,outside,outside,kitchen,kitchen,kitchen,kitchen,outside,kitchen,kitchen,outside,bedroom,bedroom,kitchen,bedroom,kitchen,bedroom,bedroom,bedroom,living,living,kitchen,outside,outside,bedroom,bathroom,kitchen,outside,outside
16860,d11 Fri 17:00,outside,outside,outside,outside,outside,outside,kitchen,kitchen,kitchen,kitchen,outside,kitchen,kitchen,outside,bedroom,bedroom,kitchen,bedroom,kitchen,bedroom,bedroom,bedroom,living,living,kitchen,outside,outside,bedroom,bathroom,kitchen,outside,outside
16920,d11 Fri 18:00,bedroom,bedroom,entry,entry,entry,kitchen,kitchen,kitchen,kitchen,kitchen,kitchen,kitchen,kitchen,kitchen,bedroom,bedroom,kitchen,bedroom,kitchen,bedroom,bedroom,bedroom,living,living,kitchen,kitchen,entry,bedroom,bathroom,kitchen,bedroom,bedroom
16980,d11 Fri 19:00,bedroom,bedroom,entry,entry,entry,kitchen,kitchen,kitchen,kitchen,kitchen,kitchen,kitchen,kitchen,kitchen,bedroom,bedroom,kitchen,bedroom,kitchen,bedroom,bedroom,bedroom,living,living,kitchen,kitchen,entry,bedroom,bathroom,kitchen,bedroom,bedroom
17040,d11 Fri 20:00,bedroom,bedroom,entry,entry,entry,kitchen,kitchen,kitchen,kitchen,kitchen,kitchen,kitchen,kitchen,kitchen,bedroom,bedroom,kitchen,bedroom,kitchen,bedroom,bedroom,bedroom,living,living,kitchen,kitchen,entry,bedroom,bathroom,kitchen,bedroom,bedroom
17100,d11 Fri 21:00,bedroom,bedroom,entry,entry,entry,kitchen,kitchen,kitchen,kitchen,kitchen,kitchen,kitchen,kitchen,kitchen,bedroom,bedroom,kitchen,bedroom,kitchen,bedroom,bedroom,bedroom,living,living,kitchen,kitchen,entry,bedroom,bathroom,kitchen,bedroom,bedroom
17160,d11 Fri 22:00,bedroom,bedroom,entry,entry,entry,kitchen,kitchen,kitchen,kitchen,kitchen,kitchen,kitchen,kitchen,kitchen,bedroom,bedroom,kitchen,bedroom,kitchen,bedroom,bedroom,bedroom,living,living,kitchen,kitchen,entry,bedroom,bathroom,kitchen,bedroom,bedroom
17220,d11 Fri 23:00,bedroom,bedroom,entry,entry,entry,kitchen,kitchen,kitchen,kitchen,kitchen,kitchen,kitchen,kitchen,kitchen,bedroom,bedroom,kitchen,bedroom,kitchen,bedroom,bedroom,bedroom,living,living,kitchen,kitchen,entry,bedroom,bathroom,kitchen,bedroom,bedroom
17280,d12 Sat 00:00,bedroom,bedroom,entry,entry,entry,kitchen,kitchen,kitchen,kitchen,kitchen,kitchen,kitchen,kitchen,kitchen,bedroom,bedroom,kitchen,bedroom,kitchen,bedroom,bedroom,bedroom,living,living,kitchen,kitchen,entry,bedroom,bathroom,kitchen,bedroom,bedroom
17340,d12 Sat 01:00,bedroom,bedroom,entry,entry,entry,kitchen,kitchen,kitchen,kitchen,kitchen,kitchen,kitchen,kitchen,kitchen,bedroom,bedroom,kitchen,bedroom,kitchen,bedroom,bedroom,bedroom,living,living,kitchen,kitchen,entry,bedroom,bathroom,kitchen,bedroom,bedroom
17400,d12 Sat 02:00,bedroom,bedroom,entry,entry,entry,kitchen,kitchen,kitchen,kitchen,kitchen,kitchen,kitchen,kitchen,kitchen,bedroom,bedroom,kitchen,bedroom,kitchen,bedroom,bedroom,bedroom,living,living,kitchen,kitchen,entry,bedroom,bathroom,kitchen,bedroom,bedroom
17460,d12 Sat 03:00,bedroom,bedroom,entry,entry,entry,kitchen,kitchen,kitchen,kitchen,kitchen,kitchen,kitchen,kitchen,kitchen,bedroom,bedroom,kitchen,bedroom,kitchen,bedroom,bedroom,bedroom,living,living,kitchen,kitchen,entry,bedroom,bathroom,kitchen,bedroom,bedroom
17520,d12 Sat 04:00,bedroom,bedroom,entry,entry,entry,kitchen,kitchen,kitchen,kitchen,kitchen,kitchen,kitchen,kitchen,kitchen,bedroom,bedroom,kitchen,bedroom,kitchen,bedroom,bedroom,bedroom,living,living,kitchen,kitchen,entry,bedroom,bathroom,kitchen,bedroom,bedroom
17580,d12 Sat 05:00,bedroom,bedroom,entry,entry,entry,kitchen,kitchen,kitchen,kitchen,kitchen,kitchen,kitchen,kitchen,kitchen,bedroom,bedroom,kitchen,bedroom,kitchen,bedroom,bedroom,bedroom,living,living,kitchen,kitchen,entry,bedroom,bathroom,kitchen,bedroom,bedroom
17640,d12 Sat 06:00,bedroom,bedroom,entry,entry,entry,kitchen,kitchen,kitchen,kitchen,kitchen,kitchen,kitchen,kitchen,kitchen,bedroom,bedroom,kitchen,bedroom,kitchen,bedroom,bedroom,bedroom,living,living,kitchen,kitchen,entry,bedroom,bathroom,kitchen,bedroom,bedroom
17700,d12 Sat 07:00,bedroom,bedroom,entry,entry,entry,kitchen,kitchen,kitchen,kitchen,kitchen,kitchen,kitchen,kitchen,kitchen,bedroom,bedroom,kitchen,bedroom,kitchen,bedroom,bedroom,bedroom,living,living,kitchen,kitchen,entry,bedroom,bathroom,kitchen,bedroom,bedroom
17760,d12 Sat 08:00,bedroom,bedroom,entry,entry,entry,kitchen,kitchen,kitchen,kitchen,kitchen,kitchen,kitchen,kitchen,kitchen,bedroom,bedroom,kitchen,bedroom,kitchen,bedroom,bedroom,bedroom,living,living,kitchen,kitchen,entry,bedroom,bathroom,kitchen,bedroom,bedroom
17820,d12 Sat 09:00,bedroom,bedroom,entry,entry,entry,kitchen,kitchen,kitchen,kitchen,kitchen,kitchen,kitchen,kitchen,kitchen,bedroom,bedroom,bedroom,bedroom,kitchen,bedroom,bedroom,bedroom,living,living,kitchen,kitchen,entry,bedroom,bathroom,kitchen,bedroom,bedroom
17880,d12 Sat 10:00,bedroom,bedroom,entry,entry,entry,kitchen,kitchen,kitchen,kitchen,kitchen,kitchen,kitchen,kitchen,kitchen,bedroom,bedroom,bedroom,bedroom,kitchen,bedroom,bedroom,bedroom,living,living,kitchen,kitchen,entry,bedroom,bathroom,bedroom,bedroom,bedroom
17940,d12 Sat 11:00,outside,outside,outside,outside,outside,outside,kitchen,kitchen,kitchen,kitchen,outside,kitchen,kitchen,outside,bedroom,bedroom,bedroom,bedroom,outside,bedroom,bedroom,bedroom,living,living,kitchen,outside,outside,bedroom,bathroom,bedroom,outside,outside
18000,d12 Sat 12:00,outside,outside,outside,outside,outside,outside,kitchen,kitchen,kitchen,kitchen,outside,kitchen,kitchen,outside,bedroom,bedroom,bedroom,bedroom,outside,bedroom,bedroom,bedroom,living,living,kitchen,outside,outside,bedroom,bathroom,bedroom,outside,outside
18060,d12 Sat 13:00,bedroom,bedroom,entry,entry,entry,kitchen,kitchen,kitchen,kitchen,kitchen,kitchen,kitchen,kitchen,bedroom,bedroom,bedroom,bedroom,bedroom,bedroom,bedroom,bedroom,bedroom,living,living,kitchen,entry,bedroom,bedroom,bathroom,bedroom,bedroom,bedroom
18120,d12 Sat 14:00,bedroom,bedroom,entry,entry,entry,kitchen,kitchen,kitchen,kitchen,kitchen,kitchen,kitchen,kitchen,bedroom,bedroom,bedroom,bedroom,bedroom,bedroom,bedroom,bedroom,bedroom,living,living,kitchen,entry,bedroom,bedroom,bathroom,bedroom,bedroom,bedroom
18180,d12 Sat 15:00,bedroom,bedroom,entry,kitchen,entry,kitchen,kitchen,kitchen,kitchen,kitchen,kitchen,kitchen,kitchen,bedroom,bedroom,bedroom,bedroom,bedroom,bedroom,bedroom,bedroom,bedroom,living,living,kitchen,entry,bedroom,bedroom,bathroom,bedroom,bedroom,bedroom
18240,d12 Sat 16:00,bedroom,bedroom,bedroom,entry,entry,kitchen,kitchen,kitchen,kitchen,kitchen,kitchen,kitchen,kitchen,bedroom,bedroom,kitchen,bedroom,bedroom,bedroom,bedroom,bedroom,bedroom,living,living,kitchen,kitchen,entry,bedroom,bathroom,bedroom,bedroom,bedroom
18300,d12 Sat 17:00,bedroom,bedroom,bedroom,entry,entry,kitchen,kitchen,kitchen,kitchen,kitchen,kitchen,kitchen,kitchen,bedroom,bedroom,kitchen,bedroom,bedroom,bedroom,bedroom,bedroom,bedroom,living,living,kitchen,kitchen,entry,bedroom,bathroom,bedroom,bedroom,bedroom
18360,d12 Sat 18:00,bedroom,bedroom,bedroom,entry,entry,kitchen,kitchen,kitchen,kitchen,kitchen,kitchen,kitchen,kitchen,bedroom,bedroom,kitchen,living,bedroom,bedroom,living,bedroom,bedroom,living,living,kitchen,kitchen,entry,bedroom,bathroom,bedroom,bedroom,bedroom
18420,d12 Sat 19:00,bedroom,bedroom,bedroom,entry,entry,kitchen,kitchen,kitchen,kitchen,kitchen,kitchen,kitchen,kitchen,bedroom,bedroom,kitchen,living,bedroom,bedroom,living,bedroom,bedroom,living,living,kitchen,kitchen,entry,bedroom,bathroom,bedroom,bedroom,bedroom
18480,d12 Sat 20:00,bedroom,bedroom,bedroom,entry,entry,kitchen,kitchen,kitchen,kitchen,kitchen,kitchen,kitchen,kitchen,bedroom,bedroom,kitchen,living,bedroom,bedroom,living,bedroom,bedroom,living,living,kitchen,kitchen,entry,bedroom,bathroom,bedroom,bedroom,bedroom
18540,d12 Sat 21:00,bedroom,bedroom,bedroom,entry,entry,kitchen,kitchen,kitchen,kitchen,kitchen,kitchen,kitchen,kitchen,bedroom,bedroom,kitchen,living,bedroom,bedroom,living,bedroom,bedroom,living,living,kitchen,kitchen,entry,bedroom,bathroom,bedroom,bedroom,bedroom
18600,d12 Sat 22:00,bedroom,bedroom,bedroom,entry,entry,kitchen,kitchen,kitchen,kitchen,kitchen,kitchen,kitchen,kitchen,bedroom,bedroom,kitchen,living,bedroom,bedroom,living,bedroom,bedroom,living,living,kitchen,kitchen,entry,bedroom,bathroom,bedroom,bedroom,bedroom
18660,d12 Sat 23:00,bedroom,bedroom,bedroom,entry,entry,kitchen,kitchen,kitchen,kitchen,kitchen,kitchen,kitchen,kitchen,bedroom,bedroom,kitchen,living,bedroom,bedroom,living,bedroom,bedroom,living,living,kitchen,kitchen,entry,bedroom,bathroom,bedroom,bedroom,bedroom
18720,d13 Sun 00:00,bedroom,bedroom,bedroom,entry,entry,kitchen,kitchen,kitchen,kitchen,kitchen,kitchen,kitchen,kitchen,bedroom,bedroom,kitchen,living,bedroom,bedroom,living,bedroom,bedroom,living,living,kitchen,kitchen,entry,bedroom,bathroom,bedroom,bedroom,bedroom
18780,d13 Sun 01:00,bedroom,bedroom,bedroom,entry,entry,kitchen,kitchen,kitchen,kitchen,kitchen,kitchen,kitchen,kitchen,bedroom,bedroom,kitchen,living,bedroom,bedroom,living,bedroom,bedroom,living,living,kitchen,kitchen,entry,bedroom,bathroom,bedroom,bedroom,bedroom
18840,d13 Sun 02:00,bedroom,bedroom,bedroom,entry,entry,kitchen,kitchen,kitchen,kitchen,kitchen,kitchen,kitchen,kitchen,bedroom,bedroom,kitchen,living,bedroom,bedroom,living,bedroom,bedroom,living,living,kitchen,kitchen,entry,bedroom,bathroom,bedroom,bedroom,bedroom
18900,d13 Sun 03:00,bedroom,bedroom,bedroom,entry,entry,kitchen,kitchen,kitchen,kitchen,kitchen,kitchen,kitchen,kitchen,bedroom,bedroom,kitchen,living,bedroom,bedroom,living,bedroom,bedroom,living,living,kitchen,kitchen,entry,bedroom,bathroom,bedroom,bedroom,bedroom
18960,d13 Sun 04:00,bedroom,bedroom,bedroom,entry,entry,kitchen,kitchen,kitchen,kitchen,kitchen,kitchen,kitchen,kitchen,bedroom,bedroom,kitchen,living,bedroom,bedroom,living,bedroom,bedroom,living,living,kitchen,kitchen,entry,bedroom,bathroom,bedroom,bedroom,bedroom
19020,d13 Sun 05:00,bedroom,bedroom,bedroom,entry,entry,kitchen,kitchen,kitchen,kitchen,kitchen,kitchen,kitchen,kitchen,bedroom,bedroom,kitchen,living,bedroom,bedroom,living,bedroom,bedroom,living,living,kitchen,kitchen,entry,bedroom,bathroom,bedroom,bedroom,bedroom
19080,d13 Sun 06:00,bedroom,bedroom,bedroom,entry,entry,kitchen,kitchen,kitchen,kitchen,kitchen,kitchen,kitchen,kitchen,bedroom,bedroom,kitchen,living,bedroom,bedroom,living,bedroom,bedroom,living,living,kitchen,kitchen,entry,bedroom,bathroom,bedroom,bedroom,bedroom
19140,d13 Sun 07:00,bedroom,bedroom,bedroom,entry,entry,kitchen,kitchen,kitchen,kitchen,kitchen,kitchen,kitchen,kitchen,bedroom,bedroom,kitchen,living,bedroom,bedroom,living,bedroom,bedroom,living,living,kitchen,kitchen,entry,bedroom,bathroom,bedroom,bedroom,bedroom
19200,d13 Sun 08:00,bedroom,bedroom,bedroom,entry,entry,kitchen,kitchen,kitchen,kitchen,kitchen,kitchen,kitchen,kitchen,bedroom,bedroom,kitchen,living,bedroom,bedroom,living,bedroom,bedroom,living,living,kitchen,kitchen,entry,bedroom,bathroom,bedroom,bedroom,bedroom
19260,d13 Sun 09:00,bedroom,kitchen,bedroom,entry,entry,bedroom,kitchen,kitchen,kitchen,kitchen,kitchen,kitchen,kitchen,bedroom,bedroom,kitchen,living,bedroom,bedroom,living,bedroom,bedroom,living,living,kitchen,kitchen,entry,bedroom,bathroom,bedroom,bedroom,bedroom
19320,d13 Sun 10:00,bedroom,kitchen,bedroom,entry,entry,bedroom,kitchen,kitchen,kitchen,kitchen,kitchen,kitchen,bathroom,bedroom,bedroom,kitchen,living,bedroom,bedroom,living,bedroom,bedroom,living,living,kitchen,kitchen,entry,bedroom,bathroom,bedroom,bedroom,bedroom
19380,d13 Sun 11:00,bedroom,bedroom,bedroom,entry,entry,kitchen,kitchen,kitchen,kitchen,kitchen,kitchen,kitchen,bathroom,bedroom,bedroom,kitchen,living,bedroom,bedroom,living,bedroom,bedroom,living,living,kitchen,kitchen,entry,bedroom,bathroom,bedroom,bedroom,bedroom
19440,d13 Sun 12:00,outside,outside,outside,outside,outside,outside,kitchen,kitchen,kitchen,kitchen,outside,kitchen,bathroom,outside,bedroom,kitchen,living,bedroom,outside,living,bedroom,bedroom,living,living,kitchen,outside,outside,bedroom,bathroom,bedroom,outside,outside
19500,d13 Sun 13:00,outside,outside,outside,outside,outside,outside,kitchen,kitchen,kitchen,kitchen,outside,kitchen,bathroom,outside,kitchen,kitchen,living,bedroom,outside,living,bedroom,bedroom,living,living,kitchen,outside,outside,bedroom,bathroom,bedroom,outside,outside
19560,d13 Sun 14:00,bedroom,bedroom,entry,entry,entry,kitchen,kitchen,kitchen,kitchen,kitchen,kitchen,kitchen,bathroom,bedroom,kitchen,kitchen,living,bedroom,bedroom,living,kitchen,bedroom,living,living,kitchen,kitchen,entry,bedroom,bathroom,bedroom,bedroom,bedroom
19620,d13 Sun 15:00,bedroom,bedroom,entry,entry,entry,kitchen,kitchen,kitchen,kitchen,kitchen,kitchen,kitchen,bathroom,bedroom,kitchen,kitchen,living,bedroom,bedroom,living,kitchen,bedroom,living,living,kitchen,kitchen,entry,bedroom,bathroom,bedroom,bedroom,bedroom
19680,d13 Sun 16:00,bedroom,bedroom,entry,entry,entry,kitchen,kitchen,kitchen,kitchen,kitchen,kitchen,kitchen,bathroom,bedroom,kitchen,kitchen,living,bedroom,bedroom,living,kitchen,bedroom,living,living,kitchen,kitchen,entry,bedroom,bathroom,bedroom,bedroom,bedroom
19740,d13 Sun 17:00,bedroom,bedroom,entry,entry,entry,kitchen,kitchen,kitchen,kitchen,kitchen,kitchen,kitchen,kitchen,bedroom,kitchen,kitchen,living,bedroom,bedroom,living,bedroom,bedroom,living,living,kitchen,kitchen,entry,bedroom,bathroom,bedroom,bedroom,bedroom
19800,d13 Sun 18:00,bedroom,bedroom,entry,entry,entry,kitchen,kitchen,kitchen,kitchen,kitchen,kitchen,kitchen,kitchen,bedroom,kitchen,kitchen,living,bedroom,bedroom,living,bedroom,bedroom,living,living,kitchen,kitchen,entry,bedroom,bathroom,bedroom,bedroom,bedroom
19860,d13 Sun 19:00,bedroom,bedroom,entry,entry,entry,kitchen,kitchen,kitchen,kitchen,kitchen,kitchen,kitchen,kitchen,bedroom,kitchen,kitchen,living,bedroom,bedroom,bedroom,bedroom,bedroom,living,living,kitchen,kitchen,entry,bedroom,bathroom,bedroom,bedroom,bedroom
19920,d13 Sun 20:00,bedroom,bedroom,entry,entry,entry,kitchen,kitchen,kitchen,kitchen,kitchen,kitchen,kitchen,kitchen,bedroom,kitchen,kitchen,living,bedroom,bedroom,bedroom,bedroom,bedroom,living,living,kitchen,kitchen,entry,bedroom,bathroom,bedroom,bedroom,bedroom
19980,d13 Sun 21:00,bedroom,bedroom,entry,entry,entry,kitchen,kitchen,kitchen,kitchen,kitchen,kitchen,kitchen,kitchen,bedroom,kitchen,kitchen,living,bedroom,bedroom,bedroom,bedroom,bedroom,living,living,kitchen,kitchen,entry,bedroom,bathroom,bedroom,bedroom,bedroom
20040,d13 Sun 22:00,bedroom,bedroom,entry,entry,entry,kitchen,kitchen,kitchen,kitchen,kitchen,kitchen,kitchen,kitchen,bedroom,kitchen,kitchen,living,bedroom,bedroom,bedroom,bedroom,bedroom,living,living,kitchen,kitchen,entry,bedroom,bathroom,bedroom,bedroom,bedroom
20100,d13 Sun 23:00,bedroom,bedroom,entry,entry,entry,kitchen,kitchen,kitchen,kitchen,kitchen,kitchen,kitchen,kitchen,bedroom,kitchen,kitchen,living,bedroom,bedroom,bedroom,bedroom,bedroom,living,living,kitchen,kitchen,entry,bedroom,bathroom,bedroom,bedroom,bedroom
20160,d14 Mon 00:00,bedroom,bedroom,entry,entry,entry,kitchen,kitchen,kitchen,kitchen,kitchen,kitchen,kitchen,kitchen,bedroom,kitchen,kitchen,living,bedroom,bedroom,bedroom,bedroom,bedroom,living,living,kitchen,kitchen,entry,bedroom,bathroom,bedroom,bedroom,bedroom
20220,d14 Mon 01:00,bedroom,bedroom,entry,entry,entry,kitchen,kitchen,kitchen,kitchen,kitchen,kitchen,kitchen,kitchen,bedroom,kitchen,kitchen,living,bedroom,bedroom,bedroom,bedroom,bedroom,living,living,kitchen,kitchen,entry,bedroom,bathroom,bedroom,bedroom,bedroom
20280,d14 Mon 02:00,bedroom,bedroom,entry,entry,entry,kitchen,kitchen,kitchen,kitchen,kitchen,kitchen,kitchen,kitchen,bedroom,kitchen,kitchen,living,bedroom,bedroom,bedroom,bedroom,bedroom,living,living,kitchen,kitchen,entry,bedroom,bathroom,bedroom,bedroom,bedroom
20340,d14 Mon 03:00,bedroom,bedroom,entry,entry,entry,kitchen,kitchen,kitchen,kitchen,kitchen,kitchen,kitchen,kitchen,bedroom,kitchen,kitchen,living,bedroom,bedroom,bedroom,bedroom,bedroom,living,living,kitchen,kitchen,entry,bedroom,bathroom,bedroom,bedroom,bedroom
20400,d14 Mon 04:00,bedroom,bedroom,entry,entry,entry,kitchen,kitchen,kitchen,kitchen,kitchen,kitchen,kitchen,kitchen,bedroom,kitchen,kitchen,living,bedroom,bedroom,bedroom,bedroom,bedroom,living,living,kitchen,kitchen,entry,bedroom,bathroom,bedroom,bedroom,bedroom
20460,d14 Mon 05:00,bedroom,bedroom,entry,entry,entry,kitchen,kitchen,kitchen,kitchen,kitchen,kitchen,kitchen,kitchen,bedroom,kitchen,kitchen,living,bedroom,bedroom,bedroom,bedroom,bedroom,living,living,kitchen,kitchen,entry,bedroom,bathroom,bedroom,bedroom,bedroom
20520,d14 Mon 06:00,bedroom,bedroom,entry,entry,entry,kitchen,kitchen,kitchen,kitchen,kitchen,kitchen,kitchen,kitchen,bedroom,kitchen,kitchen,living,bedroom,bedroom,bedroom,bedroom,bedroom,living,living,kitchen,kitchen,entry,bedroom,bathroom,bedroom,bedroom,bedroom
20580,d14 Mon 07:00,bedroom,bedroom,entry,entry,entry,kitchen,kitchen,kitchen,kitchen,kitchen,kitchen,kitchen,kitchen,bedroom,kitchen,kitchen,living,bedroom,bedroom,bedroom,bedroom,bedroom,living,living,kitchen,kitchen,entry,bedroom,bathroom,bedroom,bedroom,bedroom
20640,d14 Mon 08:00,bedroom,bedroom,entry,entry,kitchen,kitchen,kitchen,kitchen,kitchen,kitchen,kitchen,kitchen,kitchen,bedroom,kitchen,kitchen,living,bedroom,bedroom,bedroom,bedroom,bedroom,living,living,kitchen,kitchen,entry,bedroom,bathroom,bedroom,bedroom,bedroom
20700,d14 Mon 09:00,bedroom,bedroom,entry,entry,kitchen,bedroom,kitchen,kitchen,kitchen,kitchen,kitchen,kitchen,kitchen,bedroom,kitchen,kitchen,living,bedroom,bedroom,bedroom,bedroom,bedroom,living,living,kitchen,kitchen,entry,bedroom,bathroom,bedroom,bedroom,bedroom
20760,d14 Mon 10:00,bedroom,bedroom,entry,entry,kitchen,bedroom,kitchen,kitchen,kitchen,kitchen,kitchen,kitchen,kitchen,bedroom,kitchen,kitchen,living,bedroom,bedroom,bedroom,bedroom,bedroom,living,living,kitchen,kitchen,entry,bedroom,bathroom,bedroom,bedroom,bedroom
20820,d14 Mon 11:00,bedroom,bedroom,entry,entry,kitchen,bedroom,kitchen,kitchen,kitchen,kitchen,kitchen,kitchen,kitchen,bedroom,kitchen,kitchen,living,bedroom,bedroom,bedroom,bedroom,bedroom,living,living,kitchen,kitchen,entry,bedroom,bathroom,bedroom,bedroom,bedroom
20880,d14 Mon 12:00,bedroom,bedroom,entry,entry,kitchen,bedroom,kitchen,kitchen,kitchen,kitchen,kitchen,kitchen,kitchen,bedroom,kitchen,kitchen,living,bedroom,bedroom,bedroom,bedroom,bedroom,living,living,kitchen,kitchen,entry,bedroom,bathroom,bedroom,bedroom,bedroom
20940,d14 Mon 13:00,bedroom,bedroom,entry,entry,kitchen,bedroom,kitchen,kitchen,kitchen,kitchen,kitchen,kitchen,kitchen,bedroom,kitchen,kitchen,living,bedroom,bedroom,bedroom,bedroom,bedroom,living,living,kitchen,kitchen,entry,bedroom,bathroom,bedroom,bedroom,bedroom
21000,d14 Mon 14:00,bedroom,bedroom,entry,entry,kitchen,bedroom,kitchen,kitchen,kitchen,kitchen,kitchen,kitchen,kitchen,bedroom,kitchen,kitchen,living,bedroom,bedroom,bedroom,bedroom,bedroom,living,living,kitchen,kitchen,entry,bedroom,bathroom,bedroom,bedroom,bedroom
21060,d14 Mon 15:00,bedroom,bedroom,entry,entry,kitchen,bedroom,kitchen,kitchen,kitchen,kitchen,kitchen,kitchen,kitchen,bedroom,kitchen,kitchen,living,bedroom,bedroom,bedroom,bedroom,bedroom,living,living,kitchen,kitchen,entry,bedroom,bathroom,bedroom,bedroom,bedroom
21120,d14 Mon 16:00,bedroom,bedroom,entry,entry,kitchen,bedroom,kitchen,kitchen,kitchen,kitchen,kitchen,kitchen,kitchen,bedroom,kitchen,kitchen,living,bedroom,bedroom,bedroom,bedroom,bedroom,living,living,kitchen,kitchen,entry,bedroom,bathroom,bedroom,bedroom,bedroom
21180,d14 Mon 17:00,bedroom,bedroom,entry,entry,kitchen,bedroom,kitchen,kitchen,kitchen,kitchen,kitchen,kitchen,kitchen,bedroom,kitchen,kitchen,living,bedroom,bedroom,bedroom,bedroom,bedroom,living,living,kitchen,kitchen,entry,bedroom,bathroom,bedroom,bedroom,bedroom
21240,d14 Mon 18:00,bedroom,bedroom,entry,entry,kitchen,bedroom,kitchen,kitchen,kitchen,kitchen,kitchen,kitchen,kitchen,bedroom,kitchen,kitchen,living,bedroom,bedroom,bedroom,bedroom,bedroom,living,living,kitchen,kitchen,entry,bedroom,bathroom,bedroom,bedroom,bedroom
21300,d14 Mon 19:00,bedroom,bedroom,entry,entry,kitchen,bedroom,kitchen,kitchen,kitchen,kitchen,kitchen,kitchen,kitchen,bedroom,kitchen,kitchen,living,bedroom,bedroom,bedroom,bedroom,bedroom,living,living,kitchen,kitchen,entry,bedroom,bathroom,bedroom,bedroom,bedroom
21360,d14 Mon 20:00,bedroom,bedroom,entry,entry,kitchen,kitchen,kitchen,kitchen,kitchen,kitchen,kitchen,kitchen,kitchen,bedroom,kitchen,kitchen,living,kitchen,bedroom,bedroom,bedroom,bedroom,living,living,kitchen,kitchen,entry,bedroom,bathroom,bedroom,bedroom,bedroom
21420,d14 Mon 21:00,bedroom,bedroom,entry,entry,kitchen,kitchen,kitchen,kitchen,kitchen,kitchen,kitchen,kitchen,kitchen,bedroom,kitchen,kitchen,living,kitchen,bedroom,bedroom,bedroom,bedroom,living,living,kitchen,kitchen,entry,bedroom,bathroom,bedroom,bedroom,bedroom
21480,d14 Mon 22:00,bedroom,living,entry,entry,kitchen,kitchen,kitchen,kitchen,kitchen,kitchen,kitchen,kitchen,kitchen,bedroom,kitchen,kitchen,living,living,bedroom,bedroom,bedroom,bedroom,living,living,kitchen,kitchen,entry,bedroom,bathroom,bedroom,bedroom,bedroom
21540,d14 Mon 23:00,bedroom,living,entry,entry,kitchen,kitchen,kitchen,kitchen,kitchen,kitchen,kitchen,kitchen,kitchen,bedroom,kitchen,kitchen,living,living,bedroom,bedroom,bedroom,bedroom,living,living,kitchen,kitchen,entry,bedroom,bathroom,bedroom,bedroom,bedroom
21600,d15 Tue 00:00,bedroom,living,entry,entry,kitchen,kitchen,kitchen,kitchen,kitchen,kitchen,kitchen,kitchen,kitchen,bedroom,kitchen,kitchen,living,living,bedroom,bedroom,bedroom,bedroom,living,living,kitchen,kitchen,entry,bedroom,bathroom,bedroom,bedroom,bedroom
21660,d15 Tue 01:00,bedroom,living,entry,entry,kitchen,kitchen,kitchen,kitchen,kitchen,kitchen,kitchen,kitchen,kitchen,bedroom,kitchen,kitchen,living,living,bedroom,bedroom,bedroom,bedroom,living,living,kitchen,kitchen,entry,bedroom,bathroom,bedroom,bedroom,bedroom
21720,d15 Tue 02:00,bedroom,living,entry,entry,kitchen,kitchen,kitchen,kitchen,kitchen,kitchen,kitchen,kitchen,kitchen,bedroom,kitchen,kitchen,living,living,bedroom,bedroom,bedroom,bedroom,living,living,kitchen,kitchen,entry,bedroom,bathroom,bedroom,bedroom,bedroom
21780,d15 Tue 03:00,bedroom,living,entry,entry,kitchen,kitchen,kitchen,kitchen,kitchen,kitchen,kitchen,kitchen,kitchen,bedroom,kitchen,kitchen,living,living,bedroom,bedroom,bedroom,bedroom,living,living,kitchen,kitchen,entry,bedroom,bathroom,bedroom,bedroom,bedroom
21840,d15 Tue 04:00,bedroom,living,entry,entry,kitchen,kitchen,kitchen,kitchen,kitchen,kitchen,kitchen,kitchen,kitchen,bedroom,kitchen,kitchen,living,living,bedroom,bedroom,bedroom,bedroom,living,living,kitchen,kitchen,entry,bedroom,bathroom,bedroom,bedroom,bedroom
21900,d15 Tue 05:00,bedroom,living,entry,entry,kitchen,kitchen,kitchen,kitchen,kitchen,kitchen,kitchen,kitchen,kitchen,bedroom,kitchen,kitchen,living,living,bedroom,bedroom,bedroom,bedroom,living,living,kitchen,kitchen,entry,bedroom,bathroom,bedroom,bedroom,bedroom
21960,d15 Tue 06:00,bedroom,living,entry,entry,kitchen,kitchen,kitchen,kitchen,kitchen,kitchen,kitchen,kitchen,kitchen,bedroom,kitchen,kitchen,living,living,bedroom,bedroom,bedroom,bedroom,living,living,kitchen,kitchen,entry,bedroom,bathroom,bedroom,bedroom,bedroom
22020,d15 Tue 07:00,bedroom,living,entry,entry,kitchen,kitchen,kitchen,kitchen,kitchen,kitchen,kitchen,kitchen,kitchen,bedroom,kitchen,kitchen,living,living,bedroom,bedroom,bedroom,bedroom,living,living,kitchen,kitchen,entry,bedroom,bathroom,bedroom,bedroom,bedroom
22080,d15 Tue 08:00,bedroom,bedroom,entry,entry,kitchen,bedroom,kitchen,kitchen,kitchen,kitchen,kitchen,kitchen,kitchen,bedroom,kitchen,kitchen,living,living,bedroom,bedroom,bedroom,bedroom,living,living,kitchen,kitchen,bedroom,bedroom,bathroom,bedroom,bedroom,bedroom
22140,d15 Tue 09:00,bedroom,bedroom,entry,entry,kitchen,bedroom,kitchen,kitchen,kitchen,kitchen,kitchen,kitchen,kitchen,bedroom,kitchen,kitchen,living,living,bedroom,bedroom,bedroom,bedroom,kitchen,living,kitchen,kitchen,bedroom,bedroom,bathroom,bedroom,bedroom,bedroom
22200,d15 Tue 10:00,kitchen,bedroom,entry,entry,kitchen,bedroom,kitchen,kitchen,kitchen,kitchen,kitchen,kitchen,kitchen,kitchen,kitchen,kitchen,bedroom,living,bedroom,bedroom,bedroom,bedroom,kitchen,living,kitchen,kitchen,bedroom,bedroom,bathroom,bedroom,bedroom,bedroom
22260,d15 Tue 11:00,kitchen,bedroom,entry,entry,kitchen,bedroom,kitchen,kitchen,kitchen,kitchen,kitchen,kitchen,kitchen,kitchen,bedroom,kitchen,bedroom,living,bedroom,bedroom,bedroom,bedroom,kitchen,living,kitchen,kitchen,bedroom,bedroom,bathroom,bedroom,bedroom,bedroom
22320,d15 Tue 12:00,bedroom,bedroom,entry,entry,kitchen,bedroom,kitchen,kitchen,kitchen,kitchen,kitchen,kitchen,kitchen,kitchen,bedroom,kitchen,bedroom,living,bedroom,bedroom,bedroom,bedroom,kitchen,living,kitchen,kitchen,bedroom,bedroom,bathroom,bedroom,bathroom,bedroom
22380,d15 Tue 13:00,outside,outside,outside,outside,outside,outside,kitchen,kitchen,kitchen,kitchen,outside,kitchen,kitchen,outside,bedroom,kitchen,bedroom,living,outside,bedroom,bedroom,bedroom,kitchen,living,kitchen,outside,outside,bedroom,bathroom,bedroom,outside,outside
22440,d15 Tue 14:00,outside,outside,outside,outside,outside,outside,kitchen,kitchen,kitchen,kitchen,outside,kitchen,kitchen,outside,bedroom,kitchen,bedroom,living,outside,bedroom,bedroom,bedroom,kitchen,living,kitchen,outside,outside,bedroom,bathroom,bedroom,outside,outside
22500,d15 Tue 15:00,bedroom,bedroom,entry,entry,entry,kitchen,kitchen,kitchen,kitchen,kitchen,kitchen,kitchen,kitchen,bedroom,bedroom,kitchen,bedroom,living,bedroom,bedroom,kitchen,bedroom,kitchen,living,kitchen,entry,entry,bedroom,bathroom,bedroom,bedroom,bedroom
22560,d15 Tue 16:00,bedroom,bedroom,entry,entry,entry,kitchen,kitchen,kitchen,kitchen,kitchen,kitchen,kitchen,kitchen,bedroom,bedroom,kitchen,bedroom,living,bedroom,bedroom,kitchen,bedroom,kitchen,living,kitchen,entry,entry,bedroom,bathroom,bedroom,bedroom,bedroom
22620,d15 Tue 17:00,bedroom,bedroom,entry,entry,entry,kitchen,kitchen,kitchen,kitchen,kitchen,kitchen,kitchen,kitchen,bedroom,bedroom,kitchen,bedroom,living,bedroom,bedroom,kitchen,bedroom,kitchen,living,kitchen,entry,entry,bedroom,bathroom,bedroom,bedroom,bedroom
22680,d15 Tue 18:00,bedroom,bedroom,entry,entry,entry,kitchen,kitchen,kitchen,kitchen,kitchen,kitchen,kitchen,kitchen,bedroom,bedroom,kitchen,bedroom,living,bedroom,bedroom,bedroom,bedroom,kitchen,living,kitchen,entry,entry,bedroom,bathroom,bedroom,bedroom,bedroom
22740,d15 Tue 19:00,bedroom,bedroom,entry,entry,entry,kitchen,kitchen,kitchen,kitchen,kitchen,kitchen,kitchen,kitchen,bedroom,bedroom,kitchen,kitchen,living,bedroom,living,bedroom,bedroom,kitchen,living,kitchen,entry,entry,bedroom,bathroom,bedroom,bedroom,bedroom
22800,d15 Tue 20:00,bedroom,bedroom,entry,entry,entry,kitchen,kitchen,kitchen,kitchen,kitchen,kitchen,kitchen,kitchen,bedroom,bedroom,kitchen,living,living,bedroom,living,bedroom,bedroom,kitchen,living,kitchen,entry,entry,bedroom,bathroom,bedroom,bedroom,bedroom
22860,d15 Tue 21:00,bedroom,bedroom,entry,entry,entry,kitchen,kitchen,kitchen,kitchen,kitchen,kitchen,kitchen,kitchen,bedroom,bedroom,kitchen,living,living,bedroom,living,bedroom,bedroom,kitchen,living,kitchen,entry,entry,bedroom,bathroom,bedroom,bedroom,bedroom
22920,d15 Tue 22:00,bedroom,bedroom,entry,entry,entry,kitchen,kitchen,kitchen,kitchen,kitchen,kitchen,kitchen,kitchen,bedroom,bedroom,kitchen,living,living,bedroom,living,bedroom,bedroom,kitchen,living,kitchen,entry,entry,bedroom,bathroom,bedroom,bedroom,bedroom
22980,d15 Tue 23:00,bedroom,bedroom,entry,entry,entry,kitchen,kitchen,kitchen,kitchen,kitchen,kitchen,kitchen,kitchen,bedroom,bedroom,kitchen,living,living,bedroom,living,bedroom,bedroom,kitchen,living,kitchen,entry,entry,bedroom,bathroom,bedroom,bedroom,bedroom
23040,d16 Wed 00:00,bedroom,bedroom,entry,entry,entry,kitchen,kitchen,kitchen,kitchen,kitchen,kitchen,kitchen,kitchen,bedroom,bedroom,kitchen,living,living,bedroom,living,bedroom,bedroom,kitchen,living,kitchen,entry,entry,bedroom,bathroom,bedroom,bedroom,bedroom
23100,d16 Wed 01:00,bedroom,bedroom,entry,entry,entry,kitchen,kitchen,kitchen,kitchen,kitchen,kitchen,kitchen,kitchen,bedroom,bedroom,kitchen,living,living,bedroom,living,bedroom,bedroom,kitchen,living,kitchen,entry,entry,bedroom,bathroom,bedroom,bedroom,bedroom
23160,d16 Wed 02:00,bedroom,bedroom,entry,entry,entry,kitchen,kitchen,kitchen,kitchen,kitchen,kitchen,kitchen,kitchen,bedroom,bedroom,kitchen,living,living,bedroom,living,bedroom,bedroom,kitchen,living,kitchen,entry,entry,bedroom,bathroom,bedroom,bedroom,bedroom
23220,d16 Wed 03:00,bedroom,bedroom,entry,entry,entry,kitchen,kitchen,kitchen,kitchen,kitchen,kitchen,kitchen,kitchen,bedroom,bedroom,kitchen,living,living,bedroom,living,bedroom,bedroom,kitchen,living,kitchen,entry,entry,bedroom,bathroom,bedroom,bedroom,bedroom
23280,d16 Wed 04:00,bedroom,bedroom,entry,entry,entry,kitchen,kitchen,kitchen,kitchen,kitchen,kitchen,kitchen,kitchen,bedroom,bedroom,kitchen,living,living,bedroom,living,bedroom,bedroom,kitchen,living,kitchen,entry,entry,bedroom,bathroom,bedroom,bedroom,bedroom
23340,d16 Wed 05:00,bedroom,bedroom,entry,entry,entry,kitchen,kitchen,kitchen,kitchen,kitchen,kitchen,kitchen,kitchen,bedroom,bedroom,kitchen,living,living,bedroom,living,bedroom,bedroom,kitchen,living,kitchen,entry,entry,bedroom,bathroom,bedroom,bedroom,bedroom
23400,d16 Wed 06:00,bedroom,bedroom,entry,entry,entry,kitchen,kitchen,kitchen,kitchen,kitchen,kitchen,kitchen,kitchen,bedroom,bedroom,kitchen,living,living,bedroom,living,bedroom,bedroom,kitchen,living,kitchen,entry,entry,bedroom,bathroom,bedroom,bedroom,bedroom
23460,d16 Wed 07:00,bedroom,bedroom,entry,entry,entry,kitchen,kitchen,kitchen,kitchen,kitchen,kitchen,kitchen,kitchen,bedroom,bedroom,kitchen,living,living,bedroom,living,bedroom,bedroom,kitchen,living,kitchen,entry,entry,bedroom,bathroom,bedroom,bedroom,bedroom
23520,d16 Wed 08:00,bedroom,kitchen,entry,entry,entry,kitchen,kitchen,kitchen,kitchen,kitchen,kitchen,kitchen,kitchen,bedroom,bedroom,kitchen,living,living,bedroom,living,bedroom,bedroom,kitchen,living,kitchen,entry,entry,bedroom,bathroom,bedroom,bedroom,bedroom
23580,d16 Wed 09:00,bedroom,kitchen,entry,entry,entry,kitchen,kitchen,kitchen,kitchen,kitchen,kitchen,kitchen,kitchen,bedroom,bedroom,kitchen,living,living,bedroom,living,bedroom,bedroom,kitchen,living,kitchen,entry,entry,bedroom,bathroom,bedroom,bedroom,bedroom
23640,d16 Wed 10:00,bedroom,bedroom,entry,entry,entry,bedroom,kitchen,kitchen,kitchen,kitchen,kitchen,kitchen,kitchen,bedroom,bedroom,kitchen,living,living,bedroom,living,bedroom,bedroom,kitchen,living,kitchen,entry,entry,bedroom,bathroom,bedroom,bedroom,bedroom
23700,d16 Wed 11:00,bedroom,bedroom,entry,entry,entry,bedroom,kitchen,kitchen,kitchen,kitchen,kitchen,kitchen,kitchen,bedroom,bedroom,kitchen,living,living,bedroom,living,bedroom,bedroom,kitchen,living,kitchen,entry,entry,bedroom,bathroom,bedroom,bedroom,bedroom
23760,d16 Wed 12:00,bedroom,bedroom,entry,kitchen,entry,bedroom,kitchen,kitchen,kitchen,kitchen,kitchen,kitchen,kitchen,bedroom,bedroom,kitchen,living,living,bedroom,living,bedroom,bedroom,kitchen,living,kitchen,entry,entry,bedroom,bathroom,bedroom,bedroom,bedroom
23820,d16 Wed 13:00,bedroom,bedroom,entry,kitchen,entry,bedroom,kitchen,kitchen,kitchen,kitchen,kitchen,kitchen,kitchen,bedroom,bedroom,kitchen,living,living,bedroom,living,bedroom,bedroom,kitchen,living,kitchen,entry,entry,bedroom,bathroom,bedroom,bedroom,bedroom
23880,d16 Wed 14:00,kitchen,bedroom,entry,kitchen,entry,bedroom,kitchen,kitchen,kitchen,kitchen,kitchen,kitchen,kitchen,bedroom,bedroom,kitchen,living,living,bedroom,living,bedroom,bedroom,kitchen,living,kitchen,entry,entry,bedroom,bathroom,bedroom,bedroom,bedroom
23940,d16 Wed 15:00,kitchen,bedroom,entry,kitchen,entry,bedroom,kitchen,kitchen,kitchen,kitchen,kitchen,kitchen,kitchen,bedroom,bedroom,kitchen,living,living,bedroom,living,bedroom,bedroom,kitchen,living,kitchen,entry,entry,bedroom,bathroom,bedroom,bedroom,bedroom
24000,d16 Wed 16:00,kitchen,bedroom,entry,kitchen,entry,bedroom,kitchen,kitchen,kitchen,kitchen,kitchen,kitchen,kitchen,bedroom,bedroom,kitchen,living,living,bedroom,living,bedroom,bedroom,kitchen,living,kitchen,entry,entry,bedroom,bathroom,bedroom,bedroom,bedroom
24060,d16 Wed 17:00,kitchen,bedroom,entry,kitchen,entry,bedroom,kitchen,kitchen,kitchen,kitchen,kitchen,kitchen,kitchen,bedroom,bedroom,kitchen,living,living,bedroom,living,bedroom,bedroom,kitchen,living,kitchen,entry,entry,bedroom,bathroom,bedroom,bedroom,bedroom
24120,d16 Wed 18:00,kitchen,bedroom,entry,kitchen,entry,bedroom,kitchen,kitchen,kitchen,kitchen,kitchen,kitchen,kitchen,bedroom,bedroom,kitchen,living,living,bedroom,living,bedroom,bedroom,kitchen,living,kitchen,entry,entry,bedroom,bathroom,bedroom,bedroom,bedroom
24180,d16 Wed 19:00,bedroom,bedroom,entry,kitchen,entry,bedroom,kitchen,kitchen,kitchen,kitchen,kitchen,kitchen,kitchen,bedroom,bedroom,kitchen,living,living,bedroom,living,bedroom,bedroom,kitchen,living,kitchen,entry,entry,bedroom,bathroom,bedroom,bedroom,bedroom
24240,d16 Wed 20:00,kitchen,kitchen,entry,kitchen,entry,bedroom,kitchen,kitchen,kitchen,kitchen,kitchen,kitchen,kitchen,bedroom,bedroom,kitchen,living,living,bedroom,living,bedroom,bedroom,kitchen,living,kitchen,entry,entry,bedroom,bathroom,bedroom,bedroom,bedroom
24300,d16 Wed 21:00,bedroom,bedroom,entry,kitchen,entry,kitchen,kitchen,kitchen,kitchen,kitchen,kitchen,kitchen,kitchen,bedroom,bedroom,bedroom,living,bedroom,bedroom,bedroom,bedroom,bedroom,bedroom,living,kitchen,entry,entry,bedroom,bathroom,bedroom,bedroom,bedroom
24360,d16 Wed 22:00,bedroom,bedroom,entry,kitchen,entry,kitchen,kitchen,kitchen,kitchen,kitchen,kitchen,kitchen,kitchen,bedroom,bedroom,bedroom,living,bedroom,bedroom,bedroom,bedroom,bedroom,bedroom,living,kitchen,entry,entry,bedroom,bathroom,bedroom,bedroom,bedroom
24420,d16 Wed 23:00,bedroom,bedroom,entry,kitchen,entry,kitchen,kitchen,kitchen,kitchen,kitchen,kitchen,kitchen,kitchen,bedroom,bedroom,bedroom,living,bedroom,bedroom,bedroom,bedroom,bedroom,bedroom,living,kitchen,entry,entry,bedroom,bathroom,bedroom,bedroom,bedroom
24480,d17 Thu 00:00,bedroom,bedroom,entry,kitchen,entry,kitchen,kitchen,kitchen,kitchen,kitchen,kitchen,kitchen,kitchen,bedroom,bedroom,bedroom,living,bedroom,bedroom,bedroom,bedroom,bedroom,bedroom,living,kitchen,entry,entry,bedroom,bathroom,bedroom,bedroom,bedroom
24540,d17 Thu 01:00,bedroom,bedroom,entry,kitchen,entry,kitchen,kitchen,kitchen,kitchen,kitchen,kitchen,kitchen,kitchen,bedroom,bedroom,bedroom,living,bedroom,bedroom,bedroom,bedroom,bedroom,bedroom,living,kitchen,entry,entry,bedroom,bathroom,bedroom,bedroom,bedroom
24600,d17 Thu 02:00,bedroom,bedroom,entry,kitchen,entry,kitchen,kitchen,kitchen,kitchen,kitchen,kitchen,kitchen,kitchen,bedroom,bedroom,bedroom,living,bedroom,bedroom,bedroom,bedroom,bedroom,bedroom,living,kitchen,entry,entry,bedroom,bathroom,bedroom,bedroom,bedroom
24660,d17 Thu 03:00,bedroom,bedroom,entry,kitchen,entry,kitchen,kitchen,kitchen,kitchen,kitchen,kitchen,kitchen,kitchen,bedroom,bedroom,bedroom,living,bedroom,bedroom,bedroom,bedroom,bedroom,bedroom,living,kitchen,entry,entry,bedroom,bathroom,bedroom,bedroom,bedroom
24720,d17 Thu 04:00,bedroom,bedroom,entry,kitchen,entry,kitchen,kitchen,kitchen,kitchen,kitchen,kitchen,kitchen,kitchen,bedroom,bedroom,bedroom,living,bedroom,bedroom,bedroom,bedroom,bedroom,bedroom,living,kitchen,entry,entry,bedroom,bathroom,bedroom,bedroom,bedroom
24780,d17 Thu 05:00,bedroom,bedroom,entry,kitchen,entry,kitchen,kitchen,kitchen,kitchen,kitchen,kitchen,kitchen,kitchen,bedroom,bedroom,bedroom,living,bedroom,bedroom,bedroom,bedroom,bedroom,bedroom,living,kitchen,entry,entry,bedroom,bathroom,bedroom,bedroom,bedroom
24840,d17 Thu 06:00,bedroom,bedroom,entry,kitchen,entry,kitchen,kitchen,kitchen,kitchen,kitchen,kitchen,kitchen,kitchen,bedroom,bedroom,bedroom,living,bedroom,bedroom,bedroom,bedroom,bedroom,bedroom,living,kitchen,entry,entry,bedroom,bathroom,bedroom,bedroom,bedroom
24900,d17 Thu 07:00,bedroom,bedroom,entry,kitchen,entry,kitchen,kitchen,kitchen,kitchen,kitchen,kitchen,kitchen,kitchen,bedroom,bedroom,bedroom,living,bedroom,bedroom,bedroom,bedroom,bedroom,bedroom,living,kitchen,entry,entry,bedroom,bathroom,bedroom,bedroom,bedroom
24960,d17 Thu 08:00,bedroom,bathroom,entry,kitchen,entry,kitchen,kitchen,kitchen,kitchen,kitchen,kitchen,kitchen,kitchen,bedroom,bedroom,bedroom,living,bedroom,bedroom,bedroom,bedroom,bedroom,bedroom,living,kitchen,kitchen,entry,bedroom,bathroom,bedroom,bedroom,bedroom
25020,d17 Thu 09:00,bedroom,bedroom,entry,kitchen,entry,kitchen,kitchen,kitchen,kitchen,kitchen,kitchen,kitchen,kitchen,bedroom,bedroom,bedroom,living,bedroom,bedroom,bedroom,bedroom,bedroom,bedroom,living,kitchen,kitchen,entry,bedroom,bathroom,bedroom,bedroom,bedroom
25080,d17 Thu 10:00,bedroom,bedroom,entry,kitchen,entry,kitchen,kitchen,kitchen,kitchen,kitchen,kitchen,kitchen,kitchen,bedroom,bedroom,kitchen,living,bedroom,bedroom,bedroom,bedroom,bedroom,bedroom,living,kitchen,kitchen,entry,bedroom,bathroom,bedroom,bedroom,bedroom
25140,d17 Thu 11:00,bedroom,bedroom,entry,kitchen,entry,kitchen,kitchen,kitchen,kitchen,kitchen,kitchen,kitchen,kitchen,bedroom,bedroom,kitchen,living,bedroom,bedroom,bedroom,bedroom,bedroom,bedroom,living,kitchen,kitchen,entry,bedroom,bathroom,bedroom,bedroom,bedroom
25200,d17 Thu 12:00,bedroom,bedroom,entry,kitchen,entry,kitchen,kitchen,kitchen,kitchen,kitchen,kitchen,kitchen,kitchen,bedroom,bedroom,kitchen,living,bedroom,bedroom,bedroom,bedroom,bedroom,bedroom,living,kitchen,kitchen,entry,bedroom,bathroom,bedroom,bedroom,bedroom
25260,d17 Thu 13:00,kitchen,kitchen,entry,kitchen,entry,kitchen,kitchen,kitchen,kitchen,kitchen,kitchen,kitchen,kitchen,bedroom,bedroom,kitchen,living,bedroom,bedroom,bedroom,bedroom,bedroom,bedroom,living,kitchen,kitchen,entry,bedroom,bathroom,bedroom,bedroom,bedroom
25320,d17 Thu 14:00,kitchen,bedroom,entry,kitchen,entry,kitchen,kitchen,kitchen,kitchen,kitchen,kitchen,kitchen,kitchen,bedroom,bedroom,kitchen,living,bedroom,bedroom,bedroom,bedroom,bedroom,bedroom,living,kitchen,kitchen,entry,bedroom,bathroom,bedroom,bedroom,bedroom
25380,d17 Thu 15:00,kitchen,bedroom,entry,kitchen,entry,kitchen,kitchen,kitchen,kitchen,kitchen,kitchen,kitchen,kitchen,bedroom,bedroom,kitchen,living,bedroom,bedroom,bedroom,bedroom,bedroom,bedroom,living,kitchen,kitchen,entry,bedroom,bathroom,bedroom,bedroom,bedroom
25440,d17 Thu 16:00,kitchen,bedroom,entry,kitchen,entry,kitchen,kitchen,kitchen,kitchen,kitchen,kitchen,kitchen,kitchen,bedroom,bedroom,kitchen,living,bedroom,bedroom,bedroom,bedroom,bedroom,bedroom,living,kitchen,kitchen,entry,bedroom,bathroom,bedroom,bedroom,bedroom
25500,d17 Thu 17:00,bedroom,bedroom,entry,kitchen,entry,kitchen,kitchen,kitchen,kitchen,kitchen,kitchen,kitchen,kitchen,bedroom,bedroom,bedroom,living,bedroom,bedroom,bedroom,bedroom,bedroom,living,living,kitchen,kitchen,entry,bedroom,bathroom,bedroom,bedroom,bedroom
25560,d17 Thu 18:00,outside,outside,outside,outside,outside,outside,kitchen,kitchen,kitchen,kitchen,outside,kitchen,kitchen,outside,bedroom,bedroom,living,bedroom,outside,bedroom,bedroom,bedroom,living,living,kitchen,outside,outside,bedroom,bathroom,bedroom,outside,outside
25620,d17 Thu 19:00,outside,outside,outside,outside,outside,outside,kitchen,kitchen,kitchen,kitchen,outside,kitchen,kitchen,outside,bedroom,bedroom,living,bedroom,outside,bedroom,bedroom,bedroom,living,living,kitchen,outside,outside,bedroom,bathroom,bedroom,outside,outside
25680,d17 Thu 20:00,outside,outside,outside,outside,outside,outside,kitchen,kitchen,kitchen,kitchen,outside,kitchen,kitchen,outside,bedroom,bedroom,living,bedroom,outside,bedroom,bedroom,bedroom,living,living,kitchen,outside,outside,bedroom,bathroom,bedroom,outside,outside
25740,d17 Thu 21:00,outside,outside,outside,outside,outside,outside,kitchen,kitchen,kitchen,kitchen,outside,kitchen,kitchen,outside,bedroom,bedroom,living,bedroom,outside,bedroom,bedroom,bedroom,living,living,kitchen,outside,outside,bedroom,bathroom,bedroom,outside,outside
25800,d17 Thu 22:00,bedroom,bedroom,entry,entry,entry,kitchen,kitchen,kitchen,kitchen,kitchen,kitchen,kitchen,kitchen,bedroom,bedroom,bedroom,living,bedroom,bedroom,bedroom,bedroom,bedroom,living,living,kitchen,entry,entry,bedroom,bathroom,bedroom,bedroom,bedroom
25860,d17 Thu 23:00,bedroom,bedroom,entry,entry,entry,kitchen,kitchen,kitchen,kitchen,kitchen,kitchen,kitchen,kitchen,bedroom,bedroom,bedroom,living,bedroom,bedroom,bedroom,bedroom,bedroom,living,living,kitchen,entry,entry,bedroom,bathroom,bedroom,bedroom,bedroom
25920,d18 Fri 00:00,bedroom,bedroom,entry,bedroom,entry,kitchen,kitchen,kitchen,kitchen,kitchen,kitchen,kitchen,kitchen,bedroom,bedroom,bedroom,living,bedroom,bedroom,bedroom,bedroom,bedroom,living,living,kitchen,entry,entry,bedroom,bathroom,bedroom,bedroom,bedroom
25980,d18 Fri 01:00,bedroom,bedroom,entry,bedroom,entry,kitchen,kitchen,kitchen,kitchen,kitchen,kitchen,kitchen,kitchen,bedroom,bedroom,bedroom,living,bedroom,bedroom,bedroom,bedroom,bedroom,living,living,kitchen,entry,entry,bedroom,bathroom,bedroom,bedroom,bedroom
26040,d18 Fri 02:00,bedroom,bedroom,entry,bedroom,entry,kitchen,kitchen,kitchen,kitchen,kitchen,kitchen,kitchen,kitchen,bedroom,bedroom,bedroom,living,bedroom,bedroom,bedroom,bedroom,bedroom,living,living,kitchen,entry,entry,bedroom,bathroom,bedroom,bedroom,bedroom
26100,d18 Fri 03:00,bedroom,bedroom,entry,bedroom,entry,kitchen,kitchen,kitchen,kitchen,kitchen,kitchen,kitchen,kitchen,bedroom,bedroom,bedroom,living,bedroom,bedroom,bedroom,bedroom,bedroom,living,living,kitchen,entry,entry,bedroom,bathroom,bedroom,bedroom,bedroom
26160,d18 Fri 04:00,bedroom,bedroom,entry,bedroom,entry,kitchen,kitchen,kitchen,kitchen,kitchen,kitchen,kitchen,kitchen,bedroom,bedroom,bedroom,living,bedroom,bedroom,bedroom,bedroom,bedroom,living,living,kitchen,entry,entry,bedroom,bathroom,bedroom,bedroom,bedroom
26220,d18 Fri 05:00,bedroom,bedroom,entry,bedroom,entry,kitchen,kitchen,kitchen,kitchen,kitchen,kitchen,kitchen,kitchen,bedroom,bedroom,bedroom,living,bedroom,bedroom,bedroom,bedroom,bedroom,living,living,kitchen,entry,entry,bedroom,bathroom,bedroom,bedroom,bedroom
26280,d18 Fri 06:00,bedroom,bedroom,entry,bedroom,entry,kitchen,kitchen,kitchen,kitchen,kitchen,kitchen,kitchen,kitchen,bedroom,bedroom,bedroom,living,bedroom,bedroom,bedroom,bedroom,bedroom,living,living,kitchen,entry,entry,bedroom,bathroom,bedroom,bedroom,bedroom
26340,d18 Fri 07:00,bedroom,bedroom,entry,bedroom,entry,kitchen,kitchen,kitchen,kitchen,kitchen,kitchen,kitchen,kitchen,bedroom,bedroom,bedroom,living,bedroom,bedroom,bedroom,bedroom,bedroom,living,living,kitchen,entry,entry,bedroom,bathroom,bedroom,bedroom,bedroom
26400,d18 Fri 08:00,bedroom,bedroom,entry,bedroom,entry,kitchen,kitchen,kitchen,kitchen,kitchen,kitchen,kitchen,kitchen,bedroom,bedroom,bedroom,living,bedroom,bedroom,bedroom,bedroom,bedroom,living,living,kitchen,entry,entry,bedroom,bathroom,bedroom,bedroom,bedroom
26460,d18 Fri 09:00,bedroom,bedroom,entry,bedroom,entry,kitchen,kitchen,kitchen,kitchen,kitchen,kitchen,kitchen,kitchen,bedroom,bedroom,bedroom,living,bedroom,bedroom,bedroom,bedroom,bedroom,living,living,kitchen,entry,entry,bedroom,bathroom,bedroom,bedroom,bedroom
26520,d18 Fri 10:00,bedroom,bedroom,entry,bedroom,entry,bedroom,kitchen,kitchen,kitchen,kitchen,kitchen,kitchen,kitchen,bedroom,bedroom,bedroom,living,living,bedroom,bedroom,bedroom,bedroom,living,living,kitchen,entry,entry,bedroom,bathroom,bedroom,bedroom,bedroom
26580,d18 Fri 11:00,bedroom,kitchen,entry,bedroom,entry,kitchen,kitchen,kitchen,kitchen,kitchen,kitchen,kitchen,kitchen,bedroom,living,bedroom,living,bedroom,bedroom,bedroom,kitchen,bedroom,living,living,kitchen,entry,entry,bedroom,bathroom,bedroom,bedroom,kitchen
26640,d18 Fri 12:00,bedroom,kitchen,entry,bedroom,entry,kitchen,kitchen,kitchen,kitchen,kitchen,kitchen,kitchen,kitchen,bedroom,living,bedroom,living,bedroom,bedroom,bedroom,kitchen,bedroom,living,living,kitchen,entry,entry,bedroom,bathroom,bedroom,bedroom,kitchen
26700,d18 Fri 13:00,kitchen,kitchen,entry,bedroom,entry,kitchen,kitchen,kitchen,kitchen,kitchen,kitchen,kitchen,kitchen,bedroom,living,bedroom,living,bedroom,bedroom,bedroom,kitchen,bedroom,living,living,kitchen,entry,entry,bedroom,bathroom,bedroom,bedroom,kitchen
26760,d18 Fri 14:00,bedroom,bedroom,entry,entry,entry,kitchen,kitchen,kitchen,kitchen,kitchen,kitchen,kitchen,kitchen,bedroom,bedroom,bedroom,living,bedroom,bedroom,bedroom,kitchen,bedroom,living,living,kitchen,entry,entry,bedroom,bathroom,bedroom,bedroom,bedroom
26820,d18 Fri 15:00,bedroom,bedroom,entry,entry,entry,kitchen,kitchen,kitchen,kitchen,kitchen,kitchen,kitchen,kitchen,bedroom,bedroom,bedroom,living,bedroom,bedroom,bedroom,kitchen,bedroom,living,living,kitchen,entry,entry,bedroom,bathroom,bedroom,bedroom,bedroom
26880,d18 Fri 16:00,bedroom,bedroom,entry,entry,entry,kitchen,kitchen,kitchen,kitchen,kitchen,kitchen,kitchen,kitchen,bedroom,bedroom,kitchen,living,bedroom,bedroom,bedroom,kitchen,bedroom,living,living,kitchen,entry,entry,bedroom,bathroom,bedroom,bedroom,bedroom
26940,d18 Fri 17:00,bedroom,bedroom,entry,entry,entry,kitchen,kitchen,kitchen,kitchen,kitchen,kitchen,kitchen,kitchen,bedroom,bedroom,kitchen,living,bedroom,bedroom,bedroom,kitchen,bedroom,living,living,kitchen,entry,entry,bedroom,bathroom,bedroom,bedroom,bedroom
27000,d18 Fri 18:00,bedroom,bedroom,entry,entry,entry,kitchen,kitchen,kitchen,kitchen,kitchen,kitchen,kitchen,kitchen,bedroom,bedroom,kitchen,living,bedroom,bedroom,bedroom,kitchen,bedroom,living,living,kitchen,entry,entry,bedroom,bathroom,bedroom,bedroom,bedroom
27060,d18 Fri 19:00,bedroom,bedroom,bedroom,entry,entry,kitchen,kitchen,kitchen,kitchen,kitchen,kitchen,kitchen,kitchen,bedroom,bedroom,kitchen,living,bedroom,bedroom,bedroom,kitchen,bedroom,living,living,kitchen,entry,entry,bedroom,bathroom,bedroom,bedroom,bedroom
27120,d18 Fri 20:00,bedroom,bedroom,bedroom,entry,entry,kitchen,kitchen,kitchen,kitchen,kitchen,kitchen,kitchen,kitchen,bedroom,bedroom,kitchen,living,bedroom,bedroom,bedroom,kitchen,bedroom,living,living,kitchen,kitchen,entry,bedroom,bathroom,bedroom,bedroom,bedroom
27180,d18 Fri 21:00,bedroom,bedroom,bedroom,entry,entry,kitchen,kitchen,kitchen,kitchen,kitchen,kitchen,kitchen,kitchen,bedroom,bedroom,kitchen,living,bedroom,bedroom,bedroom,kitchen,bedroom,living,living,kitchen,kitchen,entry,bedroom,bathroom,bedroom,bedroom,bedroom
27240,d18 Fri 22:00,bedroom,bedroom,bedroom,entry,entry,kitchen,kitchen,kitchen,kitchen,kitchen,kitchen,kitchen,kitchen,bedroom,bedroom,kitchen,living,bedroom,bedroom,bedroom,kitchen,bedroom,living,living,kitchen,kitchen,entry,bedroom,bathroom,bedroom,bedroom,bedroom
27300,d18 Fri 23:00,bedroom,bedroom,bedroom,entry,entry,kitchen,kitchen,kitchen,kitchen,kitchen,kitchen,kitchen,kitchen,bedroom,bedroom,kitchen,living,bedroom,bedroom,bedroom,kitchen,bedroom,living,living,kitchen,kitchen,entry,bedroom,bathroom,bedroom,bedroom,bedroom
27360,d19 Sat 00:00,bedroom,bedroom,bedroom,entry,entry,kitchen,kitchen,kitchen,kitchen,kitchen,kitchen,kitchen,kitchen,bedroom,bedroom,kitchen,living,bedroom,bedroom,bedroom,kitchen,bedroom,living,living,kitchen,kitchen,entry,bedroom,bathroom,bedroom,bedroom,bedroom
27420,d19 Sat 01:00,bedroom,bedroom,bedroom,entry,entry,kitchen,kitchen,kitchen,kitchen,kitchen,kitchen,kitchen,kitchen,bedroom,bedroom,kitchen,living,bedroom,bedroom,bedroom,kitchen,bedroom,living,living,kitchen,kitchen,entry,bedroom,bathroom,bedroom,bedroom,bedroom
27480,d19 Sat 02:00,bedroom,bedroom,bedroom,entry,entry,kitchen,kitchen,kitchen,kitchen,kitchen,kitchen,kitchen,kitchen,bedroom,bedroom,kitchen,living,bedroom,bedroom,bedroom,kitchen,bedroom,living,living,kitchen,kitchen,entry,bedroom,bathroom,bedroom,bedroom,bedroom
27540,d19 Sat 03:00,bedroom,bedroom,bedroom,entry,entry,kitchen,kitchen,kitchen,kitchen,kitchen,kitchen,kitchen,kitchen,bedroom,bedroom,kitchen,living,bedroom,bedroom,bedroom,kitchen,bedroom,living,living,kitchen,kitchen,entry,bedroom,bathroom,bedroom,bedroom,bedroom
27600,d19 Sat 04:00,bedroom,bedroom,bedroom,entry,entry,kitchen,kitchen,kitchen,kitchen,kitchen,kitchen,kitchen,kitchen,bedroom,bedroom,kitchen,living,bedroom,bedroom,bedroom,kitchen,bedroom,living,living,kitchen,kitchen,entry,bedroom,bathroom,bedroom,bedroom,bedroom
27660,d19 Sat 05:00,bedroom,bedroom,bedroom,entry,entry,kitchen,kitchen,kitchen,kitchen,kitchen,kitchen,kitchen,kitchen,bedroom,bedroom,kitchen,living,bedroom,bedroom,bedroom,kitchen,bedroom,living,living,kitchen,kitchen,entry,bedroom,bathroom,bedroom,bedroom,bedroom
27720,d19 Sat 06:00,bedroom,bedroom,bedroom,entry,entry,kitchen,kitchen,kitchen,kitchen,kitchen,kitchen,kitchen,kitchen,bedroom,bedroom,kitchen,living,bedroom,bedroom,bedroom,kitchen,bedroom,living,living,kitchen,kitchen,entry,bedroom,bathroom,bedroom,bedroom,bedroom
27780,d19 Sat 07:00,bedroom,bedroom,bedroom,entry,entry,kitchen,kitchen,kitchen,kitchen,kitchen,kitchen,kitchen,kitchen,bedroom,bedroom,kitchen,living,bedroom,bedroom,bedroom,kitchen,bedroom,living,living,kitchen,kitchen,entry,bedroom,bathroom,bedroom,bedroom,bedroom
27840,d19 Sat 08:00,bedroom,bedroom,bedroom,entry,entry,kitchen,kitchen,kitchen,kitchen,kitchen,kitchen,kitchen,kitchen,bedroom,bedroom,kitchen,living,bedroom,bedroom,bedroom,kitchen,bedroom,living,living,kitchen,kitchen,entry,bedroom,bathroom,bedroom,bedroom,bedroom
27900,d19 Sat 09:00,bedroom,bedroom,bedroom,entry,entry,kitchen,kitchen,kitchen,kitchen,kitchen,kitchen,kitchen,kitchen,bedroom,bedroom,kitchen,living,bedroom,bedroom,bedroom,kitchen,bedroom,living,living,kitchen,kitchen,entry,bedroom,bathroom,bedroom,bedroom,bedroom
27960,d19 Sat 10:00,bedroom,entry,bedroom,entry,entry,kitchen,kitchen,kitchen,kitchen,kitchen,kitchen,kitchen,kitchen,bedroom,bedroom,kitchen,living,bedroom,bedroom,bedroom,kitchen,bedroom,living,living,kitchen,kitchen,entry,bedroom,bathroom,entry,bedroom,bedroom
28020,d19 Sat 11:00,outside,outside,outside,outside,outside,outside,kitchen,kitchen,kitchen,kitchen,outside,kitchen,kitchen,outside,bedroom,kitchen,living,bedroom,outside,bedroom,kitchen,bedroom,living,living,kitchen,outside,outside,bedroom,bathroom,bedroom,outside,outside
28080,d19 Sat 12:00,outside,outside,outside,outside,outside,outside,kitchen,kitchen,kitchen,kitchen,outside,kitchen,kitchen,outside,bedroom,kitchen,living,bedroom,outside,bedroom,kitchen,bedroom,living,living,kitchen,outside,outside,bedroom,bathroom,bedroom,outside,outside
28140,d19 Sat 13:00,bedroom,bedroom,entry,entry,entry,kitchen,kitchen,kitchen,kitchen,kitchen,kitchen,kitchen,kitchen,bedroom,kitchen,kitchen,living,bedroom,bedroom,bedroom,kitchen,bedroom,living,living,kitchen,entry,entry,bedroom,bathroom,bedroom,bedroom,bedroom
28200,d19 Sat 14:00,bedroom,bedroom,entry,entry,entry,kitchen,kitchen,kitchen,kitchen,kitchen,kitchen,kitchen,kitchen,bedroom,kitchen,bedroom,living,kitchen,bedroom,bedroom,kitchen,bedroom,living,living,kitchen,entry,entry,bedroom,bathroom,bedroom,bedroom,bedroom
28260,d19 Sat 15:00,outside,outside,outside,outside,outside,outside,kitchen,kitchen,kitchen,kitchen,outside,kitchen,kitchen,outside,kitchen,bedroom,living,kitchen,outside,bedroom,kitchen,bedroom,living,living,kitchen,outside,outside,bedroom,bathroom,bedroom,outside,outside
28320,d19 Sat 16:00,outside,outside,outside,outside,outside,outside,kitchen,kitchen,kitchen,kitchen,outside,kitchen,kitchen,outside,kitchen,bedroom,living,kitchen,outside,bedroom,kitchen,bedroom,living,living,kitchen,outside,outside,bedroom,bathroom,bedroom,outside,outside
28380,d19 Sat 17:00,outside,outside,outside,outside,outside,outside,kitchen,kitchen,kitchen,kitchen,outside,kitchen,kitchen,outside,kitchen,bedroom,living,kitchen,outside,bedroom,kitchen,bedroom,living,living,kitchen,outside,outside,bedroom,bathroom,bedroom,outside,outside
28440,d19 Sat 18:00,outside,outside,outside,outside,outside,outside,kitchen,kitchen,kitchen,kitchen,outside,kitchen,kitchen,outside,kitchen,bedroom,living,kitchen,outside,bedroom,kitchen,bedroom,living,living,kitchen,outside,outside,bedroom,bathroom,bedroom,outside,outside
28500,d19 Sat 19:00,bedroom,bedroom,entry,entry,entry,kitchen,kitchen,kitchen,kitchen,kitchen,kitchen,kitchen,kitchen,bedroom,kitchen,bedroom,living,kitchen,bedroom,living,kitchen,bedroom,living,living,kitchen,entry,entry,bedroom,bathroom,bedroom,bedroom,bedroom
28560,d19 Sat 20:00,bedroom,bedroom,entry,entry,entry,kitchen,kitchen,kitchen,kitchen,kitchen,kitchen,kitchen,kitchen,bedroom,kitchen,bedroom,living,kitchen,bedroom,living,kitchen,bedroom,living,living,kitchen,entry,entry,bedroom,bathroom,bedroom,bedroom,bedroom
28620,d19 Sat 21:00,bedroom,bedroom,entry,entry,entry,kitchen,kitchen,kitchen,kitchen,kitchen,kitchen,kitchen,kitchen,bedroom,kitchen,bedroom,living,bedroom,bedroom,bedroom,bedroom,bedroom,living,living,kitchen,entry,entry,bedroom,bathroom,bedroom,bedroom,bedroom
28680,d19 Sat 22:00,bedroom,bedroom,entry,entry,entry,kitchen,kitchen,kitchen,kitchen,kitchen,kitchen,kitchen,kitchen,bedroom,kitchen,bedroom,living,bedroom,bedroom,bedroom,bedroom,bedroom,living,living,kitchen,entry,entry,bedroom,bathroom,bedroom,bedroom,bedroom
28740,d19 Sat 23:00,bedroom,bedroom,entry,entry,entry,kitchen,kitchen,kitchen,kitchen,kitchen,kitchen,kitchen,kitchen,bedroom,kitchen,bedroom,living,bedroom,bedroom,bedroom,bedroom,bedroom,living,living,kitchen,entry,entry,bedroom,bathroom,bedroom,bedroom,bedroom
28800,d20 Sun 00:00,bedroom,bedroom,entry,entry,entry,kitchen,kitchen,kitchen,kitchen,kitchen,kitchen,kitchen,kitchen,bedroom,kitchen,bedroom,living,bedroom,bedroom,bedroom,bedroom,bedroom,living,living,kitchen,entry,entry,bedroom,bathroom,bedroom,bedroom,bedroom
28860,d20 Sun 01:00,bedroom,bedroom,entry,entry,entry,kitchen,kitchen,kitchen,kitchen,kitchen,kitchen,kitchen,kitchen,bedroom,kitchen,kitchen,living,bedroom,bedroom,bedroom,bedroom,bedroom,living,living,kitchen,entry,entry,bedroom,bathroom,bedroom,bedroom,bedroom
28920,d20 Sun 02:00,bedroom,bedroom,entry,entry,entry,kitchen,kitchen,kitchen,kitchen,kitchen,kitchen,kitchen,kitchen,bedroom,kitchen,kitchen,living,bedroom,bedroom,bedroom,bedroom,bedroom,living,living,kitchen,entry,entry,bedroom,bathroom,bedroom,bedroom,bedroom
28980,d20 Sun 03:00,bedroom,bedroom,entry,entry,entry,kitchen,kitchen,kitchen,kitchen,kitchen,kitchen,kitchen,kitchen,bedroom,kitchen,kitchen,living,bedroom,bedroom,bedroom,bedroom,bedroom,living,living,kitchen,entry,entry,bedroom,bathroom,bedroom,bedroom,bedroom
29040,d20 Sun 04:00,bedroom,bedroom,entry,entry,entry,kitchen,kitchen,kitchen,kitchen,kitchen,kitchen,kitchen,kitchen,bedroom,kitchen,kitchen,living,bedroom,bedroom,bedroom,bedroom,bedroom,living,living,kitchen,entry,entry,bedroom,bathroom,bedroom,bedroom,bedroom
29100,d20 Sun 05:00,bedroom,bedroom,entry,entry,entry,kitchen,kitchen,kitchen,kitchen,kitchen,kitchen,kitchen,kitchen,bedroom,kitchen,kitchen,living,bedroom,bedroom,bedroom,bedroom,bedroom,living,living,kitchen,entry,entry,bedroom,bathroom,bedroom,bedroom,bedroom
29160,d20 Sun 06:00,bedroom,bedroom,entry,entry,entry,kitchen,kitchen,kitchen,kitchen,kitchen,kitchen,kitchen,kitchen,bedroom,kitchen,kitchen,living,bedroom,bedroom,bedroom,bedroom,bedroom,living,living,kitchen,entry,entry,bedroom,bathroom,bedroom,bedroom,bedroom
29220,d20 Sun 07:00,bedroom,bedroom,entry,entry,entry,kitchen,kitchen,kitchen,kitchen,kitchen,kitchen,kitchen,kitchen,bedroom,kitchen,kitchen,living,bedroom,bedroom,bedroom,bedroom,bedroom,living,living,kitchen,entry,entry,bedroom,bathroom,bedroom,bedroom,bedroom
29280,d20 Sun 08:00,bedroom,bedroom,entry,entry,entry,kitchen,kitchen,kitchen,kitchen,kitchen,kitchen,kitchen,kitchen,bedroom,kitchen,kitchen,living,bedroom,bedroom,bedroom,bedroom,bedroom,living,living,kitchen,entry,entry,bedroom,bathroom,bedroom,bedroom,bedroom
29340,d20 Sun 09:00,bedroom,bedroom,entry,entry,entry,kitchen,kitchen,kitchen,kitchen,kitchen,kitchen,kitchen,kitchen,bedroom,kitchen,kitchen,living,bedroom,bedroom,bedroom,bedroom,bedroom,living,living,kitchen,entry,entry,bedroom,bathroom,bedroom,bedroom,bedroom
29400,d20 Sun 10:00,bedroom,bedroom,entry,entry,entry,bedroom,kitchen,kitchen,kitchen,kitchen,kitchen,kitchen,kitchen,bedroom,kitchen,kitchen,living,bedroom,bedroom,bedroom,bedroom,bedroom,living,living,kitchen,entry,entry,bedroom,bathroom,entry,bedroom,bedroom
29460,d20 Sun 11:00,outside,outside,outside,outside,outside,outside,kitchen,kitchen,kitchen,kitchen,outside,kitchen,kitchen,outside,kitchen,kitchen,living,bedroom,outside,bedroom,bedroom,bedroom,living,living,kitchen,outside,outside,bedroom,bathroom,bedroom,outside,outside
29520,d20 Sun 12:00,bedroom,bedroom,entry,entry,entry,kitchen,kitchen,kitchen,kitchen,kitchen,kitchen,kitchen,kitchen,bedroom,kitchen,kitchen,living,bedroom,bedroom,bedroom,bedroom,bedroom,living,living,kitchen,entry,kitchen,bedroom,bathroom,bedroom,bedroom,bedroom
29580,d20 Sun 13:00,bedroom,bedroom,entry,entry,entry,kitchen,kitchen,kitchen,kitchen,kitchen,kitchen,kitchen,kitchen,bedroom,kitchen,kitchen,living,bedroom,bedroom,bedroom,bedroom,bedroom,living,living,kitchen,entry,kitchen,bedroom,bathroom,bedroom,bedroom,bedroom
29640,d20 Sun 14:00,bedroom,bedroom,entry,entry,entry,kitchen,kitchen,kitchen,kitchen,kitchen,kitchen,kitchen,kitchen,bedroom,kitchen,kitchen,living,bedroom,bedroom,bedroom,bedroom,bedroom,living,living,kitchen,entry,bedroom,bedroom,bathroom,bedroom,bedroom,bedroom
29700,d20 Sun 15:00,outside,outside,outside,outside,outside,outside,kitchen,kitchen,kitchen,kitchen,outside,kitchen,kitchen,outside,kitchen,kitchen,living,bedroom,outside,bedroom,bedroom,bedroom,living,living,kitchen,outside,outside,bedroom,bathroom,bedroom,outside,outside
29760,d20 Sun 16:00,outside,outside,outside,outside,outside,outside,kitchen,kitchen,kitchen,kitchen,outside,kitchen,kitchen,outside,kitchen,kitchen,living,bedroom,outside,bedroom,bedroom,bedroom,living,living,kitchen,outside,outside,bedroom,bathroom,bedroom,outside,outside
29820,d20 Sun 17:00,bedroom,bedroom,entry,entry,entry,kitchen,kitchen,kitchen,kitchen,kitchen,kitchen,kitchen,kitchen,bedroom,kitchen,kitchen,living,bedroom,bedroom,bedroom,bedroom,bedroom,living,living,kitchen,entry,entry,bedroom,bathroom,bedroom,bedroom,bedroom
29880,d20 Sun 18:00,bedroom,bedroom,entry,entry,entry,kitchen,kitchen,kitchen,kitchen,kitchen,kitchen,kitchen,kitchen,bedroom,kitchen,kitchen,living,bedroom,bedroom,living,bedroom,bedroom,living,living,kitchen,entry,entry,bedroom,bathroom,bedroom,bedroom,bedroom
29940,d20 Sun 19:00,bedroom,bedroom,entry,entry,entry,kitchen,kitchen,kitchen,kitchen,kitchen,kitchen,kitchen,kitchen,bedroom,kitchen,kitchen,living,bedroom,bedroom,bedroom,bedroom,bedroom,living,living,kitchen,entry,entry,bedroom,bathroom,bedroom,bedroom,bedroom
30000,d20 Sun 20:00,bedroom,bedroom,entry,entry,entry,kitchen,kitchen,kitchen,kitchen,kitchen,kitchen,kitchen,kitchen,bedroom,kitchen,kitchen,living,bedroom,bedroom,bedroom,bedroom,bedroom,living,living,kitchen,entry,entry,bedroom,bathroom,bedroom,bedroom,bedroom
30060,d20 Sun 21:00,bedroom,bedroom,entry,entry,entry,kitchen,kitchen,kitchen,kitchen,kitchen,kitchen,kitchen,kitchen,bedroom,kitchen,kitchen,living,bedroom,bedroom,bedroom,bedroom,bedroom,living,living,kitchen,entry,entry,bedroom,bathroom,bedroom,bedroom,bedroom
30120,d20 Sun 22:00,bedroom,bedroom,entry,entry,entry,kitchen,kitchen,kitchen,kitchen,kitchen,kitchen,kitchen,kitchen,bedroom,kitchen,kitchen,living,bedroom,bedroom,bedroom,bedroom,bedroom,living,living,kitchen,entry,entry,bedroom,bathroom,bedroom,bedroom,bedroom
30180,d20 Sun 23:00,bedroom,bedroom,entry,entry,entry,kitchen,kitchen,kitchen,kitchen,kitchen,kitchen,kitchen,kitchen,bedroom,kitchen,kitchen,living,bedroom,bedroom,bedroom,bedroom,bedroom,living,living,kitchen,entry,entry,bedroom,bathroom,bedroom,bedroom,bedroom
