t,stamp,laptop_arthur,phone_arthur,keys_arthur,glasses_arthur,water_bottle_arthur,tablet_elena,phone_elena,keys_elena,makeup_kit_elena,notebook_elena,pen_elena,toy_leo,blanket_leo,water_bottle_leo,plate_shared,bowl_shared,mug_arthur,mug_elena,remote_shared,laundry_basket_shared
0,d00 Mon 00:00,desk_b1,nightstand_b1,entry_table_e1,desk_b1,counter_k1,couch_l1,kitchen_table_k1,entry_table_e1,bathroom_shelf_ba1,kitchen_table_k1,kitchen_table_k1,couch_l1,bed_b2,counter_k1,cupboard_k1,cupboard_k1,counter_k1,kitchen_table_k1,coffee_table_l1,entry_floor_e1
60,d00 Mon 01:00,desk_b1,nightstand_b1,entry_table_e1,desk_b1,counter_k1,couch_l1,kitchen_table_k1,entry_table_e1,bathroom_shelf_ba1,kitchen_table_k1,kitchen_table_k1,couch_l1,bed_b2,counter_k1,cupboard_k1,cupboard_k1,counter_k1,kitchen_table_k1,coffee_table_l1,entry_floor_e1
120,d00 Mon 02:00,desk_b1,nightstand_b1,entry_table_e1,desk_b1,counter_k1,couch_l1,kitchen_table_k1,entry_table_e1,bathroom_shelf_ba1,kitchen_table_k1,kitchen_table_k1,couch_l1,bed_b2,counter_k1,cupboard_k1,cupboard_k1,counter_k1,kitchen_table_k1,coffee_table_l1,entry_floor_e1
180,d00 Mon 03:00,desk_b1,nightstand_b1,entry_table_e1,desk_b1,counter_k1,couch_l1,kitchen_table_k1,entry_table_e1,bathroom_shelf_ba1,kitchen_table_k1,kitchen_table_k1,couch_l1,bed_b2,counter_k1,cupboard_k1,cupboard_k1,counter_k1,kitchen_table_k1,coffee_table_l1,entry_floor_e1
240,d00 Mon 04:00,desk_b1,nightstand_b1,entry_table_e1,desk_b1,counter_k1,couch_l1,kitchen_table_k1,entry_table_e1,bathroom_shelf_ba1,kitchen_table_k1,kitchen_table_k1,couch_l1,bed_b2,counter_k1,cupboard_k1,cupboard_k1,counter_k1,kitchen_table_k1,coffee_table_l1,entry_floor_e1
300,d00 Mon 05:00,desk_b1,nightstand_b1,entry_table_e1,desk_b1,counter_k1,couch_l1,kitchen_table_k1,entry_table_e1,bathroom_shelf_ba1,kitchen_table_k1,kitchen_table_k1,couch_l1,bed_b2,counter_k1,cupboard_k1,cupboard_k1,counter_k1,kitchen_table_k1,coffee_table_l1,entry_floor_e1
360,d00 Mon 06:00,desk_b1,nightstand_b1,entry_table_e1,desk_b1,counter_k1,couch_l1,kitchen_table_k1,entry_table_e1,bathroom_shelf_ba1,kitchen_table_k1,kitchen_table_k1,couch_l1,bed_b2,counter_k1,kitchen_table_k1,kitchen_table_k1,counter_k1,kitchen_table_k1,coffee_table_l1,entry_floor_e1
420,d00 Mon 07:00,desk_b1,nightstand_b1,entry_table_e1,desk_b1,counter_k1,couch_l1,kitchen_table_k1,entry_table_e1,bathroom_shelf_ba1,kitchen_table_k1,kitchen_table_k1,couch_l1,bed_b2,counter_k1,cupboard_k1,cupboard_k1,counter_k1,kitchen_table_k1,coffee_table_l1,entry_floor_e1
480,d00 Mon 08:00,desk_b1,bookshelf_l1,entry_table_e1,desk_b1,counter_k1,couch_l1,kitchen_table_k1,entry_table_e1,bathroom_shelf_ba1,kitchen_table_k1,desk_b1,couch_l1,bed_b2,counter_k1,cupboard_k1,cupboard_k1,kitchen_table_k1,couch_l1,coffee_table_l1,entry_floor_e1
540,d00 Mon 09:00,desk_b1,bookshelf_l1,bookshelf_l1,desk_b1,counter_k1,couch_l1,kitchen_table_k1,entry_table_e1,bathroom_shelf_ba1,kitchen_table_k1,desk_b1,couch_l1,bed_b2,counter_k1,cupboard_k1,cupboard_k1,kitchen_table_k1,couch_l1,coffee_table_l1,entry_floor_e1
600,d00 Mon 10:00,desk_b1,bookshelf_l1,bookshelf_l1,desk_b1,counter_k1,couch_l1,kitchen_table_k1,entry_table_e1,bathroom_shelf_ba1,kitchen_table_k1,desk_b1,couch_l1,bed_b2,counter_k1,cupboard_k1,cupboard_k1,kitchen_table_k1,couch_l1,coffee_table_l1,entry_floor_e1
660,d00 Mon 11:00,desk_b1,bookshelf_l1,bookshelf_l1,desk_b1,counter_k1,couch_l1,kitchen_table_k1,entry_table_e1,bathroom_shelf_ba1,kitchen_table_k1,desk_b1,couch_l1,bed_b2,counter_k1,cupboard_k1,cupboard_k1,kitchen_table_k1,couch_l1,coffee_table_l1,entry_floor_e1
720,d00 Mon 12:00,desk_b1,bookshelf_l1,bookshelf_l1,desk_b1,counter_k1,couch_l1,kitchen_table_k1,entry_table_e1,bathroom_shelf_ba1,kitchen_table_k1,desk_b1,couch_l1,bed_b2,counter_k1,cupboard_k1,cupboard_k1,kitchen_table_k1,couch_l1,coffee_table_l1,entry_floor_e1
780,d00 Mon 13:00,desk_b1,bookshelf_l1,entry_table_e1,kitchen_table_k1,couch_l1,couch_l1,kitchen_table_k1,entry_table_e1,bathroom_shelf_ba1,couch_l1,couch_l1,couch_l1,couch_l1,couch_l1,sink_k1,sink_k1,couch_l1,couch_l1,couch_l1,entry_floor_e1
840,d00 Mon 14:00,couch_l1,nightstand_b1,entry_table_e1,desk_b1,counter_k1,couch_l1,couch_l1,couch_l1,bathroom_shelf_ba1,kitchen_table_k1,kitchen_table_k1,couch_l1,bed_b2,counter_k1,dish_rack_k1,cupboard_k1,counter_k1,couch_l1,couch_l1,entry_floor_e1
900,d00 Mon 15:00,couch_l1,nightstand_b1,entry_table_e1,desk_b1,couch_l1,couch_l1,couch_l1,couch_l1,bathroom_shelf_ba1,kitchen_table_k1,couch_l1,couch_l1,bed_b2,counter_k1,dish_rack_k1,couch_l1,counter_k1,kitchen_table_k1,coffee_table_l1,entry_floor_e1
960,d00 Mon 16:00,couch_l1,nightstand_b1,entry_table_e1,desk_b1,couch_l1,couch_l1,couch_l1,couch_l1,bathroom_shelf_ba1,kitchen_table_k1,couch_l1,couch_l1,bed_b2,counter_k1,dish_rack_k1,couch_l1,counter_k1,kitchen_table_k1,coffee_table_l1,entry_floor_e1
1020,d00 Mon 17:00,couch_l1,nightstand_b1,entry_table_e1,desk_b1,couch_l1,couch_l1,couch_l1,couch_l1,bathroom_shelf_ba1,kitchen_table_k1,counter_k1,couch_l1,bed_b2,bookshelf_l1,dish_rack_k1,couch_l1,counter_k1,kitchen_table_k1,coffee_table_l1,entry_floor_e1
1080,d00 Mon 18:00,bed_b1,kitchen_table_k1,entry_table_e1,desk_b1,kitchen_table_k1,couch_l1,couch_l1,entry_table_e1,bathroom_shelf_ba1,kitchen_table_k1,couch_l1,couch_l1,bed_b2,bookshelf_l1,dish_rack_k1,couch_l1,desk_b1,kitchen_table_k1,coffee_table_l1,entry_floor_e1
1140,d00 Mon 19:00,desk_b1,nightstand_b1,entry_table_e1,desk_b1,counter_k1,couch_l1,kitchen_table_k1,entry_table_e1,bathroom_shelf_ba1,kitchen_table_k1,kitchen_table_k1,couch_l1,bed_b2,counter_k1,kitchen_table_k1,cupboard_k1,counter_k1,coffee_table_l1,coffee_table_l1,entry_floor_e1
1200,d00 Mon 20:00,desk_b1,couch_l1,entry_table_e1,desk_b1,counter_k1,couch_l1,kitchen_table_k1,entry_table_e1,bathroom_shelf_ba1,couch_l1,kitchen_table_k1,couch_l1,bed_b2,counter_k1,dish_rack_k1,cupboard_k1,counter_k1,kitchen_table_k1,coffee_table_l1,entry_floor_e1
1260,d00 Mon 21:00,desk_b1,couch_l1,entry_table_e1,desk_b1,counter_k1,couch_l1,kitchen_table_k1,entry_table_e1,nightstand_b1,couch_l1,kitchen_table_k1,couch_l1,bed_b2,counter_k1,dish_rack_k1,cupboard_k1,counter_k1,kitchen_table_k1,coffee_table_l1,entry_floor_e1
1320,d00 Mon 22:00,desk_b1,nightstand_b1,entry_table_e1,couch_l1,counter_k1,couch_l1,couch_l1,entry_table_e1,bathroom_shelf_ba1,couch_l1,kitchen_table_k1,couch_l1,bed_b2,counter_k1,cupboard_k1,cupboard_k1,counter_k1,kitchen_table_k1,couch_l1,entry_floor_e1
1380,d00 Mon 23:00,desk_b1,armchair_l1,entry_table_e1,armchair_l1,counter_k1,couch_l1,armchair_l1,entry_table_e1,bed_b1,couch_l1,kitchen_table_k1,couch_l1,bed_b2,counter_k1,cupboard_k1,cupboard_k1,counter_k1,kitchen_table_k1,armchair_l1,entry_floor_e1
1440,d01 Tue 00:00,desk_b1,armchair_l1,entry_table_e1,armchair_l1,counter_k1,couch_l1,armchair_l1,entry_table_e1,bed_b1,couch_l1,kitchen_table_k1,couch_l1,bed_b2,counter_k1,cupboard_k1,cupboard_k1,counter_k1,kitchen_table_k1,armchair_l1,entry_floor_e1
1500,d01 Tue 01:00,desk_b1,armchair_l1,entry_table_e1,armchair_l1,counter_k1,couch_l1,armchair_l1,entry_table_e1,bed_b1,couch_l1,kitchen_table_k1,couch_l1,bed_b2,counter_k1,cupboard_k1,cupboard_k1,counter_k1,kitchen_table_k1,armchair_l1,entry_floor_e1
1560,d01 Tue 02:00,desk_b1,armchair_l1,entry_table_e1,armchair_l1,counter_k1,couch_l1,armchair_l1,entry_table_e1,bed_b1,couch_l1,kitchen_table_k1,couch_l1,bed_b2,counter_k1,cupboard_k1,cupboard_k1,counter_k1,kitchen_table_k1,armchair_l1,entry_floor_e1
1620,d01 Tue 03:00,desk_b1,armchair_l1,entry_table_e1,armchair_l1,counter_k1,couch_l1,armchair_l1,entry_table_e1,bed_b1,couch_l1,kitchen_table_k1,couch_l1,bed_b2,counter_k1,cupboard_k1,cupboard_k1,counter_k1,kitchen_table_k1,armchair_l1,entry_floor_e1
1680,d01 Tue 04:00,desk_b1,armchair_l1,entry_table_e1,armchair_l1,counter_k1,couch_l1,armchair_l1,entry_table_e1,bed_b1,couch_l1,kitchen_table_k1,couch_l1,bed_b2,counter_k1,cupboard_k1,cupboard_k1,counter_k1,kitchen_table_k1,armchair_l1,entry_floor_e1
1740,d01 Tue 05:00,desk_b1,armchair_l1,entry_table_e1,armchair_l1,counter_k1,couch_l1,armchair_l1,entry_table_e1,bed_b1,couch_l1,kitchen_table_k1,couch_l1,bed_b2,counter_k1,cupboard_k1,cupboard_k1,counter_k1,kitchen_table_k1,armchair_l1,entry_floor_e1
1800,d01 Tue 06:00,desk_b1,armchair_l1,entry_table_e1,armchair_l1,counter_k1,couch_l1,armchair_l1,entry_table_e1,bed_b1,couch_l1,kitchen_table_k1,couch_l1,bed_b2,counter_k1,cupboard_k1,cupboard_k1,counter_k1,kitchen_table_k1,armchair_l1,entry_floor_e1
1860,d01 Tue 07:00,desk_b1,nightstand_b1,entry_table_e1,desk_b1,counter_k1,couch_l1,kitchen_table_k1,entry_table_e1,bathroom_shelf_ba1,kitchen_table_k1,kitchen_table_k1,couch_l1,bed_b2,counter_k1,cupboard_k1,cupboard_k1,counter_k1,kitchen_table_k1,coffee_table_l1,entry_floor_e1
1920,d01 Tue 08:00,kitchen_table_k1,nightstand_b1,kitchen_table_k1,desk_b1,counter_k1,couch_l1,kitchen_table_k1,kitchen_table_k1,bathroom_shelf_ba1,kitchen_table_k1,kitchen_table_k1,couch_l1,bed_b2,counter_k1,cupboard_k1,cupboard_k1,counter_k1,kitchen_table_k1,couch_l1,entry_floor_e1
1980,d01 Tue 09:00,desk_b1,nightstand_b1,entry_table_e1,desk_b1,desk_b1,couch_l1,couch_l1,kitchen_table_k1,bathroom_shelf_ba1,kitchen_table_k1,desk_b1,couch_l1,bed_b2,counter_k1,cupboard_k1,cupboard_k1,desk_b1,couch_l1,coffee_table_l1,entry_floor_e1
2040,d01 Tue 10:00,desk_b1,nightstand_b1,entry_table_e1,desk_b1,counter_k1,couch_l1,couch_l1,kitchen_table_k1,bathroom_shelf_ba1,kitchen_table_k1,desk_b1,couch_l1,bed_b2,counter_k1,cupboard_k1,cupboard_k1,counter_k1,kitchen_table_k1,coffee_table_l1,entry_floor_e1
2100,d01 Tue 11:00,desk_b1,nightstand_b1,entry_table_e1,desk_b1,counter_k1,couch_l1,couch_l1,kitchen_table_k1,bathroom_shelf_ba1,kitchen_table_k1,desk_b1,couch_l1,bed_b2,counter_k1,cupboard_k1,cupboard_k1,counter_k1,kitchen_table_k1,coffee_table_l1,entry_floor_e1
2160,d01 Tue 12:00,desk_b1,nightstand_b1,entry_table_e1,desk_b1,coffee_table_l1,couch_l1,couch_l1,kitchen_table_k1,bathroom_shelf_ba1,kitchen_table_k1,coffee_table_l1,kitchen_table_k1,bed_b2,coffee_table_l1,cupboard_k1,sink_k1,counter_k1,coffee_table_l1,coffee_table_l1,entry_floor_e1
2220,d01 Tue 13:00,bed_b1,desk_b1,entry_table_e1,kitchen_table_k1,desk_b1,couch_l1,couch_l1,entry_table_e1,bathroom_shelf_ba1,kitchen_table_k1,kitchen_table_k1,couch_l1,bed_b2,couch_l1,cupboard_k1,cupboard_k1,counter_k1,kitchen_table_k1,couch_l1,entry_floor_e1
2280,d01 Tue 14:00,bed_b1,desk_b1,entry_table_e1,kitchen_table_k1,desk_b1,couch_l1,couch_l1,entry_table_e1,bathroom_shelf_ba1,kitchen_table_k1,kitchen_table_k1,couch_l1,bed_b2,couch_l1,cupboard_k1,cupboard_k1,counter_k1,kitchen_table_k1,couch_l1,entry_floor_e1
2340,d01 Tue 15:00,bed_b1,desk_b1,entry_table_e1,kitchen_table_k1,desk_b1,couch_l1,couch_l1,entry_table_e1,bathroom_shelf_ba1,kitchen_table_k1,kitchen_table_k1,couch_l1,bed_b2,couch_l1,cupboard_k1,cupboard_k1,counter_k1,kitchen_table_k1,couch_l1,entry_floor_e1
2400,d01 Tue 16:00,bed_b1,desk_b1,entry_table_e1,kitchen_table_k1,desk_b1,couch_l1,couch_l1,entry_table_e1,bathroom_shelf_ba1,kitchen_table_k1,kitchen_table_k1,couch_l1,bed_b2,couch_l1,cupboard_k1,cupboard_k1,counter_k1,kitchen_table_k1,couch_l1,entry_floor_e1
2460,d01 Tue 17:00,bed_b1,desk_b1,entry_table_e1,desk_b1,couch_l1,couch_l1,couch_l1,entry_table_e1,bathroom_shelf_ba1,kitchen_table_k1,kitchen_table_k1,couch_l1,bed_b2,couch_l1,cupboard_k1,cupboard_k1,counter_k1,couch_l1,coffee_table_l1,entry_floor_e1
2520,d01 Tue 18:00,bed_b1,desk_b1,entry_table_e1,desk_b1,couch_l1,couch_l1,couch_l1,entry_table_e1,bathroom_shelf_ba1,kitchen_table_k1,kitchen_table_k1,couch_l1,couch_l1,coffee_table_l1,cupboard_k1,sink_k1,counter_k1,kitchen_table_k1,coffee_table_l1,entry_floor_e1
2580,d01 Tue 19:00,desk_b1,nightstand_b1,entry_table_e1,desk_b1,counter_k1,couch_l1,couch_l1,entry_table_e1,bathroom_shelf_ba1,kitchen_table_k1,couch_l1,couch_l1,bed_b2,kitchen_table_k1,cupboard_k1,cupboard_k1,counter_k1,kitchen_table_k1,coffee_table_l1,entry_floor_e1
2640,d01 Tue 20:00,desk_b1,nightstand_b1,entry_table_e1,couch_l1,counter_k1,couch_l1,couch_l1,entry_table_e1,bathroom_shelf_ba1,couch_l1,coffee_table_l1,counter_k1,bed_b2,kitchen_table_k1,dish_rack_k1,cupboard_k1,counter_k1,kitchen_table_k1,couch_l1,entry_floor_e1
2700,d01 Tue 21:00,desk_b1,nightstand_b1,entry_table_e1,couch_l1,counter_k1,couch_l1,couch_l1,entry_table_e1,bathroom_shelf_ba1,couch_l1,kitchen_table_k1,counter_k1,bed_b2,kitchen_table_k1,cupboard_k1,cupboard_k1,counter_k1,kitchen_table_k1,coffee_table_l1,entry_floor_e1
2760,d01 Tue 22:00,desk_b1,nightstand_b1,entry_table_e1,couch_l1,counter_k1,couch_l1,couch_l1,entry_table_e1,bathroom_shelf_ba1,couch_l1,kitchen_table_k1,counter_k1,bed_b2,kitchen_table_k1,cupboard_k1,cupboard_k1,counter_k1,kitchen_table_k1,coffee_table_l1,entry_floor_e1
2820,d01 Tue 23:00,desk_b1,nightstand_b1,entry_table_e1,couch_l1,counter_k1,couch_l1,couch_l1,entry_table_e1,bathroom_shelf_ba1,couch_l1,kitchen_table_k1,counter_k1,bed_b2,kitchen_table_k1,cupboard_k1,cupboard_k1,counter_k1,kitchen_table_k1,coffee_table_l1,entry_floor_e1
2880,d02 Wed 00:00,desk_b1,coffee_table_l1,entry_table_e1,armchair_l1,counter_k1,couch_l1,armchair_l1,entry_table_e1,bed_b1,coffee_table_l1,kitchen_table_k1,counter_k1,bed_b2,kitchen_table_k1,cupboard_k1,cupboard_k1,counter_k1,kitchen_table_k1,couch_l1,entry_floor_e1
2940,d02 Wed 01:00,desk_b1,coffee_table_l1,entry_table_e1,armchair_l1,counter_k1,couch_l1,armchair_l1,entry_table_e1,bed_b1,coffee_table_l1,kitchen_table_k1,counter_k1,bed_b2,kitchen_table_k1,cupboard_k1,cupboard_k1,counter_k1,kitchen_table_k1,couch_l1,entry_floor_e1
3000,d02 Wed 02:00,desk_b1,coffee_table_l1,entry_table_e1,armchair_l1,counter_k1,couch_l1,armchair_l1,entry_table_e1,bed_b1,coffee_table_l1,kitchen_table_k1,counter_k1,bed_b2,kitchen_table_k1,cupboard_k1,cupboard_k1,counter_k1,kitchen_table_k1,couch_l1,entry_floor_e1
3060,d02 Wed 03:00,desk_b1,coffee_table_l1,entry_table_e1,armchair_l1,counter_k1,couch_l1,armchair_l1,entry_table_e1,bed_b1,coffee_table_l1,kitchen_table_k1,counter_k1,bed_b2,kitchen_table_k1,cupboard_k1,cupboard_k1,counter_k1,kitchen_table_k1,couch_l1,entry_floor_e1
3120,d02 Wed 04:00,desk_b1,coffee_table_l1,entry_table_e1,armchair_l1,counter_k1,couch_l1,armchair_l1,entry_table_e1,bed_b1,coffee_table_l1,kitchen_table_k1,counter_k1,bed_b2,kitchen_table_k1,cupboard_k1,cupboard_k1,counter_k1,kitchen_table_k1,couch_l1,entry_floor_e1
3180,d02 Wed 05:00,desk_b1,coffee_table_l1,entry_table_e1,armchair_l1,counter_k1,couch_l1,armchair_l1,entry_table_e1,bed_b1,coffee_table_l1,kitchen_table_k1,counter_k1,bed_b2,kitchen_table_k1,cupboard_k1,cupboard_k1,counter_k1,kitchen_table_k1,couch_l1,entry_floor_e1
3240,d02 Wed 06:00,desk_b1,coffee_table_l1,entry_table_e1,armchair_l1,counter_k1,couch_l1,armchair_l1,entry_table_e1,bathroom_shelf_ba1,coffee_table_l1,kitchen_table_k1,counter_k1,bed_b2,kitchen_table_k1,cupboard_k1,cupboard_k1,counter_k1,kitchen_table_k1,bookshelf_l1,entry_floor_e1
3300,d02 Wed 07:00,desk_b1,nightstand_b1,entry_table_e1,desk_b1,counter_k1,couch_l1,armchair_l1,entry_table_e1,bathroom_shelf_ba1,kitchen_table_k1,kitchen_table_k1,couch_l1,bed_b2,kitchen_table_k1,cupboard_k1,cupboard_k1,counter_k1,kitchen_table_k1,coffee_table_l1,entry_floor_e1
3360,d02 Wed 08:00,desk_b1,nightstand_b1,entry_table_e1,desk_b1,counter_k1,couch_l1,kitchen_table_k1,entry_table_e1,bathroom_shelf_ba1,kitchen_table_k1,couch_l1,couch_l1,couch_l1,counter_k1,kitchen_table_k1,kitchen_table_k1,couch_l1,kitchen_table_k1,couch_l1,entry_floor_e1
3420,d02 Wed 09:00,desk_b1,nightstand_b1,entry_table_e1,desk_b1,couch_l1,couch_l1,kitchen_table_k1,entry_table_e1,bathroom_shelf_ba1,kitchen_table_k1,couch_l1,couch_l1,couch_l1,couch_l1,dish_rack_k1,cupboard_k1,counter_k1,couch_l1,couch_l1,entry_floor_e1
3480,d02 Wed 10:00,desk_b1,nightstand_b1,entry_table_e1,desk_b1,couch_l1,couch_l1,kitchen_table_k1,entry_table_e1,bathroom_shelf_ba1,kitchen_table_k1,couch_l1,couch_l1,couch_l1,couch_l1,dish_rack_k1,cupboard_k1,counter_k1,couch_l1,couch_l1,entry_floor_e1
3540,d02 Wed 11:00,desk_b1,nightstand_b1,entry_table_e1,desk_b1,couch_l1,couch_l1,kitchen_table_k1,entry_table_e1,bathroom_shelf_ba1,kitchen_table_k1,couch_l1,couch_l1,couch_l1,couch_l1,dish_rack_k1,cupboard_k1,counter_k1,couch_l1,couch_l1,entry_floor_e1
3600,d02 Wed 12:00,desk_b1,nightstand_b1,entry_table_e1,desk_b1,couch_l1,couch_l1,kitchen_table_k1,entry_table_e1,bathroom_shelf_ba1,kitchen_table_k1,couch_l1,couch_l1,couch_l1,couch_l1,dish_rack_k1,cupboard_k1,counter_k1,couch_l1,couch_l1,entry_floor_e1
3660,d02 Wed 13:00,desk_b1,nightstand_b1,entry_table_e1,desk_b1,couch_l1,couch_l1,kitchen_table_k1,entry_table_e1,bathroom_shelf_ba1,couch_l1,couch_l1,couch_l1,bed_b2,coffee_table_l1,cupboard_k1,sink_k1,counter_k1,kitchen_table_k1,couch_l1,entry_floor_e1
3720,d02 Wed 14:00,desk_b1,nightstand_b1,entry_table_e1,desk_b1,couch_l1,couch_l1,kitchen_table_k1,entry_table_e1,bathroom_shelf_ba1,couch_l1,couch_l1,couch_l1,bed_b2,coffee_table_l1,cupboard_k1,sink_k1,counter_k1,kitchen_table_k1,couch_l1,entry_floor_e1
3780,d02 Wed 15:00,desk_b1,nightstand_b1,entry_table_e1,desk_b1,couch_l1,couch_l1,kitchen_table_k1,entry_table_e1,bathroom_shelf_ba1,couch_l1,couch_l1,couch_l1,bed_b2,coffee_table_l1,cupboard_k1,sink_k1,counter_k1,kitchen_table_k1,couch_l1,entry_floor_e1
3840,d02 Wed 16:00,desk_b1,nightstand_b1,entry_table_e1,desk_b1,couch_l1,couch_l1,kitchen_table_k1,entry_table_e1,bathroom_shelf_ba1,couch_l1,couch_l1,couch_l1,bed_b2,coffee_table_l1,cupboard_k1,sink_k1,counter_k1,kitchen_table_k1,couch_l1,entry_floor_e1
3900,d02 Wed 17:00,desk_b1,nightstand_b1,entry_table_e1,desk_b1,couch_l1,couch_l1,kitchen_table_k1,entry_table_e1,bathroom_shelf_ba1,kitchen_table_k1,kitchen_table_k1,couch_l1,couch_l1,counter_k1,cupboard_k1,cupboard_k1,couch_l1,kitchen_table_k1,couch_l1,entry_floor_e1
3960,d02 Wed 18:00,desk_b1,nightstand_b1,entry_table_e1,desk_b1,couch_l1,couch_l1,kitchen_table_k1,entry_table_e1,bathroom_shelf_ba1,kitchen_table_k1,kitchen_table_k1,couch_l1,couch_l1,counter_k1,cupboard_k1,cupboard_k1,couch_l1,kitchen_table_k1,coffee_table_l1,entry_floor_e1
4020,d02 Wed 19:00,desk_b1,nightstand_b1,entry_table_e1,desk_b1,coffee_table_l1,coffee_table_l1,kitchen_table_k1,counter_k1,bathroom_shelf_ba1,kitchen_table_k1,couch_l1,couch_l1,bed_b2,kitchen_table_k1,kitchen_table_k1,counter_k1,counter_k1,kitchen_table_k1,couch_l1,entry_floor_e1
4080,d02 Wed 20:00,desk_b1,nightstand_b1,entry_table_e1,desk_b1,counter_k1,coffee_table_l1,kitchen_table_k1,counter_k1,nightstand_b1,kitchen_table_k1,kitchen_table_k1,counter_k1,bed_b2,kitchen_table_k1,kitchen_table_k1,cupboard_k1,counter_k1,kitchen_table_k1,coffee_table_l1,entry_floor_e1
4140,d02 Wed 21:00,desk_b1,nightstand_b1,entry_table_e1,desk_b1,counter_k1,couch_l1,couch_l1,entry_table_e1,nightstand_b1,kitchen_table_k1,kitchen_table_k1,counter_k1,bed_b2,counter_k1,kitchen_table_k1,cupboard_k1,counter_k1,kitchen_table_k1,couch_l1,entry_floor_e1
4200,d02 Wed 22:00,desk_b1,nightstand_b1,entry_table_e1,desk_b1,counter_k1,couch_l1,couch_l1,entry_table_e1,nightstand_b1,kitchen_table_k1,kitchen_table_k1,counter_k1,bed_b2,counter_k1,kitchen_table_k1,cupboard_k1,counter_k1,kitchen_table_k1,couch_l1,entry_floor_e1
4260,d02 Wed 23:00,desk_b1,nightstand_b1,entry_table_e1,armchair_l1,counter_k1,couch_l1,armchair_l1,entry_table_e1,bed_b1,couch_l1,kitchen_table_k1,counter_k1,bed_b2,counter_k1,kitchen_table_k1,cupboard_k1,counter_k1,kitchen_table_k1,coffee_table_l1,entry_floor_e1
4320,d03 Thu 00:00,desk_b1,nightstand_b1,entry_table_e1,armchair_l1,counter_k1,couch_l1,armchair_l1,entry_table_e1,bed_b1,couch_l1,kitchen_table_k1,counter_k1,bed_b2,counter_k1,kitchen_table_k1,cupboard_k1,counter_k1,kitchen_table_k1,coffee_table_l1,entry_floor_e1
4380,d03 Thu 01:00,desk_b1,nightstand_b1,entry_table_e1,armchair_l1,counter_k1,couch_l1,armchair_l1,entry_table_e1,bed_b1,couch_l1,kitchen_table_k1,counter_k1,bed_b2,counter_k1,kitchen_table_k1,cupboard_k1,counter_k1,kitchen_table_k1,coffee_table_l1,entry_floor_e1
4440,d03 Thu 02:00,desk_b1,nightstand_b1,entry_table_e1,armchair_l1,counter_k1,couch_l1,armchair_l1,entry_table_e1,bed_b1,couch_l1,kitchen_table_k1,counter_k1,bed_b2,counter_k1,kitchen_table_k1,cupboard_k1,counter_k1,kitchen_table_k1,coffee_table_l1,entry_floor_e1
4500,d03 Thu 03:00,desk_b1,nightstand_b1,entry_table_e1,armchair_l1,counter_k1,couch_l1,armchair_l1,entry_table_e1,bed_b1,couch_l1,kitchen_table_k1,counter_k1,bed_b2,counter_k1,kitchen_table_k1,cupboard_k1,counter_k1,kitchen_table_k1,coffee_table_l1,entry_floor_e1
4560,d03 Thu 04:00,desk_b1,nightstand_b1,entry_table_e1,armchair_l1,counter_k1,couch_l1,armchair_l1,entry_table_e1,bed_b1,couch_l1,kitchen_table_k1,counter_k1,bed_b2,counter_k1,kitchen_table_k1,cupboard_k1,counter_k1,kitchen_table_k1,coffee_table_l1,entry_floor_e1
4620,d03 Thu 05:00,desk_b1,nightstand_b1,entry_table_e1,armchair_l1,counter_k1,couch_l1,armchair_l1,entry_table_e1,bed_b1,couch_l1,kitchen_table_k1,counter_k1,bed_b2,counter_k1,kitchen_table_k1,cupboard_k1,counter_k1,kitchen_table_k1,coffee_table_l1,entry_floor_e1
4680,d03 Thu 06:00,desk_b1,nightstand_b1,entry_table_e1,armchair_l1,counter_k1,couch_l1,armchair_l1,entry_table_e1,bed_b1,couch_l1,kitchen_table_k1,counter_k1,bed_b2,counter_k1,kitchen_table_k1,cupboard_k1,counter_k1,kitchen_table_k1,coffee_table_l1,entry_floor_e1
4740,d03 Thu 07:00,desk_b1,nightstand_b1,entry_table_e1,desk_b1,counter_k1,couch_l1,kitchen_table_k1,entry_table_e1,bathroom_shelf_ba1,couch_l1,kitchen_table_k1,couch_l1,bed_b2,couch_l1,cupboard_k1,cupboard_k1,couch_l1,couch_l1,couch_l1,entry_floor_e1
4800,d03 Thu 08:00,desk_b1,kitchen_table_k1,entry_table_e1,desk_b1,kitchen_table_k1,kitchen_table_k1,kitchen_table_k1,entry_table_e1,bathroom_shelf_ba1,kitchen_table_k1,kitchen_table_k1,couch_l1,bed_b2,counter_k1,cupboard_k1,cupboard_k1,kitchen_table_k1,kitchen_table_k1,coffee_table_l1,entry_floor_e1
4860,d03 Thu 09:00,desk_b1,kitchen_table_k1,entry_table_e1,desk_b1,kitchen_table_k1,kitchen_table_k1,kitchen_table_k1,entry_table_e1,bathroom_shelf_ba1,kitchen_table_k1,kitchen_table_k1,couch_l1,bed_b2,counter_k1,cupboard_k1,cupboard_k1,kitchen_table_k1,kitchen_table_k1,coffee_table_l1,entry_floor_e1
4920,d03 Thu 10:00,desk_b1,nightstand_b1,entry_table_e1,kitchen_table_k1,counter_k1,kitchen_table_k1,couch_l1,kitchen_table_k1,bathroom_shelf_ba1,couch_l1,desk_b1,couch_l1,couch_l1,counter_k1,dish_rack_k1,cupboard_k1,counter_k1,counter_k1,coffee_table_l1,entry_floor_e1
4980,d03 Thu 11:00,desk_b1,nightstand_b1,entry_table_e1,kitchen_table_k1,counter_k1,kitchen_table_k1,kitchen_table_k1,entry_table_e1,bathroom_shelf_ba1,couch_l1,desk_b1,couch_l1,couch_l1,counter_k1,cupboard_k1,cupboard_k1,counter_k1,counter_k1,coffee_table_l1,entry_floor_e1
5040,d03 Thu 12:00,desk_b1,counter_k1,entry_table_e1,kitchen_table_k1,counter_k1,couch_l1,kitchen_table_k1,couch_l1,bathroom_shelf_ba1,kitchen_table_k1,couch_l1,couch_l1,couch_l1,couch_l1,cupboard_k1,couch_l1,desk_b1,kitchen_table_k1,couch_l1,entry_floor_e1
5100,d03 Thu 13:00,desk_b1,nightstand_b1,entry_table_e1,couch_l1,couch_l1,couch_l1,couch_l1,couch_l1,bathroom_shelf_ba1,couch_l1,couch_l1,couch_l1,bed_b2,counter_k1,cupboard_k1,counter_k1,couch_l1,couch_l1,counter_k1,entry_floor_e1
5160,d03 Thu 14:00,desk_b1,nightstand_b1,entry_table_e1,desk_b1,couch_l1,couch_l1,kitchen_table_k1,entry_table_e1,bathroom_shelf_ba1,kitchen_table_k1,couch_l1,couch_l1,bed_b2,counter_k1,cupboard_k1,counter_k1,couch_l1,couch_l1,counter_k1,entry_floor_e1
5220,d03 Thu 15:00,desk_b1,nightstand_b1,entry_table_e1,desk_b1,couch_l1,couch_l1,kitchen_table_k1,entry_table_e1,bathroom_shelf_ba1,armchair_l1,couch_l1,couch_l1,bed_b2,counter_k1,cupboard_k1,counter_k1,couch_l1,couch_l1,counter_k1,entry_floor_e1
5280,d03 Thu 16:00,desk_b1,nightstand_b1,entry_table_e1,desk_b1,couch_l1,couch_l1,kitchen_table_k1,entry_table_e1,bathroom_shelf_ba1,armchair_l1,couch_l1,couch_l1,bed_b2,counter_k1,cupboard_k1,counter_k1,couch_l1,couch_l1,counter_k1,entry_floor_e1
5340,d03 Thu 17:00,desk_b1,nightstand_b1,entry_table_e1,desk_b1,couch_l1,couch_l1,kitchen_table_k1,entry_table_e1,bathroom_shelf_ba1,kitchen_table_k1,coffee_table_l1,couch_l1,couch_l1,coffee_table_l1,cupboard_k1,counter_k1,couch_l1,couch_l1,coffee_table_l1,entry_floor_e1
5400,d03 Thu 18:00,desk_b1,nightstand_b1,entry_table_e1,desk_b1,coffee_table_l1,coffee_table_l1,kitchen_table_k1,entry_table_e1,bathroom_shelf_ba1,kitchen_table_k1,coffee_table_l1,couch_l1,couch_l1,coffee_table_l1,cupboard_k1,sink_k1,coffee_table_l1,couch_l1,coffee_table_l1,entry_floor_e1
5460,d03 Thu 19:00,bed_b1,desk_b1,kitchen_table_k1,kitchen_table_k1,counter_k1,couch_l1,kitchen_table_k1,entry_table_e1,bathroom_shelf_ba1,kitchen_table_k1,couch_l1,couch_l1,couch_l1,kitchen_table_k1,kitchen_table_k1,cupboard_k1,counter_k1,couch_l1,coffee_table_l1,entry_floor_e1
5520,d03 Thu 20:00,bed_b1,couch_l1,entry_table_e1,desk_b1,counter_k1,couch_l1,couch_l1,entry_table_e1,nightstand_b1,couch_l1,coffee_table_l1,counter_k1,couch_l1,counter_k1,dish_rack_k1,cupboard_k1,counter_k1,couch_l1,couch_l1,entry_floor_e1
5580,d03 Thu 21:00,bed_b1,couch_l1,entry_table_e1,desk_b1,counter_k1,couch_l1,couch_l1,entry_table_e1,nightstand_b1,couch_l1,coffee_table_l1,counter_k1,couch_l1,counter_k1,dish_rack_k1,cupboard_k1,counter_k1,couch_l1,couch_l1,entry_floor_e1
5640,d03 Thu 22:00,bed_b1,couch_l1,entry_table_e1,desk_b1,counter_k1,couch_l1,couch_l1,entry_table_e1,nightstand_b1,couch_l1,coffee_table_l1,counter_k1,couch_l1,counter_k1,dish_rack_k1,cupboard_k1,counter_k1,couch_l1,couch_l1,entry_floor_e1
5700,d03 Thu 23:00,bed_b1,armchair_l1,entry_table_e1,armchair_l1,counter_k1,couch_l1,couch_l1,entry_table_e1,bed_b1,couch_l1,coffee_table_l1,counter_k1,couch_l1,counter_k1,dish_rack_k1,cupboard_k1,counter_k1,couch_l1,armchair_l1,entry_floor_e1
5760,d04 Fri 00:00,bed_b1,armchair_l1,entry_table_e1,armchair_l1,counter_k1,couch_l1,couch_l1,entry_table_e1,nightstand_b1,couch_l1,coffee_table_l1,counter_k1,couch_l1,counter_k1,dish_rack_k1,cupboard_k1,counter_k1,couch_l1,armchair_l1,entry_floor_e1
5820,d04 Fri 01:00,bed_b1,armchair_l1,entry_table_e1,armchair_l1,counter_k1,couch_l1,couch_l1,entry_table_e1,nightstand_b1,couch_l1,coffee_table_l1,counter_k1,couch_l1,counter_k1,dish_rack_k1,cupboard_k1,counter_k1,couch_l1,armchair_l1,entry_floor_e1
5880,d04 Fri 02:00,bed_b1,armchair_l1,entry_table_e1,armchair_l1,counter_k1,couch_l1,couch_l1,entry_table_e1,nightstand_b1,couch_l1,coffee_table_l1,counter_k1,couch_l1,counter_k1,dish_rack_k1,cupboard_k1,counter_k1,couch_l1,armchair_l1,entry_floor_e1
5940,d04 Fri 03:00,bed_b1,armchair_l1,entry_table_e1,armchair_l1,counter_k1,couch_l1,couch_l1,entry_table_e1,nightstand_b1,couch_l1,coffee_table_l1,counter_k1,couch_l1,counter_k1,dish_rack_k1,cupboard_k1,counter_k1,couch_l1,armchair_l1,entry_floor_e1
6000,d04 Fri 04:00,bed_b1,armchair_l1,entry_table_e1,armchair_l1,counter_k1,couch_l1,couch_l1,entry_table_e1,nightstand_b1,couch_l1,coffee_table_l1,counter_k1,couch_l1,counter_k1,dish_rack_k1,cupboard_k1,counter_k1,couch_l1,armchair_l1,entry_floor_e1
6060,d04 Fri 05:00,bed_b1,armchair_l1,entry_table_e1,armchair_l1,counter_k1,couch_l1,couch_l1,entry_table_e1,nightstand_b1,couch_l1,coffee_table_l1,counter_k1,couch_l1,counter_k1,dish_rack_k1,cupboard_k1,counter_k1,couch_l1,armchair_l1,entry_floor_e1
6120,d04 Fri 06:00,bed_b1,armchair_l1,entry_table_e1,armchair_l1,counter_k1,couch_l1,couch_l1,entry_table_e1,nightstand_b1,couch_l1,coffee_table_l1,counter_k1,couch_l1,counter_k1,dish_rack_k1,cupboard_k1,counter_k1,couch_l1,armchair_l1,entry_floor_e1
6180,d04 Fri 07:00,desk_b1,nightstand_b1,entry_table_e1,desk_b1,counter_k1,couch_l1,kitchen_table_k1,entry_table_e1,bathroom_shelf_ba1,kitchen_table_k1,kitchen_table_k1,couch_l1,bed_b2,counter_k1,cupboard_k1,cupboard_k1,counter_k1,kitchen_table_k1,coffee_table_l1,entry_floor_e1
6240,d04 Fri 08:00,desk_b1,kitchen_table_k1,desk_b1,desk_b1,counter_k1,kitchen_table_k1,kitchen_table_k1,entry_table_e1,bathroom_shelf_ba1,kitchen_table_k1,kitchen_table_k1,couch_l1,couch_l1,counter_k1,cupboard_k1,cupboard_k1,counter_k1,counter_k1,coffee_table_l1,entry_floor_e1
6300,d04 Fri 09:00,desk_b1,nightstand_b1,entry_table_e1,desk_b1,couch_l1,couch_l1,kitchen_table_k1,couch_l1,bathroom_shelf_ba1,kitchen_table_k1,couch_l1,couch_l1,bed_b2,couch_l1,dish_rack_k1,cupboard_k1,couch_l1,kitchen_table_k1,couch_l1,entry_floor_e1
6360,d04 Fri 10:00,desk_b1,nightstand_b1,entry_table_e1,desk_b1,couch_l1,couch_l1,kitchen_table_k1,couch_l1,bathroom_shelf_ba1,kitchen_table_k1,couch_l1,couch_l1,bed_b2,couch_l1,dish_rack_k1,cupboard_k1,couch_l1,kitchen_table_k1,couch_l1,entry_floor_e1
6420,d04 Fri 11:00,desk_b1,nightstand_b1,entry_table_e1,desk_b1,couch_l1,couch_l1,kitchen_table_k1,couch_l1,bathroom_shelf_ba1,kitchen_table_k1,couch_l1,couch_l1,bed_b2,couch_l1,dish_rack_k1,cupboard_k1,couch_l1,kitchen_table_k1,couch_l1,entry_floor_e1
6480,d04 Fri 12:00,desk_b1,nightstand_b1,entry_table_e1,desk_b1,couch_l1,couch_l1,kitchen_table_k1,couch_l1,bathroom_shelf_ba1,kitchen_table_k1,couch_l1,couch_l1,bed_b2,couch_l1,dish_rack_k1,cupboard_k1,couch_l1,kitchen_table_k1,couch_l1,entry_floor_e1
6540,d04 Fri 13:00,desk_b1,nightstand_b1,entry_table_e1,kitchen_table_k1,counter_k1,couch_l1,couch_l1,entry_table_e1,bathroom_shelf_ba1,couch_l1,couch_l1,couch_l1,bed_b2,couch_l1,dish_rack_k1,couch_l1,kitchen_table_k1,kitchen_table_k1,couch_l1,entry_floor_e1
6600,d04 Fri 14:00,desk_b1,nightstand_b1,entry_table_e1,kitchen_table_k1,counter_k1,couch_l1,couch_l1,entry_table_e1,bathroom_shelf_ba1,couch_l1,kitchen_table_k1,couch_l1,bed_b2,counter_k1,dish_rack_k1,couch_l1,couch_l1,kitchen_table_k1,couch_l1,entry_floor_e1
6660,d04 Fri 15:00,desk_b1,nightstand_b1,entry_table_e1,kitchen_table_k1,counter_k1,couch_l1,couch_l1,entry_table_e1,bathroom_shelf_ba1,couch_l1,kitchen_table_k1,sink_k1,bed_b2,counter_k1,dish_rack_k1,couch_l1,couch_l1,kitchen_table_k1,couch_l1,entry_floor_e1
6720,d04 Fri 16:00,desk_b1,nightstand_b1,entry_table_e1,desk_b1,counter_k1,couch_l1,couch_l1,couch_l1,bathroom_shelf_ba1,couch_l1,couch_l1,couch_l1,bed_b2,counter_k1,dish_rack_k1,couch_l1,couch_l1,couch_l1,couch_l1,entry_floor_e1
6780,d04 Fri 17:00,desk_b1,nightstand_b1,entry_table_e1,desk_b1,counter_k1,couch_l1,counter_k1,entry_table_e1,bathroom_shelf_ba1,couch_l1,kitchen_table_k1,couch_l1,bed_b2,counter_k1,dish_rack_k1,cupboard_k1,couch_l1,kitchen_table_k1,coffee_table_l1,entry_floor_e1
6840,d04 Fri 18:00,bed_b1,kitchen_table_k1,kitchen_table_k1,desk_b1,desk_b1,couch_l1,kitchen_table_k1,entry_table_e1,bathroom_shelf_ba1,kitchen_table_k1,kitchen_table_k1,couch_l1,bed_b2,counter_k1,dish_rack_k1,cupboard_k1,counter_k1,counter_k1,coffee_table_l1,entry_floor_e1
6900,d04 Fri 19:00,desk_b1,nightstand_b1,entry_table_e1,desk_b1,counter_k1,couch_l1,kitchen_table_k1,entry_table_e1,bathroom_shelf_ba1,kitchen_table_k1,kitchen_table_k1,couch_l1,bed_b2,counter_k1,cupboard_k1,cupboard_k1,counter_k1,kitchen_table_k1,coffee_table_l1,entry_floor_e1
6960,d04 Fri 20:00,desk_b1,nightstand_b1,entry_table_e1,desk_b1,counter_k1,couch_l1,kitchen_table_k1,entry_table_e1,bathroom_shelf_ba1,kitchen_table_k1,kitchen_table_k1,counter_k1,bed_b2,counter_k1,sink_k1,cupboard_k1,counter_k1,kitchen_table_k1,coffee_table_l1,entry_floor_e1
7020,d04 Fri 21:00,desk_b1,armchair_l1,entry_table_e1,desk_b1,counter_k1,couch_l1,kitchen_table_k1,entry_table_e1,bathroom_shelf_ba1,kitchen_table_k1,kitchen_table_k1,counter_k1,bed_b2,counter_k1,sink_k1,cupboard_k1,counter_k1,kitchen_table_k1,coffee_table_l1,entry_floor_e1
7080,d04 Fri 22:00,desk_b1,armchair_l1,entry_table_e1,desk_b1,counter_k1,couch_l1,kitchen_table_k1,entry_table_e1,bed_b1,kitchen_table_k1,kitchen_table_k1,counter_k1,bed_b2,counter_k1,sink_k1,cupboard_k1,counter_k1,kitchen_table_k1,coffee_table_l1,entry_floor_e1
7140,d04 Fri 23:00,desk_b1,armchair_l1,counter_k1,desk_b1,counter_k1,couch_l1,kitchen_table_k1,entry_table_e1,bed_b1,kitchen_table_k1,kitchen_table_k1,counter_k1,bed_b2,counter_k1,sink_k1,cupboard_k1,counter_k1,kitchen_table_k1,coffee_table_l1,entry_floor_e1
7200,d05 Sat 00:00,desk_b1,armchair_l1,counter_k1,desk_b1,counter_k1,couch_l1,kitchen_table_k1,entry_table_e1,bed_b1,kitchen_table_k1,kitchen_table_k1,counter_k1,bed_b2,counter_k1,sink_k1,cupboard_k1,counter_k1,kitchen_table_k1,coffee_table_l1,entry_floor_e1
7260,d05 Sat 01:00,desk_b1,armchair_l1,counter_k1,desk_b1,counter_k1,couch_l1,kitchen_table_k1,entry_table_e1,bed_b1,kitchen_table_k1,kitchen_table_k1,counter_k1,bed_b2,counter_k1,sink_k1,cupboard_k1,counter_k1,kitchen_table_k1,coffee_table_l1,entry_floor_e1
7320,d05 Sat 02:00,desk_b1,armchair_l1,counter_k1,desk_b1,counter_k1,couch_l1,kitchen_table_k1,entry_table_e1,bed_b1,kitchen_table_k1,kitchen_table_k1,counter_k1,bed_b2,counter_k1,sink_k1,cupboard_k1,counter_k1,kitchen_table_k1,coffee_table_l1,entry_floor_e1
7380,d05 Sat 03:00,desk_b1,armchair_l1,counter_k1,desk_b1,counter_k1,couch_l1,kitchen_table_k1,entry_table_e1,bed_b1,kitchen_table_k1,kitchen_table_k1,counter_k1,bed_b2,counter_k1,sink_k1,cupboard_k1,counter_k1,kitchen_table_k1,coffee_table_l1,entry_floor_e1
7440,d05 Sat 04:00,desk_b1,armchair_l1,counter_k1,desk_b1,counter_k1,couch_l1,kitchen_table_k1,entry_table_e1,bed_b1,kitchen_table_k1,kitchen_table_k1,counter_k1,bed_b2,counter_k1,sink_k1,cupboard_k1,counter_k1,kitchen_table_k1,coffee_table_l1,entry_floor_e1
7500,d05 Sat 05:00,desk_b1,armchair_l1,counter_k1,desk_b1,counter_k1,couch_l1,kitchen_table_k1,entry_table_e1,bed_b1,kitchen_table_k1,kitchen_table_k1,counter_k1,bed_b2,counter_k1,sink_k1,cupboard_k1,counter_k1,kitchen_table_k1,coffee_table_l1,entry_floor_e1
7560,d05 Sat 06:00,desk_b1,armchair_l1,counter_k1,desk_b1,counter_k1,couch_l1,kitchen_table_k1,entry_table_e1,bed_b1,kitchen_table_k1,kitchen_table_k1,counter_k1,bed_b2,counter_k1,kitchen_table_k1,kitchen_table_k1,counter_k1,kitchen_table_k1,coffee_table_l1,entry_floor_e1
7620,d05 Sat 07:00,desk_b1,nightstand_b1,entry_table_e1,desk_b1,counter_k1,couch_l1,kitchen_table_k1,entry_table_e1,nightstand_b1,kitchen_table_k1,kitchen_table_k1,counter_k1,bed_b2,counter_k1,cupboard_k1,kitchen_table_k1,counter_k1,kitchen_table_k1,coffee_table_l1,entry_floor_e1
7680,d05 Sat 08:00,desk_b1,nightstand_b1,entry_table_e1,desk_b1,counter_k1,couch_l1,kitchen_table_k1,entry_table_e1,bathroom_shelf_ba1,kitchen_table_k1,kitchen_table_k1,couch_l1,bed_b2,counter_k1,cupboard_k1,cupboard_k1,counter_k1,kitchen_table_k1,coffee_table_l1,entry_floor_e1
7740,d05 Sat 09:00,desk_b1,nightstand_b1,entry_table_e1,desk_b1,counter_k1,couch_l1,kitchen_table_k1,entry_table_e1,bathroom_shelf_ba1,kitchen_table_k1,kitchen_table_k1,couch_l1,bed_b2,counter_k1,cupboard_k1,sink_k1,counter_k1,kitchen_table_k1,coffee_table_l1,entry_floor_e1
7800,d05 Sat 10:00,desk_b1,nightstand_b1,entry_table_e1,desk_b1,counter_k1,couch_l1,kitchen_table_k1,entry_table_e1,bathroom_shelf_ba1,kitchen_table_k1,couch_l1,couch_l1,couch_l1,counter_k1,dish_rack_k1,sink_k1,couch_l1,couch_l1,couch_l1,entry_floor_e1
7860,d05 Sat 11:00,desk_b1,nightstand_b1,entry_table_e1,desk_b1,counter_k1,couch_l1,kitchen_table_k1,entry_table_e1,bathroom_shelf_ba1,kitchen_table_k1,couch_l1,couch_l1,couch_l1,counter_k1,dish_rack_k1,cupboard_k1,couch_l1,couch_l1,couch_l1,entry_floor_e1
7920,d05 Sat 12:00,desk_b1,nightstand_b1,entry_table_e1,desk_b1,counter_k1,couch_l1,kitchen_table_k1,entry_table_e1,bathroom_shelf_ba1,kitchen_table_k1,couch_l1,couch_l1,couch_l1,counter_k1,dish_rack_k1,cupboard_k1,couch_l1,couch_l1,couch_l1,entry_floor_e1
7980,d05 Sat 13:00,desk_b1,nightstand_b1,entry_table_e1,desk_b1,counter_k1,couch_l1,kitchen_table_k1,entry_table_e1,bathroom_shelf_ba1,kitchen_table_k1,couch_l1,couch_l1,couch_l1,counter_k1,dish_rack_k1,cupboard_k1,couch_l1,couch_l1,couch_l1,entry_floor_e1
8040,d05 Sat 14:00,desk_b1,nightstand_b1,entry_table_e1,desk_b1,couch_l1,couch_l1,kitchen_table_k1,entry_table_e1,bathroom_shelf_ba1,kitchen_table_k1,couch_l1,couch_l1,bed_b2,counter_k1,dish_rack_k1,couch_l1,counter_k1,couch_l1,coffee_table_l1,entry_floor_e1
8100,d05 Sat 15:00,desk_b1,nightstand_b1,entry_table_e1,desk_b1,couch_l1,couch_l1,kitchen_table_k1,entry_table_e1,bathroom_shelf_ba1,kitchen_table_k1,couch_l1,couch_l1,bed_b2,counter_k1,dish_rack_k1,couch_l1,counter_k1,couch_l1,coffee_table_l1,entry_floor_e1
8160,d05 Sat 16:00,desk_b1,nightstand_b1,entry_table_e1,desk_b1,couch_l1,couch_l1,kitchen_table_k1,entry_table_e1,bathroom_shelf_ba1,kitchen_table_k1,couch_l1,couch_l1,bed_b2,counter_k1,dish_rack_k1,couch_l1,counter_k1,couch_l1,coffee_table_l1,entry_table_e1
8220,d05 Sat 17:00,desk_b1,nightstand_b1,entry_table_e1,desk_b1,couch_l1,couch_l1,kitchen_table_k1,entry_table_e1,bathroom_shelf_ba1,kitchen_table_k1,couch_l1,couch_l1,bed_b2,counter_k1,dish_rack_k1,couch_l1,counter_k1,couch_l1,coffee_table_l1,entry_table_e1
8280,d05 Sat 18:00,desk_b1,nightstand_b1,entry_table_e1,desk_b1,couch_l1,couch_l1,kitchen_table_k1,entry_table_e1,bathroom_shelf_ba1,kitchen_table_k1,coffee_table_l1,counter_k1,couch_l1,counter_k1,dish_rack_k1,couch_l1,coffee_table_l1,coffee_table_l1,coffee_table_l1,entry_table_e1
8340,d05 Sat 19:00,desk_b1,nightstand_b1,entry_table_e1,desk_b1,counter_k1,couch_l1,kitchen_table_k1,bookshelf_l1,bathroom_shelf_ba1,kitchen_table_k1,kitchen_table_k1,couch_l1,bed_b2,counter_k1,cupboard_k1,cupboard_k1,counter_k1,kitchen_table_k1,coffee_table_l1,entry_floor_e1
8400,d05 Sat 20:00,desk_b1,nightstand_b1,entry_table_e1,desk_b1,counter_k1,couch_l1,kitchen_table_k1,bookshelf_l1,bathroom_shelf_ba1,kitchen_table_k1,kitchen_table_k1,counter_k1,bed_b2,counter_k1,kitchen_table_k1,cupboard_k1,counter_k1,kitchen_table_k1,coffee_table_l1,entry_floor_e1
8460,d05 Sat 21:00,desk_b1,couch_l1,entry_table_e1,couch_l1,counter_k1,couch_l1,kitchen_table_k1,bookshelf_l1,bathroom_shelf_ba1,couch_l1,kitchen_table_k1,counter_k1,bed_b2,counter_k1,kitchen_table_k1,cupboard_k1,counter_k1,kitchen_table_k1,coffee_table_l1,entry_floor_e1
8520,d05 Sat 22:00,desk_b1,couch_l1,entry_table_e1,couch_l1,counter_k1,couch_l1,armchair_l1,bookshelf_l1,nightstand_b1,kitchen_table_k1,kitchen_table_k1,couch_l1,bed_b2,counter_k1,kitchen_table_k1,cupboard_k1,counter_k1,kitchen_table_k1,couch_l1,entry_floor_e1
8580,d05 Sat 23:00,desk_b1,armchair_l1,entry_table_e1,couch_l1,counter_k1,couch_l1,armchair_l1,bookshelf_l1,bed_b1,coffee_table_l1,kitchen_table_k1,couch_l1,bed_b2,counter_k1,kitchen_table_k1,cupboard_k1,counter_k1,kitchen_table_k1,couch_l1,entry_floor_e1
8640,d06 Sun 00:00,desk_b1,coffee_table_l1,entry_table_e1,armchair_l1,counter_k1,couch_l1,couch_l1,bookshelf_l1,bed_b1,coffee_table_l1,kitchen_table_k1,couch_l1,bed_b2,counter_k1,kitchen_table_k1,cupboard_k1,counter_k1,kitchen_table_k1,armchair_l1,entry_floor_e1
8700,d06 Sun 01:00,desk_b1,coffee_table_l1,entry_table_e1,armchair_l1,counter_k1,couch_l1,couch_l1,bookshelf_l1,bed_b1,coffee_table_l1,kitchen_table_k1,couch_l1,bed_b2,counter_k1,kitchen_table_k1,cupboard_k1,counter_k1,kitchen_table_k1,armchair_l1,entry_floor_e1
8760,d06 Sun 02:00,desk_b1,coffee_table_l1,entry_table_e1,armchair_l1,counter_k1,couch_l1,couch_l1,bookshelf_l1,bed_b1,coffee_table_l1,kitchen_table_k1,couch_l1,bed_b2,counter_k1,kitchen_table_k1,cupboard_k1,counter_k1,kitchen_table_k1,armchair_l1,entry_floor_e1
8820,d06 Sun 03:00,desk_b1,coffee_table_l1,counter_k1,armchair_l1,counter_k1,couch_l1,couch_l1,bookshelf_l1,bed_b1,coffee_table_l1,kitchen_table_k1,couch_l1,bed_b2,counter_k1,kitchen_table_k1,cupboard_k1,counter_k1,kitchen_table_k1,armchair_l1,entry_floor_e1
8880,d06 Sun 04:00,desk_b1,coffee_table_l1,counter_k1,armchair_l1,counter_k1,couch_l1,couch_l1,bookshelf_l1,bed_b1,coffee_table_l1,kitchen_table_k1,couch_l1,bed_b2,counter_k1,kitchen_table_k1,cupboard_k1,counter_k1,kitchen_table_k1,armchair_l1,entry_floor_e1
8940,d06 Sun 05:00,desk_b1,coffee_table_l1,counter_k1,armchair_l1,counter_k1,couch_l1,couch_l1,bookshelf_l1,bed_b1,coffee_table_l1,kitchen_table_k1,couch_l1,bed_b2,counter_k1,kitchen_table_k1,cupboard_k1,counter_k1,kitchen_table_k1,armchair_l1,entry_floor_e1
9000,d06 Sun 06:00,desk_b1,coffee_table_l1,counter_k1,armchair_l1,counter_k1,couch_l1,couch_l1,bookshelf_l1,nightstand_b1,coffee_table_l1,kitchen_table_k1,couch_l1,bed_b2,counter_k1,cupboard_k1,kitchen_table_k1,counter_k1,kitchen_table_k1,armchair_l1,entry_floor_e1
9060,d06 Sun 07:00,desk_b1,nightstand_b1,entry_table_e1,desk_b1,counter_k1,couch_l1,kitchen_table_k1,entry_table_e1,bathroom_shelf_ba1,kitchen_table_k1,kitchen_table_k1,couch_l1,bed_b2,counter_k1,cupboard_k1,cupboard_k1,counter_k1,kitchen_table_k1,coffee_table_l1,entry_floor_e1
9120,d06 Sun 08:00,desk_b1,nightstand_b1,entry_table_e1,desk_b1,counter_k1,couch_l1,kitchen_table_k1,entry_table_e1,bathroom_shelf_ba1,kitchen_table_k1,kitchen_table_k1,couch_l1,bed_b2,counter_k1,cupboard_k1,cupboard_k1,counter_k1,kitchen_table_k1,coffee_table_l1,entry_floor_e1
9180,d06 Sun 09:00,desk_b1,nightstand_b1,entry_table_e1,desk_b1,counter_k1,couch_l1,kitchen_table_k1,entry_table_e1,bathroom_shelf_ba1,kitchen_table_k1,kitchen_table_k1,couch_l1,bed_b2,tv_stand_l1,dish_rack_k1,dish_rack_k1,counter_k1,kitchen_table_k1,coffee_table_l1,entry_floor_e1
9240,d06 Sun 10:00,desk_b1,nightstand_b1,entry_table_e1,desk_b1,counter_k1,couch_l1,kitchen_table_k1,entry_table_e1,bathroom_shelf_ba1,kitchen_table_k1,kitchen_table_k1,couch_l1,bed_b2,tv_stand_l1,dish_rack_k1,dish_rack_k1,counter_k1,kitchen_table_k1,coffee_table_l1,entry_floor_e1
9300,d06 Sun 11:00,desk_b1,nightstand_b1,entry_table_e1,desk_b1,couch_l1,couch_l1,kitchen_table_k1,entry_table_e1,bathroom_shelf_ba1,kitchen_table_k1,kitchen_table_k1,couch_l1,bed_b2,counter_k1,sink_k1,kitchen_table_k1,couch_l1,couch_l1,coffee_table_l1,entry_floor_e1
9360,d06 Sun 12:00,desk_b1,nightstand_b1,entry_table_e1,desk_b1,couch_l1,couch_l1,kitchen_table_k1,entry_table_e1,bathroom_shelf_ba1,kitchen_table_k1,kitchen_table_k1,couch_l1,bed_b2,counter_k1,sink_k1,kitchen_table_k1,couch_l1,couch_l1,coffee_table_l1,entry_floor_e1
9420,d06 Sun 13:00,desk_b1,nightstand_b1,entry_table_e1,desk_b1,couch_l1,couch_l1,kitchen_table_k1,entry_table_e1,bathroom_shelf_ba1,kitchen_table_k1,kitchen_table_k1,couch_l1,bed_b2,counter_k1,sink_k1,kitchen_table_k1,couch_l1,couch_l1,coffee_table_l1,entry_floor_e1
9480,d06 Sun 14:00,desk_b1,nightstand_b1,entry_table_e1,desk_b1,couch_l1,couch_l1,kitchen_table_k1,entry_table_e1,bathroom_shelf_ba1,kitchen_table_k1,kitchen_table_k1,couch_l1,bed_b2,counter_k1,sink_k1,kitchen_table_k1,couch_l1,couch_l1,coffee_table_l1,entry_floor_e1
9540,d06 Sun 15:00,desk_b1,nightstand_b1,entry_table_e1,desk_b1,couch_l1,couch_l1,couch_l1,entry_table_e1,bathroom_shelf_ba1,kitchen_table_k1,coffee_table_l1,couch_l1,bed_b2,counter_k1,sink_k1,sink_k1,counter_k1,kitchen_table_k1,coffee_table_l1,entry_floor_e1
9600,d06 Sun 16:00,desk_b1,nightstand_b1,entry_table_e1,desk_b1,couch_l1,couch_l1,couch_l1,entry_table_e1,bathroom_shelf_ba1,kitchen_table_k1,coffee_table_l1,couch_l1,bed_b2,counter_k1,sink_k1,sink_k1,counter_k1,kitchen_table_k1,coffee_table_l1,entry_floor_e1
9660,d06 Sun 17:00,desk_b1,nightstand_b1,entry_table_e1,desk_b1,couch_l1,couch_l1,couch_l1,entry_table_e1,bathroom_shelf_ba1,kitchen_table_k1,couch_l1,couch_l1,bed_b2,counter_k1,sink_k1,couch_l1,couch_l1,kitchen_table_k1,coffee_table_l1,entry_floor_e1
9720,d06 Sun 18:00,desk_b1,nightstand_b1,entry_table_e1,desk_b1,counter_k1,couch_l1,kitchen_table_k1,entry_table_e1,bathroom_shelf_ba1,kitchen_table_k1,kitchen_table_k1,couch_l1,bed_b2,counter_k1,cupboard_k1,couch_l1,couch_l1,kitchen_table_k1,coffee_table_l1,entry_floor_e1
9780,d06 Sun 19:00,desk_b1,nightstand_b1,entry_table_e1,desk_b1,coffee_table_l1,couch_l1,kitchen_table_k1,entry_table_e1,bathroom_shelf_ba1,kitchen_table_k1,couch_l1,kitchen_table_k1,couch_l1,kitchen_table_k1,kitchen_table_k1,cupboard_k1,counter_k1,kitchen_table_k1,couch_l1,entry_floor_e1
9840,d06 Sun 20:00,desk_b1,nightstand_b1,entry_table_e1,desk_b1,counter_k1,couch_l1,kitchen_table_k1,entry_table_e1,bathroom_shelf_ba1,kitchen_table_k1,kitchen_table_k1,counter_k1,bed_b2,counter_k1,sink_k1,cupboard_k1,counter_k1,kitchen_table_k1,couch_l1,entry_floor_e1
9900,d06 Sun 21:00,desk_b1,couch_l1,entry_table_e1,desk_b1,counter_k1,couch_l1,couch_l1,entry_table_e1,bathroom_shelf_ba1,couch_l1,kitchen_table_k1,counter_k1,bed_b2,counter_k1,sink_k1,cupboard_k1,counter_k1,kitchen_table_k1,couch_l1,entry_floor_e1
9960,d06 Sun 22:00,desk_b1,couch_l1,entry_table_e1,desk_b1,counter_k1,couch_l1,kitchen_table_k1,entry_table_e1,bathroom_shelf_ba1,kitchen_table_k1,kitchen_table_k1,couch_l1,bed_b2,counter_k1,sink_k1,cupboard_k1,counter_k1,kitchen_table_k1,coffee_table_l1,entry_floor_e1
10020,d06 Sun 23:00,desk_b1,coffee_table_l1,entry_table_e1,armchair_l1,counter_k1,couch_l1,couch_l1,entry_table_e1,bathroom_shelf_ba1,couch_l1,kitchen_table_k1,couch_l1,bed_b2,counter_k1,sink_k1,cupboard_k1,counter_k1,kitchen_table_k1,couch_l1,entry_floor_e1
10080,d07 Mon 00:00,desk_b1,coffee_table_l1,entry_table_e1,armchair_l1,counter_k1,couch_l1,couch_l1,entry_table_e1,bathroom_shelf_ba1,couch_l1,kitchen_table_k1,couch_l1,bed_b2,counter_k1,sink_k1,cupboard_k1,counter_k1,kitchen_table_k1,couch_l1,entry_floor_e1
10140,d07 Mon 01:00,desk_b1,coffee_table_l1,entry_table_e1,armchair_l1,counter_k1,couch_l1,couch_l1,entry_table_e1,bathroom_shelf_ba1,couch_l1,kitchen_table_k1,couch_l1,bed_b2,counter_k1,sink_k1,cupboard_k1,counter_k1,kitchen_table_k1,couch_l1,entry_floor_e1
10200,d07 Mon 02:00,desk_b1,coffee_table_l1,entry_table_e1,armchair_l1,counter_k1,couch_l1,couch_l1,entry_table_e1,bathroom_shelf_ba1,couch_l1,kitchen_table_k1,couch_l1,bed_b2,counter_k1,sink_k1,cupboard_k1,counter_k1,kitchen_table_k1,couch_l1,entry_floor_e1
10260,d07 Mon 03:00,desk_b1,coffee_table_l1,entry_table_e1,armchair_l1,counter_k1,couch_l1,couch_l1,entry_table_e1,bathroom_shelf_ba1,couch_l1,kitchen_table_k1,couch_l1,bed_b2,counter_k1,sink_k1,cupboard_k1,counter_k1,kitchen_table_k1,couch_l1,entry_floor_e1
10320,d07 Mon 04:00,desk_b1,coffee_table_l1,entry_table_e1,armchair_l1,counter_k1,couch_l1,couch_l1,entry_table_e1,bathroom_shelf_ba1,couch_l1,kitchen_table_k1,couch_l1,bed_b2,counter_k1,sink_k1,cupboard_k1,counter_k1,kitchen_table_k1,couch_l1,entry_floor_e1
10380,d07 Mon 05:00,desk_b1,coffee_table_l1,entry_table_e1,armchair_l1,counter_k1,couch_l1,couch_l1,entry_table_e1,bathroom_shelf_ba1,couch_l1,kitchen_table_k1,couch_l1,bed_b2,counter_k1,sink_k1,cupboard_k1,counter_k1,kitchen_table_k1,couch_l1,entry_floor_e1
10440,d07 Mon 06:00,desk_b1,coffee_table_l1,entry_table_e1,armchair_l1,counter_k1,couch_l1,couch_l1,entry_table_e1,bathroom_shelf_ba1,couch_l1,kitchen_table_k1,couch_l1,bed_b2,counter_k1,sink_k1,cupboard_k1,counter_k1,kitchen_table_k1,couch_l1,entry_floor_e1
10500,d07 Mon 07:00,desk_b1,coffee_table_l1,entry_table_e1,armchair_l1,counter_k1,couch_l1,couch_l1,entry_table_e1,bathroom_shelf_ba1,couch_l1,kitchen_table_k1,couch_l1,bed_b2,counter_k1,sink_k1,cupboard_k1,counter_k1,kitchen_table_k1,couch_l1,entry_floor_e1
10560,d07 Mon 08:00,bed_b1,nightstand_b1,entry_table_e1,desk_b1,counter_k1,couch_l1,kitchen_table_k1,entry_table_e1,bathroom_shelf_ba1,kitchen_table_k1,kitchen_table_k1,bookshelf_l1,bed_b2,counter_k1,cupboard_k1,cupboard_k1,desk_b1,counter_k1,coffee_table_l1,entry_floor_e1
10620,d07 Mon 09:00,bed_b1,nightstand_b1,entry_table_e1,desk_b1,counter_k1,couch_l1,kitchen_table_k1,entry_table_e1,bathroom_shelf_ba1,kitchen_table_k1,couch_l1,couch_l1,bed_b2,couch_l1,sink_k1,sink_k1,counter_k1,couch_l1,couch_l1,entry_floor_e1
10680,d07 Mon 10:00,bed_b1,nightstand_b1,entry_table_e1,desk_b1,counter_k1,couch_l1,kitchen_table_k1,entry_table_e1,bathroom_shelf_ba1,kitchen_table_k1,armchair_l1,couch_l1,bed_b2,couch_l1,sink_k1,sink_k1,counter_k1,couch_l1,couch_l1,entry_floor_e1
10740,d07 Mon 11:00,bed_b1,nightstand_b1,entry_table_e1,desk_b1,counter_k1,sink_k1,kitchen_table_k1,entry_table_e1,bathroom_shelf_ba1,kitchen_table_k1,armchair_l1,couch_l1,bed_b2,couch_l1,sink_k1,sink_k1,counter_k1,couch_l1,couch_l1,entry_floor_e1
10800,d07 Mon 12:00,bed_b1,nightstand_b1,entry_table_e1,desk_b1,counter_k1,sink_k1,kitchen_table_k1,entry_table_e1,bathroom_shelf_ba1,kitchen_table_k1,armchair_l1,couch_l1,bed_b2,couch_l1,sink_k1,sink_k1,counter_k1,couch_l1,couch_l1,entry_floor_e1
10860,d07 Mon 13:00,desk_b1,nightstand_b1,entry_table_e1,couch_l1,couch_l1,couch_l1,kitchen_table_k1,entry_table_e1,bathroom_shelf_ba1,kitchen_table_k1,couch_l1,counter_k1,bed_b2,counter_k1,cupboard_k1,sink_k1,couch_l1,couch_l1,couch_l1,entry_floor_e1
10920,d07 Mon 14:00,bed_b1,desk_b1,entry_table_e1,couch_l1,desk_b1,couch_l1,couch_l1,entry_table_e1,bathroom_shelf_ba1,couch_l1,kitchen_table_k1,couch_l1,couch_l1,counter_k1,cupboard_k1,cupboard_k1,counter_k1,counter_k1,couch_l1,entry_floor_e1
10980,d07 Mon 15:00,desk_b1,nightstand_b1,entry_table_e1,couch_l1,couch_l1,couch_l1,kitchen_table_k1,entry_table_e1,bathroom_shelf_ba1,kitchen_table_k1,kitchen_table_k1,couch_l1,bed_b2,counter_k1,cupboard_k1,cupboard_k1,couch_l1,kitchen_table_k1,couch_l1,entry_floor_e1
11040,d07 Mon 16:00,desk_b1,nightstand_b1,entry_table_e1,couch_l1,couch_l1,couch_l1,kitchen_table_k1,entry_table_e1,bathroom_shelf_ba1,kitchen_table_k1,kitchen_table_k1,couch_l1,bed_b2,counter_k1,cupboard_k1,cupboard_k1,couch_l1,kitchen_table_k1,couch_l1,entry_floor_e1
11100,d07 Mon 17:00,desk_b1,nightstand_b1,entry_table_e1,couch_l1,couch_l1,couch_l1,kitchen_table_k1,entry_table_e1,bathroom_shelf_ba1,kitchen_table_k1,kitchen_table_k1,kitchen_table_k1,couch_l1,counter_k1,cupboard_k1,cupboard_k1,coffee_table_l1,coffee_table_l1,couch_l1,entry_floor_e1
11160,d07 Mon 18:00,bed_b1,counter_k1,entry_table_e1,couch_l1,counter_k1,kitchen_table_k1,kitchen_table_k1,entry_table_e1,bathroom_shelf_ba1,kitchen_table_k1,kitchen_table_k1,couch_l1,bed_b2,counter_k1,cupboard_k1,cupboard_k1,kitchen_table_k1,couch_l1,couch_l1,entry_floor_e1
11220,d07 Mon 19:00,bed_b1,counter_k1,entry_table_e1,couch_l1,counter_k1,kitchen_table_k1,kitchen_table_k1,entry_table_e1,bathroom_shelf_ba1,kitchen_table_k1,kitchen_table_k1,kitchen_table_k1,bed_b2,kitchen_table_k1,kitchen_table_k1,cupboard_k1,kitchen_table_k1,kitchen_table_k1,couch_l1,entry_floor_e1
11280,d07 Mon 20:00,desk_b1,couch_l1,counter_k1,couch_l1,counter_k1,couch_l1,kitchen_table_k1,entry_table_e1,bathroom_shelf_ba1,couch_l1,kitchen_table_k1,couch_l1,bed_b2,counter_k1,cupboard_k1,cupboard_k1,kitchen_table_k1,kitchen_table_k1,coffee_table_l1,entry_floor_e1
11340,d07 Mon 21:00,desk_b1,couch_l1,counter_k1,couch_l1,counter_k1,couch_l1,kitchen_table_k1,entry_table_e1,bathroom_shelf_ba1,couch_l1,kitchen_table_k1,sink_k1,bed_b2,counter_k1,dish_rack_k1,cupboard_k1,counter_k1,kitchen_table_k1,coffee_table_l1,entry_floor_e1
11400,d07 Mon 22:00,desk_b1,couch_l1,counter_k1,couch_l1,counter_k1,couch_l1,kitchen_table_k1,entry_table_e1,bathroom_shelf_ba1,couch_l1,kitchen_table_k1,sink_k1,bed_b2,counter_k1,dish_rack_k1,cupboard_k1,counter_k1,kitchen_table_k1,coffee_table_l1,entry_floor_e1
11460,d07 Mon 23:00,desk_b1,coffee_table_l1,counter_k1,armchair_l1,counter_k1,couch_l1,armchair_l1,entry_table_e1,bed_b1,couch_l1,kitchen_table_k1,sink_k1,bed_b2,counter_k1,dish_rack_k1,cupboard_k1,counter_k1,kitchen_table_k1,couch_l1,entry_floor_e1
11520,d08 Tue 00:00,desk_b1,coffee_table_l1,counter_k1,armchair_l1,counter_k1,couch_l1,armchair_l1,entry_table_e1,bed_b1,couch_l1,kitchen_table_k1,sink_k1,bed_b2,counter_k1,dish_rack_k1,cupboard_k1,counter_k1,kitchen_table_k1,couch_l1,entry_floor_e1
11580,d08 Tue 01:00,desk_b1,coffee_table_l1,counter_k1,armchair_l1,counter_k1,couch_l1,armchair_l1,entry_table_e1,bed_b1,couch_l1,kitchen_table_k1,sink_k1,bed_b2,counter_k1,dish_rack_k1,cupboard_k1,counter_k1,kitchen_table_k1,couch_l1,entry_floor_e1
11640,d08 Tue 02:00,desk_b1,coffee_table_l1,counter_k1,armchair_l1,counter_k1,couch_l1,armchair_l1,entry_table_e1,bed_b1,couch_l1,kitchen_table_k1,sink_k1,bed_b2,counter_k1,dish_rack_k1,cupboard_k1,counter_k1,kitchen_table_k1,couch_l1,entry_floor_e1
11700,d08 Tue 03:00,desk_b1,coffee_table_l1,counter_k1,armchair_l1,counter_k1,couch_l1,armchair_l1,entry_table_e1,bed_b1,couch_l1,kitchen_table_k1,sink_k1,bed_b2,counter_k1,dish_rack_k1,cupboard_k1,counter_k1,kitchen_table_k1,couch_l1,entry_floor_e1
11760,d08 Tue 04:00,desk_b1,coffee_table_l1,counter_k1,armchair_l1,counter_k1,couch_l1,armchair_l1,entry_table_e1,bed_b1,couch_l1,kitchen_table_k1,sink_k1,bed_b2,counter_k1,dish_rack_k1,cupboard_k1,counter_k1,kitchen_table_k1,couch_l1,entry_floor_e1
11820,d08 Tue 05:00,desk_b1,coffee_table_l1,counter_k1,armchair_l1,counter_k1,couch_l1,armchair_l1,entry_table_e1,bed_b1,couch_l1,kitchen_table_k1,sink_k1,bed_b2,counter_k1,dish_rack_k1,cupboard_k1,counter_k1,kitchen_table_k1,couch_l1,entry_floor_e1
11880,d08 Tue 06:00,desk_b1,coffee_table_l1,counter_k1,armchair_l1,counter_k1,couch_l1,armchair_l1,entry_table_e1,bed_b1,couch_l1,kitchen_table_k1,sink_k1,bed_b2,counter_k1,dish_rack_k1,cupboard_k1,counter_k1,kitchen_table_k1,couch_l1,entry_floor_e1
11940,d08 Tue 07:00,desk_b1,coffee_table_l1,entry_table_e1,armchair_l1,counter_k1,couch_l1,armchair_l1,entry_table_e1,bed_b1,couch_l1,coffee_table_l1,sink_k1,bed_b2,counter_k1,cupboard_k1,kitchen_table_k1,counter_k1,kitchen_table_k1,couch_l1,entry_floor_e1
12000,d08 Tue 08:00,desk_b1,nightstand_b1,entry_table_e1,desk_b1,kitchen_table_k1,couch_l1,kitchen_table_k1,entry_table_e1,bathroom_shelf_ba1,kitchen_table_k1,kitchen_table_k1,couch_l1,bed_b2,counter_k1,cupboard_k1,cupboard_k1,counter_k1,kitchen_table_k1,coffee_table_l1,entry_floor_e1
12060,d08 Tue 09:00,desk_b1,nightstand_b1,entry_table_e1,desk_b1,couch_l1,couch_l1,kitchen_table_k1,entry_table_e1,bathroom_shelf_ba1,kitchen_table_k1,kitchen_table_k1,couch_l1,bed_b2,couch_l1,sink_k1,sink_k1,counter_k1,couch_l1,coffee_table_l1,entry_floor_e1
12120,d08 Tue 10:00,desk_b1,nightstand_b1,entry_table_e1,desk_b1,couch_l1,couch_l1,kitchen_table_k1,entry_table_e1,bathroom_shelf_ba1,kitchen_table_k1,couch_l1,couch_l1,couch_l1,counter_k1,cupboard_k1,sink_k1,counter_k1,kitchen_table_k1,couch_l1,entry_floor_e1
12180,d08 Tue 11:00,desk_b1,nightstand_b1,entry_table_e1,desk_b1,couch_l1,couch_l1,kitchen_table_k1,entry_table_e1,bathroom_shelf_ba1,kitchen_table_k1,couch_l1,couch_l1,couch_l1,counter_k1,cupboard_k1,sink_k1,counter_k1,kitchen_table_k1,coffee_table_l1,entry_floor_e1
12240,d08 Tue 12:00,desk_b1,nightstand_b1,entry_table_e1,desk_b1,couch_l1,couch_l1,kitchen_table_k1,entry_table_e1,bathroom_shelf_ba1,kitchen_table_k1,couch_l1,couch_l1,couch_l1,counter_k1,cupboard_k1,sink_k1,counter_k1,kitchen_table_k1,coffee_table_l1,entry_floor_e1
12300,d08 Tue 13:00,bed_b1,kitchen_table_k1,entry_table_e1,desk_b1,counter_k1,kitchen_table_k1,kitchen_table_k1,entry_table_e1,bathroom_shelf_ba1,couch_l1,kitchen_table_k1,couch_l1,bed_b2,couch_l1,cupboard_k1,couch_l1,counter_k1,kitchen_table_k1,couch_l1,entry_floor_e1
12360,d08 Tue 14:00,couch_l1,nightstand_b1,entry_table_e1,desk_b1,couch_l1,couch_l1,kitchen_table_k1,entry_table_e1,bathroom_shelf_ba1,kitchen_table_k1,couch_l1,couch_l1,bed_b2,counter_k1,cupboard_k1,sink_k1,couch_l1,couch_l1,couch_l1,entry_floor_e1
12420,d08 Tue 15:00,couch_l1,nightstand_b1,entry_table_e1,desk_b1,couch_l1,couch_l1,kitchen_table_k1,entry_table_e1,bathroom_shelf_ba1,kitchen_table_k1,couch_l1,couch_l1,bed_b2,counter_k1,cupboard_k1,sink_k1,counter_k1,couch_l1,coffee_table_l1,entry_floor_e1
12480,d08 Tue 16:00,couch_l1,nightstand_b1,entry_table_e1,desk_b1,counter_k1,couch_l1,kitchen_table_k1,entry_table_e1,bathroom_shelf_ba1,kitchen_table_k1,couch_l1,couch_l1,bed_b2,counter_k1,cupboard_k1,couch_l1,counter_k1,couch_l1,coffee_table_l1,entry_floor_e1
12540,d08 Tue 17:00,couch_l1,nightstand_b1,entry_table_e1,desk_b1,counter_k1,couch_l1,kitchen_table_k1,entry_table_e1,bathroom_shelf_ba1,kitchen_table_k1,couch_l1,couch_l1,bed_b2,counter_k1,cupboard_k1,couch_l1,counter_k1,couch_l1,coffee_table_l1,entry_floor_e1
12600,d08 Tue 18:00,couch_l1,nightstand_b1,entry_table_e1,desk_b1,counter_k1,couch_l1,kitchen_table_k1,entry_table_e1,bathroom_shelf_ba1,kitchen_table_k1,couch_l1,couch_l1,bed_b2,counter_k1,cupboard_k1,couch_l1,counter_k1,couch_l1,coffee_table_l1,entry_floor_e1
12660,d08 Tue 19:00,desk_b1,nightstand_b1,entry_table_e1,desk_b1,counter_k1,couch_l1,kitchen_table_k1,entry_table_e1,bathroom_shelf_ba1,kitchen_table_k1,coffee_table_l1,couch_l1,bed_b2,counter_k1,cupboard_k1,cupboard_k1,counter_k1,kitchen_table_k1,coffee_table_l1,entry_floor_e1
12720,d08 Tue 20:00,desk_b1,nightstand_b1,entry_table_e1,couch_l1,counter_k1,couch_l1,couch_l1,entry_table_e1,nightstand_b1,kitchen_table_k1,kitchen_table_k1,couch_l1,bed_b2,counter_k1,cupboard_k1,cupboard_k1,counter_k1,kitchen_table_k1,coffee_table_l1,entry_floor_e1
12780,d08 Tue 21:00,desk_b1,nightstand_b1,entry_table_e1,couch_l1,counter_k1,couch_l1,couch_l1,entry_table_e1,nightstand_b1,kitchen_table_k1,kitchen_table_k1,couch_l1,bed_b2,counter_k1,cupboard_k1,cupboard_k1,counter_k1,kitchen_table_k1,coffee_table_l1,entry_floor_e1
12840,d08 Tue 22:00,desk_b1,nightstand_b1,entry_table_e1,couch_l1,counter_k1,couch_l1,couch_l1,entry_table_e1,nightstand_b1,kitchen_table_k1,kitchen_table_k1,couch_l1,bed_b2,counter_k1,cupboard_k1,cupboard_k1,counter_k1,kitchen_table_k1,coffee_table_l1,entry_floor_e1
12900,d08 Tue 23:00,desk_b1,armchair_l1,entry_table_e1,armchair_l1,counter_k1,couch_l1,couch_l1,entry_table_e1,bed_b1,coffee_table_l1,kitchen_table_k1,couch_l1,bed_b2,counter_k1,cupboard_k1,cupboard_k1,counter_k1,kitchen_table_k1,couch_l1,entry_floor_e1
12960,d09 Wed 00:00,desk_b1,armchair_l1,entry_table_e1,armchair_l1,counter_k1,couch_l1,couch_l1,entry_table_e1,bed_b1,coffee_table_l1,kitchen_table_k1,couch_l1,bed_b2,counter_k1,cupboard_k1,cupboard_k1,counter_k1,kitchen_table_k1,couch_l1,entry_floor_e1
13020,d09 Wed 01:00,desk_b1,armchair_l1,entry_table_e1,armchair_l1,counter_k1,couch_l1,couch_l1,entry_table_e1,bed_b1,coffee_table_l1,kitchen_table_k1,couch_l1,bed_b2,counter_k1,cupboard_k1,cupboard_k1,counter_k1,kitchen_table_k1,couch_l1,entry_floor_e1
13080,d09 Wed 02:00,desk_b1,armchair_l1,entry_table_e1,armchair_l1,counter_k1,couch_l1,couch_l1,entry_table_e1,bed_b1,coffee_table_l1,kitchen_table_k1,couch_l1,bed_b2,counter_k1,cupboard_k1,cupboard_k1,counter_k1,kitchen_table_k1,couch_l1,entry_floor_e1
13140,d09 Wed 03:00,desk_b1,armchair_l1,entry_table_e1,armchair_l1,counter_k1,couch_l1,couch_l1,entry_table_e1,bed_b1,coffee_table_l1,kitchen_table_k1,couch_l1,bed_b2,counter_k1,cupboard_k1,cupboard_k1,counter_k1,kitchen_table_k1,couch_l1,entry_floor_e1
13200,d09 Wed 04:00,desk_b1,armchair_l1,entry_table_e1,armchair_l1,counter_k1,couch_l1,couch_l1,entry_table_e1,bed_b1,coffee_table_l1,kitchen_table_k1,couch_l1,bed_b2,counter_k1,cupboard_k1,cupboard_k1,counter_k1,kitchen_table_k1,couch_l1,entry_floor_e1
13260,d09 Wed 05:00,desk_b1,armchair_l1,entry_table_e1,armchair_l1,counter_k1,couch_l1,couch_l1,entry_table_e1,bed_b1,coffee_table_l1,kitchen_table_k1,couch_l1,bed_b2,counter_k1,cupboard_k1,cupboard_k1,counter_k1,kitchen_table_k1,couch_l1,entry_floor_e1
13320,d09 Wed 06:00,desk_b1,armchair_l1,entry_table_e1,armchair_l1,counter_k1,couch_l1,couch_l1,entry_table_e1,bed_b1,coffee_table_l1,kitchen_table_k1,couch_l1,bed_b2,counter_k1,cupboard_k1,cupboard_k1,counter_k1,kitchen_table_k1,couch_l1,entry_floor_e1
13380,d09 Wed 07:00,desk_b1,armchair_l1,entry_table_e1,armchair_l1,counter_k1,couch_l1,couch_l1,entry_table_e1,bathroom_shelf_ba1,kitchen_table_k1,couch_l1,couch_l1,couch_l1,couch_l1,kitchen_table_k1,kitchen_table_k1,couch_l1,couch_l1,couch_l1,entry_floor_e1
13440,d09 Wed 08:00,desk_b1,kitchen_table_k1,entry_table_e1,desk_b1,desk_b1,desk_b1,kitchen_table_k1,desk_b1,bathroom_shelf_ba1,kitchen_table_k1,kitchen_table_k1,couch_l1,bed_b2,counter_k1,cupboard_k1,cupboard_k1,counter_k1,kitchen_table_k1,coffee_table_l1,entry_floor_e1
13500,d09 Wed 09:00,desk_b1,nightstand_b1,entry_table_e1,desk_b1,counter_k1,couch_l1,kitchen_table_k1,entry_table_e1,bathroom_shelf_ba1,kitchen_table_k1,kitchen_table_k1,couch_l1,couch_l1,counter_k1,sink_k1,cupboard_k1,counter_k1,couch_l1,couch_l1,entry_floor_e1
13560,d09 Wed 10:00,desk_b1,nightstand_b1,entry_table_e1,desk_b1,counter_k1,couch_l1,kitchen_table_k1,entry_table_e1,bathroom_shelf_ba1,kitchen_table_k1,kitchen_table_k1,couch_l1,couch_l1,counter_k1,sink_k1,cupboard_k1,counter_k1,couch_l1,couch_l1,entry_floor_e1
13620,d09 Wed 11:00,desk_b1,nightstand_b1,entry_table_e1,desk_b1,counter_k1,couch_l1,kitchen_table_k1,entry_table_e1,bathroom_shelf_ba1,kitchen_table_k1,kitchen_table_k1,couch_l1,couch_l1,sink_k1,sink_k1,cupboard_k1,counter_k1,couch_l1,couch_l1,entry_floor_e1
13680,d09 Wed 12:00,desk_b1,nightstand_b1,entry_table_e1,desk_b1,counter_k1,couch_l1,kitchen_table_k1,entry_table_e1,bathroom_shelf_ba1,kitchen_table_k1,kitchen_table_k1,couch_l1,couch_l1,sink_k1,sink_k1,cupboard_k1,counter_k1,couch_l1,couch_l1,entry_floor_e1
13740,d09 Wed 13:00,desk_b1,nightstand_b1,entry_table_e1,couch_l1,couch_l1,couch_l1,couch_l1,couch_l1,bathroom_shelf_ba1,couch_l1,couch_l1,couch_l1,couch_l1,counter_k1,sink_k1,counter_k1,couch_l1,couch_l1,couch_l1,entry_floor_e1
13800,d09 Wed 14:00,desk_b1,nightstand_b1,entry_table_e1,couch_l1,counter_k1,couch_l1,couch_l1,entry_table_e1,bathroom_shelf_ba1,couch_l1,couch_l1,couch_l1,bed_b2,counter_k1,cupboard_k1,counter_k1,counter_k1,couch_l1,coffee_table_l1,entry_floor_e1
13860,d09 Wed 15:00,desk_b1,desk_b1,kitchen_table_k1,desk_b1,counter_k1,kitchen_table_k1,couch_l1,entry_table_e1,bathroom_shelf_ba1,kitchen_table_k1,couch_l1,couch_l1,couch_l1,couch_l1,cupboard_k1,couch_l1,counter_k1,kitchen_table_k1,couch_l1,entry_floor_e1
13920,d09 Wed 16:00,desk_b1,desk_b1,kitchen_table_k1,desk_b1,counter_k1,kitchen_table_k1,couch_l1,entry_table_e1,bathroom_shelf_ba1,kitchen_table_k1,couch_l1,couch_l1,couch_l1,couch_l1,cupboard_k1,couch_l1,counter_k1,kitchen_table_k1,couch_l1,entry_floor_e1
13980,d09 Wed 17:00,desk_b1,desk_b1,kitchen_table_k1,desk_b1,counter_k1,kitchen_table_k1,couch_l1,entry_table_e1,bathroom_shelf_ba1,kitchen_table_k1,couch_l1,couch_l1,couch_l1,couch_l1,cupboard_k1,couch_l1,counter_k1,kitchen_table_k1,couch_l1,entry_floor_e1
14040,d09 Wed 18:00,desk_b1,desk_b1,kitchen_table_k1,desk_b1,coffee_table_l1,couch_l1,couch_l1,entry_table_e1,bathroom_shelf_ba1,kitchen_table_k1,couch_l1,counter_k1,couch_l1,coffee_table_l1,cupboard_k1,sink_k1,coffee_table_l1,coffee_table_l1,couch_l1,entry_floor_e1
14100,d09 Wed 19:00,desk_b1,nightstand_b1,entry_table_e1,desk_b1,counter_k1,couch_l1,kitchen_table_k1,entry_table_e1,nightstand_b1,kitchen_table_k1,couch_l1,counter_k1,couch_l1,counter_k1,sink_k1,cupboard_k1,kitchen_table_k1,couch_l1,coffee_table_l1,entry_floor_e1
14160,d09 Wed 20:00,desk_b1,couch_l1,entry_table_e1,desk_b1,counter_k1,couch_l1,kitchen_table_k1,entry_table_e1,bathroom_shelf_ba1,couch_l1,kitchen_table_k1,couch_l1,bed_b2,counter_k1,sink_k1,cupboard_k1,counter_k1,couch_l1,couch_l1,entry_floor_e1
14220,d09 Wed 21:00,desk_b1,couch_l1,entry_table_e1,couch_l1,counter_k1,couch_l1,couch_l1,entry_table_e1,bathroom_shelf_ba1,kitchen_table_k1,kitchen_table_k1,couch_l1,bed_b2,counter_k1,sink_k1,cupboard_k1,counter_k1,kitchen_table_k1,couch_l1,entry_floor_e1
14280,d09 Wed 22:00,desk_b1,couch_l1,entry_table_e1,couch_l1,counter_k1,couch_l1,couch_l1,entry_table_e1,bathroom_shelf_ba1,kitchen_table_k1,kitchen_table_k1,couch_l1,bed_b2,counter_k1,sink_k1,cupboard_k1,counter_k1,kitchen_table_k1,couch_l1,entry_floor_e1
14340,d09 Wed 23:00,desk_b1,armchair_l1,entry_table_e1,armchair_l1,counter_k1,couch_l1,couch_l1,entry_table_e1,bed_b1,couch_l1,kitchen_table_k1,couch_l1,bed_b2,counter_k1,sink_k1,cupboard_k1,counter_k1,kitchen_table_k1,armchair_l1,entry_floor_e1
14400,d10 Thu 00:00,desk_b1,armchair_l1,entry_table_e1,armchair_l1,counter_k1,couch_l1,couch_l1,tv_stand_l1,bed_b1,couch_l1,kitchen_table_k1,couch_l1,bed_b2,counter_k1,sink_k1,cupboard_k1,counter_k1,kitchen_table_k1,armchair_l1,entry_floor_e1
14460,d10 Thu 01:00,desk_b1,armchair_l1,entry_table_e1,armchair_l1,counter_k1,couch_l1,couch_l1,tv_stand_l1,bed_b1,couch_l1,kitchen_table_k1,couch_l1,bed_b2,counter_k1,sink_k1,cupboard_k1,counter_k1,kitchen_table_k1,armchair_l1,entry_floor_e1
14520,d10 Thu 02:00,desk_b1,armchair_l1,entry_table_e1,armchair_l1,counter_k1,couch_l1,couch_l1,tv_stand_l1,bed_b1,couch_l1,kitchen_table_k1,couch_l1,bed_b2,counter_k1,sink_k1,cupboard_k1,counter_k1,kitchen_table_k1,armchair_l1,entry_floor_e1
14580,d10 Thu 03:00,desk_b1,armchair_l1,entry_table_e1,armchair_l1,counter_k1,couch_l1,couch_l1,tv_stand_l1,bed_b1,couch_l1,kitchen_table_k1,couch_l1,bed_b2,counter_k1,sink_k1,cupboard_k1,counter_k1,kitchen_table_k1,armchair_l1,entry_floor_e1
14640,d10 Thu 04:00,desk_b1,armchair_l1,entry_table_e1,armchair_l1,counter_k1,couch_l1,couch_l1,tv_stand_l1,bed_b1,couch_l1,kitchen_table_k1,couch_l1,bed_b2,counter_k1,sink_k1,cupboard_k1,counter_k1,kitchen_table_k1,armchair_l1,entry_floor_e1
14700,d10 Thu 05:00,desk_b1,armchair_l1,entry_table_e1,armchair_l1,counter_k1,couch_l1,couch_l1,tv_stand_l1,bed_b1,couch_l1,kitchen_table_k1,couch_l1,bed_b2,counter_k1,sink_k1,cupboard_k1,counter_k1,kitchen_table_k1,armchair_l1,entry_floor_e1
14760,d10 Thu 06:00,desk_b1,armchair_l1,entry_table_e1,armchair_l1,counter_k1,couch_l1,couch_l1,tv_stand_l1,bed_b1,couch_l1,kitchen_table_k1,couch_l1,bed_b2,couch_l1,sink_k1,cupboard_k1,counter_k1,kitchen_table_k1,armchair_l1,entry_floor_e1
14820,d10 Thu 07:00,desk_b1,nightstand_b1,entry_table_e1,desk_b1,counter_k1,couch_l1,kitchen_table_k1,couch_l1,bathroom_shelf_ba1,kitchen_table_k1,kitchen_table_k1,couch_l1,bed_b2,couch_l1,cupboard_k1,cupboard_k1,counter_k1,kitchen_table_k1,coffee_table_l1,entry_floor_e1
14880,d10 Thu 08:00,desk_b1,nightstand_b1,entry_table_e1,desk_b1,counter_k1,couch_l1,kitchen_table_k1,entry_table_e1,bathroom_shelf_ba1,kitchen_table_k1,kitchen_table_k1,couch_l1,bed_b2,counter_k1,cupboard_k1,dish_rack_k1,counter_k1,kitchen_table_k1,coffee_table_l1,entry_floor_e1
14940,d10 Thu 09:00,desk_b1,nightstand_b1,entry_table_e1,desk_b1,counter_k1,couch_l1,kitchen_table_k1,entry_table_e1,bathroom_shelf_ba1,kitchen_table_k1,kitchen_table_k1,couch_l1,bed_b2,counter_k1,cupboard_k1,sink_k1,counter_k1,kitchen_table_k1,coffee_table_l1,entry_floor_e1
15000,d10 Thu 10:00,desk_b1,nightstand_b1,entry_table_e1,desk_b1,counter_k1,couch_l1,kitchen_table_k1,entry_table_e1,bathroom_shelf_ba1,kitchen_table_k1,kitchen_table_k1,couch_l1,bed_b2,counter_k1,cupboard_k1,sink_k1,counter_k1,kitchen_table_k1,coffee_table_l1,entry_floor_e1
15060,d10 Thu 11:00,desk_b1,nightstand_b1,entry_table_e1,desk_b1,counter_k1,couch_l1,kitchen_table_k1,entry_table_e1,bathroom_shelf_ba1,kitchen_table_k1,kitchen_table_k1,couch_l1,bed_b2,counter_k1,cupboard_k1,sink_k1,counter_k1,kitchen_table_k1,coffee_table_l1,entry_floor_e1
15120,d10 Thu 12:00,desk_b1,nightstand_b1,entry_table_e1,desk_b1,counter_k1,couch_l1,kitchen_table_k1,entry_table_e1,bathroom_shelf_ba1,kitchen_table_k1,kitchen_table_k1,couch_l1,bed_b2,counter_k1,cupboard_k1,sink_k1,counter_k1,kitchen_table_k1,coffee_table_l1,entry_floor_e1
15180,d10 Thu 13:00,desk_b1,nightstand_b1,entry_table_e1,desk_b1,counter_k1,couch_l1,kitchen_table_k1,entry_table_e1,bathroom_shelf_ba1,kitchen_table_k1,kitchen_table_k1,couch_l1,bed_b2,counter_k1,cupboard_k1,sink_k1,counter_k1,kitchen_table_k1,coffee_table_l1,entry_floor_e1
15240,d10 Thu 14:00,desk_b1,nightstand_b1,entry_table_e1,desk_b1,counter_k1,couch_l1,kitchen_table_k1,entry_table_e1,bathroom_shelf_ba1,kitchen_table_k1,kitchen_table_k1,couch_l1,bed_b2,counter_k1,cupboard_k1,sink_k1,counter_k1,kitchen_table_k1,coffee_table_l1,entry_floor_e1
15300,d10 Thu 15:00,desk_b1,nightstand_b1,entry_table_e1,desk_b1,counter_k1,couch_l1,kitchen_table_k1,entry_table_e1,bathroom_shelf_ba1,kitchen_table_k1,kitchen_table_k1,couch_l1,couch_l1,counter_k1,cupboard_k1,sink_k1,counter_k1,kitchen_table_k1,coffee_table_l1,entry_floor_e1
15360,d10 Thu 16:00,desk_b1,nightstand_b1,entry_table_e1,desk_b1,counter_k1,couch_l1,kitchen_table_k1,entry_table_e1,bathroom_shelf_ba1,kitchen_table_k1,kitchen_table_k1,couch_l1,couch_l1,counter_k1,cupboard_k1,sink_k1,counter_k1,kitchen_table_k1,coffee_table_l1,entry_floor_e1
15420,d10 Thu 17:00,desk_b1,nightstand_b1,entry_table_e1,desk_b1,counter_k1,couch_l1,kitchen_table_k1,entry_table_e1,bathroom_shelf_ba1,kitchen_table_k1,kitchen_table_k1,couch_l1,couch_l1,counter_k1,cupboard_k1,sink_k1,counter_k1,kitchen_table_k1,coffee_table_l1,entry_floor_e1
15480,d10 Thu 18:00,desk_b1,nightstand_b1,entry_table_e1,desk_b1,counter_k1,couch_l1,kitchen_table_k1,entry_table_e1,bathroom_shelf_ba1,kitchen_table_k1,kitchen_table_k1,couch_l1,couch_l1,counter_k1,kitchen_table_k1,cupboard_k1,counter_k1,kitchen_table_k1,coffee_table_l1,entry_floor_e1
15540,d10 Thu 19:00,desk_b1,nightstand_b1,entry_table_e1,desk_b1,counter_k1,couch_l1,kitchen_table_k1,entry_table_e1,bathroom_shelf_ba1,kitchen_table_k1,kitchen_table_k1,counter_k1,bed_b2,counter_k1,dish_rack_k1,cupboard_k1,counter_k1,kitchen_table_k1,coffee_table_l1,entry_floor_e1
15600,d10 Thu 20:00,desk_b1,nightstand_b1,entry_table_e1,couch_l1,counter_k1,couch_l1,kitchen_table_k1,entry_table_e1,bathroom_shelf_ba1,couch_l1,kitchen_table_k1,counter_k1,bed_b2,counter_k1,cupboard_k1,cupboard_k1,counter_k1,kitchen_table_k1,coffee_table_l1,entry_floor_e1
15660,d10 Thu 21:00,desk_b1,nightstand_b1,entry_table_e1,couch_l1,counter_k1,couch_l1,kitchen_table_k1,entry_table_e1,bathroom_shelf_ba1,couch_l1,kitchen_table_k1,counter_k1,bed_b2,counter_k1,cupboard_k1,cupboard_k1,counter_k1,kitchen_table_k1,coffee_table_l1,entry_floor_e1
15720,d10 Thu 22:00,desk_b1,nightstand_b1,entry_table_e1,couch_l1,counter_k1,couch_l1,kitchen_table_k1,entry_table_e1,bathroom_shelf_ba1,couch_l1,kitchen_table_k1,armchair_l1,bed_b2,counter_k1,cupboard_k1,cupboard_k1,counter_k1,kitchen_table_k1,armchair_l1,entry_floor_e1
15780,d10 Thu 23:00,desk_b1,armchair_l1,entry_table_e1,armchair_l1,counter_k1,couch_l1,couch_l1,entry_table_e1,bed_b1,couch_l1,kitchen_table_k1,armchair_l1,bed_b2,counter_k1,cupboard_k1,cupboard_k1,counter_k1,kitchen_table_k1,coffee_table_l1,entry_floor_e1
15840,d11 Fri 00:00,desk_b1,armchair_l1,entry_table_e1,armchair_l1,counter_k1,couch_l1,couch_l1,entry_table_e1,bed_b1,couch_l1,kitchen_table_k1,armchair_l1,bed_b2,counter_k1,cupboard_k1,cupboard_k1,counter_k1,kitchen_table_k1,coffee_table_l1,entry_floor_e1
15900,d11 Fri 01:00,desk_b1,armchair_l1,entry_table_e1,armchair_l1,counter_k1,couch_l1,couch_l1,entry_table_e1,bed_b1,couch_l1,kitchen_table_k1,armchair_l1,bed_b2,counter_k1,cupboard_k1,cupboard_k1,counter_k1,kitchen_table_k1,coffee_table_l1,entry_floor_e1
15960,d11 Fri 02:00,desk_b1,armchair_l1,entry_table_e1,armchair_l1,counter_k1,couch_l1,couch_l1,entry_table_e1,bed_b1,couch_l1,kitchen_table_k1,armchair_l1,bed_b2,counter_k1,cupboard_k1,cupboard_k1,counter_k1,kitchen_table_k1,coffee_table_l1,entry_floor_e1
16020,d11 Fri 03:00,desk_b1,armchair_l1,entry_table_e1,armchair_l1,counter_k1,couch_l1,couch_l1,entry_table_e1,bed_b1,couch_l1,kitchen_table_k1,armchair_l1,bed_b2,counter_k1,cupboard_k1,cupboard_k1,counter_k1,kitchen_table_k1,coffee_table_l1,entry_floor_e1
16080,d11 Fri 04:00,desk_b1,armchair_l1,entry_table_e1,armchair_l1,counter_k1,couch_l1,couch_l1,entry_table_e1,bed_b1,couch_l1,kitchen_table_k1,armchair_l1,bed_b2,counter_k1,cupboard_k1,cupboard_k1,counter_k1,kitchen_table_k1,coffee_table_l1,entry_floor_e1
16140,d11 Fri 05:00,desk_b1,armchair_l1,entry_table_e1,armchair_l1,counter_k1,couch_l1,couch_l1,entry_table_e1,bed_b1,couch_l1,kitchen_table_k1,armchair_l1,bed_b2,counter_k1,cupboard_k1,cupboard_k1,counter_k1,kitchen_table_k1,coffee_table_l1,entry_floor_e1
16200,d11 Fri 06:00,desk_b1,nightstand_b1,entry_table_e1,desk_b1,counter_k1,couch_l1,kitchen_table_k1,entry_table_e1,bed_b1,kitchen_table_k1,kitchen_table_k1,couch_l1,bed_b2,counter_k1,kitchen_table_k1,cupboard_k1,counter_k1,kitchen_table_k1,coffee_table_l1,entry_floor_e1
16260,d11 Fri 07:00,desk_b1,nightstand_b1,entry_table_e1,desk_b1,counter_k1,couch_l1,kitchen_table_k1,entry_table_e1,bed_b1,kitchen_table_k1,kitchen_table_k1,couch_l1,bed_b2,counter_k1,kitchen_table_k1,cupboard_k1,counter_k1,kitchen_table_k1,coffee_table_l1,entry_floor_e1
16320,d11 Fri 08:00,desk_b1,nightstand_b1,entry_table_e1,desk_b1,counter_k1,couch_l1,kitchen_table_k1,entry_table_e1,bed_b1,kitchen_table_k1,kitchen_table_k1,tv_stand_l1,bed_b2,counter_k1,cupboard_k1,kitchen_table_k1,counter_k1,kitchen_table_k1,coffee_table_l1,entry_floor_e1
16380,d11 Fri 09:00,desk_b1,nightstand_b1,entry_table_e1,desk_b1,counter_k1,couch_l1,kitchen_table_k1,entry_table_e1,bed_b1,kitchen_table_k1,kitchen_table_k1,tv_stand_l1,bed_b2,counter_k1,dish_rack_k1,kitchen_table_k1,counter_k1,kitchen_table_k1,coffee_table_l1,entry_floor_e1
16440,d11 Fri 10:00,desk_b1,nightstand_b1,entry_table_e1,desk_b1,counter_k1,couch_l1,kitchen_table_k1,entry_table_e1,bed_b1,kitchen_table_k1,kitchen_table_k1,tv_stand_l1,bed_b2,counter_k1,dish_rack_k1,kitchen_table_k1,counter_k1,kitchen_table_k1,coffee_table_l1,entry_floor_e1
16500,d11 Fri 11:00,desk_b1,nightstand_b1,entry_table_e1,desk_b1,counter_k1,couch_l1,bookshelf_l1,entry_table_e1,bed_b1,kitchen_table_k1,kitchen_table_k1,tv_stand_l1,bed_b2,counter_k1,dish_rack_k1,kitchen_table_k1,counter_k1,kitchen_table_k1,coffee_table_l1,entry_floor_e1
16560,d11 Fri 12:00,desk_b1,nightstand_b1,entry_table_e1,desk_b1,counter_k1,couch_l1,bookshelf_l1,entry_table_e1,bed_b1,kitchen_table_k1,kitchen_table_k1,tv_stand_l1,bed_b2,counter_k1,dish_rack_k1,kitchen_table_k1,counter_k1,kitchen_table_k1,coffee_table_l1,entry_floor_e1
16620,d11 Fri 13:00,desk_b1,nightstand_b1,entry_table_e1,desk_b1,counter_k1,couch_l1,bookshelf_l1,entry_table_e1,bed_b1,kitchen_table_k1,kitchen_table_k1,tv_stand_l1,bed_b2,counter_k1,dish_rack_k1,kitchen_table_k1,counter_k1,kitchen_table_k1,coffee_table_l1,entry_floor_e1
16680,d11 Fri 14:00,desk_b1,nightstand_b1,entry_table_e1,desk_b1,counter_k1,couch_l1,bookshelf_l1,entry_table_e1,bed_b1,kitchen_table_k1,kitchen_table_k1,tv_stand_l1,bed_b2,counter_k1,dish_rack_k1,kitchen_table_k1,counter_k1,kitchen_table_k1,coffee_table_l1,entry_floor_e1
16740,d11 Fri 15:00,desk_b1,nightstand_b1,entry_table_e1,desk_b1,counter_k1,couch_l1,bookshelf_l1,entry_table_e1,bed_b1,kitchen_table_k1,kitchen_table_k1,tv_stand_l1,bed_b2,counter_k1,dish_rack_k1,kitchen_table_k1,counter_k1,kitchen_table_k1,coffee_table_l1,entry_floor_e1
16800,d11 Fri 16:00,desk_b1,nightstand_b1,entry_table_e1,desk_b1,counter_k1,couch_l1,bookshelf_l1,entry_table_e1,bed_b1,kitchen_table_k1,kitchen_table_k1,tv_stand_l1,bed_b2,counter_k1,dish_rack_k1,kitchen_table_k1,counter_k1,kitchen_table_k1,coffee_table_l1,entry_floor_e1
16860,d11 Fri 17:00,desk_b1,nightstand_b1,entry_table_e1,desk_b1,counter_k1,couch_l1,bookshelf_l1,entry_table_e1,bed_b1,kitchen_table_k1,kitchen_table_k1,tv_stand_l1,bed_b2,counter_k1,dish_rack_k1,kitchen_table_k1,counter_k1,kitchen_table_k1,coffee_table_l1,entry_floor_e1
16920,d11 Fri 18:00,desk_b1,nightstand_b1,entry_table_e1,desk_b1,counter_k1,couch_l1,kitchen_table_k1,entry_table_e1,bathroom_shelf_ba1,kitchen_table_k1,kitchen_table_k1,kitchen_table_k1,bed_b2,kitchen_table_k1,cupboard_k1,cupboard_k1,counter_k1,kitchen_table_k1,coffee_table_l1,entry_floor_e1
16980,d11 Fri 19:00,desk_b1,nightstand_b1,entry_table_e1,desk_b1,counter_k1,couch_l1,kitchen_table_k1,entry_table_e1,bathroom_shelf_ba1,kitchen_table_k1,kitchen_table_k1,couch_l1,bed_b2,counter_k1,kitchen_table_k1,cupboard_k1,counter_k1,kitchen_table_k1,coffee_table_l1,entry_floor_e1
17040,d11 Fri 20:00,desk_b1,couch_l1,entry_table_e1,desk_b1,counter_k1,couch_l1,kitchen_table_k1,entry_table_e1,bathroom_shelf_ba1,kitchen_table_k1,kitchen_table_k1,sink_k1,bed_b2,kitchen_table_k1,sink_k1,cupboard_k1,counter_k1,kitchen_table_k1,coffee_table_l1,entry_floor_e1
17100,d11 Fri 21:00,desk_b1,couch_l1,entry_table_e1,desk_b1,counter_k1,couch_l1,kitchen_table_k1,entry_table_e1,bathroom_shelf_ba1,kitchen_table_k1,kitchen_table_k1,sink_k1,bed_b2,kitchen_table_k1,sink_k1,cupboard_k1,counter_k1,kitchen_table_k1,coffee_table_l1,entry_floor_e1
17160,d11 Fri 22:00,desk_b1,couch_l1,entry_table_e1,desk_b1,counter_k1,couch_l1,kitchen_table_k1,tv_stand_l1,bed_b1,kitchen_table_k1,kitchen_table_k1,sink_k1,bed_b2,kitchen_table_k1,sink_k1,cupboard_k1,counter_k1,kitchen_table_k1,coffee_table_l1,entry_floor_e1
17220,d11 Fri 23:00,desk_b1,coffee_table_l1,entry_table_e1,coffee_table_l1,counter_k1,couch_l1,kitchen_table_k1,tv_stand_l1,bed_b1,couch_l1,kitchen_table_k1,sink_k1,bed_b2,kitchen_table_k1,sink_k1,cupboard_k1,counter_k1,kitchen_table_k1,couch_l1,entry_floor_e1
17280,d12 Sat 00:00,desk_b1,coffee_table_l1,entry_table_e1,coffee_table_l1,counter_k1,couch_l1,kitchen_table_k1,tv_stand_l1,bed_b1,couch_l1,kitchen_table_k1,sink_k1,bed_b2,kitchen_table_k1,sink_k1,cupboard_k1,counter_k1,kitchen_table_k1,couch_l1,entry_floor_e1
17340,d12 Sat 01:00,desk_b1,coffee_table_l1,entry_table_e1,coffee_table_l1,counter_k1,couch_l1,kitchen_table_k1,tv_stand_l1,bed_b1,couch_l1,kitchen_table_k1,sink_k1,bed_b2,kitchen_table_k1,sink_k1,cupboard_k1,counter_k1,kitchen_table_k1,couch_l1,entry_floor_e1
17400,d12 Sat 02:00,desk_b1,coffee_table_l1,entry_table_e1,coffee_table_l1,counter_k1,counter_k1,kitchen_table_k1,tv_stand_l1,bed_b1,couch_l1,kitchen_table_k1,sink_k1,bed_b2,kitchen_table_k1,sink_k1,cupboard_k1,counter_k1,kitchen_table_k1,couch_l1,entry_floor_e1
17460,d12 Sat 03:00,desk_b1,coffee_table_l1,entry_table_e1,coffee_table_l1,counter_k1,counter_k1,kitchen_table_k1,tv_stand_l1,bed_b1,couch_l1,kitchen_table_k1,sink_k1,bed_b2,kitchen_table_k1,sink_k1,cupboard_k1,counter_k1,kitchen_table_k1,couch_l1,entry_floor_e1
17520,d12 Sat 04:00,desk_b1,coffee_table_l1,entry_table_e1,coffee_table_l1,counter_k1,counter_k1,kitchen_table_k1,tv_stand_l1,bed_b1,couch_l1,kitchen_table_k1,sink_k1,bed_b2,kitchen_table_k1,sink_k1,cupboard_k1,counter_k1,kitchen_table_k1,couch_l1,entry_floor_e1
17580,d12 Sat 05:00,desk_b1,coffee_table_l1,entry_table_e1,coffee_table_l1,counter_k1,counter_k1,kitchen_table_k1,tv_stand_l1,bed_b1,couch_l1,kitchen_table_k1,sink_k1,bed_b2,kitchen_table_k1,sink_k1,cupboard_k1,counter_k1,kitchen_table_k1,couch_l1,entry_floor_e1
17640,d12 Sat 06:00,desk_b1,coffee_table_l1,entry_table_e1,coffee_table_l1,counter_k1,counter_k1,kitchen_table_k1,tv_stand_l1,bed_b1,couch_l1,kitchen_table_k1,sink_k1,bed_b2,kitchen_table_k1,sink_k1,cupboard_k1,counter_k1,kitchen_table_k1,couch_l1,entry_floor_e1
17700,d12 Sat 07:00,desk_b1,nightstand_b1,entry_table_e1,desk_b1,counter_k1,couch_l1,kitchen_table_k1,tv_stand_l1,bathroom_shelf_ba1,kitchen_table_k1,kitchen_table_k1,sink_k1,bed_b2,counter_k1,kitchen_table_k1,kitchen_table_k1,counter_k1,kitchen_table_k1,coffee_table_l1,entry_floor_e1
17760,d12 Sat 08:00,desk_b1,nightstand_b1,entry_table_e1,desk_b1,counter_k1,couch_l1,kitchen_table_k1,entry_table_e1,nightstand_b1,kitchen_table_k1,kitchen_table_k1,sink_k1,bed_b2,counter_k1,cupboard_k1,kitchen_table_k1,counter_k1,kitchen_table_k1,coffee_table_l1,entry_floor_e1
17820,d12 Sat 09:00,desk_b1,nightstand_b1,entry_table_e1,desk_b1,couch_l1,couch_l1,kitchen_table_k1,entry_table_e1,nightstand_b1,kitchen_table_k1,kitchen_table_k1,couch_l1,bed_b2,couch_l1,sink_k1,dish_rack_k1,couch_l1,kitchen_table_k1,couch_l1,entry_floor_e1
17880,d12 Sat 10:00,desk_b1,nightstand_b1,entry_table_e1,desk_b1,couch_l1,couch_l1,kitchen_table_k1,entry_table_e1,nightstand_b1,kitchen_table_k1,kitchen_table_k1,couch_l1,bed_b2,couch_l1,sink_k1,dish_rack_k1,couch_l1,kitchen_table_k1,couch_l1,entry_floor_e1
17940,d12 Sat 11:00,desk_b1,nightstand_b1,entry_table_e1,desk_b1,couch_l1,couch_l1,kitchen_table_k1,entry_table_e1,nightstand_b1,kitchen_table_k1,kitchen_table_k1,couch_l1,bed_b2,couch_l1,sink_k1,dish_rack_k1,couch_l1,kitchen_table_k1,couch_l1,entry_floor_e1
18000,d12 Sat 12:00,desk_b1,nightstand_b1,entry_table_e1,desk_b1,couch_l1,couch_l1,kitchen_table_k1,entry_table_e1,nightstand_b1,kitchen_table_k1,kitchen_table_k1,couch_l1,bed_b2,couch_l1,sink_k1,dish_rack_k1,couch_l1,kitchen_table_k1,couch_l1,entry_floor_e1
18060,d12 Sat 13:00,desk_b1,nightstand_b1,entry_table_e1,desk_b1,coffee_table_l1,couch_l1,kitchen_table_k1,entry_table_e1,nightstand_b1,kitchen_table_k1,coffee_table_l1,couch_l1,bed_b2,counter_k1,sink_k1,counter_k1,counter_k1,kitchen_table_k1,couch_l1,entry_floor_e1
18120,d12 Sat 14:00,desk_b1,nightstand_b1,entry_table_e1,desk_b1,coffee_table_l1,couch_l1,kitchen_table_k1,entry_table_e1,nightstand_b1,kitchen_table_k1,coffee_table_l1,couch_l1,bed_b2,counter_k1,sink_k1,counter_k1,counter_k1,kitchen_table_k1,couch_l1,entry_floor_e1
18180,d12 Sat 15:00,desk_b1,nightstand_b1,entry_table_e1,desk_b1,coffee_table_l1,couch_l1,kitchen_table_k1,entry_table_e1,nightstand_b1,kitchen_table_k1,coffee_table_l1,couch_l1,bed_b2,counter_k1,sink_k1,counter_k1,counter_k1,kitchen_table_k1,couch_l1,entry_floor_e1
18240,d12 Sat 16:00,desk_b1,nightstand_b1,entry_table_e1,desk_b1,couch_l1,couch_l1,kitchen_table_k1,entry_table_e1,nightstand_b1,kitchen_table_k1,couch_l1,couch_l1,bed_b2,couch_l1,cupboard_k1,cupboard_k1,counter_k1,couch_l1,coffee_table_l1,entry_table_e1
18300,d12 Sat 17:00,desk_b1,nightstand_b1,entry_table_e1,desk_b1,couch_l1,couch_l1,kitchen_table_k1,entry_table_e1,nightstand_b1,kitchen_table_k1,couch_l1,couch_l1,bed_b2,couch_l1,cupboard_k1,cupboard_k1,counter_k1,couch_l1,coffee_table_l1,bedroom_floor_b1
18360,d12 Sat 18:00,desk_b1,nightstand_b1,entry_table_e1,desk_b1,couch_l1,couch_l1,kitchen_table_k1,entry_table_e1,nightstand_b1,kitchen_table_k1,couch_l1,kitchen_table_k1,bed_b2,counter_k1,cupboard_k1,counter_k1,coffee_table_l1,coffee_table_l1,couch_l1,bedroom_floor_b1
18420,d12 Sat 19:00,desk_b1,nightstand_b1,entry_table_e1,desk_b1,counter_k1,couch_l1,kitchen_table_k1,entry_table_e1,bathroom_shelf_ba1,kitchen_table_k1,kitchen_table_k1,couch_l1,bed_b2,counter_k1,cupboard_k1,cupboard_k1,counter_k1,kitchen_table_k1,coffee_table_l1,entry_floor_e1
18480,d12 Sat 20:00,desk_b1,nightstand_b1,entry_table_e1,desk_b1,counter_k1,couch_l1,kitchen_table_k1,entry_table_e1,bathroom_shelf_ba1,kitchen_table_k1,kitchen_table_k1,sink_k1,bed_b2,kitchen_table_k1,dish_rack_k1,cupboard_k1,counter_k1,kitchen_table_k1,coffee_table_l1,entry_floor_e1
18540,d12 Sat 21:00,desk_b1,nightstand_b1,entry_table_e1,desk_b1,counter_k1,couch_l1,kitchen_table_k1,coffee_table_l1,bathroom_shelf_ba1,kitchen_table_k1,kitchen_table_k1,sink_k1,bed_b2,counter_k1,dish_rack_k1,cupboard_k1,counter_k1,kitchen_table_k1,coffee_table_l1,entry_floor_e1
18600,d12 Sat 22:00,desk_b1,nightstand_b1,entry_table_e1,desk_b1,counter_k1,couch_l1,kitchen_table_k1,coffee_table_l1,bathroom_shelf_ba1,kitchen_table_k1,kitchen_table_k1,sink_k1,bed_b2,counter_k1,dish_rack_k1,cupboard_k1,counter_k1,kitchen_table_k1,coffee_table_l1,entry_floor_e1
18660,d12 Sat 23:00,desk_b1,coffee_table_l1,entry_table_e1,coffee_table_l1,counter_k1,couch_l1,couch_l1,coffee_table_l1,bed_b1,kitchen_table_k1,kitchen_table_k1,sink_k1,bed_b2,counter_k1,dish_rack_k1,cupboard_k1,counter_k1,kitchen_table_k1,armchair_l1,entry_floor_e1
18720,d13 Sun 00:00,desk_b1,coffee_table_l1,entry_table_e1,coffee_table_l1,counter_k1,couch_l1,couch_l1,coffee_table_l1,bed_b1,kitchen_table_k1,kitchen_table_k1,sink_k1,bed_b2,counter_k1,dish_rack_k1,cupboard_k1,counter_k1,kitchen_table_k1,armchair_l1,entry_floor_e1
18780,d13 Sun 01:00,desk_b1,coffee_table_l1,entry_table_e1,coffee_table_l1,counter_k1,couch_l1,couch_l1,coffee_table_l1,bed_b1,kitchen_table_k1,kitchen_table_k1,sink_k1,bed_b2,counter_k1,dish_rack_k1,cupboard_k1,counter_k1,kitchen_table_k1,armchair_l1,entry_floor_e1
18840,d13 Sun 02:00,desk_b1,coffee_table_l1,entry_table_e1,coffee_table_l1,counter_k1,couch_l1,couch_l1,coffee_table_l1,bed_b1,kitchen_table_k1,kitchen_table_k1,sink_k1,bed_b2,counter_k1,dish_rack_k1,cupboard_k1,counter_k1,kitchen_table_k1,armchair_l1,entry_floor_e1
18900,d13 Sun 03:00,desk_b1,coffee_table_l1,entry_table_e1,coffee_table_l1,counter_k1,couch_l1,couch_l1,coffee_table_l1,bed_b1,kitchen_table_k1,kitchen_table_k1,sink_k1,bed_b2,counter_k1,dish_rack_k1,cupboard_k1,counter_k1,kitchen_table_k1,armchair_l1,entry_floor_e1
18960,d13 Sun 04:00,desk_b1,coffee_table_l1,entry_table_e1,coffee_table_l1,counter_k1,couch_l1,couch_l1,coffee_table_l1,bed_b1,kitchen_table_k1,kitchen_table_k1,sink_k1,bed_b2,counter_k1,dish_rack_k1,cupboard_k1,counter_k1,kitchen_table_k1,armchair_l1,entry_floor_e1
19020,d13 Sun 05:00,desk_b1,coffee_table_l1,entry_table_e1,coffee_table_l1,counter_k1,couch_l1,couch_l1,coffee_table_l1,bed_b1,kitchen_table_k1,kitchen_table_k1,sink_k1,bed_b2,counter_k1,dish_rack_k1,cupboard_k1,counter_k1,kitchen_table_k1,armchair_l1,entry_floor_e1
19080,d13 Sun 06:00,desk_b1,coffee_table_l1,entry_table_e1,coffee_table_l1,counter_k1,couch_l1,couch_l1,coffee_table_l1,bed_b1,kitchen_table_k1,kitchen_table_k1,sink_k1,bed_b2,counter_k1,dish_rack_k1,cupboard_k1,counter_k1,kitchen_table_k1,armchair_l1,entry_floor_e1
19140,d13 Sun 07:00,desk_b1,coffee_table_l1,entry_table_e1,coffee_table_l1,counter_k1,couch_l1,couch_l1,coffee_table_l1,bathroom_shelf_ba1,kitchen_table_k1,kitchen_table_k1,sink_k1,bed_b2,counter_k1,dish_rack_k1,cupboard_k1,counter_k1,kitchen_table_k1,armchair_l1,entry_floor_e1
19200,d13 Sun 08:00,desk_b1,nightstand_b1,entry_table_e1,desk_b1,desk_b1,desk_b1,desk_b1,desk_b1,bathroom_shelf_ba1,desk_b1,desk_b1,sink_k1,bed_b2,counter_k1,cupboard_k1,kitchen_table_k1,desk_b1,desk_b1,coffee_table_l1,entry_floor_e1
19260,d13 Sun 09:00,bed_b1,counter_k1,entry_table_e1,desk_b1,counter_k1,couch_l1,couch_l1,armchair_l1,bathroom_shelf_ba1,kitchen_table_k1,kitchen_table_k1,couch_l1,bed_b2,counter_k1,cupboard_k1,cupboard_k1,desk_b1,couch_l1,couch_l1,entry_floor_e1
19320,d13 Sun 10:00,desk_b1,nightstand_b1,couch_l1,couch_l1,couch_l1,couch_l1,couch_l1,entry_table_e1,bathroom_shelf_ba1,kitchen_table_k1,kitchen_table_k1,coffee_table_l1,bed_b2,counter_k1,cupboard_k1,cupboard_k1,couch_l1,kitchen_table_k1,coffee_table_l1,entry_floor_e1
19380,d13 Sun 11:00,desk_b1,nightstand_b1,entry_table_e1,desk_b1,counter_k1,couch_l1,couch_l1,entry_table_e1,bathroom_shelf_ba1,kitchen_table_k1,kitchen_table_k1,couch_l1,bed_b2,counter_k1,cupboard_k1,cupboard_k1,counter_k1,kitchen_table_k1,coffee_table_l1,entry_floor_e1
19440,d13 Sun 12:00,desk_b1,nightstand_b1,entry_table_e1,desk_b1,counter_k1,couch_l1,couch_l1,entry_table_e1,bathroom_shelf_ba1,kitchen_table_k1,kitchen_table_k1,couch_l1,bed_b2,counter_k1,cupboard_k1,cupboard_k1,counter_k1,kitchen_table_k1,coffee_table_l1,entry_floor_e1
19500,d13 Sun 13:00,desk_b1,nightstand_b1,kitchen_table_k1,kitchen_table_k1,counter_k1,kitchen_table_k1,couch_l1,entry_table_e1,bathroom_shelf_ba1,couch_l1,kitchen_table_k1,kitchen_table_k1,bed_b2,counter_k1,cupboard_k1,sink_k1,counter_k1,couch_l1,couch_l1,entry_floor_e1
19560,d13 Sun 14:00,desk_b1,nightstand_b1,kitchen_table_k1,kitchen_table_k1,counter_k1,kitchen_table_k1,couch_l1,entry_table_e1,bathroom_shelf_ba1,couch_l1,bookshelf_l1,kitchen_table_k1,bed_b2,counter_k1,cupboard_k1,sink_k1,counter_k1,couch_l1,couch_l1,entry_floor_e1
19620,d13 Sun 15:00,desk_b1,nightstand_b1,kitchen_table_k1,desk_b1,couch_l1,couch_l1,couch_l1,entry_table_e1,bathroom_shelf_ba1,couch_l1,kitchen_table_k1,couch_l1,bed_b2,counter_k1,cupboard_k1,cupboard_k1,couch_l1,couch_l1,couch_l1,entry_floor_e1
19680,d13 Sun 16:00,desk_b1,nightstand_b1,kitchen_table_k1,desk_b1,couch_l1,couch_l1,couch_l1,entry_table_e1,bathroom_shelf_ba1,couch_l1,kitchen_table_k1,couch_l1,bed_b2,counter_k1,cupboard_k1,cupboard_k1,couch_l1,couch_l1,couch_l1,entry_floor_e1
19740,d13 Sun 17:00,desk_b1,nightstand_b1,kitchen_table_k1,desk_b1,couch_l1,couch_l1,couch_l1,entry_table_e1,bathroom_shelf_ba1,couch_l1,kitchen_table_k1,couch_l1,bed_b2,counter_k1,cupboard_k1,cupboard_k1,couch_l1,couch_l1,couch_l1,entry_floor_e1
19800,d13 Sun 18:00,desk_b1,nightstand_b1,entry_table_e1,desk_b1,counter_k1,couch_l1,couch_l1,entry_table_e1,bathroom_shelf_ba1,kitchen_table_k1,kitchen_table_k1,couch_l1,bed_b2,counter_k1,cupboard_k1,cupboard_k1,counter_k1,couch_l1,coffee_table_l1,entry_floor_e1
19860,d13 Sun 19:00,desk_b1,nightstand_b1,entry_table_e1,desk_b1,counter_k1,coffee_table_l1,kitchen_table_k1,entry_table_e1,bathroom_shelf_ba1,kitchen_table_k1,kitchen_table_k1,couch_l1,bed_b2,kitchen_table_k1,cupboard_k1,counter_k1,counter_k1,kitchen_table_k1,coffee_table_l1,entry_floor_e1
19920,d13 Sun 20:00,desk_b1,nightstand_b1,entry_table_e1,desk_b1,counter_k1,couch_l1,kitchen_table_k1,entry_table_e1,bathroom_shelf_ba1,kitchen_table_k1,kitchen_table_k1,sink_k1,bed_b2,kitchen_table_k1,dish_rack_k1,counter_k1,counter_k1,kitchen_table_k1,coffee_table_l1,entry_floor_e1
19980,d13 Sun 21:00,desk_b1,nightstand_b1,entry_table_e1,desk_b1,counter_k1,couch_l1,kitchen_table_k1,entry_table_e1,bathroom_shelf_ba1,kitchen_table_k1,kitchen_table_k1,sink_k1,bed_b2,kitchen_table_k1,dish_rack_k1,counter_k1,counter_k1,kitchen_table_k1,coffee_table_l1,entry_floor_e1
20040,d13 Sun 22:00,desk_b1,nightstand_b1,couch_l1,desk_b1,counter_k1,couch_l1,couch_l1,entry_table_e1,nightstand_b1,kitchen_table_k1,kitchen_table_k1,couch_l1,bed_b2,counter_k1,cupboard_k1,counter_k1,counter_k1,kitchen_table_k1,coffee_table_l1,entry_floor_e1
20100,d13 Sun 23:00,desk_b1,armchair_l1,couch_l1,armchair_l1,counter_k1,couch_l1,couch_l1,entry_table_e1,bed_b1,coffee_table_l1,kitchen_table_k1,couch_l1,bed_b2,counter_k1,cupboard_k1,counter_k1,counter_k1,kitchen_table_k1,couch_l1,entry_floor_e1
20160,d14 Mon 00:00,desk_b1,armchair_l1,couch_l1,coffee_table_l1,counter_k1,couch_l1,armchair_l1,entry_table_e1,bed_b1,couch_l1,kitchen_table_k1,couch_l1,bed_b2,counter_k1,cupboard_k1,counter_k1,counter_k1,kitchen_table_k1,coffee_table_l1,entry_floor_e1
20220,d14 Mon 01:00,desk_b1,armchair_l1,couch_l1,coffee_table_l1,counter_k1,couch_l1,armchair_l1,entry_table_e1,bed_b1,couch_l1,kitchen_table_k1,couch_l1,bed_b2,counter_k1,cupboard_k1,counter_k1,counter_k1,kitchen_table_k1,coffee_table_l1,entry_floor_e1
20280,d14 Mon 02:00,desk_b1,armchair_l1,couch_l1,coffee_table_l1,counter_k1,couch_l1,armchair_l1,entry_table_e1,bed_b1,couch_l1,kitchen_table_k1,couch_l1,bed_b2,counter_k1,cupboard_k1,counter_k1,counter_k1,kitchen_table_k1,coffee_table_l1,entry_floor_e1
20340,d14 Mon 03:00,desk_b1,armchair_l1,couch_l1,coffee_table_l1,counter_k1,couch_l1,armchair_l1,entry_table_e1,bed_b1,couch_l1,kitchen_table_k1,couch_l1,bed_b2,counter_k1,cupboard_k1,counter_k1,counter_k1,kitchen_table_k1,coffee_table_l1,entry_floor_e1
20400,d14 Mon 04:00,desk_b1,armchair_l1,couch_l1,coffee_table_l1,counter_k1,couch_l1,armchair_l1,entry_table_e1,bed_b1,couch_l1,kitchen_table_k1,couch_l1,bed_b2,counter_k1,cupboard_k1,counter_k1,counter_k1,kitchen_table_k1,coffee_table_l1,entry_floor_e1
20460,d14 Mon 05:00,desk_b1,armchair_l1,couch_l1,coffee_table_l1,counter_k1,couch_l1,armchair_l1,entry_table_e1,bed_b1,couch_l1,kitchen_table_k1,couch_l1,bed_b2,counter_k1,cupboard_k1,counter_k1,counter_k1,kitchen_table_k1,counter_k1,entry_floor_e1
20520,d14 Mon 06:00,desk_b1,armchair_l1,couch_l1,coffee_table_l1,counter_k1,couch_l1,armchair_l1,entry_table_e1,bed_b1,couch_l1,kitchen_table_k1,couch_l1,bed_b2,counter_k1,cupboard_k1,counter_k1,counter_k1,kitchen_table_k1,counter_k1,entry_floor_e1
20580,d14 Mon 07:00,desk_b1,nightstand_b1,couch_l1,desk_b1,counter_k1,couch_l1,kitchen_table_k1,entry_table_e1,bathroom_shelf_ba1,kitchen_table_k1,kitchen_table_k1,couch_l1,bed_b2,counter_k1,cupboard_k1,cupboard_k1,counter_k1,kitchen_table_k1,coffee_table_l1,entry_floor_e1
20640,d14 Mon 08:00,desk_b1,kitchen_table_k1,entry_table_e1,desk_b1,counter_k1,couch_l1,kitchen_table_k1,entry_table_e1,bathroom_shelf_ba1,kitchen_table_k1,bookshelf_l1,couch_l1,couch_l1,couch_l1,kitchen_table_k1,kitchen_table_k1,counter_k1,couch_l1,couch_l1,entry_floor_e1
20700,d14 Mon 09:00,desk_b1,nightstand_b1,kitchen_table_k1,desk_b1,desk_b1,couch_l1,kitchen_table_k1,desk_b1,bathroom_shelf_ba1,kitchen_table_k1,kitchen_table_k1,armchair_l1,bed_b2,counter_k1,kitchen_table_k1,cupboard_k1,counter_k1,couch_l1,coffee_table_l1,entry_floor_e1
20760,d14 Mon 10:00,desk_b1,nightstand_b1,kitchen_table_k1,desk_b1,desk_b1,couch_l1,kitchen_table_k1,desk_b1,bathroom_shelf_ba1,kitchen_table_k1,kitchen_table_k1,armchair_l1,bed_b2,counter_k1,kitchen_table_k1,cupboard_k1,counter_k1,kitchen_table_k1,coffee_table_l1,entry_floor_e1
20820,d14 Mon 11:00,couch_l1,nightstand_b1,entry_table_e1,couch_l1,couch_l1,couch_l1,couch_l1,entry_table_e1,bathroom_shelf_ba1,kitchen_table_k1,couch_l1,armchair_l1,bed_b2,counter_k1,cupboard_k1,sink_k1,couch_l1,kitchen_table_k1,coffee_table_l1,entry_floor_e1
20880,d14 Mon 12:00,couch_l1,nightstand_b1,entry_table_e1,couch_l1,couch_l1,couch_l1,couch_l1,entry_table_e1,bathroom_shelf_ba1,kitchen_table_k1,couch_l1,armchair_l1,bed_b2,counter_k1,cupboard_k1,sink_k1,couch_l1,kitchen_table_k1,coffee_table_l1,entry_floor_e1
20940,d14 Mon 13:00,couch_l1,nightstand_b1,entry_table_e1,couch_l1,couch_l1,couch_l1,couch_l1,entry_table_e1,bathroom_shelf_ba1,kitchen_table_k1,couch_l1,armchair_l1,bed_b2,counter_k1,cupboard_k1,sink_k1,couch_l1,kitchen_table_k1,coffee_table_l1,entry_floor_e1
21000,d14 Mon 14:00,desk_b1,nightstand_b1,entry_table_e1,couch_l1,counter_k1,couch_l1,couch_l1,entry_table_e1,bathroom_shelf_ba1,kitchen_table_k1,couch_l1,couch_l1,couch_l1,couch_l1,cupboard_k1,couch_l1,couch_l1,couch_l1,couch_l1,entry_floor_e1
21060,d14 Mon 15:00,desk_b1,desk_b1,kitchen_table_k1,couch_l1,kitchen_table_k1,couch_l1,kitchen_table_k1,entry_table_e1,bathroom_shelf_ba1,kitchen_table_k1,couch_l1,couch_l1,bed_b2,couch_l1,cupboard_k1,couch_l1,counter_k1,counter_k1,couch_l1,entry_floor_e1
21120,d14 Mon 16:00,desk_b1,desk_b1,kitchen_table_k1,couch_l1,kitchen_table_k1,couch_l1,kitchen_table_k1,entry_table_e1,bathroom_shelf_ba1,kitchen_table_k1,couch_l1,couch_l1,bed_b2,couch_l1,cupboard_k1,couch_l1,counter_k1,counter_k1,couch_l1,entry_floor_e1
21180,d14 Mon 17:00,desk_b1,desk_b1,kitchen_table_k1,couch_l1,kitchen_table_k1,couch_l1,kitchen_table_k1,entry_table_e1,bathroom_shelf_ba1,kitchen_table_k1,couch_l1,couch_l1,bed_b2,couch_l1,cupboard_k1,couch_l1,counter_k1,counter_k1,couch_l1,entry_floor_e1
21240,d14 Mon 18:00,desk_b1,nightstand_b1,kitchen_table_k1,desk_b1,counter_k1,couch_l1,couch_l1,kitchen_table_k1,bathroom_shelf_ba1,couch_l1,couch_l1,couch_l1,bed_b2,counter_k1,cupboard_k1,couch_l1,kitchen_table_k1,kitchen_table_k1,couch_l1,entry_floor_e1
21300,d14 Mon 19:00,desk_b1,nightstand_b1,entry_table_e1,desk_b1,coffee_table_l1,couch_l1,kitchen_table_k1,entry_table_e1,bathroom_shelf_ba1,kitchen_table_k1,couch_l1,couch_l1,bed_b2,counter_k1,cupboard_k1,sink_k1,coffee_table_l1,kitchen_table_k1,couch_l1,entry_floor_e1
21360,d14 Mon 20:00,desk_b1,nightstand_b1,entry_table_e1,desk_b1,counter_k1,couch_l1,kitchen_table_k1,entry_table_e1,bathroom_shelf_ba1,kitchen_table_k1,kitchen_table_k1,counter_k1,bed_b2,kitchen_table_k1,sink_k1,cupboard_k1,coffee_table_l1,kitchen_table_k1,coffee_table_l1,entry_floor_e1
21420,d14 Mon 21:00,desk_b1,nightstand_b1,entry_table_e1,couch_l1,counter_k1,couch_l1,kitchen_table_k1,entry_table_e1,bathroom_shelf_ba1,kitchen_table_k1,kitchen_table_k1,counter_k1,bed_b2,kitchen_table_k1,sink_k1,cupboard_k1,coffee_table_l1,kitchen_table_k1,couch_l1,entry_floor_e1
21480,d14 Mon 22:00,desk_b1,nightstand_b1,entry_table_e1,couch_l1,counter_k1,couch_l1,kitchen_table_k1,entry_table_e1,nightstand_b1,kitchen_table_k1,kitchen_table_k1,counter_k1,bed_b2,kitchen_table_k1,sink_k1,cupboard_k1,coffee_table_l1,kitchen_table_k1,couch_l1,entry_floor_e1
21540,d14 Mon 23:00,desk_b1,coffee_table_l1,entry_table_e1,coffee_table_l1,counter_k1,couch_l1,couch_l1,entry_table_e1,bed_b1,coffee_table_l1,kitchen_table_k1,counter_k1,bed_b2,kitchen_table_k1,sink_k1,cupboard_k1,coffee_table_l1,kitchen_table_k1,couch_l1,entry_floor_e1
21600,d15 Tue 00:00,desk_b1,coffee_table_l1,entry_table_e1,coffee_table_l1,counter_k1,couch_l1,couch_l1,entry_table_e1,bed_b1,coffee_table_l1,kitchen_table_k1,counter_k1,bed_b2,kitchen_table_k1,sink_k1,cupboard_k1,coffee_table_l1,kitchen_table_k1,couch_l1,entry_floor_e1
21660,d15 Tue 01:00,desk_b1,coffee_table_l1,entry_table_e1,coffee_table_l1,counter_k1,couch_l1,couch_l1,entry_table_e1,bed_b1,coffee_table_l1,kitchen_table_k1,counter_k1,bed_b2,kitchen_table_k1,sink_k1,cupboard_k1,coffee_table_l1,kitchen_table_k1,couch_l1,entry_floor_e1
21720,d15 Tue 02:00,desk_b1,coffee_table_l1,entry_table_e1,coffee_table_l1,counter_k1,couch_l1,couch_l1,entry_table_e1,bed_b1,coffee_table_l1,kitchen_table_k1,counter_k1,bed_b2,kitchen_table_k1,sink_k1,cupboard_k1,coffee_table_l1,kitchen_table_k1,couch_l1,entry_floor_e1
21780,d15 Tue 03:00,desk_b1,coffee_table_l1,entry_table_e1,coffee_table_l1,counter_k1,couch_l1,couch_l1,entry_table_e1,bed_b1,coffee_table_l1,kitchen_table_k1,counter_k1,bed_b2,kitchen_table_k1,sink_k1,cupboard_k1,coffee_table_l1,kitchen_table_k1,couch_l1,entry_floor_e1
21840,d15 Tue 04:00,desk_b1,coffee_table_l1,entry_table_e1,coffee_table_l1,counter_k1,couch_l1,couch_l1,entry_table_e1,bed_b1,coffee_table_l1,kitchen_table_k1,counter_k1,bed_b2,kitchen_table_k1,sink_k1,cupboard_k1,coffee_table_l1,kitchen_table_k1,couch_l1,entry_floor_e1
21900,d15 Tue 05:00,desk_b1,coffee_table_l1,entry_table_e1,coffee_table_l1,counter_k1,couch_l1,couch_l1,entry_table_e1,bed_b1,coffee_table_l1,kitchen_table_k1,counter_k1,bed_b2,kitchen_table_k1,sink_k1,cupboard_k1,coffee_table_l1,kitchen_table_k1,couch_l1,entry_floor_e1
21960,d15 Tue 06:00,desk_b1,coffee_table_l1,entry_table_e1,coffee_table_l1,counter_k1,couch_l1,couch_l1,entry_table_e1,bed_b1,coffee_table_l1,kitchen_table_k1,counter_k1,bed_b2,kitchen_table_k1,sink_k1,cupboard_k1,coffee_table_l1,kitchen_table_k1,couch_l1,entry_floor_e1
22020,d15 Tue 07:00,desk_b1,coffee_table_l1,entry_table_e1,coffee_table_l1,counter_k1,couch_l1,coffee_table_l1,entry_table_e1,bathroom_shelf_ba1,coffee_table_l1,kitchen_table_k1,counter_k1,bed_b2,couch_l1,sink_k1,cupboard_k1,coffee_table_l1,kitchen_table_k1,couch_l1,entry_floor_e1
22080,d15 Tue 08:00,desk_b1,nightstand_b1,entry_table_e1,desk_b1,desk_b1,couch_l1,kitchen_table_k1,kitchen_table_k1,bathroom_shelf_ba1,kitchen_table_k1,kitchen_table_k1,couch_l1,bed_b2,counter_k1,kitchen_table_k1,kitchen_table_k1,counter_k1,kitchen_table_k1,coffee_table_l1,entry_floor_e1
22140,d15 Tue 09:00,desk_b1,nightstand_b1,entry_table_e1,desk_b1,desk_b1,couch_l1,kitchen_table_k1,kitchen_table_k1,bathroom_shelf_ba1,kitchen_table_k1,kitchen_table_k1,couch_l1,bed_b2,counter_k1,kitchen_table_k1,cupboard_k1,counter_k1,kitchen_table_k1,coffee_table_l1,entry_floor_e1
22200,d15 Tue 10:00,desk_b1,nightstand_b1,entry_table_e1,desk_b1,desk_b1,couch_l1,kitchen_table_k1,kitchen_table_k1,bathroom_shelf_ba1,kitchen_table_k1,kitchen_table_k1,couch_l1,bed_b2,counter_k1,kitchen_table_k1,cupboard_k1,counter_k1,kitchen_table_k1,coffee_table_l1,entry_floor_e1
22260,d15 Tue 11:00,desk_b1,nightstand_b1,entry_table_e1,desk_b1,couch_l1,couch_l1,kitchen_table_k1,entry_table_e1,bathroom_shelf_ba1,kitchen_table_k1,couch_l1,couch_l1,couch_l1,couch_l1,cupboard_k1,cupboard_k1,couch_l1,couch_l1,couch_l1,entry_floor_e1
22320,d15 Tue 12:00,desk_b1,nightstand_b1,entry_table_e1,desk_b1,couch_l1,couch_l1,kitchen_table_k1,entry_table_e1,bathroom_shelf_ba1,kitchen_table_k1,couch_l1,couch_l1,couch_l1,couch_l1,cupboard_k1,cupboard_k1,couch_l1,couch_l1,couch_l1,entry_floor_e1
22380,d15 Tue 13:00,desk_b1,kitchen_table_k1,entry_table_e1,kitchen_table_k1,counter_k1,couch_l1,kitchen_table_k1,entry_table_e1,bathroom_shelf_ba1,kitchen_table_k1,couch_l1,couch_l1,couch_l1,couch_l1,cupboard_k1,couch_l1,counter_k1,kitchen_table_k1,couch_l1,entry_floor_e1
22440,d15 Tue 14:00,desk_b1,kitchen_table_k1,entry_table_e1,kitchen_table_k1,counter_k1,coffee_table_l1,kitchen_table_k1,entry_table_e1,bathroom_shelf_ba1,kitchen_table_k1,couch_l1,counter_k1,couch_l1,coffee_table_l1,cupboard_k1,couch_l1,counter_k1,kitchen_table_k1,coffee_table_l1,entry_floor_e1
22500,d15 Tue 15:00,desk_b1,kitchen_table_k1,entry_table_e1,kitchen_table_k1,counter_k1,coffee_table_l1,kitchen_table_k1,entry_table_e1,bathroom_shelf_ba1,kitchen_table_k1,couch_l1,counter_k1,couch_l1,coffee_table_l1,cupboard_k1,couch_l1,counter_k1,kitchen_table_k1,coffee_table_l1,entry_floor_e1
22560,d15 Tue 16:00,desk_b1,nightstand_b1,entry_table_e1,kitchen_table_k1,counter_k1,couch_l1,kitchen_table_k1,entry_table_e1,bathroom_shelf_ba1,kitchen_table_k1,kitchen_table_k1,couch_l1,couch_l1,couch_l1,cupboard_k1,couch_l1,couch_l1,couch_l1,couch_l1,entry_floor_e1
22620,d15 Tue 17:00,desk_b1,nightstand_b1,entry_table_e1,counter_k1,counter_k1,couch_l1,kitchen_table_k1,entry_table_e1,bathroom_shelf_ba1,kitchen_table_k1,kitchen_table_k1,couch_l1,couch_l1,couch_l1,cupboard_k1,couch_l1,counter_k1,couch_l1,coffee_table_l1,entry_floor_e1
22680,d15 Tue 18:00,desk_b1,nightstand_b1,entry_table_e1,desk_b1,coffee_table_l1,couch_l1,kitchen_table_k1,entry_table_e1,bathroom_shelf_ba1,kitchen_table_k1,kitchen_table_k1,kitchen_table_k1,bed_b2,coffee_table_l1,kitchen_table_k1,cupboard_k1,counter_k1,kitchen_table_k1,coffee_table_l1,entry_floor_e1
22740,d15 Tue 19:00,desk_b1,nightstand_b1,entry_table_e1,desk_b1,counter_k1,couch_l1,kitchen_table_k1,entry_table_e1,bathroom_shelf_ba1,kitchen_table_k1,kitchen_table_k1,couch_l1,bed_b2,counter_k1,cupboard_k1,cupboard_k1,counter_k1,kitchen_table_k1,coffee_table_l1,entry_floor_e1
22800,d15 Tue 20:00,desk_b1,nightstand_b1,entry_table_e1,desk_b1,counter_k1,counter_k1,kitchen_table_k1,entry_table_e1,bathroom_shelf_ba1,kitchen_table_k1,kitchen_table_k1,counter_k1,bed_b2,counter_k1,sink_k1,cupboard_k1,counter_k1,kitchen_table_k1,coffee_table_l1,entry_floor_e1
22860,d15 Tue 21:00,desk_b1,couch_l1,entry_table_e1,couch_l1,counter_k1,counter_k1,kitchen_table_k1,entry_table_e1,bathroom_shelf_ba1,kitchen_table_k1,kitchen_table_k1,counter_k1,bed_b2,counter_k1,cupboard_k1,cupboard_k1,counter_k1,kitchen_table_k1,coffee_table_l1,entry_floor_e1
22920,d15 Tue 22:00,desk_b1,couch_l1,entry_table_e1,desk_b1,counter_k1,counter_k1,couch_l1,entry_table_e1,bathroom_shelf_ba1,kitchen_table_k1,kitchen_table_k1,couch_l1,bed_b2,counter_k1,cupboard_k1,cupboard_k1,counter_k1,kitchen_table_k1,coffee_table_l1,entry_floor_e1
22980,d15 Tue 23:00,desk_b1,couch_l1,entry_table_e1,armchair_l1,counter_k1,counter_k1,couch_l1,entry_table_e1,bed_b1,couch_l1,kitchen_table_k1,couch_l1,bed_b2,counter_k1,cupboard_k1,cupboard_k1,counter_k1,kitchen_table_k1,armchair_l1,entry_floor_e1
23040,d16 Wed 00:00,desk_b1,couch_l1,entry_table_e1,armchair_l1,counter_k1,counter_k1,couch_l1,entry_table_e1,bed_b1,couch_l1,kitchen_table_k1,couch_l1,bed_b2,counter_k1,cupboard_k1,cupboard_k1,counter_k1,kitchen_table_k1,armchair_l1,entry_floor_e1
23100,d16 Wed 01:00,desk_b1,couch_l1,entry_table_e1,armchair_l1,counter_k1,counter_k1,couch_l1,entry_table_e1,bed_b1,couch_l1,kitchen_table_k1,couch_l1,bed_b2,counter_k1,cupboard_k1,cupboard_k1,counter_k1,kitchen_table_k1,armchair_l1,entry_floor_e1
23160,d16 Wed 02:00,desk_b1,couch_l1,entry_table_e1,armchair_l1,counter_k1,counter_k1,couch_l1,entry_table_e1,bed_b1,couch_l1,kitchen_table_k1,couch_l1,bed_b2,counter_k1,cupboard_k1,cupboard_k1,counter_k1,kitchen_table_k1,armchair_l1,entry_floor_e1
23220,d16 Wed 03:00,desk_b1,couch_l1,entry_table_e1,armchair_l1,counter_k1,counter_k1,couch_l1,entry_table_e1,bed_b1,couch_l1,kitchen_table_k1,couch_l1,bed_b2,counter_k1,cupboard_k1,cupboard_k1,counter_k1,kitchen_table_k1,armchair_l1,entry_floor_e1
23280,d16 Wed 04:00,desk_b1,couch_l1,entry_table_e1,armchair_l1,counter_k1,counter_k1,couch_l1,entry_table_e1,bed_b1,couch_l1,kitchen_table_k1,couch_l1,bed_b2,counter_k1,cupboard_k1,cupboard_k1,counter_k1,kitchen_table_k1,armchair_l1,entry_floor_e1
23340,d16 Wed 05:00,desk_b1,couch_l1,entry_table_e1,armchair_l1,counter_k1,counter_k1,couch_l1,entry_table_e1,bed_b1,counter_k1,kitchen_table_k1,couch_l1,bed_b2,counter_k1,cupboard_k1,cupboard_k1,counter_k1,kitchen_table_k1,armchair_l1,entry_floor_e1
23400,d16 Wed 06:00,desk_b1,couch_l1,entry_table_e1,armchair_l1,counter_k1,counter_k1,couch_l1,entry_table_e1,bed_b1,counter_k1,kitchen_table_k1,couch_l1,bed_b2,counter_k1,cupboard_k1,cupboard_k1,counter_k1,kitchen_table_k1,armchair_l1,entry_floor_e1
23460,d16 Wed 07:00,desk_b1,nightstand_b1,entry_table_e1,armchair_l1,counter_k1,couch_l1,couch_l1,entry_table_e1,nightstand_b1,counter_k1,kitchen_table_k1,couch_l1,bed_b2,counter_k1,kitchen_table_k1,cupboard_k1,counter_k1,kitchen_table_k1,armchair_l1,entry_floor_e1
23520,d16 Wed 08:00,desk_b1,nightstand_b1,kitchen_table_k1,kitchen_table_k1,counter_k1,couch_l1,kitchen_table_k1,entry_table_e1,bathroom_shelf_ba1,kitchen_table_k1,kitchen_table_k1,couch_l1,bed_b2,couch_l1,cupboard_k1,cupboard_k1,counter_k1,kitchen_table_k1,coffee_table_l1,entry_floor_e1
23580,d16 Wed 09:00,desk_b1,nightstand_b1,entry_table_e1,kitchen_table_k1,counter_k1,couch_l1,couch_l1,entry_table_e1,bathroom_shelf_ba1,kitchen_table_k1,couch_l1,couch_l1,bed_b2,couch_l1,cupboard_k1,cupboard_k1,counter_k1,kitchen_table_k1,coffee_table_l1,entry_floor_e1
23640,d16 Wed 10:00,desk_b1,nightstand_b1,entry_table_e1,kitchen_table_k1,counter_k1,couch_l1,couch_l1,entry_table_e1,bathroom_shelf_ba1,kitchen_table_k1,couch_l1,couch_l1,bed_b2,couch_l1,cupboard_k1,cupboard_k1,counter_k1,kitchen_table_k1,coffee_table_l1,entry_floor_e1
23700,d16 Wed 11:00,desk_b1,nightstand_b1,entry_table_e1,kitchen_table_k1,couch_l1,couch_l1,kitchen_table_k1,entry_table_e1,bathroom_shelf_ba1,kitchen_table_k1,couch_l1,couch_l1,bed_b2,counter_k1,dish_rack_k1,cupboard_k1,counter_k1,kitchen_table_k1,couch_l1,entry_floor_e1
23760,d16 Wed 12:00,desk_b1,nightstand_b1,entry_table_e1,kitchen_table_k1,couch_l1,couch_l1,kitchen_table_k1,entry_table_e1,bathroom_shelf_ba1,kitchen_table_k1,couch_l1,couch_l1,bed_b2,counter_k1,dish_rack_k1,cupboard_k1,counter_k1,kitchen_table_k1,couch_l1,entry_floor_e1
23820,d16 Wed 13:00,desk_b1,nightstand_b1,entry_table_e1,kitchen_table_k1,couch_l1,couch_l1,kitchen_table_k1,entry_table_e1,bathroom_shelf_ba1,kitchen_table_k1,couch_l1,couch_l1,bed_b2,counter_k1,dish_rack_k1,cupboard_k1,counter_k1,kitchen_table_k1,couch_l1,entry_floor_e1
23880,d16 Wed 14:00,desk_b1,counter_k1,entry_table_e1,desk_b1,coffee_table_l1,couch_l1,couch_l1,entry_table_e1,bathroom_shelf_ba1,kitchen_table_k1,coffee_table_l1,coffee_table_l1,bed_b2,couch_l1,dish_rack_k1,sink_k1,counter_k1,kitchen_table_k1,couch_l1,entry_floor_e1
23940,d16 Wed 15:00,desk_b1,nightstand_b1,entry_table_e1,desk_b1,counter_k1,couch_l1,kitchen_table_k1,entry_table_e1,bathroom_shelf_ba1,kitchen_table_k1,kitchen_table_k1,couch_l1,bed_b2,couch_l1,cupboard_k1,cupboard_k1,counter_k1,kitchen_table_k1,couch_l1,entry_floor_e1
24000,d16 Wed 16:00,desk_b1,nightstand_b1,entry_table_e1,desk_b1,counter_k1,couch_l1,kitchen_table_k1,entry_table_e1,bathroom_shelf_ba1,kitchen_table_k1,kitchen_table_k1,couch_l1,bed_b2,couch_l1,cupboard_k1,cupboard_k1,counter_k1,kitchen_table_k1,coffee_table_l1,entry_floor_e1
24060,d16 Wed 17:00,desk_b1,nightstand_b1,entry_table_e1,desk_b1,counter_k1,couch_l1,kitchen_table_k1,entry_table_e1,bathroom_shelf_ba1,kitchen_table_k1,kitchen_table_k1,couch_l1,bed_b2,couch_l1,cupboard_k1,cupboard_k1,counter_k1,kitchen_table_k1,coffee_table_l1,entry_floor_e1
24120,d16 Wed 18:00,desk_b1,nightstand_b1,tv_stand_l1,kitchen_table_k1,counter_k1,couch_l1,couch_l1,entry_table_e1,bathroom_shelf_ba1,kitchen_table_k1,couch_l1,couch_l1,couch_l1,counter_k1,cupboard_k1,couch_l1,counter_k1,kitchen_table_k1,coffee_table_l1,entry_floor_e1
24180,d16 Wed 19:00,desk_b1,nightstand_b1,entry_table_e1,desk_b1,counter_k1,couch_l1,kitchen_table_k1,entry_table_e1,bathroom_shelf_ba1,kitchen_table_k1,kitchen_table_k1,counter_k1,bed_b2,counter_k1,sink_k1,cupboard_k1,counter_k1,kitchen_table_k1,coffee_table_l1,entry_floor_e1
24240,d16 Wed 20:00,desk_b1,nightstand_b1,entry_table_e1,desk_b1,counter_k1,couch_l1,kitchen_table_k1,entry_table_e1,bathroom_shelf_ba1,kitchen_table_k1,kitchen_table_k1,counter_k1,bed_b2,counter_k1,dish_rack_k1,cupboard_k1,counter_k1,kitchen_table_k1,coffee_table_l1,entry_floor_e1
24300,d16 Wed 21:00,desk_b1,nightstand_b1,entry_table_e1,desk_b1,counter_k1,couch_l1,kitchen_table_k1,entry_table_e1,nightstand_b1,kitchen_table_k1,kitchen_table_k1,counter_k1,bed_b2,counter_k1,dish_rack_k1,cupboard_k1,counter_k1,kitchen_table_k1,coffee_table_l1,entry_floor_e1
24360,d16 Wed 22:00,desk_b1,nightstand_b1,entry_table_e1,couch_l1,counter_k1,couch_l1,kitchen_table_k1,entry_table_e1,bathroom_shelf_ba1,couch_l1,kitchen_table_k1,couch_l1,bed_b2,counter_k1,cupboard_k1,cupboard_k1,counter_k1,kitchen_table_k1,coffee_table_l1,entry_floor_e1
24420,d16 Wed 23:00,desk_b1,coffee_table_l1,entry_table_e1,armchair_l1,counter_k1,couch_l1,kitchen_table_k1,entry_table_e1,nightstand_b1,couch_l1,kitchen_table_k1,couch_l1,bed_b2,counter_k1,cupboard_k1,cupboard_k1,counter_k1,kitchen_table_k1,armchair_l1,entry_floor_e1
24480,d17 Thu 00:00,desk_b1,coffee_table_l1,entry_table_e1,armchair_l1,counter_k1,couch_l1,kitchen_table_k1,entry_table_e1,nightstand_b1,couch_l1,kitchen_table_k1,couch_l1,bed_b2,counter_k1,cupboard_k1,cupboard_k1,counter_k1,kitchen_table_k1,armchair_l1,entry_floor_e1
24540,d17 Thu 01:00,desk_b1,coffee_table_l1,entry_table_e1,armchair_l1,counter_k1,couch_l1,kitchen_table_k1,entry_table_e1,nightstand_b1,couch_l1,kitchen_table_k1,couch_l1,bed_b2,counter_k1,cupboard_k1,cupboard_k1,counter_k1,kitchen_table_k1,armchair_l1,entry_floor_e1
24600,d17 Thu 02:00,desk_b1,coffee_table_l1,entry_table_e1,armchair_l1,counter_k1,couch_l1,kitchen_table_k1,entry_table_e1,nightstand_b1,couch_l1,kitchen_table_k1,couch_l1,bed_b2,counter_k1,cupboard_k1,cupboard_k1,counter_k1,kitchen_table_k1,armchair_l1,entry_floor_e1
24660,d17 Thu 03:00,desk_b1,coffee_table_l1,entry_table_e1,armchair_l1,counter_k1,couch_l1,kitchen_table_k1,entry_table_e1,nightstand_b1,couch_l1,kitchen_table_k1,couch_l1,bed_b2,counter_k1,cupboard_k1,cupboard_k1,counter_k1,kitchen_table_k1,armchair_l1,entry_floor_e1
24720,d17 Thu 04:00,desk_b1,coffee_table_l1,entry_table_e1,armchair_l1,counter_k1,couch_l1,kitchen_table_k1,entry_table_e1,nightstand_b1,couch_l1,kitchen_table_k1,couch_l1,bed_b2,counter_k1,cupboard_k1,cupboard_k1,counter_k1,kitchen_table_k1,armchair_l1,entry_floor_e1
24780,d17 Thu 05:00,desk_b1,coffee_table_l1,entry_table_e1,armchair_l1,counter_k1,couch_l1,kitchen_table_k1,entry_table_e1,nightstand_b1,couch_l1,kitchen_table_k1,couch_l1,bed_b2,counter_k1,cupboard_k1,cupboard_k1,counter_k1,kitchen_table_k1,armchair_l1,entry_floor_e1
24840,d17 Thu 06:00,desk_b1,coffee_table_l1,entry_table_e1,armchair_l1,counter_k1,couch_l1,kitchen_table_k1,entry_table_e1,nightstand_b1,couch_l1,kitchen_table_k1,couch_l1,bed_b2,counter_k1,cupboard_k1,cupboard_k1,counter_k1,kitchen_table_k1,armchair_l1,entry_floor_e1
24900,d17 Thu 07:00,desk_b1,nightstand_b1,entry_table_e1,desk_b1,counter_k1,couch_l1,kitchen_table_k1,entry_table_e1,bathroom_shelf_ba1,kitchen_table_k1,kitchen_table_k1,couch_l1,bed_b2,counter_k1,kitchen_table_k1,cupboard_k1,counter_k1,kitchen_table_k1,coffee_table_l1,entry_floor_e1
24960,d17 Thu 08:00,desk_b1,nightstand_b1,kitchen_table_k1,desk_b1,counter_k1,kitchen_table_k1,kitchen_table_k1,kitchen_table_k1,bathroom_shelf_ba1,kitchen_table_k1,kitchen_table_k1,couch_l1,bed_b2,counter_k1,dish_rack_k1,cupboard_k1,counter_k1,kitchen_table_k1,coffee_table_l1,entry_floor_e1
25020,d17 Thu 09:00,desk_b1,desk_b1,desk_b1,desk_b1,counter_k1,couch_l1,kitchen_table_k1,entry_table_e1,bathroom_shelf_ba1,kitchen_table_k1,kitchen_table_k1,couch_l1,bed_b2,counter_k1,dish_rack_k1,cupboard_k1,counter_k1,kitchen_table_k1,coffee_table_l1,entry_floor_e1
25080,d17 Thu 10:00,desk_b1,desk_b1,desk_b1,desk_b1,counter_k1,couch_l1,kitchen_table_k1,entry_table_e1,bathroom_shelf_ba1,kitchen_table_k1,kitchen_table_k1,couch_l1,bed_b2,counter_k1,dish_rack_k1,cupboard_k1,counter_k1,kitchen_table_k1,coffee_table_l1,entry_floor_e1
25140,d17 Thu 11:00,desk_b1,desk_b1,desk_b1,desk_b1,counter_k1,couch_l1,kitchen_table_k1,entry_table_e1,bathroom_shelf_ba1,kitchen_table_k1,kitchen_table_k1,couch_l1,bed_b2,counter_k1,dish_rack_k1,cupboard_k1,counter_k1,kitchen_table_k1,coffee_table_l1,entry_floor_e1
25200,d17 Thu 12:00,desk_b1,nightstand_b1,entry_table_e1,desk_b1,couch_l1,couch_l1,kitchen_table_k1,entry_table_e1,bathroom_shelf_ba1,kitchen_table_k1,couch_l1,couch_l1,couch_l1,couch_l1,dish_rack_k1,sink_k1,couch_l1,couch_l1,couch_l1,entry_floor_e1
25260,d17 Thu 13:00,desk_b1,nightstand_b1,entry_table_e1,desk_b1,coffee_table_l1,coffee_table_l1,kitchen_table_k1,entry_table_e1,bathroom_shelf_ba1,kitchen_table_k1,couch_l1,counter_k1,couch_l1,coffee_table_l1,dish_rack_k1,sink_k1,coffee_table_l1,coffee_table_l1,coffee_table_l1,entry_floor_e1
25320,d17 Thu 14:00,desk_b1,nightstand_b1,entry_table_e1,desk_b1,coffee_table_l1,coffee_table_l1,kitchen_table_k1,entry_table_e1,bathroom_shelf_ba1,kitchen_table_k1,couch_l1,couch_l1,bed_b2,counter_k1,dish_rack_k1,sink_k1,coffee_table_l1,coffee_table_l1,coffee_table_l1,entry_floor_e1
25380,d17 Thu 15:00,desk_b1,counter_k1,entry_table_e1,desk_b1,counter_k1,kitchen_table_k1,couch_l1,entry_table_e1,bathroom_shelf_ba1,kitchen_table_k1,kitchen_table_k1,couch_l1,bed_b2,counter_k1,dish_rack_k1,cupboard_k1,counter_k1,kitchen_table_k1,coffee_table_l1,entry_floor_e1
25440,d17 Thu 16:00,desk_b1,counter_k1,entry_table_e1,desk_b1,counter_k1,kitchen_table_k1,couch_l1,entry_table_e1,bathroom_shelf_ba1,kitchen_table_k1,kitchen_table_k1,couch_l1,bed_b2,counter_k1,dish_rack_k1,cupboard_k1,counter_k1,kitchen_table_k1,coffee_table_l1,entry_floor_e1
25500,d17 Thu 17:00,couch_l1,couch_l1,entry_table_e1,couch_l1,couch_l1,couch_l1,kitchen_table_k1,entry_table_e1,bathroom_shelf_ba1,couch_l1,kitchen_table_k1,couch_l1,bed_b2,counter_k1,cupboard_k1,cupboard_k1,counter_k1,kitchen_table_k1,coffee_table_l1,entry_floor_e1
25560,d17 Thu 18:00,desk_b1,nightstand_b1,entry_table_e1,desk_b1,couch_l1,couch_l1,couch_l1,kitchen_table_k1,bathroom_shelf_ba1,kitchen_table_k1,couch_l1,couch_l1,couch_l1,couch_l1,cupboard_k1,couch_l1,couch_l1,couch_l1,couch_l1,entry_floor_e1
25620,d17 Thu 19:00,desk_b1,nightstand_b1,entry_table_e1,desk_b1,counter_k1,couch_l1,kitchen_table_k1,couch_l1,bathroom_shelf_ba1,kitchen_table_k1,kitchen_table_k1,kitchen_table_k1,bed_b2,counter_k1,cupboard_k1,cupboard_k1,counter_k1,kitchen_table_k1,coffee_table_l1,entry_floor_e1
25680,d17 Thu 20:00,desk_b1,nightstand_b1,entry_table_e1,desk_b1,counter_k1,couch_l1,kitchen_table_k1,entry_table_e1,nightstand_b1,kitchen_table_k1,kitchen_table_k1,sink_k1,bed_b2,counter_k1,sink_k1,cupboard_k1,counter_k1,kitchen_table_k1,coffee_table_l1,entry_floor_e1
25740,d17 Thu 21:00,desk_b1,nightstand_b1,entry_table_e1,desk_b1,counter_k1,couch_l1,kitchen_table_k1,entry_table_e1,bathroom_shelf_ba1,kitchen_table_k1,kitchen_table_k1,sink_k1,bed_b2,kitchen_table_k1,dish_rack_k1,cupboard_k1,counter_k1,kitchen_table_k1,coffee_table_l1,entry_floor_e1
25800,d17 Thu 22:00,desk_b1,couch_l1,entry_table_e1,couch_l1,counter_k1,couch_l1,kitchen_table_k1,entry_table_e1,nightstand_b1,couch_l1,kitchen_table_k1,sink_k1,bed_b2,counter_k1,dish_rack_k1,cupboard_k1,counter_k1,kitchen_table_k1,coffee_table_l1,entry_floor_e1
25860,d17 Thu 23:00,desk_b1,armchair_l1,entry_table_e1,armchair_l1,counter_k1,coffee_table_l1,couch_l1,entry_table_e1,bed_b1,couch_l1,kitchen_table_k1,sink_k1,bed_b2,counter_k1,dish_rack_k1,cupboard_k1,counter_k1,kitchen_table_k1,coffee_table_l1,entry_floor_e1
25920,d18 Fri 00:00,desk_b1,armchair_l1,entry_table_e1,coffee_table_l1,counter_k1,coffee_table_l1,couch_l1,entry_table_e1,bed_b1,couch_l1,kitchen_table_k1,sink_k1,bed_b2,counter_k1,dish_rack_k1,cupboard_k1,counter_k1,kitchen_table_k1,coffee_table_l1,entry_floor_e1
25980,d18 Fri 01:00,desk_b1,armchair_l1,entry_table_e1,coffee_table_l1,counter_k1,coffee_table_l1,couch_l1,entry_table_e1,bed_b1,couch_l1,kitchen_table_k1,sink_k1,bed_b2,counter_k1,dish_rack_k1,cupboard_k1,counter_k1,kitchen_table_k1,coffee_table_l1,entry_floor_e1
26040,d18 Fri 02:00,desk_b1,armchair_l1,entry_table_e1,coffee_table_l1,counter_k1,coffee_table_l1,couch_l1,entry_table_e1,bed_b1,couch_l1,kitchen_table_k1,sink_k1,bed_b2,counter_k1,dish_rack_k1,cupboard_k1,counter_k1,kitchen_table_k1,coffee_table_l1,entry_floor_e1
26100,d18 Fri 03:00,desk_b1,armchair_l1,entry_table_e1,coffee_table_l1,counter_k1,coffee_table_l1,couch_l1,entry_table_e1,bed_b1,couch_l1,kitchen_table_k1,sink_k1,bed_b2,counter_k1,dish_rack_k1,cupboard_k1,counter_k1,kitchen_table_k1,coffee_table_l1,entry_floor_e1
26160,d18 Fri 04:00,desk_b1,armchair_l1,entry_table_e1,coffee_table_l1,counter_k1,coffee_table_l1,couch_l1,entry_table_e1,bed_b1,couch_l1,kitchen_table_k1,sink_k1,bed_b2,counter_k1,dish_rack_k1,cupboard_k1,counter_k1,kitchen_table_k1,coffee_table_l1,entry_floor_e1
26220,d18 Fri 05:00,desk_b1,armchair_l1,entry_table_e1,coffee_table_l1,counter_k1,coffee_table_l1,couch_l1,entry_table_e1,bed_b1,couch_l1,kitchen_table_k1,sink_k1,bed_b2,counter_k1,dish_rack_k1,cupboard_k1,counter_k1,kitchen_table_k1,coffee_table_l1,entry_floor_e1
26280,d18 Fri 06:00,desk_b1,armchair_l1,entry_table_e1,coffee_table_l1,counter_k1,coffee_table_l1,couch_l1,entry_table_e1,bathroom_shelf_ba1,couch_l1,kitchen_table_k1,sink_k1,bed_b2,counter_k1,dish_rack_k1,cupboard_k1,counter_k1,kitchen_table_k1,coffee_table_l1,entry_floor_e1
26340,d18 Fri 07:00,desk_b1,armchair_l1,coffee_table_l1,desk_b1,counter_k1,couch_l1,kitchen_table_k1,entry_table_e1,bathroom_shelf_ba1,kitchen_table_k1,kitchen_table_k1,couch_l1,bed_b2,counter_k1,kitchen_table_k1,cupboard_k1,counter_k1,kitchen_table_k1,coffee_table_l1,entry_floor_e1
26400,d18 Fri 08:00,desk_b1,nightstand_b1,entry_table_e1,desk_b1,counter_k1,couch_l1,kitchen_table_k1,kitchen_table_k1,bathroom_shelf_ba1,kitchen_table_k1,kitchen_table_k1,couch_l1,bed_b2,counter_k1,cupboard_k1,cupboard_k1,counter_k1,kitchen_table_k1,coffee_table_l1,entry_floor_e1
26460,d18 Fri 09:00,desk_b1,nightstand_b1,entry_table_e1,desk_b1,counter_k1,couch_l1,kitchen_table_k1,kitchen_table_k1,bathroom_shelf_ba1,desk_b1,desk_b1,couch_l1,bed_b2,counter_k1,sink_k1,cupboard_k1,counter_k1,counter_k1,coffee_table_l1,entry_floor_e1
26520,d18 Fri 10:00,desk_b1,nightstand_b1,entry_table_e1,desk_b1,counter_k1,couch_l1,kitchen_table_k1,entry_table_e1,bathroom_shelf_ba1,kitchen_table_k1,couch_l1,couch_l1,bed_b2,couch_l1,sink_k1,kitchen_table_k1,counter_k1,kitchen_table_k1,coffee_table_l1,entry_floor_e1
26580,d18 Fri 11:00,desk_b1,nightstand_b1,entry_table_e1,desk_b1,counter_k1,couch_l1,kitchen_table_k1,entry_table_e1,bathroom_shelf_ba1,kitchen_table_k1,couch_l1,couch_l1,bed_b2,couch_l1,sink_k1,kitchen_table_k1,counter_k1,kitchen_table_k1,coffee_table_l1,entry_floor_e1
26640,d18 Fri 12:00,desk_b1,nightstand_b1,entry_table_e1,desk_b1,counter_k1,couch_l1,kitchen_table_k1,entry_table_e1,bathroom_shelf_ba1,kitchen_table_k1,couch_l1,couch_l1,bed_b2,couch_l1,sink_k1,kitchen_table_k1,counter_k1,kitchen_table_k1,coffee_table_l1,entry_floor_e1
26700,d18 Fri 13:00,desk_b1,counter_k1,entry_table_e1,desk_b1,kitchen_table_k1,kitchen_table_k1,kitchen_table_k1,entry_table_e1,bathroom_shelf_ba1,kitchen_table_k1,couch_l1,couch_l1,couch_l1,couch_l1,cupboard_k1,cupboard_k1,counter_k1,couch_l1,couch_l1,entry_floor_e1
26760,d18 Fri 14:00,desk_b1,counter_k1,entry_table_e1,desk_b1,coffee_table_l1,coffee_table_l1,kitchen_table_k1,entry_table_e1,bathroom_shelf_ba1,kitchen_table_k1,coffee_table_l1,counter_k1,bed_b2,couch_l1,cupboard_k1,counter_k1,counter_k1,couch_l1,coffee_table_l1,entry_floor_e1
26820,d18 Fri 15:00,desk_b1,counter_k1,entry_table_e1,desk_b1,coffee_table_l1,coffee_table_l1,kitchen_table_k1,entry_table_e1,bathroom_shelf_ba1,kitchen_table_k1,coffee_table_l1,counter_k1,bed_b2,couch_l1,cupboard_k1,counter_k1,counter_k1,couch_l1,coffee_table_l1,entry_floor_e1
26880,d18 Fri 16:00,desk_b1,nightstand_b1,entry_table_e1,desk_b1,counter_k1,couch_l1,kitchen_table_k1,couch_l1,bathroom_shelf_ba1,kitchen_table_k1,couch_l1,couch_l1,bed_b2,couch_l1,cupboard_k1,cupboard_k1,couch_l1,couch_l1,coffee_table_l1,entry_floor_e1
26940,d18 Fri 17:00,desk_b1,nightstand_b1,entry_table_e1,desk_b1,couch_l1,couch_l1,kitchen_table_k1,couch_l1,bathroom_shelf_ba1,kitchen_table_k1,couch_l1,couch_l1,couch_l1,couch_l1,cupboard_k1,couch_l1,couch_l1,couch_l1,couch_l1,entry_floor_e1
27000,d18 Fri 18:00,desk_b1,nightstand_b1,entry_table_e1,desk_b1,couch_l1,couch_l1,kitchen_table_k1,couch_l1,bathroom_shelf_ba1,kitchen_table_k1,coffee_table_l1,couch_l1,bed_b2,counter_k1,cupboard_k1,counter_k1,counter_k1,kitchen_table_k1,coffee_table_l1,entry_floor_e1
27060,d18 Fri 19:00,desk_b1,nightstand_b1,entry_table_e1,desk_b1,couch_l1,coffee_table_l1,kitchen_table_k1,entry_table_e1,bathroom_shelf_ba1,kitchen_table_k1,coffee_table_l1,couch_l1,bed_b2,counter_k1,kitchen_table_k1,counter_k1,counter_k1,kitchen_table_k1,coffee_table_l1,entry_floor_e1
27120,d18 Fri 20:00,desk_b1,couch_l1,entry_table_e1,couch_l1,counter_k1,couch_l1,kitchen_table_k1,entry_table_e1,bathroom_shelf_ba1,couch_l1,kitchen_table_k1,counter_k1,bed_b2,counter_k1,sink_k1,cupboard_k1,counter_k1,kitchen_table_k1,coffee_table_l1,entry_floor_e1
27180,d18 Fri 21:00,desk_b1,couch_l1,entry_table_e1,couch_l1,counter_k1,couch_l1,kitchen_table_k1,entry_table_e1,nightstand_b1,couch_l1,kitchen_table_k1,counter_k1,bed_b2,counter_k1,sink_k1,cupboard_k1,counter_k1,kitchen_table_k1,coffee_table_l1,entry_floor_e1
27240,d18 Fri 22:00,desk_b1,coffee_table_l1,entry_table_e1,armchair_l1,counter_k1,couch_l1,couch_l1,entry_table_e1,bed_b1,couch_l1,kitchen_table_k1,sink_k1,bed_b2,counter_k1,sink_k1,cupboard_k1,counter_k1,kitchen_table_k1,coffee_table_l1,entry_floor_e1
27300,d18 Fri 23:00,desk_b1,coffee_table_l1,entry_table_e1,armchair_l1,counter_k1,couch_l1,couch_l1,entry_table_e1,bed_b1,couch_l1,kitchen_table_k1,sink_k1,bed_b2,counter_k1,sink_k1,cupboard_k1,counter_k1,kitchen_table_k1,coffee_table_l1,entry_floor_e1
27360,d19 Sat 00:00,desk_b1,coffee_table_l1,entry_table_e1,armchair_l1,counter_k1,couch_l1,couch_l1,entry_table_e1,bed_b1,couch_l1,kitchen_table_k1,sink_k1,bed_b2,counter_k1,sink_k1,cupboard_k1,counter_k1,kitchen_table_k1,coffee_table_l1,entry_floor_e1
27420,d19 Sat 01:00,desk_b1,coffee_table_l1,entry_table_e1,armchair_l1,counter_k1,couch_l1,couch_l1,entry_table_e1,bed_b1,couch_l1,kitchen_table_k1,sink_k1,bed_b2,counter_k1,sink_k1,cupboard_k1,counter_k1,kitchen_table_k1,coffee_table_l1,entry_floor_e1
27480,d19 Sat 02:00,desk_b1,coffee_table_l1,entry_table_e1,armchair_l1,counter_k1,couch_l1,couch_l1,entry_table_e1,bed_b1,couch_l1,kitchen_table_k1,sink_k1,bed_b2,counter_k1,sink_k1,cupboard_k1,counter_k1,kitchen_table_k1,coffee_table_l1,entry_floor_e1
27540,d19 Sat 03:00,desk_b1,coffee_table_l1,entry_table_e1,armchair_l1,counter_k1,couch_l1,couch_l1,entry_table_e1,bed_b1,couch_l1,kitchen_table_k1,sink_k1,bed_b2,counter_k1,sink_k1,cupboard_k1,counter_k1,kitchen_table_k1,coffee_table_l1,entry_floor_e1
27600,d19 Sat 04:00,desk_b1,coffee_table_l1,entry_table_e1,armchair_l1,counter_k1,couch_l1,couch_l1,entry_table_e1,bed_b1,couch_l1,kitchen_table_k1,sink_k1,bed_b2,counter_k1,sink_k1,cupboard_k1,counter_k1,kitchen_table_k1,coffee_table_l1,entry_floor_e1
27660,d19 Sat 05:00,desk_b1,coffee_table_l1,entry_table_e1,armchair_l1,counter_k1,couch_l1,couch_l1,entry_table_e1,bed_b1,couch_l1,kitchen_table_k1,sink_k1,bed_b2,counter_k1,sink_k1,cupboard_k1,counter_k1,kitchen_table_k1,coffee_table_l1,entry_floor_e1
27720,d19 Sat 06:00,desk_b1,coffee_table_l1,entry_table_e1,armchair_l1,counter_k1,couch_l1,couch_l1,entry_table_e1,bed_b1,couch_l1,kitchen_table_k1,sink_k1,bed_b2,counter_k1,sink_k1,cupboard_k1,counter_k1,kitchen_table_k1,coffee_table_l1,entry_floor_e1
27780,d19 Sat 07:00,desk_b1,coffee_table_l1,entry_table_e1,desk_b1,counter_k1,couch_l1,kitchen_table_k1,entry_table_e1,nightstand_b1,couch_l1,kitchen_table_k1,couch_l1,bed_b2,counter_k1,cupboard_k1,cupboard_k1,counter_k1,kitchen_table_k1,coffee_table_l1,entry_floor_e1
27840,d19 Sat 08:00,desk_b1,nightstand_b1,couch_l1,desk_b1,counter_k1,couch_l1,kitchen_table_k1,entry_table_e1,nightstand_b1,kitchen_table_k1,kitchen_table_k1,couch_l1,bed_b2,counter_k1,sink_k1,sink_k1,counter_k1,kitchen_table_k1,coffee_table_l1,entry_floor_e1
27900,d19 Sat 09:00,desk_b1,nightstand_b1,entry_table_e1,desk_b1,counter_k1,couch_l1,kitchen_table_k1,entry_table_e1,bathroom_shelf_ba1,kitchen_table_k1,couch_l1,couch_l1,bed_b2,couch_l1,dish_rack_k1,cupboard_k1,couch_l1,couch_l1,couch_l1,entry_floor_e1
27960,d19 Sat 10:00,desk_b1,nightstand_b1,entry_table_e1,desk_b1,counter_k1,couch_l1,kitchen_table_k1,entry_table_e1,bathroom_shelf_ba1,kitchen_table_k1,couch_l1,couch_l1,bed_b2,couch_l1,dish_rack_k1,cupboard_k1,couch_l1,couch_l1,couch_l1,entry_floor_e1
28020,d19 Sat 11:00,desk_b1,nightstand_b1,entry_table_e1,desk_b1,counter_k1,couch_l1,kitchen_table_k1,entry_table_e1,bathroom_shelf_ba1,kitchen_table_k1,couch_l1,couch_l1,bed_b2,couch_l1,dish_rack_k1,cupboard_k1,couch_l1,couch_l1,couch_l1,entry_floor_e1
28080,d19 Sat 12:00,desk_b1,couch_l1,couch_l1,desk_b1,counter_k1,couch_l1,kitchen_table_k1,entry_table_e1,bathroom_shelf_ba1,couch_l1,kitchen_table_k1,couch_l1,bed_b2,couch_l1,dish_rack_k1,cupboard_k1,couch_l1,kitchen_table_k1,couch_l1,entry_floor_e1
28140,d19 Sat 13:00,desk_b1,couch_l1,couch_l1,desk_b1,counter_k1,couch_l1,kitchen_table_k1,entry_table_e1,bathroom_shelf_ba1,couch_l1,kitchen_table_k1,couch_l1,bed_b2,couch_l1,dish_rack_k1,cupboard_k1,couch_l1,kitchen_table_k1,couch_l1,entry_floor_e1
28200,d19 Sat 14:00,desk_b1,couch_l1,couch_l1,desk_b1,counter_k1,couch_l1,kitchen_table_k1,entry_table_e1,bathroom_shelf_ba1,couch_l1,kitchen_table_k1,couch_l1,bed_b2,couch_l1,dish_rack_k1,cupboard_k1,couch_l1,kitchen_table_k1,couch_l1,entry_floor_e1
28260,d19 Sat 15:00,desk_b1,counter_k1,entry_table_e1,desk_b1,counter_k1,couch_l1,kitchen_table_k1,entry_table_e1,bathroom_shelf_ba1,couch_l1,kitchen_table_k1,couch_l1,couch_l1,couch_l1,dish_rack_k1,couch_l1,couch_l1,couch_l1,couch_l1,entry_floor_e1
28320,d19 Sat 16:00,desk_b1,counter_k1,entry_table_e1,desk_b1,counter_k1,couch_l1,kitchen_table_k1,entry_table_e1,bathroom_shelf_ba1,couch_l1,kitchen_table_k1,couch_l1,couch_l1,couch_l1,dish_rack_k1,cupboard_k1,couch_l1,kitchen_table_k1,couch_l1,entry_floor_e1
28380,d19 Sat 17:00,desk_b1,counter_k1,entry_table_e1,desk_b1,counter_k1,couch_l1,kitchen_table_k1,entry_table_e1,bathroom_shelf_ba1,couch_l1,kitchen_table_k1,couch_l1,couch_l1,couch_l1,dish_rack_k1,cupboard_k1,couch_l1,kitchen_table_k1,couch_l1,entry_floor_e1
28440,d19 Sat 18:00,desk_b1,counter_k1,entry_table_e1,desk_b1,couch_l1,coffee_table_l1,kitchen_table_k1,entry_table_e1,bathroom_shelf_ba1,couch_l1,coffee_table_l1,couch_l1,bed_b2,coffee_table_l1,dish_rack_k1,cupboard_k1,counter_k1,kitchen_table_k1,couch_l1,entry_floor_e1
28500,d19 Sat 19:00,desk_b1,nightstand_b1,entry_table_e1,desk_b1,counter_k1,couch_l1,kitchen_table_k1,entry_table_e1,bathroom_shelf_ba1,kitchen_table_k1,kitchen_table_k1,couch_l1,bed_b2,counter_k1,cupboard_k1,cupboard_k1,counter_k1,kitchen_table_k1,coffee_table_l1,entry_floor_e1
28560,d19 Sat 20:00,desk_b1,couch_l1,entry_table_e1,couch_l1,counter_k1,couch_l1,couch_l1,entry_table_e1,bathroom_shelf_ba1,kitchen_table_k1,kitchen_table_k1,counter_k1,bed_b2,counter_k1,cupboard_k1,cupboard_k1,counter_k1,kitchen_table_k1,couch_l1,entry_floor_e1
28620,d19 Sat 21:00,desk_b1,nightstand_b1,entry_table_e1,couch_l1,counter_k1,couch_l1,kitchen_table_k1,entry_table_e1,bathroom_shelf_ba1,couch_l1,kitchen_table_k1,counter_k1,bed_b2,counter_k1,cupboard_k1,cupboard_k1,counter_k1,kitchen_table_k1,coffee_table_l1,entry_floor_e1
28680,d19 Sat 22:00,desk_b1,nightstand_b1,entry_table_e1,couch_l1,counter_k1,couch_l1,kitchen_table_k1,entry_table_e1,bathroom_shelf_ba1,couch_l1,kitchen_table_k1,counter_k1,bed_b2,armchair_l1,cupboard_k1,cupboard_k1,counter_k1,kitchen_table_k1,coffee_table_l1,entry_floor_e1
28740,d19 Sat 23:00,desk_b1,armchair_l1,entry_table_e1,armchair_l1,counter_k1,couch_l1,armchair_l1,entry_table_e1,bed_b1,couch_l1,kitchen_table_k1,counter_k1,bed_b2,armchair_l1,cupboard_k1,cupboard_k1,counter_k1,kitchen_table_k1,couch_l1,entry_floor_e1
28800,d20 Sun 00:00,desk_b1,coffee_table_l1,entry_table_e1,armchair_l1,counter_k1,couch_l1,couch_l1,entry_table_e1,bed_b1,coffee_table_l1,kitchen_table_k1,counter_k1,bed_b2,armchair_l1,cupboard_k1,cupboard_k1,counter_k1,kitchen_table_k1,couch_l1,entry_floor_e1
28860,d20 Sun 01:00,desk_b1,coffee_table_l1,entry_table_e1,armchair_l1,counter_k1,couch_l1,couch_l1,entry_table_e1,bed_b1,coffee_table_l1,kitchen_table_k1,counter_k1,bed_b2,armchair_l1,cupboard_k1,cupboard_k1,counter_k1,kitchen_table_k1,couch_l1,entry_floor_e1
28920,d20 Sun 02:00,desk_b1,coffee_table_l1,entry_table_e1,armchair_l1,counter_k1,couch_l1,couch_l1,entry_table_e1,bed_b1,coffee_table_l1,kitchen_table_k1,counter_k1,bed_b2,armchair_l1,cupboard_k1,cupboard_k1,counter_k1,kitchen_table_k1,couch_l1,entry_floor_e1
28980,d20 Sun 03:00,desk_b1,coffee_table_l1,entry_table_e1,armchair_l1,counter_k1,couch_l1,couch_l1,entry_table_e1,bed_b1,coffee_table_l1,kitchen_table_k1,counter_k1,bed_b2,armchair_l1,cupboard_k1,cupboard_k1,counter_k1,kitchen_table_k1,couch_l1,entry_floor_e1
29040,d20 Sun 04:00,desk_b1,coffee_table_l1,entry_table_e1,armchair_l1,counter_k1,couch_l1,couch_l1,entry_table_e1,bed_b1,coffee_table_l1,kitchen_table_k1,counter_k1,bed_b2,armchair_l1,cupboard_k1,cupboard_k1,counter_k1,kitchen_table_k1,couch_l1,entry_floor_e1
29100,d20 Sun 05:00,desk_b1,coffee_table_l1,entry_table_e1,armchair_l1,counter_k1,couch_l1,couch_l1,entry_table_e1,bed_b1,coffee_table_l1,kitchen_table_k1,counter_k1,bed_b2,armchair_l1,cupboard_k1,cupboard_k1,counter_k1,kitchen_table_k1,couch_l1,entry_floor_e1
29160,d20 Sun 06:00,desk_b1,coffee_table_l1,entry_table_e1,armchair_l1,counter_k1,couch_l1,couch_l1,entry_table_e1,bed_b1,coffee_table_l1,kitchen_table_k1,counter_k1,bed_b2,armchair_l1,cupboard_k1,cupboard_k1,counter_k1,kitchen_table_k1,couch_l1,entry_floor_e1
29220,d20 Sun 07:00,desk_b1,coffee_table_l1,entry_table_e1,armchair_l1,counter_k1,couch_l1,couch_l1,entry_table_e1,bathroom_shelf_ba1,coffee_table_l1,kitchen_table_k1,couch_l1,bed_b2,armchair_l1,cupboard_k1,kitchen_table_k1,counter_k1,kitchen_table_k1,couch_l1,entry_floor_e1
29280,d20 Sun 08:00,desk_b1,nightstand_b1,entry_table_e1,desk_b1,counter_k1,couch_l1,kitchen_table_k1,entry_table_e1,bathroom_shelf_ba1,kitchen_table_k1,kitchen_table_k1,couch_l1,bed_b2,counter_k1,cupboard_k1,cupboard_k1,counter_k1,kitchen_table_k1,coffee_table_l1,entry_floor_e1
29340,d20 Sun 09:00,desk_b1,nightstand_b1,desk_b1,desk_b1,counter_k1,desk_b1,kitchen_table_k1,entry_table_e1,bathroom_shelf_ba1,desk_b1,kitchen_table_k1,couch_l1,bed_b2,counter_k1,cupboard_k1,dish_rack_k1,desk_b1,kitchen_table_k1,coffee_table_l1,entry_floor_e1
29400,d20 Sun 10:00,couch_l1,nightstand_b1,entry_table_e1,desk_b1,kitchen_table_k1,couch_l1,couch_l1,kitchen_table_k1,bathroom_shelf_ba1,couch_l1,kitchen_table_k1,couch_l1,bed_b2,counter_k1,cupboard_k1,cupboard_k1,counter_k1,couch_l1,coffee_table_l1,couch_l1
29460,d20 Sun 11:00,couch_l1,nightstand_b1,entry_table_e1,desk_b1,kitchen_table_k1,couch_l1,couch_l1,entry_table_e1,bathroom_shelf_ba1,kitchen_table_k1,kitchen_table_k1,couch_l1,bed_b2,counter_k1,cupboard_k1,cupboard_k1,counter_k1,couch_l1,coffee_table_l1,entry_floor_e1
29520,d20 Sun 12:00,couch_l1,nightstand_b1,entry_table_e1,desk_b1,kitchen_table_k1,couch_l1,couch_l1,entry_table_e1,bathroom_shelf_ba1,kitchen_table_k1,kitchen_table_k1,couch_l1,bed_b2,counter_k1,cupboard_k1,cupboard_k1,counter_k1,couch_l1,coffee_table_l1,bedroom_floor_b1
29580,d20 Sun 13:00,desk_b1,desk_b1,entry_table_e1,desk_b1,couch_l1,couch_l1,couch_l1,entry_table_e1,bathroom_shelf_ba1,kitchen_table_k1,couch_l1,couch_l1,couch_l1,couch_l1,dish_rack_k1,sink_k1,couch_l1,couch_l1,couch_l1,bedroom_floor_b1
29640,d20 Sun 14:00,desk_b1,desk_b1,entry_table_e1,desk_b1,couch_l1,couch_l1,couch_l1,entry_table_e1,bathroom_shelf_ba1,kitchen_table_k1,coffee_table_l1,couch_l1,couch_l1,coffee_table_l1,dish_rack_k1,sink_k1,counter_k1,kitchen_table_k1,coffee_table_l1,bedroom_floor_b1
29700,d20 Sun 15:00,desk_b1,desk_b1,entry_table_e1,desk_b1,couch_l1,couch_l1,couch_l1,entry_table_e1,bathroom_shelf_ba1,kitchen_table_k1,coffee_table_l1,couch_l1,couch_l1,armchair_l1,dish_rack_k1,sink_k1,counter_k1,kitchen_table_k1,coffee_table_l1,bedroom_floor_b1
29760,d20 Sun 16:00,desk_b1,desk_b1,entry_table_e1,desk_b1,couch_l1,couch_l1,kitchen_table_k1,entry_table_e1,bathroom_shelf_ba1,kitchen_table_k1,couch_l1,couch_l1,bed_b2,couch_l1,cupboard_k1,couch_l1,couch_l1,couch_l1,couch_l1,bedroom_floor_b1
29820,d20 Sun 17:00,desk_b1,desk_b1,entry_table_e1,desk_b1,couch_l1,couch_l1,kitchen_table_k1,entry_table_e1,bathroom_shelf_ba1,kitchen_table_k1,couch_l1,couch_l1,bed_b2,counter_k1,cupboard_k1,couch_l1,couch_l1,couch_l1,couch_l1,entry_floor_e1
29880,d20 Sun 18:00,desk_b1,desk_b1,entry_table_e1,bookshelf_l1,coffee_table_l1,couch_l1,couch_l1,entry_table_e1,bathroom_shelf_ba1,kitchen_table_k1,couch_l1,tv_stand_l1,couch_l1,counter_k1,cupboard_k1,couch_l1,coffee_table_l1,kitchen_table_k1,couch_l1,entry_floor_e1
29940,d20 Sun 19:00,desk_b1,nightstand_b1,entry_table_e1,desk_b1,counter_k1,couch_l1,kitchen_table_k1,entry_table_e1,bathroom_shelf_ba1,kitchen_table_k1,kitchen_table_k1,couch_l1,bed_b2,kitchen_table_k1,cupboard_k1,cupboard_k1,counter_k1,kitchen_table_k1,coffee_table_l1,entry_floor_e1
30000,d20 Sun 20:00,desk_b1,nightstand_b1,entry_table_e1,couch_l1,counter_k1,couch_l1,couch_l1,entry_table_e1,bathroom_shelf_ba1,couch_l1,kitchen_table_k1,sink_k1,bed_b2,counter_k1,kitchen_table_k1,cupboard_k1,counter_k1,kitchen_table_k1,couch_l1,entry_floor_e1
30060,d20 Sun 21:00,desk_b1,couch_l1,entry_table_e1,desk_b1,counter_k1,couch_l1,kitchen_table_k1,entry_table_e1,nightstand_b1,kitchen_table_k1,kitchen_table_k1,sink_k1,bed_b2,counter_k1,cupboard_k1,cupboard_k1,counter_k1,kitchen_table_k1,couch_l1,entry_floor_e1
30120,d20 Sun 22:00,desk_b1,couch_l1,entry_table_e1,desk_b1,counter_k1,couch_l1,kitchen_table_k1,counter_k1,bathroom_shelf_ba1,kitchen_table_k1,kitchen_table_k1,sink_k1,bed_b2,counter_k1,cupboard_k1,cupboard_k1,counter_k1,kitchen_table_k1,couch_l1,entry_floor_e1
30180,d20 Sun 23:00,desk_b1,armchair_l1,entry_table_e1,coffee_table_l1,counter_k1,couch_l1,armchair_l1,counter_k1,bed_b1,couch_l1,kitchen_table_k1,sink_k1,bed_b2,counter_k1,cupboard_k1,cupboard_k1,counter_k1,kitchen_table_k1,armchair_l1,entry_floor_e1
