t,stamp,mug_1,mug_2,bowl_1,bowl_2,plate_1,plate_2,laptop_1,laptop_2,phone_1,phone_2,keys_1,keys_2,book_1,book_2,water_bottle_1,water_bottle_2,backpack_1,backpack_2,jacket_1,jacket_2,charger_1,charger_2,notebook_1,pen_1,medication_bottle_1,toy_1,toy_2,blanket_1,blanket_2,dog_leash_1,towel_1,towel_2,wallet_1,wallet_2,umbrella_1,remote_1,headphones_1,lunchbox_1,lunchbox_2,gaming_controller_1
0,d00 Mon 00:00,kitchen,bedroom_2,kitchen,kitchen,kitchen,kitchen,kitchen,kitchen,outside,outside,entry,entry,living,living,living,kitchen,entry,entry,kitchen,entry,kitchen,bedroom_2,kitchen,kitchen,bathroom,bedroom_3,living,living,living,entry,bathroom,bathroom,entry,bedroom_2,entry,living,kitchen,kitchen,kitchen,living
60,d00 Mon 01:00,kitchen,bedroom_2,kitchen,kitchen,kitchen,kitchen,kitchen,kitchen,outside,outside,entry,entry,living,living,living,kitchen,entry,entry,kitchen,entry,kitchen,bedroom_2,kitchen,kitchen,bathroom,bedroom_3,living,living,living,entry,bathroom,bathroom,entry,bedroom_2,entry,living,kitchen,kitchen,kitchen,living
120,d00 Mon 02:00,kitchen,bedroom_2,kitchen,kitchen,kitchen,kitchen,kitchen,kitchen,outside,outside,entry,entry,living,living,living,kitchen,entry,entry,kitchen,entry,kitchen,bedroom_2,kitchen,kitchen,bathroom,bedroom_3,living,living,living,entry,bathroom,bathroom,entry,bedroom_2,entry,living,kitchen,kitchen,kitchen,living
180,d00 Mon 03:00,kitchen,bedroom_2,kitchen,kitchen,kitchen,kitchen,kitchen,kitchen,outside,outside,entry,entry,living,living,living,kitchen,entry,entry,kitchen,entry,kitchen,bedroom_2,kitchen,kitchen,bathroom,bedroom_3,living,living,living,entry,bathroom,bathroom,entry,bedroom_2,entry,living,kitchen,kitchen,kitchen,living
240,d00 Mon 04:00,kitchen,bedroom_2,kitchen,kitchen,kitchen,kitchen,kitchen,kitchen,outside,outside,entry,entry,living,living,living,kitchen,entry,entry,kitchen,entry,kitchen,bedroom_2,kitchen,kitchen,bathroom,bedroom_3,living,living,living,entry,bathroom,bathroom,entry,bedroom_2,entry,living,kitchen,kitchen,kitchen,living
300,d00 Mon 05:00,kitchen,bedroom_2,kitchen,kitchen,kitchen,kitchen,kitchen,kitchen,outside,outside,entry,entry,living,living,living,kitchen,entry,entry,kitchen,entry,kitchen,bedroom_2,kitchen,kitchen,bathroom,bedroom_3,living,living,living,entry,bathroom,bathroom,entry,bedroom_2,entry,living,kitchen,kitchen,kitchen,living
360,d00 Mon 06:00,kitchen,bedroom_2,kitchen,kitchen,kitchen,kitchen,kitchen,kitchen,outside,outside,entry,entry,living,living,living,kitchen,entry,entry,kitchen,entry,kitchen,bedroom_2,kitchen,kitchen,bathroom,bedroom_3,living,living,living,entry,bathroom,bathroom,entry,bedroom_2,entry,living,kitchen,kitchen,kitchen,living
420,d00 Mon 07:00,kitchen,bedroom_2,kitchen,kitchen,kitchen,kitchen,kitchen,kitchen,outside,outside,entry,entry,living,living,living,kitchen,entry,entry,kitchen,entry,kitchen,bedroom_2,kitchen,kitchen,bathroom,bedroom_3,living,living,living,entry,bathroom,bathroom,entry,bedroom_2,entry,living,kitchen,kitchen,kitchen,living
480,d00 Mon 08:00,kitchen,bedroom_2,kitchen,kitchen,kitchen,kitchen,kitchen,kitchen,outside,outside,entry,entry,living,living,living,kitchen,entry,entry,kitchen,entry,kitchen,bedroom_2,kitchen,kitchen,bathroom,bedroom_3,living,living,living,entry,bathroom,bathroom,entry,bedroom_2,entry,living,kitchen,kitchen,kitchen,living
540,d00 Mon 09:00,kitchen,bedroom_2,kitchen,kitchen,kitchen,kitchen,kitchen,kitchen,outside,outside,entry,entry,living,living,living,kitchen,entry,entry,kitchen,entry,kitchen,bedroom_2,kitchen,kitchen,bathroom,bedroom_3,living,living,living,entry,bathroom,bathroom,entry,bedroom_2,entry,living,kitchen,kitchen,kitchen,living
600,d00 Mon 10:00,kitchen,bedroom_2,kitchen,kitchen,kitchen,kitchen,kitchen,kitchen,outside,outside,entry,entry,living,living,living,kitchen,entry,entry,kitchen,entry,kitchen,bedroom_2,kitchen,kitchen,bathroom,bedroom_3,living,living,living,entry,bathroom,bathroom,entry,bedroom_2,entry,living,kitchen,kitchen,kitchen,living
660,d00 Mon 11:00,kitchen,bedroom_2,kitchen,kitchen,kitchen,kitchen,kitchen,kitchen,outside,outside,entry,entry,living,living,living,kitchen,entry,entry,kitchen,entry,kitchen,bedroom_2,kitchen,kitchen,bathroom,bedroom_3,living,living,living,entry,bathroom,bathroom,entry,bedroom_2,entry,living,kitchen,kitchen,kitchen,living
720,d00 Mon 12:00,kitchen,bedroom_2,kitchen,kitchen,kitchen,kitchen,kitchen,kitchen,outside,outside,entry,entry,living,living,living,kitchen,entry,entry,kitchen,entry,kitchen,bedroom_2,kitchen,kitchen,bathroom,bedroom_3,living,living,living,entry,bathroom,bathroom,entry,bedroom_2,entry,living,kitchen,kitchen,kitchen,living
780,d00 Mon 13:00,kitchen,bedroom_2,kitchen,kitchen,kitchen,kitchen,kitchen,kitchen,outside,outside,entry,entry,living,living,living,kitchen,entry,entry,kitchen,entry,kitchen,bedroom_2,kitchen,kitchen,bathroom,bedroom_3,living,living,living,entry,bathroom,bathroom,entry,bedroom_2,entry,living,kitchen,kitchen,kitchen,living
840,d00 Mon 14:00,kitchen,bedroom_2,kitchen,kitchen,kitchen,kitchen,kitchen,kitchen,outside,outside,entry,entry,living,living,living,kitchen,entry,entry,kitchen,entry,kitchen,bedroom_2,kitchen,kitchen,bathroom,bedroom_3,living,living,living,entry,bathroom,bathroom,entry,bedroom_2,entry,living,kitchen,kitchen,kitchen,living
900,d00 Mon 15:00,kitchen,bedroom_2,kitchen,kitchen,kitchen,kitchen,kitchen,kitchen,outside,outside,entry,entry,living,living,living,kitchen,entry,entry,kitchen,entry,kitchen,bedroom_2,kitchen,kitchen,bathroom,bedroom_3,living,living,living,entry,bathroom,bathroom,entry,bedroom_2,entry,living,kitchen,kitchen,kitchen,living
960,d00 Mon 16:00,kitchen,bedroom_2,kitchen,kitchen,kitchen,kitchen,kitchen,kitchen,outside,outside,entry,entry,living,living,living,kitchen,entry,entry,kitchen,entry,kitchen,bedroom_2,kitchen,kitchen,bathroom,bedroom_3,living,living,living,entry,bathroom,bathroom,entry,bedroom_2,entry,living,kitchen,kitchen,kitchen,living
1020,d00 Mon 17:00,kitchen,bedroom_2,kitchen,kitchen,kitchen,kitchen,kitchen,kitchen,outside,outside,entry,entry,living,living,living,kitchen,entry,entry,kitchen,entry,kitchen,bedroom_2,kitchen,kitchen,bathroom,bedroom_3,living,living,living,entry,bathroom,bathroom,entry,bedroom_2,entry,living,kitchen,kitchen,kitchen,living
1080,d00 Mon 18:00,kitchen,bedroom_2,kitchen,kitchen,kitchen,kitchen,kitchen,kitchen,outside,outside,entry,entry,living,living,living,kitchen,entry,entry,kitchen,entry,kitchen,bedroom_2,kitchen,kitchen,bathroom,bedroom_3,living,living,living,entry,bathroom,bathroom,entry,bedroom_2,entry,living,kitchen,kitchen,kitchen,living
1140,d00 Mon 19:00,kitchen,bedroom_2,kitchen,kitchen,kitchen,kitchen,kitchen,kitchen,outside,outside,entry,entry,living,living,living,kitchen,entry,entry,kitchen,entry,kitchen,bedroom_2,kitchen,kitchen,bathroom,bedroom_3,living,living,living,entry,bathroom,bathroom,entry,bedroom_2,entry,living,kitchen,kitchen,kitchen,living
1200,d00 Mon 20:00,kitchen,bedroom_2,kitchen,kitchen,kitchen,kitchen,kitchen,kitchen,outside,outside,entry,entry,living,living,living,kitchen,entry,entry,kitchen,entry,kitchen,bedroom_2,kitchen,kitchen,bathroom,bedroom_3,living,living,living,entry,bathroom,bathroom,entry,bedroom_2,entry,living,kitchen,kitchen,kitchen,living
1260,d00 Mon 21:00,kitchen,bedroom_2,kitchen,kitchen,kitchen,kitchen,kitchen,kitchen,outside,outside,entry,entry,living,living,living,kitchen,entry,entry,kitchen,entry,kitchen,bedroom_2,kitchen,kitchen,bathroom,bedroom_3,living,living,living,entry,bathroom,bathroom,entry,bedroom_2,entry,living,kitchen,kitchen,kitchen,living
1320,d00 Mon 22:00,kitchen,bedroom_2,kitchen,kitchen,kitchen,kitchen,kitchen,kitchen,outside,outside,entry,entry,living,living,living,kitchen,entry,entry,kitchen,entry,kitchen,bedroom_2,kitchen,kitchen,bathroom,bedroom_3,living,living,living,entry,bathroom,bathroom,entry,bedroom_2,entry,living,kitchen,kitchen,kitchen,living
1380,d00 Mon 23:00,kitchen,bedroom_2,kitchen,kitchen,kitchen,kitchen,kitchen,kitchen,outside,outside,entry,entry,living,living,living,kitchen,entry,entry,kitchen,entry,kitchen,bedroom_2,kitchen,kitchen,bathroom,bedroom_3,living,living,living,entry,bathroom,bathroom,entry,bedroom_2,entry,living,kitchen,kitchen,kitchen,living
1440,d01 Tue 00:00,kitchen,bedroom_2,kitchen,kitchen,kitchen,kitchen,kitchen,kitchen,outside,outside,entry,entry,living,living,living,kitchen,entry,entry,kitchen,entry,kitchen,bedroom_2,kitchen,kitchen,bathroom,bedroom_3,living,living,living,entry,bathroom,bathroom,entry,bedroom_2,entry,living,kitchen,kitchen,kitchen,living
1500,d01 Tue 01:00,kitchen,bedroom_2,kitchen,kitchen,kitchen,kitchen,kitchen,kitchen,outside,outside,entry,entry,living,living,living,kitchen,entry,entry,kitchen,entry,kitchen,bedroom_2,kitchen,kitchen,bathroom,bedroom_3,living,living,living,entry,bathroom,bathroom,entry,bedroom_2,entry,living,kitchen,kitchen,kitchen,living
1560,d01 Tue 02:00,kitchen,bedroom_2,kitchen,kitchen,kitchen,kitchen,kitchen,kitchen,outside,outside,entry,entry,living,living,living,kitchen,entry,entry,kitchen,entry,kitchen,bedroom_2,kitchen,kitchen,bathroom,bedroom_3,living,living,living,entry,bathroom,bathroom,entry,bedroom_2,entry,living,kitchen,kitchen,kitchen,living
1620,d01 Tue 03:00,kitchen,bedroom_2,kitchen,kitchen,kitchen,kitchen,kitchen,kitchen,outside,outside,entry,entry,living,living,living,kitchen,entry,entry,kitchen,entry,kitchen,bedroom_2,kitchen,kitchen,bathroom,bedroom_3,living,living,living,entry,bathroom,bathroom,entry,bedroom_2,entry,living,kitchen,kitchen,kitchen,living
1680,d01 Tue 04:00,kitchen,bedroom_2,kitchen,kitchen,kitchen,kitchen,kitchen,kitchen,outside,outside,entry,entry,living,living,living,kitchen,entry,entry,kitchen,entry,kitchen,bedroom_2,kitchen,kitchen,bathroom,bedroom_3,living,living,living,entry,bathroom,bathroom,entry,bedroom_2,entry,living,kitchen,kitchen,kitchen,living
1740,d01 Tue 05:00,kitchen,bedroom_2,kitchen,kitchen,kitchen,kitchen,kitchen,kitchen,outside,outside,entry,entry,living,living,living,kitchen,entry,entry,kitchen,entry,kitchen,bedroom_2,kitchen,kitchen,bathroom,bedroom_3,living,living,living,entry,bathroom,bathroom,entry,bedroom_2,entry,living,kitchen,kitchen,kitchen,living
1800,d01 Tue 06:00,kitchen,bedroom_2,kitchen,kitchen,kitchen,kitchen,kitchen,kitchen,outside,outside,entry,entry,living,living,living,kitchen,entry,entry,kitchen,entry,kitchen,bedroom_2,kitchen,kitchen,bathroom,bedroom_3,living,living,living,entry,bathroom,bathroom,entry,bedroom_2,entry,living,kitchen,kitchen,kitchen,living
1860,d01 Tue 07:00,kitchen,bedroom_2,kitchen,kitchen,kitchen,kitchen,kitchen,kitchen,outside,outside,entry,entry,living,living,living,kitchen,entry,entry,kitchen,entry,kitchen,bedroom_2,kitchen,kitchen,bathroom,bedroom_3,living,living,living,entry,bathroom,bathroom,entry,bedroom_2,entry,living,kitchen,kitchen,kitchen,living
1920,d01 Tue 08:00,kitchen,bedroom_2,kitchen,kitchen,kitchen,kitchen,kitchen,kitchen,outside,outside,entry,entry,living,living,living,kitchen,entry,entry,kitchen,entry,kitchen,bedroom_2,kitchen,kitchen,bathroom,bedroom_3,living,living,living,entry,bathroom,bathroom,entry,bedroom_2,entry,living,kitchen,kitchen,kitchen,living
1980,d01 Tue 09:00,kitchen,bedroom_2,kitchen,kitchen,kitchen,kitchen,kitchen,kitchen,outside,outside,entry,entry,living,living,living,kitchen,entry,entry,kitchen,entry,kitchen,bedroom_2,kitchen,kitchen,bathroom,bedroom_3,living,living,living,entry,bathroom,bathroom,entry,bedroom_2,entry,living,kitchen,kitchen,kitchen,living
2040,d01 Tue 10:00,kitchen,bedroom_2,kitchen,kitchen,kitchen,kitchen,kitchen,kitchen,outside,outside,entry,entry,living,living,living,kitchen,entry,entry,kitchen,entry,kitchen,bedroom_2,kitchen,kitchen,bathroom,bedroom_3,living,living,living,entry,bathroom,bathroom,entry,bedroom_2,entry,living,kitchen,kitchen,kitchen,living
2100,d01 Tue 11:00,kitchen,bedroom_2,kitchen,kitchen,kitchen,kitchen,kitchen,kitchen,outside,outside,entry,entry,living,living,living,kitchen,entry,entry,kitchen,entry,kitchen,bedroom_2,kitchen,kitchen,bathroom,bedroom_3,living,living,living,entry,bathroom,bathroom,entry,bedroom_2,entry,living,kitchen,kitchen,kitchen,living
2160,d01 Tue 12:00,kitchen,bedroom_2,kitchen,kitchen,kitchen,kitchen,kitchen,kitchen,outside,outside,entry,entry,living,living,living,kitchen,entry,entry,kitchen,entry,kitchen,bedroom_2,kitchen,kitchen,bathroom,bedroom_3,living,living,living,entry,bathroom,bathroom,entry,bedroom_2,entry,living,kitchen,kitchen,kitchen,living
2220,d01 Tue 13:00,kitchen,bedroom_2,kitchen,kitchen,kitchen,kitchen,kitchen,kitchen,outside,outside,entry,entry,living,living,living,kitchen,entry,entry,kitchen,entry,kitchen,bedroom_2,kitchen,kitchen,bathroom,bedroom_3,living,living,living,entry,bathroom,bathroom,entry,bedroom_2,entry,living,kitchen,kitchen,kitchen,living
2280,d01 Tue 14:00,kitchen,bedroom_2,kitchen,kitchen,kitchen,kitchen,kitchen,kitchen,outside,outside,entry,entry,living,living,living,kitchen,entry,entry,kitchen,entry,kitchen,bedroom_2,kitchen,kitchen,bathroom,bedroom_3,living,living,living,entry,bathroom,bathroom,entry,bedroom_2,entry,living,kitchen,kitchen,kitchen,living
2340,d01 Tue 15:00,kitchen,bedroom_2,kitchen,kitchen,kitchen,kitchen,kitchen,kitchen,outside,outside,entry,entry,living,living,living,kitchen,entry,entry,kitchen,entry,kitchen,bedroom_2,kitchen,kitchen,bathroom,bedroom_3,living,living,living,entry,bathroom,bathroom,entry,bedroom_2,entry,living,kitchen,kitchen,kitchen,living
2400,d01 Tue 16:00,kitchen,bedroom_2,kitchen,kitchen,kitchen,kitchen,kitchen,kitchen,outside,outside,entry,entry,living,living,living,kitchen,entry,entry,kitchen,entry,kitchen,bedroom_2,kitchen,kitchen,bathroom,bedroom_3,living,living,living,entry,bathroom,bathroom,entry,bedroom_2,entry,living,kitchen,kitchen,kitchen,living
2460,d01 Tue 17:00,kitchen,bedroom_2,kitchen,kitchen,kitchen,kitchen,kitchen,kitchen,outside,outside,entry,entry,living,living,living,kitchen,entry,entry,kitchen,entry,kitchen,bedroom_2,kitchen,kitchen,bathroom,bedroom_3,living,living,living,entry,bathroom,bathroom,entry,bedroom_2,entry,living,kitchen,kitchen,kitchen,living
2520,d01 Tue 18:00,kitchen,bedroom_2,kitchen,kitchen,kitchen,kitchen,kitchen,kitchen,outside,outside,entry,entry,living,living,living,kitchen,entry,entry,kitchen,entry,kitchen,bedroom_2,kitchen,kitchen,bathroom,bedroom_3,living,living,living,entry,bathroom,bathroom,entry,bedroom_2,entry,living,kitchen,kitchen,kitchen,living
2580,d01 Tue 19:00,kitchen,bedroom_2,kitchen,kitchen,kitchen,kitchen,kitchen,kitchen,outside,outside,entry,entry,living,living,living,kitchen,entry,entry,kitchen,entry,kitchen,bedroom_2,kitchen,kitchen,bathroom,bedroom_3,living,living,living,entry,bathroom,bathroom,entry,bedroom_2,entry,living,kitchen,kitchen,kitchen,living
2640,d01 Tue 20:00,kitchen,bedroom_2,kitchen,kitchen,kitchen,kitchen,kitchen,kitchen,outside,outside,entry,entry,living,living,living,kitchen,entry,entry,kitchen,entry,kitchen,bedroom_2,kitchen,kitchen,bathroom,bedroom_3,living,living,living,entry,bathroom,bathroom,entry,bedroom_2,entry,living,kitchen,kitchen,kitchen,living
2700,d01 Tue 21:00,kitchen,bedroom_2,kitchen,kitchen,kitchen,kitchen,kitchen,kitchen,outside,outside,entry,entry,living,living,living,kitchen,entry,entry,kitchen,entry,kitchen,bedroom_2,kitchen,kitchen,bathroom,bedroom_3,living,living,living,entry,bathroom,bathroom,entry,bedroom_2,entry,living,kitchen,kitchen,kitchen,living
2760,d01 Tue 22:00,kitchen,bedroom_2,kitchen,kitchen,kitchen,kitchen,kitchen,kitchen,outside,outside,entry,entry,living,living,living,kitchen,entry,entry,kitchen,entry,kitchen,bedroom_2,kitchen,kitchen,bathroom,bedroom_3,living,living,living,entry,bathroom,bathroom,entry,bedroom_2,entry,living,kitchen,kitchen,kitchen,living
2820,d01 Tue 23:00,kitchen,bedroom_2,kitchen,kitchen,kitchen,kitchen,kitchen,kitchen,outside,outside,entry,entry,living,living,living,kitchen,entry,entry,kitchen,entry,kitchen,bedroom_2,kitchen,kitchen,bathroom,bedroom_3,living,living,living,entry,bathroom,bathroom,entry,bedroom_2,entry,living,kitchen,kitchen,kitchen,living
2880,d02 Wed 00:00,kitchen,bedroom_2,kitchen,kitchen,kitchen,kitchen,kitchen,kitchen,outside,outside,entry,entry,living,living,living,kitchen,entry,entry,kitchen,entry,kitchen,bedroom_2,kitchen,kitchen,bathroom,bedroom_3,living,living,living,entry,bathroom,bathroom,entry,bedroom_2,entry,living,kitchen,kitchen,kitchen,living
2940,d02 Wed 01:00,kitchen,bedroom_2,kitchen,kitchen,kitchen,kitchen,kitchen,kitchen,outside,outside,entry,entry,living,living,living,kitchen,entry,entry,kitchen,entry,kitchen,bedroom_2,kitchen,kitchen,bathroom,bedroom_3,living,living,living,entry,bathroom,bathroom,entry,bedroom_2,entry,living,kitchen,kitchen,kitchen,living
3000,d02 Wed 02:00,kitchen,bedroom_2,kitchen,kitchen,kitchen,kitchen,kitchen,kitchen,outside,outside,entry,entry,living,living,living,kitchen,entry,entry,kitchen,entry,kitchen,bedroom_2,kitchen,kitchen,bathroom,bedroom_3,living,living,living,entry,bathroom,bathroom,entry,bedroom_2,entry,living,kitchen,kitchen,kitchen,living
3060,d02 Wed 03:00,kitchen,bedroom_2,kitchen,kitchen,kitchen,kitchen,kitchen,kitchen,outside,outside,entry,entry,living,living,living,kitchen,entry,entry,kitchen,entry,kitchen,bedroom_2,kitchen,kitchen,bathroom,bedroom_3,living,living,living,entry,bathroom,bathroom,entry,bedroom_2,entry,living,kitchen,kitchen,kitchen,living
3120,d02 Wed 04:00,kitchen,bedroom_2,kitchen,kitchen,kitchen,kitchen,kitchen,kitchen,outside,outside,entry,entry,living,living,living,kitchen,entry,entry,kitchen,entry,kitchen,bedroom_2,kitchen,kitchen,bathroom,bedroom_3,living,living,living,entry,bathroom,bathroom,entry,bedroom_2,entry,living,kitchen,kitchen,kitchen,living
3180,d02 Wed 05:00,kitchen,bedroom_2,kitchen,kitchen,kitchen,kitchen,kitchen,kitchen,outside,outside,entry,entry,living,living,living,kitchen,entry,entry,kitchen,entry,kitchen,bedroom_2,kitchen,kitchen,bathroom,bedroom_3,living,living,living,entry,bathroom,bathroom,entry,bedroom_2,entry,living,kitchen,kitchen,kitchen,living
3240,d02 Wed 06:00,kitchen,bedroom_2,kitchen,kitchen,kitchen,kitchen,kitchen,kitchen,outside,outside,entry,entry,living,living,living,kitchen,entry,entry,kitchen,entry,kitchen,bedroom_2,kitchen,kitchen,bathroom,bedroom_3,living,living,living,entry,bathroom,bathroom,entry,bedroom_2,entry,living,kitchen,kitchen,kitchen,living
3300,d02 Wed 07:00,kitchen,kitchen,kitchen,kitchen,kitchen,kitchen,kitchen,kitchen,outside,outside,entry,entry,living,living,living,kitchen,entry,entry,kitchen,entry,kitchen,bedroom_2,kitchen,kitchen,bathroom,bedroom_3,living,living,living,entry,bathroom,bathroom,entry,bedroom_2,entry,living,kitchen,kitchen,kitchen,living
3360,d02 Wed 08:00,kitchen,bedroom_2,living,kitchen,kitchen,kitchen,kitchen,kitchen,outside,outside,entry,entry,living,living,outside,kitchen,outside,entry,kitchen,outside,outside,bedroom_2,kitchen,kitchen,bathroom,bedroom_3,living,living,living,entry,bathroom,bathroom,entry,kitchen,entry,living,kitchen,outside,kitchen,living
3420,d02 Wed 09:00,kitchen,bedroom_2,living,kitchen,kitchen,kitchen,kitchen,kitchen,outside,outside,entry,entry,living,living,outside,kitchen,outside,entry,kitchen,outside,outside,bedroom_2,kitchen,kitchen,bathroom,kitchen,kitchen,living,living,entry,bathroom,bathroom,entry,kitchen,entry,living,kitchen,outside,kitchen,living
3480,d02 Wed 10:00,kitchen,bedroom_2,living,kitchen,kitchen,kitchen,kitchen,kitchen,outside,outside,entry,entry,living,living,outside,kitchen,outside,entry,kitchen,outside,bedroom_2,bedroom_2,bedroom_2,bedroom_2,bathroom,kitchen,kitchen,living,living,entry,bathroom,bathroom,entry,kitchen,entry,living,kitchen,outside,kitchen,living
3540,d02 Wed 11:00,kitchen,bedroom_2,living,kitchen,kitchen,kitchen,kitchen,kitchen,outside,outside,entry,entry,living,living,outside,kitchen,outside,entry,kitchen,outside,bedroom_2,bedroom_2,bedroom_2,bedroom_2,bathroom,kitchen,kitchen,living,living,entry,bathroom,bathroom,entry,kitchen,entry,living,kitchen,outside,kitchen,living
3600,d02 Wed 12:00,kitchen,bedroom_2,living,kitchen,kitchen,kitchen,kitchen,kitchen,outside,outside,entry,entry,living,living,outside,kitchen,outside,entry,kitchen,outside,bedroom_2,bedroom_2,bedroom_2,bedroom_2,bathroom,kitchen,kitchen,living,living,entry,bathroom,bathroom,entry,kitchen,entry,living,kitchen,outside,kitchen,living
3660,d02 Wed 13:00,kitchen,bedroom_2,living,kitchen,kitchen,kitchen,kitchen,kitchen,outside,outside,entry,entry,living,living,outside,kitchen,outside,entry,kitchen,outside,bedroom_2,bedroom_2,bedroom_2,bedroom_2,bathroom,kitchen,kitchen,living,living,entry,bathroom,bathroom,entry,kitchen,entry,living,kitchen,outside,kitchen,living
3720,d02 Wed 14:00,kitchen,bedroom_2,living,kitchen,kitchen,kitchen,kitchen,kitchen,outside,outside,entry,entry,living,living,outside,kitchen,outside,entry,kitchen,outside,bedroom_2,bedroom_2,bedroom_2,bedroom_2,bathroom,kitchen,kitchen,living,living,entry,bathroom,bathroom,entry,kitchen,entry,living,kitchen,outside,kitchen,living
3780,d02 Wed 15:00,kitchen,bedroom_2,living,kitchen,kitchen,kitchen,kitchen,kitchen,outside,outside,entry,entry,living,living,living,kitchen,entry,entry,kitchen,entry,bedroom_2,bedroom_2,bedroom_2,bedroom_2,bathroom,kitchen,kitchen,living,living,entry,bathroom,bathroom,entry,kitchen,entry,living,kitchen,kitchen,kitchen,living
3840,d02 Wed 16:00,kitchen,bedroom_2,living,kitchen,kitchen,kitchen,kitchen,kitchen,outside,outside,bedroom_3,entry,living,living,living,kitchen,entry,entry,kitchen,entry,bedroom_2,bedroom_2,bedroom_2,bedroom_2,bathroom,kitchen,kitchen,bedroom_3,bedroom_3,entry,bathroom,bathroom,entry,kitchen,entry,living,kitchen,kitchen,kitchen,living
3900,d02 Wed 17:00,kitchen,bedroom_2,living,kitchen,kitchen,kitchen,kitchen,kitchen,outside,outside,bedroom_3,entry,living,bedroom_3,living,kitchen,entry,entry,kitchen,entry,bedroom_2,bedroom_2,bedroom_2,bedroom_2,bathroom,kitchen,kitchen,bedroom_3,bedroom_3,entry,bathroom,bathroom,entry,kitchen,entry,living,kitchen,kitchen,kitchen,living
3960,d02 Wed 18:00,kitchen,bedroom_2,living,kitchen,kitchen,kitchen,kitchen,kitchen,outside,outside,bedroom_3,entry,living,bedroom_3,living,kitchen,entry,entry,kitchen,entry,bedroom_2,bedroom_2,bedroom_2,bedroom_2,bathroom,kitchen,kitchen,bedroom_3,bedroom_3,outside,bathroom,bathroom,entry,kitchen,entry,living,kitchen,kitchen,kitchen,living
4020,d02 Wed 19:00,kitchen,bedroom_2,living,kitchen,kitchen,living,kitchen,kitchen,outside,outside,bedroom_3,entry,living,bedroom_3,living,kitchen,entry,entry,kitchen,entry,bedroom_2,bedroom_2,bedroom_2,bedroom_2,bathroom,kitchen,bedroom_2,bedroom_3,bedroom_3,entry,bathroom,bathroom,entry,kitchen,entry,living,kitchen,kitchen,kitchen,living
4080,d02 Wed 20:00,kitchen,bedroom_2,living,kitchen,kitchen,living,kitchen,kitchen,outside,outside,bedroom_3,entry,living,bedroom_3,living,kitchen,entry,entry,kitchen,entry,bedroom_2,bedroom_2,bedroom_2,bedroom_2,bathroom,kitchen,bedroom_2,bedroom_3,bedroom_3,entry,bathroom,bathroom,entry,kitchen,entry,living,kitchen,kitchen,kitchen,living
4140,d02 Wed 21:00,kitchen,bedroom_2,living,kitchen,kitchen,living,kitchen,kitchen,outside,outside,bedroom_3,entry,living,bedroom_3,living,kitchen,entry,entry,kitchen,entry,bedroom_2,bedroom_2,bedroom_2,bedroom_2,bathroom,bedroom_3,bedroom_2,bedroom_3,bedroom_3,entry,bathroom,bathroom,entry,kitchen,entry,living,kitchen,kitchen,kitchen,living
4200,d02 Wed 22:00,kitchen,bedroom_2,living,kitchen,kitchen,living,kitchen,kitchen,outside,outside,bedroom_3,entry,living,bedroom_3,living,kitchen,entry,entry,kitchen,entry,bedroom_2,bedroom_2,bedroom_2,bedroom_2,bathroom,bedroom_3,bedroom_2,bedroom_3,bedroom_3,entry,bathroom,bathroom,entry,kitchen,entry,living,kitchen,kitchen,kitchen,living
4260,d02 Wed 23:00,kitchen,bedroom_2,living,kitchen,kitchen,living,kitchen,kitchen,outside,outside,bedroom_3,entry,living,bedroom_3,living,kitchen,entry,entry,kitchen,entry,bedroom_2,bedroom_2,bedroom_2,bedroom_2,bathroom,bedroom_3,bedroom_2,bedroom_3,bedroom_3,entry,bathroom,bathroom,entry,kitchen,entry,living,kitchen,kitchen,kitchen,living
4320,d03 Thu 00:00,kitchen,bedroom_2,living,kitchen,kitchen,living,kitchen,kitchen,outside,outside,bedroom_3,entry,living,bedroom_3,living,kitchen,entry,entry,kitchen,entry,bedroom_2,bedroom_2,bedroom_2,bedroom_2,bathroom,bedroom_3,bedroom_2,bedroom_3,bedroom_3,entry,bathroom,bathroom,entry,kitchen,entry,living,kitchen,kitchen,kitchen,living
4380,d03 Thu 01:00,kitchen,bedroom_2,living,kitchen,kitchen,living,kitchen,kitchen,outside,outside,bedroom_3,entry,living,bedroom_3,living,kitchen,entry,entry,kitchen,entry,bedroom_2,bedroom_2,bedroom_2,bedroom_2,bathroom,bedroom_3,bedroom_2,bedroom_3,bedroom_3,entry,bathroom,bathroom,entry,kitchen,entry,living,kitchen,kitchen,kitchen,living
4440,d03 Thu 02:00,kitchen,bedroom_2,living,kitchen,kitchen,living,kitchen,kitchen,outside,outside,bedroom_3,entry,living,bedroom_3,living,kitchen,entry,entry,kitchen,entry,bedroom_2,bedroom_2,bedroom_2,bedroom_2,bathroom,bedroom_3,bedroom_2,bedroom_3,bedroom_3,entry,bathroom,bathroom,entry,kitchen,entry,living,kitchen,kitchen,kitchen,living
4500,d03 Thu 03:00,kitchen,bedroom_2,living,kitchen,kitchen,living,kitchen,kitchen,outside,outside,bedroom_3,entry,living,bedroom_3,living,kitchen,entry,entry,kitchen,entry,bedroom_2,bedroom_2,bedroom_2,bedroom_2,bathroom,bedroom_3,bedroom_2,bedroom_3,bedroom_3,entry,bathroom,bathroom,entry,kitchen,entry,living,kitchen,kitchen,kitchen,living
4560,d03 Thu 04:00,kitchen,bedroom_2,living,kitchen,kitchen,living,kitchen,kitchen,outside,outside,bedroom_3,entry,living,bedroom_3,living,kitchen,entry,entry,kitchen,entry,bedroom_2,bedroom_2,bedroom_2,bedroom_2,bathroom,bedroom_3,bedroom_2,bedroom_3,bedroom_3,entry,bathroom,bathroom,entry,kitchen,entry,living,kitchen,kitchen,kitchen,living
4620,d03 Thu 05:00,kitchen,bedroom_2,living,kitchen,kitchen,living,kitchen,kitchen,outside,outside,bedroom_3,entry,living,bedroom_3,living,kitchen,entry,entry,kitchen,entry,bedroom_2,bedroom_2,bedroom_2,bedroom_2,bathroom,bedroom_3,bedroom_2,bedroom_3,bedroom_3,entry,bathroom,bathroom,entry,kitchen,entry,living,kitchen,kitchen,kitchen,living
4680,d03 Thu 06:00,kitchen,bedroom_2,living,kitchen,kitchen,living,kitchen,kitchen,outside,outside,bedroom_3,entry,living,bedroom_3,living,kitchen,entry,entry,kitchen,entry,bedroom_2,bedroom_2,bedroom_2,bedroom_2,bathroom,bedroom_3,bedroom_2,bedroom_3,bedroom_3,entry,bathroom,bathroom,entry,kitchen,entry,living,kitchen,kitchen,kitchen,living
4740,d03 Thu 07:00,kitchen,bedroom_2,living,kitchen,kitchen,living,kitchen,kitchen,outside,outside,bedroom_3,entry,living,bedroom_3,living,kitchen,entry,entry,kitchen,entry,bedroom_2,bedroom_2,bedroom_2,bedroom_2,bathroom,bedroom_3,bedroom_2,bedroom_3,bedroom_3,entry,bathroom,bathroom,entry,kitchen,entry,living,kitchen,kitchen,kitchen,living
4800,d03 Thu 08:00,kitchen,bedroom_2,living,kitchen,kitchen,living,kitchen,kitchen,outside,outside,bedroom_3,entry,living,bedroom_3,living,kitchen,entry,entry,kitchen,entry,bedroom_2,bedroom_2,bedroom_2,bedroom_2,bathroom,bedroom_3,bedroom_2,bedroom_3,bedroom_3,entry,bathroom,bathroom,entry,kitchen,entry,living,kitchen,kitchen,kitchen,living
4860,d03 Thu 09:00,kitchen,bedroom_2,living,kitchen,kitchen,living,kitchen,kitchen,outside,outside,bedroom_3,entry,living,bedroom_3,living,kitchen,entry,entry,kitchen,entry,bedroom_2,bedroom_2,bedroom_2,bedroom_2,bathroom,bedroom_3,bedroom_2,bedroom_3,bedroom_3,entry,bathroom,bathroom,entry,kitchen,entry,living,kitchen,kitchen,kitchen,living
4920,d03 Thu 10:00,kitchen,bedroom_2,living,kitchen,kitchen,living,kitchen,kitchen,outside,outside,bedroom_3,entry,living,bedroom_3,living,kitchen,entry,entry,kitchen,entry,bedroom_2,bedroom_2,bedroom_2,bedroom_2,bathroom,bedroom_3,bedroom_2,bedroom_3,bedroom_3,entry,bathroom,bathroom,entry,kitchen,entry,living,kitchen,kitchen,kitchen,living
4980,d03 Thu 11:00,kitchen,bedroom_2,living,kitchen,kitchen,living,kitchen,kitchen,outside,outside,bedroom_3,entry,living,bedroom_3,living,kitchen,entry,entry,kitchen,entry,bedroom_2,bedroom_2,bedroom_2,bedroom_2,bathroom,bedroom_3,bedroom_2,bedroom_3,bedroom_3,entry,bathroom,bathroom,entry,kitchen,entry,living,kitchen,kitchen,kitchen,living
5040,d03 Thu 12:00,kitchen,bedroom_2,living,kitchen,kitchen,living,kitchen,kitchen,outside,outside,bedroom_3,entry,living,bedroom_3,living,kitchen,entry,entry,kitchen,entry,bedroom_2,bedroom_2,bedroom_2,bedroom_2,bathroom,bedroom_3,bedroom_2,bedroom_3,bedroom_3,entry,bathroom,bathroom,entry,kitchen,entry,living,kitchen,kitchen,kitchen,living
5100,d03 Thu 13:00,kitchen,bedroom_2,living,kitchen,kitchen,living,kitchen,kitchen,outside,outside,bedroom_3,entry,living,bedroom_3,living,kitchen,entry,entry,kitchen,entry,bedroom_2,bedroom_2,bedroom_2,bedroom_2,bathroom,bedroom_3,bedroom_2,bedroom_3,bedroom_3,entry,bathroom,bathroom,entry,kitchen,entry,living,kitchen,kitchen,kitchen,living
5160,d03 Thu 14:00,kitchen,bedroom_2,living,kitchen,kitchen,living,kitchen,kitchen,outside,outside,bedroom_3,entry,living,bedroom_3,living,kitchen,entry,entry,kitchen,entry,bedroom_2,bedroom_2,bedroom_2,bedroom_2,bathroom,bedroom_3,bedroom_2,bedroom_3,bedroom_3,entry,bathroom,bathroom,entry,kitchen,entry,living,kitchen,kitchen,kitchen,living
5220,d03 Thu 15:00,kitchen,bedroom_2,living,kitchen,kitchen,living,kitchen,kitchen,outside,outside,bedroom_3,entry,living,bedroom_3,living,kitchen,entry,entry,kitchen,entry,bedroom_2,bedroom_2,bedroom_2,bedroom_2,bathroom,bedroom_3,bedroom_2,bedroom_3,bedroom_3,entry,bathroom,bathroom,entry,kitchen,entry,living,kitchen,kitchen,kitchen,living
5280,d03 Thu 16:00,kitchen,bedroom_2,living,kitchen,kitchen,living,kitchen,kitchen,outside,outside,bedroom_3,entry,living,bedroom_3,living,kitchen,entry,entry,kitchen,entry,bedroom_2,bedroom_2,bedroom_2,bedroom_2,bathroom,bedroom_3,bedroom_2,bedroom_3,bedroom_3,entry,bathroom,bathroom,entry,kitchen,entry,living,kitchen,kitchen,kitchen,living
5340,d03 Thu 17:00,kitchen,bedroom_2,living,kitchen,kitchen,living,kitchen,kitchen,outside,outside,bedroom_3,entry,living,bedroom_3,living,kitchen,entry,entry,kitchen,entry,bedroom_2,bedroom_2,bedroom_2,bedroom_2,bathroom,bedroom_3,bedroom_2,bedroom_3,bedroom_3,entry,bathroom,bathroom,entry,kitchen,entry,living,kitchen,kitchen,kitchen,living
5400,d03 Thu 18:00,kitchen,bedroom_2,living,kitchen,kitchen,living,kitchen,kitchen,outside,outside,bedroom_3,entry,living,bedroom_3,living,kitchen,entry,entry,kitchen,entry,bedroom_2,bedroom_2,bedroom_2,bedroom_2,bathroom,bedroom_3,bedroom_2,bedroom_3,bedroom_3,entry,bathroom,bathroom,entry,kitchen,entry,living,kitchen,kitchen,kitchen,living
5460,d03 Thu 19:00,kitchen,bedroom_2,living,kitchen,kitchen,living,kitchen,kitchen,outside,outside,bedroom_3,entry,living,bedroom_3,living,kitchen,entry,entry,kitchen,entry,bedroom_2,bedroom_2,bedroom_2,bedroom_2,bathroom,bedroom_3,bedroom_2,bedroom_3,bedroom_3,entry,bathroom,bathroom,entry,kitchen,entry,living,kitchen,kitchen,kitchen,living
5520,d03 Thu 20:00,kitchen,bedroom_2,living,kitchen,kitchen,living,kitchen,kitchen,outside,outside,bedroom_3,entry,living,bedroom_3,living,kitchen,entry,entry,kitchen,entry,bedroom_2,bedroom_2,bedroom_2,bedroom_2,bathroom,bedroom_3,bedroom_2,bedroom_3,bedroom_3,entry,bathroom,bathroom,entry,kitchen,entry,living,kitchen,kitchen,kitchen,living
5580,d03 Thu 21:00,kitchen,bedroom_2,living,kitchen,kitchen,living,kitchen,kitchen,outside,outside,bedroom_3,entry,living,bedroom_3,living,kitchen,entry,entry,kitchen,entry,bedroom_2,bedroom_2,bedroom_2,bedroom_2,bathroom,bedroom_3,bedroom_2,bedroom_3,bedroom_3,entry,bathroom,bathroom,entry,kitchen,entry,living,kitchen,kitchen,kitchen,living
5640,d03 Thu 22:00,kitchen,bedroom_2,living,kitchen,kitchen,living,kitchen,kitchen,outside,outside,bedroom_3,entry,living,bedroom_3,living,kitchen,entry,entry,kitchen,entry,bedroom_2,bedroom_2,bedroom_2,bedroom_2,bathroom,bedroom_3,bedroom_2,bedroom_3,bedroom_3,entry,bathroom,bathroom,entry,kitchen,entry,living,kitchen,kitchen,kitchen,living
5700,d03 Thu 23:00,kitchen,bedroom_2,living,kitchen,kitchen,living,kitchen,kitchen,outside,outside,bedroom_3,entry,living,bedroom_3,living,kitchen,entry,entry,kitchen,entry,bedroom_2,bedroom_2,bedroom_2,bedroom_2,bathroom,bedroom_3,bedroom_2,bedroom_3,bedroom_3,entry,bathroom,bathroom,entry,kitchen,entry,living,kitchen,kitchen,kitchen,living
5760,d04 Fri 00:00,kitchen,bedroom_2,living,kitchen,kitchen,living,kitchen,kitchen,outside,outside,bedroom_3,entry,living,bedroom_3,living,kitchen,entry,entry,kitchen,entry,bedroom_2,bedroom_2,bedroom_2,bedroom_2,bathroom,bedroom_3,bedroom_2,bedroom_3,bedroom_3,entry,bathroom,bathroom,entry,kitchen,entry,living,kitchen,kitchen,kitchen,living
5820,d04 Fri 01:00,kitchen,bedroom_2,living,kitchen,kitchen,living,kitchen,kitchen,outside,outside,bedroom_3,entry,living,bedroom_3,living,kitchen,entry,entry,kitchen,entry,bedroom_2,bedroom_2,bedroom_2,bedroom_2,bathroom,bedroom_3,bedroom_2,bedroom_3,bedroom_3,entry,bathroom,bathroom,entry,kitchen,entry,living,kitchen,kitchen,kitchen,living
5880,d04 Fri 02:00,kitchen,bedroom_2,living,kitchen,kitchen,living,kitchen,kitchen,outside,outside,bedroom_3,entry,living,bedroom_3,living,kitchen,entry,entry,kitchen,entry,bedroom_2,bedroom_2,bedroom_2,bedroom_2,bathroom,bedroom_3,bedroom_2,bedroom_3,bedroom_3,entry,bathroom,bathroom,entry,kitchen,entry,living,kitchen,kitchen,kitchen,living
5940,d04 Fri 03:00,kitchen,bedroom_2,living,kitchen,kitchen,living,kitchen,kitchen,outside,outside,bedroom_3,entry,living,bedroom_3,living,kitchen,entry,entry,kitchen,entry,bedroom_2,bedroom_2,bedroom_2,bedroom_2,bathroom,bedroom_3,bedroom_2,bedroom_3,bedroom_3,entry,bathroom,bathroom,entry,kitchen,entry,living,kitchen,kitchen,kitchen,living
6000,d04 Fri 04:00,kitchen,bedroom_2,living,kitchen,kitchen,living,kitchen,kitchen,outside,outside,bedroom_3,entry,living,bedroom_3,living,kitchen,entry,entry,kitchen,entry,bedroom_2,bedroom_2,bedroom_2,bedroom_2,bathroom,bedroom_3,bedroom_2,bedroom_3,bedroom_3,entry,bathroom,bathroom,entry,kitchen,entry,living,kitchen,kitchen,kitchen,living
6060,d04 Fri 05:00,kitchen,bedroom_2,living,kitchen,kitchen,living,kitchen,kitchen,outside,outside,bedroom_3,entry,living,bedroom_3,living,kitchen,entry,entry,kitchen,entry,bedroom_2,bedroom_2,bedroom_2,bedroom_2,bathroom,bedroom_3,bedroom_2,bedroom_3,bedroom_3,entry,bathroom,bathroom,entry,kitchen,entry,living,kitchen,kitchen,kitchen,living
6120,d04 Fri 06:00,kitchen,bedroom_2,living,kitchen,kitchen,living,kitchen,kitchen,outside,outside,bedroom_3,entry,living,bedroom_3,living,kitchen,entry,entry,kitchen,entry,bedroom_2,bedroom_2,bedroom_2,bedroom_2,bathroom,bedroom_3,bedroom_2,bedroom_3,bedroom_3,entry,bathroom,bathroom,entry,kitchen,entry,living,kitchen,kitchen,kitchen,living
6180,d04 Fri 07:00,kitchen,kitchen,living,kitchen,kitchen,living,kitchen,kitchen,outside,outside,bedroom_3,entry,living,bedroom_3,living,kitchen,entry,entry,kitchen,entry,bedroom_2,bedroom_2,bedroom_2,bedroom_2,bathroom,bedroom_3,bedroom_2,bedroom_3,bedroom_3,entry,bathroom,bathroom,entry,kitchen,entry,living,kitchen,kitchen,kitchen,living
6240,d04 Fri 08:00,kitchen,bedroom_2,kitchen,kitchen,kitchen,living,kitchen,kitchen,outside,outside,bedroom_3,entry,living,bedroom_3,outside,kitchen,outside,entry,kitchen,outside,bedroom_2,bedroom_2,kitchen,kitchen,bathroom,bedroom_3,bedroom_2,bedroom_3,bedroom_3,entry,bathroom,bathroom,entry,kitchen,entry,living,kitchen,outside,kitchen,living
6300,d04 Fri 09:00,kitchen,bedroom_2,outside,kitchen,kitchen,living,kitchen,kitchen,outside,outside,bedroom_3,entry,living,bedroom_3,outside,kitchen,outside,entry,kitchen,outside,kitchen,bedroom_2,kitchen,kitchen,bathroom,bedroom_3,living,living,bedroom_3,entry,bathroom,bathroom,entry,kitchen,entry,living,kitchen,outside,kitchen,living
6360,d04 Fri 10:00,kitchen,bedroom_2,living,kitchen,kitchen,living,kitchen,kitchen,outside,outside,bedroom_3,entry,living,bedroom_3,outside,kitchen,outside,entry,kitchen,outside,outside,bedroom_2,kitchen,kitchen,bathroom,bedroom_3,living,living,bedroom_3,entry,bathroom,bathroom,entry,kitchen,entry,living,kitchen,outside,kitchen,living
6420,d04 Fri 11:00,kitchen,bedroom_2,living,kitchen,kitchen,living,kitchen,kitchen,outside,outside,bedroom_3,entry,living,bedroom_3,outside,kitchen,outside,entry,kitchen,outside,living,bedroom_2,kitchen,kitchen,bathroom,bedroom_3,living,living,bedroom_3,entry,bathroom,bathroom,entry,kitchen,entry,living,kitchen,outside,kitchen,living
6480,d04 Fri 12:00,kitchen,bedroom_2,living,kitchen,kitchen,kitchen,kitchen,kitchen,outside,outside,bedroom_3,entry,living,bedroom_3,outside,kitchen,outside,entry,kitchen,outside,living,bedroom_2,kitchen,kitchen,bathroom,bedroom_3,living,living,bedroom_3,entry,bathroom,bathroom,entry,kitchen,entry,living,kitchen,outside,kitchen,living
6540,d04 Fri 13:00,kitchen,bedroom_2,living,kitchen,kitchen,living,kitchen,kitchen,outside,outside,bedroom_3,entry,living,bedroom_3,outside,kitchen,outside,entry,kitchen,outside,living,bedroom_2,kitchen,kitchen,bathroom,bedroom_3,living,living,bedroom_3,entry,bathroom,bathroom,entry,kitchen,entry,living,kitchen,outside,kitchen,outside
6600,d04 Fri 14:00,kitchen,bedroom_2,living,kitchen,kitchen,living,kitchen,kitchen,outside,outside,bedroom_3,entry,living,bedroom_3,outside,kitchen,outside,entry,kitchen,outside,living,bedroom_2,kitchen,kitchen,bathroom,bedroom_3,living,living,bedroom_3,entry,bathroom,bathroom,entry,kitchen,entry,living,kitchen,outside,kitchen,living
6660,d04 Fri 15:00,kitchen,bedroom_2,living,kitchen,kitchen,living,kitchen,kitchen,outside,outside,bedroom_3,entry,living,bedroom_3,living,kitchen,entry,entry,kitchen,entry,living,bedroom_2,kitchen,kitchen,bathroom,bedroom_3,living,living,bedroom_3,entry,bathroom,bathroom,entry,kitchen,entry,living,kitchen,kitchen,kitchen,living
6720,d04 Fri 16:00,kitchen,bedroom_2,living,kitchen,kitchen,living,kitchen,kitchen,outside,outside,bedroom_3,entry,living,bedroom_3,living,kitchen,entry,entry,kitchen,entry,living,bedroom_2,kitchen,kitchen,bathroom,living,living,bedroom_3,bedroom_3,entry,bathroom,bathroom,entry,kitchen,entry,living,kitchen,kitchen,kitchen,living
6780,d04 Fri 17:00,kitchen,bedroom_2,living,kitchen,outside,outside,kitchen,kitchen,outside,outside,bedroom_3,entry,living,bedroom_3,living,kitchen,entry,entry,kitchen,entry,living,bedroom_2,kitchen,kitchen,bathroom,living,living,bedroom_3,bedroom_3,entry,bathroom,bathroom,entry,kitchen,entry,living,kitchen,kitchen,kitchen,living
6840,d04 Fri 18:00,kitchen,bedroom_2,kitchen,kitchen,kitchen,kitchen,kitchen,kitchen,outside,outside,bedroom_3,entry,living,bedroom_3,living,kitchen,entry,entry,kitchen,entry,living,bedroom_2,kitchen,kitchen,bathroom,bedroom_3,living,bedroom_3,bedroom_3,entry,bathroom,bathroom,entry,kitchen,entry,living,kitchen,kitchen,kitchen,living
6900,d04 Fri 19:00,kitchen,bedroom_2,kitchen,kitchen,kitchen,kitchen,kitchen,kitchen,outside,outside,outside,entry,living,bedroom_3,living,kitchen,entry,entry,kitchen,entry,living,bedroom_2,kitchen,kitchen,bathroom,bedroom_3,living,bedroom_3,bedroom_3,entry,bathroom,bathroom,entry,kitchen,entry,living,kitchen,kitchen,kitchen,living
6960,d04 Fri 20:00,kitchen,bedroom_2,kitchen,kitchen,kitchen,kitchen,kitchen,kitchen,outside,outside,bedroom_3,entry,outside,bedroom_3,living,kitchen,entry,entry,kitchen,entry,living,bedroom_2,kitchen,kitchen,bathroom,bedroom_3,living,bedroom_3,bedroom_3,entry,bathroom,bathroom,entry,kitchen,entry,living,kitchen,kitchen,kitchen,living
7020,d04 Fri 21:00,kitchen,bedroom_2,kitchen,kitchen,kitchen,kitchen,kitchen,kitchen,outside,outside,bedroom_3,entry,living,bedroom_3,living,kitchen,entry,entry,kitchen,entry,living,bedroom_2,kitchen,kitchen,bathroom,bedroom_3,living,bedroom_3,bedroom_3,entry,bathroom,bathroom,entry,kitchen,entry,living,kitchen,kitchen,kitchen,living
7080,d04 Fri 22:00,kitchen,bedroom_2,kitchen,kitchen,kitchen,kitchen,kitchen,kitchen,outside,outside,bedroom_3,entry,living,bedroom_3,living,kitchen,entry,entry,kitchen,entry,living,bedroom_2,kitchen,kitchen,bathroom,bedroom_3,bedroom_3,bedroom_3,bedroom_3,entry,bathroom,bathroom,entry,kitchen,entry,living,kitchen,kitchen,kitchen,outside
7140,d04 Fri 23:00,kitchen,bedroom_2,kitchen,kitchen,kitchen,kitchen,kitchen,kitchen,kitchen,outside,bedroom_3,entry,living,bedroom_3,living,kitchen,entry,entry,kitchen,entry,living,kitchen,kitchen,kitchen,bathroom,bedroom_3,bedroom_3,bedroom_3,bedroom_3,entry,bathroom,bathroom,entry,kitchen,entry,living,kitchen,kitchen,kitchen,living
7200,d05 Sat 00:00,kitchen,bedroom_2,kitchen,kitchen,kitchen,kitchen,kitchen,kitchen,kitchen,outside,bedroom_3,entry,living,bedroom_3,living,kitchen,entry,entry,kitchen,entry,living,kitchen,kitchen,kitchen,bathroom,bedroom_3,bedroom_3,bedroom_3,bedroom_3,entry,bathroom,bathroom,entry,kitchen,entry,living,kitchen,kitchen,kitchen,living
7260,d05 Sat 01:00,kitchen,bedroom_2,kitchen,kitchen,kitchen,kitchen,kitchen,kitchen,kitchen,outside,bedroom_3,entry,living,bedroom_3,living,kitchen,entry,entry,kitchen,entry,living,kitchen,kitchen,kitchen,bathroom,bedroom_3,bedroom_3,bedroom_3,bedroom_3,entry,bathroom,bathroom,entry,kitchen,entry,living,kitchen,kitchen,kitchen,living
7320,d05 Sat 02:00,kitchen,bedroom_2,kitchen,kitchen,kitchen,kitchen,kitchen,kitchen,kitchen,outside,bedroom_3,entry,living,bedroom_3,living,kitchen,entry,entry,kitchen,entry,living,kitchen,kitchen,kitchen,bathroom,bedroom_3,bedroom_3,bedroom_3,bedroom_3,entry,bathroom,bathroom,entry,kitchen,entry,living,kitchen,kitchen,kitchen,living
7380,d05 Sat 03:00,kitchen,bedroom_2,kitchen,kitchen,kitchen,kitchen,kitchen,kitchen,kitchen,outside,bedroom_3,entry,living,bedroom_3,living,kitchen,entry,entry,kitchen,entry,living,kitchen,kitchen,kitchen,bathroom,bedroom_3,bedroom_3,bedroom_3,bedroom_3,entry,bathroom,bathroom,entry,kitchen,entry,living,kitchen,kitchen,kitchen,living
7440,d05 Sat 04:00,kitchen,bedroom_2,kitchen,kitchen,kitchen,kitchen,kitchen,kitchen,kitchen,outside,bedroom_3,entry,living,bedroom_3,living,kitchen,entry,entry,kitchen,entry,living,kitchen,kitchen,kitchen,bathroom,bedroom_3,bedroom_3,bedroom_3,bedroom_3,entry,bathroom,bathroom,entry,kitchen,entry,living,kitchen,kitchen,kitchen,living
7500,d05 Sat 05:00,kitchen,bedroom_2,kitchen,kitchen,kitchen,kitchen,kitchen,kitchen,kitchen,outside,bedroom_3,entry,living,bedroom_3,living,kitchen,entry,entry,kitchen,entry,living,kitchen,kitchen,kitchen,bathroom,bedroom_3,bedroom_3,bedroom_3,bedroom_3,entry,bathroom,bathroom,entry,kitchen,entry,living,kitchen,kitchen,kitchen,living
7560,d05 Sat 06:00,kitchen,bedroom_2,kitchen,kitchen,kitchen,kitchen,kitchen,kitchen,kitchen,outside,bedroom_3,entry,living,bedroom_3,living,kitchen,entry,entry,kitchen,entry,living,kitchen,kitchen,kitchen,bathroom,bedroom_3,bedroom_3,bedroom_3,bedroom_3,entry,bathroom,bathroom,entry,kitchen,entry,living,kitchen,kitchen,kitchen,living
7620,d05 Sat 07:00,kitchen,kitchen,kitchen,kitchen,kitchen,kitchen,kitchen,kitchen,kitchen,outside,bedroom_3,entry,living,bedroom_3,living,kitchen,entry,entry,kitchen,entry,living,kitchen,kitchen,kitchen,bathroom,bedroom_3,bedroom_3,bedroom_3,bedroom_3,entry,bathroom,bathroom,entry,kitchen,entry,living,kitchen,kitchen,kitchen,living
7680,d05 Sat 08:00,kitchen,bedroom_2,kitchen,kitchen,kitchen,kitchen,kitchen,kitchen,kitchen,outside,bedroom_3,entry,living,bedroom_3,living,kitchen,entry,entry,kitchen,entry,kitchen,kitchen,kitchen,kitchen,bathroom,kitchen,bedroom_3,living,bedroom_3,entry,bathroom,bathroom,entry,kitchen,entry,living,kitchen,kitchen,kitchen,living
7740,d05 Sat 09:00,kitchen,bedroom_2,living,kitchen,kitchen,kitchen,kitchen,kitchen,kitchen,outside,bedroom_3,entry,living,bedroom_3,bedroom_3,kitchen,entry,entry,kitchen,entry,kitchen,kitchen,kitchen,kitchen,bathroom,kitchen,bedroom_3,living,bedroom_3,entry,bathroom,bathroom,entry,kitchen,entry,living,kitchen,kitchen,kitchen,living
7800,d05 Sat 10:00,kitchen,bedroom_2,living,kitchen,kitchen,kitchen,kitchen,kitchen,kitchen,outside,bedroom_3,entry,living,bedroom_3,bedroom_3,kitchen,entry,entry,kitchen,entry,living,kitchen,kitchen,kitchen,bathroom,bedroom_3,bedroom_3,living,bedroom_3,entry,bathroom,bathroom,entry,kitchen,entry,living,kitchen,kitchen,kitchen,living
7860,d05 Sat 11:00,kitchen,bedroom_2,living,kitchen,kitchen,kitchen,kitchen,kitchen,kitchen,outside,bedroom_3,entry,living,bedroom_3,bedroom_3,kitchen,entry,entry,kitchen,entry,living,kitchen,kitchen,kitchen,bathroom,bedroom_3,bedroom_3,living,bedroom_3,entry,bathroom,bathroom,entry,kitchen,entry,living,kitchen,kitchen,kitchen,living
7920,d05 Sat 12:00,kitchen,bedroom_2,living,kitchen,kitchen,kitchen,kitchen,kitchen,kitchen,outside,bedroom_3,entry,living,bedroom_3,bedroom_3,kitchen,entry,entry,kitchen,entry,living,kitchen,kitchen,kitchen,bathroom,bedroom_3,bedroom_3,living,bedroom_3,entry,bathroom,bathroom,entry,kitchen,entry,living,kitchen,kitchen,kitchen,living
7980,d05 Sat 13:00,kitchen,bedroom_2,living,kitchen,kitchen,living,kitchen,kitchen,kitchen,outside,bedroom_3,entry,living,bedroom_3,bedroom_3,kitchen,entry,entry,kitchen,entry,living,kitchen,kitchen,kitchen,bathroom,bedroom_3,bedroom_3,living,bedroom_3,entry,bathroom,bathroom,entry,kitchen,entry,living,kitchen,kitchen,kitchen,living
8040,d05 Sat 14:00,kitchen,bedroom_2,living,kitchen,kitchen,living,kitchen,kitchen,kitchen,outside,bedroom_3,entry,living,bedroom_3,bedroom_3,kitchen,entry,entry,kitchen,entry,living,kitchen,kitchen,kitchen,bathroom,bedroom_3,bedroom_3,living,bedroom_3,entry,bathroom,bathroom,entry,kitchen,entry,living,kitchen,kitchen,kitchen,living
8100,d05 Sat 15:00,kitchen,bedroom_2,living,kitchen,kitchen,living,kitchen,kitchen,kitchen,outside,bedroom_3,entry,living,bedroom_3,bedroom_3,kitchen,entry,entry,kitchen,entry,living,kitchen,kitchen,kitchen,bathroom,bedroom_3,bedroom_3,living,bedroom_3,entry,bathroom,bathroom,entry,kitchen,entry,living,kitchen,kitchen,kitchen,living
8160,d05 Sat 16:00,kitchen,bedroom_2,living,kitchen,kitchen,living,kitchen,kitchen,kitchen,outside,bedroom_3,entry,living,bedroom_3,bedroom_3,kitchen,entry,entry,kitchen,entry,living,kitchen,kitchen,kitchen,bathroom,bedroom_3,bedroom_3,living,bedroom_3,entry,bathroom,bathroom,entry,kitchen,entry,living,kitchen,kitchen,kitchen,living
8220,d05 Sat 17:00,kitchen,bedroom_2,living,kitchen,kitchen,living,kitchen,kitchen,kitchen,outside,bedroom_3,entry,living,bedroom_3,bedroom_3,kitchen,entry,entry,kitchen,entry,living,kitchen,kitchen,kitchen,bathroom,bedroom_3,bedroom_3,living,bedroom_3,outside,bathroom,bathroom,entry,kitchen,entry,living,kitchen,kitchen,kitchen,living
8280,d05 Sat 18:00,kitchen,bedroom_2,living,kitchen,kitchen,living,kitchen,kitchen,kitchen,outside,bedroom_3,entry,living,bedroom_3,bedroom_3,kitchen,entry,entry,kitchen,entry,living,kitchen,kitchen,kitchen,bathroom,bedroom_3,living,living,bedroom_3,entry,bathroom,bathroom,entry,kitchen,entry,living,kitchen,kitchen,kitchen,living
8340,d05 Sat 19:00,kitchen,bedroom_2,living,kitchen,kitchen,living,kitchen,kitchen,kitchen,outside,bedroom_3,entry,living,bedroom_3,bedroom_3,kitchen,entry,entry,kitchen,entry,living,kitchen,kitchen,kitchen,bathroom,bedroom_3,living,bedroom_3,bedroom_3,entry,bathroom,bathroom,entry,kitchen,entry,living,kitchen,kitchen,kitchen,living
8400,d05 Sat 20:00,kitchen,bedroom_2,living,kitchen,kitchen,living,kitchen,kitchen,kitchen,outside,bedroom_3,entry,outside,bedroom_3,bedroom_3,kitchen,entry,entry,kitchen,entry,living,kitchen,kitchen,kitchen,bathroom,bedroom_3,living,bedroom_3,bedroom_3,entry,bathroom,bathroom,entry,kitchen,entry,living,kitchen,kitchen,kitchen,living
8460,d05 Sat 21:00,kitchen,bedroom_2,living,kitchen,kitchen,living,kitchen,kitchen,outside,outside,bedroom_3,entry,living,bedroom_3,bedroom_3,kitchen,entry,entry,kitchen,entry,living,kitchen,kitchen,kitchen,bathroom,bedroom_3,living,bedroom_3,bedroom_3,entry,bathroom,bathroom,entry,kitchen,entry,living,kitchen,kitchen,kitchen,living
8520,d05 Sat 22:00,kitchen,bedroom_2,living,kitchen,kitchen,living,kitchen,kitchen,kitchen,outside,bedroom_3,entry,living,bedroom_3,bedroom_3,kitchen,entry,entry,kitchen,entry,living,kitchen,kitchen,kitchen,bathroom,bedroom_3,living,bedroom_3,bedroom_3,entry,bathroom,bathroom,entry,kitchen,entry,living,kitchen,kitchen,kitchen,outside
8580,d05 Sat 23:00,kitchen,bedroom_2,living,kitchen,kitchen,living,kitchen,kitchen,kitchen,outside,bedroom_3,entry,living,bedroom_3,bedroom_3,kitchen,entry,entry,kitchen,entry,living,kitchen,kitchen,kitchen,bathroom,bedroom_3,living,bedroom_3,bedroom_3,entry,bathroom,bathroom,entry,kitchen,entry,living,kitchen,kitchen,kitchen,living
8640,d06 Sun 00:00,kitchen,bedroom_2,living,kitchen,kitchen,living,kitchen,kitchen,kitchen,outside,bedroom_3,entry,living,bedroom_3,bedroom_3,kitchen,entry,entry,kitchen,entry,living,kitchen,kitchen,kitchen,bathroom,bedroom_3,living,bedroom_3,bedroom_3,entry,bathroom,bathroom,entry,kitchen,entry,living,kitchen,kitchen,kitchen,living
8700,d06 Sun 01:00,kitchen,bedroom_2,living,kitchen,kitchen,living,kitchen,kitchen,kitchen,outside,bedroom_3,entry,living,bedroom_3,bedroom_3,kitchen,entry,entry,kitchen,entry,living,kitchen,kitchen,kitchen,bathroom,bedroom_3,living,bedroom_3,bedroom_3,entry,bathroom,bathroom,entry,kitchen,entry,living,kitchen,kitchen,kitchen,living
8760,d06 Sun 02:00,kitchen,bedroom_2,living,kitchen,kitchen,living,kitchen,kitchen,kitchen,outside,bedroom_3,entry,living,bedroom_3,bedroom_3,kitchen,entry,entry,kitchen,entry,living,kitchen,kitchen,kitchen,bathroom,bedroom_3,living,bedroom_3,bedroom_3,entry,bathroom,bathroom,entry,kitchen,entry,living,kitchen,kitchen,kitchen,living
8820,d06 Sun 03:00,kitchen,bedroom_2,living,kitchen,kitchen,living,kitchen,kitchen,kitchen,outside,bedroom_3,entry,living,bedroom_3,bedroom_3,kitchen,entry,entry,kitchen,entry,living,kitchen,kitchen,kitchen,bathroom,bedroom_3,living,bedroom_3,bedroom_3,entry,bathroom,bathroom,entry,kitchen,entry,living,kitchen,kitchen,kitchen,living
8880,d06 Sun 04:00,kitchen,bedroom_2,living,kitchen,kitchen,living,kitchen,kitchen,kitchen,outside,bedroom_3,entry,living,bedroom_3,bedroom_3,kitchen,entry,entry,kitchen,entry,living,kitchen,kitchen,kitchen,bathroom,bedroom_3,living,bedroom_3,bedroom_3,entry,bathroom,bathroom,entry,kitchen,entry,living,kitchen,kitchen,kitchen,living
8940,d06 Sun 05:00,kitchen,bedroom_2,living,kitchen,kitchen,living,kitchen,kitchen,kitchen,outside,bedroom_3,entry,living,bedroom_3,bedroom_3,kitchen,entry,entry,kitchen,entry,living,kitchen,kitchen,kitchen,bathroom,bedroom_3,living,bedroom_3,bedroom_3,entry,bathroom,bathroom,entry,kitchen,entry,living,kitchen,kitchen,kitchen,living
9000,d06 Sun 06:00,kitchen,bedroom_2,living,kitchen,kitchen,living,kitchen,kitchen,kitchen,outside,bedroom_3,entry,living,bedroom_3,bedroom_3,kitchen,entry,entry,kitchen,entry,living,kitchen,kitchen,kitchen,bathroom,bedroom_3,living,bedroom_3,bedroom_3,entry,bathroom,bathroom,entry,kitchen,entry,living,kitchen,kitchen,kitchen,living
9060,d06 Sun 07:00,kitchen,kitchen,living,kitchen,kitchen,living,kitchen,kitchen,kitchen,outside,bedroom_3,entry,living,bedroom_3,bedroom_3,kitchen,entry,entry,kitchen,entry,living,kitchen,kitchen,kitchen,bathroom,bedroom_3,living,bedroom_3,bedroom_3,entry,bathroom,bathroom,entry,kitchen,entry,living,kitchen,kitchen,kitchen,living
9120,d06 Sun 08:00,kitchen,bedroom_2,kitchen,kitchen,kitchen,kitchen,kitchen,kitchen,kitchen,outside,bedroom_3,entry,living,bedroom_3,bedroom_3,kitchen,entry,entry,kitchen,entry,kitchen,kitchen,kitchen,kitchen,bathroom,bedroom_3,living,living,bedroom_3,entry,bathroom,bathroom,entry,kitchen,entry,living,kitchen,kitchen,kitchen,living
9180,d06 Sun 09:00,kitchen,bedroom_2,kitchen,kitchen,kitchen,kitchen,kitchen,kitchen,kitchen,outside,bedroom_3,entry,living,bedroom_3,bedroom_3,kitchen,entry,entry,kitchen,entry,kitchen,kitchen,kitchen,kitchen,bathroom,living,kitchen,living,bedroom_3,entry,bathroom,bathroom,entry,kitchen,entry,living,kitchen,kitchen,kitchen,living
9240,d06 Sun 10:00,kitchen,bedroom_2,kitchen,kitchen,kitchen,kitchen,kitchen,kitchen,kitchen,outside,bedroom_3,entry,living,bedroom_3,bedroom_3,kitchen,entry,entry,kitchen,entry,kitchen,kitchen,kitchen,kitchen,bathroom,living,kitchen,living,bedroom_3,entry,bathroom,bathroom,entry,kitchen,entry,living,kitchen,kitchen,kitchen,living
9300,d06 Sun 11:00,kitchen,bedroom_2,kitchen,kitchen,kitchen,kitchen,kitchen,kitchen,kitchen,outside,bedroom_3,entry,living,bedroom_3,bedroom_3,kitchen,entry,entry,kitchen,entry,kitchen,kitchen,kitchen,kitchen,bathroom,living,kitchen,living,bedroom_3,entry,bathroom,bathroom,entry,kitchen,entry,living,kitchen,kitchen,kitchen,living
9360,d06 Sun 12:00,kitchen,bedroom_2,kitchen,kitchen,kitchen,kitchen,kitchen,kitchen,kitchen,outside,bedroom_3,entry,living,bedroom_3,bedroom_3,kitchen,entry,entry,kitchen,entry,kitchen,kitchen,kitchen,kitchen,bathroom,living,kitchen,living,bedroom_3,entry,bathroom,bathroom,entry,kitchen,entry,living,kitchen,kitchen,kitchen,living
9420,d06 Sun 13:00,kitchen,bedroom_2,kitchen,kitchen,kitchen,kitchen,kitchen,kitchen,kitchen,outside,bedroom_3,entry,living,bedroom_3,bedroom_3,kitchen,entry,entry,kitchen,entry,kitchen,kitchen,kitchen,kitchen,bathroom,living,kitchen,living,bedroom_3,entry,bathroom,bathroom,entry,kitchen,entry,living,kitchen,kitchen,kitchen,living
9480,d06 Sun 14:00,kitchen,bedroom_2,kitchen,kitchen,kitchen,kitchen,kitchen,kitchen,kitchen,outside,bedroom_3,entry,living,bedroom_3,bedroom_3,kitchen,entry,entry,kitchen,entry,kitchen,kitchen,kitchen,kitchen,bathroom,living,kitchen,living,bedroom_3,entry,bathroom,bathroom,entry,kitchen,entry,living,kitchen,kitchen,kitchen,living
9540,d06 Sun 15:00,kitchen,bedroom_2,kitchen,kitchen,kitchen,kitchen,kitchen,kitchen,kitchen,outside,bedroom_3,entry,living,bedroom_3,bedroom_3,kitchen,entry,entry,kitchen,entry,kitchen,kitchen,kitchen,kitchen,bathroom,living,kitchen,living,bedroom_3,entry,bathroom,bathroom,entry,kitchen,entry,living,kitchen,kitchen,kitchen,living
9600,d06 Sun 16:00,kitchen,bedroom_2,kitchen,kitchen,kitchen,kitchen,kitchen,kitchen,kitchen,outside,bedroom_3,entry,living,bedroom_3,bedroom_3,kitchen,entry,entry,kitchen,entry,kitchen,kitchen,kitchen,kitchen,bathroom,living,kitchen,living,bedroom_3,entry,bathroom,bathroom,entry,kitchen,entry,living,kitchen,kitchen,kitchen,living
9660,d06 Sun 17:00,kitchen,bedroom_2,kitchen,kitchen,kitchen,kitchen,kitchen,kitchen,kitchen,outside,bedroom_3,entry,living,bedroom_3,bedroom_3,kitchen,entry,entry,kitchen,entry,kitchen,kitchen,kitchen,kitchen,bathroom,living,kitchen,living,bedroom_3,outside,bathroom,bathroom,entry,kitchen,entry,living,kitchen,kitchen,kitchen,living
9720,d06 Sun 18:00,kitchen,bedroom_2,kitchen,kitchen,kitchen,kitchen,kitchen,kitchen,kitchen,outside,bedroom_3,entry,living,bedroom_3,bedroom_3,kitchen,entry,entry,kitchen,entry,kitchen,kitchen,kitchen,kitchen,bathroom,living,kitchen,living,bedroom_3,entry,bathroom,bathroom,entry,kitchen,entry,living,kitchen,kitchen,kitchen,living
9780,d06 Sun 19:00,kitchen,bedroom_2,kitchen,kitchen,kitchen,kitchen,kitchen,kitchen,kitchen,outside,bedroom_3,entry,living,bedroom_3,bedroom_3,kitchen,entry,entry,kitchen,entry,kitchen,kitchen,kitchen,kitchen,bathroom,bedroom_3,bedroom_3,bedroom_3,bedroom_3,entry,bathroom,bathroom,entry,kitchen,entry,living,kitchen,kitchen,kitchen,living
9840,d06 Sun 20:00,kitchen,bedroom_2,kitchen,kitchen,kitchen,kitchen,kitchen,kitchen,kitchen,outside,bedroom_3,entry,outside,bedroom_3,bedroom_3,kitchen,entry,entry,kitchen,entry,kitchen,kitchen,kitchen,kitchen,bathroom,bedroom_3,bedroom_3,bedroom_3,bedroom_3,entry,bathroom,bathroom,entry,kitchen,entry,living,kitchen,kitchen,kitchen,living
9900,d06 Sun 21:00,kitchen,bedroom_2,kitchen,kitchen,kitchen,kitchen,kitchen,kitchen,outside,outside,bedroom_3,entry,living,bedroom_3,bedroom_3,kitchen,entry,entry,kitchen,entry,kitchen,kitchen,kitchen,kitchen,bathroom,bedroom_3,bedroom_3,bedroom_3,bedroom_3,entry,bathroom,bathroom,entry,kitchen,entry,living,kitchen,kitchen,kitchen,living
9960,d06 Sun 22:00,kitchen,bedroom_2,kitchen,kitchen,kitchen,kitchen,kitchen,kitchen,kitchen,outside,bedroom_3,entry,living,bedroom_3,bedroom_3,kitchen,entry,entry,kitchen,entry,kitchen,kitchen,kitchen,kitchen,bathroom,bedroom_3,bedroom_3,bedroom_3,bedroom_3,entry,bathroom,bathroom,entry,kitchen,entry,living,kitchen,kitchen,kitchen,living
10020,d06 Sun 23:00,kitchen,bedroom_2,kitchen,kitchen,kitchen,kitchen,kitchen,kitchen,kitchen,outside,bedroom_3,entry,living,bedroom_3,bedroom_3,kitchen,entry,entry,kitchen,entry,kitchen,kitchen,kitchen,kitchen,bathroom,bedroom_3,bedroom_3,bedroom_3,bedroom_3,entry,bathroom,bathroom,entry,kitchen,entry,living,kitchen,kitchen,kitchen,living
10080,d07 Mon 00:00,kitchen,bedroom_2,kitchen,kitchen,kitchen,kitchen,kitchen,kitchen,kitchen,outside,bedroom_3,entry,living,bedroom_3,bedroom_3,kitchen,entry,entry,kitchen,entry,kitchen,kitchen,kitchen,kitchen,bathroom,bedroom_3,bedroom_3,bedroom_3,bedroom_3,entry,bathroom,bathroom,entry,kitchen,entry,living,kitchen,kitchen,kitchen,living
10140,d07 Mon 01:00,kitchen,bedroom_2,kitchen,kitchen,kitchen,kitchen,kitchen,kitchen,kitchen,outside,bedroom_3,entry,living,bedroom_3,bedroom_3,kitchen,entry,entry,kitchen,entry,kitchen,kitchen,kitchen,kitchen,bathroom,bedroom_3,bedroom_3,bedroom_3,bedroom_3,entry,bathroom,bathroom,entry,kitchen,entry,living,kitchen,kitchen,kitchen,living
10200,d07 Mon 02:00,kitchen,bedroom_2,kitchen,kitchen,kitchen,kitchen,kitchen,kitchen,kitchen,outside,bedroom_3,entry,living,bedroom_3,bedroom_3,kitchen,entry,entry,kitchen,entry,kitchen,kitchen,kitchen,kitchen,bathroom,bedroom_3,bedroom_3,bedroom_3,bedroom_3,entry,bathroom,bathroom,entry,kitchen,entry,living,kitchen,kitchen,kitchen,living
10260,d07 Mon 03:00,kitchen,bedroom_2,kitchen,kitchen,kitchen,kitchen,kitchen,kitchen,kitchen,outside,bedroom_3,entry,living,bedroom_3,bedroom_3,kitchen,entry,entry,kitchen,entry,kitchen,kitchen,kitchen,kitchen,bathroom,bedroom_3,bedroom_3,bedroom_3,bedroom_3,entry,bathroom,bathroom,entry,kitchen,entry,living,kitchen,kitchen,kitchen,living
10320,d07 Mon 04:00,kitchen,bedroom_2,kitchen,kitchen,kitchen,kitchen,kitchen,kitchen,kitchen,outside,bedroom_3,entry,living,bedroom_3,bedroom_3,kitchen,entry,entry,kitchen,entry,kitchen,kitchen,kitchen,kitchen,bathroom,bedroom_3,bedroom_3,bedroom_3,bedroom_3,entry,bathroom,bathroom,entry,kitchen,entry,living,kitchen,kitchen,kitchen,living
10380,d07 Mon 05:00,kitchen,bedroom_2,kitchen,kitchen,kitchen,kitchen,kitchen,kitchen,kitchen,outside,bedroom_3,entry,living,bedroom_3,bedroom_3,kitchen,entry,entry,kitchen,entry,kitchen,kitchen,kitchen,kitchen,bathroom,bedroom_3,bedroom_3,bedroom_3,bedroom_3,entry,bathroom,bathroom,entry,kitchen,entry,living,kitchen,kitchen,kitchen,living
10440,d07 Mon 06:00,kitchen,bedroom_2,kitchen,kitchen,kitchen,kitchen,kitchen,kitchen,kitchen,outside,bedroom_3,entry,living,bedroom_3,bedroom_3,kitchen,entry,entry,kitchen,entry,kitchen,kitchen,kitchen,kitchen,bathroom,bedroom_3,bedroom_3,bedroom_3,bedroom_3,entry,bathroom,bathroom,entry,kitchen,entry,living,kitchen,kitchen,kitchen,living
10500,d07 Mon 07:00,kitchen,kitchen,kitchen,kitchen,kitchen,kitchen,kitchen,kitchen,kitchen,outside,bedroom_3,entry,living,bedroom_3,bedroom_3,kitchen,entry,entry,kitchen,entry,kitchen,kitchen,kitchen,kitchen,bathroom,bedroom_3,bedroom_3,bedroom_3,bedroom_3,entry,bathroom,bathroom,entry,kitchen,entry,living,kitchen,kitchen,kitchen,living
10560,d07 Mon 08:00,kitchen,bedroom_2,kitchen,kitchen,kitchen,kitchen,kitchen,kitchen,kitchen,outside,bedroom_3,entry,living,bedroom_3,bedroom_3,kitchen,outside,entry,kitchen,outside,bedroom_2,kitchen,kitchen,kitchen,bathroom,kitchen,bedroom_3,bedroom_3,bedroom_3,entry,bathroom,bathroom,entry,kitchen,entry,living,kitchen,outside,kitchen,living
10620,d07 Mon 09:00,kitchen,bedroom_2,kitchen,kitchen,kitchen,kitchen,kitchen,kitchen,kitchen,outside,bedroom_3,entry,living,bedroom_3,bedroom_3,kitchen,outside,entry,kitchen,outside,bedroom_2,kitchen,kitchen,kitchen,bathroom,kitchen,kitchen,living,bedroom_3,entry,bathroom,bathroom,entry,kitchen,entry,living,kitchen,outside,kitchen,living
10680,d07 Mon 10:00,kitchen,bedroom_2,kitchen,kitchen,kitchen,kitchen,kitchen,kitchen,kitchen,outside,bedroom_3,entry,living,bedroom_3,bedroom_3,kitchen,outside,entry,kitchen,outside,bedroom_2,kitchen,kitchen,kitchen,bathroom,kitchen,kitchen,living,bedroom_3,entry,bathroom,bathroom,entry,kitchen,entry,living,kitchen,outside,kitchen,living
10740,d07 Mon 11:00,kitchen,bedroom_2,kitchen,kitchen,kitchen,kitchen,kitchen,kitchen,kitchen,outside,bedroom_3,entry,living,bedroom_3,bedroom_3,kitchen,outside,entry,kitchen,outside,bedroom_2,kitchen,kitchen,kitchen,bathroom,kitchen,kitchen,living,bedroom_3,entry,bathroom,bathroom,entry,kitchen,entry,living,kitchen,outside,kitchen,living
10800,d07 Mon 12:00,kitchen,bedroom_2,kitchen,kitchen,kitchen,kitchen,kitchen,kitchen,kitchen,outside,bedroom_3,entry,living,bedroom_3,bedroom_3,kitchen,outside,entry,kitchen,outside,bedroom_2,kitchen,kitchen,kitchen,bathroom,kitchen,kitchen,living,bedroom_3,entry,bathroom,bathroom,entry,kitchen,entry,living,kitchen,outside,kitchen,living
10860,d07 Mon 13:00,kitchen,bedroom_2,kitchen,kitchen,kitchen,kitchen,kitchen,kitchen,kitchen,outside,bedroom_3,entry,living,bedroom_3,bedroom_3,kitchen,outside,entry,kitchen,outside,bedroom_2,kitchen,kitchen,kitchen,bathroom,kitchen,kitchen,living,bedroom_3,entry,bathroom,bathroom,entry,kitchen,entry,living,kitchen,outside,kitchen,living
10920,d07 Mon 14:00,kitchen,bedroom_2,kitchen,kitchen,kitchen,kitchen,kitchen,kitchen,kitchen,outside,bedroom_3,entry,living,bedroom_3,bedroom_3,kitchen,outside,entry,kitchen,outside,bedroom_2,kitchen,kitchen,kitchen,bathroom,kitchen,kitchen,living,bedroom_3,entry,bathroom,bathroom,entry,kitchen,entry,living,kitchen,outside,kitchen,living
10980,d07 Mon 15:00,kitchen,bedroom_2,kitchen,kitchen,kitchen,kitchen,kitchen,kitchen,kitchen,outside,bedroom_3,entry,living,bedroom_3,bedroom_3,kitchen,entry,entry,kitchen,outside,bedroom_2,kitchen,kitchen,kitchen,bathroom,kitchen,kitchen,living,bedroom_3,entry,bathroom,bathroom,entry,kitchen,entry,living,kitchen,outside,kitchen,living
11040,d07 Mon 16:00,kitchen,bedroom_2,kitchen,kitchen,kitchen,kitchen,kitchen,kitchen,kitchen,outside,outside,entry,living,bedroom_3,bedroom_3,kitchen,entry,entry,kitchen,entry,bedroom_2,kitchen,kitchen,kitchen,bathroom,kitchen,kitchen,bedroom_3,bedroom_3,entry,bathroom,bathroom,entry,kitchen,entry,living,kitchen,kitchen,kitchen,living
11100,d07 Mon 17:00,kitchen,bedroom_2,kitchen,kitchen,kitchen,kitchen,kitchen,kitchen,kitchen,outside,bedroom_3,entry,living,bedroom_3,bedroom_3,kitchen,entry,entry,kitchen,entry,bedroom_2,kitchen,kitchen,kitchen,bathroom,kitchen,kitchen,bedroom_3,bedroom_3,outside,bathroom,bathroom,entry,kitchen,entry,living,kitchen,kitchen,kitchen,living
11160,d07 Mon 18:00,kitchen,bedroom_2,kitchen,kitchen,kitchen,kitchen,kitchen,kitchen,kitchen,outside,bedroom_3,entry,living,bedroom_3,bedroom_3,kitchen,entry,entry,kitchen,entry,bedroom_2,kitchen,kitchen,kitchen,bathroom,kitchen,kitchen,bedroom_3,bedroom_3,entry,bathroom,bathroom,entry,kitchen,entry,living,kitchen,kitchen,kitchen,living
11220,d07 Mon 19:00,kitchen,bedroom_2,kitchen,kitchen,kitchen,kitchen,kitchen,kitchen,kitchen,outside,bedroom_3,entry,living,bedroom_3,bedroom_3,kitchen,entry,entry,kitchen,entry,bedroom_2,kitchen,kitchen,kitchen,bathroom,bedroom_3,bedroom_3,bedroom_3,bedroom_3,entry,bathroom,bathroom,entry,kitchen,entry,living,kitchen,kitchen,kitchen,living
11280,d07 Mon 20:00,kitchen,bedroom_2,kitchen,kitchen,kitchen,kitchen,kitchen,kitchen,kitchen,outside,bedroom_3,entry,outside,bedroom_3,bedroom_3,kitchen,entry,entry,kitchen,entry,bedroom_2,kitchen,kitchen,kitchen,bathroom,bedroom_3,bedroom_3,bedroom_3,bedroom_3,entry,bathroom,bathroom,entry,kitchen,entry,living,kitchen,kitchen,kitchen,living
11340,d07 Mon 21:00,kitchen,bedroom_2,kitchen,kitchen,kitchen,kitchen,kitchen,kitchen,outside,outside,bedroom_3,entry,living,bedroom_3,bedroom_3,kitchen,entry,entry,kitchen,entry,bedroom_2,kitchen,kitchen,kitchen,bathroom,bedroom_3,bedroom_3,bedroom_3,bedroom_3,entry,bathroom,bathroom,entry,kitchen,entry,living,kitchen,kitchen,kitchen,living
11400,d07 Mon 22:00,kitchen,bedroom_2,kitchen,kitchen,kitchen,kitchen,kitchen,kitchen,kitchen,outside,bedroom_3,entry,living,bedroom_3,bedroom_3,kitchen,entry,entry,kitchen,entry,bedroom_2,kitchen,kitchen,kitchen,bathroom,bedroom_3,bedroom_3,bedroom_3,bedroom_3,entry,bathroom,bathroom,entry,kitchen,entry,living,kitchen,kitchen,kitchen,outside
11460,d07 Mon 23:00,kitchen,bedroom_2,kitchen,kitchen,kitchen,kitchen,kitchen,kitchen,kitchen,outside,bedroom_3,entry,living,bedroom_3,bedroom_3,kitchen,entry,entry,kitchen,entry,bedroom_2,kitchen,kitchen,kitchen,bathroom,bedroom_3,bedroom_3,bedroom_3,bedroom_3,entry,bathroom,bathroom,entry,kitchen,entry,living,kitchen,kitchen,kitchen,living
11520,d08 Tue 00:00,kitchen,bedroom_2,kitchen,kitchen,kitchen,kitchen,kitchen,kitchen,kitchen,outside,bedroom_3,entry,living,bedroom_3,bedroom_3,kitchen,entry,entry,kitchen,entry,bedroom_2,kitchen,kitchen,kitchen,bathroom,bedroom_3,bedroom_3,bedroom_3,bedroom_3,entry,bathroom,bathroom,entry,kitchen,entry,living,kitchen,kitchen,kitchen,living
11580,d08 Tue 01:00,kitchen,bedroom_2,kitchen,kitchen,kitchen,kitchen,kitchen,kitchen,kitchen,outside,bedroom_3,entry,living,bedroom_3,bedroom_3,kitchen,entry,entry,kitchen,entry,bedroom_2,kitchen,kitchen,kitchen,bathroom,bedroom_3,bedroom_3,bedroom_3,bedroom_3,entry,bathroom,bathroom,entry,kitchen,entry,living,kitchen,kitchen,kitchen,living
11640,d08 Tue 02:00,kitchen,bedroom_2,kitchen,kitchen,kitchen,kitchen,kitchen,kitchen,kitchen,outside,bedroom_3,entry,living,bedroom_3,bedroom_3,kitchen,entry,entry,kitchen,entry,bedroom_2,kitchen,kitchen,kitchen,bathroom,bedroom_3,bedroom_3,bedroom_3,bedroom_3,entry,bathroom,bathroom,entry,kitchen,entry,living,kitchen,kitchen,kitchen,living
11700,d08 Tue 03:00,kitchen,bedroom_2,kitchen,kitchen,kitchen,kitchen,kitchen,kitchen,kitchen,outside,bedroom_3,entry,living,bedroom_3,bedroom_3,kitchen,entry,entry,kitchen,entry,bedroom_2,kitchen,kitchen,kitchen,bathroom,bedroom_3,bedroom_3,bedroom_3,bedroom_3,entry,bathroom,bathroom,entry,kitchen,entry,living,kitchen,kitchen,kitchen,living
11760,d08 Tue 04:00,kitchen,bedroom_2,kitchen,kitchen,kitchen,kitchen,kitchen,kitchen,kitchen,outside,bedroom_3,entry,living,bedroom_3,bedroom_3,kitchen,entry,entry,kitchen,entry,bedroom_2,kitchen,kitchen,kitchen,bathroom,bedroom_3,bedroom_3,bedroom_3,bedroom_3,entry,bathroom,bathroom,entry,kitchen,entry,living,kitchen,kitchen,kitchen,living
11820,d08 Tue 05:00,kitchen,bedroom_2,kitchen,kitchen,kitchen,kitchen,kitchen,kitchen,kitchen,outside,bedroom_3,entry,living,bedroom_3,bedroom_3,kitchen,entry,entry,kitchen,entry,bedroom_2,kitchen,kitchen,kitchen,bathroom,bedroom_3,bedroom_3,bedroom_3,bedroom_3,entry,bathroom,bathroom,entry,kitchen,entry,living,kitchen,kitchen,kitchen,living
11880,d08 Tue 06:00,kitchen,bedroom_2,kitchen,kitchen,kitchen,kitchen,kitchen,kitchen,kitchen,outside,bedroom_3,entry,living,bedroom_3,bedroom_3,kitchen,entry,entry,kitchen,entry,bedroom_2,kitchen,kitchen,kitchen,bathroom,bedroom_3,bedroom_3,bedroom_3,bedroom_3,entry,bathroom,bathroom,entry,kitchen,entry,living,kitchen,kitchen,kitchen,living
11940,d08 Tue 07:00,kitchen,kitchen,kitchen,kitchen,kitchen,kitchen,kitchen,kitchen,kitchen,outside,bedroom_3,entry,living,bedroom_3,bedroom_3,kitchen,entry,entry,kitchen,entry,bedroom_2,kitchen,kitchen,kitchen,bathroom,bedroom_3,bedroom_3,bedroom_3,bedroom_3,entry,bathroom,bathroom,entry,kitchen,entry,living,kitchen,kitchen,kitchen,living
12000,d08 Tue 08:00,kitchen,bedroom_2,kitchen,kitchen,kitchen,kitchen,kitchen,kitchen,kitchen,outside,bedroom_3,entry,living,bedroom_3,bedroom_3,kitchen,outside,entry,kitchen,outside,kitchen,kitchen,kitchen,kitchen,bathroom,bedroom_3,kitchen,living,bedroom_3,entry,bathroom,bathroom,entry,kitchen,entry,living,kitchen,outside,kitchen,living
12060,d08 Tue 09:00,kitchen,bedroom_2,kitchen,kitchen,kitchen,kitchen,kitchen,kitchen,kitchen,outside,bedroom_3,entry,living,bedroom_3,bedroom_3,kitchen,outside,entry,kitchen,outside,living,kitchen,kitchen,kitchen,bathroom,kitchen,kitchen,living,bedroom_3,entry,bathroom,bathroom,entry,kitchen,entry,living,kitchen,outside,kitchen,living
12120,d08 Tue 10:00,kitchen,bedroom_2,kitchen,kitchen,kitchen,kitchen,kitchen,kitchen,kitchen,outside,bedroom_3,entry,living,bedroom_3,bedroom_3,kitchen,outside,entry,kitchen,outside,living,kitchen,kitchen,kitchen,bathroom,kitchen,kitchen,living,bedroom_3,entry,bathroom,bathroom,entry,kitchen,entry,living,kitchen,outside,kitchen,living
12180,d08 Tue 11:00,kitchen,bedroom_2,kitchen,kitchen,kitchen,kitchen,kitchen,kitchen,kitchen,outside,bedroom_3,entry,living,bedroom_3,bedroom_3,kitchen,outside,entry,kitchen,outside,living,kitchen,kitchen,kitchen,bathroom,kitchen,kitchen,living,bedroom_3,entry,bathroom,bathroom,entry,kitchen,entry,living,kitchen,outside,kitchen,living
12240,d08 Tue 12:00,kitchen,bedroom_2,kitchen,kitchen,kitchen,kitchen,kitchen,kitchen,kitchen,outside,bedroom_3,entry,living,bedroom_3,bedroom_3,kitchen,outside,entry,kitchen,outside,living,kitchen,kitchen,kitchen,bathroom,kitchen,kitchen,living,bedroom_3,entry,bathroom,bathroom,entry,kitchen,entry,living,kitchen,outside,kitchen,living
12300,d08 Tue 13:00,kitchen,bedroom_2,kitchen,kitchen,kitchen,kitchen,kitchen,kitchen,kitchen,outside,bedroom_3,entry,living,bedroom_3,bedroom_3,kitchen,outside,entry,kitchen,outside,living,kitchen,kitchen,kitchen,bathroom,kitchen,kitchen,living,bedroom_3,entry,bathroom,bathroom,entry,kitchen,entry,living,kitchen,outside,kitchen,living
12360,d08 Tue 14:00,kitchen,bedroom_2,kitchen,kitchen,kitchen,kitchen,kitchen,kitchen,kitchen,outside,bedroom_3,entry,living,bedroom_3,bedroom_3,kitchen,outside,entry,kitchen,outside,living,kitchen,kitchen,kitchen,bathroom,kitchen,kitchen,living,bedroom_3,entry,bathroom,bathroom,entry,kitchen,entry,living,kitchen,outside,kitchen,living
12420,d08 Tue 15:00,kitchen,bedroom_2,kitchen,kitchen,kitchen,kitchen,kitchen,kitchen,kitchen,outside,bedroom_3,entry,living,bedroom_3,bedroom_3,kitchen,entry,entry,kitchen,outside,living,kitchen,kitchen,kitchen,bathroom,kitchen,kitchen,living,bedroom_3,entry,bathroom,bathroom,entry,kitchen,entry,living,kitchen,outside,kitchen,living
12480,d08 Tue 16:00,kitchen,bedroom_2,kitchen,kitchen,kitchen,kitchen,kitchen,kitchen,kitchen,outside,bedroom_3,entry,living,bedroom_3,bedroom_3,kitchen,entry,entry,kitchen,entry,living,kitchen,kitchen,kitchen,bathroom,bedroom_3,kitchen,bedroom_3,bedroom_3,entry,bathroom,bathroom,entry,kitchen,entry,living,kitchen,kitchen,kitchen,living
12540,d08 Tue 17:00,kitchen,bedroom_2,kitchen,kitchen,kitchen,kitchen,kitchen,kitchen,kitchen,outside,bedroom_3,entry,living,bedroom_3,bedroom_3,kitchen,entry,entry,outside,entry,living,kitchen,kitchen,kitchen,bathroom,bedroom_3,kitchen,bedroom_3,bedroom_3,outside,bathroom,bathroom,entry,kitchen,entry,living,kitchen,kitchen,kitchen,living
12600,d08 Tue 18:00,kitchen,bedroom_2,kitchen,kitchen,kitchen,kitchen,kitchen,kitchen,kitchen,outside,bedroom_3,entry,living,bedroom_3,bedroom_3,kitchen,entry,entry,kitchen,entry,living,kitchen,kitchen,kitchen,bathroom,bedroom_3,kitchen,bedroom_3,bedroom_3,entry,bathroom,bathroom,entry,kitchen,entry,living,kitchen,kitchen,kitchen,living
12660,d08 Tue 19:00,kitchen,bedroom_2,kitchen,kitchen,kitchen,kitchen,kitchen,kitchen,kitchen,outside,bedroom_3,entry,living,bedroom_3,living,kitchen,entry,entry,kitchen,entry,living,kitchen,kitchen,kitchen,bathroom,living,kitchen,bedroom_3,bedroom_3,entry,bathroom,bathroom,entry,kitchen,entry,living,kitchen,kitchen,kitchen,living
12720,d08 Tue 20:00,kitchen,bedroom_2,kitchen,kitchen,kitchen,kitchen,kitchen,kitchen,kitchen,outside,bedroom_3,entry,living,bedroom_3,living,kitchen,entry,entry,kitchen,entry,living,kitchen,kitchen,kitchen,bathroom,living,kitchen,bedroom_3,bedroom_3,entry,bathroom,bathroom,entry,kitchen,entry,living,kitchen,kitchen,kitchen,living
12780,d08 Tue 21:00,kitchen,bedroom_2,kitchen,kitchen,kitchen,kitchen,kitchen,kitchen,outside,outside,bedroom_3,entry,living,bedroom_3,living,kitchen,entry,entry,kitchen,entry,living,kitchen,kitchen,kitchen,bathroom,living,kitchen,bedroom_3,bedroom_3,entry,bathroom,bathroom,entry,kitchen,entry,living,kitchen,kitchen,kitchen,living
12840,d08 Tue 22:00,kitchen,bedroom_2,kitchen,kitchen,kitchen,kitchen,kitchen,kitchen,kitchen,outside,bedroom_3,entry,living,bedroom_3,living,kitchen,entry,entry,kitchen,entry,living,kitchen,kitchen,kitchen,bathroom,living,kitchen,bedroom_3,bedroom_3,entry,bathroom,bathroom,entry,kitchen,entry,living,kitchen,kitchen,kitchen,outside
12900,d08 Tue 23:00,kitchen,bedroom_2,kitchen,kitchen,kitchen,kitchen,kitchen,kitchen,kitchen,outside,bedroom_3,entry,living,bedroom_3,living,kitchen,entry,entry,kitchen,entry,living,kitchen,kitchen,kitchen,bathroom,living,kitchen,bedroom_3,bedroom_3,entry,bathroom,bathroom,entry,kitchen,entry,living,kitchen,kitchen,kitchen,living
12960,d09 Wed 00:00,kitchen,bedroom_2,kitchen,kitchen,kitchen,kitchen,kitchen,kitchen,kitchen,outside,bedroom_3,entry,living,bedroom_3,living,kitchen,entry,entry,kitchen,entry,living,kitchen,kitchen,kitchen,bathroom,living,kitchen,bedroom_3,bedroom_3,entry,bathroom,bathroom,entry,kitchen,entry,living,kitchen,kitchen,kitchen,living
13020,d09 Wed 01:00,kitchen,bedroom_2,kitchen,kitchen,kitchen,kitchen,kitchen,kitchen,kitchen,outside,bedroom_3,entry,living,bedroom_3,living,kitchen,entry,entry,kitchen,entry,living,kitchen,kitchen,kitchen,bathroom,living,kitchen,bedroom_3,bedroom_3,entry,bathroom,bathroom,entry,kitchen,entry,living,kitchen,kitchen,kitchen,living
13080,d09 Wed 02:00,kitchen,bedroom_2,kitchen,kitchen,kitchen,kitchen,kitchen,kitchen,kitchen,outside,bedroom_3,entry,living,bedroom_3,living,kitchen,entry,entry,kitchen,entry,living,kitchen,kitchen,kitchen,bathroom,living,kitchen,bedroom_3,bedroom_3,entry,bathroom,bathroom,entry,kitchen,entry,living,kitchen,kitchen,kitchen,living
13140,d09 Wed 03:00,kitchen,bedroom_2,kitchen,kitchen,kitchen,kitchen,kitchen,kitchen,kitchen,outside,bedroom_3,entry,living,bedroom_3,living,kitchen,entry,entry,kitchen,entry,living,kitchen,kitchen,kitchen,bathroom,living,kitchen,bedroom_3,bedroom_3,entry,bathroom,bathroom,entry,kitchen,entry,living,kitchen,kitchen,kitchen,living
13200,d09 Wed 04:00,kitchen,bedroom_2,kitchen,kitchen,kitchen,kitchen,kitchen,kitchen,kitchen,outside,bedroom_3,entry,living,bedroom_3,living,kitchen,entry,entry,kitchen,entry,living,kitchen,kitchen,kitchen,bathroom,living,kitchen,bedroom_3,bedroom_3,entry,bathroom,bathroom,entry,kitchen,entry,living,kitchen,kitchen,kitchen,living
13260,d09 Wed 05:00,kitchen,bedroom_2,kitchen,kitchen,kitchen,kitchen,kitchen,kitchen,kitchen,outside,bedroom_3,entry,living,bedroom_3,living,kitchen,entry,entry,kitchen,entry,living,kitchen,kitchen,kitchen,bathroom,living,kitchen,bedroom_3,bedroom_3,entry,bathroom,bathroom,entry,kitchen,entry,living,kitchen,kitchen,kitchen,living
13320,d09 Wed 06:00,kitchen,bedroom_2,kitchen,kitchen,kitchen,kitchen,kitchen,kitchen,kitchen,outside,bedroom_3,entry,living,bedroom_3,living,kitchen,entry,entry,kitchen,entry,living,kitchen,kitchen,kitchen,bathroom,living,kitchen,bedroom_3,bedroom_3,entry,bathroom,bathroom,entry,kitchen,entry,living,kitchen,kitchen,kitchen,living
13380,d09 Wed 07:00,kitchen,bedroom_2,kitchen,kitchen,kitchen,kitchen,kitchen,kitchen,kitchen,outside,bedroom_3,entry,living,bedroom_3,living,kitchen,entry,entry,kitchen,entry,living,kitchen,kitchen,kitchen,bathroom,living,kitchen,bedroom_3,bedroom_3,entry,bathroom,bathroom,entry,kitchen,entry,living,kitchen,kitchen,kitchen,living
13440,d09 Wed 08:00,kitchen,bedroom_2,kitchen,kitchen,kitchen,kitchen,kitchen,kitchen,kitchen,outside,bedroom_3,entry,living,bedroom_3,living,kitchen,entry,entry,kitchen,entry,living,kitchen,kitchen,kitchen,bathroom,living,kitchen,bedroom_3,bedroom_3,entry,bathroom,bathroom,entry,kitchen,entry,living,kitchen,kitchen,kitchen,living
13500,d09 Wed 09:00,kitchen,bedroom_2,kitchen,kitchen,kitchen,kitchen,kitchen,kitchen,kitchen,outside,bedroom_3,entry,living,bedroom_3,living,kitchen,entry,entry,kitchen,entry,living,kitchen,kitchen,kitchen,bathroom,living,kitchen,bedroom_3,bedroom_3,entry,bathroom,bathroom,entry,kitchen,entry,living,kitchen,kitchen,kitchen,living
13560,d09 Wed 10:00,kitchen,bedroom_2,kitchen,kitchen,kitchen,kitchen,kitchen,kitchen,kitchen,outside,bedroom_3,entry,living,bedroom_3,living,kitchen,entry,entry,kitchen,entry,living,kitchen,kitchen,kitchen,bathroom,living,kitchen,bedroom_3,bedroom_3,entry,bathroom,bathroom,entry,kitchen,entry,living,kitchen,kitchen,kitchen,living
13620,d09 Wed 11:00,kitchen,bedroom_2,kitchen,kitchen,kitchen,kitchen,kitchen,kitchen,kitchen,outside,bedroom_3,entry,living,bedroom_3,living,kitchen,entry,entry,kitchen,entry,living,kitchen,kitchen,kitchen,bathroom,living,kitchen,bedroom_3,bedroom_3,entry,bathroom,bathroom,entry,kitchen,entry,living,kitchen,kitchen,kitchen,living
13680,d09 Wed 12:00,kitchen,bedroom_2,kitchen,kitchen,kitchen,kitchen,kitchen,kitchen,kitchen,outside,bedroom_3,entry,living,bedroom_3,living,kitchen,entry,entry,kitchen,entry,living,kitchen,kitchen,kitchen,bathroom,living,kitchen,bedroom_3,bedroom_3,entry,bathroom,bathroom,entry,kitchen,entry,living,kitchen,kitchen,kitchen,living
13740,d09 Wed 13:00,kitchen,bedroom_2,kitchen,kitchen,kitchen,kitchen,kitchen,kitchen,kitchen,outside,bedroom_3,entry,living,bedroom_3,living,kitchen,entry,entry,kitchen,entry,living,kitchen,kitchen,kitchen,bathroom,living,kitchen,bedroom_3,bedroom_3,entry,bathroom,bathroom,entry,kitchen,entry,living,kitchen,kitchen,kitchen,living
13800,d09 Wed 14:00,kitchen,bedroom_2,kitchen,kitchen,kitchen,kitchen,kitchen,kitchen,kitchen,outside,bedroom_3,entry,living,bedroom_3,living,kitchen,entry,entry,kitchen,entry,living,kitchen,kitchen,kitchen,bathroom,living,kitchen,bedroom_3,bedroom_3,entry,bathroom,bathroom,entry,kitchen,entry,living,kitchen,kitchen,kitchen,living
13860,d09 Wed 15:00,kitchen,bedroom_2,kitchen,kitchen,kitchen,kitchen,kitchen,kitchen,kitchen,outside,bedroom_3,entry,living,bedroom_3,living,kitchen,entry,entry,kitchen,entry,living,kitchen,kitchen,kitchen,bathroom,living,kitchen,bedroom_3,bedroom_3,entry,bathroom,bathroom,entry,kitchen,entry,living,kitchen,kitchen,kitchen,living
13920,d09 Wed 16:00,kitchen,bedroom_2,kitchen,kitchen,kitchen,kitchen,kitchen,kitchen,kitchen,outside,bedroom_3,entry,living,bedroom_3,living,kitchen,entry,entry,kitchen,entry,living,kitchen,kitchen,kitchen,bathroom,living,kitchen,bedroom_3,bedroom_3,entry,bathroom,bathroom,entry,kitchen,entry,living,kitchen,kitchen,kitchen,living
13980,d09 Wed 17:00,kitchen,bedroom_2,kitchen,kitchen,kitchen,kitchen,kitchen,kitchen,kitchen,outside,bedroom_3,entry,living,bedroom_3,living,kitchen,entry,entry,kitchen,entry,living,kitchen,kitchen,kitchen,bathroom,living,kitchen,bedroom_3,bedroom_3,entry,bathroom,bathroom,entry,kitchen,entry,living,kitchen,kitchen,kitchen,living
14040,d09 Wed 18:00,kitchen,bedroom_2,kitchen,kitchen,kitchen,kitchen,kitchen,kitchen,kitchen,outside,bedroom_3,entry,living,bedroom_3,living,kitchen,entry,entry,kitchen,entry,living,kitchen,kitchen,kitchen,bathroom,living,kitchen,bedroom_3,bedroom_3,entry,bathroom,bathroom,entry,kitchen,entry,living,kitchen,kitchen,kitchen,living
14100,d09 Wed 19:00,kitchen,bedroom_2,kitchen,kitchen,kitchen,kitchen,kitchen,kitchen,kitchen,outside,bedroom_3,entry,living,bedroom_3,living,kitchen,entry,entry,kitchen,entry,living,kitchen,kitchen,kitchen,bathroom,living,kitchen,bedroom_3,bedroom_3,entry,bathroom,bathroom,entry,kitchen,entry,living,kitchen,kitchen,kitchen,living
14160,d09 Wed 20:00,kitchen,bedroom_2,kitchen,kitchen,kitchen,kitchen,kitchen,kitchen,kitchen,outside,bedroom_3,entry,living,bedroom_3,living,kitchen,entry,entry,kitchen,entry,living,kitchen,kitchen,kitchen,bathroom,living,kitchen,bedroom_3,bedroom_3,entry,bathroom,bathroom,entry,kitchen,entry,living,kitchen,kitchen,kitchen,living
14220,d09 Wed 21:00,kitchen,bedroom_2,kitchen,kitchen,kitchen,kitchen,kitchen,kitchen,kitchen,outside,bedroom_3,entry,living,bedroom_3,living,kitchen,entry,entry,kitchen,entry,living,kitchen,kitchen,kitchen,bathroom,living,kitchen,bedroom_3,bedroom_3,entry,bathroom,bathroom,entry,kitchen,entry,living,kitchen,kitchen,kitchen,living
14280,d09 Wed 22:00,kitchen,bedroom_2,kitchen,kitchen,kitchen,kitchen,kitchen,kitchen,kitchen,outside,bedroom_3,entry,living,bedroom_3,living,kitchen,entry,entry,kitchen,entry,living,kitchen,kitchen,kitchen,bathroom,living,kitchen,bedroom_3,bedroom_3,entry,bathroom,bathroom,entry,kitchen,entry,living,kitchen,kitchen,kitchen,living
14340,d09 Wed 23:00,kitchen,bedroom_2,kitchen,kitchen,kitchen,kitchen,kitchen,kitchen,kitchen,outside,bedroom_3,entry,living,bedroom_3,living,kitchen,entry,entry,kitchen,entry,living,kitchen,kitchen,kitchen,bathroom,living,kitchen,bedroom_3,bedroom_3,entry,bathroom,bathroom,entry,kitchen,entry,living,kitchen,kitchen,kitchen,living
14400,d10 Thu 00:00,kitchen,bedroom_2,kitchen,kitchen,kitchen,kitchen,kitchen,kitchen,kitchen,outside,bedroom_3,entry,living,bedroom_3,living,kitchen,entry,entry,kitchen,entry,living,kitchen,kitchen,kitchen,bathroom,living,kitchen,bedroom_3,bedroom_3,entry,bathroom,bathroom,entry,kitchen,entry,living,kitchen,kitchen,kitchen,living
14460,d10 Thu 01:00,kitchen,bedroom_2,kitchen,kitchen,kitchen,kitchen,kitchen,kitchen,kitchen,outside,bedroom_3,entry,living,bedroom_3,living,kitchen,entry,entry,kitchen,entry,living,kitchen,kitchen,kitchen,bathroom,living,kitchen,bedroom_3,bedroom_3,entry,bathroom,bathroom,entry,kitchen,entry,living,kitchen,kitchen,kitchen,living
14520,d10 Thu 02:00,kitchen,bedroom_2,kitchen,kitchen,kitchen,kitchen,kitchen,kitchen,kitchen,outside,bedroom_3,entry,living,bedroom_3,living,kitchen,entry,entry,kitchen,entry,living,kitchen,kitchen,kitchen,bathroom,living,kitchen,bedroom_3,bedroom_3,entry,bathroom,bathroom,entry,kitchen,entry,living,kitchen,kitchen,kitchen,living
14580,d10 Thu 03:00,kitchen,bedroom_2,kitchen,kitchen,kitchen,kitchen,kitchen,kitchen,kitchen,outside,bedroom_3,entry,living,bedroom_3,living,kitchen,entry,entry,kitchen,entry,living,kitchen,kitchen,kitchen,bathroom,living,kitchen,bedroom_3,bedroom_3,entry,bathroom,bathroom,entry,kitchen,entry,living,kitchen,kitchen,kitchen,living
14640,d10 Thu 04:00,kitchen,bedroom_2,kitchen,kitchen,kitchen,kitchen,kitchen,kitchen,kitchen,outside,bedroom_3,entry,living,bedroom_3,living,kitchen,entry,entry,kitchen,entry,living,kitchen,kitchen,kitchen,bathroom,living,kitchen,bedroom_3,bedroom_3,entry,bathroom,bathroom,entry,kitchen,entry,living,kitchen,kitchen,kitchen,living
14700,d10 Thu 05:00,kitchen,bedroom_2,kitchen,kitchen,kitchen,kitchen,kitchen,kitchen,kitchen,outside,bedroom_3,entry,living,bedroom_3,living,kitchen,entry,entry,kitchen,entry,living,kitchen,kitchen,kitchen,bathroom,living,kitchen,bedroom_3,bedroom_3,entry,bathroom,bathroom,entry,kitchen,entry,living,kitchen,kitchen,kitchen,living
14760,d10 Thu 06:00,kitchen,bedroom_2,kitchen,kitchen,kitchen,kitchen,kitchen,kitchen,kitchen,outside,bedroom_3,entry,living,bedroom_3,living,kitchen,entry,entry,kitchen,entry,living,kitchen,kitchen,kitchen,bathroom,living,kitchen,bedroom_3,bedroom_3,entry,bathroom,bathroom,entry,kitchen,entry,living,kitchen,kitchen,kitchen,living
14820,d10 Thu 07:00,kitchen,bedroom_2,kitchen,kitchen,kitchen,kitchen,kitchen,kitchen,kitchen,outside,bedroom_3,entry,living,bedroom_3,outside,kitchen,outside,entry,kitchen,outside,living,kitchen,kitchen,kitchen,bathroom,living,kitchen,bedroom_3,bedroom_3,entry,bathroom,bathroom,entry,kitchen,entry,living,kitchen,outside,kitchen,living
14880,d10 Thu 08:00,kitchen,kitchen,kitchen,kitchen,kitchen,kitchen,kitchen,kitchen,kitchen,outside,bedroom_3,entry,living,bedroom_3,outside,kitchen,outside,entry,kitchen,outside,kitchen,kitchen,kitchen,kitchen,bathroom,living,living,living,bedroom_3,entry,bathroom,bathroom,entry,kitchen,entry,living,kitchen,outside,kitchen,living
14940,d10 Thu 09:00,kitchen,bedroom_2,living,kitchen,kitchen,kitchen,kitchen,kitchen,kitchen,outside,bedroom_3,entry,living,bedroom_3,outside,kitchen,outside,entry,kitchen,outside,living,kitchen,kitchen,kitchen,bathroom,living,living,living,bedroom_3,entry,bathroom,bathroom,entry,kitchen,entry,living,kitchen,outside,kitchen,living
15000,d10 Thu 10:00,kitchen,bedroom_2,living,kitchen,kitchen,kitchen,kitchen,kitchen,kitchen,outside,bedroom_3,entry,living,bedroom_3,outside,kitchen,outside,entry,kitchen,outside,living,kitchen,kitchen,kitchen,bathroom,living,living,living,bedroom_3,entry,bathroom,bathroom,entry,kitchen,entry,living,kitchen,outside,kitchen,living
15060,d10 Thu 11:00,kitchen,bedroom_2,living,kitchen,kitchen,kitchen,kitchen,kitchen,kitchen,outside,bedroom_3,entry,living,bedroom_3,outside,kitchen,outside,entry,kitchen,outside,living,kitchen,kitchen,kitchen,bathroom,living,living,living,bedroom_3,entry,bathroom,bathroom,entry,kitchen,entry,living,kitchen,outside,kitchen,living
15120,d10 Thu 12:00,kitchen,bedroom_2,living,kitchen,kitchen,kitchen,kitchen,kitchen,kitchen,outside,bedroom_3,entry,living,bedroom_3,outside,kitchen,outside,entry,kitchen,outside,living,kitchen,kitchen,kitchen,bathroom,living,living,living,bedroom_3,entry,bathroom,bathroom,entry,kitchen,entry,living,kitchen,outside,kitchen,living
15180,d10 Thu 13:00,kitchen,bedroom_2,living,kitchen,kitchen,kitchen,kitchen,kitchen,kitchen,outside,bedroom_3,entry,living,bedroom_3,outside,kitchen,outside,entry,kitchen,outside,living,kitchen,kitchen,kitchen,bathroom,living,living,living,bedroom_3,entry,bathroom,bathroom,entry,kitchen,entry,living,kitchen,outside,kitchen,living
15240,d10 Thu 14:00,kitchen,bedroom_2,living,kitchen,kitchen,kitchen,kitchen,kitchen,kitchen,outside,bedroom_3,entry,living,bedroom_3,outside,kitchen,outside,entry,kitchen,outside,living,kitchen,kitchen,kitchen,bathroom,living,living,living,bedroom_3,entry,bathroom,bathroom,entry,kitchen,entry,living,kitchen,outside,kitchen,living
15300,d10 Thu 15:00,kitchen,bedroom_2,living,kitchen,kitchen,kitchen,kitchen,kitchen,kitchen,outside,bedroom_3,entry,living,bedroom_3,outside,kitchen,entry,entry,kitchen,entry,living,kitchen,kitchen,kitchen,bathroom,living,living,living,bedroom_3,entry,bathroom,bathroom,entry,kitchen,entry,living,kitchen,outside,kitchen,living
15360,d10 Thu 16:00,kitchen,bedroom_2,living,kitchen,kitchen,kitchen,kitchen,kitchen,kitchen,outside,bedroom_3,entry,living,bedroom_3,living,kitchen,entry,entry,kitchen,entry,living,kitchen,kitchen,kitchen,bathroom,kitchen,living,living,bedroom_3,entry,bathroom,bathroom,entry,kitchen,entry,living,kitchen,kitchen,kitchen,living
15420,d10 Thu 17:00,kitchen,bedroom_2,living,kitchen,kitchen,kitchen,kitchen,kitchen,kitchen,outside,bedroom_3,entry,living,bedroom_3,living,kitchen,entry,entry,kitchen,entry,living,kitchen,kitchen,kitchen,bathroom,kitchen,living,living,bedroom_3,outside,bathroom,bathroom,entry,kitchen,entry,living,kitchen,kitchen,kitchen,living
15480,d10 Thu 18:00,kitchen,bedroom_2,living,kitchen,kitchen,kitchen,kitchen,kitchen,kitchen,outside,bedroom_3,entry,living,bedroom_3,living,kitchen,entry,entry,kitchen,entry,living,kitchen,kitchen,kitchen,bathroom,kitchen,living,living,bedroom_3,entry,bathroom,bathroom,entry,kitchen,entry,living,kitchen,kitchen,kitchen,living
15540,d10 Thu 19:00,kitchen,bedroom_2,kitchen,kitchen,kitchen,living,kitchen,kitchen,kitchen,outside,bedroom_3,entry,living,bedroom_3,living,kitchen,entry,entry,kitchen,entry,living,kitchen,kitchen,kitchen,bathroom,kitchen,living,bedroom_3,bedroom_3,entry,bathroom,bathroom,entry,kitchen,entry,living,kitchen,kitchen,kitchen,living
15600,d10 Thu 20:00,kitchen,bedroom_2,kitchen,kitchen,kitchen,living,kitchen,kitchen,kitchen,outside,bedroom_3,entry,living,bedroom_3,living,kitchen,entry,entry,kitchen,entry,living,kitchen,kitchen,kitchen,bathroom,kitchen,bedroom_3,bedroom_3,bedroom_3,entry,bathroom,bathroom,entry,kitchen,entry,living,kitchen,kitchen,kitchen,living
15660,d10 Thu 21:00,kitchen,bedroom_2,kitchen,kitchen,kitchen,living,kitchen,kitchen,kitchen,outside,bedroom_3,entry,living,bedroom_3,living,kitchen,entry,entry,kitchen,entry,living,kitchen,kitchen,kitchen,bathroom,kitchen,bedroom_3,bedroom_3,bedroom_3,entry,bathroom,bathroom,entry,kitchen,entry,living,kitchen,kitchen,kitchen,living
15720,d10 Thu 22:00,kitchen,bedroom_2,kitchen,kitchen,kitchen,living,kitchen,kitchen,kitchen,bedroom_2,bedroom_2,entry,living,bedroom_3,living,kitchen,entry,entry,kitchen,entry,bedroom_2,kitchen,kitchen,kitchen,bathroom,kitchen,bedroom_3,bedroom_3,bedroom_3,entry,bathroom,bathroom,entry,kitchen,entry,living,kitchen,kitchen,kitchen,living
15780,d10 Thu 23:00,kitchen,bedroom_2,kitchen,kitchen,kitchen,living,kitchen,kitchen,kitchen,bedroom_2,bedroom_2,entry,living,bedroom_3,living,kitchen,entry,entry,kitchen,entry,bedroom_2,kitchen,kitchen,kitchen,bathroom,kitchen,bedroom_3,bedroom_3,bedroom_3,entry,bathroom,bathroom,entry,kitchen,entry,living,kitchen,kitchen,kitchen,living
15840,d11 Fri 00:00,kitchen,bedroom_2,kitchen,kitchen,kitchen,living,kitchen,kitchen,kitchen,bedroom_2,bedroom_2,entry,living,bedroom_3,living,kitchen,entry,entry,kitchen,entry,bedroom_2,kitchen,kitchen,kitchen,bathroom,kitchen,bedroom_3,bedroom_3,bedroom_3,entry,bathroom,bathroom,entry,kitchen,entry,living,kitchen,kitchen,kitchen,living
15900,d11 Fri 01:00,kitchen,bedroom_2,kitchen,kitchen,kitchen,living,kitchen,kitchen,kitchen,bedroom_2,bedroom_2,entry,living,bedroom_3,living,kitchen,entry,entry,kitchen,entry,bedroom_2,kitchen,kitchen,kitchen,bathroom,kitchen,bedroom_3,bedroom_3,bedroom_3,entry,bathroom,bathroom,entry,kitchen,entry,living,kitchen,kitchen,kitchen,living
15960,d11 Fri 02:00,kitchen,bedroom_2,kitchen,kitchen,kitchen,living,kitchen,kitchen,kitchen,bedroom_2,bedroom_2,entry,living,bedroom_3,living,kitchen,entry,entry,kitchen,entry,bedroom_2,kitchen,kitchen,kitchen,bathroom,kitchen,bedroom_3,bedroom_3,bedroom_3,entry,bathroom,bathroom,entry,kitchen,entry,living,kitchen,kitchen,kitchen,living
16020,d11 Fri 03:00,kitchen,bedroom_2,kitchen,kitchen,kitchen,living,kitchen,kitchen,kitchen,bedroom_2,bedroom_2,entry,living,bedroom_3,living,kitchen,entry,entry,kitchen,entry,bedroom_2,kitchen,kitchen,kitchen,bathroom,kitchen,bedroom_3,bedroom_3,bedroom_3,entry,bathroom,bathroom,entry,kitchen,entry,living,kitchen,kitchen,kitchen,living
16080,d11 Fri 04:00,kitchen,bedroom_2,kitchen,kitchen,kitchen,living,kitchen,kitchen,kitchen,bedroom_2,bedroom_2,entry,living,bedroom_3,living,kitchen,entry,entry,kitchen,entry,bedroom_2,kitchen,kitchen,kitchen,bathroom,kitchen,bedroom_3,bedroom_3,bedroom_3,entry,bathroom,bathroom,entry,kitchen,entry,living,kitchen,kitchen,kitchen,living
16140,d11 Fri 05:00,kitchen,bedroom_2,kitchen,kitchen,kitchen,living,kitchen,kitchen,kitchen,bedroom_2,bedroom_2,entry,living,bedroom_3,living,kitchen,entry,entry,kitchen,entry,bedroom_2,kitchen,kitchen,kitchen,bathroom,kitchen,bedroom_3,bedroom_3,bedroom_3,entry,bathroom,bathroom,entry,kitchen,entry,living,kitchen,kitchen,kitchen,living
16200,d11 Fri 06:00,kitchen,bedroom_2,kitchen,kitchen,kitchen,living,kitchen,kitchen,kitchen,bedroom_2,bedroom_2,entry,living,bedroom_3,living,kitchen,entry,entry,kitchen,entry,bedroom_2,kitchen,kitchen,kitchen,bathroom,kitchen,bedroom_3,bedroom_3,bedroom_3,entry,bathroom,bathroom,entry,kitchen,entry,living,kitchen,kitchen,kitchen,living
16260,d11 Fri 07:00,kitchen,bedroom_2,kitchen,kitchen,kitchen,living,kitchen,kitchen,kitchen,bedroom_2,bedroom_2,entry,living,bedroom_3,outside,kitchen,outside,entry,kitchen,outside,bedroom_2,kitchen,kitchen,kitchen,bathroom,kitchen,bedroom_3,bedroom_3,bedroom_3,entry,bathroom,bathroom,entry,kitchen,entry,living,kitchen,outside,kitchen,living
16320,d11 Fri 08:00,kitchen,kitchen,kitchen,kitchen,kitchen,living,kitchen,kitchen,kitchen,bedroom_2,bedroom_2,entry,living,bedroom_3,outside,kitchen,outside,entry,kitchen,outside,kitchen,kitchen,kitchen,kitchen,bathroom,kitchen,living,living,bedroom_3,entry,bathroom,bathroom,entry,kitchen,entry,living,kitchen,outside,kitchen,living
16380,d11 Fri 09:00,kitchen,bedroom_2,living,kitchen,kitchen,living,kitchen,kitchen,kitchen,bedroom_2,bedroom_2,entry,living,bedroom_3,outside,kitchen,outside,entry,kitchen,outside,living,kitchen,kitchen,kitchen,bathroom,kitchen,living,living,bedroom_3,entry,bathroom,bathroom,entry,kitchen,entry,living,kitchen,outside,kitchen,living
16440,d11 Fri 10:00,kitchen,bedroom_2,living,kitchen,kitchen,living,kitchen,kitchen,kitchen,bedroom_2,bedroom_2,entry,living,bedroom_3,outside,kitchen,outside,entry,kitchen,outside,living,kitchen,kitchen,kitchen,bathroom,kitchen,living,living,bedroom_3,entry,bathroom,bathroom,entry,kitchen,entry,living,kitchen,outside,kitchen,living
16500,d11 Fri 11:00,kitchen,bedroom_2,living,kitchen,kitchen,living,kitchen,kitchen,kitchen,bedroom_2,bedroom_2,entry,living,bedroom_3,outside,kitchen,outside,entry,kitchen,outside,living,kitchen,kitchen,kitchen,bathroom,kitchen,living,living,bedroom_3,entry,bathroom,bathroom,entry,kitchen,entry,living,kitchen,outside,kitchen,living
16560,d11 Fri 12:00,kitchen,bedroom_2,living,kitchen,kitchen,living,kitchen,kitchen,kitchen,bedroom_2,bedroom_2,entry,living,bedroom_3,outside,kitchen,outside,entry,kitchen,outside,living,kitchen,kitchen,kitchen,bathroom,kitchen,living,living,bedroom_3,entry,bathroom,bathroom,entry,kitchen,entry,living,kitchen,outside,kitchen,living
16620,d11 Fri 13:00,kitchen,bedroom_2,living,kitchen,kitchen,living,kitchen,kitchen,kitchen,bedroom_2,bedroom_2,entry,living,bedroom_3,outside,kitchen,outside,entry,kitchen,outside,living,kitchen,kitchen,kitchen,bathroom,kitchen,living,living,bedroom_3,entry,bathroom,bathroom,entry,kitchen,entry,living,kitchen,outside,kitchen,living
16680,d11 Fri 14:00,kitchen,bedroom_2,living,kitchen,kitchen,living,kitchen,kitchen,kitchen,bedroom_2,bedroom_2,entry,living,bedroom_3,outside,kitchen,outside,entry,kitchen,outside,living,kitchen,kitchen,kitchen,bathroom,kitchen,living,living,bedroom_3,entry,bathroom,bathroom,entry,kitchen,entry,living,kitchen,outside,kitchen,living
16740,d11 Fri 15:00,kitchen,bedroom_2,living,kitchen,kitchen,living,kitchen,kitchen,kitchen,bedroom_2,bedroom_2,entry,living,bedroom_3,outside,kitchen,entry,entry,kitchen,entry,living,kitchen,kitchen,kitchen,bathroom,kitchen,living,living,bedroom_3,entry,bathroom,bathroom,entry,kitchen,entry,living,kitchen,outside,kitchen,living
16800,d11 Fri 16:00,kitchen,bedroom_2,living,kitchen,kitchen,living,kitchen,kitchen,kitchen,bedroom_2,bedroom_2,entry,living,bedroom_3,living,kitchen,entry,entry,kitchen,entry,living,kitchen,kitchen,kitchen,bathroom,kitchen,living,living,bedroom_3,entry,bathroom,bathroom,entry,kitchen,entry,living,kitchen,kitchen,kitchen,living
16860,d11 Fri 17:00,kitchen,bedroom_2,living,kitchen,kitchen,living,kitchen,kitchen,kitchen,bedroom_2,bedroom_2,entry,living,bedroom_3,living,kitchen,entry,entry,outside,entry,living,kitchen,kitchen,kitchen,bathroom,kitchen,living,living,bedroom_3,outside,bathroom,bathroom,entry,kitchen,entry,living,kitchen,kitchen,kitchen,living
16920,d11 Fri 18:00,kitchen,bedroom_2,living,kitchen,kitchen,kitchen,kitchen,kitchen,kitchen,outside,bedroom_2,entry,living,bedroom_3,living,kitchen,entry,entry,kitchen,entry,living,kitchen,kitchen,kitchen,bathroom,kitchen,living,living,bedroom_3,entry,bathroom,bathroom,entry,kitchen,entry,living,kitchen,kitchen,kitchen,living
16980,d11 Fri 19:00,kitchen,bedroom_2,kitchen,kitchen,kitchen,living,kitchen,kitchen,kitchen,outside,bedroom_2,entry,living,bedroom_3,living,kitchen,entry,entry,kitchen,entry,living,kitchen,kitchen,kitchen,bathroom,kitchen,bedroom_3,bedroom_3,bedroom_3,entry,bathroom,bathroom,entry,kitchen,entry,living,kitchen,kitchen,kitchen,living
17040,d11 Fri 20:00,kitchen,bedroom_2,kitchen,kitchen,kitchen,living,kitchen,kitchen,kitchen,outside,bedroom_2,entry,living,bedroom_3,living,kitchen,entry,entry,kitchen,entry,living,kitchen,kitchen,kitchen,bathroom,kitchen,bedroom_3,bedroom_3,bedroom_3,entry,bathroom,bathroom,entry,kitchen,entry,living,kitchen,kitchen,kitchen,living
17100,d11 Fri 21:00,kitchen,bedroom_2,kitchen,kitchen,kitchen,living,kitchen,kitchen,kitchen,outside,bedroom_2,entry,living,bedroom_3,living,kitchen,entry,entry,kitchen,entry,living,kitchen,kitchen,kitchen,bathroom,kitchen,bedroom_3,bedroom_3,bedroom_3,entry,bathroom,bathroom,entry,kitchen,entry,living,kitchen,kitchen,kitchen,living
17160,d11 Fri 22:00,kitchen,bedroom_2,kitchen,kitchen,kitchen,living,kitchen,kitchen,kitchen,bedroom_2,bedroom_2,entry,living,bedroom_3,living,kitchen,entry,entry,kitchen,entry,bedroom_2,kitchen,kitchen,kitchen,bathroom,kitchen,bedroom_3,bedroom_3,bedroom_3,entry,bathroom,bathroom,entry,kitchen,entry,living,kitchen,kitchen,kitchen,living
17220,d11 Fri 23:00,kitchen,bedroom_2,kitchen,kitchen,kitchen,living,kitchen,kitchen,kitchen,bedroom_2,bedroom_2,entry,living,bedroom_3,living,kitchen,entry,entry,kitchen,entry,bedroom_2,kitchen,kitchen,kitchen,bathroom,kitchen,bedroom_3,bedroom_3,bedroom_3,entry,bathroom,bathroom,entry,kitchen,entry,living,kitchen,kitchen,kitchen,living
17280,d12 Sat 00:00,kitchen,bedroom_2,kitchen,kitchen,kitchen,living,kitchen,kitchen,kitchen,bedroom_2,bedroom_2,entry,living,bedroom_3,living,kitchen,entry,entry,kitchen,entry,bedroom_2,kitchen,kitchen,kitchen,bathroom,kitchen,bedroom_3,bedroom_3,bedroom_3,entry,bathroom,bathroom,entry,kitchen,entry,living,kitchen,kitchen,kitchen,living
17340,d12 Sat 01:00,kitchen,bedroom_2,kitchen,kitchen,kitchen,living,kitchen,kitchen,kitchen,bedroom_2,bedroom_2,entry,living,bedroom_3,living,kitchen,entry,entry,kitchen,entry,bedroom_2,kitchen,kitchen,kitchen,bathroom,kitchen,bedroom_3,bedroom_3,bedroom_3,entry,bathroom,bathroom,entry,kitchen,entry,living,kitchen,kitchen,kitchen,living
17400,d12 Sat 02:00,kitchen,bedroom_2,kitchen,kitchen,kitchen,living,kitchen,kitchen,kitchen,bedroom_2,bedroom_2,entry,living,bedroom_3,living,kitchen,entry,entry,kitchen,entry,bedroom_2,kitchen,kitchen,kitchen,bathroom,kitchen,bedroom_3,bedroom_3,bedroom_3,entry,bathroom,bathroom,entry,kitchen,entry,living,kitchen,kitchen,kitchen,living
17460,d12 Sat 03:00,kitchen,bedroom_2,kitchen,kitchen,kitchen,living,kitchen,kitchen,kitchen,bedroom_2,bedroom_2,entry,living,bedroom_3,living,kitchen,entry,entry,kitchen,entry,bedroom_2,kitchen,kitchen,kitchen,bathroom,kitchen,bedroom_3,bedroom_3,bedroom_3,entry,bathroom,bathroom,entry,kitchen,entry,living,kitchen,kitchen,kitchen,living
17520,d12 Sat 04:00,kitchen,bedroom_2,kitchen,kitchen,kitchen,living,kitchen,kitchen,kitchen,bedroom_2,bedroom_2,entry,living,bedroom_3,living,kitchen,entry,entry,kitchen,entry,bedroom_2,kitchen,kitchen,kitchen,bathroom,kitchen,bedroom_3,bedroom_3,bedroom_3,entry,bathroom,bathroom,entry,kitchen,entry,living,kitchen,kitchen,kitchen,living
17580,d12 Sat 05:00,kitchen,bedroom_2,kitchen,kitchen,kitchen,living,kitchen,kitchen,kitchen,bedroom_2,bedroom_2,entry,living,bedroom_3,living,kitchen,entry,entry,kitchen,entry,bedroom_2,kitchen,kitchen,kitchen,bathroom,kitchen,bedroom_3,bedroom_3,bedroom_3,entry,bathroom,bathroom,entry,kitchen,entry,living,kitchen,kitchen,kitchen,living
17640,d12 Sat 06:00,kitchen,bedroom_2,kitchen,kitchen,kitchen,living,kitchen,kitchen,kitchen,bedroom_2,bedroom_2,entry,living,bedroom_3,living,kitchen,entry,entry,kitchen,entry,bedroom_2,kitchen,kitchen,kitchen,bathroom,kitchen,bedroom_3,bedroom_3,bedroom_3,entry,bathroom,bathroom,entry,kitchen,entry,living,kitchen,kitchen,kitchen,living
17700,d12 Sat 07:00,kitchen,bedroom_2,kitchen,kitchen,kitchen,living,kitchen,kitchen,kitchen,bedroom_2,bedroom_2,entry,living,bedroom_3,living,kitchen,entry,entry,kitchen,entry,bedroom_2,kitchen,kitchen,kitchen,bathroom,kitchen,bedroom_3,bedroom_3,bedroom_3,entry,bathroom,bathroom,entry,kitchen,entry,living,kitchen,kitchen,kitchen,living
17760,d12 Sat 08:00,kitchen,kitchen,kitchen,kitchen,kitchen,living,kitchen,kitchen,kitchen,bedroom_2,bedroom_2,entry,living,bedroom_3,living,kitchen,entry,entry,kitchen,entry,kitchen,kitchen,kitchen,kitchen,bathroom,kitchen,living,living,bedroom_3,entry,bathroom,bathroom,entry,kitchen,entry,living,kitchen,kitchen,kitchen,living
17820,d12 Sat 09:00,kitchen,bedroom_2,living,kitchen,kitchen,living,kitchen,kitchen,kitchen,bedroom_2,bedroom_2,entry,living,bedroom_3,living,kitchen,entry,entry,kitchen,entry,living,kitchen,kitchen,kitchen,bathroom,kitchen,living,living,bedroom_3,entry,bathroom,bathroom,entry,kitchen,entry,living,kitchen,kitchen,kitchen,living
17880,d12 Sat 10:00,kitchen,bedroom_2,living,kitchen,kitchen,living,kitchen,kitchen,kitchen,bedroom_2,bedroom_2,entry,living,bedroom_3,living,kitchen,entry,entry,kitchen,entry,living,kitchen,kitchen,kitchen,bathroom,kitchen,living,living,bedroom_3,entry,bathroom,bathroom,entry,kitchen,entry,living,kitchen,kitchen,kitchen,living
17940,d12 Sat 11:00,kitchen,bedroom_2,living,kitchen,kitchen,living,kitchen,kitchen,kitchen,bedroom_2,bedroom_2,entry,living,bedroom_3,living,kitchen,entry,entry,kitchen,entry,living,kitchen,kitchen,kitchen,bathroom,kitchen,living,living,bedroom_3,entry,bathroom,bathroom,entry,kitchen,entry,living,kitchen,kitchen,kitchen,living
18000,d12 Sat 12:00,kitchen,bedroom_2,living,kitchen,kitchen,living,kitchen,kitchen,kitchen,bedroom_2,bedroom_2,entry,living,bedroom_3,living,kitchen,entry,entry,kitchen,entry,living,kitchen,kitchen,kitchen,bathroom,kitchen,living,living,bedroom_3,entry,bathroom,bathroom,entry,kitchen,entry,living,kitchen,kitchen,kitchen,living
18060,d12 Sat 13:00,kitchen,bedroom_2,living,kitchen,kitchen,living,kitchen,kitchen,kitchen,bedroom_2,bedroom_2,entry,living,bedroom_3,living,kitchen,entry,entry,kitchen,entry,living,kitchen,kitchen,kitchen,bathroom,kitchen,living,living,bedroom_3,entry,bathroom,bathroom,entry,kitchen,entry,living,kitchen,kitchen,kitchen,living
18120,d12 Sat 14:00,kitchen,bedroom_2,living,kitchen,kitchen,living,kitchen,kitchen,kitchen,bedroom_2,bedroom_2,entry,living,bedroom_3,living,kitchen,entry,entry,kitchen,entry,living,kitchen,kitchen,kitchen,bathroom,kitchen,living,living,bedroom_3,entry,bathroom,bathroom,entry,kitchen,entry,living,kitchen,kitchen,kitchen,living
18180,d12 Sat 15:00,kitchen,bedroom_2,living,kitchen,kitchen,living,kitchen,kitchen,kitchen,bedroom_2,bedroom_2,entry,living,bedroom_3,living,kitchen,entry,entry,kitchen,entry,living,kitchen,kitchen,kitchen,bathroom,kitchen,living,living,bedroom_3,entry,bathroom,bathroom,entry,kitchen,entry,living,kitchen,kitchen,kitchen,living
18240,d12 Sat 16:00,kitchen,bedroom_2,living,kitchen,kitchen,living,kitchen,kitchen,kitchen,bedroom_2,bedroom_2,entry,living,bedroom_3,living,kitchen,entry,entry,kitchen,entry,living,kitchen,kitchen,kitchen,bathroom,kitchen,living,living,bedroom_3,entry,bathroom,bathroom,entry,kitchen,entry,living,kitchen,kitchen,kitchen,living
18300,d12 Sat 17:00,kitchen,bedroom_2,living,kitchen,kitchen,living,kitchen,kitchen,kitchen,bedroom_2,bedroom_2,entry,living,bedroom_3,living,kitchen,entry,entry,outside,entry,living,kitchen,kitchen,kitchen,bathroom,kitchen,living,living,bedroom_3,outside,bathroom,bathroom,entry,kitchen,entry,living,kitchen,kitchen,kitchen,living
18360,d12 Sat 18:00,kitchen,bedroom_2,living,kitchen,kitchen,kitchen,kitchen,kitchen,kitchen,outside,bedroom_2,entry,living,bedroom_3,living,kitchen,entry,entry,kitchen,entry,living,kitchen,kitchen,kitchen,bathroom,kitchen,living,living,bedroom_3,entry,bathroom,bathroom,entry,kitchen,entry,living,kitchen,kitchen,kitchen,living
18420,d12 Sat 19:00,kitchen,bedroom_2,kitchen,kitchen,kitchen,living,kitchen,kitchen,kitchen,outside,bedroom_2,entry,living,bedroom_3,living,kitchen,entry,entry,kitchen,entry,living,kitchen,kitchen,kitchen,bathroom,kitchen,bedroom_3,bedroom_3,bedroom_3,entry,bathroom,bathroom,entry,kitchen,entry,living,kitchen,kitchen,kitchen,living
18480,d12 Sat 20:00,kitchen,bedroom_2,kitchen,kitchen,kitchen,living,kitchen,kitchen,kitchen,outside,bedroom_2,entry,living,bedroom_3,living,kitchen,entry,entry,kitchen,entry,living,kitchen,kitchen,kitchen,bathroom,kitchen,bedroom_3,bedroom_3,bedroom_3,entry,bathroom,bathroom,entry,kitchen,entry,living,kitchen,kitchen,kitchen,living
18540,d12 Sat 21:00,kitchen,bedroom_2,kitchen,kitchen,kitchen,living,kitchen,kitchen,kitchen,outside,bedroom_2,entry,living,bedroom_3,living,kitchen,entry,entry,kitchen,entry,living,kitchen,kitchen,kitchen,bathroom,kitchen,bedroom_3,bedroom_3,bedroom_3,entry,bathroom,bathroom,entry,kitchen,entry,living,kitchen,kitchen,kitchen,living
18600,d12 Sat 22:00,kitchen,bedroom_2,kitchen,kitchen,kitchen,living,kitchen,kitchen,kitchen,bedroom_2,bedroom_2,entry,living,bedroom_3,living,kitchen,entry,entry,kitchen,entry,bedroom_2,kitchen,kitchen,kitchen,bathroom,kitchen,bedroom_3,bedroom_3,bedroom_3,entry,bathroom,bathroom,entry,kitchen,entry,living,kitchen,kitchen,kitchen,living
18660,d12 Sat 23:00,kitchen,bedroom_2,kitchen,kitchen,kitchen,living,kitchen,kitchen,kitchen,bedroom_2,bedroom_2,entry,living,bedroom_3,living,kitchen,entry,entry,kitchen,entry,bedroom_2,kitchen,kitchen,kitchen,bathroom,kitchen,bedroom_3,bedroom_3,bedroom_3,entry,bathroom,bathroom,entry,kitchen,entry,living,kitchen,kitchen,kitchen,living
18720,d13 Sun 00:00,kitchen,bedroom_2,kitchen,kitchen,kitchen,living,kitchen,kitchen,kitchen,bedroom_2,bedroom_2,entry,living,bedroom_3,living,kitchen,entry,entry,kitchen,entry,bedroom_2,kitchen,kitchen,kitchen,bathroom,kitchen,bedroom_3,bedroom_3,bedroom_3,entry,bathroom,bathroom,entry,kitchen,entry,living,kitchen,kitchen,kitchen,living
18780,d13 Sun 01:00,kitchen,bedroom_2,kitchen,kitchen,kitchen,living,kitchen,kitchen,kitchen,bedroom_2,bedroom_2,entry,living,bedroom_3,living,kitchen,entry,entry,kitchen,entry,bedroom_2,kitchen,kitchen,kitchen,bathroom,kitchen,bedroom_3,bedroom_3,bedroom_3,entry,bathroom,bathroom,entry,kitchen,entry,living,kitchen,kitchen,kitchen,living
18840,d13 Sun 02:00,kitchen,bedroom_2,kitchen,kitchen,kitchen,living,kitchen,kitchen,kitchen,bedroom_2,bedroom_2,entry,living,bedroom_3,living,kitchen,entry,entry,kitchen,entry,bedroom_2,kitchen,kitchen,kitchen,bathroom,kitchen,bedroom_3,bedroom_3,bedroom_3,entry,bathroom,bathroom,entry,kitchen,entry,living,kitchen,kitchen,kitchen,living
18900,d13 Sun 03:00,kitchen,bedroom_2,kitchen,kitchen,kitchen,living,kitchen,kitchen,kitchen,bedroom_2,bedroom_2,entry,living,bedroom_3,living,kitchen,entry,entry,kitchen,entry,bedroom_2,kitchen,kitchen,kitchen,bathroom,kitchen,bedroom_3,bedroom_3,bedroom_3,entry,bathroom,bathroom,entry,kitchen,entry,living,kitchen,kitchen,kitchen,living
18960,d13 Sun 04:00,kitchen,bedroom_2,kitchen,kitchen,kitchen,living,kitchen,kitchen,kitchen,bedroom_2,bedroom_2,entry,living,bedroom_3,living,kitchen,entry,entry,kitchen,entry,bedroom_2,kitchen,kitchen,kitchen,bathroom,kitchen,bedroom_3,bedroom_3,bedroom_3,entry,bathroom,bathroom,entry,kitchen,entry,living,kitchen,kitchen,kitchen,living
19020,d13 Sun 05:00,kitchen,bedroom_2,kitchen,kitchen,kitchen,living,kitchen,kitchen,kitchen,bedroom_2,bedroom_2,entry,living,bedroom_3,living,kitchen,entry,entry,kitchen,entry,bedroom_2,kitchen,kitchen,kitchen,bathroom,kitchen,bedroom_3,bedroom_3,bedroom_3,entry,bathroom,bathroom,entry,kitchen,entry,living,kitchen,kitchen,kitchen,living
19080,d13 Sun 06:00,kitchen,bedroom_2,kitchen,kitchen,kitchen,living,kitchen,kitchen,kitchen,bedroom_2,bedroom_2,entry,living,bedroom_3,living,kitchen,entry,entry,kitchen,entry,bedroom_2,kitchen,kitchen,kitchen,bathroom,kitchen,bedroom_3,bedroom_3,bedroom_3,entry,bathroom,bathroom,entry,kitchen,entry,living,kitchen,kitchen,kitchen,living
19140,d13 Sun 07:00,kitchen,bedroom_2,kitchen,kitchen,kitchen,living,kitchen,kitchen,kitchen,bedroom_2,bedroom_2,entry,living,bedroom_3,living,kitchen,entry,entry,kitchen,entry,bedroom_2,kitchen,kitchen,kitchen,bathroom,kitchen,bedroom_3,bedroom_3,bedroom_3,entry,bathroom,bathroom,entry,kitchen,entry,living,kitchen,kitchen,kitchen,living
19200,d13 Sun 08:00,kitchen,bedroom_2,kitchen,kitchen,kitchen,living,kitchen,kitchen,kitchen,bedroom_2,bedroom_2,entry,living,bedroom_3,living,kitchen,entry,entry,kitchen,entry,bedroom_2,kitchen,kitchen,kitchen,bathroom,kitchen,bedroom_3,bedroom_3,bedroom_3,entry,bathroom,bathroom,entry,kitchen,entry,living,kitchen,kitchen,kitchen,living
19260,d13 Sun 09:00,kitchen,bedroom_2,kitchen,kitchen,kitchen,living,kitchen,kitchen,kitchen,bedroom_2,bedroom_2,entry,living,bedroom_3,living,kitchen,entry,entry,kitchen,entry,bedroom_2,kitchen,kitchen,kitchen,bathroom,kitchen,bedroom_3,bedroom_3,bedroom_3,entry,bathroom,bathroom,entry,kitchen,entry,living,kitchen,kitchen,kitchen,living
19320,d13 Sun 10:00,kitchen,bedroom_2,kitchen,kitchen,kitchen,living,kitchen,kitchen,kitchen,bedroom_2,bedroom_2,entry,living,bedroom_3,living,kitchen,entry,entry,kitchen,entry,bedroom_2,kitchen,kitchen,kitchen,bathroom,kitchen,bedroom_3,bedroom_3,bedroom_3,entry,bathroom,bathroom,entry,kitchen,entry,living,kitchen,kitchen,kitchen,living
19380,d13 Sun 11:00,kitchen,bedroom_2,kitchen,kitchen,kitchen,living,kitchen,kitchen,kitchen,bedroom_2,bedroom_2,entry,living,bedroom_3,living,kitchen,entry,entry,kitchen,entry,bedroom_2,kitchen,kitchen,kitchen,bathroom,kitchen,bedroom_3,bedroom_3,bedroom_3,entry,bathroom,bathroom,entry,kitchen,entry,living,kitchen,kitchen,kitchen,living
19440,d13 Sun 12:00,kitchen,bedroom_2,kitchen,kitchen,kitchen,living,kitchen,kitchen,kitchen,bedroom_2,bedroom_2,entry,living,bedroom_3,living,kitchen,entry,entry,kitchen,entry,bedroom_2,kitchen,kitchen,kitchen,bathroom,kitchen,bedroom_3,bedroom_3,bedroom_3,entry,bathroom,bathroom,entry,kitchen,entry,living,kitchen,kitchen,kitchen,living
19500,d13 Sun 13:00,kitchen,bedroom_2,kitchen,kitchen,kitchen,living,kitchen,kitchen,kitchen,bedroom_2,bedroom_2,entry,living,bedroom_3,living,kitchen,entry,entry,kitchen,entry,bedroom_2,kitchen,kitchen,kitchen,bathroom,kitchen,bedroom_3,bedroom_3,bedroom_3,entry,bathroom,bathroom,entry,kitchen,entry,living,kitchen,kitchen,kitchen,living
19560,d13 Sun 14:00,kitchen,bedroom_2,kitchen,kitchen,kitchen,living,kitchen,kitchen,kitchen,bedroom_2,bedroom_2,entry,living,bedroom_3,living,kitchen,entry,entry,kitchen,entry,bedroom_2,kitchen,kitchen,kitchen,bathroom,kitchen,bedroom_3,bedroom_3,bedroom_3,entry,bathroom,bathroom,entry,kitchen,entry,living,kitchen,kitchen,kitchen,living
19620,d13 Sun 15:00,kitchen,bedroom_2,kitchen,kitchen,kitchen,living,kitchen,kitchen,kitchen,bedroom_2,bedroom_2,entry,living,bedroom_3,living,kitchen,entry,entry,kitchen,entry,bedroom_2,kitchen,kitchen,kitchen,bathroom,kitchen,bedroom_3,bedroom_3,bedroom_3,entry,bathroom,bathroom,entry,kitchen,entry,living,kitchen,kitchen,kitchen,living
19680,d13 Sun 16:00,kitchen,bedroom_2,kitchen,kitchen,kitchen,living,kitchen,kitchen,kitchen,bedroom_2,bedroom_2,entry,living,bedroom_3,living,kitchen,entry,entry,kitchen,entry,bedroom_2,kitchen,kitchen,kitchen,bathroom,kitchen,bedroom_3,bedroom_3,bedroom_3,entry,bathroom,bathroom,entry,kitchen,entry,living,kitchen,kitchen,kitchen,living
19740,d13 Sun 17:00,kitchen,bedroom_2,kitchen,kitchen,kitchen,living,kitchen,kitchen,kitchen,bedroom_2,bedroom_2,entry,living,bedroom_3,living,kitchen,entry,entry,kitchen,entry,bedroom_2,kitchen,kitchen,kitchen,bathroom,kitchen,bedroom_3,bedroom_3,bedroom_3,entry,bathroom,bathroom,entry,kitchen,entry,living,kitchen,kitchen,kitchen,living
19800,d13 Sun 18:00,kitchen,bedroom_2,kitchen,kitchen,kitchen,living,kitchen,kitchen,kitchen,bedroom_2,bedroom_2,entry,living,bedroom_3,living,kitchen,entry,entry,kitchen,entry,bedroom_2,kitchen,kitchen,kitchen,bathroom,kitchen,bedroom_3,bedroom_3,bedroom_3,entry,bathroom,bathroom,entry,kitchen,entry,living,kitchen,kitchen,kitchen,living
19860,d13 Sun 19:00,kitchen,bedroom_2,kitchen,kitchen,kitchen,living,kitchen,kitchen,kitchen,bedroom_2,bedroom_2,entry,living,bedroom_3,living,kitchen,entry,entry,kitchen,entry,bedroom_2,kitchen,kitchen,kitchen,bathroom,kitchen,bedroom_3,bedroom_3,bedroom_3,entry,bathroom,bathroom,entry,kitchen,entry,living,kitchen,kitchen,kitchen,living
19920,d13 Sun 20:00,kitchen,bedroom_2,kitchen,kitchen,kitchen,living,kitchen,kitchen,kitchen,bedroom_2,bedroom_2,entry,living,bedroom_3,living,kitchen,entry,entry,kitchen,entry,bedroom_2,kitchen,kitchen,kitchen,bathroom,kitchen,bedroom_3,bedroom_3,bedroom_3,entry,bathroom,bathroom,entry,kitchen,entry,living,kitchen,kitchen,kitchen,living
19980,d13 Sun 21:00,kitchen,bedroom_2,kitchen,kitchen,kitchen,living,kitchen,kitchen,kitchen,bedroom_2,bedroom_2,entry,living,bedroom_3,living,kitchen,entry,entry,kitchen,entry,bedroom_2,kitchen,kitchen,kitchen,bathroom,kitchen,bedroom_3,bedroom_3,bedroom_3,entry,bathroom,bathroom,entry,kitchen,entry,living,kitchen,kitchen,kitchen,living
20040,d13 Sun 22:00,kitchen,bedroom_2,kitchen,kitchen,kitchen,living,kitchen,kitchen,kitchen,bedroom_2,bedroom_2,entry,living,bedroom_3,living,kitchen,entry,entry,kitchen,entry,bedroom_2,kitchen,kitchen,kitchen,bathroom,kitchen,bedroom_3,bedroom_3,bedroom_3,entry,bathroom,bathroom,entry,kitchen,entry,living,kitchen,kitchen,kitchen,living
20100,d13 Sun 23:00,kitchen,bedroom_2,kitchen,kitchen,kitchen,living,kitchen,kitchen,kitchen,bedroom_2,bedroom_2,entry,living,bedroom_3,living,kitchen,entry,entry,kitchen,entry,bedroom_2,kitchen,kitchen,kitchen,bathroom,kitchen,bedroom_3,bedroom_3,bedroom_3,entry,bathroom,bathroom,entry,kitchen,entry,living,kitchen,kitchen,kitchen,living
20160,d14 Mon 00:00,kitchen,bedroom_2,kitchen,kitchen,kitchen,living,kitchen,kitchen,kitchen,bedroom_2,bedroom_2,entry,living,bedroom_3,living,kitchen,entry,entry,kitchen,entry,bedroom_2,kitchen,kitchen,kitchen,bathroom,kitchen,bedroom_3,bedroom_3,bedroom_3,entry,bathroom,bathroom,entry,kitchen,entry,living,kitchen,kitchen,kitchen,living
20220,d14 Mon 01:00,kitchen,bedroom_2,kitchen,kitchen,kitchen,living,kitchen,kitchen,kitchen,bedroom_2,bedroom_2,entry,living,bedroom_3,living,kitchen,entry,entry,kitchen,entry,bedroom_2,kitchen,kitchen,kitchen,bathroom,kitchen,bedroom_3,bedroom_3,bedroom_3,entry,bathroom,bathroom,entry,kitchen,entry,living,kitchen,kitchen,kitchen,living
20280,d14 Mon 02:00,kitchen,bedroom_2,kitchen,kitchen,kitchen,living,kitchen,kitchen,kitchen,bedroom_2,bedroom_2,entry,living,bedroom_3,living,kitchen,entry,entry,kitchen,entry,bedroom_2,kitchen,kitchen,kitchen,bathroom,kitchen,bedroom_3,bedroom_3,bedroom_3,entry,bathroom,bathroom,entry,kitchen,entry,living,kitchen,kitchen,kitchen,living
20340,d14 Mon 03:00,kitchen,bedroom_2,kitchen,kitchen,kitchen,living,kitchen,kitchen,kitchen,bedroom_2,bedroom_2,entry,living,bedroom_3,living,kitchen,entry,entry,kitchen,entry,bedroom_2,kitchen,kitchen,kitchen,bathroom,kitchen,bedroom_3,bedroom_3,bedroom_3,entry,bathroom,bathroom,entry,kitchen,entry,living,kitchen,kitchen,kitchen,living
20400,d14 Mon 04:00,kitchen,bedroom_2,kitchen,kitchen,kitchen,living,kitchen,kitchen,kitchen,bedroom_2,bedroom_2,entry,living,bedroom_3,living,kitchen,entry,entry,kitchen,entry,bedroom_2,kitchen,kitchen,kitchen,bathroom,kitchen,bedroom_3,bedroom_3,bedroom_3,entry,bathroom,bathroom,entry,kitchen,entry,living,kitchen,kitchen,kitchen,living
20460,d14 Mon 05:00,kitchen,bedroom_2,kitchen,kitchen,kitchen,living,kitchen,kitchen,kitchen,bedroom_2,bedroom_2,entry,living,bedroom_3,living,kitchen,entry,entry,kitchen,entry,bedroom_2,kitchen,kitchen,kitchen,bathroom,kitchen,bedroom_3,bedroom_3,bedroom_3,entry,bathroom,bathroom,entry,kitchen,entry,living,kitchen,kitchen,kitchen,living
20520,d14 Mon 06:00,kitchen,bedroom_2,kitchen,kitchen,kitchen,living,kitchen,kitchen,kitchen,bedroom_2,bedroom_2,entry,living,bedroom_3,living,kitchen,entry,entry,kitchen,entry,bedroom_2,kitchen,kitchen,kitchen,bathroom,kitchen,bedroom_3,bedroom_3,bedroom_3,entry,bathroom,bathroom,entry,kitchen,entry,living,kitchen,kitchen,kitchen,living
20580,d14 Mon 07:00,kitchen,bedroom_2,kitchen,kitchen,kitchen,living,kitchen,kitchen,kitchen,bedroom_2,bedroom_2,entry,living,bedroom_3,living,kitchen,entry,entry,kitchen,entry,bedroom_2,kitchen,kitchen,kitchen,bathroom,kitchen,bedroom_3,bedroom_3,bedroom_3,entry,bathroom,bathroom,entry,kitchen,entry,living,kitchen,kitchen,kitchen,living
20640,d14 Mon 08:00,kitchen,kitchen,kitchen,kitchen,kitchen,living,kitchen,kitchen,kitchen,bedroom_2,bedroom_2,entry,living,bedroom_3,living,kitchen,entry,entry,kitchen,entry,kitchen,kitchen,kitchen,kitchen,bathroom,kitchen,living,living,bedroom_3,entry,bathroom,bathroom,entry,kitchen,entry,living,kitchen,kitchen,kitchen,living
20700,d14 Mon 09:00,kitchen,bedroom_2,living,kitchen,kitchen,living,kitchen,kitchen,kitchen,bedroom_2,bedroom_2,entry,living,bedroom_3,outside,kitchen,outside,entry,kitchen,outside,living,kitchen,kitchen,kitchen,bathroom,kitchen,living,living,bedroom_3,entry,bathroom,bathroom,entry,kitchen,entry,living,kitchen,outside,kitchen,living
20760,d14 Mon 10:00,kitchen,bedroom_2,living,kitchen,kitchen,living,kitchen,kitchen,kitchen,bedroom_2,bedroom_2,entry,living,bedroom_3,outside,kitchen,outside,entry,kitchen,outside,living,kitchen,kitchen,kitchen,bathroom,kitchen,living,living,bedroom_3,entry,bathroom,bathroom,entry,kitchen,entry,living,kitchen,outside,kitchen,living
20820,d14 Mon 11:00,kitchen,bedroom_2,living,kitchen,kitchen,living,kitchen,kitchen,kitchen,bedroom_2,bedroom_2,entry,living,bedroom_3,outside,kitchen,outside,entry,kitchen,outside,living,kitchen,kitchen,kitchen,bathroom,kitchen,living,living,bedroom_3,entry,bathroom,bathroom,entry,kitchen,entry,living,kitchen,outside,kitchen,living
20880,d14 Mon 12:00,kitchen,bedroom_2,living,kitchen,kitchen,living,kitchen,kitchen,kitchen,bedroom_2,bedroom_2,entry,living,bedroom_3,outside,kitchen,outside,entry,kitchen,outside,living,kitchen,kitchen,kitchen,bathroom,kitchen,living,living,bedroom_3,entry,bathroom,bathroom,entry,kitchen,entry,living,kitchen,outside,kitchen,living
20940,d14 Mon 13:00,kitchen,bedroom_2,living,kitchen,kitchen,living,kitchen,kitchen,kitchen,bedroom_2,bedroom_2,entry,living,bedroom_3,outside,kitchen,outside,entry,kitchen,outside,living,kitchen,kitchen,kitchen,bathroom,kitchen,living,living,bedroom_3,entry,bathroom,bathroom,entry,kitchen,entry,living,kitchen,outside,kitchen,living
21000,d14 Mon 14:00,kitchen,bedroom_2,living,kitchen,kitchen,living,kitchen,kitchen,kitchen,bedroom_2,bedroom_2,entry,living,bedroom_3,outside,kitchen,outside,entry,kitchen,outside,living,kitchen,kitchen,kitchen,bathroom,kitchen,living,living,bedroom_3,entry,bathroom,bathroom,entry,kitchen,entry,living,kitchen,outside,kitchen,living
21060,d14 Mon 15:00,kitchen,bedroom_2,living,kitchen,kitchen,living,kitchen,kitchen,kitchen,bedroom_2,bedroom_2,entry,living,bedroom_3,outside,kitchen,outside,entry,kitchen,outside,living,kitchen,kitchen,kitchen,bathroom,kitchen,living,living,bedroom_3,entry,bathroom,bathroom,entry,kitchen,entry,living,kitchen,outside,kitchen,living
21120,d14 Mon 16:00,kitchen,bedroom_2,living,kitchen,kitchen,living,kitchen,kitchen,kitchen,bedroom_2,bedroom_2,entry,living,bedroom_3,living,kitchen,entry,entry,kitchen,entry,living,kitchen,kitchen,kitchen,bathroom,kitchen,living,living,bedroom_3,entry,bathroom,bathroom,entry,kitchen,entry,living,kitchen,kitchen,kitchen,living
21180,d14 Mon 17:00,kitchen,bedroom_2,living,kitchen,kitchen,living,kitchen,kitchen,kitchen,bedroom_2,bedroom_2,entry,living,bedroom_3,living,kitchen,entry,entry,outside,entry,living,kitchen,kitchen,kitchen,bathroom,kitchen,living,living,bedroom_3,outside,bathroom,bathroom,entry,kitchen,entry,living,kitchen,kitchen,kitchen,living
21240,d14 Mon 18:00,kitchen,bedroom_2,living,kitchen,kitchen,kitchen,kitchen,kitchen,kitchen,outside,bedroom_2,entry,living,bedroom_3,living,kitchen,entry,entry,kitchen,entry,living,kitchen,kitchen,kitchen,bathroom,kitchen,living,living,bedroom_3,entry,bathroom,bathroom,entry,kitchen,entry,living,kitchen,kitchen,kitchen,living
21300,d14 Mon 19:00,kitchen,bedroom_2,kitchen,kitchen,kitchen,living,kitchen,kitchen,kitchen,outside,bedroom_2,entry,living,bedroom_3,living,kitchen,entry,entry,kitchen,entry,living,kitchen,kitchen,kitchen,bathroom,kitchen,bedroom_3,bedroom_3,bedroom_3,entry,bathroom,bathroom,entry,kitchen,entry,living,kitchen,kitchen,kitchen,living
21360,d14 Mon 20:00,kitchen,bedroom_2,kitchen,kitchen,kitchen,living,kitchen,kitchen,kitchen,outside,bedroom_2,entry,living,bedroom_3,living,kitchen,entry,entry,kitchen,entry,living,kitchen,kitchen,kitchen,bathroom,kitchen,bedroom_3,bedroom_3,bedroom_3,entry,bathroom,bathroom,entry,kitchen,entry,living,kitchen,kitchen,kitchen,living
21420,d14 Mon 21:00,kitchen,bedroom_2,kitchen,kitchen,kitchen,living,kitchen,kitchen,kitchen,outside,bedroom_2,entry,living,bedroom_3,living,kitchen,entry,entry,kitchen,entry,living,kitchen,kitchen,kitchen,bathroom,kitchen,bedroom_3,bedroom_3,bedroom_3,entry,bathroom,bathroom,entry,kitchen,entry,living,kitchen,kitchen,kitchen,living
21480,d14 Mon 22:00,kitchen,bedroom_2,kitchen,kitchen,kitchen,living,kitchen,kitchen,kitchen,bedroom_2,bedroom_2,entry,living,bedroom_3,living,kitchen,entry,entry,kitchen,entry,bedroom_2,kitchen,kitchen,kitchen,bathroom,kitchen,bedroom_3,bedroom_3,bedroom_3,entry,bathroom,bathroom,entry,kitchen,entry,living,kitchen,kitchen,kitchen,living
21540,d14 Mon 23:00,kitchen,bedroom_2,kitchen,kitchen,kitchen,living,kitchen,kitchen,kitchen,bedroom_2,bedroom_2,entry,living,bedroom_3,living,kitchen,entry,entry,kitchen,entry,bedroom_2,kitchen,kitchen,kitchen,bathroom,kitchen,bedroom_3,bedroom_3,bedroom_3,entry,bathroom,bathroom,entry,kitchen,entry,living,kitchen,kitchen,kitchen,living
21600,d15 Tue 00:00,kitchen,bedroom_2,kitchen,kitchen,kitchen,living,kitchen,kitchen,kitchen,bedroom_2,bedroom_2,entry,living,bedroom_3,living,kitchen,entry,entry,kitchen,entry,bedroom_2,kitchen,kitchen,kitchen,bathroom,kitchen,bedroom_3,bedroom_3,bedroom_3,entry,bathroom,bathroom,entry,kitchen,entry,living,kitchen,kitchen,kitchen,living
21660,d15 Tue 01:00,kitchen,bedroom_2,kitchen,kitchen,kitchen,living,kitchen,kitchen,kitchen,bedroom_2,bedroom_2,entry,living,bedroom_3,living,kitchen,entry,entry,kitchen,entry,bedroom_2,kitchen,kitchen,kitchen,bathroom,kitchen,bedroom_3,bedroom_3,bedroom_3,entry,bathroom,bathroom,entry,kitchen,entry,living,kitchen,kitchen,kitchen,living
21720,d15 Tue 02:00,kitchen,bedroom_2,kitchen,kitchen,kitchen,living,kitchen,kitchen,kitchen,bedroom_2,bedroom_2,entry,living,bedroom_3,living,kitchen,entry,entry,kitchen,entry,bedroom_2,kitchen,kitchen,kitchen,bathroom,kitchen,bedroom_3,bedroom_3,bedroom_3,entry,bathroom,bathroom,entry,kitchen,entry,living,kitchen,kitchen,kitchen,living
21780,d15 Tue 03:00,kitchen,bedroom_2,kitchen,kitchen,kitchen,living,kitchen,kitchen,kitchen,bedroom_2,bedroom_2,entry,living,bedroom_3,living,kitchen,entry,entry,kitchen,entry,bedroom_2,kitchen,kitchen,kitchen,bathroom,kitchen,bedroom_3,bedroom_3,bedroom_3,entry,bathroom,bathroom,entry,kitchen,entry,living,kitchen,kitchen,kitchen,living
21840,d15 Tue 04:00,kitchen,bedroom_2,kitchen,kitchen,kitchen,living,kitchen,kitchen,kitchen,bedroom_2,bedroom_2,entry,living,bedroom_3,living,kitchen,entry,entry,kitchen,entry,bedroom_2,kitchen,kitchen,kitchen,bathroom,kitchen,bedroom_3,bedroom_3,bedroom_3,entry,bathroom,bathroom,entry,kitchen,entry,living,kitchen,kitchen,kitchen,living
21900,d15 Tue 05:00,kitchen,bedroom_2,kitchen,kitchen,kitchen,living,kitchen,kitchen,kitchen,bedroom_2,bedroom_2,entry,living,bedroom_3,living,kitchen,entry,entry,kitchen,entry,bedroom_2,kitchen,kitchen,kitchen,bathroom,kitchen,bedroom_3,bedroom_3,bedroom_3,entry,bathroom,bathroom,entry,kitchen,entry,living,kitchen,kitchen,kitchen,living
21960,d15 Tue 06:00,kitchen,bedroom_2,kitchen,kitchen,kitchen,living,kitchen,kitchen,kitchen,bedroom_2,bedroom_2,entry,living,bedroom_3,living,kitchen,entry,entry,kitchen,entry,bedroom_2,kitchen,kitchen,kitchen,bathroom,kitchen,bedroom_3,bedroom_3,bedroom_3,entry,bathroom,bathroom,entry,kitchen,entry,living,kitchen,kitchen,kitchen,living
22020,d15 Tue 07:00,kitchen,bedroom_2,kitchen,kitchen,kitchen,living,kitchen,kitchen,kitchen,bedroom_2,bedroom_2,entry,living,bedroom_3,living,kitchen,entry,entry,kitchen,entry,bedroom_2,kitchen,kitchen,kitchen,bathroom,kitchen,bedroom_3,bedroom_3,bedroom_3,entry,bathroom,bathroom,entry,kitchen,entry,living,kitchen,kitchen,kitchen,living
22080,d15 Tue 08:00,kitchen,bedroom_2,kitchen,kitchen,kitchen,living,kitchen,kitchen,kitchen,bedroom_2,bedroom_2,entry,living,bedroom_3,living,kitchen,entry,entry,kitchen,entry,bedroom_2,kitchen,kitchen,kitchen,bathroom,kitchen,bedroom_3,bedroom_3,bedroom_3,entry,bathroom,bathroom,entry,kitchen,entry,living,kitchen,kitchen,kitchen,living
22140,d15 Tue 09:00,kitchen,bedroom_2,kitchen,kitchen,kitchen,living,kitchen,kitchen,kitchen,bedroom_2,bedroom_2,entry,living,bedroom_3,living,kitchen,entry,entry,kitchen,entry,bedroom_2,kitchen,kitchen,kitchen,bathroom,kitchen,bedroom_3,bedroom_3,bedroom_3,entry,bathroom,bathroom,entry,kitchen,entry,living,kitchen,kitchen,kitchen,living
22200,d15 Tue 10:00,kitchen,bedroom_2,kitchen,kitchen,kitchen,living,kitchen,kitchen,kitchen,bedroom_2,bedroom_2,entry,living,bedroom_3,living,kitchen,entry,entry,kitchen,entry,bedroom_2,kitchen,kitchen,kitchen,bathroom,kitchen,bedroom_3,bedroom_3,bedroom_3,entry,bathroom,bathroom,entry,kitchen,entry,living,kitchen,kitchen,kitchen,living
22260,d15 Tue 11:00,kitchen,bedroom_2,kitchen,kitchen,kitchen,living,kitchen,kitchen,kitchen,bedroom_2,bedroom_2,entry,living,bedroom_3,living,kitchen,entry,entry,kitchen,entry,bedroom_2,kitchen,kitchen,kitchen,bathroom,kitchen,bedroom_3,bedroom_3,bedroom_3,entry,bathroom,bathroom,entry,kitchen,entry,living,kitchen,kitchen,kitchen,living
22320,d15 Tue 12:00,kitchen,bedroom_2,kitchen,kitchen,kitchen,living,kitchen,kitchen,kitchen,bedroom_2,bedroom_2,entry,living,bedroom_3,living,kitchen,entry,entry,kitchen,entry,bedroom_2,kitchen,kitchen,kitchen,bathroom,kitchen,bedroom_3,bedroom_3,bedroom_3,entry,bathroom,bathroom,entry,kitchen,entry,living,kitchen,kitchen,kitchen,living
22380,d15 Tue 13:00,kitchen,bedroom_2,kitchen,kitchen,kitchen,living,kitchen,kitchen,kitchen,bedroom_2,bedroom_2,entry,living,bedroom_3,living,kitchen,entry,entry,kitchen,entry,bedroom_2,kitchen,kitchen,kitchen,bathroom,kitchen,bedroom_3,bedroom_3,bedroom_3,entry,bathroom,bathroom,entry,kitchen,entry,living,kitchen,kitchen,kitchen,living
22440,d15 Tue 14:00,kitchen,bedroom_2,kitchen,kitchen,kitchen,living,kitchen,kitchen,kitchen,bedroom_2,bedroom_2,entry,living,bedroom_3,living,kitchen,entry,entry,kitchen,entry,bedroom_2,kitchen,kitchen,kitchen,bathroom,kitchen,bedroom_3,bedroom_3,bedroom_3,entry,bathroom,bathroom,entry,kitchen,entry,living,kitchen,kitchen,kitchen,living
22500,d15 Tue 15:00,kitchen,bedroom_2,kitchen,kitchen,kitchen,living,kitchen,kitchen,kitchen,bedroom_2,bedroom_2,entry,living,bedroom_3,living,kitchen,entry,entry,kitchen,entry,bedroom_2,kitchen,kitchen,kitchen,bathroom,kitchen,bedroom_3,bedroom_3,bedroom_3,entry,bathroom,bathroom,entry,kitchen,entry,living,kitchen,kitchen,kitchen,living
22560,d15 Tue 16:00,kitchen,bedroom_2,kitchen,kitchen,kitchen,living,kitchen,kitchen,kitchen,bedroom_2,bedroom_2,entry,living,bedroom_3,living,kitchen,entry,entry,kitchen,entry,bedroom_2,kitchen,kitchen,kitchen,bathroom,kitchen,bedroom_3,bedroom_3,bedroom_3,entry,bathroom,bathroom,entry,kitchen,entry,living,kitchen,kitchen,kitchen,living
22620,d15 Tue 17:00,kitchen,bedroom_2,kitchen,kitchen,kitchen,living,kitchen,kitchen,kitchen,bedroom_2,bedroom_2,entry,living,bedroom_3,living,kitchen,entry,entry,kitchen,entry,bedroom_2,kitchen,kitchen,kitchen,bathroom,kitchen,bedroom_3,bedroom_3,bedroom_3,entry,bathroom,bathroom,entry,kitchen,entry,living,kitchen,kitchen,kitchen,living
22680,d15 Tue 18:00,kitchen,bedroom_2,kitchen,kitchen,kitchen,living,kitchen,kitchen,kitchen,bedroom_2,bedroom_2,entry,living,bedroom_3,living,kitchen,entry,entry,kitchen,entry,bedroom_2,kitchen,kitchen,kitchen,bathroom,kitchen,bedroom_3,bedroom_3,bedroom_3,entry,bathroom,bathroom,entry,kitchen,entry,living,kitchen,kitchen,kitchen,living
22740,d15 Tue 19:00,kitchen,bedroom_2,kitchen,kitchen,kitchen,living,kitchen,kitchen,kitchen,bedroom_2,bedroom_2,entry,living,bedroom_3,living,kitchen,entry,entry,kitchen,entry,bedroom_2,kitchen,kitchen,kitchen,bathroom,kitchen,bedroom_3,bedroom_3,bedroom_3,entry,bathroom,bathroom,entry,kitchen,entry,living,kitchen,kitchen,kitchen,living
22800,d15 Tue 20:00,kitchen,bedroom_2,kitchen,kitchen,kitchen,living,kitchen,kitchen,kitchen,bedroom_2,bedroom_2,entry,living,bedroom_3,living,kitchen,entry,entry,kitchen,entry,bedroom_2,kitchen,kitchen,kitchen,bathroom,kitchen,bedroom_3,bedroom_3,bedroom_3,entry,bathroom,bathroom,entry,kitchen,entry,living,kitchen,kitchen,kitchen,living
22860,d15 Tue 21:00,kitchen,bedroom_2,kitchen,kitchen,kitchen,living,kitchen,kitchen,kitchen,bedroom_2,bedroom_2,entry,living,bedroom_3,living,kitchen,entry,entry,kitchen,entry,bedroom_2,kitchen,kitchen,kitchen,bathroom,kitchen,bedroom_3,bedroom_3,bedroom_3,entry,bathroom,bathroom,entry,kitchen,entry,living,kitchen,kitchen,kitchen,living
22920,d15 Tue 22:00,kitchen,bedroom_2,kitchen,kitchen,kitchen,living,kitchen,kitchen,kitchen,bedroom_2,bedroom_2,entry,living,bedroom_3,living,kitchen,entry,entry,kitchen,entry,bedroom_2,kitchen,kitchen,kitchen,bathroom,kitchen,bedroom_3,bedroom_3,bedroom_3,entry,bathroom,bathroom,entry,kitchen,entry,living,kitchen,kitchen,kitchen,living
22980,d15 Tue 23:00,kitchen,bedroom_2,kitchen,kitchen,kitchen,living,kitchen,kitchen,kitchen,bedroom_2,bedroom_2,entry,living,bedroom_3,living,kitchen,entry,entry,kitchen,entry,bedroom_2,kitchen,kitchen,kitchen,bathroom,kitchen,bedroom_3,bedroom_3,bedroom_3,entry,bathroom,bathroom,entry,kitchen,entry,living,kitchen,kitchen,kitchen,living
23040,d16 Wed 00:00,kitchen,bedroom_2,kitchen,kitchen,kitchen,living,kitchen,kitchen,kitchen,bedroom_2,bedroom_2,entry,living,bedroom_3,living,kitchen,entry,entry,kitchen,entry,bedroom_2,kitchen,kitchen,kitchen,bathroom,kitchen,bedroom_3,bedroom_3,bedroom_3,entry,bathroom,bathroom,entry,kitchen,entry,living,kitchen,kitchen,kitchen,living
23100,d16 Wed 01:00,kitchen,bedroom_2,kitchen,kitchen,kitchen,living,kitchen,kitchen,kitchen,bedroom_2,bedroom_2,entry,living,bedroom_3,living,kitchen,entry,entry,kitchen,entry,bedroom_2,kitchen,kitchen,kitchen,bathroom,kitchen,bedroom_3,bedroom_3,bedroom_3,entry,bathroom,bathroom,entry,kitchen,entry,living,kitchen,kitchen,kitchen,living
23160,d16 Wed 02:00,kitchen,bedroom_2,kitchen,kitchen,kitchen,living,kitchen,kitchen,kitchen,bedroom_2,bedroom_2,entry,living,bedroom_3,living,kitchen,entry,entry,kitchen,entry,bedroom_2,kitchen,kitchen,kitchen,bathroom,kitchen,bedroom_3,bedroom_3,bedroom_3,entry,bathroom,bathroom,entry,kitchen,entry,living,kitchen,kitchen,kitchen,living
23220,d16 Wed 03:00,kitchen,bedroom_2,kitchen,kitchen,kitchen,living,kitchen,kitchen,kitchen,bedroom_2,bedroom_2,entry,living,bedroom_3,living,kitchen,entry,entry,kitchen,entry,bedroom_2,kitchen,kitchen,kitchen,bathroom,kitchen,bedroom_3,bedroom_3,bedroom_3,entry,bathroom,bathroom,entry,kitchen,entry,living,kitchen,kitchen,kitchen,living
23280,d16 Wed 04:00,kitchen,bedroom_2,kitchen,kitchen,kitchen,living,kitchen,kitchen,kitchen,bedroom_2,bedroom_2,entry,living,bedroom_3,living,kitchen,entry,entry,kitchen,entry,bedroom_2,kitchen,kitchen,kitchen,bathroom,kitchen,bedroom_3,bedroom_3,bedroom_3,entry,bathroom,bathroom,entry,kitchen,entry,living,kitchen,kitchen,kitchen,living
23340,d16 Wed 05:00,kitchen,bedroom_2,kitchen,kitchen,kitchen,living,kitchen,kitchen,kitchen,bedroom_2,bedroom_2,entry,living,bedroom_3,living,kitchen,entry,entry,kitchen,entry,bedroom_2,kitchen,kitchen,kitchen,bathroom,kitchen,bedroom_3,bedroom_3,bedroom_3,entry,bathroom,bathroom,entry,kitchen,entry,living,kitchen,kitchen,kitchen,living
23400,d16 Wed 06:00,kitchen,bedroom_2,kitchen,kitchen,kitchen,living,kitchen,kitchen,kitchen,bedroom_2,bedroom_2,entry,living,bedroom_3,living,kitchen,entry,entry,kitchen,entry,bedroom_2,kitchen,kitchen,kitchen,bathroom,kitchen,bedroom_3,bedroom_3,bedroom_3,entry,bathroom,bathroom,entry,kitchen,entry,living,kitchen,kitchen,kitchen,living
23460,d16 Wed 07:00,kitchen,bedroom_2,kitchen,kitchen,kitchen,living,kitchen,kitchen,kitchen,bedroom_2,bedroom_2,entry,living,bedroom_3,living,kitchen,entry,entry,kitchen,entry,bedroom_2,kitchen,kitchen,kitchen,bathroom,kitchen,bedroom_3,bedroom_3,bedroom_3,entry,bathroom,bathroom,entry,kitchen,entry,living,kitchen,kitchen,kitchen,living
23520,d16 Wed 08:00,kitchen,kitchen,kitchen,kitchen,kitchen,living,kitchen,kitchen,kitchen,bedroom_2,bedroom_2,entry,living,bedroom_3,living,kitchen,entry,entry,kitchen,entry,kitchen,kitchen,kitchen,kitchen,bathroom,kitchen,living,living,bedroom_3,entry,bathroom,bathroom,entry,kitchen,entry,living,kitchen,kitchen,kitchen,living
23580,d16 Wed 09:00,kitchen,bedroom_2,living,kitchen,kitchen,living,kitchen,kitchen,kitchen,bedroom_2,bedroom_2,entry,living,bedroom_3,outside,kitchen,outside,entry,kitchen,outside,living,kitchen,kitchen,kitchen,bathroom,kitchen,living,living,bedroom_3,entry,bathroom,bathroom,entry,kitchen,entry,living,kitchen,outside,kitchen,living
23640,d16 Wed 10:00,kitchen,bedroom_2,living,kitchen,kitchen,living,kitchen,kitchen,kitchen,bedroom_2,bedroom_2,entry,living,bedroom_3,outside,kitchen,outside,entry,kitchen,outside,living,kitchen,kitchen,kitchen,bathroom,kitchen,living,living,bedroom_3,entry,bathroom,bathroom,entry,kitchen,entry,living,kitchen,outside,kitchen,living
23700,d16 Wed 11:00,kitchen,bedroom_2,living,kitchen,kitchen,living,kitchen,kitchen,kitchen,bedroom_2,bedroom_2,entry,living,bedroom_3,outside,kitchen,outside,entry,kitchen,outside,living,kitchen,kitchen,kitchen,bathroom,kitchen,living,living,bedroom_3,entry,bathroom,bathroom,entry,kitchen,entry,living,kitchen,outside,kitchen,living
23760,d16 Wed 12:00,kitchen,bedroom_2,living,kitchen,kitchen,living,kitchen,kitchen,kitchen,bedroom_2,bedroom_2,entry,living,bedroom_3,outside,kitchen,outside,entry,kitchen,outside,living,kitchen,kitchen,kitchen,bathroom,kitchen,living,living,bedroom_3,entry,bathroom,bathroom,entry,kitchen,entry,living,kitchen,outside,kitchen,living
23820,d16 Wed 13:00,kitchen,bedroom_2,living,kitchen,kitchen,living,kitchen,kitchen,kitchen,bedroom_2,bedroom_2,entry,living,bedroom_3,outside,kitchen,outside,entry,kitchen,outside,living,kitchen,kitchen,kitchen,bathroom,kitchen,living,living,bedroom_3,entry,bathroom,bathroom,entry,kitchen,entry,living,kitchen,outside,kitchen,living
23880,d16 Wed 14:00,kitchen,bedroom_2,living,kitchen,kitchen,living,kitchen,kitchen,kitchen,bedroom_2,bedroom_2,entry,living,bedroom_3,outside,kitchen,outside,entry,kitchen,outside,living,kitchen,kitchen,kitchen,bathroom,kitchen,living,living,bedroom_3,entry,bathroom,bathroom,entry,kitchen,entry,living,kitchen,outside,kitchen,living
23940,d16 Wed 15:00,kitchen,bedroom_2,living,kitchen,kitchen,living,kitchen,kitchen,kitchen,bedroom_2,bedroom_2,entry,living,bedroom_3,outside,kitchen,outside,entry,kitchen,outside,living,kitchen,kitchen,kitchen,bathroom,kitchen,living,living,bedroom_3,entry,bathroom,bathroom,entry,kitchen,entry,living,kitchen,outside,kitchen,living
24000,d16 Wed 16:00,kitchen,bedroom_2,living,kitchen,kitchen,living,kitchen,kitchen,kitchen,bedroom_2,living,entry,living,bedroom_3,living,kitchen,entry,entry,kitchen,entry,living,kitchen,kitchen,kitchen,bathroom,kitchen,living,living,bedroom_3,entry,bathroom,bathroom,entry,kitchen,entry,living,kitchen,kitchen,kitchen,living
24060,d16 Wed 17:00,kitchen,bedroom_2,living,kitchen,kitchen,living,kitchen,kitchen,kitchen,bedroom_2,living,entry,living,bedroom_3,living,kitchen,entry,entry,outside,entry,living,kitchen,kitchen,kitchen,bathroom,kitchen,living,living,bedroom_3,outside,bathroom,bathroom,entry,kitchen,entry,living,kitchen,kitchen,kitchen,living
24120,d16 Wed 18:00,kitchen,bedroom_2,living,kitchen,kitchen,kitchen,kitchen,kitchen,kitchen,outside,living,entry,living,bedroom_3,living,kitchen,entry,entry,kitchen,entry,living,kitchen,kitchen,kitchen,bathroom,kitchen,living,living,bedroom_3,entry,bathroom,bathroom,entry,kitchen,entry,living,kitchen,kitchen,kitchen,living
24180,d16 Wed 19:00,kitchen,bedroom_2,kitchen,kitchen,kitchen,living,kitchen,kitchen,kitchen,outside,living,entry,living,bedroom_3,living,kitchen,entry,entry,kitchen,entry,living,kitchen,kitchen,kitchen,bathroom,kitchen,bedroom_3,bedroom_3,bedroom_3,entry,bathroom,bathroom,entry,kitchen,entry,living,kitchen,kitchen,kitchen,living
24240,d16 Wed 20:00,kitchen,bedroom_2,kitchen,kitchen,kitchen,living,kitchen,kitchen,kitchen,outside,living,entry,living,bedroom_3,living,kitchen,entry,entry,kitchen,entry,living,kitchen,kitchen,kitchen,bathroom,kitchen,bedroom_3,bedroom_3,bedroom_3,entry,bathroom,bathroom,entry,kitchen,entry,living,kitchen,kitchen,kitchen,living
24300,d16 Wed 21:00,kitchen,bedroom_2,kitchen,kitchen,kitchen,living,kitchen,kitchen,kitchen,outside,living,entry,living,bedroom_3,living,kitchen,entry,entry,kitchen,entry,living,kitchen,kitchen,kitchen,bathroom,kitchen,bedroom_3,bedroom_3,bedroom_3,entry,bathroom,bathroom,entry,kitchen,entry,living,kitchen,kitchen,kitchen,living
24360,d16 Wed 22:00,kitchen,bedroom_2,kitchen,kitchen,kitchen,living,kitchen,kitchen,kitchen,bedroom_2,living,entry,living,bedroom_3,living,kitchen,entry,entry,kitchen,entry,bedroom_2,kitchen,kitchen,kitchen,bathroom,kitchen,bedroom_3,bedroom_3,bedroom_3,entry,bathroom,bathroom,entry,kitchen,entry,living,kitchen,kitchen,kitchen,living
24420,d16 Wed 23:00,kitchen,bedroom_2,kitchen,kitchen,kitchen,living,kitchen,kitchen,kitchen,bedroom_2,living,entry,living,bedroom_3,living,kitchen,entry,entry,kitchen,entry,bedroom_2,kitchen,kitchen,kitchen,bathroom,kitchen,bedroom_3,bedroom_3,bedroom_3,entry,bathroom,bathroom,entry,kitchen,entry,living,kitchen,kitchen,kitchen,living
24480,d17 Thu 00:00,kitchen,bedroom_2,kitchen,kitchen,kitchen,living,kitchen,kitchen,kitchen,bedroom_2,living,entry,living,bedroom_3,living,kitchen,entry,entry,kitchen,entry,bedroom_2,kitchen,kitchen,kitchen,bathroom,kitchen,bedroom_3,bedroom_3,bedroom_3,entry,bathroom,bathroom,entry,kitchen,entry,living,kitchen,kitchen,kitchen,living
24540,d17 Thu 01:00,kitchen,bedroom_2,kitchen,kitchen,kitchen,living,kitchen,kitchen,kitchen,bedroom_2,living,entry,living,bedroom_3,living,kitchen,entry,entry,kitchen,entry,bedroom_2,kitchen,kitchen,kitchen,bathroom,kitchen,bedroom_3,bedroom_3,bedroom_3,entry,bathroom,bathroom,entry,kitchen,entry,living,kitchen,kitchen,kitchen,living
24600,d17 Thu 02:00,kitchen,bedroom_2,kitchen,kitchen,kitchen,living,kitchen,kitchen,kitchen,bedroom_2,living,entry,living,bedroom_3,living,kitchen,entry,entry,kitchen,entry,bedroom_2,kitchen,kitchen,kitchen,bathroom,kitchen,bedroom_3,bedroom_3,bedroom_3,entry,bathroom,bathroom,entry,kitchen,entry,living,kitchen,kitchen,kitchen,living
24660,d17 Thu 03:00,kitchen,bedroom_2,kitchen,kitchen,kitchen,living,kitchen,kitchen,kitchen,bedroom_2,living,entry,living,bedroom_3,living,kitchen,entry,entry,kitchen,entry,bedroom_2,kitchen,kitchen,kitchen,bathroom,kitchen,bedroom_3,bedroom_3,bedroom_3,entry,bathroom,bathroom,entry,kitchen,entry,living,kitchen,kitchen,kitchen,living
24720,d17 Thu 04:00,kitchen,bedroom_2,kitchen,kitchen,kitchen,living,kitchen,kitchen,kitchen,bedroom_2,living,entry,living,bedroom_3,living,kitchen,entry,entry,kitchen,entry,bedroom_2,kitchen,kitchen,kitchen,bathroom,kitchen,bedroom_3,bedroom_3,bedroom_3,entry,bathroom,bathroom,entry,kitchen,entry,living,kitchen,kitchen,kitchen,living
24780,d17 Thu 05:00,kitchen,bedroom_2,kitchen,kitchen,kitchen,living,kitchen,kitchen,kitchen,bedroom_2,living,entry,living,bedroom_3,living,kitchen,entry,entry,kitchen,entry,bedroom_2,kitchen,kitchen,kitchen,bathroom,kitchen,bedroom_3,bedroom_3,bedroom_3,entry,bathroom,bathroom,entry,kitchen,entry,living,kitchen,kitchen,kitchen,living
24840,d17 Thu 06:00,kitchen,bedroom_2,kitchen,kitchen,kitchen,living,kitchen,kitchen,kitchen,bedroom_2,living,entry,living,bedroom_3,living,kitchen,entry,entry,kitchen,entry,bedroom_2,kitchen,kitchen,kitchen,bathroom,kitchen,bedroom_3,bedroom_3,bedroom_3,entry,bathroom,bathroom,entry,kitchen,entry,living,kitchen,kitchen,kitchen,living
24900,d17 Thu 07:00,kitchen,bedroom_2,kitchen,kitchen,kitchen,living,kitchen,kitchen,kitchen,bedroom_2,living,entry,living,bedroom_3,living,kitchen,entry,entry,kitchen,entry,bedroom_2,kitchen,kitchen,kitchen,bathroom,kitchen,bedroom_3,bedroom_3,bedroom_3,entry,bathroom,bathroom,entry,kitchen,entry,living,kitchen,kitchen,kitchen,living
24960,d17 Thu 08:00,kitchen,bedroom_2,kitchen,kitchen,kitchen,living,kitchen,kitchen,kitchen,bedroom_2,living,entry,living,bedroom_3,living,kitchen,entry,entry,kitchen,entry,bedroom_2,kitchen,kitchen,kitchen,bathroom,kitchen,bedroom_3,bedroom_3,bedroom_3,entry,bathroom,bathroom,entry,kitchen,entry,living,kitchen,kitchen,kitchen,living
25020,d17 Thu 09:00,kitchen,bedroom_2,kitchen,kitchen,kitchen,living,kitchen,kitchen,kitchen,bedroom_2,living,entry,living,bedroom_3,living,kitchen,entry,entry,kitchen,entry,bedroom_2,kitchen,kitchen,kitchen,bathroom,kitchen,bedroom_3,bedroom_3,bedroom_3,entry,bathroom,bathroom,entry,kitchen,entry,living,kitchen,kitchen,kitchen,living
25080,d17 Thu 10:00,kitchen,bedroom_2,kitchen,kitchen,kitchen,living,kitchen,kitchen,kitchen,bedroom_2,living,entry,living,bedroom_3,living,kitchen,entry,entry,kitchen,entry,bedroom_2,kitchen,kitchen,kitchen,bathroom,kitchen,bedroom_3,bedroom_3,bedroom_3,entry,bathroom,bathroom,entry,kitchen,entry,living,kitchen,kitchen,kitchen,living
25140,d17 Thu 11:00,kitchen,bedroom_2,kitchen,kitchen,kitchen,living,kitchen,kitchen,kitchen,bedroom_2,living,entry,living,bedroom_3,living,kitchen,entry,entry,kitchen,entry,bedroom_2,kitchen,kitchen,kitchen,bathroom,kitchen,bedroom_3,bedroom_3,bedroom_3,entry,bathroom,bathroom,entry,kitchen,entry,living,kitchen,kitchen,kitchen,living
25200,d17 Thu 12:00,kitchen,bedroom_2,kitchen,kitchen,kitchen,living,kitchen,kitchen,kitchen,bedroom_2,living,entry,living,bedroom_3,living,kitchen,entry,entry,kitchen,entry,bedroom_2,kitchen,kitchen,kitchen,bathroom,kitchen,bedroom_3,bedroom_3,bedroom_3,entry,bathroom,bathroom,entry,kitchen,entry,living,kitchen,kitchen,kitchen,living
25260,d17 Thu 13:00,kitchen,bedroom_2,kitchen,kitchen,kitchen,living,kitchen,kitchen,kitchen,bedroom_2,living,entry,living,bedroom_3,living,kitchen,entry,entry,kitchen,entry,bedroom_2,kitchen,kitchen,kitchen,bathroom,kitchen,bedroom_3,bedroom_3,bedroom_3,entry,bathroom,bathroom,entry,kitchen,entry,living,kitchen,kitchen,kitchen,living
25320,d17 Thu 14:00,kitchen,bedroom_2,kitchen,kitchen,kitchen,living,kitchen,kitchen,kitchen,bedroom_2,living,entry,living,bedroom_3,living,kitchen,entry,entry,kitchen,entry,bedroom_2,kitchen,kitchen,kitchen,bathroom,kitchen,bedroom_3,bedroom_3,bedroom_3,entry,bathroom,bathroom,entry,kitchen,entry,living,kitchen,kitchen,kitchen,living
25380,d17 Thu 15:00,kitchen,bedroom_2,kitchen,kitchen,kitchen,living,kitchen,kitchen,kitchen,bedroom_2,living,entry,living,bedroom_3,living,kitchen,entry,entry,kitchen,entry,bedroom_2,kitchen,kitchen,kitchen,bathroom,kitchen,bedroom_3,bedroom_3,bedroom_3,entry,bathroom,bathroom,entry,kitchen,entry,living,kitchen,kitchen,kitchen,living
25440,d17 Thu 16:00,kitchen,bedroom_2,kitchen,kitchen,kitchen,living,kitchen,kitchen,kitchen,bedroom_2,living,entry,living,bedroom_3,living,kitchen,entry,entry,kitchen,entry,bedroom_2,kitchen,kitchen,kitchen,bathroom,kitchen,bedroom_3,bedroom_3,bedroom_3,entry,bathroom,bathroom,entry,kitchen,entry,living,kitchen,kitchen,kitchen,living
25500,d17 Thu 17:00,kitchen,bedroom_2,kitchen,kitchen,kitchen,living,kitchen,kitchen,kitchen,bedroom_2,living,entry,living,bedroom_3,living,kitchen,entry,entry,kitchen,entry,bedroom_2,kitchen,kitchen,kitchen,bathroom,kitchen,bedroom_3,bedroom_3,bedroom_3,entry,bathroom,bathroom,entry,kitchen,entry,living,kitchen,kitchen,kitchen,living
25560,d17 Thu 18:00,kitchen,bedroom_2,kitchen,kitchen,kitchen,living,kitchen,kitchen,kitchen,bedroom_2,living,entry,living,bedroom_3,living,kitchen,entry,entry,kitchen,entry,bedroom_2,kitchen,kitchen,kitchen,bathroom,kitchen,bedroom_3,bedroom_3,bedroom_3,entry,bathroom,bathroom,entry,kitchen,entry,living,kitchen,kitchen,kitchen,living
25620,d17 Thu 19:00,kitchen,bedroom_2,kitchen,kitchen,kitchen,living,kitchen,kitchen,kitchen,bedroom_2,living,entry,living,bedroom_3,living,kitchen,entry,entry,kitchen,entry,bedroom_2,kitchen,kitchen,kitchen,bathroom,kitchen,bedroom_3,bedroom_3,bedroom_3,entry,bathroom,bathroom,entry,kitchen,entry,living,kitchen,kitchen,kitchen,living
25680,d17 Thu 20:00,kitchen,bedroom_2,kitchen,kitchen,kitchen,living,kitchen,kitchen,kitchen,bedroom_2,living,entry,living,bedroom_3,living,kitchen,entry,entry,kitchen,entry,bedroom_2,kitchen,kitchen,kitchen,bathroom,kitchen,bedroom_3,bedroom_3,bedroom_3,entry,bathroom,bathroom,entry,kitchen,entry,living,kitchen,kitchen,kitchen,living
25740,d17 Thu 21:00,kitchen,bedroom_2,kitchen,kitchen,kitchen,living,kitchen,kitchen,kitchen,bedroom_2,living,entry,living,bedroom_3,living,kitchen,entry,entry,kitchen,entry,bedroom_2,kitchen,kitchen,kitchen,bathroom,kitchen,bedroom_3,bedroom_3,bedroom_3,entry,bathroom,bathroom,entry,kitchen,entry,living,kitchen,kitchen,kitchen,living
25800,d17 Thu 22:00,kitchen,bedroom_2,kitchen,kitchen,kitchen,living,kitchen,kitchen,kitchen,bedroom_2,living,entry,living,bedroom_3,living,kitchen,entry,entry,kitchen,entry,bedroom_2,kitchen,kitchen,kitchen,bathroom,kitchen,bedroom_3,bedroom_3,bedroom_3,entry,bathroom,bathroom,entry,kitchen,entry,living,kitchen,kitchen,kitchen,living
25860,d17 Thu 23:00,kitchen,bedroom_2,kitchen,kitchen,kitchen,living,kitchen,kitchen,kitchen,bedroom_2,living,entry,living,bedroom_3,living,kitchen,entry,entry,kitchen,entry,bedroom_2,kitchen,kitchen,kitchen,bathroom,kitchen,bedroom_3,bedroom_3,bedroom_3,entry,bathroom,bathroom,entry,kitchen,entry,living,kitchen,kitchen,kitchen,living
25920,d18 Fri 00:00,kitchen,bedroom_2,kitchen,kitchen,kitchen,living,kitchen,kitchen,kitchen,bedroom_2,living,entry,living,bedroom_3,living,kitchen,entry,entry,kitchen,entry,bedroom_2,kitchen,kitchen,kitchen,bathroom,kitchen,bedroom_3,bedroom_3,bedroom_3,entry,bathroom,bathroom,entry,kitchen,entry,living,kitchen,kitchen,kitchen,living
25980,d18 Fri 01:00,kitchen,bedroom_2,kitchen,kitchen,kitchen,living,kitchen,kitchen,kitchen,bedroom_2,living,entry,living,bedroom_3,living,kitchen,entry,entry,kitchen,entry,bedroom_2,kitchen,kitchen,kitchen,bathroom,kitchen,bedroom_3,bedroom_3,bedroom_3,entry,bathroom,bathroom,entry,kitchen,entry,living,kitchen,kitchen,kitchen,living
26040,d18 Fri 02:00,kitchen,bedroom_2,kitchen,kitchen,kitchen,living,kitchen,kitchen,kitchen,bedroom_2,living,entry,living,bedroom_3,living,kitchen,entry,entry,kitchen,entry,bedroom_2,kitchen,kitchen,kitchen,bathroom,kitchen,bedroom_3,bedroom_3,bedroom_3,entry,bathroom,bathroom,entry,kitchen,entry,living,kitchen,kitchen,kitchen,living
26100,d18 Fri 03:00,kitchen,bedroom_2,kitchen,kitchen,kitchen,living,kitchen,kitchen,kitchen,bedroom_2,living,entry,living,bedroom_3,living,kitchen,entry,entry,kitchen,entry,bedroom_2,kitchen,kitchen,kitchen,bathroom,kitchen,bedroom_3,bedroom_3,bedroom_3,entry,bathroom,bathroom,entry,kitchen,entry,living,kitchen,kitchen,kitchen,living
26160,d18 Fri 04:00,kitchen,bedroom_2,kitchen,kitchen,kitchen,living,kitchen,kitchen,kitchen,bedroom_2,living,entry,living,bedroom_3,living,kitchen,entry,entry,kitchen,entry,bedroom_2,kitchen,kitchen,kitchen,bathroom,kitchen,bedroom_3,bedroom_3,bedroom_3,entry,bathroom,bathroom,entry,kitchen,entry,living,kitchen,kitchen,kitchen,living
26220,d18 Fri 05:00,kitchen,bedroom_2,kitchen,kitchen,kitchen,living,kitchen,kitchen,kitchen,bedroom_2,living,entry,living,bedroom_3,living,kitchen,entry,entry,kitchen,entry,bedroom_2,kitchen,kitchen,kitchen,bathroom,kitchen,bedroom_3,bedroom_3,bedroom_3,entry,bathroom,bathroom,entry,kitchen,entry,living,kitchen,kitchen,kitchen,living
26280,d18 Fri 06:00,kitchen,bedroom_2,kitchen,kitchen,kitchen,living,kitchen,kitchen,kitchen,bedroom_2,living,entry,living,bedroom_3,living,kitchen,entry,entry,kitchen,entry,bedroom_2,kitchen,kitchen,kitchen,bathroom,kitchen,bedroom_3,bedroom_3,bedroom_3,entry,bathroom,bathroom,entry,kitchen,entry,living,kitchen,kitchen,kitchen,living
26340,d18 Fri 07:00,kitchen,bedroom_2,kitchen,kitchen,kitchen,living,kitchen,kitchen,kitchen,bedroom_2,living,entry,living,bedroom_3,living,kitchen,entry,entry,kitchen,entry,bedroom_2,kitchen,kitchen,kitchen,bathroom,kitchen,bedroom_3,bedroom_3,bedroom_3,entry,bathroom,bathroom,entry,kitchen,entry,living,kitchen,kitchen,kitchen,living
26400,d18 Fri 08:00,kitchen,bedroom_2,kitchen,kitchen,kitchen,living,kitchen,kitchen,kitchen,bedroom_2,living,entry,living,bedroom_3,living,kitchen,entry,entry,kitchen,entry,bedroom_2,kitchen,kitchen,kitchen,bathroom,kitchen,bedroom_3,bedroom_3,bedroom_3,entry,bathroom,bathroom,entry,kitchen,entry,living,kitchen,kitchen,kitchen,living
26460,d18 Fri 09:00,kitchen,bedroom_2,kitchen,kitchen,kitchen,living,kitchen,kitchen,kitchen,bedroom_2,living,entry,living,bedroom_3,living,kitchen,entry,entry,kitchen,entry,bedroom_2,kitchen,kitchen,kitchen,bathroom,kitchen,bedroom_3,bedroom_3,bedroom_3,entry,bathroom,bathroom,entry,kitchen,entry,living,kitchen,kitchen,kitchen,living
26520,d18 Fri 10:00,kitchen,bedroom_2,kitchen,kitchen,kitchen,living,kitchen,kitchen,kitchen,bedroom_2,living,entry,living,bedroom_3,living,kitchen,entry,entry,kitchen,entry,bedroom_2,kitchen,kitchen,kitchen,bathroom,kitchen,bedroom_3,bedroom_3,bedroom_3,entry,bathroom,bathroom,entry,kitchen,entry,living,kitchen,kitchen,kitchen,living
26580,d18 Fri 11:00,kitchen,bedroom_2,kitchen,kitchen,kitchen,living,kitchen,kitchen,kitchen,bedroom_2,living,entry,living,bedroom_3,living,kitchen,entry,entry,kitchen,entry,bedroom_2,kitchen,kitchen,kitchen,bathroom,kitchen,bedroom_3,bedroom_3,bedroom_3,entry,bathroom,bathroom,entry,kitchen,entry,living,kitchen,kitchen,kitchen,living
26640,d18 Fri 12:00,kitchen,bedroom_2,kitchen,kitchen,kitchen,living,kitchen,kitchen,kitchen,bedroom_2,living,entry,living,bedroom_3,living,kitchen,entry,entry,kitchen,entry,bedroom_2,kitchen,kitchen,kitchen,bathroom,kitchen,bedroom_3,bedroom_3,bedroom_3,entry,bathroom,bathroom,entry,kitchen,entry,living,kitchen,kitchen,kitchen,living
26700,d18 Fri 13:00,kitchen,bedroom_2,kitchen,kitchen,kitchen,living,kitchen,kitchen,kitchen,bedroom_2,living,entry,living,bedroom_3,living,kitchen,entry,entry,kitchen,entry,bedroom_2,kitchen,kitchen,kitchen,bathroom,kitchen,bedroom_3,bedroom_3,bedroom_3,entry,bathroom,bathroom,entry,kitchen,entry,living,kitchen,kitchen,kitchen,living
26760,d18 Fri 14:00,kitchen,bedroom_2,kitchen,kitchen,kitchen,living,kitchen,kitchen,kitchen,bedroom_2,living,entry,living,bedroom_3,living,kitchen,entry,entry,kitchen,entry,bedroom_2,kitchen,kitchen,kitchen,bathroom,kitchen,bedroom_3,bedroom_3,bedroom_3,entry,bathroom,bathroom,entry,kitchen,entry,living,kitchen,kitchen,kitchen,living
26820,d18 Fri 15:00,kitchen,bedroom_2,kitchen,kitchen,kitchen,living,kitchen,kitchen,kitchen,bedroom_2,living,entry,living,bedroom_3,living,kitchen,entry,entry,kitchen,entry,bedroom_2,kitchen,kitchen,kitchen,bathroom,kitchen,bedroom_3,bedroom_3,bedroom_3,entry,bathroom,bathroom,entry,kitchen,entry,living,kitchen,kitchen,kitchen,living
26880,d18 Fri 16:00,kitchen,bedroom_2,kitchen,kitchen,kitchen,living,kitchen,kitchen,kitchen,bedroom_2,living,entry,living,bedroom_3,living,kitchen,entry,entry,kitchen,entry,bedroom_2,kitchen,kitchen,kitchen,bathroom,kitchen,bedroom_3,bedroom_3,bedroom_3,entry,bathroom,bathroom,entry,kitchen,entry,living,kitchen,kitchen,kitchen,living
26940,d18 Fri 17:00,kitchen,bedroom_2,kitchen,kitchen,kitchen,living,kitchen,kitchen,kitchen,bedroom_2,living,entry,living,bedroom_3,living,kitchen,entry,entry,kitchen,entry,bedroom_2,kitchen,kitchen,kitchen,bathroom,kitchen,bedroom_3,bedroom_3,bedroom_3,entry,bathroom,bathroom,entry,kitchen,entry,living,kitchen,kitchen,kitchen,living
27000,d18 Fri 18:00,kitchen,bedroom_2,kitchen,kitchen,kitchen,living,kitchen,kitchen,kitchen,bedroom_2,living,entry,living,bedroom_3,living,kitchen,entry,entry,kitchen,entry,bedroom_2,kitchen,kitchen,kitchen,bathroom,kitchen,bedroom_3,bedroom_3,bedroom_3,entry,bathroom,bathroom,entry,kitchen,entry,living,kitchen,kitchen,kitchen,living
27060,d18 Fri 19:00,kitchen,bedroom_2,kitchen,kitchen,kitchen,living,kitchen,kitchen,kitchen,bedroom_2,living,entry,living,bedroom_3,living,kitchen,entry,entry,kitchen,entry,bedroom_2,kitchen,kitchen,kitchen,bathroom,kitchen,bedroom_3,bedroom_3,bedroom_3,entry,bathroom,bathroom,entry,kitchen,entry,living,kitchen,kitchen,kitchen,living
27120,d18 Fri 20:00,kitchen,bedroom_2,kitchen,kitchen,kitchen,living,kitchen,kitchen,kitchen,bedroom_2,living,entry,living,bedroom_3,living,kitchen,entry,entry,kitchen,entry,bedroom_2,kitchen,kitchen,kitchen,bathroom,kitchen,bedroom_3,bedroom_3,bedroom_3,entry,bathroom,bathroom,entry,kitchen,entry,living,kitchen,kitchen,kitchen,living
27180,d18 Fri 21:00,kitchen,bedroom_2,kitchen,kitchen,kitchen,living,kitchen,kitchen,kitchen,bedroom_2,living,entry,living,bedroom_3,living,kitchen,entry,entry,kitchen,entry,bedroom_2,kitchen,kitchen,kitchen,bathroom,kitchen,bedroom_3,bedroom_3,bedroom_3,entry,bathroom,bathroom,entry,kitchen,entry,living,kitchen,kitchen,kitchen,living
27240,d18 Fri 22:00,kitchen,bedroom_2,kitchen,kitchen,kitchen,living,kitchen,kitchen,kitchen,bedroom_2,living,entry,living,bedroom_3,living,kitchen,entry,entry,kitchen,entry,bedroom_2,kitchen,kitchen,kitchen,bathroom,kitchen,bedroom_3,bedroom_3,bedroom_3,entry,bathroom,bathroom,entry,kitchen,entry,living,kitchen,kitchen,kitchen,living
27300,d18 Fri 23:00,kitchen,bedroom_2,kitchen,kitchen,kitchen,living,kitchen,kitchen,kitchen,bedroom_2,living,entry,living,bedroom_3,living,kitchen,entry,entry,kitchen,entry,bedroom_2,kitchen,kitchen,kitchen,bathroom,kitchen,bedroom_3,bedroom_3,bedroom_3,entry,bathroom,bathroom,entry,kitchen,entry,living,kitchen,kitchen,kitchen,living
27360,d19 Sat 00:00,kitchen,bedroom_2,kitchen,kitchen,kitchen,living,kitchen,kitchen,kitchen,bedroom_2,living,entry,living,bedroom_3,living,kitchen,entry,entry,kitchen,entry,bedroom_2,kitchen,kitchen,kitchen,bathroom,kitchen,bedroom_3,bedroom_3,bedroom_3,entry,bathroom,bathroom,entry,kitchen,entry,living,kitchen,kitchen,kitchen,living
27420,d19 Sat 01:00,kitchen,bedroom_2,kitchen,kitchen,kitchen,living,kitchen,kitchen,kitchen,bedroom_2,living,entry,living,bedroom_3,living,kitchen,entry,entry,kitchen,entry,bedroom_2,kitchen,kitchen,kitchen,bathroom,kitchen,bedroom_3,bedroom_3,bedroom_3,entry,bathroom,bathroom,entry,kitchen,entry,living,kitchen,kitchen,kitchen,living
27480,d19 Sat 02:00,kitchen,bedroom_2,kitchen,kitchen,kitchen,living,kitchen,kitchen,kitchen,bedroom_2,living,entry,living,bedroom_3,living,kitchen,entry,entry,kitchen,entry,bedroom_2,kitchen,kitchen,kitchen,bathroom,kitchen,bedroom_3,bedroom_3,bedroom_3,entry,bathroom,bathroom,entry,kitchen,entry,living,kitchen,kitchen,kitchen,living
27540,d19 Sat 03:00,kitchen,bedroom_2,kitchen,kitchen,kitchen,living,kitchen,kitchen,kitchen,bedroom_2,living,entry,living,bedroom_3,living,kitchen,entry,entry,kitchen,entry,bedroom_2,kitchen,kitchen,kitchen,bathroom,kitchen,bedroom_3,bedroom_3,bedroom_3,entry,bathroom,bathroom,entry,kitchen,entry,living,kitchen,kitchen,kitchen,living
27600,d19 Sat 04:00,kitchen,bedroom_2,kitchen,kitchen,kitchen,living,kitchen,kitchen,kitchen,bedroom_2,living,entry,living,bedroom_3,living,kitchen,entry,entry,kitchen,entry,bedroom_2,kitchen,kitchen,kitchen,bathroom,kitchen,bedroom_3,bedroom_3,bedroom_3,entry,bathroom,bathroom,entry,kitchen,entry,living,kitchen,kitchen,kitchen,living
27660,d19 Sat 05:00,kitchen,bedroom_2,kitchen,kitchen,kitchen,living,kitchen,kitchen,kitchen,bedroom_2,living,entry,living,bedroom_3,living,kitchen,entry,entry,kitchen,entry,bedroom_2,kitchen,kitchen,kitchen,bathroom,kitchen,bedroom_3,bedroom_3,bedroom_3,entry,bathroom,bathroom,entry,kitchen,entry,living,kitchen,kitchen,kitchen,living
27720,d19 Sat 06:00,kitchen,bedroom_2,kitchen,kitchen,kitchen,living,kitchen,kitchen,kitchen,bedroom_2,living,entry,living,bedroom_3,living,kitchen,entry,entry,kitchen,entry,bedroom_2,kitchen,kitchen,kitchen,bathroom,kitchen,bedroom_3,bedroom_3,bedroom_3,entry,bathroom,bathroom,entry,kitchen,entry,living,kitchen,kitchen,kitchen,living
27780,d19 Sat 07:00,kitchen,bedroom_2,kitchen,kitchen,kitchen,living,kitchen,kitchen,kitchen,bedroom_2,living,entry,living,bedroom_3,living,kitchen,entry,entry,kitchen,entry,bedroom_2,kitchen,kitchen,kitchen,bathroom,kitchen,bedroom_3,bedroom_3,bedroom_3,entry,bathroom,bathroom,entry,kitchen,entry,living,kitchen,kitchen,kitchen,living
27840,d19 Sat 08:00,kitchen,bedroom_2,kitchen,kitchen,kitchen,living,kitchen,kitchen,kitchen,bedroom_2,living,entry,living,bedroom_3,living,kitchen,entry,entry,kitchen,entry,bedroom_2,kitchen,kitchen,kitchen,bathroom,kitchen,bedroom_3,bedroom_3,bedroom_3,entry,bathroom,bathroom,entry,kitchen,entry,living,kitchen,kitchen,kitchen,living
27900,d19 Sat 09:00,kitchen,bedroom_2,kitchen,kitchen,kitchen,living,kitchen,kitchen,kitchen,bedroom_2,living,entry,living,bedroom_3,living,kitchen,entry,entry,kitchen,entry,bedroom_2,kitchen,kitchen,kitchen,bathroom,kitchen,bedroom_3,bedroom_3,bedroom_3,entry,bathroom,bathroom,entry,kitchen,entry,living,kitchen,kitchen,kitchen,living
27960,d19 Sat 10:00,kitchen,bedroom_2,kitchen,kitchen,kitchen,living,kitchen,kitchen,kitchen,bedroom_2,living,entry,living,bedroom_3,living,kitchen,entry,entry,kitchen,entry,bedroom_2,kitchen,kitchen,kitchen,bathroom,kitchen,bedroom_3,bedroom_3,bedroom_3,entry,bathroom,bathroom,entry,kitchen,entry,living,kitchen,kitchen,kitchen,living
28020,d19 Sat 11:00,kitchen,bedroom_2,kitchen,kitchen,kitchen,living,kitchen,kitchen,kitchen,bedroom_2,living,entry,living,bedroom_3,living,kitchen,entry,entry,kitchen,entry,bedroom_2,kitchen,kitchen,kitchen,bathroom,kitchen,bedroom_3,bedroom_3,bedroom_3,entry,bathroom,bathroom,entry,kitchen,entry,living,kitchen,kitchen,kitchen,living
28080,d19 Sat 12:00,kitchen,bedroom_2,kitchen,kitchen,kitchen,living,kitchen,kitchen,kitchen,bedroom_2,living,entry,living,bedroom_3,living,kitchen,entry,entry,kitchen,entry,bedroom_2,kitchen,kitchen,kitchen,bathroom,kitchen,bedroom_3,bedroom_3,bedroom_3,entry,bathroom,bathroom,entry,kitchen,entry,living,kitchen,kitchen,kitchen,living
28140,d19 Sat 13:00,kitchen,bedroom_2,kitchen,kitchen,kitchen,living,kitchen,kitchen,kitchen,bedroom_2,living,entry,living,bedroom_3,living,kitchen,entry,entry,kitchen,entry,bedroom_2,kitchen,kitchen,kitchen,bathroom,kitchen,bedroom_3,bedroom_3,bedroom_3,entry,bathroom,bathroom,entry,kitchen,entry,living,kitchen,kitchen,kitchen,living
28200,d19 Sat 14:00,kitchen,bedroom_2,kitchen,kitchen,kitchen,living,kitchen,kitchen,kitchen,bedroom_2,living,entry,living,bedroom_3,living,kitchen,entry,entry,kitchen,entry,bedroom_2,kitchen,kitchen,kitchen,bathroom,kitchen,bedroom_3,bedroom_3,bedroom_3,entry,bathroom,bathroom,entry,kitchen,entry,living,kitchen,kitchen,kitchen,living
28260,d19 Sat 15:00,kitchen,bedroom_2,kitchen,kitchen,kitchen,living,kitchen,kitchen,kitchen,bedroom_2,living,entry,living,bedroom_3,living,kitchen,entry,entry,kitchen,entry,bedroom_2,kitchen,kitchen,kitchen,bathroom,kitchen,bedroom_3,bedroom_3,bedroom_3,entry,bathroom,bathroom,entry,kitchen,entry,living,kitchen,kitchen,kitchen,living
28320,d19 Sat 16:00,kitchen,bedroom_2,kitchen,kitchen,kitchen,living,kitchen,kitchen,kitchen,bedroom_2,living,entry,living,bedroom_3,living,kitchen,entry,entry,kitchen,entry,bedroom_2,kitchen,kitchen,kitchen,bathroom,kitchen,bedroom_3,bedroom_3,bedroom_3,entry,bathroom,bathroom,entry,kitchen,entry,living,kitchen,kitchen,kitchen,living
28380,d19 Sat 17:00,kitchen,bedroom_2,kitchen,kitchen,kitchen,living,kitchen,kitchen,kitchen,bedroom_2,living,entry,living,bedroom_3,living,kitchen,entry,entry,kitchen,entry,bedroom_2,kitchen,kitchen,kitchen,bathroom,kitchen,bedroom_3,bedroom_3,bedroom_3,entry,bathroom,bathroom,entry,kitchen,entry,living,kitchen,kitchen,kitchen,living
28440,d19 Sat 18:00,kitchen,bedroom_2,kitchen,kitchen,kitchen,living,kitchen,kitchen,kitchen,bedroom_2,living,entry,living,bedroom_3,living,kitchen,entry,entry,kitchen,entry,bedroom_2,kitchen,kitchen,kitchen,bathroom,kitchen,bedroom_3,bedroom_3,bedroom_3,entry,bathroom,bathroom,entry,kitchen,entry,living,kitchen,kitchen,kitchen,living
28500,d19 Sat 19:00,kitchen,bedroom_2,kitchen,kitchen,kitchen,living,kitchen,kitchen,kitchen,bedroom_2,living,entry,living,bedroom_3,living,kitchen,entry,entry,kitchen,entry,bedroom_2,kitchen,kitchen,kitchen,bathroom,kitchen,bedroom_3,bedroom_3,bedroom_3,entry,bathroom,bathroom,entry,kitchen,entry,living,kitchen,kitchen,kitchen,living
28560,d19 Sat 20:00,kitchen,bedroom_2,kitchen,kitchen,kitchen,living,kitchen,kitchen,kitchen,bedroom_2,living,entry,living,bedroom_3,living,kitchen,entry,entry,kitchen,entry,bedroom_2,kitchen,kitchen,kitchen,bathroom,kitchen,bedroom_3,bedroom_3,bedroom_3,entry,bathroom,bathroom,entry,kitchen,entry,living,kitchen,kitchen,kitchen,living
28620,d19 Sat 21:00,kitchen,bedroom_2,kitchen,kitchen,kitchen,living,kitchen,kitchen,kitchen,bedroom_2,living,entry,living,bedroom_3,living,kitchen,entry,entry,kitchen,entry,bedroom_2,kitchen,kitchen,kitchen,bathroom,kitchen,bedroom_3,bedroom_3,bedroom_3,entry,bathroom,bathroom,entry,kitchen,entry,living,kitchen,kitchen,kitchen,living
28680,d19 Sat 22:00,kitchen,bedroom_2,kitchen,kitchen,kitchen,living,kitchen,kitchen,kitchen,bedroom_2,living,entry,living,bedroom_3,living,kitchen,entry,entry,kitchen,entry,bedroom_2,kitchen,kitchen,kitchen,bathroom,kitchen,bedroom_3,bedroom_3,bedroom_3,entry,bathroom,bathroom,entry,kitchen,entry,living,kitchen,kitchen,kitchen,living
28740,d19 Sat 23:00,kitchen,bedroom_2,kitchen,kitchen,kitchen,living,kitchen,kitchen,kitchen,bedroom_2,living,entry,living,bedroom_3,living,kitchen,entry,entry,kitchen,entry,bedroom_2,kitchen,kitchen,kitchen,bathroom,kitchen,bedroom_3,bedroom_3,bedroom_3,entry,bathroom,bathroom,entry,kitchen,entry,living,kitchen,kitchen,kitchen,living
28800,d20 Sun 00:00,kitchen,bedroom_2,kitchen,kitchen,kitchen,living,kitchen,kitchen,kitchen,bedroom_2,living,entry,living,bedroom_3,living,kitchen,entry,entry,kitchen,entry,bedroom_2,kitchen,kitchen,kitchen,bathroom,kitchen,bedroom_3,bedroom_3,bedroom_3,entry,bathroom,bathroom,entry,kitchen,entry,living,kitchen,kitchen,kitchen,living
28860,d20 Sun 01:00,kitchen,bedroom_2,kitchen,kitchen,kitchen,living,kitchen,kitchen,kitchen,bedroom_2,living,entry,living,bedroom_3,living,kitchen,entry,entry,kitchen,entry,bedroom_2,kitchen,kitchen,kitchen,bathroom,kitchen,bedroom_3,bedroom_3,bedroom_3,entry,bathroom,bathroom,entry,kitchen,entry,living,kitchen,kitchen,kitchen,living
28920,d20 Sun 02:00,kitchen,bedroom_2,kitchen,kitchen,kitchen,living,kitchen,kitchen,kitchen,bedroom_2,living,entry,living,bedroom_3,living,kitchen,entry,entry,kitchen,entry,bedroom_2,kitchen,kitchen,kitchen,bathroom,kitchen,bedroom_3,bedroom_3,bedroom_3,entry,bathroom,bathroom,entry,kitchen,entry,living,kitchen,kitchen,kitchen,living
28980,d20 Sun 03:00,kitchen,bedroom_2,kitchen,kitchen,kitchen,living,kitchen,kitchen,kitchen,bedroom_2,living,entry,living,bedroom_3,living,kitchen,entry,entry,kitchen,entry,bedroom_2,kitchen,kitchen,kitchen,bathroom,kitchen,bedroom_3,bedroom_3,bedroom_3,entry,bathroom,bathroom,entry,kitchen,entry,living,kitchen,kitchen,kitchen,living
29040,d20 Sun 04:00,kitchen,bedroom_2,kitchen,kitchen,kitchen,living,kitchen,kitchen,kitchen,bedroom_2,living,entry,living,bedroom_3,living,kitchen,entry,entry,kitchen,entry,bedroom_2,kitchen,kitchen,kitchen,bathroom,kitchen,bedroom_3,bedroom_3,bedroom_3,entry,bathroom,bathroom,entry,kitchen,entry,living,kitchen,kitchen,kitchen,living
29100,d20 Sun 05:00,kitchen,bedroom_2,kitchen,kitchen,kitchen,living,kitchen,kitchen,kitchen,bedroom_2,living,entry,living,bedroom_3,living,kitchen,entry,entry,kitchen,entry,bedroom_2,kitchen,kitchen,kitchen,bathroom,kitchen,bedroom_3,bedroom_3,bedroom_3,entry,bathroom,bathroom,entry,kitchen,entry,living,kitchen,kitchen,kitchen,living
29160,d20 Sun 06:00,kitchen,bedroom_2,kitchen,kitchen,kitchen,living,kitchen,kitchen,kitchen,bedroom_2,living,entry,living,bedroom_3,living,kitchen,entry,entry,kitchen,entry,bedroom_2,kitchen,kitchen,kitchen,bathroom,kitchen,bedroom_3,bedroom_3,bedroom_3,entry,bathroom,bathroom,entry,kitchen,entry,living,kitchen,kitchen,kitchen,living
29220,d20 Sun 07:00,kitchen,bedroom_2,kitchen,kitchen,kitchen,living,kitchen,kitchen,kitchen,bedroom_2,living,entry,living,bedroom_3,living,kitchen,entry,entry,kitchen,entry,bedroom_2,kitchen,kitchen,kitchen,bathroom,kitchen,bedroom_3,bedroom_3,bedroom_3,entry,bathroom,bathroom,entry,kitchen,entry,living,kitchen,kitchen,kitchen,living
29280,d20 Sun 08:00,kitchen,bedroom_2,kitchen,kitchen,kitchen,living,kitchen,kitchen,kitchen,bedroom_2,living,entry,living,bedroom_3,living,kitchen,entry,entry,kitchen,entry,bedroom_2,kitchen,kitchen,kitchen,bathroom,kitchen,bedroom_3,bedroom_3,bedroom_3,entry,bathroom,bathroom,entry,kitchen,entry,living,kitchen,kitchen,kitchen,living
29340,d20 Sun 09:00,kitchen,bedroom_2,kitchen,kitchen,kitchen,living,kitchen,kitchen,kitchen,bedroom_2,living,entry,living,bedroom_3,living,kitchen,entry,entry,kitchen,entry,bedroom_2,kitchen,kitchen,kitchen,bathroom,kitchen,bedroom_3,bedroom_3,bedroom_3,entry,bathroom,bathroom,entry,kitchen,entry,living,kitchen,kitchen,kitchen,living
29400,d20 Sun 10:00,kitchen,bedroom_2,kitchen,kitchen,kitchen,living,kitchen,kitchen,kitchen,bedroom_2,living,entry,living,bedroom_3,living,kitchen,entry,entry,kitchen,entry,bedroom_2,kitchen,kitchen,kitchen,bathroom,kitchen,bedroom_3,bedroom_3,bedroom_3,entry,bathroom,bathroom,entry,kitchen,entry,living,kitchen,kitchen,kitchen,living
29460,d20 Sun 11:00,kitchen,bedroom_2,kitchen,kitchen,kitchen,living,kitchen,kitchen,kitchen,bedroom_2,living,entry,living,bedroom_3,living,kitchen,entry,entry,kitchen,entry,bedroom_2,kitchen,kitchen,kitchen,bathroom,kitchen,bedroom_3,bedroom_3,bedroom_3,entry,bathroom,bathroom,entry,kitchen,entry,living,kitchen,kitchen,kitchen,living
29520,d20 Sun 12:00,kitchen,bedroom_2,kitchen,kitchen,kitchen,living,kitchen,kitchen,kitchen,bedroom_2,living,entry,living,bedroom_3,living,kitchen,entry,entry,kitchen,entry,bedroom_2,kitchen,kitchen,kitchen,bathroom,kitchen,bedroom_3,bedroom_3,bedroom_3,entry,bathroom,bathroom,entry,kitchen,entry,living,kitchen,kitchen,kitchen,living
29580,d20 Sun 13:00,kitchen,bedroom_2,kitchen,kitchen,kitchen,living,kitchen,kitchen,kitchen,bedroom_2,living,entry,living,bedroom_3,living,kitchen,entry,entry,kitchen,entry,bedroom_2,kitchen,kitchen,kitchen,bathroom,kitchen,bedroom_3,bedroom_3,bedroom_3,entry,bathroom,bathroom,entry,kitchen,entry,living,kitchen,kitchen,kitchen,living
29640,d20 Sun 14:00,kitchen,bedroom_2,kitchen,kitchen,kitchen,living,kitchen,kitchen,kitchen,bedroom_2,living,entry,living,bedroom_3,living,kitchen,entry,entry,kitchen,entry,bedroom_2,kitchen,kitchen,kitchen,bathroom,kitchen,bedroom_3,bedroom_3,bedroom_3,entry,bathroom,bathroom,entry,kitchen,entry,living,kitchen,kitchen,kitchen,living
29700,d20 Sun 15:00,kitchen,bedroom_2,kitchen,kitchen,kitchen,living,kitchen,kitchen,kitchen,bedroom_2,living,entry,living,bedroom_3,living,kitchen,entry,entry,kitchen,entry,bedroom_2,kitchen,kitchen,kitchen,bathroom,kitchen,bedroom_3,bedroom_3,bedroom_3,entry,bathroom,bathroom,entry,kitchen,entry,living,kitchen,kitchen,kitchen,living
29760,d20 Sun 16:00,kitchen,bedroom_2,kitchen,kitchen,kitchen,living,kitchen,kitchen,kitchen,bedroom_2,living,entry,living,bedroom_3,living,kitchen,entry,entry,kitchen,entry,bedroom_2,kitchen,kitchen,kitchen,bathroom,kitchen,bedroom_3,bedroom_3,bedroom_3,entry,bathroom,bathroom,entry,kitchen,entry,living,kitchen,kitchen,kitchen,living
29820,d20 Sun 17:00,kitchen,bedroom_2,kitchen,kitchen,kitchen,living,kitchen,kitchen,kitchen,bedroom_2,living,entry,living,bedroom_3,living,kitchen,entry,entry,kitchen,entry,bedroom_2,kitchen,kitchen,kitchen,bathroom,kitchen,bedroom_3,bedroom_3,bedroom_3,entry,bathroom,bathroom,entry,kitchen,entry,living,kitchen,kitchen,kitchen,living
29880,d20 Sun 18:00,kitchen,bedroom_2,kitchen,kitchen,kitchen,living,kitchen,kitchen,kitchen,bedroom_2,living,entry,living,bedroom_3,living,kitchen,entry,entry,kitchen,entry,bedroom_2,kitchen,kitchen,kitchen,bathroom,kitchen,bedroom_3,bedroom_3,bedroom_3,entry,bathroom,bathroom,entry,kitchen,entry,living,kitchen,kitchen,kitchen,living
29940,d20 Sun 19:00,kitchen,bedroom_2,kitchen,kitchen,kitchen,living,kitchen,kitchen,kitchen,bedroom_2,living,entry,living,bedroom_3,living,kitchen,entry,entry,kitchen,entry,bedroom_2,kitchen,kitchen,kitchen,bathroom,kitchen,bedroom_3,bedroom_3,bedroom_3,entry,bathroom,bathroom,entry,kitchen,entry,living,kitchen,kitchen,kitchen,living
30000,d20 Sun 20:00,kitchen,bedroom_2,kitchen,kitchen,kitchen,living,kitchen,kitchen,kitchen,bedroom_2,living,entry,living,bedroom_3,living,kitchen,entry,entry,kitchen,entry,bedroom_2,kitchen,kitchen,kitchen,bathroom,kitchen,bedroom_3,bedroom_3,bedroom_3,entry,bathroom,bathroom,entry,kitchen,entry,living,kitchen,kitchen,kitchen,living
30060,d20 Sun 21:00,kitchen,bedroom_2,kitchen,kitchen,kitchen,living,kitchen,kitchen,kitchen,bedroom_2,living,entry,living,bedroom_3,living,kitchen,entry,entry,kitchen,entry,bedroom_2,kitchen,kitchen,kitchen,bathroom,kitchen,bedroom_3,bedroom_3,bedroom_3,entry,bathroom,bathroom,entry,kitchen,entry,living,kitchen,kitchen,kitchen,living
30120,d20 Sun 22:00,kitchen,bedroom_2,kitchen,kitchen,kitchen,living,kitchen,kitchen,kitchen,bedroom_2,living,entry,living,bedroom_3,living,kitchen,entry,entry,kitchen,entry,bedroom_2,kitchen,kitchen,kitchen,bathroom,kitchen,bedroom_3,bedroom_3,bedroom_3,entry,bathroom,bathroom,entry,kitchen,entry,living,kitchen,kitchen,kitchen,living
30180,d20 Sun 23:00,kitchen,bedroom_2,kitchen,kitchen,kitchen,living,kitchen,kitchen,kitchen,bedroom_2,living,entry,living,bedroom_3,living,kitchen,entry,entry,kitchen,entry,bedroom_2,kitchen,kitchen,kitchen,bathroom,kitchen,bedroom_3,bedroom_3,bedroom_3,entry,bathroom,bathroom,entry,kitchen,entry,living,kitchen,kitchen,kitchen,living
