168 jobs
  hh_s6 p8 look=voi LastObservation                                    202/224
  hh_s6 p2 look=top LastObservation                                    206/224
  hh_s6 p8 look=top LastObservation                                    201/224
  hh_s6 p4 look=top LastObservation                                    205/224
  hh_s6 p4 look=voi LastObservation                                    205/224
  hh_s6 p8 look=voi MostFrequentLocation                               205/224
  hh_s6 p1 look=voi LastObservation                                    203/224
  hh_s6 p2 look=voi LastObservation                                    206/224
  hh_s6 p1 look=off LastObservation                                    182/224
  hh_s5 p1 look=top LastObservation                                    204/224
  hh_s5 p1 look=voi LastObservation                                    204/224
  hh_s6 p2 look=top MostFrequentLocation                               202/224
  hh_s6 p4 look=voi MostFrequentLocation                               206/224
  hh_s6 p8 look=voi TimetableLookup(bin=1h,days=all)                   187/224
  hh_s4 p1 look=voi LastObservation                                    203/224
  hh_s6 p8 look=top MostFrequentLocation                               203/224
  hh_s6 p1 look=top LastObservation                                    206/224
  hh_s6 p4 look=top MostFrequentLocation                               203/224
  hh_s6 p2 look=voi MostFrequentLocation                               208/224
  hh_s6 p1 look=off MostFrequentLocation                               182/224
  hh_s6 p1 look=voi MostFrequentLocation                               205/224
  hh_s5 p1 look=top MostFrequentLocation                               198/224
  hh_s6 p8 look=voi Markov1(a=1,cut=24h,hl=24h)                        199/224
  hh_s6 p2 look=top TimetableLookup(bin=1h,days=all)                   199/224
  hh_s5 p1 look=voi MostFrequentLocation                               200/224
  hh_s6 p4 look=voi TimetableLookup(bin=1h,days=all)                   188/224
  hh_s6 p8 look=top TimetableLookup(bin=1h,days=all)                   195/224
  hh_s6 p1 look=off TimetableLookup(bin=1h,days=all)                   192/224
  hh_s6 p2 look=voi TimetableLookup(bin=1h,days=all)                   195/224
  hh_s6 p4 look=top TimetableLookup(bin=1h,days=all)                   197/224
  hh_s6 p8 look=voi PeriodicPersistence(min_dep=2,bin=1h,hl=24h)       200/224
  hh_s4 p1 look=voi MostFrequentLocation                               204/224
  hh_s6 p4 look=voi Markov1(a=1,cut=24h,hl=24h)                        200/224
  hh_s6 p2 look=top Markov1(a=1,cut=24h,hl=24h)                        204/224
  hh_s6 p1 look=off Markov1(a=1,cut=24h,hl=24h)                        201/224
  hh_s6 p1 look=voi TimetableLookup(bin=1h,days=all)                   202/224
  hh_s6 p4 look=top Markov1(a=1,cut=24h,hl=24h)                        198/224
  hh_s5 p1 look=top TimetableLookup(bin=1h,days=all)                   202/224
  hh_s6 p2 look=voi Markov1(a=1,cut=24h,hl=24h)                        207/224
  hh_s6 p1 look=top MostFrequentLocation                               202/224
  hh_s6 p8 look=top Markov1(a=1,cut=24h,hl=24h)                        198/224
  hh_s6 p8 look=voi SmoothedRecency(hl=6h,freq=24h)                    199/224
  hh_s5 p1 look=voi TimetableLookup(bin=1h,days=all)                   203/224
  hh_s6 p1 look=off PeriodicPersistence(min_dep=2,bin=1h,hl=24h)       182/224
  hh_s6 p4 look=voi PeriodicPersistence(min_dep=2,bin=1h,hl=24h)       202/224
  hh_s6 p4 look=top PeriodicPersistence(min_dep=2,bin=1h,hl=24h)       202/224
  hh_s6 p2 look=voi PeriodicPersistence(min_dep=2,bin=1h,hl=24h)       202/224
  hh_s6 p1 look=voi Markov1(a=1,cut=24h,hl=24h)                        202/224
  hh_s6 p1 look=off SmoothedRecency(hl=6h,freq=24h)                    181/224
  hh_s6 p2 look=top PeriodicPersistence(min_dep=2,bin=1h,hl=24h)       204/224
  hh_s6 p8 look=top PeriodicPersistence(min_dep=2,bin=1h,hl=24h)       204/224
  hh_s5 p1 look=top Markov1(a=1,cut=24h,hl=24h)                        202/224
  hh_s6 p4 look=voi SmoothedRecency(hl=6h,freq=24h)                    203/224
  hh_s6 p4 look=top SmoothedRecency(hl=6h,freq=24h)                    197/224
  hh_s4 p1 look=voi TimetableLookup(bin=1h,days=all)                   199/224
  hh_s5 p1 look=voi Markov1(a=1,cut=24h,hl=24h)                        202/224
  hh_s6 p2 look=voi SmoothedRecency(hl=6h,freq=24h)                    204/224
  hh_s6 p2 look=top SmoothedRecency(hl=6h,freq=24h)                    198/224
  hh_s6 p1 look=top TimetableLookup(bin=1h,days=all)                   209/224
  hh_s6 p8 look=voi HierarchyBackoff(po=5,pc=5,hl=24h)                 189/224
  hh_s6 p8 look=top SmoothedRecency(hl=6h,freq=24h)                    196/224
  hh_s6 p1 look=voi PeriodicPersistence(min_dep=2,bin=1h,hl=24h)       202/224
  hh_s5 p1 look=top PeriodicPersistence(min_dep=2,bin=1h,hl=24h)       199/224
  hh_s5 p1 look=voi PeriodicPersistence(min_dep=2,bin=1h,hl=24h)       204/224
  hh_s4 p1 look=voi Markov1(a=1,cut=24h,hl=24h)                        199/224
  hh_s6 p1 look=voi SmoothedRecency(hl=6h,freq=24h)                    205/224
  hh_s6 p1 look=top Markov1(a=1,cut=24h,hl=24h)                        200/224
  hh_s6 p4 look=top HierarchyBackoff(po=5,pc=5,hl=24h)                 201/224
  hh_s5 p1 look=top SmoothedRecency(hl=6h,freq=24h)                    200/224
  hh_s6 p4 look=voi HierarchyBackoff(po=5,pc=5,hl=24h)                 194/224
  hh_s6 p1 look=off HierarchyBackoff(po=5,pc=5,hl=24h)                 181/224
  hh_s6 p8 look=top HierarchyBackoff(po=5,pc=5,hl=24h)                 197/224
  hh_s5 p1 look=voi SmoothedRecency(hl=6h,freq=24h)                    197/224
  hh_s6 p1 look=top PeriodicPersistence(min_dep=2,bin=1h,hl=24h)       204/224
  hh_s4 p1 look=voi PeriodicPersistence(min_dep=2,bin=1h,hl=24h)       199/224
  hh_s6 p2 look=top HierarchyBackoff(po=5,pc=5,hl=24h)                 201/224
  hh_s6 p2 look=voi HierarchyBackoff(po=5,pc=5,hl=24h)                 196/224
  hh_s6 p1 look=top SmoothedRecency(hl=6h,freq=24h)                    198/224
  hh_s4 p1 look=voi SmoothedRecency(hl=6h,freq=24h)                    199/224
  hh_s5 p1 look=top HierarchyBackoff(po=5,pc=5,hl=24h)                 199/224
  hh_s5 p1 look=voi HierarchyBackoff(po=5,pc=5,hl=24h)                 198/224
  hh_s6 p1 look=top HierarchyBackoff(po=5,pc=5,hl=24h)                 202/224
  hh_s6 p1 look=voi HierarchyBackoff(po=5,pc=5,hl=24h)                 198/224
  hh_s4 p1 look=voi HierarchyBackoff(po=5,pc=5,hl=24h)                 195/224
  hh_s6 p8 look=voi DaytypeMixture(K=3,bin=2h,hl=24h)                  194/224
[1/168] done ../results/overnight_2026-09-20/classical/hh_s6_p8_voi.jsonl
  hh_s6 p8 look=top DaytypeMixture(K=3,bin=2h,hl=24h)                  200/224
[2/168] done ../results/overnight_2026-09-20/classical/hh_s6_p8_top.jsonl
  hh_s7 p1 look=off LastObservation                                    196/224
  hh_s7 p1 look=off MostFrequentLocation                               197/224
  hh_s7 p1 look=voi LastObservation                                    212/224
  hh_s7 p1 look=off TimetableLookup(bin=1h,days=all)                   198/224
  hh_s7 p1 look=voi MostFrequentLocation                               213/224
  hh_s7 p1 look=off Markov1(a=1,cut=24h,hl=24h)                        203/224
  hh_s7 p1 look=off PeriodicPersistence(min_dep=2,bin=1h,hl=24h)       197/224
  hh_s7 p1 look=voi TimetableLookup(bin=1h,days=all)                   208/224
  hh_s7 p1 look=off SmoothedRecency(hl=6h,freq=24h)                    196/224
  hh_s6 p4 look=top DaytypeMixture(K=3,bin=2h,hl=24h)                  203/224
  hh_s7 p1 look=voi Markov1(a=1,cut=24h,hl=24h)                        212/224
[3/168] done ../results/overnight_2026-09-20/classical/hh_s6_p4_top.jsonl
  hh_s7 p1 look=voi PeriodicPersistence(min_dep=2,bin=1h,hl=24h)       213/224
  hh_s7 p1 look=top LastObservation                                    217/224
  hh_s7 p1 look=off HierarchyBackoff(po=5,pc=5,hl=24h)                 197/224
  hh_s7 p1 look=voi SmoothedRecency(hl=6h,freq=24h)                    210/224
  hh_s7 p1 look=top MostFrequentLocation                               210/224
  hh_s6 p4 look=voi DaytypeMixture(K=3,bin=2h,hl=24h)                  199/224
[4/168] done ../results/overnight_2026-09-20/classical/hh_s6_p4_voi.jsonl
  hh_s7 p2 look=off LastObservation                                    189/224
  hh_s7 p1 look=top TimetableLookup(bin=1h,days=all)                   215/224
  hh_s7 p2 look=off MostFrequentLocation                               189/224
  hh_s7 p2 look=off TimetableLookup(bin=1h,days=all)                   189/224
  hh_s7 p2 look=off Markov1(a=1,cut=24h,hl=24h)                        196/224
  hh_s7 p1 look=top Markov1(a=1,cut=24h,hl=24h)                        212/224
  hh_s7 p2 look=off PeriodicPersistence(min_dep=2,bin=1h,hl=24h)       191/224
  hh_s7 p2 look=off SmoothedRecency(hl=6h,freq=24h)                    189/224
  hh_s7 p1 look=top PeriodicPersistence(min_dep=2,bin=1h,hl=24h)       212/224
  hh_s7 p1 look=voi HierarchyBackoff(po=5,pc=5,hl=24h)                 214/224
  hh_s7 p2 look=off HierarchyBackoff(po=5,pc=5,hl=24h)                 189/224
  hh_s7 p1 look=top SmoothedRecency(hl=6h,freq=24h)                    210/224
  hh_s7 p1 look=top HierarchyBackoff(po=5,pc=5,hl=24h)                 209/224
  hh_s6 p2 look=top DaytypeMixture(K=3,bin=2h,hl=24h)                  204/224
[5/168] done ../results/overnight_2026-09-20/classical/hh_s6_p2_top.jsonl
  hh_s7 p2 look=voi LastObservation                                    213/224
  hh_s7 p2 look=voi MostFrequentLocation                               211/224
  hh_s6 p2 look=voi DaytypeMixture(K=3,bin=2h,hl=24h)                  200/224
[6/168] done ../results/overnight_2026-09-20/classical/hh_s6_p2_voi.jsonl
  hh_s7 p2 look=voi TimetableLookup(bin=1h,days=all)                   203/224
  hh_s7 p2 look=off DaytypeMixture(K=3,bin=2h,hl=24h)                  179/224
[7/168] done ../results/overnight_2026-09-20/classical/hh_s7_p2_off.jsonl
  hh_s7 p4 look=off LastObservation                                    182/224
  hh_s7 p4 look=off MostFrequentLocation                               180/224
  hh_s7 p2 look=top LastObservation                                    215/224
  hh_s7 p4 look=off TimetableLookup(bin=1h,days=all)                   179/224
  hh_s7 p2 look=voi Markov1(a=1,cut=24h,hl=24h)                        208/224
  hh_s7 p4 look=off Markov1(a=1,cut=24h,hl=24h)                        189/224
  hh_s7 p4 look=off PeriodicPersistence(min_dep=2,bin=1h,hl=24h)       182/224
  hh_s7 p2 look=top MostFrequentLocation                               210/224
  hh_s7 p4 look=off SmoothedRecency(hl=6h,freq=24h)                    182/224
  hh_s7 p4 look=off HierarchyBackoff(po=5,pc=5,hl=24h)                 182/224
  hh_s7 p2 look=top TimetableLookup(bin=1h,days=all)                   209/224
  hh_s7 p2 look=voi PeriodicPersistence(min_dep=2,bin=1h,hl=24h)       211/224
  hh_s7 p2 look=top Markov1(a=1,cut=24h,hl=24h)                        211/224
  hh_s7 p2 look=voi SmoothedRecency(hl=6h,freq=24h)                    209/224
  hh_s7 p2 look=top PeriodicPersistence(min_dep=2,bin=1h,hl=24h)       215/224
  hh_s7 p2 look=top SmoothedRecency(hl=6h,freq=24h)                    207/224
  hh_s7 p4 look=off DaytypeMixture(K=3,bin=2h,hl=24h)                  173/224
  hh_s6 p1 look=off DaytypeMixture(K=3,bin=2h,hl=24h)                  171/224
[8/168] done ../results/overnight_2026-09-20/classical/hh_s7_p4_off.jsonl
[9/168] done ../results/overnight_2026-09-20/classical/hh_s6_p1_off.jsonl
  hh_s7 p2 look=voi HierarchyBackoff(po=5,pc=5,hl=24h)                 210/224
  hh_s7 p4 look=top LastObservation                                    215/224
  hh_s7 p4 look=voi LastObservation                                    207/224
  hh_s7 p2 look=top HierarchyBackoff(po=5,pc=5,hl=24h)                 207/224
  hh_s7 p4 look=top MostFrequentLocation                               210/224
  hh_s7 p4 look=voi MostFrequentLocation                               207/224
  hh_s7 p4 look=top TimetableLookup(bin=1h,days=all)                   205/224
  hh_s7 p4 look=voi TimetableLookup(bin=1h,days=all)                   198/224
  hh_s7 p4 look=top Markov1(a=1,cut=24h,hl=24h)                        214/224
  hh_s7 p4 look=voi Markov1(a=1,cut=24h,hl=24h)                        203/224
  hh_s7 p4 look=top PeriodicPersistence(min_dep=2,bin=1h,hl=24h)       211/224
  hh_s7 p4 look=voi PeriodicPersistence(min_dep=2,bin=1h,hl=24h)       209/224
  hh_s7 p4 look=top SmoothedRecency(hl=6h,freq=24h)                    207/224
  hh_s7 p4 look=voi SmoothedRecency(hl=6h,freq=24h)                    210/224
  hh_s7 p4 look=top HierarchyBackoff(po=5,pc=5,hl=24h)                 208/224
  hh_s7 p4 look=voi HierarchyBackoff(po=5,pc=5,hl=24h)                 209/224
  hh_s7 p1 look=off DaytypeMixture(K=3,bin=2h,hl=24h)                  185/224
[10/168] done ../results/overnight_2026-09-20/classical/hh_s7_p1_off.jsonl
  hh_s7 p8 look=off LastObservation                                    176/224
  hh_s7 p8 look=off MostFrequentLocation                               175/224
  hh_s7 p8 look=off TimetableLookup(bin=1h,days=all)                   174/224
  hh_s7 p8 look=off Markov1(a=1,cut=24h,hl=24h)                        178/224
  hh_s7 p8 look=off PeriodicPersistence(min_dep=2,bin=1h,hl=24h)       176/224
  hh_s7 p8 look=off SmoothedRecency(hl=6h,freq=24h)                    176/224
  hh_s7 p8 look=off HierarchyBackoff(po=5,pc=5,hl=24h)                 176/224
  hh_s7 p8 look=off DaytypeMixture(K=3,bin=2h,hl=24h)                  168/224
[11/168] done ../results/overnight_2026-09-20/classical/hh_s7_p8_off.jsonl
  hh_s7 p8 look=voi LastObservation                                    204/224
  hh_s7 p4 look=top DaytypeMixture(K=3,bin=2h,hl=24h)                  208/224
[12/168] done ../results/overnight_2026-09-20/classical/hh_s7_p4_top.jsonl
  hh_s7 p8 look=voi MostFrequentLocation                               209/224
  hh_s7 p8 look=top LastObservation                                    213/224
  hh_s7 p8 look=voi TimetableLookup(bin=1h,days=all)                   188/224
  hh_s7 p8 look=top MostFrequentLocation                               210/224
  hh_s7 p8 look=voi Markov1(a=1,cut=24h,hl=24h)                        198/224
  hh_s7 p8 look=top TimetableLookup(bin=1h,days=all)                   204/224
  hh_s7 p8 look=voi PeriodicPersistence(min_dep=2,bin=1h,hl=24h)       200/224
  hh_s7 p8 look=top Markov1(a=1,cut=24h,hl=24h)                        215/224
  hh_s7 p8 look=voi SmoothedRecency(hl=6h,freq=24h)                    210/224
  hh_s7 p8 look=top PeriodicPersistence(min_dep=2,bin=1h,hl=24h)       213/224
  hh_s7 p8 look=top SmoothedRecency(hl=6h,freq=24h)                    207/224
  hh_s7 p8 look=voi HierarchyBackoff(po=5,pc=5,hl=24h)                 209/224
  hh_s7 p8 look=top HierarchyBackoff(po=5,pc=5,hl=24h)                 207/224
  hh_s7 p4 look=voi DaytypeMixture(K=3,bin=2h,hl=24h)                  208/224
[13/168] done ../results/overnight_2026-09-20/classical/hh_s7_p4_voi.jsonl
  hh_s7 p2 look=top DaytypeMixture(K=3,bin=2h,hl=24h)                  211/224
[14/168] done ../results/overnight_2026-09-20/classical/hh_s7_p2_top.jsonl
  hh_s8 p1 look=off LastObservation                                    200/224
  hh_s8 p1 look=voi LastObservation                                    213/224
  hh_s8 p1 look=off MostFrequentLocation                               201/224
  hh_s8 p1 look=voi MostFrequentLocation                               209/224
  hh_s8 p1 look=off TimetableLookup(bin=1h,days=all)                   204/224
  hh_s8 p1 look=off Markov1(a=1,cut=24h,hl=24h)                        205/224
  hh_s7 p2 look=voi DaytypeMixture(K=3,bin=2h,hl=24h)                  208/224
  hh_s8 p1 look=off PeriodicPersistence(min_dep=2,bin=1h,hl=24h)       201/224
  hh_s8 p1 look=voi TimetableLookup(bin=1h,days=all)                   216/224
[15/168] done ../results/overnight_2026-09-20/classical/hh_s7_p2_voi.jsonl
  hh_s8 p1 look=off SmoothedRecency(hl=6h,freq=24h)                    200/224
  hh_s8 p1 look=voi Markov1(a=1,cut=24h,hl=24h)                        209/224
  hh_s8 p1 look=top LastObservation                                    211/224
  hh_s7 p8 look=top DaytypeMixture(K=3,bin=2h,hl=24h)                  213/224
[16/168] done ../results/overnight_2026-09-20/classical/hh_s7_p8_top.jsonl
  hh_s8 p1 look=voi PeriodicPersistence(min_dep=2,bin=1h,hl=24h)       215/224
  hh_s8 p2 look=off LastObservation                                    191/224
  hh_s8 p1 look=top MostFrequentLocation                               210/224
  hh_s8 p2 look=off MostFrequentLocation                               192/224
  hh_s8 p2 look=off TimetableLookup(bin=1h,days=all)                   196/224
  hh_s8 p2 look=off Markov1(a=1,cut=24h,hl=24h)                        196/224
  hh_s8 p1 look=off HierarchyBackoff(po=5,pc=5,hl=24h)                 199/224
  hh_s8 p1 look=voi SmoothedRecency(hl=6h,freq=24h)                    212/224
  hh_s8 p2 look=off PeriodicPersistence(min_dep=2,bin=1h,hl=24h)       195/224
  hh_s8 p1 look=top TimetableLookup(bin=1h,days=all)                   211/224
  hh_s8 p2 look=off SmoothedRecency(hl=6h,freq=24h)                    191/224
  hh_s8 p1 look=top Markov1(a=1,cut=24h,hl=24h)                        211/224
  hh_s7 p8 look=voi DaytypeMixture(K=3,bin=2h,hl=24h)                  204/224
[17/168] done ../results/overnight_2026-09-20/classical/hh_s7_p8_voi.jsonl
  hh_s8 p2 look=off HierarchyBackoff(po=5,pc=5,hl=24h)                 191/224
  hh_s8 p1 look=top PeriodicPersistence(min_dep=2,bin=1h,hl=24h)       213/224
  hh_s8 p2 look=voi LastObservation                                    212/224
  hh_s8 p2 look=voi MostFrequentLocation                               206/224
  hh_s8 p1 look=top SmoothedRecency(hl=6h,freq=24h)                    209/224
  hh_s8 p2 look=voi TimetableLookup(bin=1h,days=all)                   202/224
  hh_s8 p1 look=voi HierarchyBackoff(po=5,pc=5,hl=24h)                 208/224
  hh_s8 p2 look=voi Markov1(a=1,cut=24h,hl=24h)                        209/224
  hh_s6 p1 look=top DaytypeMixture(K=3,bin=2h,hl=24h)                  204/224
[18/168] done ../results/overnight_2026-09-20/classical/hh_s6_p1_top.jsonl
  hh_s8 p2 look=voi PeriodicPersistence(min_dep=2,bin=1h,hl=24h)       211/224
  hh_s8 p2 look=voi SmoothedRecency(hl=6h,freq=24h)                    208/224
  hh_s8 p2 look=top LastObservation                                    210/224
  hh_s8 p2 look=top MostFrequentLocation                               209/224
  hh_s8 p1 look=top HierarchyBackoff(po=5,pc=5,hl=24h)                 209/224
  hh_s8 p2 look=top TimetableLookup(bin=1h,days=all)                   203/224
  hh_s8 p2 look=top Markov1(a=1,cut=24h,hl=24h)                        211/224
  hh_s6 p1 look=voi DaytypeMixture(K=3,bin=2h,hl=24h)                  204/224
[19/168] done ../results/overnight_2026-09-20/classical/hh_s6_p1_voi.jsonl
  hh_s8 p2 look=voi HierarchyBackoff(po=5,pc=5,hl=24h)                 206/224
  hh_s8 p4 look=off LastObservation                                    187/224
  hh_s8 p2 look=top PeriodicPersistence(min_dep=2,bin=1h,hl=24h)       211/224
  hh_s8 p4 look=off MostFrequentLocation                               187/224
  hh_s8 p4 look=off TimetableLookup(bin=1h,days=all)                   190/224
  hh_s8 p4 look=off Markov1(a=1,cut=24h,hl=24h)                        187/224
  hh_s8 p4 look=off PeriodicPersistence(min_dep=2,bin=1h,hl=24h)       188/224
  hh_s8 p4 look=off SmoothedRecency(hl=6h,freq=24h)                    187/224
  hh_s8 p2 look=top SmoothedRecency(hl=6h,freq=24h)                    214/224
  hh_s8 p4 look=off HierarchyBackoff(po=5,pc=5,hl=24h)                 187/224
  hh_s5 p1 look=top DaytypeMixture(K=3,bin=2h,hl=24h)                  199/224
[20/168] done ../results/overnight_2026-09-20/classical/hh_s5_p1_top.jsonl
  hh_s8 p2 look=off DaytypeMixture(K=3,bin=2h,hl=24h)                  176/224
[21/168] done ../results/overnight_2026-09-20/classical/hh_s8_p2_off.jsonl
  hh_s8 p4 look=voi LastObservation                                    210/224
  hh_s7 p1 look=top DaytypeMixture(K=3,bin=2h,hl=24h)                  210/224
[22/168] done ../results/overnight_2026-09-20/classical/hh_s7_p1_top.jsonl
  hh_s8 p2 look=top HierarchyBackoff(po=5,pc=5,hl=24h)                 208/224
  hh_s8 p8 look=off LastObservation                                    175/224
  hh_s8 p8 look=off MostFrequentLocation                               172/224
  hh_s8 p4 look=top LastObservation                                    212/224
  hh_s8 p8 look=off TimetableLookup(bin=1h,days=all)                   174/224
  hh_s8 p8 look=off Markov1(a=1,cut=24h,hl=24h)                        174/224
  hh_s8 p4 look=voi MostFrequentLocation                               210/224
  hh_s8 p8 look=off PeriodicPersistence(min_dep=2,bin=1h,hl=24h)       177/224
  hh_s8 p8 look=off SmoothedRecency(hl=6h,freq=24h)                    175/224
  hh_s7 p1 look=voi DaytypeMixture(K=3,bin=2h,hl=24h)                  209/224
[23/168] done ../results/overnight_2026-09-20/classical/hh_s7_p1_voi.jsonl
  hh_s8 p4 look=top MostFrequentLocation                               212/224
  hh_s8 p8 look=off HierarchyBackoff(po=5,pc=5,hl=24h)                 175/224
  hh_s8 p4 look=voi TimetableLookup(bin=1h,days=all)                   199/224
  hh_s8 p4 look=top TimetableLookup(bin=1h,days=all)                   202/224
  hh_s8 p8 look=voi LastObservation                                    206/224
  hh_s8 p4 look=off DaytypeMixture(K=3,bin=2h,hl=24h)                  172/224
[24/168] done ../results/overnight_2026-09-20/classical/hh_s8_p4_off.jsonl
  hh_s8 p4 look=voi Markov1(a=1,cut=24h,hl=24h)                        205/224
  hh_s8 p8 look=voi MostFrequentLocation                               205/224
  hh_s8 p4 look=top Markov1(a=1,cut=24h,hl=24h)                        204/224
  hh_s8 p8 look=top LastObservation                                    208/224
  hh_s8 p8 look=off DaytypeMixture(K=3,bin=2h,hl=24h)                  168/224
[25/168] done ../results/overnight_2026-09-20/classical/hh_s8_p8_off.jsonl
  hh_s8 p4 look=voi PeriodicPersistence(min_dep=2,bin=1h,hl=24h)       205/224
  hh_s8 p8 look=voi TimetableLookup(bin=1h,days=all)                   184/224
  hh_s8 p4 look=top PeriodicPersistence(min_dep=2,bin=1h,hl=24h)       210/224
  hh_s8 p8 look=top MostFrequentLocation                               208/224
  hh_s8 p4 look=voi SmoothedRecency(hl=6h,freq=24h)                    209/224
  hh_s8 p8 look=voi Markov1(a=1,cut=24h,hl=24h)                        197/224
  hh_s8 p4 look=top SmoothedRecency(hl=6h,freq=24h)                    209/224
  hh_s8 p8 look=top TimetableLookup(bin=1h,days=all)                   191/224
  hh_s9 p1 look=off LastObservation                                    196/224
  hh_s8 p8 look=voi PeriodicPersistence(min_dep=2,bin=1h,hl=24h)       205/224
  hh_s8 p8 look=top Markov1(a=1,cut=24h,hl=24h)                        201/224
  hh_s8 p8 look=voi SmoothedRecency(hl=6h,freq=24h)                    205/224
  hh_s8 p8 look=top PeriodicPersistence(min_dep=2,bin=1h,hl=24h)       208/224
  hh_s9 p1 look=off MostFrequentLocation                               196/224
  hh_s8 p8 look=top SmoothedRecency(hl=6h,freq=24h)                    211/224
  hh_s8 p4 look=top HierarchyBackoff(po=5,pc=5,hl=24h)                 206/224
  hh_s9 p1 look=off TimetableLookup(bin=1h,days=all)                   200/224
  hh_s8 p4 look=voi HierarchyBackoff(po=5,pc=5,hl=24h)                 205/224
  hh_s8 p8 look=voi HierarchyBackoff(po=5,pc=5,hl=24h)                 204/224
  hh_s9 p1 look=off Markov1(a=1,cut=24h,hl=24h)                        200/224
  hh_s8 p8 look=top HierarchyBackoff(po=5,pc=5,hl=24h)                 205/224
  hh_s5 p1 look=voi DaytypeMixture(K=3,bin=2h,hl=24h)                  201/224
[26/168] done ../results/overnight_2026-09-20/classical/hh_s5_p1_voi.jsonl
  hh_s9 p1 look=off PeriodicPersistence(min_dep=2,bin=1h,hl=24h)       196/224
  hh_s9 p1 look=off SmoothedRecency(hl=6h,freq=24h)                    196/224
  hh_s9 p1 look=voi LastObservation                                    209/224
  hh_s9 p1 look=voi MostFrequentLocation                               211/224
  hh_s9 p1 look=off HierarchyBackoff(po=5,pc=5,hl=24h)                 196/224
  hh_s9 p1 look=voi TimetableLookup(bin=1h,days=all)                   210/224
  hh_s9 p1 look=voi Markov1(a=1,cut=24h,hl=24h)                        213/224
  hh_s8 p8 look=top DaytypeMixture(K=3,bin=2h,hl=24h)                  207/224
[27/168] done ../results/overnight_2026-09-20/classical/hh_s8_p8_top.jsonl
  hh_s9 p1 look=voi PeriodicPersistence(min_dep=2,bin=1h,hl=24h)       208/224
  hh_s4 p1 look=voi DaytypeMixture(K=3,bin=2h,hl=24h)                  201/224
[28/168] done ../results/overnight_2026-09-20/classical/hh_s4_p1_voi.jsonl
  hh_s9 p2 look=off LastObservation                                    192/224
  hh_s9 p1 look=voi SmoothedRecency(hl=6h,freq=24h)                    211/224
  hh_s9 p1 look=top LastObservation                                    214/224
  hh_s9 p2 look=off MostFrequentLocation                               194/224
  hh_s9 p2 look=off TimetableLookup(bin=1h,days=all)                   195/224
  hh_s8 p8 look=voi DaytypeMixture(K=3,bin=2h,hl=24h)                  199/224
[29/168] done ../results/overnight_2026-09-20/classical/hh_s8_p8_voi.jsonl
  hh_s9 p2 look=off Markov1(a=1,cut=24h,hl=24h)                        195/224
  hh_s9 p1 look=top MostFrequentLocation                               213/224
  hh_s9 p2 look=off PeriodicPersistence(min_dep=2,bin=1h,hl=24h)       192/224
  hh_s9 p2 look=off SmoothedRecency(hl=6h,freq=24h)                    193/224
  hh_s9 p2 look=voi LastObservation                                    206/224
  hh_s8 p4 look=top DaytypeMixture(K=3,bin=2h,hl=24h)                  207/224
[30/168] done ../results/overnight_2026-09-20/classical/hh_s8_p4_top.jsonl
  hh_s9 p1 look=top TimetableLookup(bin=1h,days=all)                   212/224
  hh_s9 p2 look=voi MostFrequentLocation                               211/224
  hh_s9 p2 look=off HierarchyBackoff(po=5,pc=5,hl=24h)                 192/224
  hh_s9 p2 look=top LastObservation                                    212/224
  hh_s9 p2 look=voi TimetableLookup(bin=1h,days=all)                   210/224
  hh_s9 p1 look=top Markov1(a=1,cut=24h,hl=24h)                        212/224
  hh_s9 p2 look=top MostFrequentLocation                               212/224
  hh_s9 p2 look=voi Markov1(a=1,cut=24h,hl=24h)                        209/224
  hh_s8 p1 look=off DaytypeMixture(K=3,bin=2h,hl=24h)                  184/224
[31/168] done ../results/overnight_2026-09-20/classical/hh_s8_p1_off.jsonl
  hh_s9 p1 look=voi HierarchyBackoff(po=5,pc=5,hl=24h)                 212/224
  hh_s9 p1 look=top PeriodicPersistence(min_dep=2,bin=1h,hl=24h)       212/224
  hh_s9 p4 look=off LastObservation                                    181/224
  hh_s9 p2 look=top TimetableLookup(bin=1h,days=all)                   213/224
  hh_s9 p4 look=off MostFrequentLocation                               181/224
  hh_s9 p2 look=voi PeriodicPersistence(min_dep=2,bin=1h,hl=24h)       207/224
  hh_s9 p4 look=off TimetableLookup(bin=1h,days=all)                   180/224
  hh_s9 p4 look=off Markov1(a=1,cut=24h,hl=24h)                        181/224
  hh_s9 p4 look=off PeriodicPersistence(min_dep=2,bin=1h,hl=24h)       181/224
  hh_s9 p2 look=top Markov1(a=1,cut=24h,hl=24h)                        211/224
  hh_s9 p1 look=top SmoothedRecency(hl=6h,freq=24h)                    212/224
  hh_s8 p4 look=voi DaytypeMixture(K=3,bin=2h,hl=24h)                  208/224
[32/168] done ../results/overnight_2026-09-20/classical/hh_s8_p4_voi.jsonl
  hh_s9 p4 look=off SmoothedRecency(hl=6h,freq=24h)                    181/224
  hh_s8 p2 look=top DaytypeMixture(K=3,bin=2h,hl=24h)                  215/224
  hh_s9 p2 look=voi SmoothedRecency(hl=6h,freq=24h)                    209/224
[33/168] done ../results/overnight_2026-09-20/classical/hh_s8_p2_top.jsonl
  hh_s9 p2 look=top PeriodicPersistence(min_dep=2,bin=1h,hl=24h)       212/224
  hh_s9 p4 look=off HierarchyBackoff(po=5,pc=5,hl=24h)                 181/224
  hh_s9 p4 look=top LastObservation                                    209/224
  hh_s9 p4 look=voi LastObservation                                    203/224
  hh_s8 p2 look=voi DaytypeMixture(K=3,bin=2h,hl=24h)                  213/224
[34/168] done ../results/overnight_2026-09-20/classical/hh_s8_p2_voi.jsonl
  hh_s9 p8 look=off LastObservation                                    182/224
  hh_s9 p2 look=top SmoothedRecency(hl=6h,freq=24h)                    212/224
  hh_s9 p8 look=off MostFrequentLocation                               181/224
  hh_s9 p4 look=top MostFrequentLocation                               210/224
  hh_s9 p8 look=off TimetableLookup(bin=1h,days=all)                   180/224
  hh_s9 p4 look=voi MostFrequentLocation                               207/224
  hh_s9 p8 look=off Markov1(a=1,cut=24h,hl=24h)                        181/224
  hh_s9 p8 look=off PeriodicPersistence(min_dep=2,bin=1h,hl=24h)       182/224
  hh_s9 p8 look=off SmoothedRecency(hl=6h,freq=24h)                    182/224
  hh_s9 p4 look=top TimetableLookup(bin=1h,days=all)                   208/224
  hh_s9 p8 look=off HierarchyBackoff(po=5,pc=5,hl=24h)                 182/224
  hh_s9 p4 look=voi TimetableLookup(bin=1h,days=all)                   202/224
  hh_s9 p4 look=top Markov1(a=1,cut=24h,hl=24h)                        208/224
  hh_s9 p2 look=voi HierarchyBackoff(po=5,pc=5,hl=24h)                 212/224
  hh_s9 p4 look=voi Markov1(a=1,cut=24h,hl=24h)                        202/224
  hh_s9 p4 look=top PeriodicPersistence(min_dep=2,bin=1h,hl=24h)       209/224
  hh_s9 p1 look=top HierarchyBackoff(po=5,pc=5,hl=24h)                 214/224
  hh_s9 p4 look=voi PeriodicPersistence(min_dep=2,bin=1h,hl=24h)       207/224
  hh_s9 p2 look=top HierarchyBackoff(po=5,pc=5,hl=24h)                 213/224
  hh_s9 p4 look=off DaytypeMixture(K=3,bin=2h,hl=24h)                  174/224
[35/168] done ../results/overnight_2026-09-20/classical/hh_s9_p4_off.jsonl
  hh_s9 p8 look=off DaytypeMixture(K=3,bin=2h,hl=24h)                  179/224
  hh_s9 p4 look=top SmoothedRecency(hl=6h,freq=24h)                    210/224
[36/168] done ../results/overnight_2026-09-20/classical/hh_s9_p8_off.jsonl
  hh_s9 p4 look=voi SmoothedRecency(hl=6h,freq=24h)                    207/224
  hh_s9 p8 look=voi LastObservation                                    199/224
  hh_s9 p8 look=top LastObservation                                    209/224
  hh_s9 p8 look=voi MostFrequentLocation                               206/224
  hh_s9 p4 look=top HierarchyBackoff(po=5,pc=5,hl=24h)                 210/224
  hh_s9 p8 look=voi TimetableLookup(bin=1h,days=all)                   193/224
  hh_s9 p8 look=top MostFrequentLocation                               209/224
  hh_s9 p8 look=voi Markov1(a=1,cut=24h,hl=24h)                        196/224
  hh_s9 p8 look=top TimetableLookup(bin=1h,days=all)                   206/224
  hh_s9 p4 look=voi HierarchyBackoff(po=5,pc=5,hl=24h)                 211/224
  hh_s9 p8 look=voi PeriodicPersistence(min_dep=2,bin=1h,hl=24h)       207/224
  hh_s9 p8 look=top Markov1(a=1,cut=24h,hl=24h)                        207/224
  hh_s9 p2 look=off DaytypeMixture(K=3,bin=2h,hl=24h)                  186/224
[37/168] done ../results/overnight_2026-09-20/classical/hh_s9_p2_off.jsonl
  hh_s9 p8 look=top PeriodicPersistence(min_dep=2,bin=1h,hl=24h)       212/224
  hh_s9 p8 look=voi SmoothedRecency(hl=6h,freq=24h)                    207/224
  hh_s10 p1 look=off LastObservation                                    189/224
  hh_s9 p8 look=top SmoothedRecency(hl=6h,freq=24h)                    211/224
  hh_s10 p1 look=off MostFrequentLocation                               185/224
  hh_s10 p1 look=off TimetableLookup(bin=1h,days=all)                   196/224
  hh_s10 p1 look=off Markov1(a=1,cut=24h,hl=24h)                        201/224
  hh_s9 p8 look=voi HierarchyBackoff(po=5,pc=5,hl=24h)                 208/224
  hh_s9 p8 look=top HierarchyBackoff(po=5,pc=5,hl=24h)                 210/224
  hh_s10 p1 look=off PeriodicPersistence(min_dep=2,bin=1h,hl=24h)       189/224
  hh_s10 p1 look=off SmoothedRecency(hl=6h,freq=24h)                    187/224
  hh_s10 p1 look=off HierarchyBackoff(po=5,pc=5,hl=24h)                 187/224
  hh_s9 p8 look=top DaytypeMixture(K=3,bin=2h,hl=24h)                  207/224
[38/168] done ../results/overnight_2026-09-20/classical/hh_s9_p8_top.jsonl
  hh_s9 p4 look=top DaytypeMixture(K=3,bin=2h,hl=24h)                  208/224
[39/168] done ../results/overnight_2026-09-20/classical/hh_s9_p4_top.jsonl
  hh_s10 p1 look=voi LastObservation                                    208/224
  hh_s10 p1 look=top LastObservation                                    207/224
  hh_s10 p1 look=voi MostFrequentLocation                               210/224
  hh_s10 p1 look=top MostFrequentLocation                               206/224
  hh_s9 p8 look=voi DaytypeMixture(K=3,bin=2h,hl=24h)                  196/224
  hh_s10 p1 look=voi TimetableLookup(bin=1h,days=all)                   206/224
[40/168] done ../results/overnight_2026-09-20/classical/hh_s9_p8_voi.jsonl
  hh_s10 p1 look=top TimetableLookup(bin=1h,days=all)                   205/224
  hh_s10 p2 look=off LastObservation                                    186/224
  hh_s10 p2 look=off MostFrequentLocation                               183/224
  hh_s10 p1 look=voi Markov1(a=1,cut=24h,hl=24h)                        208/224
  hh_s10 p1 look=top Markov1(a=1,cut=24h,hl=24h)                        206/224
  hh_s10 p2 look=off TimetableLookup(bin=1h,days=all)                   186/224
  hh_s10 p2 look=off Markov1(a=1,cut=24h,hl=24h)                        200/224
  hh_s10 p2 look=off PeriodicPersistence(min_dep=2,bin=1h,hl=24h)       185/224
  hh_s10 p1 look=voi PeriodicPersistence(min_dep=2,bin=1h,hl=24h)       205/224
  hh_s10 p2 look=off SmoothedRecency(hl=6h,freq=24h)                    185/224
  hh_s10 p1 look=top PeriodicPersistence(min_dep=2,bin=1h,hl=24h)       209/224
  hh_s10 p1 look=voi SmoothedRecency(hl=6h,freq=24h)                    208/224
  hh_s9 p4 look=voi DaytypeMixture(K=3,bin=2h,hl=24h)                  202/224
  hh_s10 p1 look=top SmoothedRecency(hl=6h,freq=24h)                    205/224
[41/168] done ../results/overnight_2026-09-20/classical/hh_s9_p4_voi.jsonl
  hh_s10 p2 look=off HierarchyBackoff(po=5,pc=5,hl=24h)                 183/224
  hh_s10 p2 look=voi LastObservation                                    208/224
  hh_s8 p1 look=top DaytypeMixture(K=3,bin=2h,hl=24h)                  213/224
[42/168] done ../results/overnight_2026-09-20/classical/hh_s8_p1_top.jsonl
  hh_s10 p2 look=voi MostFrequentLocation                               208/224
  hh_s10 p2 look=top LastObservation                                    205/224
  hh_s10 p2 look=voi TimetableLookup(bin=1h,days=all)                   202/224
  hh_s10 p2 look=top MostFrequentLocation                               206/224
  hh_s9 p2 look=top DaytypeMixture(K=3,bin=2h,hl=24h)                  211/224
  hh_s10 p2 look=voi Markov1(a=1,cut=24h,hl=24h)                        207/224
[43/168] done ../results/overnight_2026-09-20/classical/hh_s9_p2_top.jsonl
  hh_s10 p2 look=top TimetableLookup(bin=1h,days=all)                   205/224
  hh_s10 p4 look=off LastObservation                                    178/224
  hh_s10 p4 look=off MostFrequentLocation                               177/224
  hh_s10 p1 look=top HierarchyBackoff(po=5,pc=5,hl=24h)                 208/224
  hh_s10 p4 look=off TimetableLookup(bin=1h,days=all)                   177/224
  hh_s9 p1 look=off DaytypeMixture(K=3,bin=2h,hl=24h)                  187/224
  hh_s10 p2 look=voi PeriodicPersistence(min_dep=2,bin=1h,hl=24h)       203/224
[44/168] done ../results/overnight_2026-09-20/classical/hh_s9_p1_off.jsonl
  hh_s10 p4 look=off Markov1(a=1,cut=24h,hl=24h)                        183/224
  hh_s10 p2 look=top Markov1(a=1,cut=24h,hl=24h)                        206/224
  hh_s10 p4 look=off PeriodicPersistence(min_dep=2,bin=1h,hl=24h)       177/224
  hh_s10 p1 look=voi HierarchyBackoff(po=5,pc=5,hl=24h)                 203/224
  hh_s10 p4 look=off SmoothedRecency(hl=6h,freq=24h)                    177/224
  hh_s10 p4 look=voi LastObservation                                    207/224
  hh_s10 p2 look=voi SmoothedRecency(hl=6h,freq=24h)                    203/224
  hh_s10 p2 look=top PeriodicPersistence(min_dep=2,bin=1h,hl=24h)       206/224
  hh_s10 p4 look=off HierarchyBackoff(po=5,pc=5,hl=24h)                 177/224
  hh_s10 p4 look=voi MostFrequentLocation                               204/224
  hh_s10 p2 look=top SmoothedRecency(hl=6h,freq=24h)                    202/224
  hh_s10 p4 look=voi TimetableLookup(bin=1h,days=all)                   191/224
  hh_s10 p4 look=voi Markov1(a=1,cut=24h,hl=24h)                        206/224
  hh_s10 p4 look=voi PeriodicPersistence(min_dep=2,bin=1h,hl=24h)       206/224
  hh_s10 p2 look=voi HierarchyBackoff(po=5,pc=5,hl=24h)                 201/224
  hh_s10 p4 look=voi SmoothedRecency(hl=6h,freq=24h)                    199/224
  hh_s8 p1 look=voi DaytypeMixture(K=3,bin=2h,hl=24h)                  213/224
  hh_s10 p2 look=top HierarchyBackoff(po=5,pc=5,hl=24h)                 204/224
[45/168] done ../results/overnight_2026-09-20/classical/hh_s8_p1_voi.jsonl
  hh_s10 p4 look=off DaytypeMixture(K=3,bin=2h,hl=24h)                  170/224
[46/168] done ../results/overnight_2026-09-20/classical/hh_s10_p4_off.jsonl
  hh_s10 p8 look=off LastObservation                                    169/224
  hh_s10 p8 look=off MostFrequentLocation                               168/224
  hh_s9 p2 look=voi DaytypeMixture(K=3,bin=2h,hl=24h)                  210/224
  hh_s10 p8 look=off TimetableLookup(bin=1h,days=all)                   168/224
[47/168] done ../results/overnight_2026-09-20/classical/hh_s9_p2_voi.jsonl
  hh_s10 p8 look=off Markov1(a=1,cut=24h,hl=24h)                        175/224
  hh_s10 p4 look=top LastObservation                                    205/224
  hh_s10 p8 look=off PeriodicPersistence(min_dep=2,bin=1h,hl=24h)       171/224
  hh_s10 p8 look=off SmoothedRecency(hl=6h,freq=24h)                    168/224
  hh_s10 p8 look=voi LastObservation                                    199/224
  hh_s10 p8 look=off HierarchyBackoff(po=5,pc=5,hl=24h)                 168/224
  hh_s10 p4 look=top MostFrequentLocation                               202/224
  hh_s10 p2 look=off DaytypeMixture(K=3,bin=2h,hl=24h)                  174/224
[48/168] done ../results/overnight_2026-09-20/classical/hh_s10_p2_off.jsonl
  hh_s10 p8 look=voi MostFrequentLocation                               205/224
  hh_s10 p4 look=top TimetableLookup(bin=1h,days=all)                   201/224
  hh_s10 p4 look=voi HierarchyBackoff(po=5,pc=5,hl=24h)                 200/224
  hh_s10 p8 look=top LastObservation                                    203/224
  hh_s10 p8 look=voi TimetableLookup(bin=1h,days=all)                   184/224
  hh_s10 p4 look=top Markov1(a=1,cut=24h,hl=24h)                        204/224
  hh_s10 p8 look=off DaytypeMixture(K=3,bin=2h,hl=24h)                  164/224
  hh_s10 p8 look=top MostFrequentLocation                               200/224
[49/168] done ../results/overnight_2026-09-20/classical/hh_s10_p8_off.jsonl
  hh_s10 p8 look=voi Markov1(a=1,cut=24h,hl=24h)                        193/224
  hh_s10 p4 look=top PeriodicPersistence(min_dep=2,bin=1h,hl=24h)       206/224
  hh_s10 p8 look=top TimetableLookup(bin=1h,days=all)                   191/224
  hh_s10 p8 look=voi PeriodicPersistence(min_dep=2,bin=1h,hl=24h)       199/224
  hh_s11 p1 look=off LastObservation                                    191/224
  hh_s10 p8 look=top Markov1(a=1,cut=24h,hl=24h)                        197/224
  hh_s10 p4 look=top SmoothedRecency(hl=6h,freq=24h)                    203/224
  hh_s10 p8 look=voi SmoothedRecency(hl=6h,freq=24h)                    197/224
  hh_s10 p8 look=top PeriodicPersistence(min_dep=2,bin=1h,hl=24h)       204/224
  hh_s11 p1 look=off MostFrequentLocation                               190/224
  hh_s10 p8 look=top SmoothedRecency(hl=6h,freq=24h)                    200/224
  hh_s11 p1 look=off TimetableLookup(bin=1h,days=all)                   196/224
  hh_s10 p4 look=top HierarchyBackoff(po=5,pc=5,hl=24h)                 204/224
  hh_s11 p1 look=off Markov1(a=1,cut=24h,hl=24h)                        200/224
  hh_s10 p8 look=voi HierarchyBackoff(po=5,pc=5,hl=24h)                 197/224
  hh_s10 p8 look=top HierarchyBackoff(po=5,pc=5,hl=24h)                 203/224
  hh_s11 p1 look=off PeriodicPersistence(min_dep=2,bin=1h,hl=24h)       191/224
  hh_s11 p1 look=off SmoothedRecency(hl=6h,freq=24h)                    191/224
  hh_s11 p1 look=off HierarchyBackoff(po=5,pc=5,hl=24h)                 191/224
  hh_s10 p1 look=off DaytypeMixture(K=3,bin=2h,hl=24h)                  177/224
[50/168] done ../results/overnight_2026-09-20/classical/hh_s10_p1_off.jsonl
  hh_s10 p8 look=top DaytypeMixture(K=3,bin=2h,hl=24h)                  204/224
[51/168] done ../results/overnight_2026-09-20/classical/hh_s10_p8_top.jsonl
  hh_s11 p1 look=voi LastObservation                                    213/224
  hh_s11 p1 look=top LastObservation                                    207/224
  hh_s10 p8 look=voi DaytypeMixture(K=3,bin=2h,hl=24h)                  191/224
[52/168] done ../results/overnight_2026-09-20/classical/hh_s10_p8_voi.jsonl
  hh_s11 p1 look=voi MostFrequentLocation                               208/224
  hh_s11 p2 look=off LastObservation                                    183/224
  hh_s11 p1 look=top MostFrequentLocation                               207/224
  hh_s11 p2 look=off MostFrequentLocation                               181/224
  hh_s11 p2 look=off TimetableLookup(bin=1h,days=all)                   185/224
  hh_s11 p1 look=voi TimetableLookup(bin=1h,days=all)                   204/224
  hh_s11 p2 look=off Markov1(a=1,cut=24h,hl=24h)                        193/224
  hh_s11 p1 look=top TimetableLookup(bin=1h,days=all)                   208/224
  hh_s11 p2 look=off PeriodicPersistence(min_dep=2,bin=1h,hl=24h)       185/224
  hh_s10 p4 look=voi DaytypeMixture(K=3,bin=2h,hl=24h)                  197/224
[53/168] done ../results/overnight_2026-09-20/classical/hh_s10_p4_voi.jsonl
  hh_s11 p1 look=voi Markov1(a=1,cut=24h,hl=24h)                        212/224
  hh_s11 p2 look=off SmoothedRecency(hl=6h,freq=24h)                    183/224
  hh_s10 p4 look=top DaytypeMixture(K=3,bin=2h,hl=24h)                  208/224
[54/168] done ../results/overnight_2026-09-20/classical/hh_s10_p4_top.jsonl
  hh_s11 p1 look=top Markov1(a=1,cut=24h,hl=24h)                        208/224
  hh_s11 p2 look=voi LastObservation                                    212/224
  hh_s11 p1 look=voi PeriodicPersistence(min_dep=2,bin=1h,hl=24h)       208/224
  hh_s11 p2 look=off HierarchyBackoff(po=5,pc=5,hl=24h)                 183/224
  hh_s11 p2 look=top LastObservation                                    206/224
  hh_s11 p2 look=voi MostFrequentLocation                               206/224
  hh_s11 p1 look=top PeriodicPersistence(min_dep=2,bin=1h,hl=24h)       208/224
  hh_s11 p2 look=top MostFrequentLocation                               206/224
  hh_s11 p1 look=voi SmoothedRecency(hl=6h,freq=24h)                    206/224
  hh_s11 p2 look=voi TimetableLookup(bin=1h,days=all)                   200/224
  hh_s11 p1 look=top SmoothedRecency(hl=6h,freq=24h)                    205/224
  hh_s11 p2 look=voi Markov1(a=1,cut=24h,hl=24h)                        208/224
  hh_s11 p2 look=top TimetableLookup(bin=1h,days=all)                   208/224
  hh_s11 p2 look=voi PeriodicPersistence(min_dep=2,bin=1h,hl=24h)       204/224
  hh_s11 p2 look=top Markov1(a=1,cut=24h,hl=24h)                        207/224
  hh_s11 p2 look=voi SmoothedRecency(hl=6h,freq=24h)                    205/224
  hh_s11 p2 look=top PeriodicPersistence(min_dep=2,bin=1h,hl=24h)       209/224
  hh_s11 p2 look=top SmoothedRecency(hl=6h,freq=24h)                    203/224
  hh_s11 p1 look=top HierarchyBackoff(po=5,pc=5,hl=24h)                 204/224
  hh_s11 p1 look=voi HierarchyBackoff(po=5,pc=5,hl=24h)                 203/224
  hh_s10 p2 look=top DaytypeMixture(K=3,bin=2h,hl=24h)                  208/224
[55/168] done ../results/overnight_2026-09-20/classical/hh_s10_p2_top.jsonl
  hh_s11 p4 look=off LastObservation                                    175/224
  hh_s11 p4 look=off MostFrequentLocation                               175/224
  hh_s11 p2 look=voi HierarchyBackoff(po=5,pc=5,hl=24h)                 201/224
  hh_s11 p4 look=off TimetableLookup(bin=1h,days=all)                   172/224
  hh_s11 p4 look=off Markov1(a=1,cut=24h,hl=24h)                        183/224
  hh_s11 p4 look=off PeriodicPersistence(min_dep=2,bin=1h,hl=24h)       176/224
  hh_s11 p4 look=off SmoothedRecency(hl=6h,freq=24h)                    175/224
  hh_s11 p2 look=top HierarchyBackoff(po=5,pc=5,hl=24h)                 202/224
  hh_s11 p4 look=off HierarchyBackoff(po=5,pc=5,hl=24h)                 175/224
  hh_s10 p2 look=voi DaytypeMixture(K=3,bin=2h,hl=24h)                  201/224
[56/168] done ../results/overnight_2026-09-20/classical/hh_s10_p2_voi.jsonl
  hh_s11 p4 look=voi LastObservation                                    202/224
  hh_s11 p2 look=off DaytypeMixture(K=3,bin=2h,hl=24h)                  167/224
[57/168] done ../results/overnight_2026-09-20/classical/hh_s11_p2_off.jsonl
  hh_s11 p4 look=voi MostFrequentLocation                               201/224
  hh_s11 p4 look=top LastObservation                                    206/224
  hh_s11 p4 look=voi TimetableLookup(bin=1h,days=all)                   190/224
  hh_s11 p4 look=top MostFrequentLocation                               203/224
  hh_s11 p4 look=voi Markov1(a=1,cut=24h,hl=24h)                        197/224
  hh_s11 p4 look=top TimetableLookup(bin=1h,days=all)                   199/224
  hh_s11 p4 look=voi PeriodicPersistence(min_dep=2,bin=1h,hl=24h)       201/224
  hh_s11 p4 look=off DaytypeMixture(K=3,bin=2h,hl=24h)                  156/224
[58/168] done ../results/overnight_2026-09-20/classical/hh_s11_p4_off.jsonl
  hh_s11 p4 look=top Markov1(a=1,cut=24h,hl=24h)                        208/224
  hh_s11 p8 look=off LastObservation                                    165/224
  hh_s11 p4 look=voi SmoothedRecency(hl=6h,freq=24h)                    201/224
  hh_s11 p8 look=off MostFrequentLocation                               165/224
  hh_s11 p4 look=top PeriodicPersistence(min_dep=2,bin=1h,hl=24h)       205/224
  hh_s11 p8 look=off TimetableLookup(bin=1h,days=all)                   162/224
  hh_s11 p8 look=off Markov1(a=1,cut=24h,hl=24h)                        171/224
  hh_s11 p8 look=off PeriodicPersistence(min_dep=2,bin=1h,hl=24h)       165/224
  hh_s11 p4 look=top SmoothedRecency(hl=6h,freq=24h)                    201/224
  hh_s11 p8 look=off SmoothedRecency(hl=6h,freq=24h)                    165/224
  hh_s11 p8 look=off HierarchyBackoff(po=5,pc=5,hl=24h)                 166/224
  hh_s11 p4 look=voi HierarchyBackoff(po=5,pc=5,hl=24h)                 199/224
  hh_s11 p4 look=top HierarchyBackoff(po=5,pc=5,hl=24h)                 199/224
  hh_s11 p8 look=off DaytypeMixture(K=3,bin=2h,hl=24h)                  156/224
[59/168] done ../results/overnight_2026-09-20/classical/hh_s11_p8_off.jsonl
  hh_s11 p8 look=voi LastObservation                                    195/224
  hh_s11 p8 look=voi MostFrequentLocation                               203/224
  hh_s11 p8 look=voi TimetableLookup(bin=1h,days=all)                   180/224
  hh_s11 p8 look=voi Markov1(a=1,cut=24h,hl=24h)                        192/224
  hh_s11 p8 look=voi PeriodicPersistence(min_dep=2,bin=1h,hl=24h)       200/224
  hh_s9 p1 look=top DaytypeMixture(K=3,bin=2h,hl=24h)                  212/224
[60/168] done ../results/overnight_2026-09-20/classical/hh_s9_p1_top.jsonl
  hh_s11 p8 look=top LastObservation                                    205/224
  hh_s11 p8 look=voi SmoothedRecency(hl=6h,freq=24h)                    196/224
  hh_s11 p8 look=top MostFrequentLocation                               204/224
  hh_s11 p8 look=top TimetableLookup(bin=1h,days=all)                   195/224
  hh_s11 p8 look=top Markov1(a=1,cut=24h,hl=24h)                        201/224
  hh_s11 p1 look=off DaytypeMixture(K=3,bin=2h,hl=24h)                  183/224
[61/168] done ../results/overnight_2026-09-20/classical/hh_s11_p1_off.jsonl
  hh_s11 p8 look=top PeriodicPersistence(min_dep=2,bin=1h,hl=24h)       205/224
  hh_s9 p1 look=voi DaytypeMixture(K=3,bin=2h,hl=24h)                  211/224
[62/168] done ../results/overnight_2026-09-20/classical/hh_s9_p1_voi.jsonl
  hh_s11 p8 look=top SmoothedRecency(hl=6h,freq=24h)                    200/224
  hh_s12 p1 look=off LastObservation                                    182/224
  hh_s11 p8 look=voi HierarchyBackoff(po=5,pc=5,hl=24h)                 198/224
  hh_s12 p1 look=off MostFrequentLocation                               183/224
  hh_s12 p1 look=voi LastObservation                                    207/224
  hh_s12 p1 look=off TimetableLookup(bin=1h,days=all)                   190/224
  hh_s11 p8 look=top HierarchyBackoff(po=5,pc=5,hl=24h)                 198/224
  hh_s12 p1 look=off Markov1(a=1,cut=24h,hl=24h)                        198/224
  hh_s12 p1 look=voi MostFrequentLocation                               207/224
  hh_s12 p1 look=off PeriodicPersistence(min_dep=2,bin=1h,hl=24h)       184/224
  hh_s12 p1 look=off SmoothedRecency(hl=6h,freq=24h)                    182/224
  hh_s12 p1 look=voi TimetableLookup(bin=1h,days=all)                   204/224
  hh_s11 p4 look=top DaytypeMixture(K=3,bin=2h,hl=24h)                  208/224
[63/168] done ../results/overnight_2026-09-20/classical/hh_s11_p4_top.jsonl
  hh_s12 p1 look=voi Markov1(a=1,cut=24h,hl=24h)                        202/224
  hh_s12 p1 look=off HierarchyBackoff(po=5,pc=5,hl=24h)                 181/224
  hh_s12 p1 look=voi PeriodicPersistence(min_dep=2,bin=1h,hl=24h)       202/224
  hh_s12 p1 look=top LastObservation                                    210/224
  hh_s12 p1 look=top MostFrequentLocation                               205/224
  hh_s12 p1 look=voi SmoothedRecency(hl=6h,freq=24h)                    201/224
  hh_s11 p2 look=top DaytypeMixture(K=3,bin=2h,hl=24h)                  207/224
[64/168] done ../results/overnight_2026-09-20/classical/hh_s11_p2_top.jsonl
  hh_s11 p4 look=voi DaytypeMixture(K=3,bin=2h,hl=24h)                  200/224
[65/168] done ../results/overnight_2026-09-20/classical/hh_s11_p4_voi.jsonl
  hh_s12 p2 look=off LastObservation                                    180/224
  hh_s12 p1 look=top TimetableLookup(bin=1h,days=all)                   204/224
  hh_s12 p2 look=off MostFrequentLocation                               181/224
  hh_s12 p2 look=voi LastObservation                                    207/224
  hh_s12 p2 look=off TimetableLookup(bin=1h,days=all)                   188/224
  hh_s12 p1 look=top Markov1(a=1,cut=24h,hl=24h)                        200/224
  hh_s12 p2 look=voi MostFrequentLocation                               206/224
  hh_s12 p2 look=off Markov1(a=1,cut=24h,hl=24h)                        196/224
  hh_s12 p2 look=off PeriodicPersistence(min_dep=2,bin=1h,hl=24h)       183/224
  hh_s12 p2 look=voi TimetableLookup(bin=1h,days=all)                   202/224
  hh_s12 p1 look=top PeriodicPersistence(min_dep=2,bin=1h,hl=24h)       207/224
  hh_s11 p8 look=top DaytypeMixture(K=3,bin=2h,hl=24h)                  204/224
[66/168] done ../results/overnight_2026-09-20/classical/hh_s11_p8_top.jsonl
  hh_s12 p2 look=off SmoothedRecency(hl=6h,freq=24h)                    180/224
  hh_s11 p8 look=voi DaytypeMixture(K=3,bin=2h,hl=24h)                  195/224
[67/168] done ../results/overnight_2026-09-20/classical/hh_s11_p8_voi.jsonl
  hh_s11 p2 look=voi DaytypeMixture(K=3,bin=2h,hl=24h)                  205/224
[68/168] done ../results/overnight_2026-09-20/classical/hh_s11_p2_voi.jsonl
  hh_s12 p2 look=voi Markov1(a=1,cut=24h,hl=24h)                        206/224
  hh_s12 p4 look=off LastObservation                                    175/224
  hh_s12 p2 look=top LastObservation                                    209/224
  hh_s12 p1 look=top SmoothedRecency(hl=6h,freq=24h)                    203/224
  hh_s12 p4 look=off MostFrequentLocation                               172/224
  hh_s12 p1 look=voi HierarchyBackoff(po=5,pc=5,hl=24h)                 198/224
  hh_s12 p4 look=off TimetableLookup(bin=1h,days=all)                   175/224
  hh_s12 p2 look=off HierarchyBackoff(po=5,pc=5,hl=24h)                 179/224
  hh_s12 p4 look=voi LastObservation                                    201/224
  hh_s12 p4 look=off Markov1(a=1,cut=24h,hl=24h)                        185/224
  hh_s12 p2 look=voi PeriodicPersistence(min_dep=2,bin=1h,hl=24h)       205/224
  hh_s12 p4 look=off PeriodicPersistence(min_dep=2,bin=1h,hl=24h)       178/224
  hh_s12 p2 look=top MostFrequentLocation                               208/224
  hh_s12 p4 look=off SmoothedRecency(hl=6h,freq=24h)                    175/224
  hh_s12 p4 look=voi MostFrequentLocation                               204/224
  hh_s12 p2 look=voi SmoothedRecency(hl=6h,freq=24h)                    201/224
  hh_s12 p2 look=top TimetableLookup(bin=1h,days=all)                   203/224
  hh_s12 p4 look=off HierarchyBackoff(po=5,pc=5,hl=24h)                 175/224
  hh_s12 p4 look=voi TimetableLookup(bin=1h,days=all)                   193/224
  hh_s10 p1 look=top DaytypeMixture(K=3,bin=2h,hl=24h)                  210/224
  hh_s12 p2 look=top Markov1(a=1,cut=24h,hl=24h)                        200/224
[69/168] done ../results/overnight_2026-09-20/classical/hh_s10_p1_top.jsonl
  hh_s12 p4 look=voi Markov1(a=1,cut=24h,hl=24h)                        196/224
  hh_s12 p2 look=top PeriodicPersistence(min_dep=2,bin=1h,hl=24h)       205/224
  hh_s12 p4 look=top LastObservation                                    206/224
  hh_s12 p4 look=voi PeriodicPersistence(min_dep=2,bin=1h,hl=24h)       199/224
  hh_s12 p4 look=top MostFrequentLocation                               205/224
  hh_s12 p2 look=top SmoothedRecency(hl=6h,freq=24h)                    205/224
  hh_s12 p4 look=voi SmoothedRecency(hl=6h,freq=24h)                    197/224
  hh_s12 p1 look=top HierarchyBackoff(po=5,pc=5,hl=24h)                 206/224
  hh_s12 p2 look=voi HierarchyBackoff(po=5,pc=5,hl=24h)                 197/224
  hh_s12 p4 look=top TimetableLookup(bin=1h,days=all)                   199/224
  hh_s12 p4 look=top Markov1(a=1,cut=24h,hl=24h)                        199/224
  hh_s12 p4 look=off DaytypeMixture(K=3,bin=2h,hl=24h)                  162/224
[70/168] done ../results/overnight_2026-09-20/classical/hh_s12_p4_off.jsonl
  hh_s12 p8 look=off LastObservation                                    168/224
  hh_s12 p8 look=off MostFrequentLocation                               169/224
  hh_s12 p4 look=top PeriodicPersistence(min_dep=2,bin=1h,hl=24h)       202/224
  hh_s12 p8 look=off TimetableLookup(bin=1h,days=all)                   170/224
  hh_s12 p8 look=off Markov1(a=1,cut=24h,hl=24h)                        174/224
  hh_s12 p8 look=off PeriodicPersistence(min_dep=2,bin=1h,hl=24h)       177/224
  hh_s12 p8 look=off SmoothedRecency(hl=6h,freq=24h)                    170/224
  hh_s12 p4 look=voi HierarchyBackoff(po=5,pc=5,hl=24h)                 196/224
  hh_s12 p4 look=top SmoothedRecency(hl=6h,freq=24h)                    202/224
  hh_s12 p8 look=off HierarchyBackoff(po=5,pc=5,hl=24h)                 171/224
  hh_s12 p2 look=top HierarchyBackoff(po=5,pc=5,hl=24h)                 207/224
  hh_s10 p1 look=voi DaytypeMixture(K=3,bin=2h,hl=24h)                  201/224
  hh_s12 p8 look=off DaytypeMixture(K=3,bin=2h,hl=24h)                  161/224
[71/168] done ../results/overnight_2026-09-20/classical/hh_s10_p1_voi.jsonl
[72/168] done ../results/overnight_2026-09-20/classical/hh_s12_p8_off.jsonl
  hh_s12 p4 look=top HierarchyBackoff(po=5,pc=5,hl=24h)                 203/224
  hh_s12 p8 look=top LastObservation                                    205/224
  hh_s12 p8 look=voi LastObservation                                    195/224
  hh_s12 p8 look=top MostFrequentLocation                               203/224
  hh_s12 p8 look=top TimetableLookup(bin=1h,days=all)                   195/224
  hh_s12 p8 look=voi MostFrequentLocation                               203/224
  hh_s12 p8 look=top Markov1(a=1,cut=24h,hl=24h)                        195/224
  hh_s12 p8 look=voi TimetableLookup(bin=1h,days=all)                   189/224
  hh_s12 p2 look=off DaytypeMixture(K=3,bin=2h,hl=24h)                  162/224
  hh_s12 p8 look=top PeriodicPersistence(min_dep=2,bin=1h,hl=24h)       199/224
[73/168] done ../results/overnight_2026-09-20/classical/hh_s12_p2_off.jsonl
  hh_s12 p8 look=top SmoothedRecency(hl=6h,freq=24h)                    201/224
  hh_s12 p8 look=voi Markov1(a=1,cut=24h,hl=24h)                        190/224
  hh_s13 p1 look=off LastObservation                                    193/224
  hh_s12 p8 look=voi PeriodicPersistence(min_dep=2,bin=1h,hl=24h)       198/224
  hh_s13 p1 look=off MostFrequentLocation                               193/224
  hh_s12 p8 look=voi SmoothedRecency(hl=6h,freq=24h)                    197/224
  hh_s12 p8 look=top HierarchyBackoff(po=5,pc=5,hl=24h)                 198/224
  hh_s13 p1 look=off TimetableLookup(bin=1h,days=all)                   200/224
  hh_s13 p1 look=off Markov1(a=1,cut=24h,hl=24h)                        202/224
  hh_s13 p1 look=off PeriodicPersistence(min_dep=2,bin=1h,hl=24h)       195/224
  hh_s12 p8 look=voi HierarchyBackoff(po=5,pc=5,hl=24h)                 191/224
  hh_s13 p1 look=off SmoothedRecency(hl=6h,freq=24h)                    192/224
  hh_s13 p1 look=off HierarchyBackoff(po=5,pc=5,hl=24h)                 192/224
  hh_s12 p4 look=top DaytypeMixture(K=3,bin=2h,hl=24h)                  200/224
  hh_s12 p8 look=top DaytypeMixture(K=3,bin=2h,hl=24h)                  198/224
[74/168] done ../results/overnight_2026-09-20/classical/hh_s12_p4_top.jsonl
[75/168] done ../results/overnight_2026-09-20/classical/hh_s12_p8_top.jsonl
  hh_s13 p1 look=top LastObservation                                    212/224
  hh_s13 p1 look=voi LastObservation                                    209/224
  hh_s13 p1 look=top MostFrequentLocation                               208/224
  hh_s13 p1 look=voi MostFrequentLocation                               209/224
  hh_s13 p1 look=top TimetableLookup(bin=1h,days=all)                   210/224
  hh_s13 p1 look=voi TimetableLookup(bin=1h,days=all)                   209/224
  hh_s12 p8 look=voi DaytypeMixture(K=3,bin=2h,hl=24h)                  189/224
[76/168] done ../results/overnight_2026-09-20/classical/hh_s12_p8_voi.jsonl
  hh_s13 p1 look=top Markov1(a=1,cut=24h,hl=24h)                        206/224
  hh_s13 p2 look=off LastObservation                                    187/224
  hh_s13 p1 look=voi Markov1(a=1,cut=24h,hl=24h)                        212/224
  hh_s11 p1 look=top DaytypeMixture(K=3,bin=2h,hl=24h)                  209/224
  hh_s13 p2 look=off MostFrequentLocation                               188/224
[77/168] done ../results/overnight_2026-09-20/classical/hh_s11_p1_top.jsonl
  hh_s13 p2 look=off TimetableLookup(bin=1h,days=all)                   191/224
  hh_s13 p1 look=top PeriodicPersistence(min_dep=2,bin=1h,hl=24h)       207/224
  hh_s13 p2 look=off Markov1(a=1,cut=24h,hl=24h)                        201/224
  hh_s13 p1 look=voi PeriodicPersistence(min_dep=2,bin=1h,hl=24h)       204/224
  hh_s13 p2 look=voi LastObservation                                    208/224
  hh_s13 p2 look=off PeriodicPersistence(min_dep=2,bin=1h,hl=24h)       188/224
  hh_s12 p1 look=off DaytypeMixture(K=3,bin=2h,hl=24h)                  168/224
[78/168] done ../results/overnight_2026-09-20/classical/hh_s12_p1_off.jsonl
  hh_s13 p2 look=off SmoothedRecency(hl=6h,freq=24h)                    187/224
  hh_s13 p1 look=top SmoothedRecency(hl=6h,freq=24h)                    206/224
  hh_s13 p2 look=voi MostFrequentLocation                               213/224
  hh_s13 p1 look=voi SmoothedRecency(hl=6h,freq=24h)                    207/224
  hh_s13 p2 look=top LastObservation                                    211/224
  hh_s12 p4 look=voi DaytypeMixture(K=3,bin=2h,hl=24h)                  191/224
  hh_s13 p2 look=voi TimetableLookup(bin=1h,days=all)                   206/224
  hh_s13 p2 look=off HierarchyBackoff(po=5,pc=5,hl=24h)                 187/224
[79/168] done ../results/overnight_2026-09-20/classical/hh_s12_p4_voi.jsonl
  hh_s13 p2 look=top MostFrequentLocation                               207/224
  hh_s13 p4 look=off LastObservation                                    178/224
  hh_s13 p4 look=off MostFrequentLocation                               180/224
  hh_s13 p2 look=voi Markov1(a=1,cut=24h,hl=24h)                        210/224
  hh_s13 p4 look=off TimetableLookup(bin=1h,days=all)                   181/224
  hh_s13 p2 look=top TimetableLookup(bin=1h,days=all)                   207/224
  hh_s13 p4 look=off Markov1(a=1,cut=24h,hl=24h)                        189/224
  hh_s13 p4 look=off PeriodicPersistence(min_dep=2,bin=1h,hl=24h)       180/224
  hh_s13 p4 look=off SmoothedRecency(hl=6h,freq=24h)                    178/224
  hh_s13 p2 look=voi PeriodicPersistence(min_dep=2,bin=1h,hl=24h)       204/224
  hh_s13 p2 look=top Markov1(a=1,cut=24h,hl=24h)                        205/224
  hh_s13 p4 look=off HierarchyBackoff(po=5,pc=5,hl=24h)                 178/224
  hh_s13 p2 look=top PeriodicPersistence(min_dep=2,bin=1h,hl=24h)       205/224
  hh_s13 p2 look=voi SmoothedRecency(hl=6h,freq=24h)                    207/224
  hh_s13 p1 look=top HierarchyBackoff(po=5,pc=5,hl=24h)                 211/224
  hh_s13 p2 look=top SmoothedRecency(hl=6h,freq=24h)                    205/224
  hh_s12 p2 look=top DaytypeMixture(K=3,bin=2h,hl=24h)                  202/224
  hh_s13 p1 look=voi HierarchyBackoff(po=5,pc=5,hl=24h)                 207/224
[80/168] done ../results/overnight_2026-09-20/classical/hh_s12_p2_top.jsonl
  hh_s13 p4 look=voi LastObservation                                    203/224
  hh_s13 p4 look=voi MostFrequentLocation                               207/224
  hh_s13 p4 look=off DaytypeMixture(K=3,bin=2h,hl=24h)                  178/224
[81/168] done ../results/overnight_2026-09-20/classical/hh_s13_p4_off.jsonl
  hh_s13 p2 look=top HierarchyBackoff(po=5,pc=5,hl=24h)                 211/224
  hh_s13 p4 look=voi TimetableLookup(bin=1h,days=all)                   203/224
  hh_s13 p2 look=voi HierarchyBackoff(po=5,pc=5,hl=24h)                 206/224
  hh_s13 p4 look=top LastObservation                                    211/224
  hh_s13 p4 look=voi Markov1(a=1,cut=24h,hl=24h)                        205/224
  hh_s13 p4 look=top MostFrequentLocation                               208/224
  hh_s13 p4 look=voi PeriodicPersistence(min_dep=2,bin=1h,hl=24h)       201/224
  hh_s13 p4 look=top TimetableLookup(bin=1h,days=all)                   208/224
  hh_s12 p2 look=voi DaytypeMixture(K=3,bin=2h,hl=24h)                  200/224
[82/168] done ../results/overnight_2026-09-20/classical/hh_s12_p2_voi.jsonl
  hh_s13 p4 look=voi SmoothedRecency(hl=6h,freq=24h)                    207/224
  hh_s13 p8 look=off LastObservation                                    175/224
  hh_s11 p1 look=voi DaytypeMixture(K=3,bin=2h,hl=24h)                  206/224
  hh_s13 p8 look=off MostFrequentLocation                               177/224
[83/168] done ../results/overnight_2026-09-20/classical/hh_s11_p1_voi.jsonl
  hh_s13 p8 look=off TimetableLookup(bin=1h,days=all)                   178/224
  hh_s13 p4 look=top Markov1(a=1,cut=24h,hl=24h)                        205/224
  hh_s13 p8 look=off Markov1(a=1,cut=24h,hl=24h)                        174/224
  hh_s13 p8 look=off PeriodicPersistence(min_dep=2,bin=1h,hl=24h)       179/224
  hh_s13 p8 look=off SmoothedRecency(hl=6h,freq=24h)                    175/224
  hh_s13 p8 look=voi LastObservation                                    196/224
  hh_s13 p4 look=top PeriodicPersistence(min_dep=2,bin=1h,hl=24h)       207/224
  hh_s13 p8 look=off HierarchyBackoff(po=5,pc=5,hl=24h)                 175/224
  hh_s13 p2 look=off DaytypeMixture(K=3,bin=2h,hl=24h)                  184/224
[84/168] done ../results/overnight_2026-09-20/classical/hh_s13_p2_off.jsonl
  hh_s13 p8 look=voi MostFrequentLocation                               203/224
  hh_s13 p4 look=top SmoothedRecency(hl=6h,freq=24h)                    209/224
  hh_s13 p8 look=top LastObservation                                    209/224
  hh_s13 p4 look=voi HierarchyBackoff(po=5,pc=5,hl=24h)                 203/224
  hh_s13 p8 look=voi TimetableLookup(bin=1h,days=all)                   191/224
  hh_s13 p8 look=off DaytypeMixture(K=3,bin=2h,hl=24h)                  174/224
[85/168] done ../results/overnight_2026-09-20/classical/hh_s13_p8_off.jsonl
  hh_s13 p8 look=top MostFrequentLocation                               205/224
  hh_s13 p8 look=voi Markov1(a=1,cut=24h,hl=24h)                        196/224
  hh_s13 p8 look=top TimetableLookup(bin=1h,days=all)                   207/224
  hh_s13 p8 look=voi PeriodicPersistence(min_dep=2,bin=1h,hl=24h)       202/224
  hh_s14 p1 look=off LastObservation                                    196/224
  hh_s13 p8 look=top Markov1(a=1,cut=24h,hl=24h)                        203/224
  hh_s13 p4 look=top HierarchyBackoff(po=5,pc=5,hl=24h)                 212/224
  hh_s14 p1 look=off MostFrequentLocation                               195/224
  hh_s13 p8 look=voi SmoothedRecency(hl=6h,freq=24h)                    203/224
  hh_s13 p8 look=top PeriodicPersistence(min_dep=2,bin=1h,hl=24h)       212/224
  hh_s13 p8 look=top SmoothedRecency(hl=6h,freq=24h)                    209/224
  hh_s14 p1 look=off TimetableLookup(bin=1h,days=all)                   200/224
  hh_s14 p1 look=off Markov1(a=1,cut=24h,hl=24h)                        204/224
  hh_s14 p1 look=off PeriodicPersistence(min_dep=2,bin=1h,hl=24h)       197/224
  hh_s13 p8 look=top HierarchyBackoff(po=5,pc=5,hl=24h)                 208/224
  hh_s13 p8 look=voi HierarchyBackoff(po=5,pc=5,hl=24h)                 202/224
  hh_s14 p1 look=off SmoothedRecency(hl=6h,freq=24h)                    197/224
  hh_s14 p1 look=off HierarchyBackoff(po=5,pc=5,hl=24h)                 196/224
  hh_s13 p1 look=off DaytypeMixture(K=3,bin=2h,hl=24h)                  189/224
[86/168] done ../results/overnight_2026-09-20/classical/hh_s13_p1_off.jsonl
  hh_s14 p1 look=voi LastObservation                                    211/224
  hh_s14 p1 look=voi MostFrequentLocation                               214/224
  hh_s13 p8 look=top DaytypeMixture(K=3,bin=2h,hl=24h)                  202/224
[87/168] done ../results/overnight_2026-09-20/classical/hh_s13_p8_top.jsonl
  hh_s14 p1 look=voi TimetableLookup(bin=1h,days=all)                   210/224
  hh_s14 p1 look=top LastObservation                                    209/224
  hh_s14 p1 look=voi Markov1(a=1,cut=24h,hl=24h)                        213/224
  hh_s13 p8 look=voi DaytypeMixture(K=3,bin=2h,hl=24h)                  195/224
[88/168] done ../results/overnight_2026-09-20/classical/hh_s13_p8_voi.jsonl
  hh_s14 p1 look=top MostFrequentLocation                               213/224
  hh_s14 p2 look=off LastObservation                                    195/224
  hh_s13 p4 look=voi DaytypeMixture(K=3,bin=2h,hl=24h)                  201/224
[89/168] done ../results/overnight_2026-09-20/classical/hh_s13_p4_voi.jsonl
  hh_s13 p4 look=top DaytypeMixture(K=3,bin=2h,hl=24h)                  207/224
  hh_s14 p1 look=voi PeriodicPersistence(min_dep=2,bin=1h,hl=24h)       209/224
[90/168] done ../results/overnight_2026-09-20/classical/hh_s13_p4_top.jsonl
  hh_s14 p2 look=off MostFrequentLocation                               194/224
  hh_s14 p1 look=top TimetableLookup(bin=1h,days=all)                   209/224
  hh_s14 p2 look=off TimetableLookup(bin=1h,days=all)                   196/224
  hh_s14 p2 look=off Markov1(a=1,cut=24h,hl=24h)                        201/224
  hh_s14 p2 look=voi LastObservation                                    211/224
  hh_s14 p2 look=off PeriodicPersistence(min_dep=2,bin=1h,hl=24h)       198/224
  hh_s14 p1 look=voi SmoothedRecency(hl=6h,freq=24h)                    210/224
  hh_s14 p1 look=top Markov1(a=1,cut=24h,hl=24h)                        212/224
  hh_s14 p2 look=off SmoothedRecency(hl=6h,freq=24h)                    196/224
  hh_s14 p2 look=top LastObservation                                    209/224
  hh_s14 p2 look=voi MostFrequentLocation                               215/224
  hh_s14 p2 look=top MostFrequentLocation                               210/224
  hh_s14 p1 look=top PeriodicPersistence(min_dep=2,bin=1h,hl=24h)       213/224
  hh_s14 p2 look=voi TimetableLookup(bin=1h,days=all)                   203/224
  hh_s14 p2 look=off HierarchyBackoff(po=5,pc=5,hl=24h)                 195/224
  hh_s14 p2 look=top TimetableLookup(bin=1h,days=all)                   209/224
  hh_s14 p2 look=voi Markov1(a=1,cut=24h,hl=24h)                        210/224
  hh_s13 p2 look=top DaytypeMixture(K=3,bin=2h,hl=24h)                  207/224
[91/168] done ../results/overnight_2026-09-20/classical/hh_s13_p2_top.jsonl
  hh_s14 p1 look=top SmoothedRecency(hl=6h,freq=24h)                    208/224
  hh_s14 p4 look=off LastObservation                                    184/224
  hh_s14 p2 look=top Markov1(a=1,cut=24h,hl=24h)                        209/224
  hh_s14 p4 look=off MostFrequentLocation                               184/224
  hh_s14 p2 look=voi PeriodicPersistence(min_dep=2,bin=1h,hl=24h)       205/224
  hh_s14 p4 look=off TimetableLookup(bin=1h,days=all)                   181/224
  hh_s14 p4 look=off Markov1(a=1,cut=24h,hl=24h)                        196/224
  hh_s14 p4 look=off PeriodicPersistence(min_dep=2,bin=1h,hl=24h)       185/224
  hh_s14 p2 look=top PeriodicPersistence(min_dep=2,bin=1h,hl=24h)       208/224
  hh_s14 p4 look=off SmoothedRecency(hl=6h,freq=24h)                    185/224
  hh_s13 p2 look=voi DaytypeMixture(K=3,bin=2h,hl=24h)                  206/224
[92/168] done ../results/overnight_2026-09-20/classical/hh_s13_p2_voi.jsonl
  hh_s14 p2 look=voi SmoothedRecency(hl=6h,freq=24h)                    208/224
  hh_s14 p4 look=off HierarchyBackoff(po=5,pc=5,hl=24h)                 185/224
  hh_s14 p2 look=top SmoothedRecency(hl=6h,freq=24h)                    209/224
  hh_s14 p4 look=voi LastObservation                                    206/224
  hh_s14 p1 look=voi HierarchyBackoff(po=5,pc=5,hl=24h)                 209/224
  hh_s14 p4 look=voi MostFrequentLocation                               215/224
  hh_s14 p4 look=voi TimetableLookup(bin=1h,days=all)                   197/224
  hh_s14 p4 look=voi Markov1(a=1,cut=24h,hl=24h)                        202/224
  hh_s14 p1 look=top HierarchyBackoff(po=5,pc=5,hl=24h)                 209/224
  hh_s14 p2 look=voi HierarchyBackoff(po=5,pc=5,hl=24h)                 208/224
  hh_s14 p2 look=top HierarchyBackoff(po=5,pc=5,hl=24h)                 209/224
  hh_s14 p4 look=voi PeriodicPersistence(min_dep=2,bin=1h,hl=24h)       205/224
  hh_s14 p4 look=off DaytypeMixture(K=3,bin=2h,hl=24h)                  174/224
[93/168] done ../results/overnight_2026-09-20/classical/hh_s14_p4_off.jsonl
  hh_s14 p4 look=voi SmoothedRecency(hl=6h,freq=24h)                    205/224
  hh_s14 p4 look=top LastObservation                                    209/224
  hh_s14 p4 look=top MostFrequentLocation                               210/224
  hh_s14 p4 look=top TimetableLookup(bin=1h,days=all)                   209/224
  hh_s14 p4 look=voi HierarchyBackoff(po=5,pc=5,hl=24h)                 203/224
  hh_s14 p4 look=top Markov1(a=1,cut=24h,hl=24h)                        203/224
  hh_s14 p4 look=top PeriodicPersistence(min_dep=2,bin=1h,hl=24h)       207/224
  hh_s14 p4 look=top SmoothedRecency(hl=6h,freq=24h)                    209/224
  hh_s14 p2 look=off DaytypeMixture(K=3,bin=2h,hl=24h)                  183/224
[94/168] done ../results/overnight_2026-09-20/classical/hh_s14_p2_off.jsonl
  hh_s14 p8 look=off LastObservation                                    173/224
  hh_s14 p8 look=off MostFrequentLocation                               173/224
  hh_s14 p8 look=off TimetableLookup(bin=1h,days=all)                   170/224
  hh_s14 p8 look=off Markov1(a=1,cut=24h,hl=24h)                        185/224
  hh_s14 p8 look=off PeriodicPersistence(min_dep=2,bin=1h,hl=24h)       174/224
  hh_s14 p8 look=off SmoothedRecency(hl=6h,freq=24h)                    174/224
  hh_s14 p8 look=off HierarchyBackoff(po=5,pc=5,hl=24h)                 174/224
  hh_s14 p4 look=top HierarchyBackoff(po=5,pc=5,hl=24h)                 208/224
  hh_s12 p1 look=top DaytypeMixture(K=3,bin=2h,hl=24h)                  200/224
[95/168] done ../results/overnight_2026-09-20/classical/hh_s12_p1_top.jsonl
  hh_s14 p8 look=off DaytypeMixture(K=3,bin=2h,hl=24h)                  165/224
[96/168] done ../results/overnight_2026-09-20/classical/hh_s14_p8_off.jsonl
  hh_s14 p8 look=voi LastObservation                                    199/224
  hh_s14 p8 look=top LastObservation                                    207/224
  hh_s14 p8 look=voi MostFrequentLocation                               206/224
  hh_s14 p8 look=top MostFrequentLocation                               205/224
  hh_s14 p8 look=voi TimetableLookup(bin=1h,days=all)                   187/224
  hh_s14 p8 look=top TimetableLookup(bin=1h,days=all)                   202/224
  hh_s14 p8 look=voi Markov1(a=1,cut=24h,hl=24h)                        199/224
  hh_s14 p8 look=top Markov1(a=1,cut=24h,hl=24h)                        204/224
  hh_s12 p1 look=voi DaytypeMixture(K=3,bin=2h,hl=24h)                  200/224
[97/168] done ../results/overnight_2026-09-20/classical/hh_s12_p1_voi.jsonl
  hh_s14 p8 look=top PeriodicPersistence(min_dep=2,bin=1h,hl=24h)       206/224
  hh_s14 p8 look=voi PeriodicPersistence(min_dep=2,bin=1h,hl=24h)       200/224
  hh_s14 p8 look=top SmoothedRecency(hl=6h,freq=24h)                    206/224
  hh_s14 p8 look=voi SmoothedRecency(hl=6h,freq=24h)                    200/224
  hh_s15 p1 look=off LastObservation                                    205/224
  hh_s15 p1 look=off MostFrequentLocation                               205/224
  hh_s14 p8 look=top HierarchyBackoff(po=5,pc=5,hl=24h)                 205/224
  hh_s14 p8 look=voi HierarchyBackoff(po=5,pc=5,hl=24h)                 202/224
  hh_s15 p1 look=off TimetableLookup(bin=1h,days=all)                   209/224
  hh_s15 p1 look=off Markov1(a=1,cut=24h,hl=24h)                        210/224
  hh_s15 p1 look=off PeriodicPersistence(min_dep=2,bin=1h,hl=24h)       207/224
  hh_s15 p1 look=off SmoothedRecency(hl=6h,freq=24h)                    206/224
  hh_s14 p1 look=off DaytypeMixture(K=3,bin=2h,hl=24h)                  186/224
[98/168] done ../results/overnight_2026-09-20/classical/hh_s14_p1_off.jsonl
  hh_s15 p1 look=off HierarchyBackoff(po=5,pc=5,hl=24h)                 206/224
  hh_s13 p1 look=top DaytypeMixture(K=3,bin=2h,hl=24h)                  207/224
[99/168] done ../results/overnight_2026-09-20/classical/hh_s13_p1_top.jsonl
  hh_s14 p4 look=voi DaytypeMixture(K=3,bin=2h,hl=24h)                  211/224
  hh_s14 p4 look=top DaytypeMixture(K=3,bin=2h,hl=24h)                  210/224
[100/168] done ../results/overnight_2026-09-20/classical/hh_s14_p4_voi.jsonl
[101/168] done ../results/overnight_2026-09-20/classical/hh_s14_p4_top.jsonl
  hh_s15 p1 look=voi LastObservation                                    213/224
  hh_s15 p2 look=off LastObservation                                    197/224
  hh_s15 p1 look=top LastObservation                                    217/224
  hh_s15 p2 look=off MostFrequentLocation                               198/224
  hh_s15 p2 look=voi LastObservation                                    209/224
  hh_s15 p1 look=voi MostFrequentLocation                               215/224
  hh_s15 p2 look=off TimetableLookup(bin=1h,days=all)                   201/224
  hh_s14 p8 look=top DaytypeMixture(K=3,bin=2h,hl=24h)                  213/224
[102/168] done ../results/overnight_2026-09-20/classical/hh_s14_p8_top.jsonl
  hh_s15 p2 look=off Markov1(a=1,cut=24h,hl=24h)                        200/224
  hh_s15 p1 look=top MostFrequentLocation                               216/224
  hh_s15 p2 look=voi MostFrequentLocation                               216/224
  hh_s14 p8 look=voi DaytypeMixture(K=3,bin=2h,hl=24h)                  205/224
[103/168] done ../results/overnight_2026-09-20/classical/hh_s14_p8_voi.jsonl
  hh_s15 p4 look=off LastObservation                                    185/224
  hh_s15 p1 look=voi TimetableLookup(bin=1h,days=all)                   215/224
  hh_s15 p2 look=off PeriodicPersistence(min_dep=2,bin=1h,hl=24h)       202/224
  hh_s15 p4 look=off MostFrequentLocation                               186/224
  hh_s15 p2 look=top LastObservation                                    216/224
  hh_s15 p2 look=voi TimetableLookup(bin=1h,days=all)                   210/224
  hh_s15 p4 look=off TimetableLookup(bin=1h,days=all)                   187/224
  hh_s15 p2 look=off SmoothedRecency(hl=6h,freq=24h)                    198/224
  hh_s15 p4 look=off Markov1(a=1,cut=24h,hl=24h)                        185/224
  hh_s15 p1 look=top TimetableLookup(bin=1h,days=all)                   219/224
  hh_s15 p4 look=off PeriodicPersistence(min_dep=2,bin=1h,hl=24h)       189/224
  hh_s15 p4 look=off SmoothedRecency(hl=6h,freq=24h)                    186/224
  hh_s15 p2 look=top MostFrequentLocation                               216/224
  hh_s15 p1 look=voi Markov1(a=1,cut=24h,hl=24h)                        216/224
  hh_s15 p2 look=voi Markov1(a=1,cut=24h,hl=24h)                        210/224
  hh_s15 p4 look=off HierarchyBackoff(po=5,pc=5,hl=24h)                 187/224
  hh_s15 p1 look=top Markov1(a=1,cut=24h,hl=24h)                        215/224
  hh_s15 p2 look=top TimetableLookup(bin=1h,days=all)                   212/224
  hh_s15 p2 look=voi PeriodicPersistence(min_dep=2,bin=1h,hl=24h)       212/224
  hh_s14 p2 look=top DaytypeMixture(K=3,bin=2h,hl=24h)                  209/224
  hh_s15 p2 look=off HierarchyBackoff(po=5,pc=5,hl=24h)                 199/224
[104/168] done ../results/overnight_2026-09-20/classical/hh_s14_p2_top.jsonl
  hh_s15 p1 look=voi PeriodicPersistence(min_dep=2,bin=1h,hl=24h)       213/224
  hh_s15 p2 look=top Markov1(a=1,cut=24h,hl=24h)                        214/224
  hh_s13 p1 look=voi DaytypeMixture(K=3,bin=2h,hl=24h)                  206/224
  hh_s15 p1 look=top PeriodicPersistence(min_dep=2,bin=1h,hl=24h)       218/224
[105/168] done ../results/overnight_2026-09-20/classical/hh_s13_p1_voi.jsonl
  hh_s15 p2 look=voi SmoothedRecency(hl=6h,freq=24h)                    213/224
  hh_s15 p4 look=voi LastObservation                                    203/224
  hh_s14 p2 look=voi DaytypeMixture(K=3,bin=2h,hl=24h)                  208/224
[106/168] done ../results/overnight_2026-09-20/classical/hh_s14_p2_voi.jsonl
  hh_s15 p2 look=top PeriodicPersistence(min_dep=2,bin=1h,hl=24h)       217/224
  hh_s15 p8 look=off LastObservation                                    173/224
  hh_s15 p1 look=voi SmoothedRecency(hl=6h,freq=24h)                    215/224
  hh_s15 p4 look=top LastObservation                                    214/224
  hh_s15 p8 look=off MostFrequentLocation                               174/224
  hh_s15 p8 look=off TimetableLookup(bin=1h,days=all)                   176/224
  hh_s15 p4 look=voi MostFrequentLocation                               216/224
  hh_s15 p8 look=off Markov1(a=1,cut=24h,hl=24h)                        177/224
  hh_s15 p1 look=top SmoothedRecency(hl=6h,freq=24h)                    216/224
  hh_s15 p8 look=off PeriodicPersistence(min_dep=2,bin=1h,hl=24h)       176/224
  hh_s15 p8 look=off SmoothedRecency(hl=6h,freq=24h)                    173/224
  hh_s15 p2 look=top SmoothedRecency(hl=6h,freq=24h)                    216/224
  hh_s15 p4 look=top MostFrequentLocation                               217/224
  hh_s15 p4 look=voi TimetableLookup(bin=1h,days=all)                   199/224
  hh_s15 p8 look=off HierarchyBackoff(po=5,pc=5,hl=24h)                 174/224
  hh_s15 p4 look=top TimetableLookup(bin=1h,days=all)                   200/224
  hh_s15 p4 look=off DaytypeMixture(K=3,bin=2h,hl=24h)                  177/224
  hh_s15 p4 look=voi Markov1(a=1,cut=24h,hl=24h)                        200/224
[107/168] done ../results/overnight_2026-09-20/classical/hh_s15_p4_off.jsonl
  hh_s15 p4 look=top Markov1(a=1,cut=24h,hl=24h)                        209/224
  hh_s15 p2 look=voi HierarchyBackoff(po=5,pc=5,hl=24h)                 214/224
  hh_s15 p8 look=voi LastObservation                                    201/224
  hh_s15 p4 look=voi PeriodicPersistence(min_dep=2,bin=1h,hl=24h)       211/224
  hh_s15 p8 look=off DaytypeMixture(K=3,bin=2h,hl=24h)                  165/224
[108/168] done ../results/overnight_2026-09-20/classical/hh_s15_p8_off.jsonl
  hh_s15 p4 look=top PeriodicPersistence(min_dep=2,bin=1h,hl=24h)       215/224
  hh_s15 p8 look=voi MostFrequentLocation                               210/224
  hh_s15 p8 look=top LastObservation                                    212/224
  hh_s15 p4 look=voi SmoothedRecency(hl=6h,freq=24h)                    212/224
  hh_s15 p2 look=top HierarchyBackoff(po=5,pc=5,hl=24h)                 216/224
  hh_s15 p4 look=top SmoothedRecency(hl=6h,freq=24h)                    216/224
  hh_s15 p8 look=voi TimetableLookup(bin=1h,days=all)                   195/224
  hh_s15 p8 look=top MostFrequentLocation                               213/224
  hh_s15 p8 look=voi Markov1(a=1,cut=24h,hl=24h)                        196/224
  hh_s15 p8 look=top TimetableLookup(bin=1h,days=all)                   197/224
  hh_s15 p1 look=top HierarchyBackoff(po=5,pc=5,hl=24h)                 216/224
  hh_s15 p1 look=voi HierarchyBackoff(po=5,pc=5,hl=24h)                 213/224
  hh_s15 p8 look=voi PeriodicPersistence(min_dep=2,bin=1h,hl=24h)       207/224
  hh_s15 p8 look=top Markov1(a=1,cut=24h,hl=24h)                        204/224
  hh_s15 p4 look=top HierarchyBackoff(po=5,pc=5,hl=24h)                 216/224
  hh_s15 p4 look=voi HierarchyBackoff(po=5,pc=5,hl=24h)                 214/224
  hh_s15 p8 look=top PeriodicPersistence(min_dep=2,bin=1h,hl=24h)       215/224
  hh_s15 p8 look=voi SmoothedRecency(hl=6h,freq=24h)                    208/224
  hh_s15 p8 look=top SmoothedRecency(hl=6h,freq=24h)                    214/224
  hh_s15 p8 look=voi HierarchyBackoff(po=5,pc=5,hl=24h)                 213/224
  hh_s15 p8 look=top HierarchyBackoff(po=5,pc=5,hl=24h)                 212/224
  hh_s15 p2 look=off DaytypeMixture(K=3,bin=2h,hl=24h)                  187/224
[109/168] done ../results/overnight_2026-09-20/classical/hh_s15_p2_off.jsonl
  hh_s16 p1 look=off LastObservation                                    187/224
  hh_s16 p1 look=off MostFrequentLocation                               188/224
  hh_s16 p1 look=off TimetableLookup(bin=1h,days=all)                   192/224
  hh_s16 p1 look=off Markov1(a=1,cut=24h,hl=24h)                        196/224
  hh_s16 p1 look=off PeriodicPersistence(min_dep=2,bin=1h,hl=24h)       187/224
  hh_s16 p1 look=off SmoothedRecency(hl=6h,freq=24h)                    187/224
  hh_s15 p8 look=top DaytypeMixture(K=3,bin=2h,hl=24h)                  213/224
[110/168] done ../results/overnight_2026-09-20/classical/hh_s15_p8_top.jsonl
  hh_s15 p8 look=voi DaytypeMixture(K=3,bin=2h,hl=24h)                  195/224
[111/168] done ../results/overnight_2026-09-20/classical/hh_s15_p8_voi.jsonl
  hh_s16 p1 look=voi LastObservation                                    211/224
  hh_s16 p1 look=off HierarchyBackoff(po=5,pc=5,hl=24h)                 187/224
  hh_s15 p4 look=top DaytypeMixture(K=3,bin=2h,hl=24h)                  211/224
[112/168] done ../results/overnight_2026-09-20/classical/hh_s15_p4_top.jsonl
  hh_s16 p1 look=top LastObservation                                    208/224
  hh_s16 p1 look=voi MostFrequentLocation                               208/224
  hh_s16 p2 look=off LastObservation                                    183/224
  hh_s16 p1 look=top MostFrequentLocation                               211/224
  hh_s16 p2 look=off MostFrequentLocation                               180/224
  hh_s16 p1 look=voi TimetableLookup(bin=1h,days=all)                   207/224
  hh_s15 p4 look=voi DaytypeMixture(K=3,bin=2h,hl=24h)                  203/224
[113/168] done ../results/overnight_2026-09-20/classical/hh_s15_p4_voi.jsonl
  hh_s16 p2 look=off TimetableLookup(bin=1h,days=all)                   182/224
  hh_s16 p2 look=off Markov1(a=1,cut=24h,hl=24h)                        191/224
  hh_s16 p1 look=top TimetableLookup(bin=1h,days=all)                   213/224
  hh_s16 p1 look=voi Markov1(a=1,cut=24h,hl=24h)                        208/224
  hh_s16 p2 look=off PeriodicPersistence(min_dep=2,bin=1h,hl=24h)       183/224
  hh_s16 p2 look=voi LastObservation                                    206/224
  hh_s16 p2 look=off SmoothedRecency(hl=6h,freq=24h)                    183/224
  hh_s16 p1 look=top Markov1(a=1,cut=24h,hl=24h)                        209/224
  hh_s16 p1 look=voi PeriodicPersistence(min_dep=2,bin=1h,hl=24h)       209/224
  hh_s16 p2 look=voi MostFrequentLocation                               205/224
  hh_s16 p2 look=voi TimetableLookup(bin=1h,days=all)                   201/224
  hh_s16 p1 look=top PeriodicPersistence(min_dep=2,bin=1h,hl=24h)       209/224
  hh_s16 p1 look=voi SmoothedRecency(hl=6h,freq=24h)                    209/224
  hh_s16 p2 look=off HierarchyBackoff(po=5,pc=5,hl=24h)                 183/224
  hh_s16 p2 look=voi Markov1(a=1,cut=24h,hl=24h)                        200/224
  hh_s16 p1 look=top SmoothedRecency(hl=6h,freq=24h)                    210/224
  hh_s16 p2 look=voi PeriodicPersistence(min_dep=2,bin=1h,hl=24h)       206/224
  hh_s16 p2 look=voi SmoothedRecency(hl=6h,freq=24h)                    204/224
  hh_s15 p2 look=top DaytypeMixture(K=3,bin=2h,hl=24h)                  212/224
[114/168] done ../results/overnight_2026-09-20/classical/hh_s15_p2_top.jsonl
  hh_s15 p1 look=off DaytypeMixture(K=3,bin=2h,hl=24h)                  191/224
[115/168] done ../results/overnight_2026-09-20/classical/hh_s15_p1_off.jsonl
  hh_s14 p1 look=top DaytypeMixture(K=3,bin=2h,hl=24h)                  209/224
[116/168] done ../results/overnight_2026-09-20/classical/hh_s14_p1_top.jsonl
  hh_s16 p4 look=off LastObservation                                    171/224
  hh_s16 p4 look=off MostFrequentLocation                               171/224
  hh_s16 p2 look=top LastObservation                                    205/224
  hh_s16 p1 look=voi HierarchyBackoff(po=5,pc=5,hl=24h)                 207/224
  hh_s16 p4 look=off TimetableLookup(bin=1h,days=all)                   171/224
  hh_s16 p4 look=off Markov1(a=1,cut=24h,hl=24h)                        177/224
  hh_s16 p4 look=voi LastObservation                                    199/224
  hh_s16 p4 look=off PeriodicPersistence(min_dep=2,bin=1h,hl=24h)       172/224
  hh_s16 p1 look=top HierarchyBackoff(po=5,pc=5,hl=24h)                 211/224
  hh_s16 p4 look=off SmoothedRecency(hl=6h,freq=24h)                    171/224
  hh_s16 p2 look=top MostFrequentLocation                               206/224
  hh_s16 p2 look=voi HierarchyBackoff(po=5,pc=5,hl=24h)                 202/224
  hh_s16 p4 look=voi MostFrequentLocation                               203/224
  hh_s15 p2 look=voi DaytypeMixture(K=3,bin=2h,hl=24h)                  207/224
  hh_s16 p4 look=off HierarchyBackoff(po=5,pc=5,hl=24h)                 171/224
[117/168] done ../results/overnight_2026-09-20/classical/hh_s15_p2_voi.jsonl
  hh_s16 p2 look=top TimetableLookup(bin=1h,days=all)                   201/224
  hh_s16 p4 look=voi TimetableLookup(bin=1h,days=all)                   187/224
  hh_s16 p4 look=top LastObservation                                    203/224
  hh_s16 p4 look=voi Markov1(a=1,cut=24h,hl=24h)                        194/224
  hh_s16 p2 look=top Markov1(a=1,cut=24h,hl=24h)                        203/224
  hh_s14 p1 look=voi DaytypeMixture(K=3,bin=2h,hl=24h)                  207/224
[118/168] done ../results/overnight_2026-09-20/classical/hh_s14_p1_voi.jsonl
  hh_s16 p4 look=top MostFrequentLocation                               204/224
  hh_s16 p8 look=off LastObservation                                    162/224
  hh_s16 p8 look=off MostFrequentLocation                               156/224
  hh_s16 p4 look=voi PeriodicPersistence(min_dep=2,bin=1h,hl=24h)       202/224
  hh_s16 p8 look=off TimetableLookup(bin=1h,days=all)                   154/224
  hh_s16 p2 look=top PeriodicPersistence(min_dep=2,bin=1h,hl=24h)       210/224
  hh_s16 p8 look=off Markov1(a=1,cut=24h,hl=24h)                        160/224
  hh_s16 p8 look=off PeriodicPersistence(min_dep=2,bin=1h,hl=24h)       163/224
  hh_s16 p4 look=top TimetableLookup(bin=1h,days=all)                   190/224
  hh_s16 p8 look=off SmoothedRecency(hl=6h,freq=24h)                    162/224
  hh_s16 p4 look=voi SmoothedRecency(hl=6h,freq=24h)                    202/224
  hh_s16 p8 look=off HierarchyBackoff(po=5,pc=5,hl=24h)                 162/224
  hh_s16 p2 look=top SmoothedRecency(hl=6h,freq=24h)                    207/224
  hh_s16 p4 look=top Markov1(a=1,cut=24h,hl=24h)                        198/224
  hh_s16 p4 look=top PeriodicPersistence(min_dep=2,bin=1h,hl=24h)       207/224
  hh_s16 p4 look=off DaytypeMixture(K=3,bin=2h,hl=24h)                  163/224
[119/168] done ../results/overnight_2026-09-20/classical/hh_s16_p4_off.jsonl
  hh_s16 p8 look=off DaytypeMixture(K=3,bin=2h,hl=24h)                  148/224
[120/168] done ../results/overnight_2026-09-20/classical/hh_s16_p8_off.jsonl
  hh_s16 p4 look=top SmoothedRecency(hl=6h,freq=24h)                    205/224
  hh_s16 p8 look=voi LastObservation                                    198/224
  hh_s16 p4 look=voi HierarchyBackoff(po=5,pc=5,hl=24h)                 201/224
  hh_s16 p8 look=top LastObservation                                    202/224
  hh_s16 p2 look=off DaytypeMixture(K=3,bin=2h,hl=24h)                  169/224
  hh_s16 p8 look=voi MostFrequentLocation                               201/224
[121/168] done ../results/overnight_2026-09-20/classical/hh_s16_p2_off.jsonl
  hh_s16 p2 look=top HierarchyBackoff(po=5,pc=5,hl=24h)                 205/224
  hh_s16 p8 look=top MostFrequentLocation                               206/224
  hh_s16 p8 look=voi TimetableLookup(bin=1h,days=all)                   175/224
  hh_s16 p4 look=top HierarchyBackoff(po=5,pc=5,hl=24h)                 201/224
  hh_s16 p8 look=top TimetableLookup(bin=1h,days=all)                   185/224
  hh_s17 p1 look=off LastObservation                                    200/224
  hh_s16 p8 look=voi Markov1(a=1,cut=24h,hl=24h)                        191/224
  hh_s16 p8 look=top Markov1(a=1,cut=24h,hl=24h)                        196/224
  hh_s17 p1 look=off MostFrequentLocation                               200/224
  hh_s16 p8 look=voi PeriodicPersistence(min_dep=2,bin=1h,hl=24h)       197/224
  hh_s16 p8 look=top PeriodicPersistence(min_dep=2,bin=1h,hl=24h)       204/224
  hh_s17 p1 look=off TimetableLookup(bin=1h,days=all)                   201/224
  hh_s16 p8 look=voi SmoothedRecency(hl=6h,freq=24h)                    197/224
  hh_s16 p8 look=top SmoothedRecency(hl=6h,freq=24h)                    208/224
  hh_s17 p1 look=off Markov1(a=1,cut=24h,hl=24h)                        204/224
  hh_s17 p1 look=off PeriodicPersistence(min_dep=2,bin=1h,hl=24h)       201/224
  hh_s17 p1 look=off SmoothedRecency(hl=6h,freq=24h)                    200/224
  hh_s16 p8 look=top HierarchyBackoff(po=5,pc=5,hl=24h)                 201/224
  hh_s16 p8 look=voi HierarchyBackoff(po=5,pc=5,hl=24h)                 196/224
  hh_s17 p1 look=off HierarchyBackoff(po=5,pc=5,hl=24h)                 200/224
  hh_s16 p8 look=top DaytypeMixture(K=3,bin=2h,hl=24h)                  204/224
[122/168] done ../results/overnight_2026-09-20/classical/hh_s16_p8_top.jsonl
  hh_s16 p8 look=voi DaytypeMixture(K=3,bin=2h,hl=24h)                  192/224
[123/168] done ../results/overnight_2026-09-20/classical/hh_s16_p8_voi.jsonl
  hh_s17 p1 look=voi LastObservation                                    217/224
  hh_s16 p4 look=top DaytypeMixture(K=3,bin=2h,hl=24h)                  204/224
[124/168] done ../results/overnight_2026-09-20/classical/hh_s16_p4_top.jsonl
  hh_s17 p1 look=voi MostFrequentLocation                               215/224
  hh_s17 p1 look=top LastObservation                                    216/224
  hh_s16 p4 look=voi DaytypeMixture(K=3,bin=2h,hl=24h)                  194/224
[125/168] done ../results/overnight_2026-09-20/classical/hh_s16_p4_voi.jsonl
  hh_s17 p2 look=off LastObservation                                    194/224
  hh_s17 p1 look=top MostFrequentLocation                               213/224
  hh_s17 p1 look=voi TimetableLookup(bin=1h,days=all)                   217/224
  hh_s17 p2 look=off MostFrequentLocation                               194/224
  hh_s17 p2 look=voi LastObservation                                    214/224
  hh_s17 p2 look=off TimetableLookup(bin=1h,days=all)                   195/224
  hh_s16 p1 look=off DaytypeMixture(K=3,bin=2h,hl=24h)                  183/224
  hh_s17 p1 look=top TimetableLookup(bin=1h,days=all)                   214/224
[126/168] done ../results/overnight_2026-09-20/classical/hh_s16_p1_off.jsonl
  hh_s17 p1 look=voi Markov1(a=1,cut=24h,hl=24h)                        215/224
  hh_s17 p2 look=off Markov1(a=1,cut=24h,hl=24h)                        196/224
  hh_s17 p2 look=voi MostFrequentLocation                               210/224
  hh_s17 p2 look=top LastObservation                                    214/224
  hh_s17 p2 look=off PeriodicPersistence(min_dep=2,bin=1h,hl=24h)       195/224
  hh_s17 p1 look=top Markov1(a=1,cut=24h,hl=24h)                        213/224
  hh_s17 p1 look=voi PeriodicPersistence(min_dep=2,bin=1h,hl=24h)       218/224
  hh_s17 p2 look=voi TimetableLookup(bin=1h,days=all)                   213/224
  hh_s17 p2 look=off SmoothedRecency(hl=6h,freq=24h)                    194/224
  hh_s17 p2 look=top MostFrequentLocation                               212/224
  hh_s17 p2 look=voi Markov1(a=1,cut=24h,hl=24h)                        210/224
  hh_s17 p1 look=top PeriodicPersistence(min_dep=2,bin=1h,hl=24h)       214/224
  hh_s17 p1 look=voi SmoothedRecency(hl=6h,freq=24h)                    211/224
  hh_s17 p2 look=top TimetableLookup(bin=1h,days=all)                   214/224
  hh_s17 p2 look=off HierarchyBackoff(po=5,pc=5,hl=24h)                 194/224
  hh_s17 p2 look=voi PeriodicPersistence(min_dep=2,bin=1h,hl=24h)       215/224
  hh_s17 p2 look=top Markov1(a=1,cut=24h,hl=24h)                        215/224
  hh_s17 p1 look=top SmoothedRecency(hl=6h,freq=24h)                    213/224
  hh_s17 p2 look=voi SmoothedRecency(hl=6h,freq=24h)                    213/224
  hh_s17 p2 look=top PeriodicPersistence(min_dep=2,bin=1h,hl=24h)       217/224
  hh_s17 p2 look=top SmoothedRecency(hl=6h,freq=24h)                    212/224
  hh_s17 p2 look=voi HierarchyBackoff(po=5,pc=5,hl=24h)                 210/224
  hh_s17 p1 look=voi HierarchyBackoff(po=5,pc=5,hl=24h)                 211/224
  hh_s16 p2 look=voi DaytypeMixture(K=3,bin=2h,hl=24h)                  208/224
[127/168] done ../results/overnight_2026-09-20/classical/hh_s16_p2_voi.jsonl
  hh_s17 p2 look=top HierarchyBackoff(po=5,pc=5,hl=24h)                 209/224
  hh_s17 p1 look=top HierarchyBackoff(po=5,pc=5,hl=24h)                 209/224
  hh_s17 p4 look=off LastObservation                                    183/224
  hh_s17 p4 look=off MostFrequentLocation                               186/224
  hh_s17 p4 look=off TimetableLookup(bin=1h,days=all)                   185/224
  hh_s17 p4 look=off Markov1(a=1,cut=24h,hl=24h)                        185/224
  hh_s17 p4 look=off PeriodicPersistence(min_dep=2,bin=1h,hl=24h)       185/224
  hh_s17 p4 look=off SmoothedRecency(hl=6h,freq=24h)                    184/224
  hh_s16 p2 look=top DaytypeMixture(K=3,bin=2h,hl=24h)                  209/224
[128/168] done ../results/overnight_2026-09-20/classical/hh_s16_p2_top.jsonl
  hh_s17 p4 look=off HierarchyBackoff(po=5,pc=5,hl=24h)                 185/224
  hh_s17 p4 look=voi LastObservation                                    209/224
  hh_s17 p4 look=voi MostFrequentLocation                               211/224
  hh_s17 p4 look=voi TimetableLookup(bin=1h,days=all)                   202/224
  hh_s17 p4 look=voi Markov1(a=1,cut=24h,hl=24h)                        205/224
  hh_s15 p1 look=top DaytypeMixture(K=3,bin=2h,hl=24h)                  215/224
  hh_s17 p4 look=voi PeriodicPersistence(min_dep=2,bin=1h,hl=24h)       213/224
[129/168] done ../results/overnight_2026-09-20/classical/hh_s15_p1_top.jsonl
  hh_s17 p4 look=off DaytypeMixture(K=3,bin=2h,hl=24h)                  180/224
[130/168] done ../results/overnight_2026-09-20/classical/hh_s17_p4_off.jsonl
  hh_s17 p8 look=off LastObservation                                    176/224
  hh_s17 p8 look=off MostFrequentLocation                               181/224
  hh_s17 p8 look=off TimetableLookup(bin=1h,days=all)                   178/224
  hh_s17 p4 look=voi SmoothedRecency(hl=6h,freq=24h)                    210/224
  hh_s17 p4 look=top LastObservation                                    213/224
  hh_s17 p2 look=off DaytypeMixture(K=3,bin=2h,hl=24h)                  186/224
[131/168] done ../results/overnight_2026-09-20/classical/hh_s17_p2_off.jsonl
  hh_s17 p8 look=off Markov1(a=1,cut=24h,hl=24h)                        176/224
  hh_s17 p8 look=off PeriodicPersistence(min_dep=2,bin=1h,hl=24h)       179/224
  hh_s17 p8 look=off SmoothedRecency(hl=6h,freq=24h)                    177/224
  hh_s17 p4 look=top MostFrequentLocation                               209/224
  hh_s17 p8 look=voi LastObservation                                    201/224
  hh_s17 p8 look=off HierarchyBackoff(po=5,pc=5,hl=24h)                 178/224
  hh_s17 p4 look=top TimetableLookup(bin=1h,days=all)                   207/224
  hh_s17 p8 look=voi MostFrequentLocation                               209/224
  hh_s17 p4 look=top Markov1(a=1,cut=24h,hl=24h)                        209/224
  hh_s17 p8 look=voi TimetableLookup(bin=1h,days=all)                   192/224
  hh_s17 p4 look=voi HierarchyBackoff(po=5,pc=5,hl=24h)                 210/224
  hh_s17 p8 look=off DaytypeMixture(K=3,bin=2h,hl=24h)                  176/224
[132/168] done ../results/overnight_2026-09-20/classical/hh_s17_p8_off.jsonl
  hh_s17 p4 look=top PeriodicPersistence(min_dep=2,bin=1h,hl=24h)       215/224
  hh_s17 p8 look=voi Markov1(a=1,cut=24h,hl=24h)                        195/224
  hh_s17 p8 look=top LastObservation                                    211/224
  hh_s17 p4 look=top SmoothedRecency(hl=6h,freq=24h)                    210/224
  hh_s15 p1 look=voi DaytypeMixture(K=3,bin=2h,hl=24h)                  212/224
  hh_s17 p8 look=voi PeriodicPersistence(min_dep=2,bin=1h,hl=24h)       204/224
[133/168] done ../results/overnight_2026-09-20/classical/hh_s15_p1_voi.jsonl
  hh_s17 p8 look=top MostFrequentLocation                               210/224
  hh_s17 p8 look=voi SmoothedRecency(hl=6h,freq=24h)                    205/224
  hh_s17 p8 look=top TimetableLookup(bin=1h,days=all)                   202/224
  hh_s18 p1 look=off LastObservation                                    192/224
  hh_s17 p8 look=top Markov1(a=1,cut=24h,hl=24h)                        203/224
  hh_s18 p1 look=off MostFrequentLocation                               191/224
  hh_s17 p4 look=top HierarchyBackoff(po=5,pc=5,hl=24h)                 206/224
  hh_s17 p8 look=top PeriodicPersistence(min_dep=2,bin=1h,hl=24h)       206/224
  hh_s18 p1 look=off TimetableLookup(bin=1h,days=all)                   193/224
  hh_s17 p8 look=top SmoothedRecency(hl=6h,freq=24h)                    210/224
  hh_s17 p8 look=voi HierarchyBackoff(po=5,pc=5,hl=24h)                 205/224
  hh_s18 p1 look=off Markov1(a=1,cut=24h,hl=24h)                        195/224
  hh_s18 p1 look=off PeriodicPersistence(min_dep=2,bin=1h,hl=24h)       192/224
  hh_s18 p1 look=off SmoothedRecency(hl=6h,freq=24h)                    191/224
  hh_s17 p8 look=top HierarchyBackoff(po=5,pc=5,hl=24h)                 203/224
  hh_s17 p1 look=off DaytypeMixture(K=3,bin=2h,hl=24h)                  191/224
[134/168] done ../results/overnight_2026-09-20/classical/hh_s17_p1_off.jsonl
  hh_s18 p1 look=off HierarchyBackoff(po=5,pc=5,hl=24h)                 191/224
  hh_s18 p1 look=voi LastObservation                                    213/224
  hh_s18 p1 look=voi MostFrequentLocation                               217/224
  hh_s18 p1 look=voi TimetableLookup(bin=1h,days=all)                   211/224
  hh_s18 p1 look=voi Markov1(a=1,cut=24h,hl=24h)                        211/224
  hh_s18 p1 look=voi PeriodicPersistence(min_dep=2,bin=1h,hl=24h)       214/224
  hh_s17 p8 look=top DaytypeMixture(K=3,bin=2h,hl=24h)                  206/224
[135/168] done ../results/overnight_2026-09-20/classical/hh_s17_p8_top.jsonl
  hh_s17 p8 look=voi DaytypeMixture(K=3,bin=2h,hl=24h)                  197/224
[136/168] done ../results/overnight_2026-09-20/classical/hh_s17_p8_voi.jsonl
  hh_s18 p1 look=voi SmoothedRecency(hl=6h,freq=24h)                    214/224
  hh_s18 p2 look=off LastObservation                                    185/224
  hh_s18 p2 look=off MostFrequentLocation                               182/224
  hh_s18 p1 look=top LastObservation                                    207/224
  hh_s18 p2 look=off TimetableLookup(bin=1h,days=all)                   185/224
  hh_s18 p2 look=off Markov1(a=1,cut=24h,hl=24h)                        188/224
  hh_s18 p2 look=off PeriodicPersistence(min_dep=2,bin=1h,hl=24h)       185/224
  hh_s17 p4 look=top DaytypeMixture(K=3,bin=2h,hl=24h)                  207/224
  hh_s17 p2 look=top DaytypeMixture(K=3,bin=2h,hl=24h)                  210/224
  hh_s17 p4 look=voi DaytypeMixture(K=3,bin=2h,hl=24h)                  204/224
[137/168] done ../results/overnight_2026-09-20/classical/hh_s17_p4_top.jsonl
[138/168] done ../results/overnight_2026-09-20/classical/hh_s17_p2_top.jsonl
[139/168] done ../results/overnight_2026-09-20/classical/hh_s17_p4_voi.jsonl
  hh_s18 p2 look=off SmoothedRecency(hl=6h,freq=24h)                    185/224
  hh_s18 p1 look=top MostFrequentLocation                               212/224
  hh_s18 p4 look=off LastObservation                                    183/224
  hh_s18 p4 look=off MostFrequentLocation                               181/224
  hh_s18 p4 look=off TimetableLookup(bin=1h,days=all)                   176/224
  hh_s18 p4 look=off Markov1(a=1,cut=24h,hl=24h)                        186/224
  hh_s18 p2 look=voi LastObservation                                    205/224
  hh_s18 p4 look=off PeriodicPersistence(min_dep=2,bin=1h,hl=24h)       183/224
  hh_s18 p1 look=top TimetableLookup(bin=1h,days=all)                   214/224
  hh_s18 p4 look=off SmoothedRecency(hl=6h,freq=24h)                    183/224
  hh_s18 p2 look=top LastObservation                                    205/224
  hh_s18 p2 look=off HierarchyBackoff(po=5,pc=5,hl=24h)                 185/224
  hh_s18 p2 look=voi MostFrequentLocation                               214/224
  hh_s18 p4 look=off HierarchyBackoff(po=5,pc=5,hl=24h)                 183/224
  hh_s18 p2 look=top MostFrequentLocation                               207/224
  hh_s18 p1 look=top Markov1(a=1,cut=24h,hl=24h)                        212/224
  hh_s18 p1 look=voi HierarchyBackoff(po=5,pc=5,hl=24h)                 214/224
  hh_s18 p2 look=voi TimetableLookup(bin=1h,days=all)                   207/224
  hh_s18 p2 look=top TimetableLookup(bin=1h,days=all)                   209/224
  hh_s18 p1 look=top PeriodicPersistence(min_dep=2,bin=1h,hl=24h)       210/224
  hh_s18 p2 look=voi Markov1(a=1,cut=24h,hl=24h)                        206/224
  hh_s18 p2 look=top Markov1(a=1,cut=24h,hl=24h)                        204/224
  hh_s18 p2 look=voi PeriodicPersistence(min_dep=2,bin=1h,hl=24h)       209/224
  hh_s18 p2 look=top PeriodicPersistence(min_dep=2,bin=1h,hl=24h)       206/224
  hh_s18 p1 look=top SmoothedRecency(hl=6h,freq=24h)                    216/224
  hh_s17 p2 look=voi DaytypeMixture(K=3,bin=2h,hl=24h)                  210/224
[140/168] done ../results/overnight_2026-09-20/classical/hh_s17_p2_voi.jsonl
  hh_s18 p2 look=voi SmoothedRecency(hl=6h,freq=24h)                    209/224
  hh_s18 p2 look=top SmoothedRecency(hl=6h,freq=24h)                    211/224
  hh_s18 p4 look=voi LastObservation                                    200/224
  hh_s18 p4 look=off DaytypeMixture(K=3,bin=2h,hl=24h)                  170/224
[141/168] done ../results/overnight_2026-09-20/classical/hh_s18_p4_off.jsonl
  hh_s18 p4 look=voi MostFrequentLocation                               210/224
  hh_s18 p4 look=top LastObservation                                    205/224
  hh_s18 p4 look=voi TimetableLookup(bin=1h,days=all)                   195/224
  hh_s18 p4 look=top MostFrequentLocation                               208/224
  hh_s16 p1 look=top DaytypeMixture(K=3,bin=2h,hl=24h)                  213/224
[142/168] done ../results/overnight_2026-09-20/classical/hh_s16_p1_top.jsonl
  hh_s18 p2 look=top HierarchyBackoff(po=5,pc=5,hl=24h)                 206/224
  hh_s18 p4 look=voi Markov1(a=1,cut=24h,hl=24h)                        201/224
  hh_s18 p4 look=top TimetableLookup(bin=1h,days=all)                   199/224
  hh_s18 p8 look=off LastObservation                                    176/224
  hh_s18 p8 look=off MostFrequentLocation                               175/224
  hh_s18 p2 look=voi HierarchyBackoff(po=5,pc=5,hl=24h)                 207/224
  hh_s18 p8 look=off TimetableLookup(bin=1h,days=all)                   170/224
  hh_s18 p8 look=off Markov1(a=1,cut=24h,hl=24h)                        171/224
  hh_s18 p8 look=off PeriodicPersistence(min_dep=2,bin=1h,hl=24h)       176/224
  hh_s18 p4 look=voi PeriodicPersistence(min_dep=2,bin=1h,hl=24h)       208/224
  hh_s18 p8 look=off SmoothedRecency(hl=6h,freq=24h)                    176/224
  hh_s18 p4 look=top Markov1(a=1,cut=24h,hl=24h)                        202/224
  hh_s18 p8 look=off HierarchyBackoff(po=5,pc=5,hl=24h)                 176/224
  hh_s18 p4 look=voi SmoothedRecency(hl=6h,freq=24h)                    208/224
  hh_s18 p4 look=top PeriodicPersistence(min_dep=2,bin=1h,hl=24h)       205/224
  hh_s18 p4 look=top SmoothedRecency(hl=6h,freq=24h)                    209/224
  hh_s18 p1 look=top HierarchyBackoff(po=5,pc=5,hl=24h)                 214/224
  hh_s18 p8 look=off DaytypeMixture(K=3,bin=2h,hl=24h)                  163/224
[143/168] done ../results/overnight_2026-09-20/classical/hh_s18_p8_off.jsonl
  hh_s18 p8 look=voi LastObservation                                    194/224
  hh_s18 p4 look=voi HierarchyBackoff(po=5,pc=5,hl=24h)                 206/224
  hh_s18 p4 look=top HierarchyBackoff(po=5,pc=5,hl=24h)                 203/224
  hh_s18 p8 look=voi MostFrequentLocation                               211/224
  hh_s18 p8 look=voi TimetableLookup(bin=1h,days=all)                   181/224
  hh_s18 p2 look=off DaytypeMixture(K=3,bin=2h,hl=24h)                  172/224
[144/168] done ../results/overnight_2026-09-20/classical/hh_s18_p2_off.jsonl
  hh_s18 p8 look=voi Markov1(a=1,cut=24h,hl=24h)                        189/224
  hh_s16 p1 look=voi DaytypeMixture(K=3,bin=2h,hl=24h)                  211/224
[145/168] done ../results/overnight_2026-09-20/classical/hh_s16_p1_voi.jsonl
  hh_s18 p8 look=top LastObservation                                    202/224
  hh_s18 p8 look=voi PeriodicPersistence(min_dep=2,bin=1h,hl=24h)       203/224
  hh_s18 p8 look=top MostFrequentLocation                               208/224
  hh_s18 p8 look=voi SmoothedRecency(hl=6h,freq=24h)                    207/224
  hh_s18 p8 look=top TimetableLookup(bin=1h,days=all)                   196/224
  hh_s19 p1 look=off LastObservation                                    202/224
  hh_s18 p8 look=top Markov1(a=1,cut=24h,hl=24h)                        196/224
  hh_s19 p1 look=off MostFrequentLocation                               203/224
  hh_s18 p8 look=top PeriodicPersistence(min_dep=2,bin=1h,hl=24h)       206/224
  hh_s18 p8 look=voi HierarchyBackoff(po=5,pc=5,hl=24h)                 204/224
  hh_s19 p1 look=off TimetableLookup(bin=1h,days=all)                   205/224
  hh_s18 p8 look=top SmoothedRecency(hl=6h,freq=24h)                    212/224
  hh_s19 p1 look=off Markov1(a=1,cut=24h,hl=24h)                        207/224
  hh_s18 p8 look=top HierarchyBackoff(po=5,pc=5,hl=24h)                 204/224
  hh_s19 p1 look=off PeriodicPersistence(min_dep=2,bin=1h,hl=24h)       204/224
  hh_s19 p1 look=off SmoothedRecency(hl=6h,freq=24h)                    202/224
  hh_s19 p1 look=off HierarchyBackoff(po=5,pc=5,hl=24h)                 202/224
  hh_s18 p4 look=top DaytypeMixture(K=3,bin=2h,hl=24h)                  205/224
[146/168] done ../results/overnight_2026-09-20/classical/hh_s18_p4_top.jsonl
  hh_s18 p1 look=off DaytypeMixture(K=3,bin=2h,hl=24h)                  178/224
[147/168] done ../results/overnight_2026-09-20/classical/hh_s18_p1_off.jsonl
  hh_s18 p4 look=voi DaytypeMixture(K=3,bin=2h,hl=24h)                  199/224
[148/168] done ../results/overnight_2026-09-20/classical/hh_s18_p4_voi.jsonl
  hh_s18 p8 look=voi DaytypeMixture(K=3,bin=2h,hl=24h)                  193/224
[149/168] done ../results/overnight_2026-09-20/classical/hh_s18_p8_voi.jsonl
  hh_s18 p8 look=top DaytypeMixture(K=3,bin=2h,hl=24h)                  206/224
[150/168] done ../results/overnight_2026-09-20/classical/hh_s18_p8_top.jsonl
  hh_s19 p1 look=voi LastObservation                                    214/224
  hh_s19 p2 look=off LastObservation                                    199/224
  hh_s19 p2 look=off MostFrequentLocation                               199/224
  hh_s19 p2 look=voi LastObservation                                    213/224
  hh_s19 p2 look=top LastObservation                                    212/224
  hh_s19 p2 look=off TimetableLookup(bin=1h,days=all)                   200/224
  hh_s19 p1 look=top LastObservation                                    212/224
  hh_s19 p1 look=voi MostFrequentLocation                               218/224
  hh_s19 p2 look=off Markov1(a=1,cut=24h,hl=24h)                        203/224
  hh_s19 p2 look=voi MostFrequentLocation                               214/224
  hh_s19 p2 look=top MostFrequentLocation                               219/224
  hh_s19 p2 look=off PeriodicPersistence(min_dep=2,bin=1h,hl=24h)       199/224
  hh_s19 p1 look=top MostFrequentLocation                               214/224
  hh_s19 p2 look=off SmoothedRecency(hl=6h,freq=24h)                    199/224
  hh_s19 p2 look=voi TimetableLookup(bin=1h,days=all)                   212/224
  hh_s19 p1 look=voi TimetableLookup(bin=1h,days=all)                   216/224
  hh_s19 p2 look=top TimetableLookup(bin=1h,days=all)                   212/224
  hh_s19 p1 look=top TimetableLookup(bin=1h,days=all)                   217/224
  hh_s19 p2 look=voi Markov1(a=1,cut=24h,hl=24h)                        214/224
  hh_s19 p2 look=top Markov1(a=1,cut=24h,hl=24h)                        213/224
  hh_s19 p2 look=off HierarchyBackoff(po=5,pc=5,hl=24h)                 199/224
  hh_s19 p1 look=voi Markov1(a=1,cut=24h,hl=24h)                        213/224
  hh_s19 p2 look=voi PeriodicPersistence(min_dep=2,bin=1h,hl=24h)       212/224
  hh_s19 p2 look=top PeriodicPersistence(min_dep=2,bin=1h,hl=24h)       217/224
  hh_s19 p1 look=top Markov1(a=1,cut=24h,hl=24h)                        214/224
  hh_s19 p1 look=voi PeriodicPersistence(min_dep=2,bin=1h,hl=24h)       214/224
  hh_s19 p2 look=voi SmoothedRecency(hl=6h,freq=24h)                    216/224
  hh_s19 p2 look=top SmoothedRecency(hl=6h,freq=24h)                    214/224
  hh_s19 p1 look=top PeriodicPersistence(min_dep=2,bin=1h,hl=24h)       214/224
  hh_s18 p2 look=top DaytypeMixture(K=3,bin=2h,hl=24h)                  205/224
[151/168] done ../results/overnight_2026-09-20/classical/hh_s18_p2_top.jsonl
  hh_s19 p4 look=off LastObservation                                    189/224
  hh_s19 p1 look=voi SmoothedRecency(hl=6h,freq=24h)                    214/224
  hh_s19 p4 look=off MostFrequentLocation                               190/224
  hh_s19 p1 look=top SmoothedRecency(hl=6h,freq=24h)                    214/224
  hh_s19 p4 look=off TimetableLookup(bin=1h,days=all)                   190/224
  hh_s19 p4 look=off Markov1(a=1,cut=24h,hl=24h)                        188/224
  hh_s19 p4 look=off PeriodicPersistence(min_dep=2,bin=1h,hl=24h)       189/224
  hh_s19 p4 look=off SmoothedRecency(hl=6h,freq=24h)                    189/224
  hh_s19 p2 look=top HierarchyBackoff(po=5,pc=5,hl=24h)                 210/224
  hh_s19 p2 look=voi HierarchyBackoff(po=5,pc=5,hl=24h)                 211/224
  hh_s19 p4 look=off HierarchyBackoff(po=5,pc=5,hl=24h)                 189/224
  hh_s18 p2 look=voi DaytypeMixture(K=3,bin=2h,hl=24h)                  203/224
[152/168] done ../results/overnight_2026-09-20/classical/hh_s18_p2_voi.jsonl
  hh_s19 p1 look=top HierarchyBackoff(po=5,pc=5,hl=24h)                 212/224
  hh_s19 p1 look=voi HierarchyBackoff(po=5,pc=5,hl=24h)                 214/224
  hh_s19 p4 look=voi LastObservation                                    212/224
  hh_s19 p4 look=voi MostFrequentLocation                               214/224
  hh_s19 p4 look=off DaytypeMixture(K=3,bin=2h,hl=24h)                  177/224
[153/168] done ../results/overnight_2026-09-20/classical/hh_s19_p4_off.jsonl
  hh_s17 p1 look=top DaytypeMixture(K=3,bin=2h,hl=24h)                  212/224
[154/168] done ../results/overnight_2026-09-20/classical/hh_s17_p1_top.jsonl
  hh_s19 p4 look=voi TimetableLookup(bin=1h,days=all)                   209/224
  hh_s19 p8 look=off LastObservation                                    184/224
  hh_s19 p8 look=off MostFrequentLocation                               184/224
  hh_s19 p8 look=off TimetableLookup(bin=1h,days=all)                   183/224
  hh_s19 p4 look=top LastObservation                                    210/224
  hh_s19 p8 look=off Markov1(a=1,cut=24h,hl=24h)                        178/224
  hh_s19 p4 look=voi Markov1(a=1,cut=24h,hl=24h)                        208/224
  hh_s19 p8 look=off PeriodicPersistence(min_dep=2,bin=1h,hl=24h)       184/224
  hh_s19 p8 look=off SmoothedRecency(hl=6h,freq=24h)                    184/224
  hh_s19 p4 look=top MostFrequentLocation                               213/224
  hh_s19 p8 look=off HierarchyBackoff(po=5,pc=5,hl=24h)                 183/224
  hh_s19 p4 look=voi PeriodicPersistence(min_dep=2,bin=1h,hl=24h)       211/224
  hh_s19 p4 look=top TimetableLookup(bin=1h,days=all)                   215/224
  hh_s19 p2 look=off DaytypeMixture(K=3,bin=2h,hl=24h)                  185/224
[155/168] done ../results/overnight_2026-09-20/classical/hh_s19_p2_off.jsonl
  hh_s19 p4 look=voi SmoothedRecency(hl=6h,freq=24h)                    211/224
  hh_s19 p4 look=top Markov1(a=1,cut=24h,hl=24h)                        211/224
  hh_s19 p8 look=voi LastObservation                                    207/224
  hh_s19 p8 look=off DaytypeMixture(K=3,bin=2h,hl=24h)                  172/224
[156/168] done ../results/overnight_2026-09-20/classical/hh_s19_p8_off.jsonl
  hh_s19 p4 look=top PeriodicPersistence(min_dep=2,bin=1h,hl=24h)       215/224
  hh_s19 p8 look=voi MostFrequentLocation                               211/224
  hh_s19 p4 look=top SmoothedRecency(hl=6h,freq=24h)                    214/224
  hh_s19 p8 look=top LastObservation                                    211/224
  hh_s19 p8 look=voi TimetableLookup(bin=1h,days=all)                   201/224
  hh_s19 p4 look=voi HierarchyBackoff(po=5,pc=5,hl=24h)                 211/224
  hh_s19 p8 look=top MostFrequentLocation                               215/224
  hh_s19 p8 look=voi Markov1(a=1,cut=24h,hl=24h)                        198/224
  hh_s19 p8 look=top TimetableLookup(bin=1h,days=all)                   215/224
  hh_s19 p8 look=voi PeriodicPersistence(min_dep=2,bin=1h,hl=24h)       213/224
  hh_s19 p4 look=top HierarchyBackoff(po=5,pc=5,hl=24h)                 209/224
  hh_s19 p8 look=top Markov1(a=1,cut=24h,hl=24h)                        208/224
  hh_s19 p8 look=voi SmoothedRecency(hl=6h,freq=24h)                    214/224
  hh_s19 p8 look=top PeriodicPersistence(min_dep=2,bin=1h,hl=24h)       215/224
  hh_s19 p8 look=top SmoothedRecency(hl=6h,freq=24h)                    213/224
  hh_s17 p1 look=voi DaytypeMixture(K=3,bin=2h,hl=24h)                  207/224
[157/168] done ../results/overnight_2026-09-20/classical/hh_s17_p1_voi.jsonl
  hh_s19 p8 look=voi HierarchyBackoff(po=5,pc=5,hl=24h)                 208/224
  hh_s19 p8 look=top HierarchyBackoff(po=5,pc=5,hl=24h)                 207/224
  hh_s19 p8 look=top DaytypeMixture(K=3,bin=2h,hl=24h)                  214/224
[158/168] done ../results/overnight_2026-09-20/classical/hh_s19_p8_top.jsonl
  hh_s19 p4 look=top DaytypeMixture(K=3,bin=2h,hl=24h)                  214/224
[159/168] done ../results/overnight_2026-09-20/classical/hh_s19_p4_top.jsonl
  hh_s19 p8 look=voi DaytypeMixture(K=3,bin=2h,hl=24h)                  199/224
[160/168] done ../results/overnight_2026-09-20/classical/hh_s19_p8_voi.jsonl
  hh_s19 p2 look=top DaytypeMixture(K=3,bin=2h,hl=24h)                  217/224
[161/168] done ../results/overnight_2026-09-20/classical/hh_s19_p2_top.jsonl
  hh_s19 p4 look=voi DaytypeMixture(K=3,bin=2h,hl=24h)                  209/224
[162/168] done ../results/overnight_2026-09-20/classical/hh_s19_p4_voi.jsonl
  hh_s19 p2 look=voi DaytypeMixture(K=3,bin=2h,hl=24h)                  213/224
[163/168] done ../results/overnight_2026-09-20/classical/hh_s19_p2_voi.jsonl
  hh_s19 p1 look=off DaytypeMixture(K=3,bin=2h,hl=24h)                  189/224
[164/168] done ../results/overnight_2026-09-20/classical/hh_s19_p1_off.jsonl
  hh_s18 p1 look=voi DaytypeMixture(K=3,bin=2h,hl=24h)                  210/224
[165/168] done ../results/overnight_2026-09-20/classical/hh_s18_p1_voi.jsonl
  hh_s18 p1 look=top DaytypeMixture(K=3,bin=2h,hl=24h)                  211/224
[166/168] done ../results/overnight_2026-09-20/classical/hh_s18_p1_top.jsonl
  hh_s19 p1 look=top DaytypeMixture(K=3,bin=2h,hl=24h)                  217/224
[167/168] done ../results/overnight_2026-09-20/classical/hh_s19_p1_top.jsonl
  hh_s19 p1 look=voi DaytypeMixture(K=3,bin=2h,hl=24h)                  214/224
[168/168] done ../results/overnight_2026-09-20/classical/hh_s19_p1_voi.jsonl
82 jobs
  hh_s7 p8 look=off Perpetua(lognormal,K<=3,pm=0.01,steps=10)          169/224
  hh_s8 p8 look=off Perpetua(lognormal,K<=3,pm=0.01,steps=10)          175/224
  hh_s7 p8 look=off PerpetuaStar(lognormal,K<=3,pm=0.01,a0=0.01/h,g=0.99) 170/224
[1/82] done ../results/overnight_2026-09-20/classical/hh_s7_p8_off_perpetua.jsonl
  hh_s8 p8 look=off PerpetuaStar(lognormal,K<=3,pm=0.01,a0=0.01/h,g=0.99) 174/224
[2/82] done ../results/overnight_2026-09-20/classical/hh_s8_p8_off_perpetua.jsonl
  hh_s7 p4 look=off Perpetua(lognormal,K<=3,pm=0.01,steps=10)          180/224
  hh_s7 p4 look=off PerpetuaStar(lognormal,K<=3,pm=0.01,a0=0.01/h,g=0.99) 178/224
[3/82] done ../results/overnight_2026-09-20/classical/hh_s7_p4_off_perpetua.jsonl
  hh_s7 p8 look=top Perpetua(lognormal,K<=3,pm=0.01,steps=10)          202/224
  hh_s8 p4 look=off Perpetua(lognormal,K<=3,pm=0.01,steps=10)          184/224
  hh_s7 p8 look=top PerpetuaStar(lognormal,K<=3,pm=0.01,a0=0.01/h,g=0.99) 204/224
[4/82] done ../results/overnight_2026-09-20/classical/hh_s7_p8_top_perpetua.jsonl
  hh_s6 p8 look=top Perpetua(lognormal,K<=3,pm=0.01,steps=10)          185/224
  hh_s7 p4 look=top Perpetua(lognormal,K<=3,pm=0.01,steps=10)          202/224
  hh_s8 p4 look=off PerpetuaStar(lognormal,K<=3,pm=0.01,a0=0.01/h,g=0.99) 182/224
[5/82] done ../results/overnight_2026-09-20/classical/hh_s8_p4_off_perpetua.jsonl
  hh_s7 p8 look=voi Perpetua(lognormal,K<=3,pm=0.01,steps=10)          203/224
  hh_s6 p8 look=top PerpetuaStar(lognormal,K<=3,pm=0.01,a0=0.01/h,g=0.99) 184/224
[6/82] done ../results/overnight_2026-09-20/classical/hh_s6_p8_top_perpetua.jsonl
  hh_s8 p8 look=top Perpetua(lognormal,K<=3,pm=0.01,steps=10)          205/224
  hh_s6 p4 look=top Perpetua(lognormal,K<=3,pm=0.01,steps=10)          187/224
  hh_s7 p4 look=top PerpetuaStar(lognormal,K<=3,pm=0.01,a0=0.01/h,g=0.99) 204/224
[7/82] done ../results/overnight_2026-09-20/classical/hh_s7_p4_top_perpetua.jsonl
  hh_s6 p8 look=voi Perpetua(lognormal,K<=3,pm=0.01,steps=10)          183/224
  hh_s8 p8 look=voi Perpetua(lognormal,K<=3,pm=0.01,steps=10)          201/224
  hh_s9 p8 look=off Perpetua(lognormal,K<=3,pm=0.01,steps=10)          178/224
  hh_s7 p8 look=voi PerpetuaStar(lognormal,K<=3,pm=0.01,a0=0.01/h,g=0.99) 204/224
[8/82] done ../results/overnight_2026-09-20/classical/hh_s7_p8_voi_perpetua.jsonl
  hh_s8 p8 look=top PerpetuaStar(lognormal,K<=3,pm=0.01,a0=0.01/h,g=0.99) 203/224
[9/82] done ../results/overnight_2026-09-20/classical/hh_s8_p8_top_perpetua.jsonl
  hh_s9 p8 look=off PerpetuaStar(lognormal,K<=3,pm=0.01,a0=0.01/h,g=0.99) 180/224
[10/82] done ../results/overnight_2026-09-20/classical/hh_s9_p8_off_perpetua.jsonl
  hh_s7 p4 look=voi Perpetua(lognormal,K<=3,pm=0.01,steps=10)          202/224
  hh_s6 p4 look=top PerpetuaStar(lognormal,K<=3,pm=0.01,a0=0.01/h,g=0.99) 186/224
[11/82] done ../results/overnight_2026-09-20/classical/hh_s6_p4_top_perpetua.jsonl
  hh_s6 p4 look=voi Perpetua(lognormal,K<=3,pm=0.01,steps=10)          185/224
  hh_s6 p8 look=voi PerpetuaStar(lognormal,K<=3,pm=0.01,a0=0.01/h,g=0.99) 183/224
[12/82] done ../results/overnight_2026-09-20/classical/hh_s6_p8_voi_perpetua.jsonl
  hh_s8 p8 look=voi PerpetuaStar(lognormal,K<=3,pm=0.01,a0=0.01/h,g=0.99) 202/224
[13/82] done ../results/overnight_2026-09-20/classical/hh_s8_p8_voi_perpetua.jsonl
  hh_s10 p8 look=off Perpetua(lognormal,K<=3,pm=0.01,steps=10)          165/224
  hh_s7 p4 look=voi PerpetuaStar(lognormal,K<=3,pm=0.01,a0=0.01/h,g=0.99) 203/224
[14/82] done ../results/overnight_2026-09-20/classical/hh_s7_p4_voi_perpetua.jsonl
  hh_s10 p8 look=off PerpetuaStar(lognormal,K<=3,pm=0.01,a0=0.01/h,g=0.99) 166/224
[15/82] done ../results/overnight_2026-09-20/classical/hh_s10_p8_off_perpetua.jsonl
  hh_s6 p4 look=voi PerpetuaStar(lognormal,K<=3,pm=0.01,a0=0.01/h,g=0.99) 185/224
[16/82] done ../results/overnight_2026-09-20/classical/hh_s6_p4_voi_perpetua.jsonl
  hh_s9 p4 look=off Perpetua(lognormal,K<=3,pm=0.01,steps=10)          177/224
  hh_s8 p4 look=top Perpetua(lognormal,K<=3,pm=0.01,steps=10)          206/224
  hh_s10 p4 look=off Perpetua(lognormal,K<=3,pm=0.01,steps=10)          172/224
  hh_s9 p4 look=off PerpetuaStar(lognormal,K<=3,pm=0.01,a0=0.01/h,g=0.99) 178/224
[17/82] done ../results/overnight_2026-09-20/classical/hh_s9_p4_off_perpetua.jsonl
  hh_s8 p4 look=voi Perpetua(lognormal,K<=3,pm=0.01,steps=10)          204/224
  hh_s10 p4 look=off PerpetuaStar(lognormal,K<=3,pm=0.01,a0=0.01/h,g=0.99) 175/224
[18/82] done ../results/overnight_2026-09-20/classical/hh_s10_p4_off_perpetua.jsonl
  hh_s9 p8 look=top Perpetua(lognormal,K<=3,pm=0.01,steps=10)          209/224
  hh_s10 p8 look=top Perpetua(lognormal,K<=3,pm=0.01,steps=10)          187/224
  hh_s8 p4 look=top PerpetuaStar(lognormal,K<=3,pm=0.01,a0=0.01/h,g=0.99) 204/224
[19/82] done ../results/overnight_2026-09-20/classical/hh_s8_p4_top_perpetua.jsonl
  hh_s11 p8 look=off Perpetua(lognormal,K<=3,pm=0.01,steps=10)          159/224
  hh_s11 p8 look=off PerpetuaStar(lognormal,K<=3,pm=0.01,a0=0.01/h,g=0.99) 155/224
[20/82] done ../results/overnight_2026-09-20/classical/hh_s11_p8_off_perpetua.jsonl
  hh_s9 p8 look=top PerpetuaStar(lognormal,K<=3,pm=0.01,a0=0.01/h,g=0.99) 207/224
[21/82] done ../results/overnight_2026-09-20/classical/hh_s9_p8_top_perpetua.jsonl
  hh_s10 p8 look=top PerpetuaStar(lognormal,K<=3,pm=0.01,a0=0.01/h,g=0.99) 189/224
[22/82] done ../results/overnight_2026-09-20/classical/hh_s10_p8_top_perpetua.jsonl
  hh_s8 p4 look=voi PerpetuaStar(lognormal,K<=3,pm=0.01,a0=0.01/h,g=0.99) 204/224
[23/82] done ../results/overnight_2026-09-20/classical/hh_s8_p4_voi_perpetua.jsonl
  hh_s10 p8 look=voi Perpetua(lognormal,K<=3,pm=0.01,steps=10)          186/224
  hh_s9 p8 look=voi Perpetua(lognormal,K<=3,pm=0.01,steps=10)          208/224
  hh_s12 p8 look=off Perpetua(lognormal,K<=3,pm=0.01,steps=10)          167/224
  hh_s9 p4 look=top Perpetua(lognormal,K<=3,pm=0.01,steps=10)          207/224
  hh_s10 p4 look=top Perpetua(lognormal,K<=3,pm=0.01,steps=10)          188/224
  hh_s12 p8 look=off PerpetuaStar(lognormal,K<=3,pm=0.01,a0=0.01/h,g=0.99) 164/224
[24/82] done ../results/overnight_2026-09-20/classical/hh_s12_p8_off_perpetua.jsonl
  hh_s11 p4 look=off Perpetua(lognormal,K<=3,pm=0.01,steps=10)          167/224
  hh_s10 p8 look=voi PerpetuaStar(lognormal,K<=3,pm=0.01,a0=0.01/h,g=0.99) 186/224
[25/82] done ../results/overnight_2026-09-20/classical/hh_s10_p8_voi_perpetua.jsonl
  hh_s10 p4 look=top PerpetuaStar(lognormal,K<=3,pm=0.01,a0=0.01/h,g=0.99) 191/224
[26/82] done ../results/overnight_2026-09-20/classical/hh_s10_p4_top_perpetua.jsonl
  hh_s11 p4 look=off PerpetuaStar(lognormal,K<=3,pm=0.01,a0=0.01/h,g=0.99) 170/224
[27/82] done ../results/overnight_2026-09-20/classical/hh_s11_p4_off_perpetua.jsonl
  hh_s10 p4 look=voi Perpetua(lognormal,K<=3,pm=0.01,steps=10)          188/224
  hh_s11 p8 look=top Perpetua(lognormal,K<=3,pm=0.01,steps=10)          196/224
  hh_s9 p8 look=voi PerpetuaStar(lognormal,K<=3,pm=0.01,a0=0.01/h,g=0.99) 210/224
[28/82] done ../results/overnight_2026-09-20/classical/hh_s9_p8_voi_perpetua.jsonl
  hh_s9 p4 look=top PerpetuaStar(lognormal,K<=3,pm=0.01,a0=0.01/h,g=0.99) 207/224
[29/82] done ../results/overnight_2026-09-20/classical/hh_s9_p4_top_perpetua.jsonl
  hh_s11 p8 look=top PerpetuaStar(lognormal,K<=3,pm=0.01,a0=0.01/h,g=0.99) 196/224
[30/82] done ../results/overnight_2026-09-20/classical/hh_s11_p8_top_perpetua.jsonl
  hh_s9 p4 look=voi Perpetua(lognormal,K<=3,pm=0.01,steps=10)          208/224
  hh_s13 p8 look=off Perpetua(lognormal,K<=3,pm=0.01,steps=10)          174/224
  hh_s11 p8 look=voi Perpetua(lognormal,K<=3,pm=0.01,steps=10)          189/224
  hh_s10 p4 look=voi PerpetuaStar(lognormal,K<=3,pm=0.01,a0=0.01/h,g=0.99) 189/224
[31/82] done ../results/overnight_2026-09-20/classical/hh_s10_p4_voi_perpetua.jsonl
  hh_s13 p8 look=off PerpetuaStar(lognormal,K<=3,pm=0.01,a0=0.01/h,g=0.99) 172/224
[32/82] done ../results/overnight_2026-09-20/classical/hh_s13_p8_off_perpetua.jsonl
  hh_s12 p4 look=off Perpetua(lognormal,K<=3,pm=0.01,steps=10)          171/224
  hh_s12 p4 look=off PerpetuaStar(lognormal,K<=3,pm=0.01,a0=0.01/h,g=0.99) 173/224
[33/82] done ../results/overnight_2026-09-20/classical/hh_s12_p4_off_perpetua.jsonl
  hh_s11 p4 look=top Perpetua(lognormal,K<=3,pm=0.01,steps=10)          197/224
  hh_s12 p8 look=top Perpetua(lognormal,K<=3,pm=0.01,steps=10)          186/224
  hh_s11 p8 look=voi PerpetuaStar(lognormal,K<=3,pm=0.01,a0=0.01/h,g=0.99) 192/224
[34/82] done ../results/overnight_2026-09-20/classical/hh_s11_p8_voi_perpetua.jsonl
  hh_s12 p8 look=top PerpetuaStar(lognormal,K<=3,pm=0.01,a0=0.01/h,g=0.99) 188/224
[35/82] done ../results/overnight_2026-09-20/classical/hh_s12_p8_top_perpetua.jsonl
  hh_s12 p8 look=voi Perpetua(lognormal,K<=3,pm=0.01,steps=10)          185/224
  hh_s11 p4 look=top PerpetuaStar(lognormal,K<=3,pm=0.01,a0=0.01/h,g=0.99) 197/224
[36/82] done ../results/overnight_2026-09-20/classical/hh_s11_p4_top_perpetua.jsonl
  hh_s13 p4 look=off Perpetua(lognormal,K<=3,pm=0.01,steps=10)          173/224
  hh_s11 p4 look=voi Perpetua(lognormal,K<=3,pm=0.01,steps=10)          192/224
  hh_s9 p4 look=voi PerpetuaStar(lognormal,K<=3,pm=0.01,a0=0.01/h,g=0.99) 209/224
[37/82] done ../results/overnight_2026-09-20/classical/hh_s9_p4_voi_perpetua.jsonl
  hh_s14 p8 look=off Perpetua(lognormal,K<=3,pm=0.01,steps=10)          171/224
  hh_s13 p4 look=off PerpetuaStar(lognormal,K<=3,pm=0.01,a0=0.01/h,g=0.99) 176/224
[38/82] done ../results/overnight_2026-09-20/classical/hh_s13_p4_off_perpetua.jsonl
  hh_s13 p8 look=top Perpetua(lognormal,K<=3,pm=0.01,steps=10)          197/224
  hh_s14 p8 look=off PerpetuaStar(lognormal,K<=3,pm=0.01,a0=0.01/h,g=0.99) 170/224
[39/82] done ../results/overnight_2026-09-20/classical/hh_s14_p8_off_perpetua.jsonl
  hh_s12 p8 look=voi PerpetuaStar(lognormal,K<=3,pm=0.01,a0=0.01/h,g=0.99) 185/224
[40/82] done ../results/overnight_2026-09-20/classical/hh_s12_p8_voi_perpetua.jsonl
  hh_s12 p4 look=top Perpetua(lognormal,K<=3,pm=0.01,steps=10)          187/224
  hh_s11 p4 look=voi PerpetuaStar(lognormal,K<=3,pm=0.01,a0=0.01/h,g=0.99) 194/224
[41/82] done ../results/overnight_2026-09-20/classical/hh_s11_p4_voi_perpetua.jsonl
  hh_s13 p8 look=top PerpetuaStar(lognormal,K<=3,pm=0.01,a0=0.01/h,g=0.99) 199/224
[42/82] done ../results/overnight_2026-09-20/classical/hh_s13_p8_top_perpetua.jsonl
  hh_s12 p4 look=voi Perpetua(lognormal,K<=3,pm=0.01,steps=10)          186/224
  hh_s12 p4 look=top PerpetuaStar(lognormal,K<=3,pm=0.01,a0=0.01/h,g=0.99) 188/224
[43/82] done ../results/overnight_2026-09-20/classical/hh_s12_p4_top_perpetua.jsonl
  hh_s14 p4 look=off Perpetua(lognormal,K<=3,pm=0.01,steps=10)          182/224
  hh_s13 p8 look=voi Perpetua(lognormal,K<=3,pm=0.01,steps=10)          198/224
  hh_s15 p8 look=off Perpetua(lognormal,K<=3,pm=0.01,steps=10)          174/224
  hh_s14 p4 look=off PerpetuaStar(lognormal,K<=3,pm=0.01,a0=0.01/h,g=0.99) 182/224
[44/82] done ../results/overnight_2026-09-20/classical/hh_s14_p4_off_perpetua.jsonl
  hh_s15 p8 look=off PerpetuaStar(lognormal,K<=3,pm=0.01,a0=0.01/h,g=0.99) 173/224
[45/82] done ../results/overnight_2026-09-20/classical/hh_s15_p8_off_perpetua.jsonl
  hh_s12 p4 look=voi PerpetuaStar(lognormal,K<=3,pm=0.01,a0=0.01/h,g=0.99) 187/224
[46/82] done ../results/overnight_2026-09-20/classical/hh_s12_p4_voi_perpetua.jsonl
  hh_s13 p4 look=top Perpetua(lognormal,K<=3,pm=0.01,steps=10)          194/224
  hh_s13 p8 look=voi PerpetuaStar(lognormal,K<=3,pm=0.01,a0=0.01/h,g=0.99) 197/224
[47/82] done ../results/overnight_2026-09-20/classical/hh_s13_p8_voi_perpetua.jsonl
  hh_s14 p8 look=top Perpetua(lognormal,K<=3,pm=0.01,steps=10)          198/224
  hh_s13 p4 look=top PerpetuaStar(lognormal,K<=3,pm=0.01,a0=0.01/h,g=0.99) 195/224
[48/82] done ../results/overnight_2026-09-20/classical/hh_s13_p4_top_perpetua.jsonl
  hh_s13 p4 look=voi Perpetua(lognormal,K<=3,pm=0.01,steps=10)          198/224
  hh_s14 p8 look=top PerpetuaStar(lognormal,K<=3,pm=0.01,a0=0.01/h,g=0.99) 198/224
[49/82] done ../results/overnight_2026-09-20/classical/hh_s14_p8_top_perpetua.jsonl
  hh_s16 p8 look=off Perpetua(lognormal,K<=3,pm=0.01,steps=10)          160/224
  hh_s14 p8 look=voi Perpetua(lognormal,K<=3,pm=0.01,steps=10)          197/224
  hh_s16 p8 look=off PerpetuaStar(lognormal,K<=3,pm=0.01,a0=0.01/h,g=0.99) 161/224
[50/82] done ../results/overnight_2026-09-20/classical/hh_s16_p8_off_perpetua.jsonl
  hh_s15 p4 look=off Perpetua(lognormal,K<=3,pm=0.01,steps=10)          186/224
  hh_s14 p4 look=top Perpetua(lognormal,K<=3,pm=0.01,steps=10)          198/224
  hh_s15 p4 look=off PerpetuaStar(lognormal,K<=3,pm=0.01,a0=0.01/h,g=0.99) 188/224
[51/82] done ../results/overnight_2026-09-20/classical/hh_s15_p4_off_perpetua.jsonl
  hh_s13 p4 look=voi PerpetuaStar(lognormal,K<=3,pm=0.01,a0=0.01/h,g=0.99) 198/224
[52/82] done ../results/overnight_2026-09-20/classical/hh_s13_p4_voi_perpetua.jsonl
  hh_s15 p8 look=top Perpetua(lognormal,K<=3,pm=0.01,steps=10)          207/224
  hh_s14 p8 look=voi PerpetuaStar(lognormal,K<=3,pm=0.01,a0=0.01/h,g=0.99) 197/224
[53/82] done ../results/overnight_2026-09-20/classical/hh_s14_p8_voi_perpetua.jsonl
  hh_s14 p4 look=top PerpetuaStar(lognormal,K<=3,pm=0.01,a0=0.01/h,g=0.99) 198/224
[54/82] done ../results/overnight_2026-09-20/classical/hh_s14_p4_top_perpetua.jsonl
  hh_s17 p8 look=off Perpetua(lognormal,K<=3,pm=0.01,steps=10)          179/224
  hh_s17 p8 look=off PerpetuaStar(lognormal,K<=3,pm=0.01,a0=0.01/h,g=0.99) 179/224
[55/82] done ../results/overnight_2026-09-20/classical/hh_s17_p8_off_perpetua.jsonl
  hh_s14 p4 look=voi Perpetua(lognormal,K<=3,pm=0.01,steps=10)          197/224
  hh_s15 p8 look=top PerpetuaStar(lognormal,K<=3,pm=0.01,a0=0.01/h,g=0.99) 207/224
[56/82] done ../results/overnight_2026-09-20/classical/hh_s15_p8_top_perpetua.jsonl
  hh_s15 p8 look=voi Perpetua(lognormal,K<=3,pm=0.01,steps=10)          205/224
  hh_s16 p4 look=off Perpetua(lognormal,K<=3,pm=0.01,steps=10)          167/224
  hh_s16 p4 look=off PerpetuaStar(lognormal,K<=3,pm=0.01,a0=0.01/h,g=0.99) 167/224
[57/82] done ../results/overnight_2026-09-20/classical/hh_s16_p4_off_perpetua.jsonl
  hh_s15 p4 look=top Perpetua(lognormal,K<=3,pm=0.01,steps=10)          208/224
  hh_s16 p8 look=top Perpetua(lognormal,K<=3,pm=0.01,steps=10)          195/224
  hh_s14 p4 look=voi PerpetuaStar(lognormal,K<=3,pm=0.01,a0=0.01/h,g=0.99) 197/224
[58/82] done ../results/overnight_2026-09-20/classical/hh_s14_p4_voi_perpetua.jsonl
  hh_s15 p8 look=voi PerpetuaStar(lognormal,K<=3,pm=0.01,a0=0.01/h,g=0.99) 206/224
[59/82] done ../results/overnight_2026-09-20/classical/hh_s15_p8_voi_perpetua.jsonl
  hh_s17 p4 look=off Perpetua(lognormal,K<=3,pm=0.01,steps=10)          181/224
  hh_s16 p8 look=top PerpetuaStar(lognormal,K<=3,pm=0.01,a0=0.01/h,g=0.99) 195/224
[60/82] done ../results/overnight_2026-09-20/classical/hh_s16_p8_top_perpetua.jsonl
  hh_s17 p4 look=off PerpetuaStar(lognormal,K<=3,pm=0.01,a0=0.01/h,g=0.99) 185/224
[61/82] done ../results/overnight_2026-09-20/classical/hh_s17_p4_off_perpetua.jsonl
  hh_s16 p8 look=voi Perpetua(lognormal,K<=3,pm=0.01,steps=10)          190/224
  hh_s18 p8 look=off Perpetua(lognormal,K<=3,pm=0.01,steps=10)          166/224
  hh_s18 p8 look=off PerpetuaStar(lognormal,K<=3,pm=0.01,a0=0.01/h,g=0.99) 174/224
[62/82] done ../results/overnight_2026-09-20/classical/hh_s18_p8_off_perpetua.jsonl
  hh_s15 p4 look=top PerpetuaStar(lognormal,K<=3,pm=0.01,a0=0.01/h,g=0.99) 209/224
[63/82] done ../results/overnight_2026-09-20/classical/hh_s15_p4_top_perpetua.jsonl
  hh_s15 p4 look=voi Perpetua(lognormal,K<=3,pm=0.01,steps=10)          208/224
  hh_s17 p8 look=top Perpetua(lognormal,K<=3,pm=0.01,steps=10)          204/224
  hh_s16 p8 look=voi PerpetuaStar(lognormal,K<=3,pm=0.01,a0=0.01/h,g=0.99) 188/224
[64/82] done ../results/overnight_2026-09-20/classical/hh_s16_p8_voi_perpetua.jsonl
  hh_s17 p8 look=top PerpetuaStar(lognormal,K<=3,pm=0.01,a0=0.01/h,g=0.99) 205/224
[65/82] done ../results/overnight_2026-09-20/classical/hh_s17_p8_top_perpetua.jsonl
  hh_s17 p8 look=voi Perpetua(lognormal,K<=3,pm=0.01,steps=10)          202/224
  hh_s16 p4 look=top Perpetua(lognormal,K<=3,pm=0.01,steps=10)          195/224
  hh_s19 p8 look=off Perpetua(lognormal,K<=3,pm=0.01,steps=10)          180/224
  hh_s18 p4 look=off Perpetua(lognormal,K<=3,pm=0.01,steps=10)          180/224
  hh_s19 p8 look=off PerpetuaStar(lognormal,K<=3,pm=0.01,a0=0.01/h,g=0.99) 182/224
[66/82] done ../results/overnight_2026-09-20/classical/hh_s19_p8_off_perpetua.jsonl
  hh_s15 p4 look=voi PerpetuaStar(lognormal,K<=3,pm=0.01,a0=0.01/h,g=0.99) 208/224
[67/82] done ../results/overnight_2026-09-20/classical/hh_s15_p4_voi_perpetua.jsonl
  hh_s18 p4 look=off PerpetuaStar(lognormal,K<=3,pm=0.01,a0=0.01/h,g=0.99) 181/224
[68/82] done ../results/overnight_2026-09-20/classical/hh_s18_p4_off_perpetua.jsonl
  hh_s17 p8 look=voi PerpetuaStar(lognormal,K<=3,pm=0.01,a0=0.01/h,g=0.99) 203/224
[69/82] done ../results/overnight_2026-09-20/classical/hh_s17_p8_voi_perpetua.jsonl
  hh_s17 p4 look=top Perpetua(lognormal,K<=3,pm=0.01,steps=10)          205/224
  hh_s18 p8 look=top Perpetua(lognormal,K<=3,pm=0.01,steps=10)          198/224
  hh_s16 p4 look=top PerpetuaStar(lognormal,K<=3,pm=0.01,a0=0.01/h,g=0.99) 195/224
[70/82] done ../results/overnight_2026-09-20/classical/hh_s16_p4_top_perpetua.jsonl
  hh_s16 p4 look=voi Perpetua(lognormal,K<=3,pm=0.01,steps=10)          190/224
  hh_s18 p8 look=top PerpetuaStar(lognormal,K<=3,pm=0.01,a0=0.01/h,g=0.99) 200/224
[71/82] done ../results/overnight_2026-09-20/classical/hh_s18_p8_top_perpetua.jsonl
  hh_s18 p8 look=voi Perpetua(lognormal,K<=3,pm=0.01,steps=10)          201/224
  hh_s19 p4 look=off Perpetua(lognormal,K<=3,pm=0.01,steps=10)          186/224
  hh_s17 p4 look=voi Perpetua(lognormal,K<=3,pm=0.01,steps=10)          200/224
  hh_s17 p4 look=top PerpetuaStar(lognormal,K<=3,pm=0.01,a0=0.01/h,g=0.99) 205/224
[72/82] done ../results/overnight_2026-09-20/classical/hh_s17_p4_top_perpetua.jsonl
  hh_s19 p4 look=off PerpetuaStar(lognormal,K<=3,pm=0.01,a0=0.01/h,g=0.99) 186/224
[73/82] done ../results/overnight_2026-09-20/classical/hh_s19_p4_off_perpetua.jsonl
  hh_s19 p8 look=top Perpetua(lognormal,K<=3,pm=0.01,steps=10)          205/224
  hh_s16 p4 look=voi PerpetuaStar(lognormal,K<=3,pm=0.01,a0=0.01/h,g=0.99) 191/224
[74/82] done ../results/overnight_2026-09-20/classical/hh_s16_p4_voi_perpetua.jsonl
  hh_s18 p8 look=voi PerpetuaStar(lognormal,K<=3,pm=0.01,a0=0.01/h,g=0.99) 201/224
[75/82] done ../results/overnight_2026-09-20/classical/hh_s18_p8_voi_perpetua.jsonl
  hh_s18 p4 look=top Perpetua(lognormal,K<=3,pm=0.01,steps=10)          200/224
  hh_s19 p8 look=top PerpetuaStar(lognormal,K<=3,pm=0.01,a0=0.01/h,g=0.99) 206/224
[76/82] done ../results/overnight_2026-09-20/classical/hh_s19_p8_top_perpetua.jsonl
  hh_s17 p4 look=voi PerpetuaStar(lognormal,K<=3,pm=0.01,a0=0.01/h,g=0.99) 203/224
[77/82] done ../results/overnight_2026-09-20/classical/hh_s17_p4_voi_perpetua.jsonl
  hh_s18 p4 look=voi Perpetua(lognormal,K<=3,pm=0.01,steps=10)          202/224
  hh_s19 p4 look=top Perpetua(lognormal,K<=3,pm=0.01,steps=10)          203/224
  hh_s19 p8 look=voi Perpetua(lognormal,K<=3,pm=0.01,steps=10)          204/224
  hh_s18 p4 look=top PerpetuaStar(lognormal,K<=3,pm=0.01,a0=0.01/h,g=0.99) 200/224
[78/82] done ../results/overnight_2026-09-20/classical/hh_s18_p4_top_perpetua.jsonl
  hh_s18 p4 look=voi PerpetuaStar(lognormal,K<=3,pm=0.01,a0=0.01/h,g=0.99) 203/224
[79/82] done ../results/overnight_2026-09-20/classical/hh_s18_p4_voi_perpetua.jsonl
  hh_s19 p4 look=top PerpetuaStar(lognormal,K<=3,pm=0.01,a0=0.01/h,g=0.99) 204/224
[80/82] done ../results/overnight_2026-09-20/classical/hh_s19_p4_top_perpetua.jsonl
  hh_s19 p4 look=voi Perpetua(lognormal,K<=3,pm=0.01,steps=10)          203/224
  hh_s19 p8 look=voi PerpetuaStar(lognormal,K<=3,pm=0.01,a0=0.01/h,g=0.99) 204/224
[81/82] done ../results/overnight_2026-09-20/classical/hh_s19_p8_voi_perpetua.jsonl
  hh_s19 p4 look=voi PerpetuaStar(lognormal,K<=3,pm=0.01,a0=0.01/h,g=0.99) 205/224
[82/82] done ../results/overnight_2026-09-20/classical/hh_s19_p4_voi_perpetua.jsonl
86 jobs
