t,stamp,phone_elias,keys_elias,wallet_elias,laptop_elias,charger_elias,backpack_elias,mug_elias,water_bottle_elias,notebook_elias,pen_elias,headphones_elias,jacket_elias,phone_priya,keys_priya,wallet_priya,backpack_priya,lunchbox_priya,water_bottle_priya,mug_priya,jacket_priya,yoga_mat_priya,hairbrush_priya,makeup_kit_priya,blanket_noa,water_bottle_noa,backpack_noa,toy_noa,book_noa,towel_noa,medication_bottle_noa,plate_shared_1,bowl_shared_1,pot_shared_1,pan_shared_1,remote_shared_1,tablet_shared_1,charger_shared_1,laundry_basket_shared_1,vacuum_cleaner_shared_1,umbrella_shared_1,suitcase_shared_1
0,d00 Mon 00:00,entry,entry,bedroom_1,bedroom_1,bedroom_1,entry,kitchen,kitchen,bedroom_1,bedroom_1,bedroom_1,entry,bathroom,entry,entry,entry,kitchen,kitchen,kitchen,entry,living,bathroom,bathroom,bedroom_2,living,entry,living,living,bathroom,kitchen,kitchen,kitchen,kitchen,kitchen,living,kitchen,kitchen,bedroom_1,bedroom_1,entry,bedroom_1
60,d00 Mon 01:00,entry,entry,bedroom_1,bedroom_1,bedroom_1,entry,kitchen,kitchen,bedroom_1,bedroom_1,bedroom_1,entry,bathroom,entry,entry,entry,kitchen,kitchen,kitchen,entry,living,bathroom,bathroom,bedroom_2,living,entry,living,living,bathroom,kitchen,kitchen,kitchen,kitchen,kitchen,living,kitchen,kitchen,bedroom_1,bedroom_1,entry,bedroom_1
120,d00 Mon 02:00,entry,entry,bedroom_1,bedroom_1,bedroom_1,entry,kitchen,kitchen,bedroom_1,bedroom_1,bedroom_1,entry,bathroom,entry,entry,entry,kitchen,kitchen,kitchen,entry,living,bathroom,bathroom,bedroom_2,living,entry,living,living,bathroom,kitchen,kitchen,kitchen,kitchen,kitchen,living,kitchen,kitchen,bedroom_1,bedroom_1,entry,bedroom_1
180,d00 Mon 03:00,entry,entry,bedroom_1,bedroom_1,bedroom_1,entry,kitchen,kitchen,bedroom_1,bedroom_1,bedroom_1,entry,bathroom,entry,entry,entry,kitchen,kitchen,kitchen,entry,living,bathroom,bathroom,bedroom_2,living,entry,living,living,bathroom,kitchen,kitchen,kitchen,kitchen,kitchen,living,kitchen,kitchen,bedroom_1,bedroom_1,entry,bedroom_1
240,d00 Mon 04:00,entry,entry,bedroom_1,bedroom_1,bedroom_1,entry,kitchen,kitchen,bedroom_1,bedroom_1,bedroom_1,entry,bathroom,entry,entry,entry,kitchen,kitchen,kitchen,entry,living,bathroom,bathroom,bedroom_2,living,entry,living,living,bathroom,kitchen,kitchen,kitchen,kitchen,kitchen,living,kitchen,kitchen,bedroom_1,bedroom_1,entry,bedroom_1
300,d00 Mon 05:00,entry,entry,bedroom_1,bedroom_1,bedroom_1,entry,kitchen,kitchen,bedroom_1,bedroom_1,bedroom_1,entry,bathroom,entry,entry,entry,kitchen,kitchen,kitchen,entry,living,bathroom,bathroom,bedroom_2,living,entry,living,living,bathroom,kitchen,kitchen,kitchen,kitchen,kitchen,living,kitchen,kitchen,bedroom_1,bedroom_1,entry,bedroom_1
360,d00 Mon 06:00,entry,entry,bedroom_1,bedroom_1,bedroom_1,kitchen,kitchen,kitchen,bedroom_1,bedroom_1,bedroom_1,entry,bathroom,entry,entry,entry,kitchen,kitchen,kitchen,entry,living,entry,entry,bedroom_2,kitchen,entry,living,living,bathroom,kitchen,kitchen,kitchen,kitchen,kitchen,living,kitchen,kitchen,bedroom_1,bedroom_1,entry,bedroom_1
420,d00 Mon 07:00,entry,kitchen,bedroom_1,bedroom_1,bedroom_1,kitchen,kitchen,kitchen,bedroom_1,bedroom_1,bedroom_1,entry,outside,outside,outside,outside,outside,outside,kitchen,outside,outside,bathroom,entry,bedroom_2,kitchen,entry,living,living,bathroom,kitchen,kitchen,kitchen,kitchen,kitchen,living,kitchen,kitchen,bedroom_1,bedroom_1,entry,bedroom_1
480,d00 Mon 08:00,outside,outside,outside,outside,outside,outside,kitchen,outside,bedroom_1,bedroom_1,outside,outside,outside,outside,outside,outside,outside,outside,kitchen,outside,outside,bathroom,bathroom,bedroom_2,kitchen,entry,living,living,bathroom,kitchen,kitchen,living,kitchen,kitchen,living,kitchen,kitchen,bedroom_1,bedroom_1,entry,bedroom_1
540,d00 Mon 09:00,outside,outside,outside,outside,outside,outside,kitchen,outside,bedroom_1,bedroom_1,outside,outside,outside,outside,outside,outside,outside,outside,kitchen,outside,outside,bathroom,bathroom,outside,outside,outside,bathroom,living,bathroom,kitchen,kitchen,living,kitchen,kitchen,living,kitchen,kitchen,bedroom_1,bedroom_1,entry,bedroom_1
600,d00 Mon 10:00,outside,outside,outside,outside,outside,outside,kitchen,outside,bedroom_1,bedroom_1,outside,outside,outside,outside,outside,outside,outside,outside,kitchen,outside,outside,bathroom,bathroom,outside,outside,outside,bathroom,living,bathroom,kitchen,kitchen,living,kitchen,kitchen,living,kitchen,kitchen,bedroom_1,bedroom_1,entry,bedroom_1
660,d00 Mon 11:00,outside,outside,outside,outside,outside,outside,kitchen,outside,bedroom_1,bedroom_1,outside,outside,outside,outside,outside,outside,outside,outside,kitchen,outside,outside,bathroom,bathroom,outside,outside,outside,bathroom,living,bathroom,kitchen,kitchen,living,kitchen,kitchen,living,kitchen,kitchen,bedroom_1,bedroom_1,entry,bedroom_1
720,d00 Mon 12:00,outside,outside,outside,outside,outside,outside,kitchen,outside,bedroom_1,bedroom_1,outside,outside,outside,outside,outside,outside,outside,outside,kitchen,outside,outside,bathroom,bathroom,outside,outside,outside,bathroom,living,bathroom,kitchen,kitchen,living,kitchen,kitchen,living,kitchen,kitchen,bedroom_1,bedroom_1,entry,bedroom_1
780,d00 Mon 13:00,outside,outside,outside,outside,outside,outside,kitchen,outside,bedroom_1,bedroom_1,outside,outside,outside,outside,outside,outside,outside,outside,kitchen,outside,outside,bathroom,bathroom,outside,outside,outside,bathroom,living,bathroom,kitchen,kitchen,living,kitchen,kitchen,living,kitchen,kitchen,bedroom_1,bedroom_1,entry,bedroom_1
840,d00 Mon 14:00,outside,outside,outside,outside,outside,outside,kitchen,outside,bedroom_1,bedroom_1,outside,outside,outside,outside,outside,outside,outside,outside,kitchen,outside,outside,bathroom,bathroom,outside,outside,outside,bathroom,living,bathroom,kitchen,kitchen,living,kitchen,kitchen,living,entry,kitchen,bedroom_1,bedroom_1,entry,bedroom_1
900,d00 Mon 15:00,bedroom_1,entry,entry,bedroom_1,bedroom_1,entry,kitchen,kitchen,bedroom_1,bedroom_1,bedroom_1,entry,entry,entry,entry,kitchen,kitchen,kitchen,kitchen,entry,living,bathroom,bathroom,living,kitchen,entry,living,living,bathroom,kitchen,kitchen,living,kitchen,kitchen,living,kitchen,kitchen,bedroom_1,bedroom_1,entry,bedroom_1
960,d00 Mon 16:00,bedroom_1,entry,entry,bedroom_1,bedroom_1,entry,kitchen,kitchen,bedroom_1,bedroom_1,bedroom_1,entry,entry,entry,entry,kitchen,kitchen,kitchen,kitchen,entry,living,bathroom,bathroom,living,living,entry,living,living,bathroom,kitchen,kitchen,living,kitchen,kitchen,living,kitchen,kitchen,bedroom_1,bedroom_1,entry,bedroom_1
1020,d00 Mon 17:00,bedroom_1,entry,entry,bedroom_1,bedroom_1,entry,kitchen,kitchen,bedroom_1,kitchen,bedroom_1,entry,entry,entry,entry,kitchen,kitchen,kitchen,kitchen,entry,living,bathroom,kitchen,living,kitchen,entry,living,living,kitchen,kitchen,kitchen,kitchen,kitchen,kitchen,living,kitchen,kitchen,bedroom_1,bedroom_1,entry,bedroom_1
1080,d00 Mon 18:00,bedroom_1,entry,entry,bedroom_1,bedroom_1,entry,kitchen,kitchen,bedroom_1,kitchen,kitchen,entry,entry,entry,entry,kitchen,kitchen,kitchen,kitchen,entry,living,bathroom,kitchen,living,kitchen,entry,bathroom,living,kitchen,kitchen,kitchen,kitchen,kitchen,kitchen,living,kitchen,kitchen,bedroom_1,bedroom_1,entry,bedroom_1
1140,d00 Mon 19:00,bedroom_1,entry,entry,bedroom_1,bedroom_1,entry,kitchen,kitchen,bedroom_1,kitchen,kitchen,entry,entry,entry,entry,kitchen,kitchen,kitchen,kitchen,entry,living,bathroom,kitchen,living,kitchen,entry,bathroom,bedroom_2,kitchen,kitchen,kitchen,kitchen,kitchen,kitchen,living,kitchen,kitchen,bedroom_1,bedroom_1,entry,bedroom_1
1200,d00 Mon 20:00,bedroom_1,entry,entry,bedroom_1,bedroom_1,entry,kitchen,kitchen,bedroom_1,kitchen,kitchen,entry,entry,entry,entry,kitchen,kitchen,kitchen,kitchen,entry,living,bathroom,kitchen,living,kitchen,entry,bathroom,living,kitchen,kitchen,kitchen,kitchen,kitchen,kitchen,living,kitchen,kitchen,bedroom_1,bedroom_1,entry,bedroom_1
1260,d00 Mon 21:00,bedroom_1,entry,entry,bedroom_1,bedroom_1,entry,kitchen,kitchen,bedroom_1,kitchen,kitchen,entry,entry,entry,entry,kitchen,kitchen,kitchen,kitchen,entry,living,bathroom,kitchen,living,kitchen,entry,bathroom,living,kitchen,kitchen,kitchen,kitchen,kitchen,kitchen,living,kitchen,kitchen,bedroom_1,bedroom_1,entry,bedroom_1
1320,d00 Mon 22:00,bedroom_1,entry,entry,bedroom_1,bedroom_1,entry,kitchen,kitchen,bedroom_1,kitchen,kitchen,entry,entry,entry,entry,kitchen,kitchen,kitchen,kitchen,entry,living,bathroom,kitchen,living,kitchen,entry,bathroom,living,kitchen,kitchen,kitchen,kitchen,kitchen,kitchen,living,kitchen,kitchen,bedroom_1,bedroom_1,entry,bedroom_1
1380,d00 Mon 23:00,bedroom_1,entry,entry,bedroom_1,bedroom_1,entry,kitchen,kitchen,bedroom_1,kitchen,kitchen,entry,entry,entry,entry,kitchen,kitchen,kitchen,kitchen,entry,living,bathroom,kitchen,living,kitchen,entry,bathroom,living,kitchen,kitchen,kitchen,kitchen,kitchen,kitchen,living,kitchen,kitchen,bedroom_1,bedroom_1,entry,bedroom_1
1440,d01 Tue 00:00,bedroom_1,entry,entry,bedroom_1,bedroom_1,entry,kitchen,kitchen,bedroom_1,kitchen,kitchen,entry,entry,entry,entry,kitchen,kitchen,kitchen,kitchen,entry,living,bathroom,kitchen,living,kitchen,entry,bathroom,living,kitchen,kitchen,kitchen,kitchen,kitchen,kitchen,living,kitchen,kitchen,bedroom_1,bedroom_1,entry,bedroom_1
1500,d01 Tue 01:00,bedroom_1,entry,entry,bedroom_1,bedroom_1,entry,kitchen,kitchen,bedroom_1,kitchen,kitchen,entry,entry,entry,entry,kitchen,kitchen,kitchen,kitchen,entry,living,bathroom,kitchen,living,kitchen,entry,bathroom,living,kitchen,kitchen,kitchen,kitchen,kitchen,kitchen,living,kitchen,kitchen,bedroom_1,bedroom_1,entry,bedroom_1
1560,d01 Tue 02:00,bedroom_1,entry,entry,bedroom_1,bedroom_1,entry,kitchen,kitchen,bedroom_1,kitchen,kitchen,entry,entry,entry,entry,kitchen,kitchen,kitchen,kitchen,entry,living,bathroom,kitchen,living,kitchen,entry,bathroom,living,kitchen,kitchen,kitchen,kitchen,kitchen,kitchen,living,kitchen,kitchen,bedroom_1,bedroom_1,entry,bedroom_1
1620,d01 Tue 03:00,bedroom_1,entry,entry,bedroom_1,bedroom_1,entry,kitchen,kitchen,bedroom_1,kitchen,kitchen,entry,entry,entry,entry,kitchen,kitchen,kitchen,kitchen,entry,living,bathroom,kitchen,living,kitchen,entry,bathroom,living,kitchen,kitchen,kitchen,kitchen,kitchen,kitchen,living,kitchen,kitchen,bedroom_1,bedroom_1,entry,bedroom_1
1680,d01 Tue 04:00,bedroom_1,entry,entry,bedroom_1,bedroom_1,entry,kitchen,kitchen,bedroom_1,kitchen,kitchen,entry,entry,entry,entry,kitchen,kitchen,kitchen,kitchen,entry,living,bathroom,kitchen,living,kitchen,entry,bathroom,living,kitchen,kitchen,kitchen,kitchen,kitchen,kitchen,living,kitchen,kitchen,bedroom_1,bedroom_1,entry,bedroom_1
1740,d01 Tue 05:00,bedroom_1,entry,entry,bedroom_1,bedroom_1,entry,kitchen,kitchen,bedroom_1,kitchen,kitchen,entry,entry,entry,entry,kitchen,kitchen,kitchen,kitchen,entry,living,bathroom,kitchen,living,kitchen,entry,bathroom,living,kitchen,kitchen,kitchen,kitchen,kitchen,kitchen,living,kitchen,kitchen,bedroom_1,bedroom_1,entry,bedroom_1
1800,d01 Tue 06:00,entry,entry,entry,bedroom_1,bedroom_1,entry,kitchen,kitchen,bedroom_1,kitchen,kitchen,entry,bathroom,entry,entry,kitchen,kitchen,kitchen,kitchen,entry,living,bathroom,bathroom,living,kitchen,entry,bathroom,living,kitchen,kitchen,kitchen,kitchen,kitchen,kitchen,living,kitchen,kitchen,bedroom_1,bedroom_1,entry,bedroom_1
1860,d01 Tue 07:00,kitchen,entry,entry,bedroom_1,kitchen,entry,kitchen,kitchen,bedroom_1,kitchen,kitchen,entry,outside,outside,outside,outside,outside,outside,kitchen,outside,outside,entry,entry,living,kitchen,entry,bathroom,living,kitchen,kitchen,kitchen,kitchen,kitchen,kitchen,living,kitchen,kitchen,bedroom_1,bedroom_1,entry,bedroom_1
1920,d01 Tue 08:00,entry,entry,entry,bedroom_1,kitchen,entry,kitchen,kitchen,bedroom_1,kitchen,kitchen,entry,outside,outside,outside,outside,outside,outside,kitchen,outside,outside,kitchen,bathroom,outside,outside,outside,living,living,kitchen,kitchen,kitchen,living,kitchen,kitchen,living,kitchen,kitchen,living,bedroom_1,entry,bedroom_1
1980,d01 Tue 09:00,outside,outside,outside,outside,outside,outside,kitchen,outside,bedroom_1,kitchen,outside,outside,outside,outside,outside,outside,outside,outside,kitchen,outside,outside,kitchen,bathroom,outside,outside,outside,living,living,kitchen,kitchen,kitchen,living,kitchen,kitchen,living,kitchen,kitchen,living,bedroom_1,entry,bedroom_1
2040,d01 Tue 10:00,outside,outside,outside,outside,outside,outside,kitchen,outside,bedroom_1,kitchen,outside,outside,outside,outside,outside,outside,outside,outside,kitchen,outside,outside,kitchen,bathroom,outside,outside,outside,living,living,kitchen,kitchen,kitchen,living,kitchen,kitchen,living,kitchen,kitchen,living,bedroom_1,entry,bedroom_1
2100,d01 Tue 11:00,outside,outside,outside,outside,outside,outside,kitchen,outside,bedroom_1,kitchen,outside,outside,outside,outside,outside,outside,outside,outside,kitchen,outside,outside,kitchen,bathroom,outside,outside,outside,living,living,kitchen,kitchen,kitchen,living,kitchen,kitchen,living,kitchen,kitchen,living,bedroom_1,entry,bedroom_1
2160,d01 Tue 12:00,outside,outside,outside,outside,outside,outside,kitchen,outside,bedroom_1,kitchen,outside,outside,outside,outside,outside,outside,outside,outside,kitchen,outside,outside,kitchen,bathroom,outside,outside,outside,living,living,kitchen,kitchen,kitchen,living,kitchen,kitchen,living,kitchen,kitchen,living,bedroom_1,entry,bedroom_1
2220,d01 Tue 13:00,outside,outside,outside,outside,outside,outside,kitchen,outside,bedroom_1,kitchen,outside,outside,outside,outside,outside,outside,outside,outside,kitchen,outside,outside,kitchen,bathroom,outside,outside,outside,living,living,kitchen,kitchen,kitchen,living,kitchen,kitchen,living,kitchen,kitchen,living,bedroom_1,entry,bedroom_1
2280,d01 Tue 14:00,outside,outside,outside,outside,outside,outside,kitchen,outside,bedroom_1,kitchen,outside,outside,entry,entry,kitchen,entry,kitchen,kitchen,kitchen,entry,living,kitchen,bathroom,outside,outside,outside,living,living,kitchen,kitchen,kitchen,living,kitchen,kitchen,living,kitchen,kitchen,living,bedroom_1,entry,bedroom_1
2340,d01 Tue 15:00,outside,outside,outside,outside,outside,outside,kitchen,outside,bedroom_1,kitchen,outside,outside,kitchen,entry,kitchen,bedroom_1,kitchen,kitchen,kitchen,kitchen,living,kitchen,bathroom,bedroom_2,kitchen,entry,living,living,kitchen,kitchen,kitchen,living,kitchen,kitchen,living,kitchen,kitchen,living,bedroom_1,entry,bedroom_1
2400,d01 Tue 16:00,outside,outside,outside,outside,outside,outside,kitchen,outside,bedroom_1,kitchen,outside,outside,kitchen,entry,kitchen,bedroom_1,kitchen,kitchen,kitchen,kitchen,living,kitchen,bathroom,bedroom_2,kitchen,entry,living,living,kitchen,kitchen,kitchen,living,kitchen,kitchen,living,kitchen,kitchen,living,bedroom_1,entry,bedroom_1
2460,d01 Tue 17:00,entry,entry,entry,kitchen,bedroom_1,kitchen,kitchen,kitchen,bedroom_1,kitchen,bedroom_1,entry,kitchen,entry,entry,kitchen,kitchen,kitchen,kitchen,kitchen,living,kitchen,bathroom,bedroom_2,kitchen,entry,living,kitchen,kitchen,kitchen,kitchen,kitchen,kitchen,kitchen,living,kitchen,kitchen,living,bedroom_1,kitchen,bedroom_1
2520,d01 Tue 18:00,entry,entry,entry,kitchen,bedroom_1,kitchen,kitchen,kitchen,bedroom_1,kitchen,kitchen,entry,kitchen,kitchen,entry,kitchen,kitchen,kitchen,kitchen,kitchen,living,kitchen,bathroom,bedroom_2,kitchen,entry,living,bedroom_2,kitchen,kitchen,kitchen,kitchen,kitchen,kitchen,living,kitchen,kitchen,living,bedroom_1,kitchen,bedroom_1
2580,d01 Tue 19:00,entry,entry,bedroom_1,bedroom_1,bedroom_1,entry,kitchen,kitchen,bedroom_1,kitchen,bedroom_1,entry,kitchen,kitchen,entry,bedroom_1,kitchen,kitchen,kitchen,kitchen,living,kitchen,bathroom,living,kitchen,bedroom_1,living,living,kitchen,kitchen,kitchen,kitchen,kitchen,kitchen,living,kitchen,kitchen,living,bedroom_1,kitchen,bedroom_1
2640,d01 Tue 20:00,bedroom_1,entry,bedroom_1,bedroom_1,bedroom_1,entry,kitchen,kitchen,bedroom_1,kitchen,bedroom_1,entry,kitchen,kitchen,entry,bedroom_1,kitchen,kitchen,kitchen,kitchen,living,kitchen,bathroom,living,kitchen,bedroom_1,living,living,kitchen,kitchen,kitchen,kitchen,kitchen,kitchen,living,living,kitchen,living,bedroom_1,kitchen,bedroom_1
2700,d01 Tue 21:00,bedroom_1,entry,bedroom_1,bedroom_1,bedroom_1,entry,kitchen,kitchen,bedroom_1,kitchen,bedroom_1,entry,kitchen,kitchen,entry,bedroom_1,kitchen,kitchen,kitchen,kitchen,living,kitchen,bathroom,bedroom_2,kitchen,bedroom_1,living,bedroom_2,kitchen,kitchen,kitchen,kitchen,kitchen,kitchen,living,kitchen,kitchen,living,bedroom_1,kitchen,bedroom_1
2760,d01 Tue 22:00,bedroom_1,entry,bedroom_1,bedroom_1,bedroom_1,entry,kitchen,kitchen,bedroom_1,kitchen,bedroom_1,entry,kitchen,kitchen,entry,bedroom_1,kitchen,kitchen,kitchen,kitchen,living,kitchen,bathroom,bedroom_2,kitchen,bedroom_1,living,bedroom_2,kitchen,kitchen,kitchen,kitchen,kitchen,kitchen,living,kitchen,kitchen,living,bedroom_1,kitchen,bedroom_1
2820,d01 Tue 23:00,bedroom_1,entry,bedroom_1,bedroom_1,bedroom_1,entry,kitchen,kitchen,bedroom_1,kitchen,bedroom_1,entry,kitchen,kitchen,entry,bedroom_1,kitchen,kitchen,kitchen,kitchen,living,kitchen,bathroom,bedroom_2,kitchen,bedroom_1,living,bedroom_2,kitchen,kitchen,kitchen,kitchen,kitchen,kitchen,living,kitchen,kitchen,living,bedroom_1,kitchen,bedroom_1
2880,d02 Wed 00:00,bedroom_1,entry,bedroom_1,bedroom_1,bedroom_1,entry,kitchen,kitchen,bedroom_1,kitchen,bedroom_1,entry,kitchen,kitchen,entry,bedroom_1,kitchen,kitchen,kitchen,kitchen,living,kitchen,bathroom,bedroom_2,kitchen,bedroom_1,living,bedroom_2,kitchen,kitchen,kitchen,kitchen,kitchen,kitchen,living,kitchen,kitchen,living,bedroom_1,kitchen,bedroom_1
2940,d02 Wed 01:00,bedroom_1,entry,bedroom_1,bedroom_1,bedroom_1,entry,kitchen,kitchen,bedroom_1,kitchen,bedroom_1,entry,kitchen,kitchen,entry,bedroom_1,kitchen,kitchen,kitchen,kitchen,living,kitchen,bathroom,bedroom_2,kitchen,bedroom_1,living,bedroom_2,kitchen,kitchen,kitchen,kitchen,kitchen,kitchen,living,kitchen,kitchen,living,bedroom_1,kitchen,bedroom_1
3000,d02 Wed 02:00,bedroom_1,entry,bedroom_1,bedroom_1,bedroom_1,entry,kitchen,kitchen,bedroom_1,kitchen,bedroom_1,entry,kitchen,kitchen,entry,bedroom_1,kitchen,kitchen,kitchen,kitchen,living,kitchen,bathroom,bedroom_2,kitchen,bedroom_1,living,bedroom_2,kitchen,kitchen,kitchen,kitchen,kitchen,kitchen,living,kitchen,kitchen,living,bedroom_1,kitchen,bedroom_1
3060,d02 Wed 03:00,bedroom_1,entry,bedroom_1,bedroom_1,bedroom_1,entry,kitchen,kitchen,bedroom_1,kitchen,bedroom_1,entry,kitchen,kitchen,entry,bedroom_1,kitchen,kitchen,kitchen,kitchen,living,kitchen,bathroom,bedroom_2,kitchen,bedroom_1,living,bedroom_2,kitchen,kitchen,kitchen,kitchen,kitchen,kitchen,living,kitchen,kitchen,living,bedroom_1,kitchen,bedroom_1
3120,d02 Wed 04:00,bedroom_1,entry,bedroom_1,bedroom_1,bedroom_1,entry,kitchen,kitchen,bedroom_1,kitchen,bedroom_1,entry,kitchen,kitchen,entry,bedroom_1,kitchen,kitchen,kitchen,kitchen,living,kitchen,bathroom,bedroom_2,kitchen,bedroom_1,living,bedroom_2,kitchen,kitchen,kitchen,kitchen,kitchen,kitchen,living,kitchen,kitchen,living,bedroom_1,kitchen,bedroom_1
3180,d02 Wed 05:00,bedroom_1,entry,bedroom_1,bedroom_1,bedroom_1,entry,kitchen,kitchen,bedroom_1,kitchen,bedroom_1,entry,kitchen,kitchen,entry,bedroom_1,kitchen,kitchen,kitchen,kitchen,living,kitchen,bathroom,bedroom_2,kitchen,bedroom_1,living,bedroom_2,kitchen,kitchen,kitchen,kitchen,kitchen,kitchen,living,kitchen,kitchen,living,bedroom_1,kitchen,bedroom_1
3240,d02 Wed 06:00,kitchen,entry,bedroom_1,bedroom_1,bedroom_1,entry,kitchen,kitchen,bedroom_1,kitchen,bedroom_1,entry,kitchen,kitchen,entry,bedroom_1,kitchen,kitchen,kitchen,kitchen,living,kitchen,bathroom,bedroom_2,kitchen,bedroom_1,living,bedroom_2,kitchen,kitchen,kitchen,kitchen,kitchen,kitchen,living,kitchen,kitchen,living,bedroom_1,kitchen,bedroom_1
3300,d02 Wed 07:00,entry,kitchen,bedroom_1,bedroom_1,bedroom_1,entry,kitchen,kitchen,bedroom_1,kitchen,bedroom_1,entry,outside,outside,outside,outside,outside,outside,kitchen,outside,outside,bathroom,bathroom,bedroom_2,kitchen,bedroom_1,living,bedroom_2,kitchen,kitchen,kitchen,kitchen,kitchen,kitchen,living,kitchen,kitchen,living,bedroom_1,kitchen,bedroom_1
3360,d02 Wed 08:00,outside,outside,outside,outside,outside,outside,kitchen,outside,bedroom_1,kitchen,outside,outside,outside,kitchen,kitchen,outside,outside,outside,kitchen,outside,outside,bathroom,bathroom,outside,outside,outside,living,bedroom_2,kitchen,kitchen,kitchen,living,kitchen,kitchen,living,kitchen,kitchen,living,bedroom_1,kitchen,bedroom_1
3420,d02 Wed 09:00,outside,outside,outside,outside,outside,outside,kitchen,outside,bedroom_1,kitchen,outside,outside,outside,kitchen,kitchen,outside,outside,outside,kitchen,outside,outside,bathroom,bathroom,outside,outside,outside,living,bedroom_2,kitchen,kitchen,kitchen,living,kitchen,kitchen,living,kitchen,kitchen,living,bedroom_1,kitchen,bedroom_1
3480,d02 Wed 10:00,outside,outside,outside,outside,outside,outside,kitchen,outside,bedroom_1,kitchen,outside,outside,outside,kitchen,kitchen,outside,outside,outside,kitchen,outside,outside,bathroom,bathroom,outside,outside,outside,living,bedroom_2,kitchen,kitchen,kitchen,living,kitchen,kitchen,living,kitchen,kitchen,living,bedroom_1,kitchen,bedroom_1
3540,d02 Wed 11:00,outside,outside,outside,outside,outside,outside,kitchen,outside,bedroom_1,kitchen,outside,outside,outside,kitchen,kitchen,outside,outside,outside,kitchen,outside,outside,bathroom,bathroom,outside,outside,outside,living,bedroom_2,kitchen,kitchen,kitchen,living,kitchen,kitchen,living,kitchen,kitchen,living,bedroom_1,kitchen,bedroom_1
3600,d02 Wed 12:00,outside,outside,outside,outside,outside,outside,kitchen,outside,bedroom_1,kitchen,outside,outside,outside,kitchen,kitchen,outside,outside,outside,kitchen,outside,outside,bathroom,bathroom,outside,outside,outside,living,bedroom_2,kitchen,kitchen,kitchen,living,kitchen,kitchen,living,kitchen,kitchen,living,bedroom_1,kitchen,bedroom_1
3660,d02 Wed 13:00,kitchen,outside,outside,outside,outside,outside,kitchen,outside,bedroom_1,kitchen,outside,outside,outside,kitchen,kitchen,outside,outside,outside,kitchen,outside,outside,bathroom,bathroom,outside,outside,outside,living,bedroom_2,kitchen,kitchen,kitchen,living,kitchen,kitchen,living,kitchen,kitchen,living,bedroom_1,kitchen,bedroom_1
3720,d02 Wed 14:00,kitchen,outside,outside,outside,outside,outside,kitchen,outside,bedroom_1,kitchen,outside,outside,outside,kitchen,kitchen,outside,outside,outside,kitchen,outside,outside,bathroom,bathroom,outside,outside,outside,living,bedroom_2,kitchen,kitchen,kitchen,living,kitchen,kitchen,living,kitchen,kitchen,living,bedroom_1,kitchen,bedroom_1
3780,d02 Wed 15:00,bedroom_1,outside,outside,outside,outside,outside,kitchen,outside,bedroom_1,kitchen,outside,outside,kitchen,entry,entry,entry,kitchen,kitchen,kitchen,entry,living,bathroom,bathroom,outside,outside,outside,living,bedroom_2,kitchen,kitchen,kitchen,living,kitchen,kitchen,living,kitchen,kitchen,living,bedroom_1,entry,bedroom_1
3840,d02 Wed 16:00,entry,entry,bedroom_1,kitchen,bedroom_1,entry,kitchen,kitchen,bedroom_1,kitchen,bedroom_1,entry,entry,entry,entry,kitchen,kitchen,kitchen,kitchen,entry,living,bathroom,bathroom,living,living,entry,living,bedroom_2,kitchen,kitchen,kitchen,living,kitchen,kitchen,living,kitchen,bedroom_1,living,bedroom_1,entry,bedroom_1
3900,d02 Wed 17:00,entry,entry,bedroom_1,kitchen,bedroom_1,entry,kitchen,kitchen,bedroom_1,kitchen,bedroom_1,entry,entry,entry,entry,kitchen,kitchen,kitchen,kitchen,entry,entry,bathroom,bathroom,living,living,entry,living,bedroom_2,kitchen,kitchen,kitchen,kitchen,kitchen,kitchen,living,kitchen,bedroom_1,living,bedroom_1,entry,bedroom_1
3960,d02 Wed 18:00,entry,entry,bedroom_1,kitchen,bedroom_1,entry,kitchen,kitchen,bedroom_1,kitchen,bedroom_1,entry,entry,entry,entry,kitchen,kitchen,kitchen,kitchen,entry,entry,bathroom,bathroom,living,living,entry,living,bedroom_2,kitchen,kitchen,kitchen,kitchen,kitchen,kitchen,living,kitchen,bedroom_1,living,bedroom_1,entry,bedroom_1
4020,d02 Wed 19:00,outside,outside,outside,outside,outside,outside,kitchen,outside,bedroom_1,kitchen,outside,outside,entry,entry,entry,kitchen,kitchen,kitchen,kitchen,entry,entry,bathroom,bathroom,bedroom_2,living,entry,living,living,kitchen,kitchen,kitchen,kitchen,kitchen,kitchen,living,kitchen,bedroom_1,living,bedroom_1,entry,bedroom_1
4080,d02 Wed 20:00,entry,entry,bedroom_1,bedroom_1,bedroom_1,bedroom_1,kitchen,kitchen,bedroom_1,kitchen,bedroom_1,entry,entry,entry,entry,bedroom_1,kitchen,kitchen,kitchen,entry,entry,bathroom,bathroom,bedroom_2,living,bedroom_1,living,living,kitchen,kitchen,kitchen,kitchen,kitchen,kitchen,living,kitchen,kitchen,living,bedroom_1,entry,bedroom_1
4140,d02 Wed 21:00,entry,entry,bedroom_1,bedroom_1,bedroom_1,bedroom_1,kitchen,kitchen,bedroom_1,kitchen,bedroom_1,entry,entry,entry,entry,bedroom_1,kitchen,kitchen,kitchen,entry,living,bathroom,bathroom,bedroom_2,living,bedroom_1,living,living,kitchen,kitchen,kitchen,kitchen,kitchen,kitchen,living,kitchen,kitchen,living,bedroom_1,entry,bedroom_1
4200,d02 Wed 22:00,entry,entry,bedroom_1,bedroom_1,bedroom_1,bedroom_1,kitchen,kitchen,bedroom_1,kitchen,bedroom_1,entry,entry,entry,entry,bedroom_1,kitchen,kitchen,kitchen,entry,living,bathroom,bathroom,bedroom_2,living,bedroom_1,living,living,kitchen,kitchen,kitchen,kitchen,kitchen,kitchen,living,kitchen,kitchen,living,bedroom_1,entry,bedroom_1
4260,d02 Wed 23:00,entry,entry,bedroom_1,bedroom_1,bedroom_1,bedroom_1,kitchen,kitchen,bedroom_1,kitchen,bedroom_1,entry,entry,entry,entry,bedroom_1,kitchen,kitchen,kitchen,entry,living,bathroom,bathroom,bedroom_2,living,bedroom_1,living,living,kitchen,kitchen,kitchen,kitchen,kitchen,kitchen,living,kitchen,kitchen,living,bedroom_1,entry,bedroom_1
4320,d03 Thu 00:00,entry,entry,bedroom_1,bedroom_1,bedroom_1,bedroom_1,kitchen,kitchen,bedroom_1,kitchen,bedroom_1,entry,entry,entry,entry,bedroom_1,kitchen,kitchen,kitchen,entry,living,bathroom,bathroom,bedroom_2,living,bedroom_1,living,living,kitchen,kitchen,kitchen,kitchen,kitchen,kitchen,living,kitchen,kitchen,living,bedroom_1,entry,bedroom_1
4380,d03 Thu 01:00,entry,entry,bedroom_1,bedroom_1,bedroom_1,bedroom_1,kitchen,kitchen,bedroom_1,kitchen,bedroom_1,entry,entry,entry,entry,bedroom_1,kitchen,kitchen,kitchen,entry,living,bathroom,bathroom,bedroom_2,living,bedroom_1,living,living,kitchen,kitchen,kitchen,kitchen,kitchen,kitchen,living,kitchen,kitchen,living,bedroom_1,entry,bedroom_1
4440,d03 Thu 02:00,entry,entry,bedroom_1,bedroom_1,bedroom_1,bedroom_1,kitchen,kitchen,bedroom_1,kitchen,bedroom_1,entry,entry,entry,entry,bedroom_1,kitchen,kitchen,kitchen,entry,living,bathroom,bathroom,bedroom_2,living,bedroom_1,living,living,kitchen,kitchen,kitchen,kitchen,kitchen,kitchen,living,kitchen,kitchen,living,bedroom_1,entry,bedroom_1
4500,d03 Thu 03:00,entry,entry,bedroom_1,bedroom_1,bedroom_1,bedroom_1,kitchen,kitchen,bedroom_1,kitchen,bedroom_1,entry,entry,entry,entry,bedroom_1,kitchen,kitchen,kitchen,entry,living,bathroom,bathroom,bedroom_2,living,bedroom_1,living,living,kitchen,kitchen,kitchen,kitchen,kitchen,kitchen,living,kitchen,kitchen,living,bedroom_1,entry,bedroom_1
4560,d03 Thu 04:00,entry,entry,bedroom_1,bedroom_1,bedroom_1,bedroom_1,kitchen,kitchen,bedroom_1,kitchen,bedroom_1,entry,entry,entry,entry,bedroom_1,kitchen,kitchen,kitchen,entry,living,bathroom,bathroom,bedroom_2,living,bedroom_1,living,living,kitchen,kitchen,kitchen,kitchen,kitchen,kitchen,living,kitchen,kitchen,living,bedroom_1,entry,bedroom_1
4620,d03 Thu 05:00,entry,entry,bedroom_1,bedroom_1,bedroom_1,bedroom_1,kitchen,kitchen,bedroom_1,kitchen,bedroom_1,entry,entry,entry,entry,bedroom_1,kitchen,kitchen,kitchen,entry,living,bathroom,bathroom,bedroom_2,living,bedroom_1,living,living,kitchen,kitchen,kitchen,kitchen,kitchen,kitchen,living,kitchen,kitchen,living,bedroom_1,entry,bedroom_1
4680,d03 Thu 06:00,entry,entry,bedroom_1,bedroom_1,bedroom_1,bedroom_1,kitchen,kitchen,bedroom_1,kitchen,bedroom_1,entry,entry,entry,entry,bedroom_1,kitchen,kitchen,kitchen,entry,living,bathroom,bathroom,bedroom_2,living,bedroom_1,living,living,kitchen,kitchen,kitchen,kitchen,kitchen,kitchen,living,kitchen,kitchen,living,bedroom_1,entry,bedroom_1
4740,d03 Thu 07:00,entry,entry,bedroom_1,bedroom_1,bedroom_1,bedroom_1,kitchen,kitchen,bedroom_1,kitchen,bedroom_1,entry,bathroom,entry,entry,bedroom_1,kitchen,kitchen,kitchen,entry,living,bathroom,entry,bedroom_2,living,bedroom_1,living,living,kitchen,kitchen,kitchen,kitchen,kitchen,kitchen,living,kitchen,kitchen,living,bedroom_1,entry,bedroom_1
4800,d03 Thu 08:00,outside,outside,outside,outside,outside,outside,kitchen,outside,bedroom_1,kitchen,outside,outside,bathroom,entry,entry,bedroom_1,kitchen,kitchen,kitchen,entry,living,bathroom,bathroom,outside,outside,outside,living,living,kitchen,kitchen,kitchen,kitchen,kitchen,kitchen,living,kitchen,kitchen,living,bedroom_1,entry,bedroom_1
4860,d03 Thu 09:00,outside,outside,outside,outside,outside,outside,kitchen,outside,bedroom_1,kitchen,outside,outside,bathroom,entry,entry,bedroom_1,kitchen,kitchen,kitchen,entry,living,bathroom,bathroom,outside,outside,outside,living,living,kitchen,kitchen,kitchen,kitchen,kitchen,kitchen,living,kitchen,kitchen,living,bedroom_1,entry,bedroom_1
4920,d03 Thu 10:00,outside,outside,outside,outside,outside,outside,kitchen,outside,bedroom_1,kitchen,outside,outside,bathroom,entry,entry,bedroom_1,kitchen,kitchen,kitchen,entry,living,bathroom,bathroom,outside,outside,outside,living,living,kitchen,kitchen,kitchen,kitchen,kitchen,kitchen,living,kitchen,kitchen,living,bedroom_1,entry,bedroom_1
4980,d03 Thu 11:00,outside,outside,outside,outside,outside,outside,kitchen,outside,bedroom_1,kitchen,outside,outside,bathroom,entry,kitchen,bedroom_1,kitchen,kitchen,kitchen,entry,living,bathroom,bathroom,outside,outside,outside,living,living,kitchen,kitchen,kitchen,kitchen,kitchen,kitchen,living,kitchen,kitchen,living,bedroom_1,entry,bedroom_1
5040,d03 Thu 12:00,outside,outside,outside,outside,outside,outside,kitchen,outside,bedroom_1,kitchen,outside,outside,bathroom,entry,kitchen,bedroom_1,kitchen,kitchen,kitchen,entry,living,bathroom,bathroom,outside,outside,outside,living,living,kitchen,kitchen,kitchen,kitchen,kitchen,kitchen,living,kitchen,kitchen,living,bedroom_1,entry,bedroom_1
5100,d03 Thu 13:00,outside,outside,outside,outside,outside,outside,kitchen,outside,bedroom_1,kitchen,outside,outside,kitchen,kitchen,kitchen,kitchen,kitchen,kitchen,kitchen,kitchen,kitchen,bathroom,bathroom,outside,outside,outside,living,living,kitchen,kitchen,kitchen,kitchen,kitchen,kitchen,living,entry,kitchen,living,bedroom_1,entry,bedroom_1
5160,d03 Thu 14:00,outside,outside,outside,outside,outside,outside,kitchen,outside,bedroom_1,kitchen,outside,outside,outside,outside,outside,outside,outside,outside,kitchen,outside,outside,bathroom,bathroom,outside,outside,outside,living,living,kitchen,kitchen,kitchen,kitchen,kitchen,kitchen,living,entry,kitchen,living,bedroom_1,entry,bedroom_1
5220,d03 Thu 15:00,outside,outside,outside,outside,outside,outside,kitchen,outside,bedroom_1,kitchen,outside,outside,outside,outside,outside,outside,outside,outside,kitchen,outside,outside,bathroom,bathroom,living,living,entry,living,living,kitchen,kitchen,kitchen,living,kitchen,kitchen,living,entry,kitchen,living,bedroom_1,entry,bedroom_1
5280,d03 Thu 16:00,outside,outside,outside,outside,outside,outside,kitchen,outside,bedroom_1,kitchen,outside,outside,bathroom,kitchen,entry,entry,kitchen,kitchen,kitchen,entry,living,bathroom,bathroom,living,kitchen,entry,living,living,kitchen,kitchen,kitchen,living,kitchen,kitchen,living,kitchen,kitchen,living,bedroom_1,entry,bedroom_1
5340,d03 Thu 17:00,entry,entry,bedroom_1,bedroom_1,bedroom_1,entry,kitchen,kitchen,bedroom_1,kitchen,bedroom_1,kitchen,kitchen,entry,entry,entry,kitchen,kitchen,kitchen,entry,living,bathroom,bathroom,bedroom_2,living,entry,living,living,kitchen,kitchen,kitchen,living,kitchen,kitchen,living,entry,kitchen,living,bedroom_1,entry,bedroom_1
5400,d03 Thu 18:00,entry,entry,bedroom_1,bedroom_1,bedroom_1,entry,kitchen,kitchen,bedroom_1,kitchen,bedroom_1,kitchen,kitchen,entry,entry,entry,kitchen,kitchen,kitchen,entry,living,bathroom,bathroom,bedroom_2,living,entry,living,living,kitchen,kitchen,kitchen,kitchen,kitchen,kitchen,kitchen,entry,kitchen,living,bedroom_1,entry,bedroom_1
5460,d03 Thu 19:00,entry,entry,bedroom_1,bedroom_1,bedroom_1,entry,kitchen,kitchen,bedroom_1,kitchen,bedroom_1,kitchen,kitchen,entry,entry,entry,kitchen,kitchen,kitchen,entry,living,bathroom,bathroom,bedroom_2,living,entry,living,bedroom_2,kitchen,kitchen,kitchen,kitchen,kitchen,kitchen,kitchen,entry,kitchen,living,bedroom_1,entry,bedroom_1
5520,d03 Thu 20:00,entry,entry,bedroom_1,kitchen,bedroom_1,entry,kitchen,kitchen,kitchen,kitchen,bedroom_1,kitchen,kitchen,entry,entry,entry,kitchen,kitchen,kitchen,entry,living,bathroom,bathroom,living,living,entry,living,bedroom_1,kitchen,kitchen,kitchen,kitchen,kitchen,kitchen,kitchen,entry,kitchen,living,bedroom_1,entry,bedroom_1
5580,d03 Thu 21:00,bedroom_1,entry,bedroom_1,kitchen,bedroom_1,entry,kitchen,kitchen,kitchen,kitchen,bedroom_1,kitchen,kitchen,entry,entry,entry,kitchen,kitchen,kitchen,entry,living,bathroom,bathroom,bedroom_2,living,entry,living,living,kitchen,kitchen,kitchen,kitchen,kitchen,kitchen,kitchen,entry,kitchen,living,bedroom_1,entry,bedroom_1
5640,d03 Thu 22:00,bedroom_1,entry,bedroom_1,kitchen,bedroom_1,entry,kitchen,kitchen,kitchen,kitchen,bedroom_1,kitchen,kitchen,entry,entry,entry,kitchen,kitchen,kitchen,entry,living,bathroom,bathroom,bedroom_2,living,entry,living,bedroom_2,kitchen,kitchen,kitchen,kitchen,kitchen,kitchen,kitchen,entry,kitchen,living,bedroom_1,entry,bedroom_1
5700,d03 Thu 23:00,bedroom_1,entry,bedroom_1,kitchen,bedroom_1,entry,kitchen,kitchen,kitchen,kitchen,bedroom_1,kitchen,kitchen,entry,entry,entry,kitchen,kitchen,kitchen,entry,living,bathroom,bathroom,bedroom_2,living,entry,living,bedroom_2,kitchen,kitchen,kitchen,kitchen,kitchen,kitchen,kitchen,entry,kitchen,living,bedroom_1,entry,bedroom_1
5760,d04 Fri 00:00,bedroom_1,entry,bedroom_1,kitchen,bedroom_1,entry,kitchen,kitchen,kitchen,kitchen,bedroom_1,kitchen,kitchen,entry,entry,entry,kitchen,kitchen,kitchen,entry,living,bathroom,bathroom,bedroom_2,living,entry,living,bedroom_2,kitchen,kitchen,kitchen,kitchen,kitchen,kitchen,kitchen,entry,kitchen,living,bedroom_1,entry,bedroom_1
5820,d04 Fri 01:00,bedroom_1,entry,bedroom_1,kitchen,bedroom_1,entry,kitchen,kitchen,kitchen,kitchen,bedroom_1,kitchen,kitchen,entry,entry,entry,kitchen,kitchen,kitchen,entry,living,bathroom,bathroom,bedroom_2,living,entry,living,bedroom_2,kitchen,kitchen,kitchen,kitchen,kitchen,kitchen,kitchen,entry,kitchen,living,bedroom_1,entry,bedroom_1
5880,d04 Fri 02:00,bedroom_1,entry,bedroom_1,kitchen,bedroom_1,entry,kitchen,kitchen,kitchen,kitchen,bedroom_1,kitchen,kitchen,entry,entry,entry,kitchen,kitchen,kitchen,entry,living,bathroom,bathroom,bedroom_2,living,entry,living,bedroom_2,kitchen,kitchen,kitchen,kitchen,kitchen,kitchen,kitchen,entry,kitchen,living,bedroom_1,entry,bedroom_1
5940,d04 Fri 03:00,bedroom_1,entry,bedroom_1,kitchen,bedroom_1,entry,kitchen,kitchen,kitchen,kitchen,bedroom_1,kitchen,kitchen,entry,entry,entry,kitchen,kitchen,kitchen,entry,living,bathroom,bathroom,bedroom_2,living,entry,living,bedroom_2,kitchen,kitchen,kitchen,kitchen,kitchen,kitchen,kitchen,entry,kitchen,living,bedroom_1,entry,bedroom_1
6000,d04 Fri 04:00,bedroom_1,entry,bedroom_1,kitchen,bedroom_1,entry,kitchen,kitchen,kitchen,kitchen,bedroom_1,kitchen,kitchen,entry,entry,entry,kitchen,kitchen,kitchen,entry,living,bathroom,bathroom,bedroom_2,living,entry,living,bedroom_2,kitchen,kitchen,kitchen,kitchen,kitchen,kitchen,kitchen,entry,kitchen,living,bedroom_1,entry,bedroom_1
6060,d04 Fri 05:00,bedroom_1,entry,bedroom_1,kitchen,bedroom_1,entry,kitchen,kitchen,kitchen,kitchen,bedroom_1,kitchen,kitchen,entry,entry,entry,kitchen,kitchen,kitchen,entry,living,bathroom,bathroom,bedroom_2,living,entry,living,bedroom_2,kitchen,kitchen,kitchen,kitchen,kitchen,kitchen,kitchen,entry,kitchen,living,bedroom_1,entry,bedroom_1
6120,d04 Fri 06:00,entry,entry,bedroom_1,kitchen,bedroom_1,entry,kitchen,kitchen,kitchen,kitchen,bedroom_1,kitchen,kitchen,entry,entry,entry,kitchen,kitchen,kitchen,entry,living,bathroom,bathroom,bedroom_2,living,entry,living,bedroom_2,kitchen,kitchen,kitchen,kitchen,kitchen,kitchen,kitchen,entry,kitchen,living,bedroom_1,entry,bedroom_1
6180,d04 Fri 07:00,entry,entry,bedroom_1,kitchen,bedroom_1,entry,kitchen,kitchen,kitchen,kitchen,bedroom_1,kitchen,kitchen,entry,entry,entry,kitchen,kitchen,kitchen,entry,living,bathroom,bathroom,bedroom_2,living,entry,living,bedroom_2,kitchen,kitchen,kitchen,kitchen,kitchen,kitchen,kitchen,entry,kitchen,living,bedroom_1,entry,bedroom_1
6240,d04 Fri 08:00,kitchen,entry,bedroom_1,kitchen,bedroom_1,entry,kitchen,kitchen,kitchen,kitchen,bedroom_1,kitchen,outside,outside,outside,outside,outside,outside,kitchen,outside,outside,bathroom,bathroom,outside,outside,outside,bathroom,bedroom_2,kitchen,kitchen,kitchen,living,kitchen,kitchen,kitchen,entry,kitchen,living,bedroom_1,entry,bedroom_1
6300,d04 Fri 09:00,kitchen,entry,bedroom_1,kitchen,bedroom_1,entry,kitchen,kitchen,kitchen,kitchen,bedroom_1,kitchen,outside,outside,outside,outside,outside,outside,kitchen,outside,outside,bathroom,bathroom,kitchen,outside,outside,bathroom,bedroom_2,kitchen,kitchen,kitchen,living,kitchen,kitchen,kitchen,entry,kitchen,living,bedroom_1,entry,bedroom_1
6360,d04 Fri 10:00,kitchen,entry,bedroom_1,kitchen,bedroom_1,entry,kitchen,kitchen,kitchen,kitchen,bedroom_1,kitchen,outside,outside,outside,outside,outside,outside,kitchen,outside,outside,bathroom,bathroom,kitchen,outside,outside,bathroom,bedroom_2,kitchen,kitchen,kitchen,living,kitchen,kitchen,kitchen,entry,kitchen,living,bedroom_1,entry,bedroom_1
6420,d04 Fri 11:00,kitchen,entry,bedroom_1,kitchen,bedroom_1,entry,kitchen,kitchen,kitchen,kitchen,bedroom_1,kitchen,outside,outside,outside,outside,outside,outside,kitchen,outside,outside,bathroom,bathroom,kitchen,outside,outside,bathroom,bedroom_2,kitchen,kitchen,kitchen,living,kitchen,kitchen,kitchen,entry,kitchen,living,bedroom_1,entry,bedroom_1
6480,d04 Fri 12:00,kitchen,entry,bedroom_1,kitchen,bedroom_1,entry,kitchen,kitchen,kitchen,kitchen,bedroom_1,kitchen,outside,outside,outside,outside,outside,outside,kitchen,outside,outside,bathroom,bathroom,kitchen,outside,outside,bathroom,kitchen,kitchen,kitchen,kitchen,living,kitchen,kitchen,kitchen,entry,kitchen,living,bedroom_1,entry,bedroom_1
6540,d04 Fri 13:00,entry,entry,bedroom_1,bedroom_1,bedroom_1,kitchen,kitchen,kitchen,kitchen,kitchen,entry,kitchen,kitchen,entry,entry,entry,kitchen,kitchen,kitchen,entry,living,bathroom,bathroom,living,outside,outside,bathroom,kitchen,kitchen,kitchen,kitchen,living,kitchen,kitchen,kitchen,entry,kitchen,living,bedroom_1,entry,bedroom_1
6600,d04 Fri 14:00,outside,outside,outside,outside,outside,outside,kitchen,outside,kitchen,kitchen,outside,outside,bathroom,kitchen,entry,entry,kitchen,kitchen,kitchen,entry,living,bathroom,bathroom,bedroom_2,living,entry,living,kitchen,kitchen,kitchen,kitchen,living,kitchen,kitchen,kitchen,entry,kitchen,living,bedroom_1,entry,bedroom_1
6660,d04 Fri 15:00,outside,outside,outside,outside,outside,outside,kitchen,outside,kitchen,kitchen,outside,outside,bathroom,kitchen,entry,entry,kitchen,kitchen,kitchen,entry,living,bathroom,bathroom,bedroom_2,living,entry,living,kitchen,kitchen,kitchen,kitchen,living,kitchen,kitchen,kitchen,entry,kitchen,living,bedroom_1,entry,bedroom_1
6720,d04 Fri 16:00,outside,outside,outside,outside,outside,outside,kitchen,outside,kitchen,kitchen,outside,outside,bathroom,kitchen,entry,entry,kitchen,kitchen,kitchen,entry,living,bathroom,bathroom,bedroom_2,living,entry,living,kitchen,kitchen,kitchen,kitchen,living,kitchen,kitchen,kitchen,entry,kitchen,living,bedroom_1,entry,bedroom_1
6780,d04 Fri 17:00,entry,kitchen,bedroom_1,bedroom_1,bedroom_1,entry,kitchen,kitchen,kitchen,kitchen,bedroom_1,kitchen,kitchen,kitchen,kitchen,kitchen,kitchen,kitchen,kitchen,entry,living,bathroom,bathroom,living,kitchen,kitchen,living,living,kitchen,kitchen,kitchen,living,kitchen,kitchen,kitchen,living,kitchen,living,bedroom_1,entry,bedroom_1
6840,d04 Fri 18:00,entry,kitchen,bedroom_1,bedroom_1,bedroom_1,entry,kitchen,kitchen,kitchen,kitchen,bedroom_1,kitchen,kitchen,kitchen,kitchen,kitchen,kitchen,kitchen,kitchen,entry,living,bathroom,bathroom,living,kitchen,kitchen,living,living,bathroom,kitchen,kitchen,living,kitchen,kitchen,kitchen,kitchen,kitchen,living,bedroom_1,entry,bedroom_1
6900,d04 Fri 19:00,kitchen,kitchen,bedroom_1,bedroom_1,bedroom_1,entry,kitchen,kitchen,kitchen,kitchen,bedroom_1,kitchen,kitchen,kitchen,kitchen,kitchen,kitchen,kitchen,kitchen,entry,bedroom_1,bathroom,bathroom,living,kitchen,kitchen,kitchen,living,bathroom,kitchen,kitchen,living,kitchen,kitchen,living,living,kitchen,living,bedroom_1,kitchen,bedroom_1
6960,d04 Fri 20:00,kitchen,kitchen,bedroom_1,bedroom_1,bedroom_1,entry,kitchen,kitchen,kitchen,kitchen,bedroom_1,kitchen,kitchen,kitchen,kitchen,kitchen,kitchen,kitchen,kitchen,entry,bedroom_1,bathroom,bathroom,living,kitchen,kitchen,kitchen,living,bathroom,kitchen,kitchen,living,kitchen,kitchen,living,living,kitchen,living,bedroom_1,kitchen,bedroom_1
7020,d04 Fri 21:00,living,kitchen,bedroom_1,bedroom_1,bedroom_1,entry,kitchen,kitchen,kitchen,kitchen,bedroom_1,kitchen,kitchen,kitchen,kitchen,kitchen,kitchen,kitchen,kitchen,entry,bedroom_1,bathroom,bathroom,bedroom_2,kitchen,kitchen,kitchen,living,bathroom,kitchen,kitchen,living,kitchen,kitchen,living,living,kitchen,living,bedroom_1,kitchen,bedroom_1
7080,d04 Fri 22:00,living,kitchen,bedroom_1,bedroom_1,bedroom_1,entry,kitchen,kitchen,kitchen,kitchen,bedroom_1,kitchen,kitchen,kitchen,kitchen,kitchen,kitchen,kitchen,kitchen,entry,bedroom_1,bathroom,bathroom,bedroom_2,kitchen,kitchen,kitchen,living,bathroom,kitchen,kitchen,living,kitchen,kitchen,living,living,kitchen,living,bedroom_1,kitchen,bedroom_1
7140,d04 Fri 23:00,living,kitchen,bedroom_1,bedroom_1,bedroom_1,entry,kitchen,kitchen,kitchen,kitchen,bedroom_1,kitchen,kitchen,kitchen,kitchen,kitchen,kitchen,kitchen,kitchen,entry,bedroom_1,bathroom,bathroom,bedroom_2,kitchen,kitchen,kitchen,living,bathroom,kitchen,kitchen,living,kitchen,kitchen,living,living,kitchen,living,bedroom_1,kitchen,bedroom_1
7200,d05 Sat 00:00,living,kitchen,bedroom_1,bedroom_1,bedroom_1,entry,kitchen,kitchen,kitchen,kitchen,bedroom_1,kitchen,kitchen,kitchen,kitchen,kitchen,kitchen,kitchen,kitchen,entry,bedroom_1,bathroom,bathroom,bedroom_2,kitchen,kitchen,kitchen,living,bathroom,kitchen,kitchen,living,kitchen,kitchen,living,living,kitchen,living,bedroom_1,kitchen,bedroom_1
7260,d05 Sat 01:00,living,kitchen,bedroom_1,bedroom_1,bedroom_1,entry,kitchen,kitchen,kitchen,kitchen,bedroom_1,kitchen,kitchen,kitchen,kitchen,kitchen,kitchen,kitchen,kitchen,entry,bedroom_1,bathroom,bathroom,bedroom_2,kitchen,kitchen,kitchen,living,bathroom,kitchen,kitchen,living,kitchen,kitchen,living,living,kitchen,living,bedroom_1,kitchen,bedroom_1
7320,d05 Sat 02:00,living,kitchen,bedroom_1,bedroom_1,bedroom_1,entry,kitchen,kitchen,kitchen,kitchen,bedroom_1,kitchen,kitchen,kitchen,kitchen,kitchen,kitchen,kitchen,kitchen,entry,bedroom_1,bathroom,bathroom,bedroom_2,kitchen,kitchen,kitchen,living,bathroom,kitchen,kitchen,living,kitchen,kitchen,living,living,kitchen,living,bedroom_1,kitchen,bedroom_1
7380,d05 Sat 03:00,living,kitchen,bedroom_1,bedroom_1,bedroom_1,entry,kitchen,kitchen,kitchen,kitchen,bedroom_1,kitchen,kitchen,kitchen,kitchen,kitchen,kitchen,kitchen,kitchen,entry,bedroom_1,bathroom,bathroom,bedroom_2,kitchen,kitchen,kitchen,living,bathroom,kitchen,kitchen,living,kitchen,kitchen,living,living,kitchen,living,bedroom_1,kitchen,bedroom_1
7440,d05 Sat 04:00,living,kitchen,bedroom_1,bedroom_1,bedroom_1,entry,kitchen,kitchen,kitchen,kitchen,bedroom_1,kitchen,kitchen,kitchen,kitchen,kitchen,kitchen,kitchen,kitchen,entry,bedroom_1,bathroom,bathroom,bedroom_2,kitchen,kitchen,kitchen,living,bathroom,kitchen,kitchen,living,kitchen,kitchen,living,living,kitchen,living,bedroom_1,kitchen,bedroom_1
7500,d05 Sat 05:00,living,kitchen,bedroom_1,bedroom_1,bedroom_1,entry,kitchen,kitchen,kitchen,kitchen,bedroom_1,kitchen,kitchen,kitchen,kitchen,kitchen,kitchen,kitchen,kitchen,entry,bedroom_1,bathroom,bathroom,bedroom_2,kitchen,kitchen,kitchen,living,bathroom,kitchen,kitchen,living,kitchen,kitchen,living,living,kitchen,living,bedroom_1,kitchen,bedroom_1
7560,d05 Sat 06:00,living,kitchen,bedroom_1,bedroom_1,bedroom_1,entry,kitchen,kitchen,kitchen,kitchen,bedroom_1,kitchen,kitchen,kitchen,kitchen,kitchen,kitchen,kitchen,kitchen,entry,bedroom_1,bathroom,bathroom,bedroom_2,kitchen,kitchen,kitchen,living,bathroom,kitchen,kitchen,living,kitchen,kitchen,living,living,kitchen,living,bedroom_1,kitchen,bedroom_1
7620,d05 Sat 07:00,living,kitchen,bedroom_1,bedroom_1,bedroom_1,entry,kitchen,kitchen,kitchen,kitchen,bedroom_1,kitchen,kitchen,kitchen,kitchen,kitchen,kitchen,kitchen,kitchen,entry,bedroom_1,bathroom,bathroom,bedroom_2,kitchen,kitchen,kitchen,living,bedroom_1,kitchen,kitchen,kitchen,kitchen,kitchen,living,living,kitchen,bedroom_1,bedroom_1,kitchen,bedroom_1
7680,d05 Sat 08:00,living,kitchen,bedroom_1,bedroom_1,bedroom_1,entry,kitchen,kitchen,kitchen,kitchen,bedroom_1,kitchen,kitchen,kitchen,kitchen,kitchen,kitchen,kitchen,kitchen,entry,bedroom_1,bathroom,bathroom,living,kitchen,kitchen,living,living,bathroom,kitchen,kitchen,kitchen,kitchen,kitchen,living,living,kitchen,bedroom_1,bedroom_1,kitchen,bedroom_1
7740,d05 Sat 09:00,living,kitchen,bedroom_1,bedroom_1,bedroom_1,entry,kitchen,kitchen,kitchen,kitchen,bedroom_1,kitchen,kitchen,kitchen,kitchen,kitchen,kitchen,kitchen,kitchen,entry,bedroom_1,bathroom,bathroom,living,kitchen,kitchen,living,living,bathroom,kitchen,kitchen,kitchen,kitchen,kitchen,living,living,kitchen,bedroom_1,bedroom_1,kitchen,bedroom_1
7800,d05 Sat 10:00,living,entry,bedroom_1,bedroom_1,bedroom_1,entry,kitchen,kitchen,kitchen,kitchen,bedroom_1,kitchen,bathroom,kitchen,kitchen,kitchen,kitchen,kitchen,kitchen,entry,living,bathroom,bathroom,living,kitchen,kitchen,living,living,bathroom,kitchen,kitchen,kitchen,kitchen,kitchen,living,living,kitchen,bedroom_1,bedroom_1,kitchen,bedroom_1
7860,d05 Sat 11:00,outside,outside,outside,outside,outside,outside,kitchen,outside,kitchen,kitchen,outside,outside,bathroom,kitchen,kitchen,kitchen,kitchen,kitchen,living,entry,living,kitchen,bathroom,outside,outside,outside,living,living,bathroom,kitchen,kitchen,kitchen,kitchen,kitchen,living,living,kitchen,bedroom_1,bedroom_1,kitchen,bedroom_1
7920,d05 Sat 12:00,entry,entry,bedroom_1,bedroom_1,bedroom_1,entry,kitchen,kitchen,kitchen,kitchen,bedroom_1,entry,outside,outside,outside,outside,outside,outside,living,outside,outside,kitchen,bathroom,outside,outside,outside,living,living,bathroom,kitchen,kitchen,kitchen,kitchen,kitchen,living,entry,bedroom_1,bedroom_1,bedroom_1,entry,bedroom_1
7980,d05 Sat 13:00,entry,entry,bedroom_1,bedroom_1,bedroom_1,entry,kitchen,kitchen,kitchen,kitchen,bedroom_1,entry,outside,outside,outside,outside,outside,outside,living,outside,outside,kitchen,bathroom,outside,outside,outside,living,living,bathroom,kitchen,kitchen,kitchen,kitchen,kitchen,living,entry,bedroom_1,bedroom_1,bedroom_1,entry,bedroom_1
8040,d05 Sat 14:00,entry,entry,bedroom_1,bedroom_1,bedroom_1,entry,kitchen,kitchen,kitchen,kitchen,bedroom_1,entry,bathroom,entry,entry,entry,kitchen,kitchen,living,entry,living,kitchen,bathroom,living,kitchen,entry,living,living,bedroom_1,kitchen,kitchen,kitchen,kitchen,kitchen,living,entry,kitchen,bedroom_1,bedroom_1,entry,bedroom_1
8100,d05 Sat 15:00,entry,entry,bedroom_1,bedroom_1,bedroom_1,entry,kitchen,kitchen,kitchen,kitchen,bedroom_1,entry,bathroom,entry,entry,entry,kitchen,kitchen,living,entry,living,kitchen,bathroom,living,kitchen,entry,living,living,bathroom,kitchen,kitchen,living,kitchen,kitchen,living,entry,kitchen,bedroom_1,bedroom_1,entry,bedroom_1
8160,d05 Sat 16:00,outside,outside,outside,outside,outside,outside,kitchen,outside,kitchen,kitchen,outside,outside,bathroom,entry,entry,entry,kitchen,kitchen,living,entry,living,kitchen,bathroom,outside,outside,outside,living,living,bathroom,kitchen,kitchen,kitchen,kitchen,kitchen,living,entry,kitchen,bedroom_1,bedroom_1,entry,bedroom_1
8220,d05 Sat 17:00,entry,entry,bedroom_1,bedroom_1,bedroom_1,entry,kitchen,kitchen,kitchen,kitchen,bedroom_1,entry,outside,outside,outside,outside,outside,outside,living,outside,outside,kitchen,bathroom,outside,outside,outside,living,living,bathroom,kitchen,kitchen,kitchen,kitchen,kitchen,living,kitchen,kitchen,bedroom_1,bedroom_1,entry,bedroom_1
8280,d05 Sat 18:00,entry,entry,bedroom_1,bedroom_1,bedroom_1,entry,kitchen,kitchen,kitchen,kitchen,bedroom_1,entry,bathroom,entry,entry,entry,kitchen,kitchen,living,entry,living,bathroom,bathroom,bedroom_2,living,entry,living,living,bathroom,kitchen,kitchen,kitchen,kitchen,kitchen,living,kitchen,kitchen,bedroom_1,bedroom_1,entry,bedroom_1
8340,d05 Sat 19:00,entry,entry,bedroom_1,bedroom_1,bedroom_1,entry,kitchen,kitchen,kitchen,kitchen,bedroom_1,entry,bathroom,entry,entry,entry,kitchen,kitchen,living,entry,living,bathroom,bathroom,bedroom_2,living,entry,living,bedroom_2,bathroom,kitchen,kitchen,kitchen,kitchen,kitchen,living,living,kitchen,bedroom_1,bedroom_1,entry,bedroom_1
8400,d05 Sat 20:00,entry,entry,bedroom_1,bedroom_1,bedroom_1,entry,kitchen,kitchen,kitchen,kitchen,bedroom_1,entry,bathroom,entry,entry,entry,kitchen,kitchen,living,entry,living,bathroom,bathroom,bedroom_2,living,entry,living,bedroom_2,bathroom,kitchen,kitchen,kitchen,kitchen,kitchen,living,living,kitchen,bedroom_1,bedroom_1,entry,bedroom_1
8460,d05 Sat 21:00,entry,entry,bedroom_1,bedroom_1,bedroom_1,entry,kitchen,kitchen,kitchen,kitchen,bedroom_1,entry,bathroom,entry,entry,entry,kitchen,kitchen,living,entry,living,bathroom,bathroom,bedroom_2,living,entry,kitchen,bedroom_2,bathroom,kitchen,kitchen,kitchen,kitchen,kitchen,living,kitchen,kitchen,bedroom_1,bedroom_1,entry,bedroom_1
8520,d05 Sat 22:00,entry,entry,bedroom_1,bedroom_1,bedroom_1,entry,kitchen,kitchen,kitchen,kitchen,bedroom_1,entry,bathroom,entry,entry,entry,kitchen,kitchen,living,entry,bedroom_1,bathroom,bathroom,bedroom_2,living,entry,kitchen,bedroom_2,bathroom,kitchen,kitchen,kitchen,kitchen,kitchen,living,living,kitchen,bedroom_1,bedroom_1,entry,bedroom_1
8580,d05 Sat 23:00,entry,entry,bedroom_1,bedroom_1,bedroom_1,entry,kitchen,kitchen,kitchen,kitchen,bedroom_1,entry,bathroom,entry,entry,entry,kitchen,kitchen,living,entry,bedroom_1,bathroom,bathroom,bedroom_2,living,entry,kitchen,bedroom_2,bathroom,kitchen,kitchen,kitchen,kitchen,kitchen,living,living,kitchen,bedroom_1,bedroom_1,entry,bedroom_1
8640,d06 Sun 00:00,entry,entry,bedroom_1,bedroom_1,bedroom_1,entry,kitchen,kitchen,kitchen,kitchen,bedroom_1,entry,bathroom,entry,entry,entry,kitchen,kitchen,living,entry,bedroom_1,bathroom,bathroom,bedroom_2,living,entry,kitchen,bedroom_2,bathroom,kitchen,kitchen,kitchen,kitchen,kitchen,living,living,kitchen,bedroom_1,bedroom_1,entry,bedroom_1
8700,d06 Sun 01:00,entry,entry,bedroom_1,bedroom_1,bedroom_1,entry,kitchen,kitchen,kitchen,kitchen,bedroom_1,entry,bathroom,entry,entry,entry,kitchen,kitchen,living,entry,bedroom_1,bathroom,bathroom,bedroom_2,living,entry,kitchen,bedroom_2,bathroom,kitchen,kitchen,kitchen,kitchen,kitchen,living,living,kitchen,bedroom_1,bedroom_1,entry,bedroom_1
8760,d06 Sun 02:00,entry,entry,bedroom_1,bedroom_1,bedroom_1,entry,kitchen,kitchen,kitchen,kitchen,bedroom_1,entry,bathroom,entry,entry,entry,kitchen,kitchen,living,entry,bedroom_1,bathroom,bathroom,bedroom_2,living,entry,kitchen,bedroom_2,bathroom,kitchen,kitchen,kitchen,kitchen,kitchen,living,living,kitchen,bedroom_1,bedroom_1,entry,bedroom_1
8820,d06 Sun 03:00,entry,entry,bedroom_1,bedroom_1,bedroom_1,entry,kitchen,kitchen,kitchen,kitchen,bedroom_1,entry,bathroom,entry,entry,entry,kitchen,kitchen,living,entry,bedroom_1,bathroom,bathroom,bedroom_2,living,entry,kitchen,bedroom_2,bathroom,kitchen,kitchen,kitchen,kitchen,kitchen,living,living,kitchen,bedroom_1,bedroom_1,entry,bedroom_1
8880,d06 Sun 04:00,entry,entry,bedroom_1,bedroom_1,bedroom_1,entry,kitchen,kitchen,kitchen,kitchen,bedroom_1,entry,bathroom,entry,entry,entry,kitchen,kitchen,living,entry,bedroom_1,bathroom,bathroom,bedroom_2,living,entry,kitchen,bedroom_2,bathroom,kitchen,kitchen,kitchen,kitchen,kitchen,living,living,kitchen,bedroom_1,bedroom_1,entry,bedroom_1
8940,d06 Sun 05:00,entry,entry,bedroom_1,bedroom_1,bedroom_1,entry,kitchen,kitchen,kitchen,kitchen,bedroom_1,entry,bathroom,entry,entry,entry,kitchen,kitchen,living,entry,bedroom_1,bathroom,bathroom,bedroom_2,living,entry,kitchen,bedroom_2,bathroom,kitchen,kitchen,kitchen,kitchen,kitchen,living,living,kitchen,bedroom_1,bedroom_1,entry,bedroom_1
9000,d06 Sun 06:00,kitchen,entry,bedroom_1,bedroom_1,bedroom_1,entry,kitchen,kitchen,kitchen,kitchen,bedroom_1,entry,bathroom,entry,entry,entry,kitchen,kitchen,kitchen,entry,bedroom_1,bathroom,bathroom,bedroom_2,living,entry,kitchen,bedroom_2,bathroom,kitchen,kitchen,kitchen,kitchen,kitchen,living,living,kitchen,bedroom_1,bedroom_1,entry,bedroom_1
9060,d06 Sun 07:00,living,entry,bedroom_1,bedroom_1,bedroom_1,entry,kitchen,kitchen,kitchen,kitchen,bedroom_1,entry,bathroom,entry,entry,entry,kitchen,kitchen,kitchen,entry,bedroom_1,bathroom,bathroom,bedroom_2,living,entry,living,living,bathroom,kitchen,kitchen,kitchen,kitchen,kitchen,living,living,kitchen,bedroom_1,bedroom_1,entry,bedroom_1
9120,d06 Sun 08:00,living,entry,bedroom_1,bedroom_1,bedroom_1,entry,kitchen,kitchen,kitchen,kitchen,bedroom_1,entry,bathroom,entry,entry,entry,kitchen,kitchen,kitchen,entry,bedroom_1,bathroom,bathroom,living,kitchen,entry,living,living,bathroom,kitchen,kitchen,living,kitchen,kitchen,living,living,kitchen,bedroom_1,bedroom_1,entry,bedroom_1
9180,d06 Sun 09:00,living,entry,bedroom_1,bedroom_1,bedroom_1,entry,kitchen,kitchen,kitchen,kitchen,bedroom_1,entry,bathroom,entry,entry,entry,kitchen,kitchen,kitchen,entry,bedroom_1,bathroom,bathroom,living,kitchen,entry,living,living,bathroom,kitchen,kitchen,living,kitchen,kitchen,living,living,kitchen,bedroom_1,bedroom_1,entry,bedroom_1
9240,d06 Sun 10:00,living,entry,bedroom_1,bedroom_1,bedroom_1,entry,kitchen,kitchen,kitchen,kitchen,bedroom_1,entry,bathroom,entry,entry,entry,kitchen,kitchen,kitchen,entry,bedroom_1,bathroom,bathroom,living,kitchen,entry,living,living,bathroom,kitchen,kitchen,kitchen,kitchen,kitchen,living,living,kitchen,bedroom_1,bedroom_1,entry,bedroom_1
9300,d06 Sun 11:00,entry,entry,bedroom_1,bedroom_1,bedroom_1,entry,kitchen,kitchen,kitchen,kitchen,bedroom_1,entry,bathroom,entry,entry,entry,kitchen,kitchen,living,entry,bedroom_1,kitchen,bathroom,living,kitchen,entry,living,living,bathroom,kitchen,kitchen,kitchen,kitchen,kitchen,living,living,kitchen,bedroom_1,bedroom_1,entry,bedroom_1
9360,d06 Sun 12:00,entry,entry,bedroom_1,bedroom_1,bedroom_1,entry,kitchen,kitchen,kitchen,kitchen,bedroom_1,entry,bathroom,entry,entry,entry,kitchen,kitchen,living,entry,bedroom_1,kitchen,bathroom,living,kitchen,entry,living,living,bathroom,kitchen,kitchen,kitchen,kitchen,kitchen,living,living,kitchen,bedroom_1,bedroom_1,entry,bedroom_1
9420,d06 Sun 13:00,entry,entry,bedroom_1,bedroom_1,bedroom_1,entry,kitchen,kitchen,kitchen,kitchen,bedroom_1,entry,bathroom,entry,entry,entry,kitchen,kitchen,living,entry,bedroom_1,kitchen,bathroom,living,kitchen,entry,living,living,bathroom,kitchen,kitchen,kitchen,kitchen,kitchen,living,living,kitchen,bedroom_1,bedroom_1,entry,bedroom_1
9480,d06 Sun 14:00,entry,entry,bedroom_1,bedroom_1,bedroom_1,entry,kitchen,kitchen,kitchen,kitchen,bedroom_1,entry,bathroom,entry,entry,entry,kitchen,kitchen,kitchen,entry,bedroom_1,kitchen,bathroom,living,kitchen,entry,living,living,bathroom,kitchen,kitchen,kitchen,kitchen,kitchen,living,living,kitchen,bedroom_1,living,entry,bedroom_1
9540,d06 Sun 15:00,entry,entry,bedroom_1,bedroom_1,bedroom_1,entry,kitchen,kitchen,kitchen,kitchen,bedroom_1,entry,bathroom,entry,entry,entry,kitchen,kitchen,kitchen,entry,bedroom_1,kitchen,bathroom,living,kitchen,entry,living,living,bathroom,kitchen,kitchen,living,kitchen,kitchen,living,kitchen,kitchen,bedroom_1,bedroom_1,entry,bedroom_1
9600,d06 Sun 16:00,entry,entry,bedroom_1,bedroom_1,bedroom_1,entry,kitchen,kitchen,kitchen,kitchen,bedroom_1,entry,bathroom,entry,entry,entry,kitchen,kitchen,kitchen,entry,bedroom_1,kitchen,bathroom,living,kitchen,entry,living,living,bathroom,kitchen,kitchen,kitchen,kitchen,kitchen,living,kitchen,kitchen,living,bedroom_1,entry,bedroom_1
9660,d06 Sun 17:00,entry,entry,bedroom_1,bedroom_1,bedroom_1,entry,kitchen,kitchen,kitchen,kitchen,bedroom_1,entry,bathroom,entry,entry,entry,kitchen,kitchen,kitchen,entry,bedroom_1,kitchen,bathroom,living,living,entry,living,living,bathroom,kitchen,kitchen,living,kitchen,kitchen,living,kitchen,kitchen,living,bedroom_1,entry,bedroom_1
9720,d06 Sun 18:00,entry,entry,bedroom_1,bedroom_1,bedroom_1,entry,kitchen,kitchen,kitchen,kitchen,bedroom_1,entry,bathroom,entry,entry,entry,kitchen,kitchen,kitchen,entry,bedroom_1,kitchen,bathroom,bedroom_2,living,kitchen,living,bedroom_2,bathroom,kitchen,kitchen,living,kitchen,kitchen,living,kitchen,kitchen,living,bedroom_1,entry,bedroom_1
9780,d06 Sun 19:00,entry,entry,bedroom_1,bedroom_1,bedroom_1,entry,kitchen,kitchen,kitchen,kitchen,bedroom_1,entry,bathroom,entry,entry,entry,kitchen,kitchen,kitchen,entry,bedroom_1,kitchen,bathroom,bedroom_2,living,kitchen,living,living,bathroom,kitchen,kitchen,living,kitchen,kitchen,living,kitchen,kitchen,living,bedroom_1,entry,bedroom_1
9840,d06 Sun 20:00,entry,entry,bedroom_1,bedroom_1,bedroom_1,entry,kitchen,kitchen,kitchen,kitchen,bedroom_1,entry,bathroom,entry,entry,entry,kitchen,kitchen,kitchen,entry,bedroom_1,kitchen,bathroom,bedroom_2,living,kitchen,living,living,bathroom,kitchen,kitchen,living,kitchen,kitchen,living,kitchen,kitchen,living,bedroom_1,entry,bedroom_1
9900,d06 Sun 21:00,entry,bedroom_1,bedroom_1,bedroom_1,bedroom_1,entry,kitchen,kitchen,kitchen,kitchen,bedroom_1,entry,bathroom,entry,entry,entry,kitchen,kitchen,kitchen,entry,bedroom_1,bathroom,bathroom,bedroom_2,living,kitchen,living,bedroom_2,bathroom,kitchen,kitchen,living,kitchen,kitchen,living,kitchen,kitchen,living,bedroom_1,entry,bedroom_1
9960,d06 Sun 22:00,entry,bedroom_1,bedroom_1,bedroom_1,bedroom_1,entry,kitchen,kitchen,kitchen,kitchen,bedroom_1,entry,bathroom,entry,entry,entry,kitchen,kitchen,kitchen,entry,bedroom_1,bathroom,bathroom,bedroom_2,living,kitchen,living,bedroom_2,bathroom,kitchen,kitchen,living,kitchen,kitchen,living,kitchen,kitchen,living,bedroom_1,entry,bedroom_1
10020,d06 Sun 23:00,entry,bedroom_1,bedroom_1,bedroom_1,bedroom_1,entry,kitchen,kitchen,kitchen,kitchen,bedroom_1,entry,bathroom,entry,entry,entry,kitchen,kitchen,kitchen,entry,bedroom_1,bathroom,bathroom,bedroom_2,living,kitchen,living,bedroom_2,bathroom,kitchen,kitchen,living,kitchen,kitchen,living,kitchen,kitchen,living,bedroom_1,entry,bedroom_1
10080,d07 Mon 00:00,entry,bedroom_1,bedroom_1,bedroom_1,bedroom_1,entry,kitchen,kitchen,kitchen,kitchen,bedroom_1,entry,bathroom,entry,entry,entry,kitchen,kitchen,kitchen,entry,bedroom_1,bathroom,bathroom,bedroom_2,living,kitchen,living,bedroom_2,bathroom,kitchen,kitchen,living,kitchen,kitchen,living,kitchen,kitchen,living,bedroom_1,entry,bedroom_1
10140,d07 Mon 01:00,entry,bedroom_1,bedroom_1,bedroom_1,bedroom_1,entry,kitchen,kitchen,kitchen,kitchen,bedroom_1,entry,bathroom,entry,entry,entry,kitchen,kitchen,kitchen,entry,bedroom_1,bathroom,bathroom,bedroom_2,living,kitchen,living,bedroom_2,bathroom,kitchen,kitchen,living,kitchen,kitchen,living,kitchen,kitchen,living,bedroom_1,entry,bedroom_1
10200,d07 Mon 02:00,entry,bedroom_1,bedroom_1,bedroom_1,bedroom_1,entry,kitchen,kitchen,kitchen,kitchen,bedroom_1,entry,bathroom,entry,entry,entry,kitchen,kitchen,kitchen,entry,bedroom_1,bathroom,bathroom,bedroom_2,living,kitchen,living,bedroom_2,bathroom,kitchen,kitchen,living,kitchen,kitchen,living,kitchen,kitchen,living,bedroom_1,entry,bedroom_1
10260,d07 Mon 03:00,entry,bedroom_1,bedroom_1,bedroom_1,bedroom_1,entry,kitchen,kitchen,kitchen,kitchen,bedroom_1,entry,bathroom,entry,entry,entry,kitchen,kitchen,kitchen,entry,bedroom_1,bathroom,bathroom,bedroom_2,living,kitchen,living,bedroom_2,bathroom,kitchen,kitchen,living,kitchen,kitchen,living,kitchen,kitchen,living,bedroom_1,entry,bedroom_1
10320,d07 Mon 04:00,entry,bedroom_1,bedroom_1,bedroom_1,bedroom_1,entry,kitchen,kitchen,kitchen,kitchen,bedroom_1,entry,bathroom,entry,entry,entry,kitchen,kitchen,kitchen,entry,bedroom_1,bathroom,bathroom,bedroom_2,living,kitchen,living,bedroom_2,bathroom,kitchen,kitchen,living,kitchen,kitchen,living,kitchen,kitchen,living,bedroom_1,entry,bedroom_1
10380,d07 Mon 05:00,entry,bedroom_1,bedroom_1,bedroom_1,bedroom_1,entry,kitchen,kitchen,kitchen,kitchen,bedroom_1,entry,bathroom,entry,entry,entry,kitchen,kitchen,kitchen,entry,bedroom_1,bathroom,bathroom,bedroom_2,living,kitchen,living,bedroom_2,bathroom,kitchen,kitchen,living,kitchen,kitchen,living,kitchen,kitchen,living,bedroom_1,entry,bedroom_1
10440,d07 Mon 06:00,kitchen,bedroom_1,bedroom_1,bedroom_1,bedroom_1,entry,kitchen,kitchen,kitchen,kitchen,bedroom_1,entry,bathroom,entry,entry,entry,kitchen,kitchen,living,entry,bedroom_1,kitchen,bathroom,bedroom_2,living,kitchen,kitchen,bedroom_2,bathroom,kitchen,kitchen,kitchen,kitchen,kitchen,living,kitchen,kitchen,living,bedroom_1,entry,bedroom_1
10500,d07 Mon 07:00,entry,kitchen,bedroom_1,bedroom_1,bedroom_1,entry,kitchen,kitchen,kitchen,kitchen,bedroom_1,entry,bathroom,entry,entry,entry,kitchen,kitchen,kitchen,entry,bedroom_1,bathroom,bathroom,bedroom_2,kitchen,kitchen,kitchen,bedroom_2,bathroom,kitchen,kitchen,kitchen,kitchen,kitchen,living,kitchen,kitchen,living,bedroom_1,entry,bedroom_1
10560,d07 Mon 08:00,outside,outside,outside,outside,outside,outside,kitchen,outside,kitchen,kitchen,outside,outside,outside,kitchen,outside,outside,outside,outside,kitchen,outside,outside,bathroom,bathroom,outside,outside,outside,bathroom,bedroom_2,bathroom,kitchen,kitchen,living,kitchen,kitchen,living,kitchen,kitchen,living,bedroom_1,entry,bedroom_1
10620,d07 Mon 09:00,outside,outside,outside,outside,outside,outside,kitchen,outside,kitchen,kitchen,outside,outside,outside,kitchen,outside,outside,outside,outside,kitchen,outside,outside,bathroom,bathroom,outside,outside,outside,bathroom,bedroom_2,bathroom,kitchen,kitchen,living,kitchen,kitchen,living,kitchen,kitchen,living,bedroom_1,entry,bedroom_1
10680,d07 Mon 10:00,outside,outside,outside,outside,outside,outside,kitchen,outside,kitchen,kitchen,outside,outside,outside,kitchen,outside,outside,outside,outside,kitchen,outside,outside,bathroom,bathroom,outside,outside,outside,bathroom,bedroom_2,bathroom,kitchen,kitchen,living,kitchen,kitchen,living,kitchen,kitchen,living,bedroom_1,entry,bedroom_1
10740,d07 Mon 11:00,outside,outside,outside,outside,outside,outside,kitchen,outside,kitchen,kitchen,outside,outside,outside,kitchen,outside,outside,outside,outside,kitchen,outside,outside,bathroom,bathroom,outside,outside,outside,bathroom,bedroom_2,bathroom,kitchen,kitchen,living,kitchen,kitchen,living,kitchen,kitchen,living,bedroom_1,entry,bedroom_1
10800,d07 Mon 12:00,outside,outside,outside,outside,outside,outside,kitchen,outside,kitchen,kitchen,outside,outside,outside,kitchen,outside,outside,outside,outside,kitchen,outside,outside,bathroom,bathroom,outside,outside,outside,bathroom,bedroom_2,bathroom,kitchen,kitchen,living,kitchen,kitchen,living,kitchen,kitchen,living,bedroom_1,entry,bedroom_1
10860,d07 Mon 13:00,outside,outside,outside,outside,outside,outside,kitchen,outside,kitchen,kitchen,outside,outside,entry,entry,entry,kitchen,kitchen,kitchen,kitchen,entry,living,bathroom,bathroom,outside,outside,outside,bathroom,bedroom_2,bathroom,kitchen,kitchen,living,kitchen,kitchen,living,kitchen,kitchen,living,bedroom_1,entry,bedroom_1
10920,d07 Mon 14:00,outside,outside,outside,outside,outside,outside,kitchen,outside,kitchen,kitchen,outside,outside,entry,entry,entry,kitchen,kitchen,kitchen,kitchen,entry,living,bathroom,bathroom,outside,outside,outside,bathroom,bedroom_2,bathroom,kitchen,kitchen,living,kitchen,kitchen,living,kitchen,kitchen,living,bedroom_1,entry,bedroom_1
10980,d07 Mon 15:00,outside,outside,outside,outside,outside,outside,kitchen,outside,kitchen,kitchen,outside,outside,kitchen,entry,entry,entry,kitchen,kitchen,kitchen,entry,living,bathroom,bathroom,bedroom_2,living,entry,living,bedroom_2,bathroom,kitchen,kitchen,living,kitchen,kitchen,living,kitchen,kitchen,living,bedroom_1,entry,bedroom_1
11040,d07 Mon 16:00,entry,entry,entry,bedroom_1,kitchen,entry,kitchen,kitchen,kitchen,kitchen,bedroom_1,kitchen,kitchen,entry,entry,kitchen,kitchen,kitchen,kitchen,entry,living,bathroom,bathroom,living,kitchen,entry,living,bedroom_2,bathroom,kitchen,kitchen,living,kitchen,kitchen,living,kitchen,bedroom_1,living,bedroom_1,entry,bedroom_1
11100,d07 Mon 17:00,entry,entry,entry,bedroom_1,kitchen,entry,kitchen,kitchen,kitchen,kitchen,bedroom_1,kitchen,kitchen,entry,entry,kitchen,kitchen,kitchen,kitchen,entry,living,bathroom,bathroom,living,kitchen,entry,living,bedroom_2,bathroom,kitchen,kitchen,kitchen,kitchen,kitchen,living,kitchen,bedroom_1,living,bedroom_1,entry,bedroom_1
11160,d07 Mon 18:00,entry,entry,entry,bedroom_1,kitchen,entry,kitchen,kitchen,kitchen,kitchen,bedroom_1,kitchen,kitchen,entry,entry,kitchen,kitchen,kitchen,kitchen,entry,living,bathroom,bathroom,living,kitchen,entry,living,bedroom_2,bathroom,kitchen,kitchen,kitchen,kitchen,kitchen,living,kitchen,bedroom_1,living,bedroom_1,entry,bedroom_1
11220,d07 Mon 19:00,entry,entry,entry,bedroom_1,kitchen,entry,kitchen,kitchen,kitchen,kitchen,bedroom_1,kitchen,kitchen,entry,entry,kitchen,kitchen,kitchen,kitchen,entry,living,bathroom,bathroom,bedroom_2,kitchen,entry,living,living,kitchen,kitchen,kitchen,kitchen,kitchen,kitchen,living,kitchen,bedroom_1,living,bedroom_1,entry,bedroom_1
11280,d07 Mon 20:00,entry,entry,entry,bedroom_1,kitchen,entry,kitchen,kitchen,kitchen,kitchen,bedroom_1,kitchen,kitchen,entry,entry,kitchen,kitchen,kitchen,kitchen,entry,living,bathroom,bathroom,bedroom_2,kitchen,entry,living,living,kitchen,kitchen,kitchen,kitchen,kitchen,kitchen,living,kitchen,bedroom_1,living,bedroom_1,entry,bedroom_1
11340,d07 Mon 21:00,entry,entry,entry,kitchen,bedroom_1,entry,kitchen,kitchen,kitchen,bedroom_1,kitchen,kitchen,kitchen,entry,entry,kitchen,kitchen,kitchen,kitchen,entry,living,bathroom,bathroom,living,kitchen,entry,living,bedroom_1,kitchen,kitchen,kitchen,kitchen,kitchen,kitchen,living,kitchen,bedroom_1,living,bedroom_1,entry,bedroom_1
11400,d07 Mon 22:00,entry,entry,entry,kitchen,bedroom_1,entry,kitchen,kitchen,kitchen,bedroom_1,kitchen,kitchen,kitchen,entry,entry,kitchen,kitchen,kitchen,kitchen,entry,living,bathroom,bathroom,bedroom_2,kitchen,entry,living,bedroom_2,kitchen,kitchen,kitchen,kitchen,kitchen,kitchen,living,kitchen,bedroom_1,living,bedroom_1,entry,bedroom_1
11460,d07 Mon 23:00,entry,entry,entry,kitchen,bedroom_1,entry,kitchen,kitchen,kitchen,bedroom_1,kitchen,kitchen,kitchen,entry,entry,kitchen,kitchen,kitchen,kitchen,entry,living,bathroom,bathroom,bedroom_2,kitchen,entry,living,bedroom_2,kitchen,kitchen,kitchen,kitchen,kitchen,kitchen,living,kitchen,bedroom_1,living,bedroom_1,entry,bedroom_1
11520,d08 Tue 00:00,entry,entry,entry,kitchen,bedroom_1,entry,kitchen,kitchen,kitchen,bedroom_1,kitchen,kitchen,kitchen,entry,entry,kitchen,kitchen,kitchen,kitchen,entry,living,bathroom,bathroom,bedroom_2,kitchen,entry,living,bedroom_2,kitchen,kitchen,kitchen,kitchen,kitchen,kitchen,living,kitchen,bedroom_1,living,bedroom_1,entry,bedroom_1
11580,d08 Tue 01:00,entry,entry,entry,kitchen,bedroom_1,entry,kitchen,kitchen,kitchen,bedroom_1,kitchen,kitchen,kitchen,entry,entry,kitchen,kitchen,kitchen,kitchen,entry,living,bathroom,bathroom,bedroom_2,kitchen,entry,living,bedroom_2,kitchen,kitchen,kitchen,kitchen,kitchen,kitchen,living,kitchen,bedroom_1,living,bedroom_1,entry,bedroom_1
11640,d08 Tue 02:00,entry,entry,entry,kitchen,bedroom_1,entry,kitchen,kitchen,kitchen,bedroom_1,kitchen,kitchen,kitchen,entry,entry,kitchen,kitchen,kitchen,kitchen,entry,living,bathroom,bathroom,bedroom_2,kitchen,entry,living,bedroom_2,kitchen,kitchen,kitchen,kitchen,kitchen,kitchen,living,kitchen,bedroom_1,living,bedroom_1,entry,bedroom_1
11700,d08 Tue 03:00,entry,entry,entry,kitchen,bedroom_1,entry,kitchen,kitchen,kitchen,bedroom_1,kitchen,kitchen,kitchen,entry,entry,kitchen,kitchen,kitchen,kitchen,entry,living,bathroom,bathroom,bedroom_2,kitchen,entry,living,bedroom_2,kitchen,kitchen,kitchen,kitchen,kitchen,kitchen,living,kitchen,bedroom_1,living,bedroom_1,entry,bedroom_1
11760,d08 Tue 04:00,entry,entry,entry,kitchen,bedroom_1,entry,kitchen,kitchen,kitchen,bedroom_1,kitchen,kitchen,kitchen,entry,entry,kitchen,kitchen,kitchen,kitchen,entry,living,bathroom,bathroom,bedroom_2,kitchen,entry,living,bedroom_2,kitchen,kitchen,kitchen,kitchen,kitchen,kitchen,living,kitchen,bedroom_1,living,bedroom_1,entry,bedroom_1
11820,d08 Tue 05:00,entry,entry,entry,kitchen,bedroom_1,entry,kitchen,kitchen,kitchen,bedroom_1,kitchen,kitchen,kitchen,entry,entry,kitchen,kitchen,kitchen,kitchen,entry,living,bathroom,bathroom,bedroom_2,kitchen,entry,living,bedroom_2,kitchen,kitchen,kitchen,kitchen,kitchen,kitchen,living,kitchen,bedroom_1,living,bedroom_1,entry,bedroom_1
11880,d08 Tue 06:00,kitchen,entry,entry,kitchen,bedroom_1,entry,kitchen,kitchen,kitchen,bedroom_1,kitchen,kitchen,bathroom,entry,entry,kitchen,kitchen,kitchen,kitchen,entry,living,bathroom,bathroom,bedroom_2,kitchen,entry,living,bedroom_2,kitchen,kitchen,kitchen,kitchen,kitchen,kitchen,living,kitchen,bedroom_1,living,bedroom_1,entry,bedroom_1
11940,d08 Tue 07:00,entry,entry,entry,kitchen,bedroom_1,entry,kitchen,kitchen,kitchen,bedroom_1,kitchen,kitchen,bathroom,outside,outside,outside,outside,outside,kitchen,outside,outside,kitchen,bathroom,bedroom_2,kitchen,entry,living,bedroom_2,kitchen,kitchen,kitchen,living,kitchen,kitchen,living,kitchen,bedroom_1,living,bedroom_1,entry,bedroom_1
12000,d08 Tue 08:00,outside,outside,outside,outside,outside,outside,kitchen,outside,kitchen,bedroom_1,outside,outside,bathroom,outside,outside,outside,outside,outside,living,outside,outside,kitchen,entry,bedroom_2,kitchen,entry,living,bedroom_2,kitchen,kitchen,kitchen,kitchen,kitchen,kitchen,living,kitchen,bedroom_1,living,bedroom_1,entry,bedroom_1
12060,d08 Tue 09:00,outside,outside,outside,outside,outside,outside,kitchen,outside,kitchen,bedroom_1,outside,outside,bathroom,outside,outside,outside,outside,outside,living,outside,outside,kitchen,entry,outside,outside,outside,living,bedroom_2,kitchen,kitchen,kitchen,kitchen,kitchen,kitchen,living,kitchen,bedroom_1,living,bedroom_1,entry,bedroom_1
12120,d08 Tue 10:00,outside,outside,outside,outside,outside,outside,kitchen,outside,kitchen,bedroom_1,outside,outside,bathroom,outside,outside,outside,outside,outside,living,outside,outside,kitchen,entry,outside,outside,outside,living,bedroom_2,kitchen,kitchen,kitchen,kitchen,kitchen,kitchen,living,kitchen,bedroom_1,living,bedroom_1,entry,bedroom_1
12180,d08 Tue 11:00,outside,outside,outside,outside,outside,outside,kitchen,outside,kitchen,bedroom_1,outside,outside,bathroom,outside,outside,outside,outside,outside,living,outside,outside,kitchen,entry,outside,outside,outside,living,bedroom_2,kitchen,kitchen,kitchen,kitchen,kitchen,kitchen,living,kitchen,bedroom_1,living,bedroom_1,entry,bedroom_1
12240,d08 Tue 12:00,outside,outside,outside,outside,outside,outside,kitchen,outside,kitchen,bedroom_1,outside,outside,bathroom,outside,outside,outside,outside,outside,living,outside,outside,kitchen,entry,outside,outside,outside,living,bedroom_2,kitchen,kitchen,kitchen,kitchen,kitchen,kitchen,living,kitchen,bedroom_1,living,bedroom_1,entry,bedroom_1
12300,d08 Tue 13:00,outside,outside,outside,outside,outside,outside,kitchen,outside,kitchen,bedroom_1,outside,outside,kitchen,entry,entry,kitchen,kitchen,kitchen,living,entry,living,kitchen,entry,outside,outside,outside,living,bedroom_2,kitchen,kitchen,kitchen,living,kitchen,kitchen,living,entry,bedroom_1,living,bedroom_1,entry,bedroom_1
12360,d08 Tue 14:00,outside,outside,outside,outside,outside,outside,kitchen,outside,kitchen,bedroom_1,outside,outside,kitchen,entry,entry,kitchen,kitchen,kitchen,living,entry,living,kitchen,entry,outside,outside,outside,living,bedroom_2,kitchen,kitchen,kitchen,living,kitchen,kitchen,living,entry,bedroom_1,living,bedroom_1,entry,bedroom_1
12420,d08 Tue 15:00,outside,outside,outside,outside,outside,outside,kitchen,outside,kitchen,bedroom_1,outside,outside,kitchen,entry,entry,bedroom_1,kitchen,kitchen,living,entry,living,kitchen,entry,bedroom_2,kitchen,entry,living,bedroom_2,kitchen,kitchen,kitchen,living,kitchen,kitchen,living,entry,kitchen,living,bedroom_1,entry,bedroom_1
12480,d08 Tue 16:00,bedroom_1,entry,entry,bedroom_1,bedroom_1,entry,kitchen,kitchen,kitchen,bedroom_1,bedroom_1,entry,kitchen,entry,kitchen,kitchen,kitchen,kitchen,living,entry,living,kitchen,entry,bedroom_2,kitchen,entry,living,bedroom_2,kitchen,kitchen,kitchen,living,kitchen,kitchen,living,kitchen,kitchen,living,bedroom_1,entry,bedroom_1
12540,d08 Tue 17:00,bedroom_1,entry,entry,bedroom_1,kitchen,entry,kitchen,kitchen,kitchen,kitchen,bedroom_1,entry,kitchen,entry,kitchen,kitchen,kitchen,kitchen,living,entry,living,kitchen,entry,bedroom_2,kitchen,entry,bathroom,bedroom_2,kitchen,kitchen,kitchen,living,kitchen,kitchen,living,kitchen,kitchen,living,bedroom_1,entry,bedroom_1
12600,d08 Tue 18:00,bedroom_1,entry,entry,bedroom_1,kitchen,entry,kitchen,kitchen,kitchen,kitchen,bedroom_1,entry,kitchen,entry,kitchen,kitchen,kitchen,kitchen,living,entry,living,kitchen,entry,bedroom_2,kitchen,entry,bathroom,bedroom_2,kitchen,kitchen,kitchen,living,kitchen,kitchen,living,kitchen,kitchen,living,bedroom_1,entry,bedroom_1
12660,d08 Tue 19:00,bedroom_1,entry,entry,bedroom_1,kitchen,entry,kitchen,kitchen,kitchen,kitchen,kitchen,entry,kitchen,entry,kitchen,kitchen,kitchen,kitchen,kitchen,entry,living,kitchen,entry,bedroom_2,kitchen,kitchen,bathroom,bedroom_2,kitchen,kitchen,kitchen,living,kitchen,kitchen,living,kitchen,kitchen,living,bedroom_1,entry,bedroom_1
12720,d08 Tue 20:00,bedroom_1,entry,entry,bedroom_1,kitchen,entry,kitchen,kitchen,kitchen,kitchen,kitchen,entry,kitchen,entry,kitchen,kitchen,kitchen,kitchen,kitchen,entry,living,kitchen,entry,bedroom_2,kitchen,kitchen,bathroom,bedroom_2,kitchen,kitchen,kitchen,living,kitchen,kitchen,living,living,kitchen,living,bedroom_1,entry,bedroom_1
12780,d08 Tue 21:00,bedroom_1,entry,entry,bedroom_1,kitchen,entry,kitchen,kitchen,kitchen,kitchen,kitchen,entry,kitchen,entry,kitchen,kitchen,kitchen,kitchen,kitchen,entry,living,kitchen,entry,bedroom_2,kitchen,kitchen,bathroom,bedroom_2,kitchen,kitchen,kitchen,living,kitchen,kitchen,living,living,kitchen,living,bedroom_1,entry,bedroom_1
12840,d08 Tue 22:00,bedroom_1,entry,entry,bedroom_1,kitchen,entry,kitchen,kitchen,kitchen,kitchen,kitchen,entry,kitchen,entry,kitchen,kitchen,kitchen,kitchen,kitchen,entry,bedroom_1,kitchen,entry,bedroom_2,kitchen,kitchen,bathroom,bedroom_2,kitchen,kitchen,kitchen,living,kitchen,kitchen,living,kitchen,kitchen,living,bedroom_1,entry,bedroom_1
12900,d08 Tue 23:00,bedroom_1,entry,entry,bedroom_1,kitchen,entry,kitchen,kitchen,kitchen,kitchen,kitchen,entry,kitchen,entry,kitchen,kitchen,kitchen,kitchen,kitchen,entry,bedroom_1,kitchen,entry,bedroom_2,kitchen,kitchen,bathroom,bedroom_2,kitchen,kitchen,kitchen,living,kitchen,kitchen,living,kitchen,kitchen,living,bedroom_1,entry,bedroom_1
12960,d09 Wed 00:00,bedroom_1,entry,entry,bedroom_1,kitchen,entry,kitchen,kitchen,kitchen,kitchen,kitchen,entry,kitchen,entry,kitchen,kitchen,kitchen,kitchen,kitchen,entry,bedroom_1,kitchen,entry,bedroom_2,kitchen,kitchen,bathroom,bedroom_2,kitchen,kitchen,kitchen,living,kitchen,kitchen,living,kitchen,kitchen,living,bedroom_1,entry,bedroom_1
13020,d09 Wed 01:00,bedroom_1,entry,entry,bedroom_1,kitchen,entry,kitchen,kitchen,kitchen,kitchen,kitchen,entry,kitchen,entry,kitchen,kitchen,kitchen,kitchen,kitchen,entry,bedroom_1,kitchen,entry,bedroom_2,kitchen,kitchen,bathroom,bedroom_2,kitchen,kitchen,kitchen,living,kitchen,kitchen,living,kitchen,kitchen,living,bedroom_1,entry,bedroom_1
13080,d09 Wed 02:00,bedroom_1,entry,entry,bedroom_1,kitchen,entry,kitchen,kitchen,kitchen,kitchen,kitchen,entry,kitchen,entry,kitchen,kitchen,kitchen,kitchen,kitchen,entry,bedroom_1,kitchen,entry,bedroom_2,kitchen,kitchen,bathroom,bedroom_2,kitchen,kitchen,kitchen,living,kitchen,kitchen,living,kitchen,kitchen,living,bedroom_1,entry,bedroom_1
13140,d09 Wed 03:00,bedroom_1,entry,entry,bedroom_1,kitchen,entry,kitchen,kitchen,kitchen,kitchen,kitchen,entry,kitchen,entry,kitchen,kitchen,kitchen,kitchen,kitchen,entry,bedroom_1,kitchen,entry,bedroom_2,kitchen,kitchen,bathroom,bedroom_2,kitchen,kitchen,kitchen,living,kitchen,kitchen,kitchen,kitchen,kitchen,living,bedroom_1,entry,bedroom_1
13200,d09 Wed 04:00,bedroom_1,entry,entry,bedroom_1,kitchen,entry,kitchen,kitchen,kitchen,kitchen,kitchen,entry,kitchen,entry,kitchen,kitchen,kitchen,kitchen,kitchen,entry,bedroom_1,kitchen,entry,bedroom_2,kitchen,kitchen,bathroom,bedroom_2,kitchen,kitchen,kitchen,living,kitchen,kitchen,kitchen,kitchen,kitchen,living,bedroom_1,entry,bedroom_1
13260,d09 Wed 05:00,entry,entry,entry,bedroom_1,kitchen,entry,kitchen,kitchen,kitchen,kitchen,kitchen,entry,kitchen,entry,kitchen,kitchen,kitchen,kitchen,kitchen,entry,bedroom_1,kitchen,entry,bedroom_2,kitchen,kitchen,bathroom,bedroom_2,kitchen,kitchen,kitchen,living,kitchen,kitchen,kitchen,kitchen,kitchen,living,bedroom_1,entry,bedroom_1
13320,d09 Wed 06:00,entry,living,entry,bedroom_1,kitchen,entry,kitchen,kitchen,kitchen,kitchen,kitchen,entry,bathroom,entry,kitchen,kitchen,kitchen,kitchen,kitchen,entry,bedroom_1,kitchen,bathroom,bedroom_2,kitchen,kitchen,bathroom,bedroom_2,kitchen,kitchen,kitchen,kitchen,kitchen,kitchen,kitchen,kitchen,kitchen,living,bedroom_1,entry,bedroom_1
13380,d09 Wed 07:00,kitchen,entry,entry,bedroom_1,kitchen,entry,kitchen,kitchen,kitchen,kitchen,kitchen,entry,outside,outside,outside,outside,outside,outside,living,outside,outside,entry,entry,bedroom_2,kitchen,kitchen,bathroom,bedroom_2,kitchen,kitchen,kitchen,kitchen,kitchen,kitchen,kitchen,kitchen,kitchen,living,bedroom_1,entry,bedroom_1
13440,d09 Wed 08:00,kitchen,entry,entry,bedroom_1,kitchen,entry,kitchen,kitchen,kitchen,kitchen,kitchen,entry,outside,outside,outside,outside,outside,outside,living,outside,outside,bathroom,bathroom,outside,outside,outside,living,bedroom_2,kitchen,kitchen,kitchen,living,kitchen,kitchen,kitchen,kitchen,kitchen,living,bedroom_1,entry,bedroom_1
13500,d09 Wed 09:00,outside,outside,outside,outside,outside,outside,kitchen,outside,kitchen,kitchen,outside,outside,outside,outside,outside,outside,outside,outside,living,outside,outside,bathroom,bathroom,outside,outside,outside,living,bedroom_2,kitchen,kitchen,kitchen,living,kitchen,kitchen,kitchen,kitchen,kitchen,living,bedroom_1,entry,bedroom_1
13560,d09 Wed 10:00,outside,outside,outside,outside,outside,outside,kitchen,outside,kitchen,kitchen,outside,outside,outside,outside,outside,outside,outside,outside,living,outside,outside,bathroom,bathroom,outside,outside,outside,living,bedroom_2,kitchen,kitchen,kitchen,living,kitchen,kitchen,kitchen,kitchen,kitchen,living,bedroom_1,entry,bedroom_1
13620,d09 Wed 11:00,kitchen,outside,outside,outside,outside,outside,kitchen,outside,kitchen,kitchen,outside,outside,outside,outside,outside,outside,outside,outside,living,outside,outside,bathroom,bathroom,outside,outside,outside,living,bedroom_2,kitchen,kitchen,kitchen,living,kitchen,kitchen,kitchen,kitchen,kitchen,living,bedroom_1,entry,bedroom_1
13680,d09 Wed 12:00,kitchen,outside,outside,outside,outside,outside,kitchen,outside,kitchen,kitchen,outside,outside,outside,outside,outside,outside,outside,outside,living,outside,outside,bathroom,bathroom,outside,outside,outside,living,bedroom_2,kitchen,kitchen,kitchen,living,kitchen,kitchen,kitchen,kitchen,kitchen,living,bedroom_1,entry,bedroom_1
13740,d09 Wed 13:00,entry,outside,outside,outside,outside,outside,kitchen,outside,kitchen,kitchen,outside,outside,entry,entry,kitchen,kitchen,kitchen,kitchen,living,entry,living,bathroom,bathroom,outside,outside,outside,living,bedroom_2,kitchen,kitchen,kitchen,living,kitchen,kitchen,kitchen,kitchen,kitchen,living,bedroom_1,entry,bedroom_1
13800,d09 Wed 14:00,entry,outside,outside,outside,outside,outside,kitchen,outside,kitchen,kitchen,outside,outside,kitchen,entry,kitchen,entry,kitchen,kitchen,living,kitchen,living,bathroom,bathroom,bedroom_2,living,entry,living,bedroom_2,kitchen,kitchen,kitchen,living,kitchen,kitchen,kitchen,kitchen,kitchen,living,bedroom_1,entry,bedroom_1
13860,d09 Wed 15:00,entry,outside,outside,outside,outside,outside,kitchen,outside,kitchen,kitchen,outside,outside,kitchen,entry,kitchen,entry,kitchen,kitchen,living,kitchen,living,bathroom,bathroom,bedroom_2,living,entry,living,bedroom_2,kitchen,kitchen,kitchen,living,kitchen,kitchen,kitchen,kitchen,kitchen,living,bedroom_1,entry,bedroom_1
13920,d09 Wed 16:00,entry,entry,bedroom_1,bedroom_1,bedroom_1,entry,kitchen,kitchen,kitchen,kitchen,bedroom_1,kitchen,entry,entry,kitchen,kitchen,kitchen,kitchen,living,kitchen,living,bathroom,bathroom,bedroom_2,living,entry,living,bedroom_2,kitchen,kitchen,kitchen,living,kitchen,kitchen,kitchen,kitchen,kitchen,living,bedroom_1,entry,bedroom_1
13980,d09 Wed 17:00,entry,entry,bedroom_1,bedroom_1,bedroom_1,entry,kitchen,kitchen,kitchen,kitchen,bedroom_1,kitchen,entry,entry,kitchen,kitchen,kitchen,kitchen,living,kitchen,living,bathroom,bathroom,bedroom_2,living,entry,living,bedroom_2,kitchen,kitchen,kitchen,kitchen,kitchen,kitchen,kitchen,kitchen,kitchen,living,bedroom_1,entry,bedroom_1
14040,d09 Wed 18:00,entry,entry,bedroom_1,bedroom_1,bedroom_1,entry,kitchen,kitchen,kitchen,kitchen,bedroom_1,kitchen,entry,entry,kitchen,kitchen,kitchen,kitchen,living,kitchen,living,bathroom,bathroom,kitchen,kitchen,entry,kitchen,bedroom_2,kitchen,kitchen,kitchen,living,kitchen,kitchen,kitchen,kitchen,kitchen,living,bedroom_1,entry,bedroom_1
14100,d09 Wed 19:00,entry,entry,bedroom_1,bedroom_1,bedroom_1,entry,kitchen,kitchen,kitchen,kitchen,bedroom_1,kitchen,entry,entry,kitchen,kitchen,kitchen,kitchen,living,kitchen,living,bathroom,bathroom,bedroom_2,kitchen,entry,living,living,kitchen,kitchen,kitchen,living,kitchen,kitchen,living,kitchen,kitchen,living,bedroom_1,entry,bedroom_1
14160,d09 Wed 20:00,entry,entry,bedroom_1,bedroom_1,bedroom_1,entry,kitchen,kitchen,kitchen,kitchen,bedroom_1,kitchen,entry,entry,kitchen,kitchen,kitchen,kitchen,living,kitchen,living,bathroom,bathroom,bedroom_2,kitchen,entry,living,living,kitchen,kitchen,kitchen,living,kitchen,kitchen,living,kitchen,kitchen,living,bedroom_1,entry,bedroom_1
14220,d09 Wed 21:00,entry,entry,bedroom_1,bedroom_1,bedroom_1,entry,kitchen,kitchen,kitchen,kitchen,bedroom_1,kitchen,entry,entry,kitchen,kitchen,kitchen,kitchen,living,kitchen,living,bathroom,bathroom,bedroom_2,kitchen,entry,living,bedroom_2,kitchen,kitchen,kitchen,living,kitchen,kitchen,living,kitchen,kitchen,living,bedroom_1,entry,bedroom_1
14280,d09 Wed 22:00,entry,entry,bedroom_1,bedroom_1,bedroom_1,entry,kitchen,kitchen,kitchen,kitchen,bedroom_1,kitchen,entry,entry,kitchen,kitchen,kitchen,kitchen,living,kitchen,living,bathroom,bathroom,bedroom_2,kitchen,entry,living,bedroom_2,kitchen,kitchen,kitchen,living,kitchen,kitchen,living,kitchen,kitchen,living,bedroom_1,entry,bedroom_1
14340,d09 Wed 23:00,entry,entry,bedroom_1,bedroom_1,bedroom_1,entry,kitchen,kitchen,kitchen,kitchen,bedroom_1,kitchen,entry,entry,kitchen,kitchen,kitchen,kitchen,living,kitchen,living,bathroom,bathroom,bedroom_2,kitchen,entry,living,bedroom_2,kitchen,kitchen,kitchen,living,kitchen,kitchen,living,kitchen,kitchen,living,bedroom_1,entry,bedroom_1
14400,d10 Thu 00:00,entry,entry,bedroom_1,bedroom_1,bedroom_1,entry,kitchen,kitchen,kitchen,kitchen,bedroom_1,kitchen,entry,entry,kitchen,kitchen,kitchen,kitchen,living,kitchen,living,bathroom,bathroom,bedroom_2,kitchen,entry,living,bedroom_2,kitchen,kitchen,kitchen,living,kitchen,kitchen,living,kitchen,kitchen,living,bedroom_1,entry,bedroom_1
14460,d10 Thu 01:00,entry,entry,bedroom_1,bedroom_1,bedroom_1,entry,kitchen,kitchen,kitchen,kitchen,bedroom_1,kitchen,entry,entry,kitchen,kitchen,kitchen,kitchen,living,kitchen,living,bathroom,bathroom,bedroom_2,kitchen,entry,living,bedroom_2,kitchen,kitchen,kitchen,living,kitchen,kitchen,living,kitchen,kitchen,living,bedroom_1,entry,bedroom_1
14520,d10 Thu 02:00,entry,entry,bedroom_1,bedroom_1,bedroom_1,entry,kitchen,kitchen,kitchen,kitchen,bedroom_1,kitchen,entry,entry,kitchen,kitchen,kitchen,kitchen,living,kitchen,living,bathroom,bathroom,bedroom_2,kitchen,entry,living,bedroom_2,kitchen,kitchen,kitchen,living,kitchen,kitchen,living,kitchen,kitchen,living,bedroom_1,entry,bedroom_1
14580,d10 Thu 03:00,entry,entry,bedroom_1,bedroom_1,bedroom_1,entry,kitchen,kitchen,kitchen,kitchen,bedroom_1,kitchen,entry,entry,kitchen,kitchen,kitchen,kitchen,living,kitchen,living,bathroom,bathroom,bedroom_2,kitchen,entry,living,bedroom_2,kitchen,kitchen,kitchen,living,kitchen,kitchen,living,kitchen,kitchen,living,bedroom_1,entry,bedroom_1
14640,d10 Thu 04:00,entry,entry,bedroom_1,bedroom_1,bedroom_1,entry,kitchen,kitchen,kitchen,kitchen,bedroom_1,kitchen,entry,entry,kitchen,kitchen,kitchen,kitchen,living,kitchen,living,bathroom,bathroom,bedroom_2,kitchen,entry,living,bedroom_2,kitchen,kitchen,kitchen,living,kitchen,kitchen,living,kitchen,kitchen,living,bedroom_1,entry,bedroom_1
14700,d10 Thu 05:00,entry,entry,bedroom_1,bedroom_1,bedroom_1,entry,kitchen,kitchen,kitchen,kitchen,bedroom_1,kitchen,entry,entry,kitchen,kitchen,kitchen,kitchen,living,kitchen,living,bathroom,bathroom,bedroom_2,kitchen,entry,living,bedroom_2,kitchen,kitchen,kitchen,living,kitchen,kitchen,living,kitchen,kitchen,living,bedroom_1,entry,bedroom_1
14760,d10 Thu 06:00,kitchen,bedroom_1,bedroom_1,bedroom_1,bedroom_1,entry,kitchen,kitchen,kitchen,kitchen,bedroom_1,kitchen,bathroom,entry,kitchen,kitchen,kitchen,kitchen,living,kitchen,living,bathroom,bathroom,bedroom_2,kitchen,entry,living,bedroom_2,kitchen,kitchen,kitchen,kitchen,kitchen,kitchen,living,kitchen,kitchen,living,bedroom_1,entry,bedroom_1
14820,d10 Thu 07:00,entry,bedroom_1,bedroom_1,bedroom_1,bedroom_1,entry,kitchen,kitchen,kitchen,kitchen,bedroom_1,kitchen,outside,outside,outside,outside,outside,outside,living,outside,outside,bathroom,bathroom,bedroom_2,kitchen,entry,living,bedroom_2,kitchen,kitchen,kitchen,kitchen,kitchen,kitchen,living,kitchen,kitchen,living,bedroom_1,entry,bedroom_1
14880,d10 Thu 08:00,kitchen,kitchen,bedroom_1,bedroom_1,bedroom_1,entry,kitchen,kitchen,kitchen,kitchen,bedroom_1,kitchen,outside,outside,outside,outside,outside,outside,kitchen,outside,outside,bathroom,entry,outside,outside,outside,living,bedroom_2,kitchen,kitchen,kitchen,kitchen,kitchen,kitchen,living,kitchen,kitchen,living,bedroom_1,entry,bedroom_1
14940,d10 Thu 09:00,kitchen,bedroom_1,bedroom_1,bedroom_1,bedroom_1,entry,kitchen,kitchen,bedroom_1,bedroom_1,bedroom_1,kitchen,outside,outside,outside,outside,outside,outside,kitchen,outside,outside,bathroom,entry,outside,outside,outside,living,bedroom_2,kitchen,kitchen,kitchen,kitchen,kitchen,kitchen,living,kitchen,kitchen,living,bedroom_1,entry,bedroom_1
15000,d10 Thu 10:00,kitchen,bedroom_1,bedroom_1,bedroom_1,bedroom_1,entry,kitchen,kitchen,bedroom_1,bedroom_1,bedroom_1,kitchen,outside,outside,outside,outside,outside,outside,kitchen,outside,outside,bathroom,entry,outside,outside,outside,living,bedroom_2,kitchen,kitchen,kitchen,kitchen,kitchen,kitchen,living,kitchen,kitchen,living,bedroom_1,entry,bedroom_1
15060,d10 Thu 11:00,kitchen,bedroom_1,bedroom_1,bedroom_1,bedroom_1,entry,kitchen,bedroom_1,kitchen,bedroom_1,bedroom_1,kitchen,outside,outside,outside,outside,outside,outside,kitchen,outside,outside,bathroom,entry,outside,outside,outside,living,bedroom_2,kitchen,kitchen,kitchen,kitchen,kitchen,kitchen,living,kitchen,kitchen,living,bedroom_1,entry,bedroom_1
15120,d10 Thu 12:00,kitchen,bedroom_1,bedroom_1,bedroom_1,bedroom_1,entry,kitchen,bedroom_1,kitchen,bedroom_1,bedroom_1,kitchen,outside,outside,outside,outside,outside,outside,kitchen,outside,outside,bathroom,entry,outside,outside,outside,living,bedroom_2,kitchen,kitchen,kitchen,kitchen,kitchen,kitchen,living,kitchen,kitchen,living,bedroom_1,entry,bedroom_1
15180,d10 Thu 13:00,entry,bedroom_1,entry,kitchen,kitchen,kitchen,kitchen,kitchen,kitchen,bedroom_1,bedroom_1,kitchen,kitchen,kitchen,kitchen,entry,kitchen,kitchen,kitchen,entry,living,bathroom,entry,outside,outside,outside,living,bedroom_2,kitchen,kitchen,kitchen,kitchen,kitchen,kitchen,living,kitchen,kitchen,living,bedroom_1,entry,bedroom_1
15240,d10 Thu 14:00,entry,bedroom_1,entry,kitchen,kitchen,kitchen,kitchen,kitchen,kitchen,bedroom_1,bedroom_1,kitchen,kitchen,kitchen,kitchen,entry,kitchen,kitchen,kitchen,entry,living,bathroom,entry,outside,outside,outside,living,bedroom_2,kitchen,kitchen,kitchen,living,kitchen,kitchen,living,kitchen,kitchen,living,bedroom_1,entry,bedroom_1
15300,d10 Thu 15:00,living,living,entry,kitchen,kitchen,kitchen,kitchen,kitchen,kitchen,bedroom_1,bedroom_1,kitchen,kitchen,entry,kitchen,entry,kitchen,kitchen,kitchen,entry,living,bathroom,entry,bedroom_2,kitchen,entry,kitchen,bedroom_2,kitchen,kitchen,kitchen,living,kitchen,kitchen,living,kitchen,kitchen,living,bedroom_1,entry,bedroom_1
15360,d10 Thu 16:00,living,kitchen,entry,kitchen,kitchen,kitchen,kitchen,kitchen,kitchen,kitchen,bedroom_1,kitchen,kitchen,entry,kitchen,entry,kitchen,kitchen,kitchen,entry,bedroom_1,bathroom,entry,bedroom_2,kitchen,entry,living,bedroom_2,kitchen,kitchen,kitchen,living,kitchen,kitchen,living,kitchen,kitchen,living,bedroom_1,entry,bedroom_1
15420,d10 Thu 17:00,living,bedroom_1,entry,kitchen,kitchen,kitchen,kitchen,kitchen,kitchen,kitchen,bedroom_1,kitchen,kitchen,entry,kitchen,entry,kitchen,kitchen,kitchen,entry,bedroom_1,bathroom,entry,bedroom_2,kitchen,entry,living,bedroom_2,kitchen,kitchen,kitchen,living,kitchen,kitchen,kitchen,kitchen,kitchen,living,bedroom_1,entry,bedroom_1
15480,d10 Thu 18:00,living,kitchen,entry,kitchen,kitchen,kitchen,kitchen,kitchen,kitchen,kitchen,bedroom_1,kitchen,kitchen,entry,kitchen,entry,kitchen,kitchen,kitchen,entry,bedroom_1,bathroom,entry,bedroom_2,kitchen,entry,living,bedroom_2,kitchen,kitchen,kitchen,living,kitchen,kitchen,kitchen,kitchen,kitchen,living,bedroom_1,entry,bedroom_1
15540,d10 Thu 19:00,kitchen,kitchen,entry,kitchen,kitchen,kitchen,kitchen,kitchen,kitchen,kitchen,bedroom_1,kitchen,kitchen,entry,kitchen,entry,kitchen,kitchen,kitchen,entry,bedroom_1,bathroom,entry,living,kitchen,kitchen,living,bedroom_2,kitchen,kitchen,kitchen,living,kitchen,kitchen,kitchen,living,kitchen,living,bedroom_1,entry,bedroom_1
15600,d10 Thu 20:00,kitchen,kitchen,entry,kitchen,kitchen,kitchen,kitchen,kitchen,kitchen,kitchen,bedroom_1,kitchen,kitchen,entry,kitchen,entry,kitchen,kitchen,kitchen,entry,bedroom_1,bathroom,entry,bedroom_2,kitchen,kitchen,living,bedroom_2,kitchen,kitchen,kitchen,living,kitchen,kitchen,kitchen,living,kitchen,living,bedroom_1,entry,bedroom_1
15660,d10 Thu 21:00,kitchen,kitchen,entry,kitchen,kitchen,kitchen,kitchen,kitchen,kitchen,kitchen,bedroom_1,kitchen,kitchen,entry,kitchen,entry,kitchen,kitchen,kitchen,entry,living,bathroom,entry,bedroom_2,kitchen,kitchen,living,bedroom_2,kitchen,kitchen,kitchen,living,kitchen,kitchen,kitchen,living,kitchen,living,bedroom_1,entry,bedroom_1
15720,d10 Thu 22:00,kitchen,kitchen,entry,kitchen,kitchen,kitchen,kitchen,kitchen,kitchen,kitchen,bedroom_1,kitchen,kitchen,entry,kitchen,entry,kitchen,kitchen,kitchen,entry,living,bathroom,entry,bedroom_2,kitchen,kitchen,living,bedroom_2,kitchen,kitchen,kitchen,living,kitchen,kitchen,kitchen,living,kitchen,living,bedroom_1,entry,bedroom_1
15780,d10 Thu 23:00,kitchen,kitchen,entry,kitchen,kitchen,kitchen,kitchen,kitchen,kitchen,kitchen,bedroom_1,kitchen,kitchen,entry,kitchen,entry,kitchen,kitchen,kitchen,entry,living,bathroom,entry,bedroom_2,kitchen,kitchen,living,bedroom_2,kitchen,kitchen,kitchen,living,kitchen,kitchen,kitchen,living,kitchen,living,bedroom_1,entry,bedroom_1
15840,d11 Fri 00:00,kitchen,kitchen,entry,kitchen,kitchen,kitchen,kitchen,kitchen,kitchen,kitchen,bedroom_1,kitchen,kitchen,entry,kitchen,entry,kitchen,kitchen,kitchen,entry,living,bathroom,entry,bedroom_2,kitchen,kitchen,living,bedroom_2,kitchen,kitchen,kitchen,living,kitchen,kitchen,kitchen,living,kitchen,living,bedroom_1,entry,bedroom_1
15900,d11 Fri 01:00,kitchen,kitchen,entry,kitchen,kitchen,kitchen,kitchen,kitchen,kitchen,kitchen,bedroom_1,kitchen,kitchen,entry,kitchen,entry,kitchen,kitchen,kitchen,entry,living,bathroom,entry,bedroom_2,kitchen,kitchen,living,bedroom_2,kitchen,kitchen,kitchen,living,kitchen,kitchen,kitchen,living,kitchen,living,bedroom_1,entry,bedroom_1
15960,d11 Fri 02:00,kitchen,kitchen,entry,kitchen,kitchen,kitchen,kitchen,kitchen,kitchen,kitchen,bedroom_1,kitchen,kitchen,entry,kitchen,entry,kitchen,kitchen,kitchen,entry,living,bathroom,entry,bedroom_2,kitchen,kitchen,living,bedroom_2,kitchen,kitchen,kitchen,living,kitchen,kitchen,kitchen,living,kitchen,living,bedroom_1,entry,bedroom_1
16020,d11 Fri 03:00,kitchen,kitchen,entry,kitchen,kitchen,kitchen,kitchen,kitchen,kitchen,kitchen,bedroom_1,kitchen,kitchen,entry,kitchen,entry,kitchen,kitchen,kitchen,entry,living,bathroom,entry,bedroom_2,kitchen,kitchen,living,bedroom_2,kitchen,kitchen,kitchen,living,kitchen,kitchen,kitchen,living,kitchen,living,bedroom_1,entry,bedroom_1
16080,d11 Fri 04:00,kitchen,kitchen,entry,kitchen,kitchen,kitchen,kitchen,kitchen,kitchen,kitchen,bedroom_1,kitchen,kitchen,entry,kitchen,entry,kitchen,kitchen,kitchen,entry,living,bathroom,entry,bedroom_2,kitchen,kitchen,living,bedroom_2,kitchen,kitchen,kitchen,living,kitchen,kitchen,kitchen,living,kitchen,living,bedroom_1,entry,bedroom_1
16140,d11 Fri 05:00,kitchen,kitchen,entry,kitchen,kitchen,kitchen,kitchen,kitchen,kitchen,kitchen,bedroom_1,kitchen,kitchen,entry,kitchen,entry,kitchen,kitchen,kitchen,entry,living,bathroom,entry,bedroom_2,kitchen,kitchen,living,bedroom_2,kitchen,kitchen,kitchen,living,kitchen,kitchen,kitchen,living,kitchen,living,bedroom_1,entry,bedroom_1
16200,d11 Fri 06:00,entry,entry,entry,kitchen,kitchen,kitchen,kitchen,kitchen,kitchen,kitchen,bedroom_1,kitchen,kitchen,entry,kitchen,entry,kitchen,kitchen,kitchen,entry,living,bathroom,bathroom,bedroom_2,kitchen,kitchen,living,bedroom_2,kitchen,kitchen,kitchen,kitchen,kitchen,kitchen,kitchen,living,kitchen,living,bedroom_1,entry,bedroom_1
16260,d11 Fri 07:00,entry,entry,entry,kitchen,kitchen,kitchen,kitchen,kitchen,kitchen,kitchen,bedroom_1,kitchen,kitchen,entry,kitchen,entry,kitchen,kitchen,kitchen,entry,living,bedroom_2,bedroom_2,bedroom_2,kitchen,kitchen,living,bedroom_2,kitchen,kitchen,kitchen,kitchen,kitchen,kitchen,kitchen,living,kitchen,living,bedroom_1,entry,bedroom_1
16320,d11 Fri 08:00,entry,bedroom_1,entry,kitchen,kitchen,kitchen,kitchen,kitchen,bedroom_1,bedroom_1,bedroom_1,kitchen,outside,outside,outside,outside,outside,outside,kitchen,outside,outside,kitchen,bathroom,bedroom_2,kitchen,kitchen,living,kitchen,kitchen,kitchen,kitchen,living,kitchen,kitchen,kitchen,living,kitchen,living,bedroom_1,entry,bedroom_1
16380,d11 Fri 09:00,entry,bedroom_1,entry,kitchen,kitchen,kitchen,kitchen,kitchen,bedroom_1,bedroom_1,bedroom_1,kitchen,outside,outside,outside,outside,outside,outside,kitchen,outside,outside,kitchen,bathroom,outside,outside,outside,living,kitchen,kitchen,kitchen,kitchen,living,kitchen,kitchen,kitchen,living,kitchen,living,bedroom_1,entry,bedroom_1
16440,d11 Fri 10:00,entry,bedroom_1,entry,kitchen,kitchen,kitchen,kitchen,kitchen,bedroom_1,bedroom_1,bedroom_1,kitchen,outside,outside,outside,outside,outside,outside,kitchen,outside,outside,kitchen,bathroom,outside,outside,outside,living,kitchen,kitchen,kitchen,kitchen,living,kitchen,kitchen,kitchen,living,kitchen,living,bedroom_1,entry,bedroom_1
16500,d11 Fri 11:00,entry,bedroom_1,entry,kitchen,bedroom_1,kitchen,kitchen,kitchen,bedroom_1,kitchen,bedroom_1,kitchen,outside,outside,outside,outside,outside,outside,kitchen,outside,outside,kitchen,bathroom,outside,outside,outside,living,kitchen,kitchen,kitchen,kitchen,living,kitchen,kitchen,kitchen,living,kitchen,living,bedroom_1,entry,bedroom_1
16560,d11 Fri 12:00,entry,bedroom_1,entry,kitchen,bedroom_1,kitchen,kitchen,kitchen,bedroom_1,kitchen,bedroom_1,kitchen,outside,outside,outside,outside,outside,outside,kitchen,outside,outside,kitchen,bathroom,outside,outside,outside,living,kitchen,kitchen,kitchen,kitchen,living,kitchen,kitchen,kitchen,living,kitchen,living,bedroom_1,entry,bedroom_1
16620,d11 Fri 13:00,entry,bedroom_1,bedroom_1,bedroom_1,bedroom_1,entry,kitchen,kitchen,bedroom_1,bedroom_1,bedroom_1,kitchen,kitchen,entry,entry,entry,kitchen,kitchen,kitchen,entry,living,kitchen,bathroom,outside,outside,outside,living,kitchen,kitchen,kitchen,kitchen,living,kitchen,kitchen,kitchen,entry,kitchen,living,bedroom_1,entry,bedroom_1
16680,d11 Fri 14:00,entry,bedroom_1,bedroom_1,bedroom_1,kitchen,entry,kitchen,kitchen,bedroom_1,kitchen,bedroom_1,kitchen,kitchen,entry,entry,entry,kitchen,kitchen,kitchen,entry,living,kitchen,bathroom,outside,outside,outside,living,kitchen,kitchen,kitchen,kitchen,living,kitchen,kitchen,kitchen,entry,kitchen,living,bedroom_1,entry,bedroom_1
16740,d11 Fri 15:00,entry,living,bedroom_1,bedroom_1,kitchen,entry,kitchen,kitchen,bedroom_1,kitchen,bedroom_1,kitchen,bathroom,entry,entry,entry,kitchen,kitchen,kitchen,entry,living,kitchen,bathroom,bedroom_2,living,entry,living,kitchen,kitchen,kitchen,kitchen,living,kitchen,kitchen,kitchen,kitchen,kitchen,living,bedroom_1,entry,bedroom_1
16800,d11 Fri 16:00,entry,living,bedroom_1,bedroom_1,kitchen,entry,kitchen,kitchen,bedroom_1,kitchen,bedroom_1,kitchen,bathroom,entry,entry,entry,kitchen,kitchen,kitchen,entry,living,kitchen,bathroom,bedroom_2,living,entry,bathroom,living,kitchen,kitchen,kitchen,kitchen,kitchen,kitchen,kitchen,living,kitchen,living,bedroom_1,entry,bedroom_1
16860,d11 Fri 17:00,entry,living,bedroom_1,bedroom_1,kitchen,entry,kitchen,kitchen,bedroom_1,kitchen,bedroom_1,kitchen,bathroom,entry,entry,entry,kitchen,kitchen,kitchen,entry,living,kitchen,bathroom,bedroom_2,living,entry,bathroom,living,kitchen,kitchen,kitchen,kitchen,kitchen,kitchen,kitchen,living,kitchen,living,bedroom_1,entry,bedroom_1
16920,d11 Fri 18:00,entry,kitchen,bedroom_1,bedroom_1,kitchen,entry,kitchen,kitchen,bedroom_1,kitchen,bedroom_1,kitchen,bathroom,entry,entry,entry,kitchen,kitchen,kitchen,entry,living,kitchen,bathroom,bedroom_2,living,entry,living,living,kitchen,kitchen,kitchen,living,kitchen,kitchen,kitchen,living,kitchen,living,bedroom_1,entry,bedroom_1
16980,d11 Fri 19:00,entry,living,bedroom_1,bedroom_1,kitchen,entry,kitchen,kitchen,bedroom_1,kitchen,bedroom_1,kitchen,bathroom,entry,entry,entry,kitchen,kitchen,kitchen,entry,living,kitchen,bathroom,bedroom_2,living,entry,living,living,kitchen,kitchen,kitchen,living,kitchen,kitchen,living,living,kitchen,living,bedroom_1,entry,bedroom_1
17040,d11 Fri 20:00,entry,bedroom_1,bedroom_1,bedroom_1,kitchen,entry,kitchen,kitchen,bedroom_1,kitchen,bedroom_1,kitchen,bathroom,entry,entry,entry,kitchen,kitchen,kitchen,entry,living,kitchen,bathroom,bedroom_2,living,entry,living,bedroom_1,kitchen,kitchen,kitchen,living,kitchen,kitchen,living,living,kitchen,living,bedroom_1,entry,bedroom_1
17100,d11 Fri 21:00,entry,bedroom_1,bedroom_1,bedroom_1,kitchen,entry,kitchen,kitchen,bedroom_1,kitchen,bedroom_1,kitchen,bathroom,entry,entry,entry,kitchen,kitchen,kitchen,entry,living,kitchen,bathroom,bedroom_2,living,entry,living,bedroom_2,kitchen,kitchen,kitchen,living,kitchen,kitchen,living,living,kitchen,living,bedroom_1,entry,bedroom_1
17160,d11 Fri 22:00,entry,bedroom_1,bedroom_1,bedroom_1,kitchen,entry,kitchen,kitchen,bedroom_1,kitchen,bedroom_1,kitchen,bathroom,entry,entry,entry,kitchen,kitchen,kitchen,entry,living,kitchen,bathroom,bedroom_2,living,entry,living,bedroom_2,kitchen,kitchen,kitchen,living,kitchen,kitchen,living,living,kitchen,living,bedroom_1,entry,bedroom_1
17220,d11 Fri 23:00,entry,bedroom_1,bedroom_1,bedroom_1,kitchen,entry,kitchen,kitchen,bedroom_1,kitchen,bedroom_1,kitchen,bathroom,entry,entry,entry,kitchen,kitchen,kitchen,entry,living,kitchen,bathroom,bedroom_2,living,entry,living,bedroom_2,kitchen,kitchen,kitchen,living,kitchen,kitchen,living,living,kitchen,living,bedroom_1,entry,bedroom_1
17280,d12 Sat 00:00,entry,bedroom_1,bedroom_1,bedroom_1,kitchen,entry,kitchen,kitchen,bedroom_1,kitchen,bedroom_1,kitchen,bathroom,entry,entry,entry,kitchen,kitchen,kitchen,entry,living,kitchen,bathroom,bedroom_2,living,entry,living,bedroom_2,kitchen,kitchen,kitchen,living,kitchen,kitchen,living,living,kitchen,living,bedroom_1,entry,bedroom_1
17340,d12 Sat 01:00,entry,bedroom_1,bedroom_1,bedroom_1,kitchen,entry,kitchen,kitchen,bedroom_1,kitchen,bedroom_1,kitchen,bathroom,entry,entry,entry,kitchen,kitchen,kitchen,entry,living,kitchen,bathroom,bedroom_2,living,entry,living,bedroom_2,kitchen,kitchen,kitchen,living,kitchen,kitchen,living,living,kitchen,living,bedroom_1,entry,bedroom_1
17400,d12 Sat 02:00,entry,bedroom_1,bedroom_1,bedroom_1,kitchen,entry,kitchen,kitchen,bedroom_1,kitchen,bedroom_1,kitchen,bathroom,entry,entry,entry,kitchen,kitchen,kitchen,entry,living,kitchen,bathroom,bedroom_2,living,entry,living,bedroom_2,kitchen,kitchen,kitchen,living,kitchen,kitchen,living,living,kitchen,living,bedroom_1,entry,bedroom_1
17460,d12 Sat 03:00,entry,bedroom_1,bedroom_1,bedroom_1,kitchen,entry,kitchen,kitchen,bedroom_1,kitchen,bedroom_1,kitchen,bathroom,entry,entry,entry,kitchen,kitchen,kitchen,entry,living,kitchen,bathroom,bedroom_2,living,entry,living,bedroom_2,kitchen,kitchen,kitchen,living,kitchen,kitchen,living,living,kitchen,living,bedroom_1,entry,bedroom_1
17520,d12 Sat 04:00,entry,bedroom_1,bedroom_1,bedroom_1,kitchen,entry,kitchen,kitchen,bedroom_1,kitchen,bedroom_1,kitchen,bathroom,entry,entry,entry,kitchen,kitchen,kitchen,entry,living,kitchen,bathroom,bedroom_2,living,entry,living,bedroom_2,kitchen,kitchen,kitchen,living,kitchen,kitchen,living,living,kitchen,living,bedroom_1,entry,bedroom_1
17580,d12 Sat 05:00,entry,bedroom_1,bedroom_1,bedroom_1,kitchen,entry,kitchen,kitchen,bedroom_1,kitchen,bedroom_1,kitchen,bathroom,entry,entry,entry,kitchen,kitchen,kitchen,entry,living,kitchen,bathroom,bedroom_2,living,entry,living,bedroom_2,kitchen,kitchen,kitchen,living,kitchen,kitchen,living,living,kitchen,living,bedroom_1,entry,bedroom_1
17640,d12 Sat 06:00,kitchen,bedroom_1,bedroom_1,bedroom_1,kitchen,entry,kitchen,kitchen,bedroom_1,kitchen,bedroom_1,kitchen,bathroom,entry,entry,entry,kitchen,kitchen,kitchen,entry,living,kitchen,bathroom,bedroom_2,living,entry,living,bedroom_2,kitchen,kitchen,kitchen,living,kitchen,kitchen,living,living,kitchen,living,bedroom_1,entry,bedroom_1
17700,d12 Sat 07:00,entry,bedroom_1,bedroom_1,bedroom_1,kitchen,entry,kitchen,kitchen,bedroom_1,kitchen,bedroom_1,kitchen,bathroom,kitchen,entry,entry,kitchen,kitchen,kitchen,entry,living,kitchen,bathroom,bedroom_2,living,entry,living,bedroom_2,bathroom,kitchen,kitchen,kitchen,kitchen,kitchen,living,living,kitchen,bedroom_1,bedroom_1,entry,bedroom_1
17760,d12 Sat 08:00,entry,bedroom_1,bedroom_1,bedroom_1,kitchen,entry,kitchen,kitchen,bedroom_1,kitchen,bedroom_1,kitchen,bathroom,kitchen,entry,entry,kitchen,kitchen,kitchen,entry,living,kitchen,bathroom,bedroom_2,kitchen,entry,living,bedroom_2,bathroom,kitchen,kitchen,kitchen,kitchen,kitchen,living,living,kitchen,bedroom_1,bedroom_1,entry,bedroom_1
17820,d12 Sat 09:00,entry,bedroom_1,bedroom_1,bedroom_1,kitchen,entry,kitchen,kitchen,bedroom_1,kitchen,bedroom_1,kitchen,bathroom,kitchen,entry,entry,kitchen,kitchen,kitchen,entry,living,kitchen,bathroom,living,kitchen,entry,bathroom,living,bathroom,kitchen,kitchen,kitchen,kitchen,kitchen,living,living,kitchen,bedroom_1,bedroom_1,entry,bedroom_1
17880,d12 Sat 10:00,entry,bedroom_1,bedroom_1,bedroom_1,kitchen,entry,kitchen,kitchen,bedroom_1,kitchen,bedroom_1,kitchen,bathroom,kitchen,entry,entry,kitchen,kitchen,kitchen,entry,living,kitchen,bathroom,living,kitchen,entry,bathroom,living,bathroom,kitchen,kitchen,kitchen,kitchen,kitchen,living,kitchen,kitchen,bedroom_1,bedroom_1,entry,bedroom_1
17940,d12 Sat 11:00,entry,kitchen,bedroom_1,bedroom_1,kitchen,entry,kitchen,kitchen,bedroom_1,kitchen,bedroom_1,kitchen,bathroom,kitchen,entry,entry,kitchen,kitchen,kitchen,entry,living,kitchen,bathroom,living,kitchen,entry,living,living,bathroom,kitchen,kitchen,kitchen,kitchen,kitchen,living,kitchen,kitchen,bedroom_1,bedroom_1,entry,bedroom_1
18000,d12 Sat 12:00,entry,living,bedroom_1,bedroom_1,kitchen,entry,kitchen,kitchen,bedroom_1,kitchen,bedroom_1,kitchen,bathroom,kitchen,entry,entry,kitchen,kitchen,kitchen,entry,bedroom_1,kitchen,bathroom,living,kitchen,entry,living,living,bathroom,kitchen,kitchen,kitchen,kitchen,kitchen,living,living,kitchen,bedroom_1,bedroom_1,entry,bedroom_1
18060,d12 Sat 13:00,entry,kitchen,bedroom_1,bedroom_1,kitchen,entry,kitchen,kitchen,bedroom_1,kitchen,bedroom_1,kitchen,bathroom,kitchen,entry,entry,kitchen,kitchen,kitchen,entry,bedroom_1,kitchen,bathroom,living,kitchen,entry,bathroom,living,bathroom,kitchen,kitchen,living,kitchen,kitchen,living,living,kitchen,living,bedroom_1,entry,bedroom_1
18120,d12 Sat 14:00,entry,kitchen,bedroom_1,bedroom_1,kitchen,entry,kitchen,kitchen,bedroom_1,kitchen,kitchen,kitchen,bathroom,kitchen,entry,entry,kitchen,kitchen,kitchen,entry,bedroom_1,kitchen,bathroom,living,kitchen,entry,bathroom,living,bathroom,kitchen,kitchen,living,kitchen,kitchen,living,living,kitchen,living,bedroom_1,entry,bedroom_1
18180,d12 Sat 15:00,entry,kitchen,bedroom_1,bedroom_1,kitchen,entry,kitchen,kitchen,bedroom_1,kitchen,kitchen,kitchen,bathroom,kitchen,entry,entry,kitchen,kitchen,kitchen,entry,living,kitchen,bathroom,living,kitchen,entry,living,living,bathroom,kitchen,kitchen,living,kitchen,kitchen,kitchen,living,kitchen,living,bedroom_1,entry,bedroom_1
18240,d12 Sat 16:00,entry,kitchen,bedroom_1,bedroom_1,kitchen,entry,kitchen,kitchen,bedroom_1,kitchen,kitchen,kitchen,bathroom,kitchen,entry,entry,kitchen,kitchen,kitchen,entry,living,kitchen,bathroom,living,living,entry,living,living,bathroom,kitchen,kitchen,living,kitchen,kitchen,kitchen,living,kitchen,living,bedroom_1,entry,bedroom_1
18300,d12 Sat 17:00,entry,kitchen,bedroom_1,bedroom_1,kitchen,entry,kitchen,kitchen,bedroom_1,kitchen,kitchen,kitchen,bathroom,kitchen,entry,entry,kitchen,kitchen,kitchen,entry,living,kitchen,bathroom,living,living,entry,living,living,bathroom,kitchen,kitchen,living,kitchen,kitchen,kitchen,living,kitchen,living,bedroom_1,entry,bedroom_1
18360,d12 Sat 18:00,entry,kitchen,bedroom_1,bedroom_1,kitchen,entry,kitchen,kitchen,bedroom_1,kitchen,kitchen,kitchen,bathroom,kitchen,entry,entry,kitchen,kitchen,kitchen,entry,living,kitchen,bathroom,living,living,entry,living,living,bathroom,kitchen,kitchen,living,kitchen,kitchen,kitchen,living,kitchen,living,bedroom_1,entry,bedroom_1
18420,d12 Sat 19:00,entry,kitchen,bedroom_1,bedroom_1,kitchen,entry,kitchen,kitchen,bedroom_1,kitchen,kitchen,kitchen,bathroom,kitchen,entry,entry,kitchen,kitchen,kitchen,entry,living,kitchen,bathroom,bedroom_2,living,entry,living,living,bathroom,kitchen,kitchen,living,kitchen,kitchen,kitchen,living,kitchen,living,bedroom_1,entry,bedroom_1
18480,d12 Sat 20:00,entry,kitchen,bedroom_1,bedroom_1,kitchen,entry,kitchen,kitchen,bedroom_1,kitchen,kitchen,kitchen,bathroom,kitchen,entry,entry,kitchen,kitchen,kitchen,entry,living,kitchen,bathroom,bedroom_2,living,entry,living,bedroom_2,bathroom,kitchen,kitchen,living,kitchen,kitchen,kitchen,living,kitchen,living,bedroom_1,entry,bedroom_1
18540,d12 Sat 21:00,entry,kitchen,bedroom_1,bedroom_1,kitchen,entry,kitchen,kitchen,bedroom_1,kitchen,kitchen,kitchen,bathroom,kitchen,entry,entry,kitchen,kitchen,kitchen,entry,living,kitchen,bathroom,living,living,entry,living,bedroom_2,bathroom,kitchen,kitchen,living,kitchen,kitchen,kitchen,kitchen,kitchen,living,bedroom_1,entry,bedroom_1
18600,d12 Sat 22:00,entry,kitchen,bedroom_1,bedroom_1,kitchen,entry,kitchen,kitchen,bedroom_1,kitchen,kitchen,kitchen,bathroom,kitchen,entry,entry,kitchen,kitchen,kitchen,entry,living,kitchen,bathroom,living,living,entry,living,bedroom_2,bathroom,kitchen,kitchen,living,kitchen,kitchen,kitchen,kitchen,kitchen,living,bedroom_1,entry,bedroom_1
18660,d12 Sat 23:00,entry,kitchen,bedroom_1,bedroom_1,kitchen,entry,kitchen,kitchen,bedroom_1,kitchen,kitchen,kitchen,bathroom,kitchen,entry,entry,kitchen,kitchen,kitchen,entry,living,kitchen,bathroom,living,living,entry,living,bedroom_2,bathroom,kitchen,kitchen,living,kitchen,kitchen,kitchen,kitchen,kitchen,living,bedroom_1,entry,bedroom_1
18720,d13 Sun 00:00,entry,kitchen,bedroom_1,bedroom_1,kitchen,entry,kitchen,kitchen,bedroom_1,kitchen,kitchen,kitchen,bathroom,kitchen,entry,entry,kitchen,kitchen,kitchen,entry,living,kitchen,bathroom,living,living,entry,living,bedroom_2,bathroom,kitchen,kitchen,living,kitchen,kitchen,kitchen,kitchen,kitchen,living,bedroom_1,entry,bedroom_1
18780,d13 Sun 01:00,entry,kitchen,bedroom_1,bedroom_1,kitchen,entry,kitchen,kitchen,bedroom_1,kitchen,kitchen,kitchen,bathroom,kitchen,entry,entry,kitchen,kitchen,kitchen,entry,living,kitchen,bathroom,living,living,entry,living,bedroom_2,bathroom,kitchen,kitchen,living,kitchen,kitchen,kitchen,kitchen,kitchen,living,bedroom_1,entry,bedroom_1
18840,d13 Sun 02:00,entry,kitchen,bedroom_1,bedroom_1,kitchen,entry,kitchen,kitchen,bedroom_1,kitchen,kitchen,kitchen,bathroom,kitchen,entry,entry,kitchen,kitchen,kitchen,entry,living,kitchen,bathroom,living,living,entry,living,bedroom_2,bathroom,kitchen,kitchen,living,kitchen,kitchen,kitchen,kitchen,kitchen,living,bedroom_1,entry,bedroom_1
18900,d13 Sun 03:00,entry,kitchen,bedroom_1,bedroom_1,kitchen,entry,kitchen,kitchen,bedroom_1,kitchen,kitchen,kitchen,bathroom,kitchen,entry,entry,kitchen,kitchen,kitchen,entry,living,kitchen,bathroom,living,living,entry,living,bedroom_2,bathroom,kitchen,kitchen,living,kitchen,kitchen,kitchen,kitchen,kitchen,living,bedroom_1,entry,bedroom_1
18960,d13 Sun 04:00,entry,kitchen,bedroom_1,bedroom_1,kitchen,entry,kitchen,kitchen,bedroom_1,kitchen,kitchen,kitchen,bathroom,kitchen,entry,entry,kitchen,kitchen,kitchen,entry,living,kitchen,bathroom,living,living,entry,living,bedroom_2,bathroom,kitchen,kitchen,living,kitchen,kitchen,kitchen,kitchen,kitchen,living,bedroom_1,entry,bedroom_1
19020,d13 Sun 05:00,entry,kitchen,bedroom_1,bedroom_1,kitchen,entry,kitchen,kitchen,bedroom_1,kitchen,kitchen,kitchen,bathroom,kitchen,entry,entry,kitchen,kitchen,kitchen,entry,living,kitchen,bathroom,living,living,entry,living,bedroom_2,bathroom,kitchen,kitchen,living,kitchen,kitchen,kitchen,kitchen,kitchen,living,bedroom_1,entry,bedroom_1
19080,d13 Sun 06:00,kitchen,kitchen,bedroom_1,bedroom_1,kitchen,entry,kitchen,kitchen,bedroom_1,kitchen,kitchen,kitchen,bathroom,kitchen,entry,entry,kitchen,kitchen,living,entry,living,kitchen,bathroom,living,living,entry,living,bedroom_2,bathroom,kitchen,kitchen,living,kitchen,kitchen,kitchen,kitchen,kitchen,living,bedroom_1,entry,bedroom_1
19140,d13 Sun 07:00,bedroom_1,kitchen,bedroom_1,bedroom_1,kitchen,entry,kitchen,kitchen,bedroom_1,kitchen,kitchen,kitchen,bathroom,kitchen,entry,entry,kitchen,kitchen,living,entry,living,kitchen,bathroom,living,kitchen,entry,living,living,bathroom,kitchen,kitchen,kitchen,kitchen,kitchen,kitchen,living,kitchen,living,bedroom_1,entry,bedroom_1
19200,d13 Sun 08:00,bedroom_1,kitchen,bedroom_1,bedroom_1,kitchen,entry,kitchen,kitchen,bedroom_1,kitchen,kitchen,kitchen,bathroom,kitchen,entry,entry,kitchen,kitchen,living,entry,living,kitchen,bathroom,living,kitchen,entry,living,living,bathroom,kitchen,kitchen,kitchen,kitchen,kitchen,kitchen,living,kitchen,living,bedroom_1,entry,bedroom_1
19260,d13 Sun 09:00,bedroom_1,kitchen,bedroom_1,bedroom_1,kitchen,entry,kitchen,kitchen,bedroom_1,kitchen,kitchen,kitchen,bathroom,kitchen,entry,entry,kitchen,kitchen,living,entry,living,kitchen,bathroom,living,kitchen,entry,living,living,bathroom,kitchen,kitchen,kitchen,kitchen,kitchen,kitchen,living,kitchen,living,bedroom_1,entry,bedroom_1
19320,d13 Sun 10:00,bedroom_1,kitchen,bedroom_1,bedroom_1,kitchen,entry,kitchen,kitchen,bedroom_1,kitchen,kitchen,kitchen,bathroom,kitchen,entry,entry,kitchen,kitchen,living,entry,bedroom_1,kitchen,bathroom,living,kitchen,entry,living,living,bathroom,kitchen,kitchen,kitchen,kitchen,kitchen,kitchen,kitchen,kitchen,living,bedroom_1,entry,bedroom_1
19380,d13 Sun 11:00,kitchen,kitchen,bedroom_1,bedroom_1,kitchen,entry,kitchen,kitchen,kitchen,kitchen,kitchen,kitchen,bathroom,kitchen,entry,kitchen,kitchen,kitchen,living,entry,bedroom_1,kitchen,bathroom,living,kitchen,entry,living,living,bedroom_1,kitchen,kitchen,kitchen,kitchen,kitchen,kitchen,kitchen,kitchen,bedroom_1,bedroom_1,entry,bedroom_1
19440,d13 Sun 12:00,outside,outside,outside,outside,outside,outside,kitchen,outside,kitchen,kitchen,outside,outside,outside,outside,outside,outside,outside,outside,living,outside,outside,kitchen,bathroom,outside,outside,outside,bathroom,living,bedroom_1,kitchen,kitchen,living,kitchen,kitchen,kitchen,kitchen,kitchen,bedroom_2,bedroom_1,entry,bedroom_1
19500,d13 Sun 13:00,entry,entry,entry,bedroom_1,bedroom_1,entry,kitchen,kitchen,kitchen,kitchen,bedroom_1,entry,outside,outside,outside,outside,outside,outside,living,outside,outside,kitchen,bathroom,bedroom_2,kitchen,bedroom_1,bathroom,living,bedroom_1,kitchen,kitchen,kitchen,kitchen,kitchen,kitchen,kitchen,kitchen,bedroom_2,bedroom_1,entry,bedroom_1
19560,d13 Sun 14:00,entry,entry,entry,bedroom_1,bedroom_1,entry,kitchen,kitchen,kitchen,kitchen,bedroom_1,entry,bathroom,entry,entry,entry,kitchen,kitchen,kitchen,entry,living,kitchen,bathroom,living,kitchen,bedroom_1,living,living,bedroom_1,kitchen,kitchen,living,kitchen,kitchen,kitchen,kitchen,bedroom_1,bedroom_2,bedroom_1,entry,bedroom_1
19620,d13 Sun 15:00,entry,entry,entry,bedroom_1,bedroom_1,entry,kitchen,kitchen,kitchen,kitchen,bedroom_1,entry,bathroom,entry,entry,entry,kitchen,kitchen,kitchen,entry,living,kitchen,bathroom,living,kitchen,bedroom_1,living,living,bedroom_1,kitchen,kitchen,living,kitchen,kitchen,kitchen,kitchen,bedroom_1,bedroom_2,bedroom_1,entry,bedroom_1
19680,d13 Sun 16:00,entry,entry,entry,bedroom_1,bedroom_1,entry,kitchen,kitchen,kitchen,kitchen,bedroom_1,entry,bathroom,entry,entry,entry,kitchen,kitchen,kitchen,entry,living,kitchen,bathroom,living,kitchen,bedroom_1,living,living,bedroom_1,kitchen,kitchen,living,kitchen,kitchen,kitchen,kitchen,bedroom_1,bedroom_2,bedroom_1,entry,bedroom_1
19740,d13 Sun 17:00,entry,entry,entry,bedroom_1,bedroom_1,entry,kitchen,kitchen,kitchen,kitchen,bedroom_1,entry,bathroom,entry,entry,entry,kitchen,kitchen,kitchen,entry,living,kitchen,bathroom,living,kitchen,bedroom_1,living,living,bedroom_1,kitchen,kitchen,living,kitchen,kitchen,kitchen,kitchen,bedroom_1,living,bedroom_1,entry,bedroom_1
19800,d13 Sun 18:00,entry,entry,entry,bedroom_1,bedroom_1,entry,kitchen,kitchen,kitchen,kitchen,bedroom_1,entry,bathroom,entry,entry,entry,kitchen,kitchen,kitchen,entry,living,kitchen,bathroom,living,kitchen,bedroom_1,living,bedroom_2,bedroom_1,kitchen,kitchen,living,kitchen,kitchen,kitchen,kitchen,bedroom_1,living,bedroom_1,entry,bedroom_1
19860,d13 Sun 19:00,entry,entry,entry,bedroom_1,bedroom_1,entry,kitchen,kitchen,kitchen,kitchen,bedroom_1,entry,bathroom,entry,entry,entry,kitchen,kitchen,kitchen,entry,living,kitchen,bathroom,bedroom_2,kitchen,bedroom_1,living,bedroom_2,bedroom_1,kitchen,kitchen,living,kitchen,kitchen,kitchen,kitchen,bedroom_1,living,bedroom_1,entry,bedroom_1
19920,d13 Sun 20:00,entry,entry,entry,bedroom_1,bedroom_1,entry,kitchen,kitchen,kitchen,kitchen,bedroom_1,entry,bathroom,entry,entry,entry,kitchen,kitchen,kitchen,entry,living,kitchen,bathroom,living,kitchen,bedroom_1,living,bedroom_2,bedroom_1,kitchen,kitchen,living,kitchen,kitchen,kitchen,kitchen,bedroom_1,living,bedroom_1,entry,bedroom_1
19980,d13 Sun 21:00,entry,bedroom_1,entry,bedroom_1,bedroom_1,entry,kitchen,kitchen,kitchen,kitchen,bedroom_1,entry,bathroom,entry,entry,entry,kitchen,kitchen,kitchen,entry,living,bathroom,bathroom,living,kitchen,bedroom_1,living,bedroom_2,bedroom_1,kitchen,kitchen,living,kitchen,kitchen,kitchen,kitchen,bedroom_1,living,bedroom_1,entry,bedroom_1
20040,d13 Sun 22:00,entry,bedroom_1,entry,bedroom_1,bedroom_1,entry,kitchen,kitchen,kitchen,kitchen,bedroom_1,entry,bathroom,entry,entry,entry,kitchen,kitchen,kitchen,entry,living,bathroom,bathroom,living,kitchen,bedroom_1,living,bedroom_2,bedroom_1,kitchen,kitchen,living,kitchen,kitchen,kitchen,kitchen,bedroom_1,living,bedroom_1,entry,bedroom_1
20100,d13 Sun 23:00,entry,bedroom_1,entry,bedroom_1,bedroom_1,entry,kitchen,kitchen,kitchen,kitchen,bedroom_1,entry,bathroom,entry,entry,entry,kitchen,kitchen,kitchen,entry,living,bathroom,bathroom,living,kitchen,bedroom_1,living,bedroom_2,bedroom_1,kitchen,kitchen,living,kitchen,kitchen,kitchen,kitchen,bedroom_1,living,bedroom_1,entry,bedroom_1
20160,d14 Mon 00:00,entry,bedroom_1,entry,bedroom_1,bedroom_1,entry,kitchen,kitchen,kitchen,kitchen,bedroom_1,entry,bathroom,entry,entry,entry,kitchen,kitchen,kitchen,entry,living,bathroom,bathroom,living,kitchen,bedroom_1,living,bedroom_2,bedroom_1,kitchen,kitchen,living,kitchen,kitchen,kitchen,kitchen,bedroom_1,living,bedroom_1,entry,bedroom_1
20220,d14 Mon 01:00,entry,bedroom_1,entry,bedroom_1,bedroom_1,entry,kitchen,kitchen,kitchen,kitchen,bedroom_1,entry,bathroom,entry,entry,entry,kitchen,kitchen,kitchen,entry,living,bathroom,bathroom,living,kitchen,bedroom_1,living,bedroom_2,bedroom_1,kitchen,kitchen,living,kitchen,kitchen,kitchen,kitchen,bedroom_1,living,bedroom_1,entry,bedroom_1
20280,d14 Mon 02:00,entry,bedroom_1,entry,bedroom_1,bedroom_1,entry,kitchen,kitchen,kitchen,kitchen,bedroom_1,entry,bathroom,entry,entry,entry,kitchen,kitchen,kitchen,entry,living,bathroom,bathroom,living,kitchen,bedroom_1,living,bedroom_2,bedroom_1,kitchen,kitchen,living,kitchen,kitchen,kitchen,kitchen,bedroom_1,living,bedroom_1,entry,bedroom_1
20340,d14 Mon 03:00,entry,bedroom_1,entry,bedroom_1,bedroom_1,entry,kitchen,kitchen,kitchen,kitchen,bedroom_1,entry,bathroom,entry,entry,entry,kitchen,kitchen,kitchen,entry,living,bathroom,bathroom,living,kitchen,bedroom_1,living,bedroom_2,bedroom_1,kitchen,kitchen,living,kitchen,kitchen,kitchen,kitchen,bedroom_1,living,bedroom_1,entry,bedroom_1
20400,d14 Mon 04:00,entry,bedroom_1,entry,bedroom_1,bedroom_1,entry,kitchen,kitchen,kitchen,kitchen,bedroom_1,entry,bathroom,entry,entry,entry,kitchen,kitchen,kitchen,entry,living,bathroom,bathroom,living,kitchen,bedroom_1,living,bedroom_2,bedroom_1,kitchen,kitchen,living,kitchen,kitchen,kitchen,kitchen,bedroom_1,living,bedroom_1,entry,bedroom_1
20460,d14 Mon 05:00,kitchen,bedroom_1,entry,bedroom_1,bedroom_1,entry,kitchen,kitchen,kitchen,kitchen,bedroom_1,entry,bathroom,entry,entry,entry,kitchen,kitchen,kitchen,entry,living,bathroom,bathroom,living,kitchen,bedroom_1,living,bedroom_2,bedroom_1,kitchen,kitchen,living,kitchen,kitchen,kitchen,kitchen,bedroom_1,living,bedroom_1,entry,bedroom_1
20520,d14 Mon 06:00,kitchen,bedroom_1,entry,bedroom_1,bedroom_1,entry,kitchen,kitchen,kitchen,kitchen,bedroom_1,entry,kitchen,entry,entry,entry,kitchen,kitchen,kitchen,entry,kitchen,bathroom,bathroom,living,kitchen,bedroom_1,living,bedroom_2,bedroom_1,kitchen,kitchen,kitchen,kitchen,kitchen,kitchen,kitchen,bedroom_1,living,bedroom_1,entry,bedroom_1
20580,d14 Mon 07:00,entry,kitchen,entry,bedroom_1,bedroom_1,entry,kitchen,kitchen,kitchen,kitchen,bedroom_1,entry,outside,outside,outside,outside,outside,outside,kitchen,outside,outside,bathroom,bathroom,living,kitchen,bedroom_1,kitchen,bedroom_2,bedroom_1,kitchen,kitchen,kitchen,kitchen,kitchen,kitchen,kitchen,bedroom_1,living,bedroom_1,entry,bedroom_1
20640,d14 Mon 08:00,outside,outside,outside,outside,outside,outside,kitchen,outside,kitchen,kitchen,outside,outside,outside,outside,outside,outside,outside,outside,kitchen,outside,outside,kitchen,bathroom,outside,outside,outside,living,bedroom_2,bedroom_1,kitchen,kitchen,kitchen,kitchen,kitchen,kitchen,kitchen,bedroom_1,living,bedroom_1,entry,bedroom_1
20700,d14 Mon 09:00,outside,outside,outside,outside,outside,outside,kitchen,outside,kitchen,kitchen,outside,outside,outside,outside,outside,outside,outside,outside,kitchen,outside,outside,kitchen,bathroom,outside,outside,outside,living,bedroom_2,bedroom_1,kitchen,kitchen,kitchen,kitchen,kitchen,kitchen,kitchen,bedroom_1,living,bedroom_1,entry,bedroom_1
20760,d14 Mon 10:00,outside,outside,outside,outside,outside,outside,kitchen,outside,kitchen,kitchen,outside,outside,outside,outside,outside,outside,outside,outside,kitchen,outside,outside,kitchen,bathroom,outside,outside,outside,living,bedroom_2,bedroom_1,kitchen,kitchen,kitchen,kitchen,kitchen,kitchen,kitchen,bedroom_1,living,bedroom_1,entry,bedroom_1
20820,d14 Mon 11:00,outside,outside,outside,outside,outside,outside,kitchen,outside,kitchen,kitchen,outside,outside,outside,outside,outside,outside,outside,outside,kitchen,outside,outside,kitchen,bathroom,outside,outside,outside,living,bedroom_2,bedroom_1,kitchen,kitchen,kitchen,kitchen,kitchen,kitchen,kitchen,bedroom_1,living,bedroom_1,entry,bedroom_1
20880,d14 Mon 12:00,outside,outside,outside,outside,outside,outside,kitchen,outside,kitchen,kitchen,outside,outside,outside,outside,outside,outside,outside,outside,kitchen,outside,outside,kitchen,bathroom,outside,outside,outside,living,bedroom_2,bedroom_1,kitchen,kitchen,kitchen,kitchen,kitchen,kitchen,kitchen,bedroom_1,living,bedroom_1,entry,bedroom_1
20940,d14 Mon 13:00,outside,outside,outside,outside,outside,outside,kitchen,outside,kitchen,kitchen,outside,outside,kitchen,kitchen,entry,entry,kitchen,kitchen,kitchen,entry,living,kitchen,bathroom,outside,outside,outside,living,bedroom_2,bedroom_1,kitchen,kitchen,kitchen,kitchen,kitchen,kitchen,entry,bedroom_1,living,bedroom_1,entry,bedroom_1
21000,d14 Mon 14:00,outside,outside,outside,outside,outside,outside,kitchen,outside,kitchen,kitchen,outside,outside,kitchen,kitchen,entry,entry,kitchen,kitchen,kitchen,entry,living,kitchen,bathroom,outside,outside,outside,living,bedroom_2,bedroom_1,kitchen,kitchen,living,kitchen,kitchen,kitchen,entry,bedroom_1,living,bedroom_1,entry,bedroom_1
21060,d14 Mon 15:00,outside,outside,outside,outside,outside,outside,kitchen,outside,kitchen,kitchen,outside,outside,bathroom,kitchen,entry,entry,kitchen,kitchen,kitchen,entry,living,kitchen,bathroom,bedroom_2,kitchen,entry,living,bedroom_2,bedroom_1,kitchen,kitchen,living,kitchen,kitchen,kitchen,kitchen,kitchen,living,bedroom_1,entry,bedroom_1
21120,d14 Mon 16:00,entry,entry,bedroom_1,bedroom_1,kitchen,entry,kitchen,kitchen,kitchen,kitchen,entry,entry,kitchen,entry,entry,kitchen,kitchen,kitchen,kitchen,entry,living,kitchen,bathroom,bedroom_2,kitchen,bedroom_1,living,bedroom_2,bedroom_1,kitchen,kitchen,living,kitchen,kitchen,kitchen,kitchen,kitchen,living,bedroom_1,entry,bedroom_1
21180,d14 Mon 17:00,entry,entry,bedroom_1,bedroom_1,kitchen,entry,kitchen,kitchen,kitchen,kitchen,entry,entry,kitchen,entry,entry,kitchen,kitchen,kitchen,kitchen,entry,living,kitchen,bathroom,bedroom_2,living,bedroom_1,living,bedroom_2,bedroom_1,kitchen,kitchen,living,kitchen,kitchen,kitchen,kitchen,kitchen,living,bedroom_1,entry,bedroom_1
21240,d14 Mon 18:00,entry,entry,bedroom_1,bedroom_1,kitchen,entry,kitchen,kitchen,kitchen,kitchen,entry,entry,kitchen,entry,entry,kitchen,kitchen,kitchen,kitchen,entry,living,kitchen,bathroom,bedroom_2,living,bedroom_1,living,bedroom_2,bedroom_1,kitchen,kitchen,kitchen,kitchen,kitchen,kitchen,kitchen,kitchen,living,bedroom_1,entry,bedroom_1
21300,d14 Mon 19:00,entry,entry,bedroom_1,bedroom_1,kitchen,entry,kitchen,kitchen,kitchen,kitchen,entry,entry,kitchen,entry,entry,kitchen,kitchen,kitchen,kitchen,entry,living,kitchen,bathroom,bedroom_2,living,bedroom_1,living,bedroom_2,bedroom_1,kitchen,kitchen,kitchen,kitchen,kitchen,kitchen,kitchen,kitchen,living,bedroom_1,entry,bedroom_1
21360,d14 Mon 20:00,entry,entry,bedroom_1,bedroom_1,kitchen,entry,kitchen,kitchen,kitchen,kitchen,entry,entry,kitchen,entry,entry,kitchen,kitchen,kitchen,kitchen,entry,living,kitchen,bathroom,bedroom_2,living,bedroom_1,living,bedroom_2,bedroom_1,kitchen,kitchen,kitchen,kitchen,kitchen,kitchen,living,kitchen,living,bedroom_1,entry,bedroom_1
21420,d14 Mon 21:00,entry,entry,bedroom_1,bedroom_1,kitchen,entry,kitchen,kitchen,kitchen,kitchen,entry,entry,kitchen,entry,entry,kitchen,kitchen,kitchen,kitchen,entry,living,kitchen,bathroom,bedroom_2,living,bedroom_1,living,bedroom_2,bedroom_1,kitchen,kitchen,kitchen,kitchen,kitchen,kitchen,living,kitchen,living,bedroom_1,entry,bedroom_1
21480,d14 Mon 22:00,entry,entry,bedroom_1,bedroom_1,kitchen,entry,kitchen,kitchen,kitchen,kitchen,entry,entry,kitchen,entry,entry,kitchen,kitchen,kitchen,kitchen,entry,living,kitchen,bathroom,bedroom_2,living,bedroom_1,living,bedroom_2,bedroom_1,kitchen,kitchen,kitchen,kitchen,kitchen,kitchen,living,kitchen,living,bedroom_1,entry,bedroom_1
21540,d14 Mon 23:00,entry,entry,bedroom_1,bedroom_1,kitchen,entry,kitchen,kitchen,kitchen,kitchen,entry,entry,kitchen,entry,entry,kitchen,kitchen,kitchen,kitchen,entry,living,kitchen,bathroom,bedroom_2,living,bedroom_1,living,bedroom_2,bedroom_1,kitchen,kitchen,kitchen,kitchen,kitchen,kitchen,living,kitchen,living,bedroom_1,entry,bedroom_1
21600,d15 Tue 00:00,entry,entry,bedroom_1,bedroom_1,kitchen,entry,kitchen,kitchen,kitchen,kitchen,entry,entry,kitchen,entry,entry,kitchen,kitchen,kitchen,kitchen,entry,living,kitchen,bathroom,bedroom_2,living,bedroom_1,living,bedroom_2,bedroom_1,kitchen,kitchen,kitchen,kitchen,kitchen,kitchen,living,kitchen,living,bedroom_1,entry,bedroom_1
21660,d15 Tue 01:00,entry,entry,bedroom_1,bedroom_1,kitchen,entry,kitchen,kitchen,kitchen,kitchen,entry,entry,kitchen,entry,entry,kitchen,kitchen,kitchen,kitchen,entry,living,kitchen,bathroom,bedroom_2,living,bedroom_1,living,bedroom_2,bedroom_1,kitchen,kitchen,kitchen,kitchen,kitchen,kitchen,living,kitchen,living,bedroom_1,entry,bedroom_1
21720,d15 Tue 02:00,entry,entry,bedroom_1,bedroom_1,kitchen,entry,kitchen,kitchen,kitchen,kitchen,entry,entry,kitchen,entry,entry,kitchen,kitchen,kitchen,kitchen,entry,living,kitchen,bathroom,bedroom_2,living,bedroom_1,living,bedroom_2,bedroom_1,kitchen,kitchen,kitchen,kitchen,kitchen,kitchen,living,kitchen,living,bedroom_1,entry,bedroom_1
21780,d15 Tue 03:00,entry,entry,bedroom_1,bedroom_1,kitchen,entry,kitchen,kitchen,kitchen,kitchen,entry,entry,kitchen,entry,entry,kitchen,kitchen,kitchen,kitchen,entry,living,kitchen,bathroom,bedroom_2,living,bedroom_1,living,bedroom_2,bedroom_1,kitchen,kitchen,kitchen,kitchen,kitchen,kitchen,living,kitchen,living,bedroom_1,entry,bedroom_1
21840,d15 Tue 04:00,entry,entry,bedroom_1,bedroom_1,kitchen,entry,kitchen,kitchen,kitchen,kitchen,entry,entry,kitchen,entry,entry,kitchen,kitchen,kitchen,kitchen,entry,living,kitchen,bathroom,bedroom_2,living,bedroom_1,living,bedroom_2,bedroom_1,kitchen,kitchen,kitchen,kitchen,kitchen,kitchen,living,kitchen,living,bedroom_1,entry,bedroom_1
21900,d15 Tue 05:00,entry,entry,bedroom_1,bedroom_1,kitchen,entry,kitchen,kitchen,kitchen,kitchen,entry,entry,kitchen,entry,entry,kitchen,kitchen,kitchen,kitchen,entry,living,kitchen,bathroom,bedroom_2,living,bedroom_1,living,bedroom_2,bedroom_1,kitchen,kitchen,kitchen,kitchen,kitchen,kitchen,living,kitchen,living,bedroom_1,entry,bedroom_1
21960,d15 Tue 06:00,entry,entry,bedroom_1,bedroom_1,kitchen,entry,kitchen,kitchen,kitchen,kitchen,entry,entry,bathroom,entry,entry,kitchen,kitchen,kitchen,kitchen,entry,living,kitchen,bathroom,bedroom_2,living,bedroom_1,living,bedroom_2,bedroom_1,kitchen,kitchen,kitchen,kitchen,kitchen,kitchen,living,kitchen,living,bedroom_1,entry,bedroom_1
22020,d15 Tue 07:00,entry,entry,bedroom_1,bedroom_1,kitchen,entry,kitchen,kitchen,kitchen,kitchen,entry,kitchen,outside,outside,outside,outside,outside,outside,kitchen,outside,outside,entry,entry,bedroom_2,kitchen,bedroom_1,living,bedroom_2,bedroom_1,kitchen,kitchen,kitchen,kitchen,kitchen,kitchen,living,kitchen,living,bedroom_1,entry,bedroom_1
22080,d15 Tue 08:00,outside,outside,outside,outside,outside,outside,kitchen,outside,kitchen,kitchen,outside,outside,outside,outside,outside,outside,outside,outside,kitchen,outside,outside,bathroom,entry,outside,outside,outside,living,bedroom_2,bedroom_1,kitchen,kitchen,living,kitchen,kitchen,kitchen,living,kitchen,living,bedroom_1,entry,bedroom_1
22140,d15 Tue 09:00,outside,outside,outside,outside,outside,outside,kitchen,outside,kitchen,kitchen,outside,outside,outside,outside,outside,outside,outside,outside,kitchen,outside,outside,bathroom,entry,outside,outside,outside,living,bedroom_2,bedroom_1,kitchen,kitchen,living,kitchen,kitchen,kitchen,living,kitchen,living,bedroom_1,entry,bedroom_1
22200,d15 Tue 10:00,outside,outside,outside,outside,outside,outside,kitchen,outside,kitchen,kitchen,outside,outside,outside,outside,outside,outside,outside,outside,kitchen,outside,outside,bathroom,entry,outside,outside,outside,living,bedroom_2,bedroom_1,kitchen,kitchen,living,kitchen,kitchen,kitchen,living,kitchen,living,bedroom_1,entry,bedroom_1
22260,d15 Tue 11:00,outside,outside,outside,outside,outside,outside,kitchen,outside,kitchen,kitchen,outside,outside,outside,outside,outside,outside,outside,outside,kitchen,outside,outside,bathroom,entry,outside,outside,outside,living,bedroom_2,bedroom_1,kitchen,kitchen,living,kitchen,kitchen,kitchen,living,kitchen,living,bedroom_1,entry,bedroom_1
22320,d15 Tue 12:00,outside,outside,outside,outside,outside,outside,kitchen,outside,kitchen,kitchen,outside,outside,outside,outside,outside,outside,outside,outside,kitchen,outside,outside,bathroom,entry,outside,outside,outside,living,bedroom_2,bedroom_1,kitchen,kitchen,living,kitchen,kitchen,kitchen,living,kitchen,living,bedroom_1,entry,bedroom_1
22380,d15 Tue 13:00,outside,outside,outside,outside,outside,outside,kitchen,outside,kitchen,kitchen,outside,outside,outside,outside,outside,outside,outside,outside,kitchen,outside,outside,bathroom,entry,outside,outside,outside,living,bedroom_2,bedroom_1,kitchen,kitchen,living,kitchen,kitchen,kitchen,living,kitchen,living,bedroom_1,entry,bedroom_1
22440,d15 Tue 14:00,outside,outside,outside,outside,outside,outside,kitchen,outside,kitchen,kitchen,outside,outside,bathroom,entry,entry,entry,kitchen,kitchen,kitchen,entry,living,bathroom,entry,living,kitchen,entry,living,bedroom_2,bedroom_1,kitchen,kitchen,living,kitchen,kitchen,kitchen,kitchen,kitchen,living,bedroom_1,entry,bedroom_1
22500,d15 Tue 15:00,outside,outside,outside,outside,outside,outside,kitchen,outside,kitchen,kitchen,outside,outside,bathroom,entry,entry,entry,kitchen,kitchen,kitchen,entry,living,bathroom,entry,living,kitchen,entry,living,bedroom_2,bedroom_1,kitchen,kitchen,living,kitchen,kitchen,kitchen,kitchen,kitchen,living,bedroom_1,entry,bedroom_1
22560,d15 Tue 16:00,outside,outside,outside,outside,outside,outside,kitchen,outside,kitchen,kitchen,outside,outside,bathroom,entry,entry,entry,kitchen,kitchen,kitchen,entry,living,bathroom,entry,living,kitchen,entry,living,bedroom_2,bedroom_1,kitchen,kitchen,living,kitchen,kitchen,kitchen,kitchen,kitchen,living,bedroom_1,entry,bedroom_1
22620,d15 Tue 17:00,entry,entry,entry,bedroom_1,kitchen,kitchen,kitchen,kitchen,kitchen,kitchen,bedroom_1,entry,kitchen,kitchen,kitchen,entry,kitchen,kitchen,kitchen,entry,living,bathroom,entry,living,kitchen,bedroom_1,living,bedroom_2,bedroom_1,kitchen,kitchen,living,kitchen,kitchen,kitchen,entry,bedroom_1,living,bedroom_1,entry,bedroom_1
22680,d15 Tue 18:00,entry,entry,entry,bedroom_1,kitchen,kitchen,kitchen,kitchen,kitchen,kitchen,bedroom_1,entry,kitchen,kitchen,kitchen,entry,kitchen,kitchen,kitchen,entry,living,bathroom,entry,living,kitchen,bedroom_1,living,bedroom_2,bedroom_1,kitchen,kitchen,living,kitchen,kitchen,kitchen,entry,bedroom_1,living,bedroom_1,entry,bedroom_1
22740,d15 Tue 19:00,entry,entry,entry,bedroom_1,kitchen,kitchen,kitchen,kitchen,kitchen,kitchen,bedroom_1,entry,kitchen,kitchen,kitchen,entry,kitchen,kitchen,kitchen,entry,living,bathroom,entry,bedroom_2,kitchen,bedroom_1,living,bedroom_2,bedroom_1,kitchen,kitchen,living,kitchen,kitchen,kitchen,entry,bedroom_1,living,bedroom_1,entry,bedroom_1
22800,d15 Tue 20:00,entry,entry,entry,bedroom_1,kitchen,kitchen,kitchen,kitchen,kitchen,kitchen,bedroom_1,entry,kitchen,kitchen,kitchen,entry,kitchen,kitchen,kitchen,entry,living,bathroom,entry,bedroom_2,kitchen,bedroom_1,living,living,bedroom_1,kitchen,kitchen,living,kitchen,kitchen,kitchen,entry,bedroom_1,living,bedroom_1,entry,bedroom_1
22860,d15 Tue 21:00,entry,entry,entry,bedroom_1,kitchen,kitchen,kitchen,kitchen,kitchen,kitchen,bedroom_1,entry,kitchen,kitchen,kitchen,entry,kitchen,kitchen,kitchen,entry,living,bathroom,entry,living,kitchen,bedroom_1,living,living,bedroom_1,kitchen,kitchen,living,kitchen,kitchen,kitchen,entry,bedroom_1,living,bedroom_1,entry,bedroom_1
22920,d15 Tue 22:00,entry,entry,entry,bedroom_1,kitchen,kitchen,kitchen,kitchen,kitchen,kitchen,bedroom_1,entry,kitchen,kitchen,kitchen,entry,kitchen,kitchen,kitchen,entry,living,bathroom,entry,living,kitchen,bedroom_1,living,living,bedroom_1,kitchen,kitchen,living,kitchen,kitchen,kitchen,entry,bedroom_1,living,bedroom_1,entry,bedroom_1
22980,d15 Tue 23:00,entry,entry,entry,bedroom_1,kitchen,kitchen,kitchen,kitchen,kitchen,kitchen,bedroom_1,entry,kitchen,kitchen,kitchen,entry,kitchen,kitchen,kitchen,entry,living,bathroom,entry,living,kitchen,bedroom_1,living,living,bedroom_1,kitchen,kitchen,living,kitchen,kitchen,kitchen,entry,bedroom_1,living,bedroom_1,entry,bedroom_1
23040,d16 Wed 00:00,entry,entry,entry,bedroom_1,kitchen,kitchen,kitchen,kitchen,kitchen,kitchen,bedroom_1,entry,kitchen,kitchen,kitchen,entry,kitchen,kitchen,kitchen,entry,living,bathroom,entry,living,kitchen,bedroom_1,living,living,bedroom_1,kitchen,kitchen,living,kitchen,kitchen,kitchen,entry,bedroom_1,living,bedroom_1,entry,bedroom_1
23100,d16 Wed 01:00,entry,entry,entry,bedroom_1,kitchen,kitchen,kitchen,kitchen,kitchen,kitchen,bedroom_1,entry,kitchen,kitchen,kitchen,entry,kitchen,kitchen,kitchen,entry,living,bathroom,entry,living,kitchen,bedroom_1,living,living,bedroom_1,kitchen,kitchen,living,kitchen,kitchen,kitchen,entry,bedroom_1,living,bedroom_1,entry,bedroom_1
23160,d16 Wed 02:00,entry,entry,entry,bedroom_1,kitchen,kitchen,kitchen,kitchen,kitchen,kitchen,bedroom_1,entry,kitchen,kitchen,kitchen,entry,kitchen,kitchen,kitchen,entry,living,bathroom,entry,living,kitchen,bedroom_1,living,living,bedroom_1,kitchen,kitchen,living,kitchen,kitchen,kitchen,entry,bedroom_1,living,bedroom_1,entry,bedroom_1
23220,d16 Wed 03:00,entry,entry,entry,bedroom_1,kitchen,kitchen,kitchen,kitchen,kitchen,kitchen,bedroom_1,entry,kitchen,kitchen,kitchen,entry,kitchen,kitchen,kitchen,entry,living,bathroom,entry,living,kitchen,bedroom_1,living,living,bedroom_1,kitchen,kitchen,living,kitchen,kitchen,kitchen,entry,bedroom_1,living,bedroom_1,entry,bedroom_1
23280,d16 Wed 04:00,entry,entry,entry,bedroom_1,kitchen,kitchen,kitchen,kitchen,kitchen,kitchen,bedroom_1,entry,kitchen,kitchen,kitchen,entry,kitchen,kitchen,kitchen,entry,living,bathroom,entry,living,kitchen,bedroom_1,living,living,bedroom_1,kitchen,kitchen,living,kitchen,kitchen,kitchen,entry,bedroom_1,living,bedroom_1,entry,bedroom_1
23340,d16 Wed 05:00,entry,entry,entry,bedroom_1,kitchen,kitchen,kitchen,kitchen,kitchen,kitchen,bedroom_1,entry,kitchen,kitchen,kitchen,entry,kitchen,kitchen,kitchen,entry,living,bathroom,entry,living,kitchen,bedroom_1,living,living,bedroom_1,kitchen,kitchen,living,kitchen,kitchen,kitchen,entry,bedroom_1,living,bedroom_1,entry,bedroom_1
23400,d16 Wed 06:00,kitchen,entry,entry,bedroom_1,kitchen,kitchen,kitchen,kitchen,kitchen,kitchen,bedroom_1,entry,kitchen,kitchen,kitchen,entry,kitchen,kitchen,kitchen,entry,living,kitchen,bathroom,living,kitchen,bedroom_1,living,living,bedroom_1,kitchen,kitchen,living,kitchen,kitchen,kitchen,entry,bedroom_1,living,bedroom_1,entry,bedroom_1
23460,d16 Wed 07:00,kitchen,entry,entry,bedroom_1,kitchen,kitchen,kitchen,kitchen,kitchen,kitchen,bedroom_1,entry,outside,kitchen,outside,outside,outside,outside,kitchen,outside,outside,bathroom,bathroom,kitchen,kitchen,bedroom_1,kitchen,living,kitchen,kitchen,kitchen,kitchen,kitchen,kitchen,kitchen,entry,bedroom_1,living,bedroom_1,entry,bedroom_1
23520,d16 Wed 08:00,kitchen,entry,entry,bedroom_1,kitchen,kitchen,kitchen,kitchen,kitchen,kitchen,bedroom_1,entry,outside,kitchen,outside,outside,outside,outside,kitchen,outside,outside,entry,entry,outside,outside,outside,living,living,kitchen,kitchen,kitchen,living,kitchen,kitchen,kitchen,entry,bedroom_1,living,bedroom_1,entry,bedroom_1
23580,d16 Wed 09:00,outside,outside,outside,outside,outside,outside,kitchen,outside,kitchen,kitchen,outside,outside,outside,kitchen,outside,outside,outside,outside,kitchen,outside,outside,bathroom,bathroom,outside,outside,outside,living,living,kitchen,kitchen,kitchen,living,kitchen,kitchen,kitchen,entry,bedroom_1,living,bedroom_1,entry,bedroom_1
23640,d16 Wed 10:00,outside,outside,outside,outside,outside,outside,kitchen,outside,kitchen,kitchen,outside,outside,outside,kitchen,outside,outside,outside,outside,kitchen,outside,outside,bathroom,bathroom,outside,outside,outside,living,living,kitchen,kitchen,kitchen,living,kitchen,kitchen,kitchen,entry,bedroom_1,living,bedroom_1,entry,bedroom_1
23700,d16 Wed 11:00,outside,outside,outside,outside,outside,outside,kitchen,outside,kitchen,kitchen,outside,outside,outside,kitchen,outside,outside,outside,outside,kitchen,outside,outside,bathroom,bathroom,outside,outside,outside,living,living,kitchen,kitchen,kitchen,living,kitchen,kitchen,kitchen,entry,bedroom_1,living,bedroom_1,entry,bedroom_1
23760,d16 Wed 12:00,outside,outside,outside,outside,outside,outside,kitchen,outside,kitchen,kitchen,outside,outside,outside,kitchen,outside,outside,outside,outside,kitchen,outside,outside,bathroom,bathroom,outside,outside,outside,living,living,kitchen,kitchen,kitchen,living,kitchen,kitchen,kitchen,entry,bedroom_1,living,bedroom_1,kitchen,bedroom_1
23820,d16 Wed 13:00,kitchen,outside,outside,outside,outside,outside,kitchen,outside,kitchen,kitchen,outside,outside,kitchen,entry,entry,kitchen,kitchen,kitchen,kitchen,entry,living,bathroom,bathroom,outside,outside,outside,living,living,kitchen,kitchen,kitchen,living,kitchen,kitchen,kitchen,entry,kitchen,living,bedroom_1,entry,bedroom_1
23880,d16 Wed 14:00,kitchen,outside,outside,outside,outside,outside,kitchen,outside,kitchen,kitchen,outside,outside,kitchen,entry,entry,kitchen,kitchen,kitchen,kitchen,entry,living,bathroom,bathroom,outside,outside,outside,living,living,kitchen,kitchen,kitchen,living,kitchen,kitchen,kitchen,entry,kitchen,living,bedroom_1,entry,bedroom_1
23940,d16 Wed 15:00,kitchen,outside,outside,outside,outside,outside,kitchen,outside,kitchen,kitchen,outside,outside,kitchen,entry,entry,entry,kitchen,kitchen,kitchen,entry,living,bathroom,bathroom,bedroom_2,living,entry,living,living,kitchen,kitchen,kitchen,living,kitchen,kitchen,kitchen,kitchen,kitchen,living,bedroom_1,entry,bedroom_1
24000,d16 Wed 16:00,kitchen,outside,outside,outside,outside,outside,kitchen,outside,kitchen,kitchen,outside,outside,kitchen,entry,entry,entry,kitchen,kitchen,kitchen,entry,living,bathroom,bathroom,bedroom_2,living,entry,living,living,kitchen,kitchen,kitchen,living,kitchen,kitchen,kitchen,kitchen,kitchen,living,bedroom_1,entry,bedroom_1
24060,d16 Wed 17:00,entry,living,living,living,living,living,kitchen,living,kitchen,kitchen,living,living,entry,entry,entry,kitchen,kitchen,kitchen,kitchen,entry,living,bathroom,bathroom,living,living,bedroom_1,living,living,kitchen,kitchen,kitchen,living,kitchen,kitchen,kitchen,entry,kitchen,living,bedroom_1,entry,bedroom_1
24120,d16 Wed 18:00,entry,outside,outside,outside,outside,outside,kitchen,outside,kitchen,kitchen,outside,outside,entry,entry,entry,kitchen,kitchen,kitchen,kitchen,entry,kitchen,bathroom,bathroom,living,living,bedroom_1,living,bedroom_2,kitchen,kitchen,kitchen,living,kitchen,kitchen,kitchen,entry,kitchen,living,bedroom_1,entry,bedroom_1
24180,d16 Wed 19:00,outside,outside,outside,outside,outside,outside,kitchen,outside,kitchen,kitchen,outside,outside,entry,entry,entry,kitchen,kitchen,kitchen,kitchen,entry,kitchen,bathroom,bathroom,bedroom_2,living,bedroom_1,living,living,kitchen,kitchen,kitchen,living,kitchen,kitchen,kitchen,entry,kitchen,living,bedroom_1,entry,bedroom_1
24240,d16 Wed 20:00,outside,outside,outside,outside,outside,outside,kitchen,outside,kitchen,kitchen,outside,outside,entry,entry,entry,kitchen,kitchen,kitchen,kitchen,entry,kitchen,bathroom,bathroom,bedroom_2,living,bedroom_1,living,living,kitchen,kitchen,kitchen,living,kitchen,kitchen,kitchen,living,kitchen,living,bedroom_1,entry,bedroom_1
24300,d16 Wed 21:00,entry,entry,bedroom_1,bedroom_1,bedroom_1,bedroom_1,kitchen,kitchen,kitchen,kitchen,kitchen,entry,entry,entry,entry,entry,kitchen,kitchen,kitchen,entry,living,bathroom,bathroom,bedroom_2,living,entry,living,living,kitchen,kitchen,kitchen,living,kitchen,kitchen,kitchen,kitchen,kitchen,living,bedroom_1,entry,bedroom_1
24360,d16 Wed 22:00,entry,entry,bedroom_1,bedroom_1,bedroom_1,bedroom_1,kitchen,kitchen,kitchen,kitchen,kitchen,entry,entry,entry,entry,entry,kitchen,kitchen,kitchen,entry,living,bathroom,bathroom,bedroom_2,living,entry,living,living,kitchen,kitchen,kitchen,living,kitchen,kitchen,kitchen,kitchen,kitchen,living,bedroom_1,entry,bedroom_1
24420,d16 Wed 23:00,entry,entry,bedroom_1,bedroom_1,bedroom_1,bedroom_1,kitchen,kitchen,kitchen,kitchen,kitchen,entry,entry,entry,entry,entry,kitchen,kitchen,kitchen,entry,living,bathroom,bathroom,bedroom_2,living,entry,living,living,kitchen,kitchen,kitchen,living,kitchen,kitchen,kitchen,kitchen,kitchen,living,bedroom_1,entry,bedroom_1
24480,d17 Thu 00:00,entry,entry,bedroom_1,bedroom_1,bedroom_1,bedroom_1,kitchen,kitchen,kitchen,kitchen,kitchen,entry,entry,entry,entry,entry,kitchen,kitchen,kitchen,entry,living,bathroom,bathroom,bedroom_2,living,entry,living,living,kitchen,kitchen,kitchen,living,kitchen,kitchen,kitchen,kitchen,kitchen,living,bedroom_1,entry,bedroom_1
24540,d17 Thu 01:00,entry,entry,bedroom_1,bedroom_1,bedroom_1,bedroom_1,kitchen,kitchen,kitchen,kitchen,kitchen,entry,entry,entry,entry,entry,kitchen,kitchen,kitchen,entry,living,bathroom,bathroom,bedroom_2,living,entry,living,living,kitchen,kitchen,kitchen,living,kitchen,kitchen,kitchen,kitchen,kitchen,living,bedroom_1,entry,bedroom_1
24600,d17 Thu 02:00,entry,entry,bedroom_1,bedroom_1,bedroom_1,bedroom_1,kitchen,kitchen,kitchen,kitchen,kitchen,entry,entry,entry,entry,entry,kitchen,kitchen,kitchen,entry,living,bathroom,bathroom,bedroom_2,living,entry,living,living,kitchen,kitchen,kitchen,living,kitchen,kitchen,kitchen,kitchen,kitchen,living,bedroom_1,entry,bedroom_1
24660,d17 Thu 03:00,entry,entry,bedroom_1,bedroom_1,bedroom_1,bedroom_1,kitchen,kitchen,kitchen,kitchen,kitchen,entry,entry,entry,entry,entry,kitchen,kitchen,kitchen,entry,living,bathroom,bathroom,bedroom_2,living,entry,living,living,kitchen,kitchen,kitchen,living,kitchen,kitchen,kitchen,kitchen,kitchen,living,bedroom_1,entry,bedroom_1
24720,d17 Thu 04:00,entry,entry,bedroom_1,bedroom_1,bedroom_1,bedroom_1,kitchen,kitchen,kitchen,kitchen,kitchen,entry,entry,entry,entry,entry,kitchen,kitchen,kitchen,entry,living,bathroom,bathroom,bedroom_2,living,entry,living,living,kitchen,kitchen,kitchen,living,kitchen,kitchen,kitchen,kitchen,kitchen,living,bedroom_1,entry,bedroom_1
24780,d17 Thu 05:00,entry,entry,bedroom_1,bedroom_1,bedroom_1,bedroom_1,kitchen,kitchen,kitchen,kitchen,kitchen,entry,entry,entry,entry,entry,kitchen,kitchen,kitchen,entry,living,bathroom,bathroom,bedroom_2,living,entry,living,living,kitchen,kitchen,kitchen,living,kitchen,kitchen,kitchen,kitchen,kitchen,living,bedroom_1,entry,bedroom_1
24840,d17 Thu 06:00,entry,entry,bedroom_1,bedroom_1,bedroom_1,bedroom_1,kitchen,kitchen,kitchen,kitchen,kitchen,entry,bathroom,entry,entry,entry,kitchen,kitchen,kitchen,entry,living,bathroom,entry,bedroom_2,living,entry,living,kitchen,kitchen,kitchen,kitchen,living,kitchen,kitchen,kitchen,kitchen,kitchen,living,bedroom_1,entry,bedroom_1
24900,d17 Thu 07:00,kitchen,entry,bedroom_1,bedroom_1,bedroom_1,bedroom_1,kitchen,kitchen,kitchen,kitchen,kitchen,entry,bathroom,entry,entry,entry,kitchen,kitchen,kitchen,entry,living,bathroom,entry,bedroom_2,kitchen,entry,living,kitchen,kitchen,kitchen,kitchen,kitchen,kitchen,kitchen,kitchen,kitchen,kitchen,living,bedroom_1,entry,bedroom_1
24960,d17 Thu 08:00,outside,outside,outside,outside,outside,outside,kitchen,outside,kitchen,kitchen,outside,outside,outside,outside,outside,outside,outside,outside,kitchen,outside,outside,bathroom,entry,bedroom_2,kitchen,entry,living,kitchen,kitchen,kitchen,kitchen,living,kitchen,kitchen,kitchen,kitchen,kitchen,living,bedroom_1,entry,bedroom_1
25020,d17 Thu 09:00,outside,outside,outside,outside,outside,outside,kitchen,outside,kitchen,kitchen,outside,outside,outside,outside,outside,outside,outside,outside,kitchen,outside,outside,bathroom,entry,outside,outside,outside,living,kitchen,kitchen,kitchen,kitchen,living,kitchen,kitchen,kitchen,kitchen,kitchen,living,bedroom_1,entry,bedroom_1
25080,d17 Thu 10:00,outside,outside,outside,outside,outside,outside,kitchen,outside,kitchen,kitchen,outside,outside,outside,outside,outside,outside,outside,outside,kitchen,outside,outside,bathroom,entry,outside,outside,outside,living,kitchen,kitchen,kitchen,kitchen,living,kitchen,kitchen,kitchen,kitchen,kitchen,living,bedroom_1,entry,bedroom_1
25140,d17 Thu 11:00,outside,outside,outside,outside,outside,outside,kitchen,outside,kitchen,kitchen,outside,outside,outside,outside,outside,outside,outside,outside,kitchen,outside,outside,bathroom,entry,outside,outside,outside,living,kitchen,kitchen,kitchen,kitchen,living,kitchen,kitchen,kitchen,kitchen,kitchen,living,bedroom_1,entry,bedroom_1
25200,d17 Thu 12:00,outside,outside,outside,outside,outside,outside,kitchen,outside,kitchen,kitchen,outside,outside,outside,outside,outside,outside,outside,outside,kitchen,outside,outside,bathroom,entry,outside,outside,outside,living,kitchen,kitchen,kitchen,kitchen,living,kitchen,kitchen,kitchen,kitchen,kitchen,living,bedroom_1,entry,bedroom_1
25260,d17 Thu 13:00,outside,outside,outside,outside,outside,outside,kitchen,outside,kitchen,kitchen,outside,outside,outside,outside,outside,outside,outside,outside,kitchen,outside,outside,bathroom,entry,outside,outside,outside,living,kitchen,kitchen,kitchen,kitchen,living,kitchen,kitchen,kitchen,kitchen,kitchen,living,bedroom_1,entry,bedroom_1
25320,d17 Thu 14:00,outside,outside,outside,outside,outside,outside,kitchen,outside,kitchen,kitchen,outside,outside,kitchen,kitchen,entry,kitchen,kitchen,kitchen,kitchen,entry,living,bathroom,entry,outside,outside,outside,living,kitchen,kitchen,kitchen,kitchen,living,kitchen,kitchen,kitchen,entry,bedroom_1,living,bedroom_1,entry,bedroom_1
25380,d17 Thu 15:00,outside,outside,outside,outside,outside,outside,kitchen,outside,kitchen,kitchen,outside,outside,kitchen,kitchen,entry,kitchen,kitchen,kitchen,kitchen,entry,living,bathroom,entry,outside,outside,outside,living,kitchen,kitchen,kitchen,kitchen,living,kitchen,kitchen,kitchen,entry,bedroom_1,living,bedroom_1,entry,bedroom_1
25440,d17 Thu 16:00,bedroom_1,entry,entry,bedroom_1,bedroom_1,kitchen,kitchen,kitchen,kitchen,kitchen,bedroom_1,kitchen,kitchen,kitchen,entry,entry,kitchen,kitchen,kitchen,entry,living,bathroom,entry,bedroom_2,kitchen,entry,living,kitchen,kitchen,kitchen,kitchen,living,kitchen,kitchen,kitchen,kitchen,kitchen,living,bedroom_1,entry,bedroom_1
25500,d17 Thu 17:00,bedroom_1,entry,entry,bedroom_1,bedroom_1,kitchen,kitchen,kitchen,kitchen,kitchen,bedroom_1,kitchen,kitchen,kitchen,entry,entry,kitchen,kitchen,kitchen,entry,living,bathroom,entry,bedroom_2,kitchen,entry,living,kitchen,kitchen,kitchen,kitchen,kitchen,kitchen,kitchen,kitchen,kitchen,kitchen,living,bedroom_1,entry,bedroom_1
25560,d17 Thu 18:00,bedroom_1,entry,entry,bedroom_1,bedroom_1,kitchen,kitchen,kitchen,kitchen,kitchen,bedroom_1,kitchen,kitchen,kitchen,entry,entry,kitchen,kitchen,kitchen,entry,living,bathroom,kitchen,bedroom_2,living,entry,living,kitchen,kitchen,kitchen,kitchen,kitchen,kitchen,kitchen,kitchen,kitchen,kitchen,living,bedroom_1,entry,bedroom_1
25620,d17 Thu 19:00,bedroom_1,entry,entry,bedroom_1,bedroom_1,kitchen,kitchen,kitchen,kitchen,kitchen,bedroom_1,kitchen,kitchen,kitchen,entry,entry,kitchen,kitchen,kitchen,entry,living,bathroom,kitchen,bedroom_2,living,entry,living,living,kitchen,kitchen,kitchen,kitchen,kitchen,kitchen,kitchen,kitchen,kitchen,living,bedroom_1,entry,bedroom_1
25680,d17 Thu 20:00,bedroom_1,entry,entry,kitchen,bedroom_1,kitchen,kitchen,kitchen,kitchen,kitchen,bedroom_1,kitchen,kitchen,kitchen,entry,entry,kitchen,kitchen,kitchen,entry,living,bathroom,kitchen,bedroom_2,living,entry,living,living,kitchen,kitchen,kitchen,kitchen,kitchen,kitchen,kitchen,kitchen,kitchen,living,bedroom_1,entry,bedroom_1
25740,d17 Thu 21:00,bedroom_1,entry,entry,kitchen,bedroom_1,kitchen,kitchen,kitchen,kitchen,kitchen,bedroom_1,kitchen,kitchen,kitchen,entry,entry,kitchen,kitchen,kitchen,entry,living,bathroom,kitchen,bedroom_2,living,entry,living,bedroom_2,kitchen,kitchen,kitchen,kitchen,kitchen,kitchen,kitchen,kitchen,kitchen,living,bedroom_1,entry,bedroom_1
25800,d17 Thu 22:00,bedroom_1,entry,entry,kitchen,bedroom_1,kitchen,kitchen,kitchen,kitchen,kitchen,bedroom_1,kitchen,kitchen,kitchen,entry,entry,kitchen,kitchen,kitchen,entry,living,bathroom,kitchen,bedroom_2,living,entry,living,bedroom_2,kitchen,kitchen,kitchen,kitchen,kitchen,kitchen,kitchen,kitchen,kitchen,living,bedroom_1,entry,bedroom_1
25860,d17 Thu 23:00,bedroom_1,entry,entry,kitchen,bedroom_1,kitchen,kitchen,kitchen,kitchen,kitchen,bedroom_1,kitchen,kitchen,kitchen,entry,entry,kitchen,kitchen,kitchen,entry,living,bathroom,kitchen,bedroom_2,living,entry,living,bedroom_2,kitchen,kitchen,kitchen,kitchen,kitchen,kitchen,kitchen,kitchen,kitchen,living,bedroom_1,entry,bedroom_1
25920,d18 Fri 00:00,bedroom_1,entry,entry,kitchen,bedroom_1,kitchen,kitchen,kitchen,kitchen,kitchen,bedroom_1,kitchen,kitchen,kitchen,entry,entry,kitchen,kitchen,kitchen,entry,living,bathroom,kitchen,bedroom_2,living,entry,living,bedroom_2,kitchen,kitchen,kitchen,kitchen,kitchen,kitchen,kitchen,kitchen,kitchen,living,bedroom_1,entry,bedroom_1
25980,d18 Fri 01:00,bedroom_1,entry,entry,kitchen,bedroom_1,kitchen,kitchen,kitchen,kitchen,kitchen,bedroom_1,kitchen,kitchen,kitchen,entry,entry,kitchen,kitchen,kitchen,entry,living,bathroom,kitchen,bedroom_2,living,entry,living,bedroom_2,kitchen,kitchen,kitchen,kitchen,kitchen,kitchen,kitchen,kitchen,kitchen,living,bedroom_1,entry,bedroom_1
26040,d18 Fri 02:00,bedroom_1,entry,entry,kitchen,bedroom_1,kitchen,kitchen,kitchen,kitchen,kitchen,bedroom_1,kitchen,kitchen,kitchen,entry,entry,kitchen,kitchen,kitchen,entry,living,bathroom,kitchen,bedroom_2,living,entry,living,bedroom_2,kitchen,kitchen,kitchen,kitchen,kitchen,kitchen,kitchen,kitchen,kitchen,living,bedroom_1,entry,bedroom_1
26100,d18 Fri 03:00,bedroom_1,entry,entry,kitchen,bedroom_1,kitchen,kitchen,kitchen,kitchen,kitchen,bedroom_1,kitchen,kitchen,kitchen,entry,entry,kitchen,kitchen,kitchen,entry,living,bathroom,kitchen,bedroom_2,living,entry,living,bedroom_2,kitchen,kitchen,kitchen,kitchen,kitchen,kitchen,kitchen,kitchen,kitchen,living,bedroom_1,entry,bedroom_1
26160,d18 Fri 04:00,bedroom_1,entry,entry,kitchen,bedroom_1,kitchen,kitchen,kitchen,kitchen,kitchen,bedroom_1,kitchen,kitchen,kitchen,entry,entry,kitchen,kitchen,kitchen,entry,living,bathroom,kitchen,bedroom_2,living,entry,living,bedroom_2,kitchen,kitchen,kitchen,kitchen,kitchen,kitchen,kitchen,kitchen,kitchen,living,bedroom_1,entry,bedroom_1
26220,d18 Fri 05:00,bedroom_1,entry,entry,kitchen,bedroom_1,kitchen,kitchen,kitchen,kitchen,kitchen,bedroom_1,kitchen,kitchen,kitchen,entry,entry,kitchen,kitchen,kitchen,entry,living,bathroom,kitchen,bedroom_2,living,entry,living,bedroom_2,kitchen,kitchen,kitchen,kitchen,kitchen,kitchen,kitchen,kitchen,kitchen,living,bedroom_1,entry,bedroom_1
26280,d18 Fri 06:00,entry,entry,entry,kitchen,bedroom_1,kitchen,kitchen,kitchen,kitchen,kitchen,bedroom_1,kitchen,bathroom,kitchen,entry,entry,kitchen,kitchen,kitchen,entry,living,bathroom,bathroom,bedroom_2,living,entry,living,bedroom_2,kitchen,kitchen,kitchen,kitchen,kitchen,kitchen,kitchen,kitchen,kitchen,living,bedroom_1,entry,bedroom_1
26340,d18 Fri 07:00,entry,entry,entry,kitchen,bedroom_1,kitchen,kitchen,kitchen,kitchen,kitchen,bedroom_1,kitchen,outside,outside,outside,outside,outside,outside,living,outside,outside,bedroom_2,bedroom_2,bedroom_2,kitchen,entry,living,bedroom_2,kitchen,kitchen,kitchen,kitchen,kitchen,kitchen,kitchen,kitchen,kitchen,living,bedroom_1,entry,bedroom_1
26400,d18 Fri 08:00,entry,entry,entry,kitchen,bedroom_1,kitchen,kitchen,kitchen,kitchen,kitchen,bedroom_1,kitchen,outside,outside,outside,outside,outside,outside,living,outside,outside,kitchen,bathroom,outside,outside,outside,living,bedroom_2,kitchen,kitchen,kitchen,living,kitchen,kitchen,kitchen,kitchen,kitchen,living,bedroom_1,entry,bedroom_1
26460,d18 Fri 09:00,outside,outside,outside,outside,outside,outside,kitchen,outside,kitchen,kitchen,outside,outside,outside,outside,outside,outside,outside,outside,living,outside,outside,kitchen,bathroom,outside,outside,outside,living,bedroom_2,kitchen,kitchen,kitchen,living,kitchen,kitchen,kitchen,kitchen,kitchen,living,bedroom_1,entry,bedroom_1
26520,d18 Fri 10:00,outside,outside,outside,outside,outside,outside,kitchen,outside,kitchen,kitchen,outside,outside,outside,outside,outside,outside,outside,outside,living,outside,outside,kitchen,bathroom,outside,outside,outside,living,bedroom_2,kitchen,kitchen,kitchen,living,kitchen,kitchen,kitchen,kitchen,kitchen,living,bedroom_1,entry,bedroom_1
26580,d18 Fri 11:00,outside,outside,outside,outside,outside,outside,kitchen,outside,kitchen,kitchen,outside,outside,outside,outside,outside,outside,outside,outside,living,outside,outside,kitchen,bathroom,outside,outside,outside,living,bedroom_2,kitchen,kitchen,kitchen,living,kitchen,kitchen,kitchen,kitchen,kitchen,living,bedroom_1,entry,bedroom_1
26640,d18 Fri 12:00,outside,outside,outside,outside,outside,outside,kitchen,outside,kitchen,kitchen,outside,outside,outside,outside,outside,outside,outside,outside,living,outside,outside,kitchen,bathroom,outside,outside,outside,living,bedroom_2,kitchen,kitchen,kitchen,living,kitchen,kitchen,kitchen,kitchen,kitchen,living,bedroom_1,entry,bedroom_1
26700,d18 Fri 13:00,outside,outside,outside,outside,outside,outside,kitchen,outside,kitchen,kitchen,outside,outside,kitchen,entry,kitchen,kitchen,kitchen,kitchen,living,entry,living,kitchen,bathroom,outside,outside,outside,living,bedroom_2,kitchen,kitchen,kitchen,living,kitchen,kitchen,kitchen,kitchen,bedroom_1,living,bedroom_1,entry,bedroom_1
26760,d18 Fri 14:00,outside,outside,outside,outside,outside,outside,kitchen,outside,kitchen,kitchen,outside,outside,kitchen,entry,kitchen,kitchen,kitchen,kitchen,living,entry,living,kitchen,bathroom,outside,outside,outside,living,bedroom_2,kitchen,kitchen,kitchen,living,kitchen,kitchen,kitchen,kitchen,bedroom_1,living,bedroom_1,entry,bedroom_1
26820,d18 Fri 15:00,outside,outside,outside,outside,outside,outside,kitchen,outside,kitchen,kitchen,outside,outside,kitchen,entry,kitchen,entry,kitchen,kitchen,living,kitchen,living,kitchen,bathroom,bedroom_2,living,entry,living,bedroom_2,kitchen,kitchen,kitchen,living,kitchen,kitchen,kitchen,kitchen,kitchen,living,bedroom_1,entry,bedroom_1
26880,d18 Fri 16:00,entry,entry,bedroom_1,bedroom_1,bedroom_1,kitchen,kitchen,kitchen,kitchen,kitchen,bedroom_1,entry,kitchen,entry,entry,entry,kitchen,kitchen,living,kitchen,living,kitchen,bathroom,living,living,entry,living,bedroom_2,kitchen,kitchen,kitchen,living,kitchen,kitchen,kitchen,entry,bedroom_1,living,bedroom_1,entry,bedroom_1
26940,d18 Fri 17:00,entry,entry,bedroom_1,bedroom_1,bedroom_1,kitchen,kitchen,kitchen,kitchen,kitchen,bedroom_1,entry,kitchen,entry,entry,entry,kitchen,kitchen,living,kitchen,living,bathroom,bathroom,living,living,entry,living,bedroom_2,kitchen,kitchen,kitchen,living,kitchen,kitchen,kitchen,entry,bedroom_1,living,bedroom_1,entry,bedroom_1
27000,d18 Fri 18:00,entry,kitchen,bedroom_1,bedroom_1,bedroom_1,kitchen,kitchen,kitchen,kitchen,kitchen,bedroom_1,entry,kitchen,entry,entry,entry,kitchen,kitchen,living,kitchen,living,bathroom,bathroom,living,kitchen,entry,kitchen,bedroom_2,kitchen,kitchen,kitchen,living,kitchen,kitchen,kitchen,entry,bedroom_1,living,bedroom_1,entry,bedroom_1
27060,d18 Fri 19:00,entry,bedroom_2,bedroom_1,bedroom_1,bedroom_1,kitchen,kitchen,kitchen,kitchen,kitchen,bedroom_1,entry,kitchen,entry,entry,entry,kitchen,kitchen,living,kitchen,living,bathroom,bathroom,bedroom_2,kitchen,entry,kitchen,living,kitchen,kitchen,kitchen,living,kitchen,kitchen,kitchen,entry,bedroom_1,living,bedroom_1,entry,bedroom_1
27120,d18 Fri 20:00,entry,bedroom_1,bedroom_1,bedroom_1,bedroom_1,kitchen,kitchen,kitchen,kitchen,kitchen,bedroom_1,entry,kitchen,entry,entry,entry,kitchen,kitchen,living,kitchen,living,bathroom,bathroom,bedroom_2,kitchen,entry,kitchen,bedroom_1,kitchen,kitchen,kitchen,living,kitchen,kitchen,kitchen,entry,bedroom_1,living,bedroom_1,entry,bedroom_1
27180,d18 Fri 21:00,entry,bedroom_1,bedroom_1,bedroom_1,bedroom_1,kitchen,kitchen,kitchen,kitchen,kitchen,bedroom_1,entry,kitchen,entry,entry,entry,kitchen,kitchen,living,kitchen,living,bathroom,kitchen,bedroom_2,kitchen,entry,kitchen,bedroom_2,kitchen,kitchen,kitchen,living,kitchen,kitchen,kitchen,entry,bedroom_1,living,bedroom_1,entry,bedroom_1
27240,d18 Fri 22:00,entry,bedroom_1,bedroom_1,bedroom_1,bedroom_1,kitchen,kitchen,kitchen,kitchen,kitchen,bedroom_1,entry,kitchen,entry,entry,entry,kitchen,kitchen,living,kitchen,living,bathroom,kitchen,bedroom_2,kitchen,entry,kitchen,bedroom_2,kitchen,kitchen,kitchen,living,kitchen,kitchen,kitchen,entry,bedroom_1,living,bedroom_1,entry,bedroom_1
27300,d18 Fri 23:00,entry,bedroom_1,bedroom_1,bedroom_1,bedroom_1,kitchen,kitchen,kitchen,kitchen,kitchen,bedroom_1,entry,kitchen,entry,entry,entry,kitchen,kitchen,living,kitchen,living,bathroom,kitchen,bedroom_2,kitchen,entry,kitchen,bedroom_2,kitchen,kitchen,kitchen,living,kitchen,kitchen,kitchen,entry,bedroom_1,living,bedroom_1,entry,bedroom_1
27360,d19 Sat 00:00,entry,bedroom_1,bedroom_1,bedroom_1,bedroom_1,kitchen,kitchen,kitchen,kitchen,kitchen,bedroom_1,entry,kitchen,entry,entry,entry,kitchen,kitchen,living,kitchen,living,bathroom,kitchen,bedroom_2,kitchen,entry,kitchen,bedroom_2,kitchen,kitchen,kitchen,living,kitchen,kitchen,kitchen,entry,bedroom_1,living,bedroom_1,entry,bedroom_1
27420,d19 Sat 01:00,entry,bedroom_1,bedroom_1,bedroom_1,bedroom_1,kitchen,kitchen,kitchen,kitchen,kitchen,bedroom_1,entry,kitchen,entry,entry,entry,kitchen,kitchen,living,kitchen,living,bathroom,kitchen,bedroom_2,kitchen,entry,kitchen,bedroom_2,kitchen,kitchen,kitchen,living,kitchen,kitchen,kitchen,entry,bedroom_1,living,bedroom_1,entry,bedroom_1
27480,d19 Sat 02:00,entry,bedroom_1,bedroom_1,bedroom_1,bedroom_1,kitchen,kitchen,kitchen,kitchen,kitchen,bedroom_1,entry,kitchen,entry,entry,entry,kitchen,kitchen,living,kitchen,living,bathroom,kitchen,bedroom_2,kitchen,entry,kitchen,bedroom_2,kitchen,kitchen,kitchen,living,kitchen,kitchen,kitchen,entry,bedroom_1,living,bedroom_1,entry,bedroom_1
27540,d19 Sat 03:00,entry,bedroom_1,bedroom_1,bedroom_1,bedroom_1,kitchen,kitchen,kitchen,kitchen,kitchen,bedroom_1,entry,kitchen,entry,entry,entry,kitchen,kitchen,living,kitchen,living,bathroom,kitchen,bedroom_2,kitchen,entry,kitchen,bedroom_2,kitchen,kitchen,kitchen,living,kitchen,kitchen,kitchen,entry,bedroom_1,living,bedroom_1,entry,bedroom_1
27600,d19 Sat 04:00,entry,bedroom_1,bedroom_1,bedroom_1,bedroom_1,kitchen,kitchen,kitchen,kitchen,kitchen,bedroom_1,entry,kitchen,entry,entry,entry,kitchen,kitchen,living,kitchen,living,bathroom,kitchen,bedroom_2,kitchen,entry,kitchen,bedroom_2,kitchen,kitchen,kitchen,living,kitchen,kitchen,kitchen,entry,bedroom_1,living,bedroom_1,entry,bedroom_1
27660,d19 Sat 05:00,entry,bedroom_1,bedroom_1,bedroom_1,bedroom_1,kitchen,kitchen,kitchen,kitchen,kitchen,bedroom_1,entry,kitchen,entry,entry,entry,kitchen,kitchen,living,kitchen,living,bathroom,kitchen,bedroom_2,kitchen,entry,kitchen,bedroom_2,kitchen,kitchen,kitchen,living,kitchen,kitchen,kitchen,entry,bedroom_1,living,bedroom_1,entry,bedroom_1
27720,d19 Sat 06:00,entry,bedroom_1,bedroom_1,bedroom_1,bedroom_1,kitchen,kitchen,kitchen,kitchen,kitchen,bedroom_1,entry,kitchen,entry,entry,entry,kitchen,kitchen,kitchen,kitchen,living,bathroom,kitchen,bedroom_2,kitchen,entry,kitchen,bedroom_2,kitchen,kitchen,kitchen,living,kitchen,kitchen,kitchen,entry,bedroom_1,living,bedroom_1,entry,bedroom_1
27780,d19 Sat 07:00,kitchen,bedroom_1,bedroom_1,bedroom_1,bedroom_1,kitchen,kitchen,kitchen,kitchen,kitchen,bedroom_1,entry,kitchen,entry,entry,entry,kitchen,kitchen,kitchen,kitchen,living,bathroom,kitchen,bedroom_2,kitchen,entry,kitchen,bedroom_2,bathroom,kitchen,kitchen,kitchen,kitchen,kitchen,kitchen,living,bedroom_1,bedroom_1,bedroom_1,entry,bedroom_1
27840,d19 Sat 08:00,kitchen,bedroom_1,bedroom_1,bedroom_1,bedroom_1,kitchen,kitchen,kitchen,kitchen,kitchen,bedroom_1,entry,kitchen,entry,entry,entry,kitchen,kitchen,kitchen,kitchen,living,bathroom,kitchen,bedroom_2,kitchen,entry,living,bedroom_2,bathroom,kitchen,kitchen,kitchen,kitchen,kitchen,kitchen,living,bedroom_1,bedroom_1,bedroom_1,entry,bedroom_1
27900,d19 Sat 09:00,kitchen,bedroom_1,bedroom_1,bedroom_1,bedroom_1,kitchen,kitchen,kitchen,kitchen,kitchen,bedroom_1,entry,kitchen,entry,entry,entry,kitchen,kitchen,kitchen,kitchen,living,bathroom,kitchen,living,kitchen,entry,living,living,bathroom,kitchen,kitchen,kitchen,kitchen,kitchen,kitchen,living,bedroom_1,bedroom_1,bedroom_1,entry,bedroom_1
27960,d19 Sat 10:00,kitchen,bedroom_1,bedroom_1,bedroom_1,bedroom_1,kitchen,kitchen,kitchen,kitchen,kitchen,bedroom_1,entry,kitchen,entry,entry,entry,kitchen,kitchen,kitchen,kitchen,living,bathroom,kitchen,living,kitchen,entry,living,living,bathroom,kitchen,kitchen,kitchen,kitchen,kitchen,kitchen,kitchen,bedroom_1,bedroom_1,bedroom_1,entry,bedroom_1
28020,d19 Sat 11:00,entry,entry,bedroom_1,bedroom_1,bedroom_1,kitchen,kitchen,kitchen,kitchen,kitchen,bedroom_1,entry,kitchen,entry,entry,entry,kitchen,kitchen,kitchen,kitchen,living,entry,entry,living,kitchen,entry,living,living,bathroom,kitchen,kitchen,kitchen,kitchen,kitchen,kitchen,kitchen,bedroom_1,bedroom_1,bedroom_1,entry,bedroom_1
28080,d19 Sat 12:00,entry,entry,bedroom_1,bedroom_1,bedroom_1,kitchen,kitchen,kitchen,kitchen,kitchen,bedroom_1,entry,outside,outside,outside,outside,outside,outside,kitchen,outside,outside,bathroom,bathroom,outside,outside,outside,living,living,bathroom,kitchen,kitchen,kitchen,kitchen,kitchen,kitchen,kitchen,bedroom_1,bedroom_1,bedroom_1,entry,bedroom_1
28140,d19 Sat 13:00,outside,outside,outside,outside,outside,outside,kitchen,outside,kitchen,kitchen,outside,outside,outside,outside,outside,outside,outside,outside,kitchen,outside,outside,kitchen,entry,outside,outside,outside,living,living,bathroom,kitchen,kitchen,kitchen,kitchen,kitchen,kitchen,kitchen,bedroom_1,bedroom_1,bedroom_1,entry,bedroom_1
28200,d19 Sat 14:00,entry,entry,bedroom_1,bedroom_1,bedroom_1,entry,kitchen,kitchen,kitchen,kitchen,kitchen,entry,bathroom,entry,entry,entry,kitchen,kitchen,kitchen,entry,living,kitchen,entry,bedroom_2,living,entry,living,living,bathroom,kitchen,kitchen,living,kitchen,kitchen,kitchen,kitchen,kitchen,bedroom_1,bedroom_1,entry,bedroom_1
28260,d19 Sat 15:00,entry,entry,bedroom_1,bedroom_1,bedroom_1,entry,kitchen,kitchen,kitchen,kitchen,kitchen,entry,bathroom,entry,entry,entry,kitchen,kitchen,kitchen,entry,living,kitchen,entry,bedroom_2,living,entry,living,living,bathroom,kitchen,kitchen,living,kitchen,kitchen,kitchen,kitchen,kitchen,bedroom_1,bedroom_1,entry,bedroom_1
28320,d19 Sat 16:00,entry,entry,bedroom_1,bedroom_1,bedroom_1,entry,kitchen,kitchen,kitchen,kitchen,kitchen,entry,bathroom,entry,entry,entry,kitchen,kitchen,kitchen,entry,living,kitchen,entry,bedroom_2,living,entry,living,living,bathroom,kitchen,kitchen,living,kitchen,kitchen,kitchen,kitchen,kitchen,living,bedroom_1,entry,bedroom_1
28380,d19 Sat 17:00,entry,entry,bedroom_1,bedroom_1,bedroom_1,entry,kitchen,kitchen,kitchen,kitchen,kitchen,entry,bathroom,kitchen,entry,entry,kitchen,kitchen,kitchen,entry,living,kitchen,entry,bedroom_2,living,entry,living,living,bathroom,kitchen,kitchen,living,kitchen,kitchen,kitchen,kitchen,kitchen,living,bedroom_1,entry,bedroom_1
28440,d19 Sat 18:00,entry,entry,bedroom_1,bedroom_1,bedroom_1,entry,kitchen,kitchen,kitchen,kitchen,kitchen,entry,bathroom,kitchen,entry,entry,kitchen,kitchen,kitchen,kitchen,living,bathroom,entry,bedroom_2,living,entry,living,living,bathroom,kitchen,kitchen,living,kitchen,kitchen,kitchen,kitchen,kitchen,living,bedroom_1,entry,bedroom_1
28500,d19 Sat 19:00,entry,entry,bedroom_1,bedroom_1,bedroom_1,entry,kitchen,kitchen,kitchen,kitchen,kitchen,entry,bathroom,kitchen,entry,entry,kitchen,kitchen,kitchen,kitchen,living,bathroom,entry,bedroom_2,living,entry,living,living,bathroom,kitchen,kitchen,living,kitchen,kitchen,kitchen,kitchen,kitchen,living,bedroom_1,entry,bedroom_1
28560,d19 Sat 20:00,entry,entry,bedroom_1,bedroom_1,bedroom_1,entry,kitchen,kitchen,kitchen,kitchen,kitchen,entry,bathroom,kitchen,entry,entry,kitchen,kitchen,kitchen,kitchen,living,bathroom,entry,bedroom_2,living,entry,living,living,bathroom,kitchen,kitchen,living,kitchen,kitchen,living,kitchen,kitchen,living,bedroom_1,entry,bedroom_1
28620,d19 Sat 21:00,entry,entry,bedroom_1,bedroom_1,bedroom_1,entry,kitchen,kitchen,kitchen,kitchen,kitchen,entry,bathroom,kitchen,entry,entry,kitchen,kitchen,kitchen,kitchen,living,bathroom,entry,bedroom_2,living,entry,living,living,bathroom,kitchen,kitchen,living,kitchen,kitchen,living,kitchen,kitchen,living,bedroom_1,entry,bedroom_1
28680,d19 Sat 22:00,entry,entry,bedroom_1,bedroom_1,bedroom_1,entry,kitchen,kitchen,kitchen,kitchen,kitchen,entry,bathroom,kitchen,entry,entry,kitchen,kitchen,kitchen,kitchen,living,bathroom,entry,bedroom_2,living,entry,living,living,bathroom,kitchen,kitchen,living,kitchen,kitchen,living,kitchen,kitchen,living,bedroom_1,entry,bedroom_1
28740,d19 Sat 23:00,entry,entry,bedroom_1,bedroom_1,bedroom_1,entry,kitchen,kitchen,kitchen,kitchen,kitchen,entry,bathroom,kitchen,entry,entry,kitchen,kitchen,kitchen,kitchen,living,bathroom,entry,bedroom_2,living,entry,living,living,bathroom,kitchen,kitchen,living,kitchen,kitchen,living,kitchen,kitchen,living,bedroom_1,entry,bedroom_1
28800,d20 Sun 00:00,entry,entry,bedroom_1,bedroom_1,bedroom_1,entry,kitchen,kitchen,kitchen,kitchen,kitchen,entry,bathroom,kitchen,entry,entry,kitchen,kitchen,kitchen,kitchen,living,bathroom,entry,bedroom_2,living,entry,living,living,bathroom,kitchen,kitchen,living,kitchen,kitchen,living,kitchen,kitchen,living,bedroom_1,entry,bedroom_1
28860,d20 Sun 01:00,entry,entry,bedroom_1,bedroom_1,bedroom_1,entry,kitchen,kitchen,kitchen,kitchen,kitchen,entry,bathroom,kitchen,entry,entry,kitchen,kitchen,kitchen,kitchen,living,bathroom,entry,bedroom_2,living,entry,living,living,bathroom,kitchen,kitchen,living,kitchen,kitchen,living,kitchen,kitchen,living,bedroom_1,entry,bedroom_1
28920,d20 Sun 02:00,entry,entry,bedroom_1,bedroom_1,bedroom_1,entry,kitchen,kitchen,kitchen,kitchen,kitchen,entry,bathroom,kitchen,entry,entry,kitchen,kitchen,kitchen,kitchen,living,bathroom,entry,bedroom_2,living,entry,living,living,bathroom,kitchen,kitchen,living,kitchen,kitchen,living,kitchen,kitchen,living,bedroom_1,entry,bedroom_1
28980,d20 Sun 03:00,entry,entry,bedroom_1,bedroom_1,bedroom_1,entry,kitchen,kitchen,kitchen,kitchen,kitchen,entry,bathroom,kitchen,entry,entry,kitchen,kitchen,kitchen,kitchen,living,bathroom,entry,bedroom_2,living,entry,living,living,bathroom,kitchen,kitchen,living,kitchen,kitchen,living,kitchen,kitchen,living,bedroom_1,entry,bedroom_1
29040,d20 Sun 04:00,entry,entry,bedroom_1,bedroom_1,bedroom_1,entry,kitchen,kitchen,kitchen,kitchen,kitchen,entry,bathroom,kitchen,entry,entry,kitchen,kitchen,kitchen,kitchen,living,bathroom,entry,bedroom_2,living,entry,living,living,bathroom,kitchen,kitchen,living,kitchen,kitchen,living,kitchen,kitchen,living,bedroom_1,entry,bedroom_1
29100,d20 Sun 05:00,entry,entry,bedroom_1,bedroom_1,bedroom_1,entry,kitchen,kitchen,kitchen,kitchen,kitchen,entry,bathroom,kitchen,entry,entry,kitchen,kitchen,kitchen,kitchen,living,bathroom,entry,bedroom_2,living,entry,living,living,bathroom,kitchen,kitchen,living,kitchen,kitchen,living,kitchen,kitchen,living,bedroom_1,entry,bedroom_1
29160,d20 Sun 06:00,entry,entry,bedroom_1,bedroom_1,bedroom_1,entry,kitchen,kitchen,kitchen,kitchen,kitchen,entry,bathroom,kitchen,entry,entry,kitchen,kitchen,kitchen,kitchen,living,bathroom,entry,bedroom_2,living,entry,living,living,bathroom,kitchen,kitchen,living,kitchen,kitchen,living,kitchen,kitchen,living,bedroom_1,entry,bedroom_1
29220,d20 Sun 07:00,kitchen,entry,bedroom_1,bedroom_1,bedroom_1,entry,kitchen,kitchen,kitchen,kitchen,kitchen,entry,bathroom,kitchen,entry,entry,kitchen,kitchen,kitchen,kitchen,living,bathroom,entry,bedroom_2,living,entry,living,living,bathroom,kitchen,kitchen,kitchen,kitchen,kitchen,living,kitchen,kitchen,living,bedroom_1,entry,bedroom_1
29280,d20 Sun 08:00,kitchen,entry,kitchen,bedroom_1,bedroom_1,entry,kitchen,kitchen,kitchen,kitchen,kitchen,entry,bathroom,kitchen,entry,entry,kitchen,kitchen,kitchen,kitchen,living,bathroom,entry,living,kitchen,entry,living,living,bathroom,kitchen,kitchen,living,kitchen,kitchen,living,living,kitchen,living,bedroom_1,entry,bedroom_1
29340,d20 Sun 09:00,kitchen,entry,kitchen,bedroom_1,bedroom_1,entry,kitchen,kitchen,kitchen,kitchen,kitchen,entry,bathroom,kitchen,entry,entry,kitchen,kitchen,kitchen,kitchen,living,bathroom,kitchen,living,kitchen,entry,living,living,bathroom,kitchen,kitchen,living,kitchen,kitchen,living,living,kitchen,living,bedroom_1,entry,bedroom_1
29400,d20 Sun 10:00,kitchen,entry,kitchen,bedroom_1,bedroom_1,entry,kitchen,kitchen,kitchen,kitchen,kitchen,entry,bathroom,kitchen,entry,entry,kitchen,kitchen,kitchen,kitchen,living,bathroom,kitchen,living,kitchen,entry,living,living,bathroom,kitchen,kitchen,kitchen,kitchen,kitchen,living,living,kitchen,living,bedroom_1,entry,bedroom_1
29460,d20 Sun 11:00,entry,entry,kitchen,bedroom_1,bedroom_1,entry,kitchen,kitchen,kitchen,kitchen,kitchen,entry,bathroom,kitchen,entry,entry,kitchen,kitchen,living,kitchen,living,bathroom,kitchen,living,kitchen,entry,living,living,bathroom,kitchen,kitchen,kitchen,kitchen,kitchen,living,kitchen,kitchen,living,bedroom_1,entry,bedroom_1
29520,d20 Sun 12:00,entry,entry,kitchen,bedroom_1,bedroom_1,entry,kitchen,kitchen,kitchen,kitchen,kitchen,entry,bathroom,kitchen,entry,entry,kitchen,kitchen,living,kitchen,living,bathroom,kitchen,living,kitchen,entry,living,living,bathroom,kitchen,kitchen,kitchen,kitchen,kitchen,living,kitchen,kitchen,living,bedroom_1,entry,bedroom_1
29580,d20 Sun 13:00,entry,entry,kitchen,bedroom_1,bedroom_1,entry,kitchen,kitchen,kitchen,kitchen,kitchen,entry,bathroom,kitchen,entry,entry,kitchen,kitchen,living,kitchen,living,bathroom,kitchen,living,kitchen,entry,living,living,bathroom,kitchen,kitchen,living,kitchen,kitchen,living,kitchen,kitchen,living,bedroom_1,entry,bedroom_1
29640,d20 Sun 14:00,entry,entry,kitchen,bedroom_1,bedroom_1,entry,kitchen,kitchen,kitchen,kitchen,kitchen,entry,bathroom,kitchen,entry,entry,kitchen,kitchen,kitchen,kitchen,living,bathroom,kitchen,living,kitchen,entry,living,living,bathroom,kitchen,kitchen,living,kitchen,kitchen,living,kitchen,kitchen,living,bedroom_1,entry,bedroom_1
29700,d20 Sun 15:00,entry,entry,kitchen,bedroom_1,bedroom_1,entry,kitchen,kitchen,kitchen,kitchen,kitchen,entry,bathroom,kitchen,entry,entry,kitchen,kitchen,kitchen,kitchen,living,bathroom,kitchen,living,kitchen,entry,living,living,bathroom,kitchen,kitchen,living,kitchen,kitchen,living,kitchen,kitchen,living,bedroom_1,entry,bedroom_1
29760,d20 Sun 16:00,living,entry,kitchen,bedroom_1,bedroom_1,entry,kitchen,kitchen,kitchen,kitchen,kitchen,entry,bathroom,kitchen,entry,entry,kitchen,kitchen,kitchen,kitchen,living,bathroom,kitchen,living,kitchen,entry,living,living,bathroom,kitchen,kitchen,living,kitchen,kitchen,living,kitchen,kitchen,living,bedroom_1,entry,bedroom_1
29820,d20 Sun 17:00,living,entry,kitchen,bedroom_1,bedroom_1,entry,kitchen,kitchen,kitchen,kitchen,kitchen,entry,bathroom,kitchen,entry,entry,kitchen,kitchen,kitchen,kitchen,living,bathroom,kitchen,living,kitchen,entry,living,living,bathroom,kitchen,kitchen,living,kitchen,kitchen,living,kitchen,kitchen,living,bedroom_1,entry,bedroom_1
29880,d20 Sun 18:00,living,entry,kitchen,bedroom_1,bedroom_1,entry,kitchen,kitchen,kitchen,kitchen,kitchen,entry,bathroom,kitchen,entry,entry,kitchen,kitchen,kitchen,kitchen,living,kitchen,kitchen,living,kitchen,entry,living,living,bathroom,kitchen,kitchen,living,kitchen,kitchen,living,kitchen,kitchen,living,bedroom_1,entry,bedroom_1
29940,d20 Sun 19:00,living,entry,kitchen,bedroom_1,bedroom_1,entry,kitchen,kitchen,kitchen,kitchen,kitchen,entry,bathroom,kitchen,entry,entry,kitchen,kitchen,kitchen,kitchen,living,kitchen,kitchen,bedroom_2,kitchen,entry,living,bedroom_2,bathroom,kitchen,kitchen,living,kitchen,kitchen,living,kitchen,kitchen,living,bedroom_1,entry,bedroom_1
30000,d20 Sun 20:00,living,entry,kitchen,bedroom_1,bedroom_1,entry,kitchen,kitchen,kitchen,kitchen,kitchen,entry,bathroom,kitchen,entry,entry,kitchen,kitchen,kitchen,kitchen,living,kitchen,kitchen,bedroom_2,kitchen,entry,living,living,bathroom,kitchen,kitchen,living,kitchen,kitchen,living,kitchen,kitchen,living,bedroom_1,entry,bedroom_1
30060,d20 Sun 21:00,living,entry,kitchen,bedroom_1,bedroom_1,entry,kitchen,kitchen,kitchen,kitchen,kitchen,entry,kitchen,kitchen,entry,entry,kitchen,kitchen,kitchen,kitchen,living,bathroom,bathroom,bedroom_2,kitchen,entry,living,living,bathroom,kitchen,kitchen,living,kitchen,kitchen,living,kitchen,kitchen,living,bedroom_1,entry,bedroom_1
30120,d20 Sun 22:00,living,entry,kitchen,bedroom_1,bedroom_1,entry,kitchen,kitchen,kitchen,kitchen,kitchen,entry,kitchen,kitchen,entry,entry,kitchen,kitchen,kitchen,kitchen,living,bathroom,bathroom,bedroom_2,kitchen,entry,living,living,bathroom,kitchen,kitchen,living,kitchen,kitchen,living,kitchen,kitchen,living,bedroom_1,entry,bedroom_1
30180,d20 Sun 23:00,living,entry,kitchen,bedroom_1,bedroom_1,entry,kitchen,kitchen,kitchen,kitchen,kitchen,entry,kitchen,kitchen,entry,entry,kitchen,kitchen,kitchen,kitchen,living,bathroom,bathroom,bedroom_2,kitchen,entry,living,living,bathroom,kitchen,kitchen,living,kitchen,kitchen,living,kitchen,kitchen,living,bedroom_1,entry,bedroom_1
30240,d21 Mon 00:00,living,entry,kitchen,bedroom_1,bedroom_1,entry,kitchen,kitchen,kitchen,kitchen,kitchen,entry,kitchen,kitchen,entry,entry,kitchen,kitchen,kitchen,kitchen,living,bathroom,bathroom,bedroom_2,kitchen,entry,living,living,bathroom,kitchen,kitchen,living,kitchen,kitchen,living,kitchen,kitchen,living,bedroom_1,entry,bedroom_1
30300,d21 Mon 01:00,living,entry,kitchen,bedroom_1,bedroom_1,entry,kitchen,kitchen,kitchen,kitchen,kitchen,entry,kitchen,kitchen,entry,entry,kitchen,kitchen,kitchen,kitchen,living,bathroom,bathroom,bedroom_2,kitchen,entry,living,living,bathroom,kitchen,kitchen,living,kitchen,kitchen,living,kitchen,kitchen,living,bedroom_1,entry,bedroom_1
30360,d21 Mon 02:00,living,entry,kitchen,bedroom_1,bedroom_1,entry,kitchen,kitchen,kitchen,kitchen,kitchen,entry,kitchen,kitchen,entry,entry,kitchen,kitchen,kitchen,kitchen,living,bathroom,bathroom,bedroom_2,kitchen,entry,living,living,bathroom,kitchen,kitchen,living,kitchen,kitchen,living,kitchen,kitchen,living,bedroom_1,entry,bedroom_1
30420,d21 Mon 03:00,living,entry,kitchen,bedroom_1,bedroom_1,entry,kitchen,kitchen,kitchen,kitchen,kitchen,entry,kitchen,kitchen,entry,entry,kitchen,kitchen,kitchen,kitchen,living,bathroom,bathroom,bedroom_2,kitchen,entry,living,living,bathroom,kitchen,kitchen,living,kitchen,kitchen,living,kitchen,kitchen,living,bedroom_1,entry,bedroom_1
30480,d21 Mon 04:00,living,entry,kitchen,bedroom_1,bedroom_1,entry,kitchen,kitchen,kitchen,kitchen,kitchen,entry,kitchen,kitchen,entry,entry,kitchen,kitchen,kitchen,kitchen,living,bathroom,bathroom,bedroom_2,kitchen,entry,living,living,bathroom,kitchen,kitchen,living,kitchen,kitchen,living,kitchen,kitchen,living,bedroom_1,entry,bedroom_1
30540,d21 Mon 05:00,living,entry,kitchen,bedroom_1,bedroom_1,entry,kitchen,kitchen,kitchen,kitchen,kitchen,entry,kitchen,kitchen,entry,entry,kitchen,kitchen,kitchen,kitchen,living,bathroom,bathroom,bedroom_2,kitchen,entry,living,living,bathroom,kitchen,kitchen,living,kitchen,kitchen,living,kitchen,kitchen,living,bedroom_1,entry,bedroom_1
30600,d21 Mon 06:00,entry,entry,kitchen,bedroom_1,bedroom_1,entry,kitchen,kitchen,kitchen,kitchen,kitchen,entry,kitchen,kitchen,entry,kitchen,kitchen,kitchen,kitchen,kitchen,living,bathroom,bathroom,bedroom_2,kitchen,entry,living,living,bathroom,kitchen,kitchen,living,kitchen,kitchen,living,kitchen,kitchen,living,bedroom_1,entry,bedroom_1
30660,d21 Mon 07:00,kitchen,kitchen,kitchen,bedroom_1,bedroom_1,entry,kitchen,kitchen,kitchen,kitchen,kitchen,entry,outside,outside,outside,outside,outside,outside,kitchen,outside,outside,bathroom,entry,bedroom_2,kitchen,entry,living,living,bathroom,kitchen,kitchen,kitchen,kitchen,kitchen,living,kitchen,kitchen,living,bedroom_1,entry,bedroom_1
30720,d21 Mon 08:00,outside,outside,outside,outside,outside,outside,kitchen,outside,kitchen,kitchen,outside,outside,outside,outside,outside,outside,outside,outside,kitchen,outside,outside,bathroom,bathroom,bedroom_2,kitchen,entry,living,living,bathroom,kitchen,kitchen,kitchen,kitchen,kitchen,living,kitchen,kitchen,living,bedroom_1,entry,bedroom_1
30780,d21 Mon 09:00,outside,outside,outside,outside,outside,outside,kitchen,outside,kitchen,kitchen,outside,outside,outside,outside,outside,outside,outside,outside,kitchen,outside,outside,bathroom,bathroom,outside,outside,outside,living,living,bathroom,kitchen,kitchen,kitchen,kitchen,kitchen,living,kitchen,kitchen,living,bedroom_1,entry,bedroom_1
30840,d21 Mon 10:00,outside,outside,outside,outside,outside,outside,kitchen,outside,kitchen,kitchen,outside,outside,outside,outside,outside,outside,outside,outside,kitchen,outside,outside,bathroom,bathroom,outside,outside,outside,living,living,bathroom,kitchen,kitchen,kitchen,kitchen,kitchen,living,kitchen,kitchen,living,bedroom_1,entry,bedroom_1
30900,d21 Mon 11:00,outside,outside,outside,outside,outside,outside,kitchen,outside,kitchen,kitchen,outside,outside,outside,outside,outside,outside,outside,outside,kitchen,outside,outside,bathroom,bathroom,outside,outside,outside,living,living,bathroom,kitchen,kitchen,kitchen,kitchen,kitchen,living,kitchen,kitchen,living,bedroom_1,entry,bedroom_1
30960,d21 Mon 12:00,outside,outside,outside,outside,outside,outside,kitchen,outside,kitchen,kitchen,outside,outside,outside,outside,outside,outside,outside,outside,kitchen,outside,outside,bathroom,bathroom,outside,outside,outside,living,living,bathroom,kitchen,kitchen,kitchen,kitchen,kitchen,living,kitchen,kitchen,living,bedroom_1,entry,bedroom_1
31020,d21 Mon 13:00,outside,outside,outside,outside,outside,outside,kitchen,outside,kitchen,kitchen,outside,outside,outside,outside,outside,outside,outside,outside,kitchen,outside,outside,bathroom,bathroom,outside,outside,outside,living,living,bathroom,kitchen,kitchen,kitchen,kitchen,kitchen,living,kitchen,kitchen,living,bedroom_1,entry,bedroom_1
31080,d21 Mon 14:00,outside,outside,outside,outside,outside,outside,kitchen,outside,kitchen,kitchen,outside,outside,kitchen,entry,kitchen,entry,kitchen,kitchen,kitchen,entry,living,bathroom,bathroom,outside,outside,outside,living,living,bathroom,kitchen,kitchen,living,kitchen,kitchen,living,kitchen,kitchen,living,bedroom_1,entry,bedroom_1
31140,d21 Mon 15:00,outside,outside,outside,outside,outside,outside,kitchen,outside,kitchen,kitchen,outside,outside,kitchen,entry,kitchen,bedroom_1,kitchen,kitchen,kitchen,entry,living,bathroom,bathroom,living,living,entry,living,living,bathroom,kitchen,kitchen,living,kitchen,kitchen,living,kitchen,kitchen,living,bedroom_1,entry,bedroom_1
31200,d21 Mon 16:00,bedroom_1,entry,bedroom_1,kitchen,bedroom_1,entry,kitchen,kitchen,kitchen,kitchen,bedroom_1,entry,entry,entry,entry,entry,kitchen,kitchen,kitchen,entry,living,bathroom,bathroom,living,kitchen,bedroom_1,living,living,bathroom,kitchen,kitchen,living,kitchen,kitchen,living,kitchen,kitchen,living,bedroom_1,entry,bedroom_1
31260,d21 Mon 17:00,bedroom_1,entry,bedroom_1,kitchen,bedroom_1,entry,kitchen,kitchen,kitchen,kitchen,bedroom_1,entry,entry,entry,entry,entry,kitchen,kitchen,kitchen,entry,living,bathroom,bathroom,living,kitchen,bedroom_1,living,living,bathroom,kitchen,kitchen,kitchen,kitchen,kitchen,living,kitchen,kitchen,living,bedroom_1,entry,bedroom_1
31320,d21 Mon 18:00,bedroom_1,entry,bedroom_1,kitchen,bedroom_1,entry,kitchen,kitchen,kitchen,kitchen,bedroom_1,entry,entry,entry,entry,entry,kitchen,kitchen,kitchen,entry,living,bathroom,bathroom,living,kitchen,bedroom_1,living,living,bathroom,kitchen,kitchen,kitchen,kitchen,kitchen,living,kitchen,kitchen,living,bedroom_1,entry,bedroom_1
31380,d21 Mon 19:00,bedroom_1,entry,bedroom_1,kitchen,bedroom_1,entry,kitchen,kitchen,kitchen,kitchen,bedroom_1,entry,entry,kitchen,entry,entry,kitchen,kitchen,kitchen,entry,living,bathroom,bathroom,bedroom_2,kitchen,bedroom_1,living,living,bathroom,kitchen,kitchen,kitchen,kitchen,kitchen,living,kitchen,kitchen,living,bedroom_1,entry,bedroom_1
31440,d21 Mon 20:00,bedroom_1,entry,bedroom_1,bedroom_1,kitchen,entry,kitchen,kitchen,bedroom_1,bedroom_1,kitchen,entry,entry,kitchen,entry,entry,kitchen,kitchen,kitchen,entry,living,bathroom,bathroom,bedroom_2,kitchen,bedroom_1,living,bedroom_1,bathroom,kitchen,kitchen,kitchen,kitchen,kitchen,living,kitchen,kitchen,living,bedroom_1,entry,bedroom_1
31500,d21 Mon 21:00,bedroom_1,entry,bedroom_1,bedroom_1,kitchen,entry,kitchen,kitchen,bedroom_1,bedroom_1,kitchen,entry,kitchen,kitchen,entry,entry,kitchen,kitchen,kitchen,entry,living,bathroom,bathroom,living,kitchen,bedroom_1,living,living,bathroom,kitchen,kitchen,kitchen,kitchen,kitchen,living,kitchen,kitchen,living,bedroom_1,entry,bedroom_1
31560,d21 Mon 22:00,bedroom_1,entry,bedroom_1,bedroom_1,kitchen,entry,kitchen,kitchen,bedroom_1,bedroom_1,kitchen,entry,kitchen,kitchen,entry,entry,kitchen,kitchen,kitchen,entry,living,bathroom,bathroom,bedroom_2,kitchen,bedroom_1,living,living,bathroom,kitchen,kitchen,kitchen,kitchen,kitchen,living,kitchen,kitchen,living,bedroom_1,entry,bedroom_1
31620,d21 Mon 23:00,bedroom_1,entry,bedroom_1,bedroom_1,kitchen,entry,kitchen,kitchen,bedroom_1,bedroom_1,kitchen,entry,kitchen,kitchen,entry,entry,kitchen,kitchen,kitchen,entry,living,bathroom,bathroom,bedroom_2,kitchen,bedroom_1,living,living,bathroom,kitchen,kitchen,kitchen,kitchen,kitchen,living,kitchen,kitchen,living,bedroom_1,entry,bedroom_1
31680,d22 Tue 00:00,bedroom_1,entry,bedroom_1,bedroom_1,kitchen,entry,kitchen,kitchen,bedroom_1,bedroom_1,kitchen,entry,kitchen,kitchen,entry,entry,kitchen,kitchen,kitchen,entry,living,bathroom,bathroom,bedroom_2,kitchen,bedroom_1,living,living,bathroom,kitchen,kitchen,kitchen,kitchen,kitchen,living,kitchen,kitchen,living,bedroom_1,entry,bedroom_1
31740,d22 Tue 01:00,bedroom_1,entry,bedroom_1,bedroom_1,kitchen,entry,kitchen,kitchen,bedroom_1,bedroom_1,kitchen,entry,kitchen,kitchen,entry,entry,kitchen,kitchen,kitchen,entry,living,bathroom,bathroom,bedroom_2,kitchen,bedroom_1,living,living,bathroom,kitchen,kitchen,kitchen,kitchen,kitchen,living,kitchen,kitchen,living,bedroom_1,entry,bedroom_1
31800,d22 Tue 02:00,bedroom_1,entry,bedroom_1,bedroom_1,kitchen,entry,kitchen,kitchen,bedroom_1,bedroom_1,kitchen,entry,kitchen,kitchen,entry,entry,kitchen,kitchen,kitchen,entry,living,bathroom,bathroom,bedroom_2,kitchen,bedroom_1,living,living,bathroom,kitchen,kitchen,kitchen,kitchen,kitchen,living,kitchen,kitchen,living,bedroom_1,entry,bedroom_1
31860,d22 Tue 03:00,bedroom_1,entry,bedroom_1,bedroom_1,kitchen,entry,kitchen,kitchen,bedroom_1,bedroom_1,kitchen,entry,kitchen,kitchen,entry,entry,kitchen,kitchen,kitchen,entry,living,bathroom,bathroom,bedroom_2,kitchen,bedroom_1,living,living,bathroom,kitchen,kitchen,kitchen,kitchen,kitchen,living,kitchen,kitchen,living,bedroom_1,entry,bedroom_1
31920,d22 Tue 04:00,bedroom_1,entry,bedroom_1,bedroom_1,kitchen,entry,kitchen,kitchen,bedroom_1,bedroom_1,kitchen,entry,kitchen,kitchen,entry,entry,kitchen,kitchen,kitchen,entry,living,bathroom,bathroom,bedroom_2,kitchen,bedroom_1,living,living,bathroom,kitchen,kitchen,kitchen,kitchen,kitchen,living,kitchen,kitchen,living,bedroom_1,entry,bedroom_1
31980,d22 Tue 05:00,bedroom_1,entry,bedroom_1,bedroom_1,kitchen,entry,kitchen,kitchen,bedroom_1,bedroom_1,kitchen,entry,kitchen,kitchen,entry,entry,kitchen,kitchen,kitchen,entry,living,bathroom,bathroom,bedroom_2,kitchen,bedroom_1,living,living,bathroom,kitchen,kitchen,kitchen,kitchen,kitchen,living,kitchen,kitchen,living,bedroom_1,entry,bedroom_1
32040,d22 Tue 06:00,kitchen,entry,bedroom_1,bedroom_1,kitchen,entry,kitchen,kitchen,bedroom_1,bedroom_1,kitchen,entry,bathroom,kitchen,entry,entry,kitchen,kitchen,living,entry,living,bathroom,bathroom,bedroom_2,kitchen,bedroom_1,living,living,bathroom,kitchen,kitchen,kitchen,kitchen,kitchen,living,kitchen,kitchen,living,bedroom_1,entry,bedroom_1
32100,d22 Tue 07:00,kitchen,entry,bedroom_1,bedroom_1,kitchen,entry,kitchen,kitchen,bedroom_1,bedroom_1,kitchen,entry,outside,outside,outside,outside,outside,outside,kitchen,outside,outside,kitchen,bathroom,kitchen,kitchen,bedroom_1,living,living,bathroom,kitchen,kitchen,kitchen,kitchen,kitchen,living,kitchen,kitchen,living,bedroom_1,entry,bedroom_1
32160,d22 Tue 08:00,outside,outside,outside,outside,outside,outside,kitchen,outside,bedroom_1,bedroom_1,outside,outside,outside,outside,outside,outside,outside,outside,kitchen,outside,outside,bathroom,bathroom,outside,outside,outside,living,living,bathroom,kitchen,kitchen,kitchen,kitchen,kitchen,living,kitchen,kitchen,living,bedroom_1,entry,bedroom_1
32220,d22 Tue 09:00,outside,outside,outside,outside,outside,outside,kitchen,outside,bedroom_1,bedroom_1,outside,outside,outside,outside,outside,outside,outside,outside,kitchen,outside,outside,bathroom,bathroom,outside,outside,outside,living,living,bathroom,kitchen,kitchen,kitchen,kitchen,kitchen,living,kitchen,kitchen,living,bedroom_1,entry,bedroom_1
32280,d22 Tue 10:00,outside,outside,outside,outside,outside,outside,kitchen,outside,bedroom_1,bedroom_1,outside,outside,outside,outside,outside,outside,outside,outside,kitchen,outside,outside,bathroom,bathroom,outside,outside,outside,living,living,kitchen,kitchen,kitchen,kitchen,kitchen,kitchen,living,kitchen,kitchen,living,bedroom_1,entry,bedroom_1
32340,d22 Tue 11:00,outside,outside,outside,outside,kitchen,outside,kitchen,outside,bedroom_1,bedroom_1,outside,outside,outside,outside,outside,outside,outside,outside,kitchen,outside,outside,bathroom,bathroom,outside,outside,outside,living,living,kitchen,kitchen,kitchen,kitchen,kitchen,kitchen,living,kitchen,kitchen,living,bedroom_1,entry,bedroom_1
32400,d22 Tue 12:00,outside,outside,outside,outside,kitchen,outside,kitchen,outside,bedroom_1,bedroom_1,outside,outside,outside,outside,outside,outside,outside,outside,kitchen,outside,outside,bathroom,bathroom,outside,outside,outside,living,living,kitchen,kitchen,kitchen,kitchen,kitchen,kitchen,living,kitchen,kitchen,living,bedroom_1,entry,bedroom_1
32460,d22 Tue 13:00,outside,outside,outside,outside,bedroom_1,outside,kitchen,outside,bedroom_1,bedroom_1,outside,outside,kitchen,entry,entry,entry,kitchen,kitchen,kitchen,entry,living,bathroom,bathroom,outside,outside,outside,living,living,kitchen,kitchen,kitchen,kitchen,kitchen,kitchen,living,kitchen,kitchen,living,bedroom_1,entry,bedroom_1
32520,d22 Tue 14:00,outside,outside,outside,outside,bedroom_1,outside,kitchen,outside,bedroom_1,bedroom_1,outside,outside,kitchen,entry,entry,entry,kitchen,kitchen,kitchen,entry,living,bathroom,bathroom,outside,outside,outside,living,living,kitchen,kitchen,kitchen,living,kitchen,kitchen,living,kitchen,kitchen,living,bedroom_1,entry,bedroom_1
32580,d22 Tue 15:00,outside,outside,outside,outside,bedroom_1,outside,kitchen,outside,bedroom_1,bedroom_1,outside,outside,kitchen,entry,entry,entry,kitchen,kitchen,kitchen,entry,living,bathroom,bathroom,bedroom_2,kitchen,entry,living,living,kitchen,kitchen,kitchen,living,kitchen,kitchen,living,kitchen,kitchen,living,bedroom_1,entry,bedroom_1
32640,d22 Tue 16:00,entry,entry,bedroom_1,kitchen,kitchen,kitchen,kitchen,kitchen,bedroom_1,bedroom_1,entry,entry,entry,entry,kitchen,entry,kitchen,kitchen,kitchen,entry,living,bathroom,bathroom,bedroom_2,kitchen,entry,living,living,kitchen,kitchen,kitchen,living,kitchen,kitchen,living,entry,kitchen,living,bedroom_1,entry,bedroom_1
32700,d22 Tue 17:00,entry,entry,bedroom_1,kitchen,kitchen,kitchen,kitchen,kitchen,bedroom_1,bedroom_1,entry,entry,entry,entry,kitchen,entry,kitchen,kitchen,kitchen,entry,living,bathroom,bathroom,bedroom_2,kitchen,entry,living,living,kitchen,kitchen,kitchen,kitchen,kitchen,kitchen,living,entry,kitchen,living,bedroom_1,entry,bedroom_1
32760,d22 Tue 18:00,entry,entry,kitchen,kitchen,kitchen,kitchen,kitchen,kitchen,bedroom_1,kitchen,entry,entry,entry,entry,kitchen,entry,kitchen,kitchen,kitchen,entry,living,bathroom,bathroom,bedroom_2,kitchen,entry,living,living,kitchen,kitchen,kitchen,living,kitchen,kitchen,living,entry,kitchen,living,bedroom_1,entry,bedroom_1
32820,d22 Tue 19:00,entry,entry,kitchen,kitchen,kitchen,kitchen,kitchen,kitchen,bedroom_1,kitchen,entry,entry,entry,kitchen,kitchen,entry,kitchen,kitchen,kitchen,entry,living,bathroom,bathroom,bedroom_2,kitchen,entry,living,bedroom_2,kitchen,kitchen,kitchen,living,kitchen,kitchen,living,entry,kitchen,living,bedroom_1,entry,bedroom_1
32880,d22 Tue 20:00,entry,entry,bedroom_1,bedroom_1,bedroom_1,entry,kitchen,kitchen,bedroom_1,kitchen,bedroom_1,entry,entry,kitchen,kitchen,bedroom_1,kitchen,kitchen,kitchen,entry,living,bathroom,bathroom,bedroom_2,kitchen,entry,living,living,kitchen,kitchen,kitchen,living,kitchen,kitchen,living,living,kitchen,living,bedroom_1,entry,bedroom_1
32940,d22 Tue 21:00,entry,entry,bedroom_1,bedroom_1,bedroom_1,entry,kitchen,kitchen,bedroom_1,kitchen,bedroom_1,entry,entry,kitchen,kitchen,bedroom_1,kitchen,kitchen,kitchen,entry,living,bathroom,bathroom,bedroom_2,kitchen,entry,living,living,kitchen,kitchen,kitchen,living,kitchen,kitchen,living,kitchen,kitchen,living,bedroom_1,entry,bedroom_1
33000,d22 Tue 22:00,entry,entry,bedroom_1,bedroom_1,bedroom_1,entry,kitchen,kitchen,bedroom_1,kitchen,bedroom_1,entry,entry,kitchen,kitchen,bedroom_1,kitchen,kitchen,kitchen,entry,living,bathroom,bathroom,bedroom_2,kitchen,entry,living,living,kitchen,kitchen,kitchen,living,kitchen,kitchen,living,kitchen,kitchen,living,bedroom_1,entry,bedroom_1
33060,d22 Tue 23:00,entry,entry,bedroom_1,bedroom_1,bedroom_1,entry,kitchen,kitchen,bedroom_1,kitchen,bedroom_1,entry,entry,kitchen,kitchen,bedroom_1,kitchen,kitchen,kitchen,entry,living,bathroom,bathroom,bedroom_2,kitchen,entry,living,living,kitchen,kitchen,kitchen,living,kitchen,kitchen,living,kitchen,kitchen,living,bedroom_1,entry,bedroom_1
33120,d23 Wed 00:00,entry,entry,bedroom_1,bedroom_1,bedroom_1,entry,kitchen,kitchen,bedroom_1,kitchen,bedroom_1,entry,entry,kitchen,kitchen,bedroom_1,kitchen,kitchen,kitchen,entry,living,bathroom,bathroom,bedroom_2,kitchen,entry,living,living,kitchen,kitchen,kitchen,living,kitchen,kitchen,living,kitchen,kitchen,living,bedroom_1,entry,bedroom_1
33180,d23 Wed 01:00,entry,entry,bedroom_1,bedroom_1,bedroom_1,entry,kitchen,kitchen,bedroom_1,kitchen,bedroom_1,entry,entry,kitchen,kitchen,bedroom_1,kitchen,kitchen,kitchen,entry,living,bathroom,bathroom,bedroom_2,kitchen,entry,living,living,kitchen,kitchen,kitchen,living,kitchen,kitchen,living,kitchen,kitchen,living,bedroom_1,entry,bedroom_1
33240,d23 Wed 02:00,entry,entry,bedroom_1,bedroom_1,bedroom_1,entry,kitchen,kitchen,bedroom_1,kitchen,bedroom_1,entry,entry,kitchen,kitchen,bedroom_1,kitchen,kitchen,kitchen,entry,living,bathroom,bathroom,bedroom_2,kitchen,entry,living,living,kitchen,kitchen,kitchen,living,kitchen,kitchen,living,kitchen,kitchen,living,bedroom_1,entry,bedroom_1
33300,d23 Wed 03:00,entry,entry,bedroom_1,bedroom_1,bedroom_1,entry,kitchen,kitchen,bedroom_1,kitchen,bedroom_1,entry,entry,kitchen,kitchen,bedroom_1,kitchen,kitchen,kitchen,entry,living,bathroom,bathroom,bedroom_2,kitchen,entry,living,living,kitchen,kitchen,kitchen,living,kitchen,kitchen,living,kitchen,kitchen,living,bedroom_1,entry,bedroom_1
33360,d23 Wed 04:00,entry,entry,bedroom_1,bedroom_1,bedroom_1,entry,kitchen,kitchen,bedroom_1,kitchen,bedroom_1,entry,entry,kitchen,kitchen,bedroom_1,kitchen,kitchen,kitchen,entry,living,bathroom,bathroom,bedroom_2,kitchen,entry,living,living,kitchen,kitchen,kitchen,living,kitchen,kitchen,living,kitchen,kitchen,living,bedroom_1,entry,bedroom_1
33420,d23 Wed 05:00,entry,entry,bedroom_1,bedroom_1,bedroom_1,entry,kitchen,kitchen,bedroom_1,kitchen,bedroom_1,entry,entry,kitchen,kitchen,bedroom_1,kitchen,kitchen,kitchen,entry,living,bathroom,bathroom,bedroom_2,kitchen,entry,living,living,kitchen,kitchen,kitchen,living,kitchen,kitchen,living,kitchen,kitchen,living,bedroom_1,entry,bedroom_1
33480,d23 Wed 06:00,kitchen,entry,bedroom_1,bedroom_1,bedroom_1,entry,kitchen,kitchen,bedroom_1,kitchen,bedroom_1,entry,kitchen,kitchen,kitchen,bedroom_1,kitchen,kitchen,kitchen,entry,living,bathroom,bathroom,bedroom_2,kitchen,entry,living,living,kitchen,kitchen,kitchen,kitchen,kitchen,kitchen,kitchen,kitchen,kitchen,living,bedroom_1,entry,bedroom_1
33540,d23 Wed 07:00,entry,entry,bedroom_1,bedroom_1,bedroom_1,entry,kitchen,kitchen,bedroom_1,kitchen,bedroom_1,entry,outside,outside,outside,kitchen,outside,outside,kitchen,outside,outside,bedroom_2,bedroom_2,kitchen,kitchen,entry,living,living,kitchen,kitchen,kitchen,kitchen,kitchen,kitchen,kitchen,kitchen,kitchen,living,bedroom_1,entry,bedroom_1
33600,d23 Wed 08:00,outside,outside,outside,outside,outside,outside,kitchen,outside,bedroom_1,kitchen,outside,outside,outside,outside,outside,kitchen,outside,outside,kitchen,outside,outside,bathroom,bathroom,outside,outside,outside,living,living,kitchen,kitchen,kitchen,kitchen,kitchen,kitchen,kitchen,kitchen,kitchen,living,bedroom_1,entry,bedroom_1
33660,d23 Wed 09:00,outside,outside,outside,outside,outside,outside,kitchen,outside,bedroom_1,kitchen,outside,outside,outside,outside,outside,kitchen,outside,outside,kitchen,outside,outside,bathroom,bathroom,outside,outside,outside,living,living,kitchen,kitchen,kitchen,kitchen,kitchen,kitchen,kitchen,kitchen,kitchen,living,bedroom_1,entry,bedroom_1
33720,d23 Wed 10:00,outside,outside,outside,outside,outside,outside,kitchen,outside,bedroom_1,kitchen,outside,outside,outside,outside,outside,kitchen,outside,outside,kitchen,outside,outside,bathroom,bathroom,outside,outside,outside,living,living,kitchen,kitchen,kitchen,kitchen,kitchen,kitchen,kitchen,kitchen,kitchen,living,bedroom_1,entry,bedroom_1
33780,d23 Wed 11:00,outside,outside,outside,outside,outside,outside,kitchen,outside,bedroom_1,kitchen,outside,outside,outside,outside,outside,kitchen,outside,outside,kitchen,outside,outside,bathroom,bathroom,outside,outside,outside,living,living,kitchen,kitchen,kitchen,kitchen,kitchen,kitchen,kitchen,kitchen,kitchen,living,bedroom_1,entry,bedroom_1
33840,d23 Wed 12:00,outside,outside,outside,outside,outside,outside,kitchen,outside,bedroom_1,kitchen,outside,outside,entry,entry,entry,entry,kitchen,kitchen,kitchen,entry,living,bathroom,bathroom,outside,outside,outside,living,living,kitchen,kitchen,kitchen,kitchen,kitchen,kitchen,kitchen,kitchen,bedroom_1,living,bedroom_1,entry,bedroom_1
33900,d23 Wed 13:00,outside,outside,outside,outside,outside,outside,kitchen,outside,bedroom_1,kitchen,outside,outside,entry,entry,entry,entry,kitchen,kitchen,kitchen,entry,living,bathroom,bathroom,outside,outside,outside,living,living,kitchen,kitchen,kitchen,kitchen,kitchen,kitchen,kitchen,kitchen,bedroom_1,living,bedroom_1,entry,bedroom_1
33960,d23 Wed 14:00,outside,outside,outside,outside,outside,outside,kitchen,outside,bedroom_1,kitchen,outside,outside,bathroom,entry,entry,bedroom_1,kitchen,kitchen,kitchen,entry,living,bathroom,bathroom,bedroom_2,kitchen,entry,living,living,kitchen,kitchen,kitchen,living,kitchen,kitchen,kitchen,kitchen,kitchen,living,bedroom_1,entry,bedroom_1
34020,d23 Wed 15:00,outside,outside,outside,outside,outside,outside,kitchen,outside,bedroom_1,kitchen,outside,outside,bathroom,entry,entry,bedroom_1,kitchen,kitchen,kitchen,entry,living,bathroom,bathroom,bedroom_2,kitchen,entry,living,living,kitchen,kitchen,kitchen,living,kitchen,kitchen,kitchen,kitchen,kitchen,living,bedroom_1,entry,bedroom_1
34080,d23 Wed 16:00,entry,entry,bedroom_1,bedroom_1,bedroom_1,entry,kitchen,kitchen,bedroom_1,kitchen,bedroom_1,entry,kitchen,entry,entry,entry,kitchen,kitchen,kitchen,entry,living,bathroom,bathroom,living,living,bedroom_1,living,living,kitchen,kitchen,kitchen,living,kitchen,kitchen,kitchen,kitchen,kitchen,living,bedroom_1,entry,bedroom_1
34140,d23 Wed 17:00,entry,entry,bedroom_1,bedroom_1,bedroom_1,entry,kitchen,kitchen,bedroom_1,kitchen,bedroom_1,entry,kitchen,entry,entry,entry,kitchen,kitchen,kitchen,entry,living,bathroom,bathroom,living,kitchen,bedroom_1,living,living,kitchen,kitchen,kitchen,living,kitchen,kitchen,kitchen,kitchen,kitchen,living,bedroom_1,entry,bedroom_1
34200,d23 Wed 18:00,entry,entry,bedroom_1,bedroom_1,bedroom_1,entry,kitchen,kitchen,bedroom_1,kitchen,bedroom_1,entry,kitchen,entry,entry,entry,kitchen,kitchen,kitchen,entry,living,bathroom,bathroom,living,kitchen,bedroom_1,living,living,kitchen,kitchen,kitchen,living,kitchen,kitchen,kitchen,kitchen,kitchen,living,bedroom_1,entry,bedroom_1
34260,d23 Wed 19:00,entry,entry,bedroom_1,bedroom_1,bedroom_1,entry,kitchen,kitchen,bedroom_1,kitchen,bedroom_1,entry,kitchen,entry,entry,entry,kitchen,kitchen,kitchen,entry,living,bathroom,bathroom,bedroom_2,kitchen,bedroom_1,living,living,kitchen,kitchen,kitchen,living,kitchen,kitchen,kitchen,kitchen,kitchen,living,bedroom_1,entry,bedroom_1
34320,d23 Wed 20:00,entry,entry,bedroom_1,bedroom_1,bedroom_1,entry,kitchen,kitchen,bedroom_1,kitchen,bedroom_1,entry,kitchen,entry,entry,entry,kitchen,kitchen,kitchen,entry,living,bathroom,bathroom,bedroom_2,kitchen,bedroom_1,living,bedroom_1,kitchen,kitchen,kitchen,living,kitchen,kitchen,kitchen,kitchen,kitchen,living,bedroom_1,entry,bedroom_1
34380,d23 Wed 21:00,entry,entry,kitchen,bedroom_1,bedroom_1,entry,kitchen,kitchen,bedroom_1,kitchen,bedroom_1,entry,kitchen,entry,entry,entry,kitchen,kitchen,kitchen,entry,living,bathroom,bathroom,bedroom_2,kitchen,bedroom_1,living,bedroom_1,kitchen,kitchen,kitchen,living,kitchen,kitchen,living,kitchen,kitchen,living,bedroom_1,entry,bedroom_1
34440,d23 Wed 22:00,entry,entry,kitchen,bedroom_1,bedroom_1,entry,kitchen,kitchen,bedroom_1,kitchen,bedroom_1,entry,kitchen,entry,entry,entry,kitchen,kitchen,kitchen,entry,living,bathroom,bathroom,living,kitchen,bedroom_1,living,living,kitchen,kitchen,kitchen,living,kitchen,kitchen,living,kitchen,kitchen,living,bedroom_1,entry,bedroom_1
34500,d23 Wed 23:00,entry,entry,kitchen,bedroom_1,bedroom_1,entry,kitchen,kitchen,bedroom_1,kitchen,bedroom_1,entry,kitchen,entry,entry,entry,kitchen,kitchen,kitchen,entry,living,bathroom,bathroom,living,kitchen,bedroom_1,living,living,kitchen,kitchen,kitchen,living,kitchen,kitchen,living,kitchen,kitchen,living,bedroom_1,entry,bedroom_1
34560,d24 Thu 00:00,entry,entry,kitchen,bedroom_1,bedroom_1,entry,kitchen,kitchen,bedroom_1,kitchen,bedroom_1,entry,kitchen,entry,entry,entry,kitchen,kitchen,kitchen,entry,living,bathroom,bathroom,living,kitchen,bedroom_1,living,living,kitchen,kitchen,kitchen,living,kitchen,kitchen,living,kitchen,kitchen,living,bedroom_1,entry,bedroom_1
34620,d24 Thu 01:00,entry,entry,kitchen,bedroom_1,bedroom_1,entry,kitchen,kitchen,bedroom_1,kitchen,bedroom_1,entry,kitchen,entry,entry,entry,kitchen,kitchen,kitchen,entry,living,bathroom,bathroom,living,kitchen,bedroom_1,living,living,kitchen,kitchen,kitchen,living,kitchen,kitchen,living,kitchen,kitchen,living,bedroom_1,entry,bedroom_1
34680,d24 Thu 02:00,entry,entry,kitchen,bedroom_1,bedroom_1,entry,kitchen,kitchen,bedroom_1,kitchen,bedroom_1,entry,kitchen,entry,entry,entry,kitchen,kitchen,kitchen,entry,living,bathroom,bathroom,living,kitchen,bedroom_1,living,living,kitchen,kitchen,kitchen,living,kitchen,kitchen,living,kitchen,kitchen,living,bedroom_1,entry,bedroom_1
34740,d24 Thu 03:00,entry,entry,kitchen,bedroom_1,bedroom_1,entry,kitchen,kitchen,bedroom_1,kitchen,bedroom_1,entry,kitchen,entry,entry,entry,kitchen,kitchen,kitchen,entry,living,bathroom,bathroom,living,kitchen,bedroom_1,living,living,kitchen,kitchen,kitchen,living,kitchen,kitchen,living,kitchen,kitchen,living,bedroom_1,entry,bedroom_1
34800,d24 Thu 04:00,entry,entry,kitchen,bedroom_1,bedroom_1,entry,kitchen,kitchen,bedroom_1,kitchen,bedroom_1,entry,kitchen,entry,entry,entry,kitchen,kitchen,kitchen,entry,living,bathroom,bathroom,living,kitchen,bedroom_1,living,living,kitchen,kitchen,kitchen,living,kitchen,kitchen,living,kitchen,kitchen,living,bedroom_1,entry,bedroom_1
34860,d24 Thu 05:00,entry,entry,kitchen,bedroom_1,bedroom_1,entry,kitchen,kitchen,bedroom_1,kitchen,bedroom_1,entry,kitchen,entry,entry,entry,kitchen,kitchen,kitchen,entry,living,bathroom,bathroom,living,kitchen,bedroom_1,living,living,kitchen,kitchen,kitchen,living,kitchen,kitchen,living,kitchen,kitchen,living,bedroom_1,entry,bedroom_1
34920,d24 Thu 06:00,kitchen,entry,kitchen,bedroom_1,bedroom_1,entry,kitchen,kitchen,bedroom_1,kitchen,bedroom_1,entry,bathroom,entry,entry,entry,kitchen,kitchen,living,entry,living,bathroom,bathroom,living,kitchen,bedroom_1,living,living,kitchen,kitchen,kitchen,kitchen,kitchen,kitchen,living,kitchen,kitchen,living,bedroom_1,entry,bedroom_1
34980,d24 Thu 07:00,kitchen,kitchen,kitchen,bedroom_1,bedroom_1,entry,kitchen,kitchen,bedroom_1,kitchen,bedroom_1,entry,kitchen,entry,entry,entry,kitchen,kitchen,kitchen,entry,living,kitchen,entry,living,kitchen,bedroom_1,living,living,kitchen,kitchen,kitchen,kitchen,kitchen,kitchen,living,kitchen,kitchen,living,bedroom_1,entry,bedroom_1
35040,d24 Thu 08:00,entry,entry,kitchen,bedroom_1,bedroom_1,entry,kitchen,kitchen,bedroom_1,kitchen,bedroom_1,entry,outside,outside,outside,outside,outside,outside,kitchen,outside,outside,entry,entry,outside,outside,outside,bathroom,living,kitchen,kitchen,kitchen,kitchen,kitchen,kitchen,living,kitchen,kitchen,living,bedroom_1,entry,bedroom_1
35100,d24 Thu 09:00,outside,outside,outside,outside,outside,outside,kitchen,outside,bedroom_1,kitchen,outside,outside,outside,outside,outside,outside,outside,outside,kitchen,outside,outside,bathroom,bathroom,outside,outside,outside,bathroom,kitchen,kitchen,kitchen,kitchen,kitchen,kitchen,kitchen,living,kitchen,kitchen,living,bedroom_1,entry,bedroom_1
35160,d24 Thu 10:00,outside,outside,outside,outside,outside,outside,kitchen,outside,bedroom_1,kitchen,outside,outside,outside,outside,outside,outside,outside,outside,kitchen,outside,outside,bathroom,bathroom,outside,outside,outside,bathroom,kitchen,kitchen,kitchen,kitchen,kitchen,kitchen,kitchen,living,kitchen,kitchen,living,bedroom_1,entry,bedroom_1
35220,d24 Thu 11:00,outside,outside,outside,outside,outside,outside,kitchen,outside,bedroom_1,kitchen,outside,outside,outside,outside,outside,outside,outside,outside,kitchen,outside,outside,bathroom,bathroom,outside,outside,outside,bathroom,kitchen,kitchen,kitchen,kitchen,kitchen,kitchen,kitchen,living,kitchen,kitchen,living,bedroom_1,entry,bedroom_1
35280,d24 Thu 12:00,outside,outside,outside,outside,outside,outside,kitchen,outside,bedroom_1,kitchen,outside,outside,outside,outside,outside,outside,outside,outside,kitchen,outside,outside,bathroom,bathroom,outside,outside,outside,bathroom,kitchen,kitchen,kitchen,kitchen,kitchen,kitchen,kitchen,living,kitchen,kitchen,living,bedroom_1,entry,bedroom_1
35340,d24 Thu 13:00,outside,outside,outside,outside,outside,outside,kitchen,outside,bedroom_1,kitchen,outside,outside,outside,outside,outside,outside,outside,outside,kitchen,outside,outside,bathroom,bathroom,outside,outside,outside,bathroom,kitchen,kitchen,kitchen,kitchen,kitchen,kitchen,kitchen,living,kitchen,kitchen,living,bedroom_1,entry,bedroom_1
35400,d24 Thu 14:00,outside,outside,outside,outside,outside,outside,kitchen,outside,bedroom_1,kitchen,outside,outside,entry,kitchen,kitchen,entry,kitchen,kitchen,kitchen,entry,living,bathroom,bathroom,outside,outside,outside,living,kitchen,kitchen,kitchen,kitchen,living,kitchen,kitchen,living,entry,bedroom_1,living,bedroom_1,entry,bedroom_1
35460,d24 Thu 15:00,outside,outside,outside,outside,outside,outside,kitchen,outside,bedroom_1,kitchen,outside,outside,bathroom,entry,kitchen,entry,kitchen,kitchen,kitchen,entry,living,bathroom,bathroom,living,kitchen,entry,living,kitchen,kitchen,kitchen,kitchen,living,kitchen,kitchen,living,kitchen,kitchen,living,bedroom_1,entry,bedroom_1
35520,d24 Thu 16:00,entry,entry,bedroom_1,bedroom_1,bedroom_1,entry,kitchen,kitchen,bedroom_1,kitchen,entry,kitchen,entry,entry,entry,entry,kitchen,kitchen,kitchen,entry,living,bathroom,bathroom,bedroom_2,kitchen,entry,living,kitchen,kitchen,kitchen,kitchen,living,kitchen,kitchen,living,kitchen,kitchen,living,bedroom_1,entry,bedroom_1
35580,d24 Thu 17:00,kitchen,entry,bedroom_1,bedroom_1,bedroom_1,entry,kitchen,kitchen,bedroom_1,kitchen,entry,kitchen,entry,entry,entry,entry,kitchen,kitchen,kitchen,entry,living,bathroom,bathroom,bedroom_2,kitchen,entry,living,kitchen,kitchen,kitchen,kitchen,living,kitchen,kitchen,living,kitchen,kitchen,living,bedroom_1,entry,bedroom_1
35640,d24 Thu 18:00,kitchen,entry,bedroom_1,bedroom_1,bedroom_1,kitchen,kitchen,kitchen,bedroom_1,kitchen,entry,kitchen,entry,entry,entry,entry,kitchen,kitchen,kitchen,entry,living,bathroom,bathroom,bedroom_2,kitchen,entry,living,bedroom_2,kitchen,kitchen,kitchen,living,kitchen,kitchen,living,kitchen,kitchen,living,bedroom_1,entry,bedroom_1
35700,d24 Thu 19:00,kitchen,entry,bedroom_1,bedroom_1,bedroom_1,kitchen,kitchen,kitchen,bedroom_1,kitchen,entry,kitchen,entry,entry,entry,entry,kitchen,kitchen,kitchen,entry,living,bathroom,bathroom,bedroom_2,kitchen,entry,living,living,kitchen,kitchen,kitchen,living,kitchen,kitchen,living,kitchen,kitchen,living,bedroom_1,entry,bedroom_1
35760,d24 Thu 20:00,kitchen,entry,bedroom_1,kitchen,bedroom_1,kitchen,kitchen,kitchen,bedroom_1,kitchen,entry,kitchen,entry,entry,entry,entry,kitchen,kitchen,kitchen,entry,bedroom_1,bathroom,bathroom,bedroom_2,kitchen,entry,living,living,kitchen,kitchen,kitchen,living,kitchen,kitchen,living,kitchen,kitchen,living,bedroom_1,entry,bedroom_1
35820,d24 Thu 21:00,kitchen,entry,bedroom_1,kitchen,bedroom_1,kitchen,kitchen,kitchen,bedroom_1,kitchen,entry,kitchen,entry,entry,entry,entry,kitchen,kitchen,kitchen,entry,bedroom_1,bathroom,bathroom,bedroom_2,kitchen,entry,living,bedroom_1,kitchen,kitchen,kitchen,living,kitchen,kitchen,living,kitchen,kitchen,living,bedroom_1,entry,bedroom_1
35880,d24 Thu 22:00,kitchen,entry,bedroom_1,kitchen,bedroom_1,kitchen,kitchen,kitchen,bedroom_1,kitchen,entry,kitchen,entry,entry,entry,entry,kitchen,kitchen,kitchen,entry,bedroom_1,bathroom,bathroom,living,kitchen,entry,living,bedroom_2,kitchen,kitchen,kitchen,living,kitchen,kitchen,living,kitchen,kitchen,living,bedroom_1,entry,bedroom_1
35940,d24 Thu 23:00,kitchen,entry,bedroom_1,kitchen,bedroom_1,kitchen,kitchen,kitchen,bedroom_1,kitchen,entry,kitchen,entry,entry,entry,entry,kitchen,kitchen,kitchen,entry,bedroom_1,bathroom,bathroom,living,kitchen,entry,living,bedroom_2,kitchen,kitchen,kitchen,living,kitchen,kitchen,living,kitchen,kitchen,living,bedroom_1,entry,bedroom_1
36000,d25 Fri 00:00,kitchen,entry,bedroom_1,kitchen,bedroom_1,kitchen,kitchen,kitchen,bedroom_1,kitchen,entry,kitchen,entry,entry,entry,entry,kitchen,kitchen,kitchen,entry,bedroom_1,bathroom,bathroom,living,kitchen,entry,living,bedroom_2,kitchen,kitchen,kitchen,living,kitchen,kitchen,living,kitchen,kitchen,living,bedroom_1,entry,bedroom_1
36060,d25 Fri 01:00,kitchen,entry,bedroom_1,kitchen,bedroom_1,kitchen,kitchen,kitchen,bedroom_1,kitchen,entry,kitchen,entry,entry,entry,entry,kitchen,kitchen,kitchen,entry,bedroom_1,bathroom,bathroom,living,kitchen,entry,living,bedroom_2,kitchen,kitchen,kitchen,living,kitchen,kitchen,living,kitchen,kitchen,living,bedroom_1,entry,bedroom_1
36120,d25 Fri 02:00,kitchen,entry,bedroom_1,kitchen,bedroom_1,kitchen,kitchen,kitchen,bedroom_1,kitchen,entry,kitchen,entry,entry,entry,entry,kitchen,kitchen,kitchen,entry,bedroom_1,bathroom,bathroom,living,kitchen,entry,living,bedroom_2,kitchen,kitchen,kitchen,living,kitchen,kitchen,living,kitchen,kitchen,living,bedroom_1,entry,bedroom_1
36180,d25 Fri 03:00,kitchen,entry,bedroom_1,kitchen,bedroom_1,kitchen,kitchen,kitchen,bedroom_1,kitchen,entry,kitchen,entry,entry,entry,entry,kitchen,kitchen,kitchen,entry,bedroom_1,bathroom,bathroom,living,kitchen,entry,living,bedroom_2,kitchen,kitchen,kitchen,living,kitchen,kitchen,living,kitchen,kitchen,living,bedroom_1,entry,bedroom_1
36240,d25 Fri 04:00,kitchen,entry,bedroom_1,kitchen,bedroom_1,kitchen,kitchen,kitchen,bedroom_1,kitchen,entry,kitchen,entry,entry,entry,entry,kitchen,kitchen,kitchen,entry,bedroom_1,bathroom,bathroom,living,kitchen,entry,living,bedroom_2,kitchen,kitchen,kitchen,living,kitchen,kitchen,living,kitchen,kitchen,living,bedroom_1,entry,bedroom_1
36300,d25 Fri 05:00,kitchen,entry,bedroom_1,kitchen,bedroom_1,kitchen,kitchen,kitchen,bedroom_1,kitchen,entry,kitchen,entry,entry,entry,entry,kitchen,kitchen,kitchen,entry,bedroom_1,bathroom,bathroom,living,kitchen,entry,living,bedroom_2,kitchen,kitchen,kitchen,living,kitchen,kitchen,living,kitchen,kitchen,living,bedroom_1,entry,bedroom_1
36360,d25 Fri 06:00,entry,entry,bedroom_1,kitchen,bedroom_1,kitchen,kitchen,kitchen,bedroom_1,kitchen,entry,kitchen,bathroom,entry,entry,entry,kitchen,kitchen,kitchen,entry,bedroom_1,kitchen,bathroom,living,kitchen,entry,living,bedroom_2,kitchen,kitchen,kitchen,living,kitchen,kitchen,living,kitchen,kitchen,living,bedroom_1,entry,bedroom_1
36420,d25 Fri 07:00,entry,entry,bedroom_1,kitchen,bedroom_1,kitchen,kitchen,kitchen,bedroom_1,kitchen,entry,kitchen,bathroom,entry,entry,entry,kitchen,kitchen,living,entry,bedroom_1,bedroom_2,bedroom_2,living,kitchen,entry,living,bedroom_2,kitchen,kitchen,kitchen,kitchen,kitchen,kitchen,living,kitchen,kitchen,living,bedroom_1,entry,bedroom_1
36480,d25 Fri 08:00,entry,entry,bedroom_1,kitchen,bedroom_1,kitchen,kitchen,kitchen,bedroom_1,kitchen,entry,kitchen,outside,outside,outside,outside,outside,outside,living,outside,outside,kitchen,bathroom,outside,outside,outside,living,bedroom_2,kitchen,kitchen,kitchen,living,kitchen,kitchen,living,kitchen,kitchen,living,bedroom_1,entry,bedroom_1
36540,d25 Fri 09:00,outside,outside,outside,outside,outside,outside,kitchen,outside,bedroom_1,kitchen,outside,outside,outside,outside,outside,outside,outside,outside,living,outside,outside,bathroom,bathroom,outside,outside,outside,living,bedroom_2,kitchen,kitchen,kitchen,living,kitchen,kitchen,living,kitchen,kitchen,living,bedroom_1,entry,bedroom_1
36600,d25 Fri 10:00,outside,outside,outside,outside,outside,outside,kitchen,outside,bedroom_1,kitchen,outside,outside,outside,outside,outside,outside,outside,outside,living,outside,outside,bathroom,bathroom,outside,outside,outside,living,bedroom_2,kitchen,kitchen,kitchen,living,kitchen,kitchen,living,kitchen,kitchen,living,bedroom_1,entry,bedroom_1
36660,d25 Fri 11:00,outside,outside,outside,outside,outside,outside,kitchen,outside,bedroom_1,kitchen,outside,outside,outside,outside,outside,outside,outside,outside,living,outside,outside,bathroom,bathroom,outside,outside,outside,living,bedroom_2,kitchen,kitchen,kitchen,living,kitchen,kitchen,living,kitchen,kitchen,living,bedroom_1,entry,bedroom_1
36720,d25 Fri 12:00,outside,outside,outside,outside,outside,outside,kitchen,outside,bedroom_1,kitchen,outside,outside,outside,outside,outside,outside,outside,outside,living,outside,outside,bathroom,bathroom,outside,outside,outside,living,bedroom_2,kitchen,kitchen,kitchen,living,kitchen,kitchen,living,kitchen,kitchen,living,bedroom_1,entry,bedroom_1
36780,d25 Fri 13:00,outside,outside,kitchen,outside,outside,outside,kitchen,outside,bedroom_1,kitchen,outside,outside,kitchen,entry,entry,entry,kitchen,kitchen,living,entry,living,bathroom,bathroom,outside,outside,outside,living,bedroom_2,kitchen,kitchen,kitchen,living,kitchen,kitchen,living,kitchen,kitchen,living,bedroom_1,entry,bedroom_1
36840,d25 Fri 14:00,outside,outside,kitchen,outside,outside,outside,kitchen,outside,bedroom_1,kitchen,outside,outside,kitchen,entry,entry,entry,kitchen,kitchen,living,entry,living,bathroom,bathroom,outside,outside,outside,living,bedroom_2,kitchen,kitchen,kitchen,living,kitchen,kitchen,living,kitchen,kitchen,living,bedroom_1,entry,bedroom_1
36900,d25 Fri 15:00,outside,outside,kitchen,outside,outside,outside,kitchen,outside,bedroom_1,kitchen,outside,outside,bathroom,entry,entry,bedroom_1,kitchen,kitchen,living,entry,living,bathroom,bathroom,living,living,entry,living,bedroom_2,kitchen,kitchen,kitchen,living,kitchen,kitchen,living,kitchen,kitchen,living,bedroom_1,entry,bedroom_1
36960,d25 Fri 16:00,outside,outside,kitchen,outside,outside,outside,kitchen,outside,bedroom_1,kitchen,outside,outside,bathroom,entry,entry,bedroom_1,kitchen,kitchen,living,entry,living,bathroom,bathroom,living,living,entry,living,bedroom_2,kitchen,kitchen,kitchen,living,kitchen,kitchen,living,kitchen,kitchen,living,bedroom_1,entry,bedroom_1
37020,d25 Fri 17:00,entry,entry,bedroom_1,kitchen,bedroom_1,entry,kitchen,kitchen,bedroom_1,kitchen,bedroom_1,entry,kitchen,kitchen,kitchen,entry,kitchen,kitchen,living,entry,living,bathroom,bathroom,bedroom_2,kitchen,bedroom_1,living,bedroom_2,kitchen,kitchen,kitchen,living,kitchen,kitchen,living,kitchen,kitchen,living,bedroom_1,entry,bedroom_1
37080,d25 Fri 18:00,entry,entry,bedroom_1,kitchen,bedroom_1,entry,kitchen,kitchen,bedroom_1,kitchen,bedroom_1,entry,kitchen,kitchen,kitchen,entry,kitchen,kitchen,living,entry,living,bathroom,bathroom,bedroom_2,kitchen,bedroom_1,living,bedroom_2,kitchen,kitchen,kitchen,living,kitchen,kitchen,living,kitchen,kitchen,living,bedroom_1,entry,bedroom_1
37140,d25 Fri 19:00,entry,kitchen,bedroom_1,kitchen,bedroom_1,entry,kitchen,kitchen,bedroom_1,kitchen,bedroom_1,entry,kitchen,kitchen,kitchen,entry,kitchen,kitchen,living,entry,living,bathroom,bathroom,bedroom_2,kitchen,bedroom_1,living,bedroom_2,kitchen,kitchen,kitchen,living,kitchen,kitchen,living,kitchen,kitchen,living,bedroom_1,entry,bedroom_1
37200,d25 Fri 20:00,entry,kitchen,bedroom_1,kitchen,bedroom_1,entry,kitchen,kitchen,bedroom_1,kitchen,bedroom_1,entry,kitchen,kitchen,kitchen,entry,kitchen,kitchen,living,entry,living,bathroom,bathroom,bedroom_2,kitchen,bedroom_1,living,bedroom_2,kitchen,kitchen,kitchen,living,kitchen,kitchen,living,kitchen,kitchen,living,bedroom_1,entry,bedroom_1
37260,d25 Fri 21:00,entry,kitchen,bedroom_1,kitchen,bedroom_1,entry,kitchen,kitchen,bedroom_1,kitchen,bedroom_1,entry,kitchen,kitchen,kitchen,entry,kitchen,kitchen,living,entry,living,bathroom,bathroom,bedroom_2,kitchen,bedroom_1,living,bedroom_1,kitchen,kitchen,kitchen,living,kitchen,kitchen,living,kitchen,kitchen,living,bedroom_1,entry,bedroom_1
37320,d25 Fri 22:00,entry,kitchen,bedroom_1,kitchen,bedroom_1,entry,kitchen,kitchen,bedroom_1,kitchen,bedroom_1,entry,kitchen,kitchen,kitchen,entry,kitchen,kitchen,living,entry,living,bathroom,bathroom,bedroom_2,kitchen,bedroom_1,living,bedroom_2,kitchen,kitchen,kitchen,living,kitchen,kitchen,living,kitchen,kitchen,living,bedroom_1,entry,bedroom_1
37380,d25 Fri 23:00,entry,kitchen,bedroom_1,kitchen,bedroom_1,entry,kitchen,kitchen,bedroom_1,kitchen,bedroom_1,entry,kitchen,kitchen,kitchen,entry,kitchen,kitchen,living,entry,living,bathroom,bathroom,bedroom_2,kitchen,bedroom_1,living,bedroom_2,kitchen,kitchen,kitchen,living,kitchen,kitchen,living,kitchen,kitchen,living,bedroom_1,entry,bedroom_1
37440,d26 Sat 00:00,entry,kitchen,bedroom_1,kitchen,bedroom_1,entry,kitchen,kitchen,bedroom_1,kitchen,bedroom_1,entry,kitchen,kitchen,kitchen,entry,kitchen,kitchen,living,entry,living,bathroom,bathroom,bedroom_2,kitchen,bedroom_1,living,bedroom_2,kitchen,kitchen,kitchen,living,kitchen,kitchen,living,kitchen,kitchen,living,bedroom_1,entry,bedroom_1
37500,d26 Sat 01:00,entry,kitchen,bedroom_1,kitchen,bedroom_1,entry,kitchen,kitchen,bedroom_1,kitchen,bedroom_1,entry,kitchen,kitchen,kitchen,entry,kitchen,kitchen,living,entry,living,bathroom,bathroom,bedroom_2,kitchen,bedroom_1,living,bedroom_2,kitchen,kitchen,kitchen,living,kitchen,kitchen,living,kitchen,kitchen,living,bedroom_1,entry,bedroom_1
37560,d26 Sat 02:00,entry,kitchen,bedroom_1,kitchen,bedroom_1,entry,kitchen,kitchen,bedroom_1,kitchen,bedroom_1,entry,kitchen,kitchen,kitchen,entry,kitchen,kitchen,living,entry,living,bathroom,bathroom,bedroom_2,kitchen,bedroom_1,living,bedroom_2,kitchen,kitchen,kitchen,living,kitchen,kitchen,living,kitchen,kitchen,living,bedroom_1,entry,bedroom_1
37620,d26 Sat 03:00,entry,kitchen,bedroom_1,kitchen,bedroom_1,entry,kitchen,kitchen,bedroom_1,kitchen,bedroom_1,entry,kitchen,kitchen,kitchen,entry,kitchen,kitchen,living,entry,living,bathroom,bathroom,bedroom_2,kitchen,bedroom_1,living,bedroom_2,kitchen,kitchen,kitchen,living,kitchen,kitchen,living,kitchen,kitchen,living,bedroom_1,entry,bedroom_1
37680,d26 Sat 04:00,entry,kitchen,bedroom_1,kitchen,bedroom_1,entry,kitchen,kitchen,bedroom_1,kitchen,bedroom_1,entry,kitchen,kitchen,kitchen,entry,kitchen,kitchen,living,entry,living,bathroom,bathroom,bedroom_2,kitchen,bedroom_1,living,bedroom_2,kitchen,kitchen,kitchen,living,kitchen,kitchen,living,kitchen,kitchen,living,bedroom_1,entry,bedroom_1
37740,d26 Sat 05:00,entry,kitchen,bedroom_1,kitchen,bedroom_1,entry,kitchen,kitchen,bedroom_1,kitchen,bedroom_1,entry,kitchen,kitchen,kitchen,entry,kitchen,kitchen,living,entry,living,bathroom,bathroom,bedroom_2,kitchen,bedroom_1,living,bedroom_2,kitchen,kitchen,kitchen,living,kitchen,kitchen,living,kitchen,kitchen,living,bedroom_1,entry,bedroom_1
37800,d26 Sat 06:00,entry,kitchen,bedroom_1,kitchen,bedroom_1,entry,kitchen,kitchen,bedroom_1,kitchen,bedroom_1,entry,kitchen,kitchen,kitchen,entry,kitchen,kitchen,kitchen,entry,living,bathroom,bathroom,bedroom_2,kitchen,bedroom_1,living,bedroom_2,kitchen,kitchen,kitchen,living,kitchen,kitchen,living,kitchen,kitchen,living,bedroom_1,entry,bedroom_1
37860,d26 Sat 07:00,kitchen,kitchen,bedroom_1,kitchen,bedroom_1,entry,kitchen,kitchen,bedroom_1,kitchen,bedroom_1,entry,kitchen,kitchen,kitchen,entry,kitchen,kitchen,living,entry,living,bathroom,bathroom,bedroom_2,kitchen,bedroom_1,living,bedroom_2,bedroom_1,kitchen,kitchen,kitchen,kitchen,kitchen,living,kitchen,kitchen,bedroom_1,bedroom_1,entry,bedroom_1
37920,d26 Sat 08:00,kitchen,kitchen,bedroom_1,kitchen,bedroom_1,entry,kitchen,kitchen,bedroom_1,kitchen,bedroom_1,entry,kitchen,kitchen,kitchen,entry,kitchen,kitchen,living,entry,living,bathroom,bathroom,bedroom_2,kitchen,bedroom_1,living,bedroom_2,bedroom_1,kitchen,kitchen,kitchen,kitchen,kitchen,living,living,kitchen,bedroom_1,bedroom_1,entry,bedroom_1
37980,d26 Sat 09:00,kitchen,kitchen,bedroom_1,kitchen,bedroom_1,entry,kitchen,kitchen,bedroom_1,kitchen,bedroom_1,entry,kitchen,kitchen,kitchen,entry,kitchen,kitchen,living,entry,living,bathroom,bathroom,living,kitchen,bedroom_1,living,living,bedroom_1,kitchen,kitchen,living,kitchen,kitchen,living,living,kitchen,bedroom_1,bedroom_1,entry,bedroom_1
38040,d26 Sat 10:00,entry,kitchen,bedroom_1,kitchen,bedroom_1,entry,kitchen,kitchen,bedroom_1,kitchen,bedroom_1,entry,kitchen,kitchen,kitchen,entry,kitchen,kitchen,kitchen,entry,living,bathroom,bathroom,living,kitchen,bedroom_1,living,living,bedroom_1,kitchen,kitchen,kitchen,kitchen,kitchen,living,living,kitchen,bedroom_1,bedroom_1,entry,bedroom_1
38100,d26 Sat 11:00,entry,kitchen,bedroom_1,kitchen,bedroom_1,entry,kitchen,kitchen,bedroom_1,kitchen,bedroom_1,entry,kitchen,kitchen,kitchen,entry,kitchen,kitchen,kitchen,entry,living,bedroom_2,bedroom_2,living,kitchen,bedroom_1,living,living,bedroom_1,kitchen,kitchen,kitchen,kitchen,kitchen,living,living,kitchen,bedroom_1,bedroom_1,entry,bedroom_1
38160,d26 Sat 12:00,outside,outside,outside,outside,outside,outside,kitchen,outside,bedroom_1,kitchen,outside,outside,outside,outside,outside,outside,outside,outside,kitchen,outside,outside,bathroom,bathroom,outside,outside,outside,living,living,bedroom_1,kitchen,kitchen,kitchen,kitchen,kitchen,living,living,kitchen,bedroom_1,bedroom_1,entry,bedroom_1
38220,d26 Sat 13:00,entry,entry,kitchen,bedroom_1,bedroom_1,entry,kitchen,kitchen,bedroom_1,kitchen,bedroom_1,entry,outside,outside,outside,outside,outside,outside,kitchen,outside,outside,bathroom,bathroom,outside,outside,outside,living,living,bedroom_1,kitchen,kitchen,living,kitchen,kitchen,living,kitchen,bedroom_1,bedroom_1,bedroom_1,entry,bedroom_1
38280,d26 Sat 14:00,entry,entry,kitchen,bedroom_1,bedroom_1,entry,kitchen,kitchen,bedroom_1,kitchen,bedroom_1,entry,bathroom,entry,entry,entry,kitchen,kitchen,kitchen,entry,living,bathroom,bathroom,living,living,bedroom_1,living,living,bedroom_1,kitchen,kitchen,living,kitchen,kitchen,living,kitchen,kitchen,bedroom_1,bedroom_1,entry,bedroom_1
38340,d26 Sat 15:00,entry,entry,kitchen,bedroom_1,bedroom_1,entry,kitchen,kitchen,bedroom_1,kitchen,bedroom_1,entry,bathroom,entry,entry,entry,kitchen,kitchen,kitchen,entry,living,bathroom,bathroom,living,living,bedroom_1,living,living,bedroom_1,kitchen,kitchen,living,kitchen,kitchen,living,kitchen,kitchen,bedroom_1,bedroom_1,entry,bedroom_1
38400,d26 Sat 16:00,entry,entry,kitchen,bedroom_1,bedroom_1,entry,kitchen,kitchen,bedroom_1,kitchen,bedroom_1,entry,bathroom,entry,entry,entry,kitchen,kitchen,kitchen,entry,living,bathroom,bathroom,living,kitchen,bedroom_1,living,living,bedroom_1,kitchen,kitchen,living,kitchen,kitchen,living,kitchen,kitchen,bedroom_1,bedroom_1,entry,bedroom_1
38460,d26 Sat 17:00,entry,entry,kitchen,bedroom_1,bedroom_1,entry,kitchen,kitchen,bedroom_1,kitchen,bedroom_1,entry,bathroom,entry,entry,entry,kitchen,kitchen,kitchen,entry,living,bathroom,bathroom,living,kitchen,bedroom_1,living,living,bedroom_1,kitchen,kitchen,living,kitchen,kitchen,living,kitchen,kitchen,bedroom_1,bedroom_1,entry,bedroom_1
38520,d26 Sat 18:00,entry,entry,kitchen,bedroom_1,bedroom_1,kitchen,kitchen,kitchen,bedroom_1,kitchen,bedroom_1,entry,bathroom,entry,entry,entry,kitchen,kitchen,kitchen,entry,living,bathroom,bathroom,living,kitchen,bedroom_1,living,living,bedroom_1,kitchen,kitchen,living,kitchen,kitchen,living,kitchen,kitchen,bedroom_1,bedroom_1,entry,bedroom_1
38580,d26 Sat 19:00,entry,entry,kitchen,bedroom_1,bedroom_1,kitchen,kitchen,kitchen,bedroom_1,kitchen,bedroom_1,entry,bathroom,entry,entry,entry,kitchen,kitchen,kitchen,entry,living,bathroom,bathroom,bedroom_2,kitchen,bedroom_1,living,bedroom_2,bathroom,kitchen,kitchen,living,kitchen,kitchen,living,kitchen,kitchen,bedroom_1,bedroom_1,entry,bedroom_1
38640,d26 Sat 20:00,entry,entry,kitchen,bedroom_1,bedroom_1,kitchen,kitchen,kitchen,bedroom_1,kitchen,bedroom_1,entry,bathroom,entry,entry,entry,kitchen,kitchen,kitchen,entry,living,bathroom,bathroom,bedroom_2,kitchen,bedroom_1,living,bedroom_2,bathroom,kitchen,kitchen,living,kitchen,kitchen,living,kitchen,kitchen,bedroom_1,bedroom_1,entry,bedroom_1
38700,d26 Sat 21:00,entry,entry,kitchen,bedroom_1,bedroom_1,kitchen,kitchen,kitchen,bedroom_1,kitchen,bedroom_1,entry,bathroom,entry,entry,entry,kitchen,kitchen,kitchen,entry,living,bathroom,bathroom,bedroom_2,kitchen,bedroom_1,living,bedroom_2,bathroom,kitchen,kitchen,living,kitchen,kitchen,living,kitchen,kitchen,bedroom_1,bedroom_1,entry,bedroom_1
38760,d26 Sat 22:00,entry,entry,kitchen,bedroom_1,bedroom_1,kitchen,kitchen,kitchen,bedroom_1,kitchen,bedroom_1,entry,bathroom,entry,entry,entry,kitchen,kitchen,kitchen,entry,living,bathroom,bathroom,bedroom_2,kitchen,bedroom_1,living,bedroom_2,bathroom,kitchen,kitchen,living,kitchen,kitchen,living,kitchen,kitchen,bedroom_1,bedroom_1,entry,bedroom_1
38820,d26 Sat 23:00,entry,entry,kitchen,bedroom_1,bedroom_1,kitchen,kitchen,kitchen,bedroom_1,kitchen,bedroom_1,entry,bathroom,entry,entry,entry,kitchen,kitchen,kitchen,entry,living,bathroom,bathroom,bedroom_2,kitchen,bedroom_1,living,bedroom_2,bathroom,kitchen,kitchen,living,kitchen,kitchen,living,kitchen,kitchen,bedroom_1,bedroom_1,entry,bedroom_1
38880,d27 Sun 00:00,entry,entry,kitchen,bedroom_1,bedroom_1,kitchen,kitchen,kitchen,bedroom_1,kitchen,bedroom_1,entry,bathroom,entry,entry,entry,kitchen,kitchen,kitchen,entry,living,bathroom,bathroom,bedroom_2,kitchen,bedroom_1,living,bedroom_2,bathroom,kitchen,kitchen,living,kitchen,kitchen,living,kitchen,kitchen,bedroom_1,bedroom_1,entry,bedroom_1
38940,d27 Sun 01:00,entry,entry,kitchen,bedroom_1,bedroom_1,kitchen,kitchen,kitchen,bedroom_1,kitchen,bedroom_1,entry,bathroom,entry,entry,entry,kitchen,kitchen,kitchen,entry,living,bathroom,bathroom,bedroom_2,kitchen,bedroom_1,living,bedroom_2,bathroom,kitchen,kitchen,living,kitchen,kitchen,living,kitchen,kitchen,bedroom_1,bedroom_1,entry,bedroom_1
39000,d27 Sun 02:00,entry,entry,kitchen,bedroom_1,bedroom_1,kitchen,kitchen,kitchen,bedroom_1,kitchen,bedroom_1,entry,bathroom,entry,entry,entry,kitchen,kitchen,kitchen,entry,living,bathroom,bathroom,bedroom_2,kitchen,bedroom_1,living,bedroom_2,bathroom,kitchen,kitchen,living,kitchen,kitchen,living,kitchen,kitchen,bedroom_1,bedroom_1,entry,bedroom_1
39060,d27 Sun 03:00,entry,entry,kitchen,bedroom_1,bedroom_1,kitchen,kitchen,kitchen,bedroom_1,kitchen,bedroom_1,entry,bathroom,entry,entry,entry,kitchen,kitchen,kitchen,entry,living,bathroom,bathroom,bedroom_2,kitchen,bedroom_1,living,bedroom_2,bathroom,kitchen,kitchen,living,kitchen,kitchen,living,kitchen,kitchen,bedroom_1,bedroom_1,entry,bedroom_1
39120,d27 Sun 04:00,entry,entry,kitchen,bedroom_1,bedroom_1,kitchen,kitchen,kitchen,bedroom_1,kitchen,bedroom_1,entry,bathroom,entry,entry,entry,kitchen,kitchen,kitchen,entry,living,bathroom,bathroom,bedroom_2,kitchen,bedroom_1,living,bedroom_2,bathroom,kitchen,kitchen,living,kitchen,kitchen,living,kitchen,kitchen,bedroom_1,bedroom_1,entry,bedroom_1
39180,d27 Sun 05:00,entry,entry,kitchen,bedroom_1,bedroom_1,kitchen,kitchen,kitchen,bedroom_1,kitchen,bedroom_1,entry,bathroom,entry,entry,entry,kitchen,kitchen,kitchen,entry,living,bathroom,bathroom,bedroom_2,kitchen,bedroom_1,living,bedroom_2,bathroom,kitchen,kitchen,living,kitchen,kitchen,living,kitchen,kitchen,bedroom_1,bedroom_1,entry,bedroom_1
39240,d27 Sun 06:00,entry,entry,kitchen,bedroom_1,bedroom_1,kitchen,kitchen,kitchen,bedroom_1,kitchen,bedroom_1,entry,bathroom,entry,entry,entry,kitchen,kitchen,living,entry,living,bathroom,bathroom,bedroom_2,kitchen,bedroom_1,living,living,bathroom,kitchen,kitchen,living,kitchen,kitchen,living,kitchen,kitchen,bedroom_1,bedroom_1,entry,bedroom_1
39300,d27 Sun 07:00,entry,entry,kitchen,bedroom_1,bedroom_1,kitchen,kitchen,kitchen,bedroom_1,kitchen,bedroom_1,entry,bathroom,entry,entry,entry,kitchen,kitchen,living,entry,living,bathroom,bathroom,bedroom_2,kitchen,bedroom_1,living,living,bathroom,kitchen,kitchen,kitchen,kitchen,kitchen,living,living,kitchen,bedroom_1,bedroom_1,entry,bedroom_1
39360,d27 Sun 08:00,entry,entry,kitchen,bedroom_1,bedroom_1,kitchen,kitchen,kitchen,bedroom_1,kitchen,bedroom_1,entry,bathroom,entry,entry,entry,kitchen,kitchen,living,entry,living,bathroom,bathroom,bedroom_2,kitchen,bedroom_1,living,living,bathroom,kitchen,kitchen,kitchen,kitchen,kitchen,living,living,kitchen,bedroom_1,bedroom_1,entry,bedroom_1
39420,d27 Sun 09:00,entry,entry,kitchen,bedroom_1,bedroom_1,kitchen,kitchen,kitchen,bedroom_1,kitchen,bedroom_1,entry,bathroom,entry,entry,entry,kitchen,kitchen,living,entry,living,bathroom,bathroom,living,kitchen,bedroom_1,living,living,bathroom,kitchen,kitchen,living,kitchen,kitchen,living,living,kitchen,bedroom_1,bedroom_1,entry,bedroom_1
39480,d27 Sun 10:00,entry,entry,kitchen,bedroom_1,bedroom_1,kitchen,kitchen,kitchen,bedroom_1,kitchen,bedroom_1,entry,bathroom,entry,entry,entry,kitchen,kitchen,living,entry,bedroom_1,bathroom,bathroom,living,kitchen,bedroom_1,living,living,bathroom,kitchen,kitchen,living,kitchen,kitchen,living,living,kitchen,living,bedroom_1,entry,bedroom_1
39540,d27 Sun 11:00,kitchen,entry,kitchen,bedroom_1,bedroom_1,kitchen,kitchen,kitchen,bedroom_1,kitchen,bedroom_1,entry,bathroom,entry,entry,entry,kitchen,kitchen,kitchen,entry,bedroom_1,bathroom,bathroom,living,kitchen,bedroom_1,living,living,bathroom,kitchen,kitchen,kitchen,kitchen,kitchen,living,living,kitchen,living,bedroom_1,entry,bedroom_1
39600,d27 Sun 12:00,kitchen,entry,kitchen,bedroom_1,bedroom_1,kitchen,kitchen,kitchen,bedroom_1,kitchen,bedroom_1,entry,bathroom,entry,entry,entry,kitchen,kitchen,kitchen,entry,bedroom_1,bathroom,bathroom,living,kitchen,bedroom_1,living,living,bathroom,kitchen,kitchen,living,kitchen,kitchen,living,living,kitchen,living,bedroom_1,entry,bedroom_1
39660,d27 Sun 13:00,kitchen,entry,kitchen,bedroom_1,bedroom_1,kitchen,kitchen,kitchen,bedroom_1,kitchen,bedroom_1,entry,bathroom,entry,entry,entry,kitchen,kitchen,kitchen,entry,bedroom_1,bathroom,bathroom,living,kitchen,bedroom_1,living,living,bathroom,kitchen,kitchen,living,kitchen,kitchen,living,living,kitchen,living,bedroom_1,entry,bedroom_1
39720,d27 Sun 14:00,kitchen,entry,kitchen,bedroom_1,bedroom_1,kitchen,kitchen,kitchen,bedroom_1,kitchen,bedroom_1,entry,bathroom,entry,entry,entry,kitchen,kitchen,kitchen,entry,bedroom_1,bathroom,bathroom,living,kitchen,bedroom_1,living,living,bedroom_1,kitchen,kitchen,living,kitchen,kitchen,living,living,kitchen,bedroom_1,bedroom_1,entry,bedroom_1
39780,d27 Sun 15:00,kitchen,entry,kitchen,bedroom_1,bedroom_1,kitchen,kitchen,kitchen,bedroom_1,kitchen,bedroom_1,entry,bathroom,entry,entry,entry,kitchen,kitchen,kitchen,entry,bedroom_1,entry,entry,living,kitchen,kitchen,living,living,bathroom,kitchen,kitchen,living,kitchen,kitchen,living,living,kitchen,bedroom_1,bedroom_1,entry,bedroom_1
39840,d27 Sun 16:00,kitchen,entry,kitchen,bedroom_1,bedroom_1,kitchen,kitchen,kitchen,bedroom_1,kitchen,bedroom_1,entry,bathroom,entry,entry,entry,kitchen,kitchen,kitchen,entry,bedroom_1,bathroom,bathroom,living,kitchen,kitchen,living,living,bathroom,kitchen,kitchen,living,kitchen,kitchen,living,living,kitchen,bedroom_1,bedroom_1,entry,bedroom_1
39900,d27 Sun 17:00,kitchen,entry,kitchen,bedroom_1,bedroom_1,kitchen,kitchen,kitchen,bedroom_1,kitchen,bedroom_1,entry,bathroom,entry,entry,entry,kitchen,kitchen,kitchen,entry,bedroom_1,bathroom,bathroom,living,kitchen,kitchen,living,living,bathroom,kitchen,kitchen,kitchen,kitchen,kitchen,living,living,kitchen,living,bedroom_1,entry,bedroom_1
39960,d27 Sun 18:00,kitchen,entry,kitchen,bedroom_1,bedroom_1,kitchen,kitchen,kitchen,bedroom_1,kitchen,bedroom_1,entry,bathroom,entry,entry,entry,kitchen,kitchen,kitchen,entry,bedroom_1,bathroom,bathroom,living,kitchen,kitchen,living,living,bathroom,kitchen,kitchen,kitchen,kitchen,kitchen,living,living,kitchen,living,bedroom_1,kitchen,bedroom_1
40020,d27 Sun 19:00,kitchen,entry,kitchen,bedroom_1,bedroom_1,kitchen,kitchen,kitchen,bedroom_1,kitchen,bedroom_1,entry,bathroom,entry,entry,entry,kitchen,kitchen,kitchen,entry,bedroom_1,bathroom,bathroom,bedroom_2,kitchen,kitchen,living,bedroom_2,bedroom_1,kitchen,kitchen,kitchen,kitchen,kitchen,living,living,kitchen,living,bedroom_1,kitchen,bedroom_1
40080,d27 Sun 20:00,kitchen,entry,kitchen,bedroom_1,bedroom_1,kitchen,kitchen,kitchen,bedroom_1,kitchen,bedroom_1,entry,bathroom,entry,entry,entry,kitchen,kitchen,kitchen,entry,bedroom_1,bathroom,bathroom,bedroom_2,kitchen,kitchen,living,bedroom_2,bedroom_1,kitchen,kitchen,kitchen,kitchen,kitchen,living,living,kitchen,living,bedroom_1,kitchen,bedroom_1
40140,d27 Sun 21:00,kitchen,bedroom_1,kitchen,bedroom_1,bedroom_1,kitchen,kitchen,kitchen,bedroom_1,kitchen,bedroom_1,entry,bathroom,entry,entry,entry,kitchen,kitchen,kitchen,entry,bedroom_1,bathroom,bathroom,bedroom_2,kitchen,kitchen,living,bedroom_2,bedroom_1,kitchen,kitchen,kitchen,kitchen,kitchen,living,living,kitchen,living,bedroom_1,kitchen,bedroom_1
40200,d27 Sun 22:00,kitchen,bedroom_1,kitchen,bedroom_1,bedroom_1,kitchen,kitchen,kitchen,bedroom_1,kitchen,bedroom_1,entry,bathroom,entry,entry,entry,kitchen,kitchen,kitchen,entry,bedroom_1,bathroom,bathroom,bedroom_2,kitchen,kitchen,living,bedroom_2,bedroom_1,kitchen,kitchen,kitchen,kitchen,kitchen,living,living,kitchen,living,bedroom_1,kitchen,bedroom_1
40260,d27 Sun 23:00,kitchen,bedroom_1,kitchen,bedroom_1,bedroom_1,kitchen,kitchen,kitchen,bedroom_1,kitchen,bedroom_1,entry,bathroom,entry,entry,entry,kitchen,kitchen,kitchen,entry,bedroom_1,bathroom,bathroom,bedroom_2,kitchen,kitchen,living,bedroom_2,bedroom_1,kitchen,kitchen,kitchen,kitchen,kitchen,living,living,kitchen,living,bedroom_1,kitchen,bedroom_1
