t,stamp,laptop_mara,phone_mara,keys_mara,wallet_mara,backpack_mara,notebook_mara,pen_mara,mug_mara,water_bottle_mara,glasses_mara,jacket_mara,umbrella_mara,laptop_leo,phone_leo,keys_leo,wallet_leo,backpack_leo,headphones_leo,gaming_controller_leo,charger_leo,mug_leo,bowl_leo,jacket_leo,notebook_leo,phone_sofia,keys_sofia,wallet_sofia,backpack_sofia,lunchbox_sofia,water_bottle_sofia,charger_sofia,jacket_sofia,hairbrush_sofia,makeup_kit_sofia,medication_bottle_sofia,book_sofia,remote_1,blanket_1,plate_1,plate_2,pot_1,pan_1,laundry_basket_1,vacuum_cleaner_1
0,d00 Mon 00:00,kitchen,bedroom_1,kitchen,kitchen,kitchen,kitchen,kitchen,kitchen,kitchen,bedroom_1,entry,entry,living,living,entry,bedroom_2,living,living,living,living,kitchen,kitchen,entry,living,bedroom_3,entry,bedroom_3,bedroom_3,kitchen,kitchen,bedroom_3,entry,bedroom_3,bedroom_3,bedroom_3,bedroom_3,living,living,kitchen,kitchen,kitchen,kitchen,bedroom_1,entry
60,d00 Mon 01:00,kitchen,bedroom_1,kitchen,kitchen,kitchen,kitchen,kitchen,kitchen,kitchen,bedroom_1,entry,entry,living,living,entry,bedroom_2,living,living,living,living,kitchen,kitchen,entry,living,bedroom_3,entry,bedroom_3,bedroom_3,kitchen,kitchen,bedroom_3,entry,bedroom_3,bedroom_3,bedroom_3,bedroom_3,living,living,kitchen,kitchen,kitchen,kitchen,bedroom_1,entry
120,d00 Mon 02:00,kitchen,bedroom_1,kitchen,kitchen,kitchen,kitchen,kitchen,kitchen,kitchen,bedroom_1,entry,entry,living,living,entry,bedroom_2,living,living,living,living,kitchen,kitchen,entry,living,bedroom_3,entry,bedroom_3,bedroom_3,kitchen,kitchen,bedroom_3,entry,bedroom_3,bedroom_3,bedroom_3,bedroom_3,living,living,kitchen,kitchen,kitchen,kitchen,bedroom_1,entry
180,d00 Mon 03:00,kitchen,bedroom_1,kitchen,kitchen,kitchen,kitchen,kitchen,kitchen,kitchen,bedroom_1,entry,entry,living,living,entry,bedroom_2,living,living,living,living,kitchen,kitchen,entry,living,bedroom_3,entry,bedroom_3,bedroom_3,kitchen,kitchen,bedroom_3,entry,bedroom_3,bedroom_3,bedroom_3,bedroom_3,living,living,kitchen,kitchen,kitchen,kitchen,bedroom_1,entry
240,d00 Mon 04:00,kitchen,bedroom_1,kitchen,kitchen,kitchen,kitchen,kitchen,kitchen,kitchen,bedroom_1,entry,entry,living,living,entry,bedroom_2,living,living,living,living,kitchen,kitchen,entry,living,bedroom_3,entry,bedroom_3,bedroom_3,kitchen,kitchen,bedroom_3,entry,bedroom_3,bedroom_3,bedroom_3,bedroom_3,living,living,kitchen,kitchen,kitchen,kitchen,bedroom_1,entry
300,d00 Mon 05:00,kitchen,bedroom_1,kitchen,kitchen,kitchen,kitchen,kitchen,kitchen,kitchen,bedroom_1,entry,entry,living,living,entry,bedroom_2,living,living,living,living,kitchen,kitchen,entry,living,bedroom_3,entry,bedroom_3,bedroom_3,kitchen,kitchen,bedroom_3,entry,bedroom_3,bedroom_3,bedroom_3,bedroom_3,living,living,kitchen,kitchen,kitchen,kitchen,bedroom_1,entry
360,d00 Mon 06:00,kitchen,bedroom_1,kitchen,kitchen,kitchen,kitchen,kitchen,kitchen,kitchen,bedroom_1,entry,entry,living,living,entry,bedroom_2,living,living,living,living,kitchen,kitchen,entry,living,bedroom_3,entry,bedroom_3,bedroom_3,kitchen,kitchen,bedroom_3,entry,bedroom_3,bedroom_3,bedroom_3,bedroom_3,living,living,kitchen,kitchen,kitchen,kitchen,bedroom_1,entry
420,d00 Mon 07:00,kitchen,bedroom_1,kitchen,kitchen,kitchen,kitchen,kitchen,kitchen,kitchen,bedroom_1,entry,entry,living,living,entry,bedroom_2,living,living,living,living,kitchen,kitchen,entry,living,bedroom_3,entry,bedroom_3,bedroom_3,kitchen,kitchen,bedroom_3,entry,bedroom_2,bedroom_2,bedroom_1,bedroom_3,living,living,kitchen,kitchen,kitchen,kitchen,bedroom_1,entry
480,d00 Mon 08:00,kitchen,bedroom_1,kitchen,kitchen,kitchen,kitchen,kitchen,kitchen,kitchen,bedroom_1,entry,entry,living,outside,outside,bedroom_2,outside,living,living,living,kitchen,kitchen,entry,living,bedroom_3,entry,bedroom_3,bedroom_3,kitchen,kitchen,bedroom_3,entry,bedroom_3,bedroom_3,bedroom_1,bedroom_3,living,living,kitchen,kitchen,kitchen,kitchen,bedroom_1,entry
540,d00 Mon 09:00,outside,outside,outside,outside,outside,outside,kitchen,kitchen,outside,bedroom_1,entry,entry,living,outside,outside,bedroom_2,outside,living,living,living,kitchen,kitchen,entry,living,bedroom_3,entry,bedroom_3,bedroom_3,kitchen,kitchen,bedroom_3,entry,bedroom_3,bedroom_3,bedroom_1,bedroom_3,living,living,kitchen,kitchen,kitchen,kitchen,bedroom_1,entry
600,d00 Mon 10:00,outside,outside,outside,outside,outside,outside,kitchen,kitchen,outside,bedroom_1,entry,entry,living,outside,outside,bedroom_2,outside,living,living,living,kitchen,kitchen,entry,living,bedroom_3,entry,bedroom_3,bedroom_3,kitchen,kitchen,bedroom_3,entry,bedroom_3,bedroom_3,bedroom_1,bedroom_3,living,living,kitchen,kitchen,kitchen,kitchen,bedroom_1,entry
660,d00 Mon 11:00,outside,outside,outside,outside,outside,outside,kitchen,kitchen,outside,bedroom_1,entry,entry,living,outside,outside,bedroom_2,outside,living,living,living,kitchen,kitchen,entry,living,bedroom_3,entry,bedroom_3,bedroom_3,kitchen,kitchen,bedroom_3,entry,bedroom_3,bedroom_3,bedroom_1,bedroom_3,living,living,kitchen,kitchen,kitchen,kitchen,bedroom_1,entry
720,d00 Mon 12:00,outside,outside,outside,outside,outside,outside,kitchen,kitchen,outside,bedroom_1,entry,entry,living,outside,outside,bedroom_2,outside,living,living,living,kitchen,kitchen,entry,living,bedroom_3,entry,bedroom_3,bedroom_3,kitchen,kitchen,bedroom_3,entry,bedroom_3,bedroom_3,bedroom_1,bedroom_3,living,living,kitchen,kitchen,kitchen,kitchen,bedroom_1,entry
780,d00 Mon 13:00,outside,outside,outside,outside,outside,outside,kitchen,kitchen,outside,bedroom_1,entry,entry,living,outside,outside,bedroom_2,outside,living,living,living,kitchen,kitchen,entry,living,bedroom_3,entry,bedroom_3,bedroom_3,kitchen,kitchen,bedroom_3,entry,bedroom_3,bedroom_3,bedroom_3,bedroom_3,living,living,kitchen,kitchen,kitchen,kitchen,bedroom_1,entry
840,d00 Mon 14:00,outside,outside,outside,outside,outside,outside,kitchen,kitchen,outside,bedroom_1,entry,entry,living,outside,outside,bedroom_2,outside,living,living,living,bathroom,kitchen,entry,living,bedroom_3,entry,bedroom_3,bedroom_3,kitchen,kitchen,bedroom_3,entry,bathroom,bathroom,bedroom_3,bedroom_3,living,living,kitchen,kitchen,kitchen,kitchen,bedroom_1,entry
900,d00 Mon 15:00,outside,outside,outside,outside,outside,outside,kitchen,kitchen,outside,bedroom_1,entry,entry,living,outside,outside,bedroom_2,outside,living,living,living,bathroom,kitchen,entry,living,outside,outside,outside,outside,outside,kitchen,bedroom_3,outside,bedroom_3,bedroom_3,bedroom_3,bedroom_3,living,living,kitchen,kitchen,kitchen,kitchen,bedroom_1,entry
960,d00 Mon 16:00,outside,outside,outside,outside,outside,outside,kitchen,kitchen,outside,bedroom_1,entry,entry,living,kitchen,kitchen,bedroom_2,kitchen,living,living,living,bathroom,kitchen,entry,living,outside,outside,outside,outside,outside,kitchen,bedroom_3,outside,bedroom_3,bedroom_3,bedroom_3,bedroom_3,living,living,kitchen,kitchen,kitchen,kitchen,bedroom_1,entry
1020,d00 Mon 17:00,bedroom_1,bedroom_1,kitchen,kitchen,kitchen,kitchen,kitchen,kitchen,kitchen,living,entry,entry,living,kitchen,kitchen,bedroom_2,kitchen,living,living,living,bathroom,kitchen,entry,living,outside,outside,outside,outside,outside,kitchen,bedroom_3,outside,bedroom_3,bedroom_3,bedroom_3,bedroom_3,living,living,kitchen,kitchen,kitchen,kitchen,bedroom_1,entry
1080,d00 Mon 18:00,bedroom_1,bedroom_1,kitchen,kitchen,kitchen,kitchen,kitchen,kitchen,kitchen,kitchen,entry,entry,living,kitchen,kitchen,bedroom_2,kitchen,living,living,living,bathroom,kitchen,entry,living,outside,outside,outside,outside,outside,kitchen,bedroom_3,outside,bedroom_3,bedroom_3,bedroom_3,bedroom_3,living,living,kitchen,kitchen,kitchen,kitchen,bedroom_1,entry
1140,d00 Mon 19:00,kitchen,bedroom_1,kitchen,kitchen,kitchen,kitchen,kitchen,kitchen,kitchen,kitchen,entry,entry,living,kitchen,kitchen,bedroom_2,kitchen,living,living,living,bathroom,kitchen,entry,living,outside,outside,outside,outside,outside,kitchen,bedroom_3,outside,bedroom_3,bedroom_3,bedroom_3,kitchen,living,living,kitchen,kitchen,kitchen,kitchen,bedroom_1,entry
1200,d00 Mon 20:00,kitchen,bedroom_1,kitchen,kitchen,kitchen,kitchen,kitchen,kitchen,kitchen,kitchen,entry,entry,living,living,kitchen,bedroom_2,kitchen,living,living,living,kitchen,kitchen,entry,living,outside,outside,outside,outside,outside,kitchen,bedroom_3,outside,bedroom_3,bedroom_3,bedroom_3,kitchen,living,living,kitchen,kitchen,kitchen,kitchen,bedroom_1,entry
1260,d00 Mon 21:00,kitchen,bedroom_1,kitchen,kitchen,kitchen,kitchen,kitchen,kitchen,kitchen,kitchen,entry,entry,living,living,kitchen,bedroom_2,kitchen,living,living,living,kitchen,kitchen,entry,living,outside,outside,outside,outside,outside,kitchen,bedroom_3,outside,bedroom_3,bedroom_3,bedroom_3,kitchen,living,living,kitchen,kitchen,kitchen,kitchen,bedroom_1,entry
1320,d00 Mon 22:00,kitchen,bedroom_1,kitchen,kitchen,kitchen,kitchen,kitchen,kitchen,kitchen,bedroom_1,entry,entry,living,living,kitchen,bedroom_2,kitchen,living,living,living,kitchen,kitchen,entry,living,outside,outside,outside,outside,outside,kitchen,bedroom_3,outside,bedroom_3,bedroom_3,bedroom_3,kitchen,living,living,kitchen,kitchen,kitchen,kitchen,bedroom_1,entry
1380,d00 Mon 23:00,kitchen,bedroom_1,kitchen,kitchen,kitchen,kitchen,kitchen,kitchen,kitchen,bedroom_1,entry,entry,living,living,kitchen,bedroom_2,kitchen,living,living,living,kitchen,kitchen,entry,living,outside,outside,outside,outside,outside,kitchen,bedroom_3,outside,bedroom_3,bedroom_3,bedroom_3,kitchen,living,living,kitchen,kitchen,kitchen,kitchen,bedroom_1,entry
1440,d01 Tue 00:00,kitchen,bedroom_1,kitchen,kitchen,kitchen,kitchen,kitchen,kitchen,kitchen,bedroom_1,entry,entry,living,living,kitchen,bedroom_2,kitchen,living,living,living,kitchen,kitchen,entry,living,outside,outside,outside,outside,outside,kitchen,bedroom_3,outside,bedroom_3,bedroom_3,bedroom_3,kitchen,living,living,kitchen,kitchen,kitchen,kitchen,bedroom_1,entry
1500,d01 Tue 01:00,kitchen,bedroom_1,kitchen,kitchen,kitchen,kitchen,kitchen,kitchen,kitchen,bedroom_1,entry,entry,living,living,kitchen,bedroom_2,kitchen,living,living,living,kitchen,kitchen,entry,living,kitchen,entry,bathroom,bedroom_3,kitchen,kitchen,bedroom_3,entry,bedroom_3,bedroom_3,bedroom_3,kitchen,living,living,kitchen,kitchen,kitchen,kitchen,bedroom_1,entry
1560,d01 Tue 02:00,kitchen,bedroom_1,kitchen,kitchen,kitchen,kitchen,kitchen,kitchen,kitchen,bedroom_1,entry,entry,living,living,kitchen,bedroom_2,kitchen,living,living,living,kitchen,kitchen,entry,living,kitchen,entry,bathroom,bedroom_3,kitchen,kitchen,bedroom_3,entry,bedroom_3,bedroom_3,bedroom_3,kitchen,living,living,kitchen,kitchen,kitchen,kitchen,bedroom_1,entry
1620,d01 Tue 03:00,kitchen,bedroom_1,kitchen,kitchen,kitchen,kitchen,kitchen,kitchen,kitchen,bedroom_1,entry,entry,living,living,kitchen,bedroom_2,kitchen,living,living,living,kitchen,kitchen,entry,living,kitchen,entry,bathroom,bedroom_3,kitchen,kitchen,bedroom_3,entry,bedroom_3,bedroom_3,bedroom_3,kitchen,living,living,kitchen,kitchen,kitchen,kitchen,bedroom_1,entry
1680,d01 Tue 04:00,kitchen,bedroom_1,kitchen,kitchen,kitchen,kitchen,kitchen,kitchen,kitchen,bedroom_1,entry,entry,living,living,kitchen,bedroom_2,kitchen,living,living,living,kitchen,kitchen,entry,living,kitchen,entry,bathroom,bedroom_3,kitchen,kitchen,bedroom_3,entry,bedroom_3,bedroom_3,bedroom_3,kitchen,living,living,kitchen,kitchen,kitchen,kitchen,bedroom_1,entry
1740,d01 Tue 05:00,kitchen,bedroom_1,kitchen,kitchen,kitchen,kitchen,kitchen,kitchen,kitchen,bedroom_1,entry,entry,living,living,kitchen,bedroom_2,kitchen,living,living,living,kitchen,kitchen,entry,living,kitchen,entry,bathroom,bedroom_3,kitchen,kitchen,bedroom_3,entry,bedroom_3,bedroom_3,bedroom_3,kitchen,living,living,kitchen,kitchen,kitchen,kitchen,bedroom_1,entry
1800,d01 Tue 06:00,kitchen,bedroom_1,kitchen,kitchen,kitchen,kitchen,kitchen,kitchen,kitchen,bedroom_1,entry,entry,living,living,kitchen,bedroom_2,kitchen,living,living,living,kitchen,kitchen,entry,living,kitchen,entry,bathroom,bedroom_3,kitchen,kitchen,bedroom_3,entry,bedroom_3,bedroom_3,bedroom_3,kitchen,living,living,kitchen,kitchen,kitchen,kitchen,bedroom_1,entry
1860,d01 Tue 07:00,kitchen,bedroom_1,kitchen,kitchen,kitchen,kitchen,kitchen,kitchen,kitchen,bedroom_1,entry,entry,living,living,kitchen,bedroom_2,kitchen,living,living,living,kitchen,kitchen,entry,living,kitchen,entry,bathroom,bedroom_3,kitchen,kitchen,bedroom_3,entry,bedroom_2,bedroom_2,bedroom_3,kitchen,living,living,kitchen,kitchen,kitchen,kitchen,bedroom_1,entry
1920,d01 Tue 08:00,kitchen,bedroom_1,kitchen,kitchen,kitchen,kitchen,kitchen,kitchen,kitchen,bedroom_1,entry,entry,living,living,bedroom_2,bedroom_2,kitchen,living,living,living,kitchen,kitchen,entry,living,kitchen,entry,bathroom,bedroom_3,kitchen,kitchen,bedroom_3,entry,bedroom_1,bedroom_1,bedroom_3,kitchen,living,living,kitchen,kitchen,kitchen,kitchen,bedroom_1,entry
1980,d01 Tue 09:00,kitchen,bedroom_1,kitchen,kitchen,kitchen,kitchen,kitchen,kitchen,kitchen,bedroom_1,entry,entry,outside,outside,outside,bedroom_2,outside,living,living,outside,living,kitchen,entry,living,kitchen,entry,bathroom,bedroom_3,kitchen,kitchen,bedroom_3,entry,bedroom_1,bathroom,bedroom_3,kitchen,living,living,kitchen,kitchen,kitchen,kitchen,bedroom_1,entry
2040,d01 Tue 10:00,outside,outside,outside,outside,outside,outside,kitchen,kitchen,outside,bedroom_1,entry,entry,outside,outside,outside,bedroom_2,outside,living,living,outside,kitchen,kitchen,entry,living,kitchen,entry,bathroom,bedroom_3,kitchen,kitchen,bedroom_3,entry,bedroom_1,bathroom,bedroom_3,kitchen,living,living,kitchen,kitchen,kitchen,kitchen,bedroom_1,entry
2100,d01 Tue 11:00,outside,outside,outside,outside,outside,outside,kitchen,kitchen,outside,bedroom_1,entry,entry,outside,outside,outside,bedroom_2,outside,living,living,outside,kitchen,kitchen,entry,living,kitchen,entry,bathroom,bedroom_3,kitchen,kitchen,bedroom_3,entry,bedroom_1,bathroom,bedroom_3,kitchen,living,living,kitchen,kitchen,kitchen,kitchen,bedroom_1,entry
2160,d01 Tue 12:00,outside,outside,outside,outside,outside,outside,kitchen,kitchen,outside,bedroom_1,entry,entry,outside,outside,outside,bedroom_2,outside,living,living,outside,kitchen,kitchen,entry,living,kitchen,entry,bathroom,bedroom_3,kitchen,kitchen,bedroom_3,entry,bedroom_1,bathroom,bedroom_3,kitchen,living,living,kitchen,kitchen,kitchen,kitchen,bedroom_1,entry
2220,d01 Tue 13:00,outside,outside,outside,outside,outside,outside,kitchen,kitchen,outside,bedroom_1,entry,entry,outside,outside,outside,bedroom_2,outside,living,living,outside,kitchen,kitchen,entry,living,kitchen,entry,bathroom,bedroom_3,kitchen,kitchen,bedroom_3,entry,bathroom,bathroom,bedroom_3,kitchen,living,living,kitchen,kitchen,kitchen,kitchen,bedroom_1,entry
2280,d01 Tue 14:00,outside,outside,outside,outside,outside,outside,kitchen,kitchen,outside,bedroom_1,entry,entry,outside,outside,outside,bedroom_2,outside,living,living,outside,kitchen,kitchen,entry,living,kitchen,entry,bathroom,bedroom_3,kitchen,kitchen,bedroom_3,entry,bedroom_3,bedroom_3,bedroom_3,kitchen,living,living,kitchen,kitchen,kitchen,kitchen,bedroom_1,entry
2340,d01 Tue 15:00,kitchen,bedroom_1,kitchen,kitchen,kitchen,kitchen,kitchen,kitchen,kitchen,bedroom_1,entry,entry,outside,outside,outside,bedroom_2,outside,living,living,outside,kitchen,kitchen,entry,living,outside,outside,outside,outside,outside,kitchen,bedroom_3,outside,bedroom_3,bedroom_3,bedroom_3,bedroom_3,living,living,kitchen,kitchen,kitchen,kitchen,bedroom_1,entry
2400,d01 Tue 16:00,kitchen,bedroom_1,kitchen,kitchen,kitchen,kitchen,kitchen,kitchen,kitchen,bedroom_1,entry,entry,living,living,living,bedroom_2,entry,living,living,living,kitchen,kitchen,entry,living,outside,outside,outside,outside,outside,kitchen,bedroom_3,outside,bedroom_3,bedroom_3,bedroom_3,bedroom_3,living,living,kitchen,kitchen,kitchen,kitchen,bedroom_1,entry
2460,d01 Tue 17:00,kitchen,bedroom_1,kitchen,kitchen,kitchen,kitchen,kitchen,kitchen,kitchen,bedroom_1,entry,entry,living,living,living,bedroom_2,entry,living,living,living,kitchen,kitchen,entry,living,outside,outside,outside,outside,outside,kitchen,bedroom_3,outside,bedroom_3,bedroom_3,bedroom_3,bedroom_3,living,living,kitchen,kitchen,kitchen,kitchen,bedroom_1,entry
2520,d01 Tue 18:00,kitchen,outside,outside,outside,outside,kitchen,kitchen,kitchen,kitchen,bedroom_1,entry,entry,living,living,living,bedroom_2,entry,living,living,living,kitchen,kitchen,entry,living,outside,outside,outside,outside,outside,kitchen,bedroom_3,outside,bedroom_3,bedroom_3,bedroom_3,kitchen,living,living,kitchen,kitchen,kitchen,kitchen,bedroom_1,entry
2580,d01 Tue 19:00,kitchen,bedroom_1,kitchen,kitchen,entry,kitchen,kitchen,kitchen,kitchen,living,entry,entry,living,living,living,bedroom_2,entry,living,living,living,kitchen,kitchen,entry,living,outside,outside,outside,outside,outside,kitchen,bedroom_3,outside,bedroom_3,bedroom_3,bedroom_3,kitchen,living,living,kitchen,kitchen,kitchen,kitchen,bedroom_1,entry
2640,d01 Tue 20:00,kitchen,bedroom_1,kitchen,kitchen,entry,kitchen,kitchen,kitchen,kitchen,living,entry,entry,living,living,living,bedroom_2,entry,living,living,living,kitchen,kitchen,entry,living,outside,outside,outside,outside,outside,kitchen,bedroom_3,outside,bedroom_3,bedroom_3,bedroom_3,kitchen,living,living,kitchen,kitchen,kitchen,kitchen,bedroom_1,entry
2700,d01 Tue 21:00,kitchen,bedroom_1,kitchen,kitchen,entry,kitchen,kitchen,kitchen,kitchen,bathroom,entry,entry,living,living,living,bedroom_2,entry,living,living,living,kitchen,kitchen,entry,living,outside,outside,outside,outside,outside,kitchen,bedroom_3,outside,bedroom_3,bedroom_3,bedroom_3,kitchen,living,living,kitchen,kitchen,kitchen,kitchen,bedroom_1,entry
2760,d01 Tue 22:00,kitchen,bedroom_1,kitchen,kitchen,entry,kitchen,kitchen,kitchen,kitchen,bedroom_1,entry,entry,living,living,living,bedroom_2,entry,living,living,living,kitchen,kitchen,entry,living,outside,outside,outside,outside,outside,kitchen,bedroom_3,outside,bedroom_3,bedroom_3,bedroom_3,kitchen,living,living,kitchen,kitchen,kitchen,kitchen,bedroom_1,entry
2820,d01 Tue 23:00,kitchen,bedroom_1,kitchen,kitchen,entry,kitchen,kitchen,kitchen,kitchen,bedroom_1,entry,entry,living,living,living,bedroom_2,entry,living,living,living,kitchen,kitchen,entry,living,outside,outside,outside,outside,outside,kitchen,bedroom_3,outside,bedroom_3,bedroom_3,bedroom_3,kitchen,living,living,kitchen,kitchen,kitchen,kitchen,bedroom_1,entry
2880,d02 Wed 00:00,kitchen,bedroom_1,kitchen,kitchen,entry,kitchen,kitchen,kitchen,kitchen,bathroom,entry,entry,living,living,living,bedroom_2,entry,living,living,living,kitchen,kitchen,entry,living,bedroom_3,bedroom_3,bedroom_3,kitchen,kitchen,kitchen,bedroom_3,entry,bedroom_3,bedroom_3,bedroom_3,kitchen,living,living,kitchen,kitchen,kitchen,kitchen,bedroom_1,entry
2940,d02 Wed 01:00,kitchen,bedroom_1,kitchen,kitchen,entry,kitchen,kitchen,kitchen,kitchen,bedroom_1,entry,entry,living,living,living,bedroom_2,entry,living,living,living,kitchen,kitchen,entry,living,bedroom_3,bedroom_3,bedroom_3,kitchen,kitchen,kitchen,bedroom_3,entry,bedroom_3,bedroom_3,bedroom_3,kitchen,living,living,kitchen,kitchen,kitchen,kitchen,bedroom_1,entry
3000,d02 Wed 02:00,kitchen,bedroom_1,kitchen,kitchen,entry,kitchen,kitchen,kitchen,kitchen,bedroom_1,entry,entry,living,living,living,bedroom_2,entry,living,living,living,kitchen,kitchen,entry,living,bedroom_3,bedroom_3,bedroom_3,kitchen,kitchen,kitchen,bedroom_3,entry,bedroom_3,bedroom_3,bedroom_3,kitchen,living,living,kitchen,kitchen,kitchen,kitchen,bedroom_1,entry
3060,d02 Wed 03:00,kitchen,bedroom_1,kitchen,kitchen,entry,kitchen,kitchen,kitchen,kitchen,bedroom_1,entry,entry,living,living,living,bedroom_2,entry,living,living,living,kitchen,kitchen,entry,living,bedroom_3,bedroom_3,bedroom_3,kitchen,kitchen,kitchen,bedroom_3,entry,bedroom_3,bedroom_3,bedroom_3,kitchen,living,living,kitchen,kitchen,kitchen,kitchen,bedroom_1,entry
3120,d02 Wed 04:00,kitchen,bedroom_1,kitchen,kitchen,entry,kitchen,kitchen,kitchen,kitchen,bedroom_1,entry,entry,living,living,living,bedroom_2,entry,living,living,living,kitchen,kitchen,entry,living,bedroom_3,bedroom_3,bedroom_3,kitchen,kitchen,kitchen,bedroom_3,entry,bedroom_3,bedroom_3,bedroom_3,kitchen,living,living,kitchen,kitchen,kitchen,kitchen,bedroom_1,entry
3180,d02 Wed 05:00,kitchen,bedroom_1,kitchen,kitchen,entry,kitchen,kitchen,kitchen,kitchen,bedroom_1,entry,entry,living,living,living,bedroom_2,entry,living,living,living,kitchen,kitchen,entry,living,bedroom_3,bedroom_3,bedroom_3,kitchen,kitchen,kitchen,bedroom_3,entry,bedroom_3,bedroom_3,bedroom_3,kitchen,living,living,kitchen,kitchen,kitchen,kitchen,bedroom_1,entry
3240,d02 Wed 06:00,kitchen,bedroom_1,kitchen,kitchen,entry,kitchen,kitchen,kitchen,kitchen,bedroom_1,entry,entry,living,living,living,bedroom_2,entry,living,living,living,kitchen,kitchen,entry,living,bedroom_3,bedroom_3,bedroom_3,kitchen,kitchen,kitchen,bedroom_3,entry,bedroom_3,bedroom_3,bedroom_3,kitchen,living,living,kitchen,kitchen,kitchen,kitchen,bedroom_1,entry
3300,d02 Wed 07:00,kitchen,bedroom_1,kitchen,kitchen,entry,kitchen,kitchen,kitchen,kitchen,bedroom_1,entry,entry,living,living,living,bedroom_2,entry,living,living,living,kitchen,kitchen,entry,living,bedroom_3,bedroom_3,bedroom_3,kitchen,kitchen,kitchen,bedroom_3,entry,bedroom_3,bedroom_3,bedroom_3,kitchen,living,living,kitchen,kitchen,kitchen,kitchen,bedroom_1,entry
3360,d02 Wed 08:00,kitchen,bedroom_1,kitchen,kitchen,entry,kitchen,kitchen,kitchen,kitchen,living,entry,entry,living,living,living,bedroom_2,entry,living,living,living,kitchen,kitchen,entry,living,bedroom_3,bedroom_3,bedroom_3,kitchen,kitchen,kitchen,bedroom_3,entry,bedroom_3,bedroom_3,bedroom_3,kitchen,living,living,kitchen,kitchen,kitchen,kitchen,bedroom_1,entry
3420,d02 Wed 09:00,kitchen,bedroom_1,kitchen,kitchen,entry,kitchen,kitchen,kitchen,kitchen,living,entry,entry,living,living,living,bedroom_2,entry,living,kitchen,living,kitchen,kitchen,entry,living,bedroom_3,bedroom_3,bedroom_3,kitchen,kitchen,kitchen,bedroom_3,entry,bedroom_3,bedroom_3,bedroom_3,kitchen,living,living,kitchen,kitchen,kitchen,kitchen,bedroom_1,entry
3480,d02 Wed 10:00,kitchen,bedroom_1,kitchen,kitchen,entry,kitchen,kitchen,kitchen,kitchen,kitchen,entry,entry,living,living,living,bedroom_2,entry,living,kitchen,living,kitchen,kitchen,entry,living,bedroom_3,bedroom_3,bedroom_3,kitchen,kitchen,kitchen,bedroom_3,entry,bedroom_3,bedroom_3,bedroom_3,kitchen,living,living,kitchen,kitchen,kitchen,kitchen,bedroom_1,entry
3540,d02 Wed 11:00,kitchen,bedroom_1,kitchen,kitchen,entry,kitchen,kitchen,kitchen,kitchen,kitchen,entry,entry,living,living,living,bedroom_2,entry,living,kitchen,living,kitchen,living,entry,living,bedroom_3,bedroom_3,bedroom_3,kitchen,kitchen,kitchen,bedroom_3,entry,bedroom_3,bedroom_3,bedroom_3,kitchen,living,living,kitchen,kitchen,kitchen,kitchen,bedroom_1,entry
3600,d02 Wed 12:00,kitchen,bedroom_1,kitchen,kitchen,entry,kitchen,kitchen,kitchen,kitchen,kitchen,entry,entry,living,living,living,bedroom_2,entry,living,kitchen,living,kitchen,living,entry,living,bedroom_3,bedroom_3,bedroom_3,kitchen,kitchen,kitchen,bedroom_3,entry,bedroom_3,bedroom_3,bedroom_3,living,living,living,kitchen,kitchen,kitchen,kitchen,bedroom_1,entry
3660,d02 Wed 13:00,kitchen,bedroom_1,kitchen,kitchen,entry,kitchen,kitchen,kitchen,kitchen,kitchen,entry,entry,living,living,living,bedroom_2,entry,living,kitchen,living,kitchen,living,entry,living,bedroom_3,bedroom_3,bedroom_3,kitchen,kitchen,kitchen,bedroom_3,entry,bedroom_3,bedroom_3,bedroom_3,living,living,living,kitchen,kitchen,kitchen,kitchen,bedroom_1,entry
3720,d02 Wed 14:00,kitchen,bedroom_1,kitchen,kitchen,entry,kitchen,bedroom_3,kitchen,kitchen,living,entry,entry,living,living,bathroom,bedroom_2,entry,living,kitchen,living,kitchen,living,entry,bedroom_3,bedroom_3,bedroom_3,bedroom_3,kitchen,kitchen,kitchen,bedroom_3,entry,bedroom_3,bedroom_3,bedroom_3,bedroom_3,living,living,kitchen,kitchen,kitchen,kitchen,bedroom_1,entry
3780,d02 Wed 15:00,kitchen,kitchen,kitchen,kitchen,entry,kitchen,kitchen,kitchen,kitchen,living,entry,entry,living,living,bathroom,bedroom_2,entry,living,kitchen,living,kitchen,living,entry,kitchen,outside,outside,outside,outside,outside,kitchen,bedroom_3,outside,bedroom_3,bedroom_3,bedroom_3,bedroom_3,living,living,kitchen,kitchen,kitchen,kitchen,bedroom_1,entry
3840,d02 Wed 16:00,kitchen,kitchen,kitchen,kitchen,entry,kitchen,kitchen,kitchen,kitchen,living,entry,entry,living,living,bathroom,bedroom_2,entry,living,kitchen,living,kitchen,living,entry,kitchen,outside,outside,outside,outside,outside,kitchen,bedroom_3,outside,bedroom_3,bedroom_3,bedroom_3,bedroom_3,living,living,kitchen,kitchen,kitchen,kitchen,bedroom_1,entry
3900,d02 Wed 17:00,kitchen,kitchen,kitchen,kitchen,entry,kitchen,kitchen,kitchen,kitchen,kitchen,entry,entry,living,outside,outside,outside,entry,living,kitchen,living,kitchen,living,outside,kitchen,outside,outside,outside,outside,outside,kitchen,bedroom_3,outside,bedroom_3,bedroom_3,bedroom_3,bedroom_3,living,living,kitchen,kitchen,kitchen,kitchen,bedroom_1,entry
3960,d02 Wed 18:00,kitchen,outside,outside,outside,entry,kitchen,kitchen,kitchen,kitchen,kitchen,entry,entry,living,kitchen,kitchen,kitchen,entry,living,kitchen,living,kitchen,living,entry,living,outside,outside,outside,outside,outside,kitchen,bedroom_3,outside,bedroom_3,bedroom_3,bedroom_3,bedroom_3,living,living,kitchen,kitchen,kitchen,kitchen,bedroom_1,entry
4020,d02 Wed 19:00,kitchen,bedroom_1,kitchen,kitchen,entry,kitchen,kitchen,kitchen,kitchen,kitchen,entry,entry,living,kitchen,kitchen,kitchen,entry,living,kitchen,living,kitchen,living,entry,living,outside,outside,outside,outside,outside,kitchen,bedroom_3,outside,bedroom_3,bedroom_3,bedroom_3,bedroom_3,living,living,kitchen,kitchen,kitchen,kitchen,bedroom_1,entry
4080,d02 Wed 20:00,kitchen,bedroom_1,kitchen,kitchen,entry,kitchen,kitchen,kitchen,kitchen,kitchen,entry,entry,living,kitchen,kitchen,kitchen,entry,living,living,living,kitchen,living,entry,living,outside,outside,outside,outside,outside,kitchen,bedroom_3,outside,bedroom_3,bedroom_3,bedroom_3,bedroom_3,living,living,kitchen,kitchen,kitchen,kitchen,bedroom_1,entry
4140,d02 Wed 21:00,kitchen,bedroom_1,kitchen,kitchen,entry,kitchen,kitchen,kitchen,kitchen,bathroom,entry,entry,living,kitchen,kitchen,kitchen,entry,living,living,living,kitchen,living,entry,living,outside,outside,outside,outside,outside,kitchen,bedroom_3,outside,bedroom_3,bedroom_3,bedroom_3,bedroom_3,living,living,kitchen,kitchen,kitchen,kitchen,bedroom_1,entry
4200,d02 Wed 22:00,kitchen,bedroom_1,kitchen,kitchen,entry,kitchen,kitchen,kitchen,kitchen,bathroom,entry,entry,living,kitchen,kitchen,kitchen,entry,living,living,living,kitchen,living,entry,living,outside,outside,outside,outside,outside,kitchen,bedroom_3,outside,bedroom_3,bedroom_3,bedroom_3,bedroom_3,living,living,kitchen,kitchen,kitchen,kitchen,bedroom_1,entry
4260,d02 Wed 23:00,kitchen,bedroom_1,kitchen,kitchen,entry,kitchen,kitchen,kitchen,kitchen,bathroom,entry,entry,living,kitchen,kitchen,kitchen,entry,living,living,living,kitchen,living,entry,living,outside,outside,outside,outside,outside,kitchen,bedroom_3,outside,bedroom_3,bedroom_3,bedroom_3,bedroom_3,living,living,kitchen,kitchen,kitchen,kitchen,bedroom_1,entry
4320,d03 Thu 00:00,kitchen,bedroom_1,kitchen,kitchen,entry,kitchen,kitchen,kitchen,kitchen,bathroom,entry,entry,living,kitchen,kitchen,kitchen,entry,living,living,living,kitchen,living,entry,living,outside,outside,outside,outside,outside,kitchen,bedroom_3,outside,bedroom_3,bedroom_3,bedroom_3,bedroom_3,living,living,kitchen,kitchen,kitchen,kitchen,bedroom_1,entry
4380,d03 Thu 01:00,kitchen,bedroom_1,kitchen,kitchen,entry,kitchen,kitchen,kitchen,kitchen,bedroom_1,entry,entry,living,kitchen,kitchen,kitchen,entry,living,living,living,kitchen,living,entry,living,bedroom_3,entry,bedroom_3,kitchen,kitchen,kitchen,bedroom_3,entry,bedroom_3,bedroom_3,bedroom_3,bedroom_3,living,living,kitchen,kitchen,kitchen,kitchen,bedroom_1,entry
4440,d03 Thu 02:00,kitchen,bedroom_1,kitchen,kitchen,entry,kitchen,kitchen,kitchen,kitchen,bedroom_1,entry,entry,living,kitchen,kitchen,kitchen,entry,living,living,living,kitchen,living,entry,living,bedroom_3,entry,bedroom_3,kitchen,kitchen,kitchen,bedroom_3,entry,bedroom_3,bedroom_3,bedroom_3,bedroom_3,living,living,kitchen,kitchen,kitchen,kitchen,bedroom_1,entry
4500,d03 Thu 03:00,kitchen,bedroom_1,kitchen,kitchen,entry,kitchen,kitchen,kitchen,kitchen,bedroom_1,entry,entry,living,kitchen,kitchen,kitchen,entry,living,living,living,kitchen,living,entry,living,bedroom_3,entry,bedroom_3,kitchen,kitchen,kitchen,bedroom_3,entry,bedroom_3,bedroom_3,bedroom_3,bedroom_3,living,living,kitchen,kitchen,kitchen,kitchen,bedroom_1,entry
4560,d03 Thu 04:00,kitchen,bedroom_1,kitchen,kitchen,entry,kitchen,kitchen,kitchen,kitchen,bedroom_1,entry,entry,living,kitchen,kitchen,kitchen,entry,living,living,living,kitchen,living,entry,living,bedroom_3,entry,bedroom_3,kitchen,kitchen,kitchen,bedroom_3,entry,bedroom_3,bedroom_3,bedroom_3,bedroom_3,living,living,kitchen,kitchen,kitchen,kitchen,bedroom_1,entry
4620,d03 Thu 05:00,kitchen,bedroom_1,kitchen,kitchen,entry,kitchen,kitchen,kitchen,kitchen,bedroom_1,entry,entry,living,kitchen,kitchen,kitchen,entry,living,living,living,kitchen,living,entry,living,bedroom_3,entry,bedroom_3,kitchen,kitchen,kitchen,bedroom_3,entry,bedroom_3,bedroom_3,bedroom_3,bedroom_3,living,living,kitchen,kitchen,kitchen,kitchen,bedroom_1,entry
4680,d03 Thu 06:00,kitchen,bedroom_1,kitchen,kitchen,entry,kitchen,kitchen,kitchen,kitchen,bedroom_1,entry,entry,living,kitchen,kitchen,kitchen,entry,living,living,living,kitchen,living,entry,living,bedroom_3,entry,bedroom_3,kitchen,kitchen,kitchen,bedroom_3,entry,bedroom_3,bedroom_3,bedroom_3,bedroom_3,living,living,kitchen,kitchen,kitchen,kitchen,bedroom_1,entry
4740,d03 Thu 07:00,kitchen,bedroom_1,kitchen,kitchen,entry,kitchen,kitchen,kitchen,kitchen,bedroom_1,entry,entry,living,kitchen,kitchen,kitchen,entry,living,living,living,kitchen,living,entry,living,bedroom_3,entry,bedroom_3,kitchen,kitchen,kitchen,bedroom_3,entry,bedroom_3,bedroom_3,bedroom_3,bedroom_3,living,living,kitchen,kitchen,kitchen,kitchen,bedroom_1,entry
4800,d03 Thu 08:00,kitchen,bedroom_1,kitchen,kitchen,entry,kitchen,kitchen,kitchen,kitchen,bedroom_1,entry,entry,living,outside,outside,kitchen,outside,living,living,living,kitchen,living,entry,living,bedroom_3,entry,bedroom_3,kitchen,kitchen,kitchen,bedroom_3,entry,bedroom_3,bedroom_3,bedroom_3,bedroom_3,living,living,kitchen,kitchen,kitchen,kitchen,bedroom_1,entry
4860,d03 Thu 09:00,outside,outside,outside,outside,outside,outside,kitchen,kitchen,outside,bedroom_1,entry,entry,living,outside,outside,kitchen,outside,living,living,living,kitchen,living,entry,living,outside,outside,outside,kitchen,kitchen,outside,outside,entry,bedroom_3,bedroom_3,bedroom_3,bedroom_3,living,living,kitchen,kitchen,kitchen,kitchen,bedroom_1,entry
4920,d03 Thu 10:00,outside,outside,outside,outside,outside,outside,kitchen,kitchen,outside,bedroom_1,entry,entry,living,outside,outside,kitchen,outside,living,living,living,kitchen,living,entry,living,outside,outside,outside,kitchen,kitchen,outside,outside,entry,bedroom_3,bedroom_3,bedroom_3,bedroom_3,living,living,kitchen,kitchen,kitchen,kitchen,bedroom_1,entry
4980,d03 Thu 11:00,outside,outside,outside,outside,outside,outside,kitchen,kitchen,outside,bedroom_1,entry,entry,living,outside,outside,kitchen,outside,living,living,living,kitchen,living,entry,living,outside,outside,outside,kitchen,kitchen,outside,outside,entry,bedroom_3,bedroom_3,bedroom_3,bedroom_3,living,living,kitchen,kitchen,kitchen,kitchen,bedroom_1,entry
5040,d03 Thu 12:00,outside,outside,outside,outside,outside,outside,kitchen,kitchen,outside,bedroom_1,entry,entry,living,outside,outside,kitchen,outside,living,living,living,kitchen,living,entry,living,outside,outside,outside,kitchen,kitchen,outside,outside,entry,bedroom_3,bedroom_3,bedroom_3,bedroom_3,living,living,kitchen,kitchen,kitchen,kitchen,bedroom_1,entry
5100,d03 Thu 13:00,outside,outside,outside,outside,outside,outside,kitchen,kitchen,outside,bedroom_1,entry,entry,living,outside,outside,kitchen,outside,living,living,living,kitchen,living,entry,living,outside,outside,outside,kitchen,kitchen,outside,outside,entry,bedroom_3,bedroom_3,bedroom_3,bedroom_3,living,living,kitchen,kitchen,kitchen,kitchen,bedroom_1,entry
5160,d03 Thu 14:00,kitchen,bedroom_1,kitchen,kitchen,kitchen,kitchen,kitchen,kitchen,kitchen,bedroom_1,entry,entry,living,outside,outside,kitchen,outside,living,living,living,kitchen,kitchen,entry,living,outside,outside,outside,kitchen,kitchen,outside,outside,entry,bedroom_3,bedroom_3,bedroom_3,bedroom_3,living,living,kitchen,kitchen,kitchen,kitchen,bedroom_1,entry
5220,d03 Thu 15:00,kitchen,bedroom_1,kitchen,kitchen,kitchen,kitchen,kitchen,kitchen,kitchen,bedroom_1,entry,entry,living,outside,outside,kitchen,outside,living,living,living,kitchen,kitchen,entry,living,kitchen,entry,kitchen,kitchen,kitchen,kitchen,bedroom_3,entry,bedroom_3,bedroom_3,bedroom_3,bedroom_3,living,living,kitchen,kitchen,kitchen,kitchen,bedroom_1,entry
5280,d03 Thu 16:00,kitchen,bedroom_1,kitchen,kitchen,kitchen,kitchen,kitchen,kitchen,kitchen,living,entry,entry,living,living,kitchen,kitchen,kitchen,living,living,living,kitchen,kitchen,entry,living,outside,entry,kitchen,kitchen,kitchen,kitchen,bedroom_3,entry,bedroom_3,bedroom_3,bedroom_3,bedroom_3,living,living,kitchen,kitchen,kitchen,kitchen,bedroom_1,entry
5340,d03 Thu 17:00,kitchen,bedroom_1,kitchen,kitchen,kitchen,kitchen,kitchen,kitchen,kitchen,living,entry,entry,living,living,kitchen,kitchen,kitchen,living,living,living,kitchen,kitchen,entry,living,bedroom_3,entry,kitchen,kitchen,kitchen,kitchen,bedroom_3,entry,bedroom_3,bedroom_3,bedroom_3,bedroom_3,living,living,kitchen,kitchen,kitchen,kitchen,bedroom_1,entry
5400,d03 Thu 18:00,kitchen,bedroom_1,kitchen,kitchen,kitchen,kitchen,kitchen,kitchen,kitchen,living,entry,entry,living,living,kitchen,kitchen,kitchen,living,living,living,kitchen,kitchen,entry,living,bedroom_3,entry,kitchen,kitchen,kitchen,kitchen,bedroom_3,entry,bedroom_3,bedroom_3,bedroom_3,bedroom_3,living,living,kitchen,kitchen,kitchen,kitchen,bedroom_1,entry
5460,d03 Thu 19:00,kitchen,bedroom_1,kitchen,kitchen,kitchen,kitchen,kitchen,kitchen,kitchen,living,entry,entry,living,living,kitchen,kitchen,kitchen,living,living,living,living,kitchen,entry,living,bedroom_3,entry,kitchen,kitchen,kitchen,kitchen,bedroom_3,entry,bedroom_3,bedroom_3,bedroom_3,bedroom_3,living,living,kitchen,kitchen,kitchen,kitchen,bedroom_1,entry
5520,d03 Thu 20:00,kitchen,bedroom_1,kitchen,kitchen,kitchen,kitchen,kitchen,kitchen,kitchen,living,entry,entry,living,living,kitchen,kitchen,kitchen,living,living,living,living,kitchen,entry,living,bedroom_3,entry,kitchen,kitchen,kitchen,kitchen,bedroom_3,entry,bedroom_3,bedroom_3,bedroom_3,bedroom_3,living,living,kitchen,kitchen,kitchen,kitchen,bedroom_1,entry
5580,d03 Thu 21:00,kitchen,bedroom_1,kitchen,kitchen,kitchen,kitchen,kitchen,kitchen,kitchen,bedroom_1,entry,entry,living,living,kitchen,kitchen,kitchen,living,living,living,living,kitchen,entry,living,bedroom_3,entry,kitchen,kitchen,kitchen,kitchen,bedroom_3,entry,bedroom_3,bedroom_3,bedroom_3,living,living,living,kitchen,kitchen,kitchen,kitchen,bedroom_1,entry
5640,d03 Thu 22:00,kitchen,bedroom_1,kitchen,kitchen,kitchen,kitchen,kitchen,kitchen,kitchen,bedroom_1,entry,entry,living,living,kitchen,kitchen,kitchen,living,living,living,living,kitchen,entry,living,bedroom_3,entry,kitchen,kitchen,kitchen,kitchen,bedroom_3,entry,bedroom_3,bedroom_3,bedroom_3,living,living,living,kitchen,kitchen,kitchen,kitchen,bedroom_1,entry
5700,d03 Thu 23:00,kitchen,bedroom_1,kitchen,kitchen,kitchen,kitchen,kitchen,kitchen,kitchen,bedroom_1,entry,entry,living,living,kitchen,kitchen,kitchen,living,living,living,living,kitchen,entry,living,bedroom_3,entry,kitchen,kitchen,kitchen,kitchen,bedroom_3,entry,bedroom_3,bedroom_3,bedroom_3,living,living,living,kitchen,kitchen,kitchen,kitchen,bedroom_1,entry
5760,d04 Fri 00:00,kitchen,bedroom_1,kitchen,kitchen,kitchen,kitchen,kitchen,kitchen,kitchen,bedroom_1,entry,entry,living,living,kitchen,kitchen,kitchen,living,living,living,living,kitchen,entry,living,bedroom_3,entry,kitchen,kitchen,kitchen,kitchen,bedroom_3,entry,bedroom_3,bedroom_3,bedroom_3,living,living,living,kitchen,kitchen,kitchen,kitchen,bedroom_1,entry
5820,d04 Fri 01:00,kitchen,bedroom_1,kitchen,kitchen,kitchen,kitchen,kitchen,kitchen,kitchen,bathroom,entry,entry,living,living,kitchen,kitchen,kitchen,living,living,living,living,kitchen,entry,living,bedroom_3,entry,kitchen,kitchen,kitchen,kitchen,bedroom_3,entry,bedroom_3,bedroom_3,bedroom_3,living,living,living,kitchen,kitchen,kitchen,kitchen,bedroom_1,entry
5880,d04 Fri 02:00,kitchen,bedroom_1,kitchen,kitchen,kitchen,kitchen,kitchen,kitchen,kitchen,bathroom,entry,entry,living,living,kitchen,kitchen,kitchen,living,living,living,living,kitchen,entry,living,bedroom_3,entry,kitchen,kitchen,kitchen,kitchen,bedroom_3,entry,bedroom_3,bedroom_3,bedroom_3,living,living,living,kitchen,kitchen,kitchen,kitchen,bedroom_1,entry
5940,d04 Fri 03:00,kitchen,bedroom_1,kitchen,kitchen,kitchen,kitchen,kitchen,kitchen,kitchen,bathroom,entry,entry,living,living,kitchen,kitchen,kitchen,living,living,living,living,kitchen,entry,living,bedroom_3,entry,kitchen,kitchen,kitchen,kitchen,bedroom_3,entry,bedroom_3,bedroom_3,bedroom_3,living,living,living,kitchen,kitchen,kitchen,kitchen,bedroom_1,entry
6000,d04 Fri 04:00,kitchen,bedroom_1,kitchen,kitchen,kitchen,kitchen,kitchen,kitchen,kitchen,bathroom,entry,entry,living,living,kitchen,kitchen,kitchen,living,living,living,living,kitchen,entry,living,bedroom_3,entry,kitchen,kitchen,kitchen,kitchen,bedroom_3,entry,bedroom_3,bedroom_3,bedroom_3,living,living,living,kitchen,kitchen,kitchen,kitchen,bedroom_1,entry
6060,d04 Fri 05:00,kitchen,bedroom_1,kitchen,kitchen,kitchen,kitchen,kitchen,kitchen,kitchen,bathroom,entry,entry,living,living,kitchen,kitchen,kitchen,living,living,living,living,kitchen,entry,living,bedroom_3,entry,kitchen,kitchen,kitchen,kitchen,bedroom_3,entry,bedroom_3,bedroom_3,bedroom_3,living,living,living,kitchen,kitchen,kitchen,kitchen,bedroom_1,entry
6120,d04 Fri 06:00,kitchen,bedroom_1,kitchen,kitchen,kitchen,kitchen,kitchen,kitchen,kitchen,bathroom,entry,entry,living,living,kitchen,kitchen,kitchen,living,living,living,living,kitchen,entry,living,bedroom_3,entry,kitchen,kitchen,kitchen,kitchen,bedroom_3,entry,bedroom_3,bedroom_3,bedroom_3,living,living,living,kitchen,kitchen,kitchen,kitchen,bedroom_1,entry
6180,d04 Fri 07:00,kitchen,bedroom_1,kitchen,kitchen,kitchen,kitchen,kitchen,kitchen,kitchen,bathroom,entry,entry,living,living,kitchen,kitchen,kitchen,living,living,living,living,kitchen,entry,living,bedroom_3,entry,kitchen,kitchen,kitchen,kitchen,bedroom_3,entry,bedroom_3,bedroom_3,bedroom_3,living,living,living,kitchen,kitchen,kitchen,kitchen,bedroom_1,entry
6240,d04 Fri 08:00,kitchen,bedroom_1,kitchen,kitchen,kitchen,kitchen,kitchen,kitchen,kitchen,bathroom,entry,entry,living,outside,outside,kitchen,outside,living,living,living,kitchen,kitchen,entry,living,bedroom_3,entry,kitchen,kitchen,kitchen,kitchen,bedroom_3,entry,bedroom_3,bedroom_3,bedroom_3,living,living,living,kitchen,kitchen,kitchen,kitchen,bedroom_1,entry
6300,d04 Fri 09:00,outside,outside,outside,outside,outside,outside,kitchen,kitchen,outside,bathroom,entry,entry,living,outside,outside,kitchen,outside,living,living,living,kitchen,kitchen,entry,living,bedroom_3,entry,kitchen,kitchen,kitchen,kitchen,bedroom_3,entry,bedroom_3,bedroom_3,bedroom_3,living,living,living,kitchen,kitchen,kitchen,kitchen,bedroom_1,entry
6360,d04 Fri 10:00,outside,outside,outside,outside,outside,outside,kitchen,kitchen,outside,bathroom,entry,entry,living,outside,outside,kitchen,outside,living,living,living,kitchen,kitchen,entry,living,bedroom_3,entry,kitchen,kitchen,kitchen,kitchen,bedroom_3,entry,bedroom_3,bedroom_3,bedroom_3,living,living,living,kitchen,kitchen,kitchen,kitchen,bedroom_1,entry
6420,d04 Fri 11:00,outside,outside,outside,outside,outside,outside,kitchen,kitchen,outside,bathroom,entry,entry,living,outside,outside,kitchen,outside,living,living,living,kitchen,kitchen,entry,living,bedroom_3,entry,kitchen,kitchen,kitchen,kitchen,bedroom_3,entry,bedroom_3,bedroom_3,bedroom_3,living,living,living,kitchen,kitchen,kitchen,kitchen,bedroom_1,entry
6480,d04 Fri 12:00,outside,outside,outside,outside,outside,outside,kitchen,kitchen,outside,bathroom,entry,entry,living,outside,outside,kitchen,outside,living,living,living,kitchen,kitchen,entry,living,bedroom_3,entry,kitchen,kitchen,kitchen,kitchen,bedroom_3,entry,bedroom_3,bedroom_3,bedroom_3,living,living,living,kitchen,kitchen,kitchen,kitchen,bedroom_1,entry
6540,d04 Fri 13:00,outside,outside,outside,outside,outside,outside,kitchen,kitchen,outside,bathroom,entry,entry,living,outside,outside,kitchen,outside,living,living,living,kitchen,kitchen,entry,living,bedroom_3,entry,kitchen,kitchen,kitchen,kitchen,bedroom_3,entry,bathroom,bathroom,bedroom_3,living,living,living,kitchen,kitchen,kitchen,kitchen,bedroom_1,entry
6600,d04 Fri 14:00,outside,outside,outside,outside,outside,outside,kitchen,kitchen,outside,bathroom,entry,entry,living,outside,outside,kitchen,outside,living,living,living,kitchen,kitchen,entry,living,bedroom_3,entry,kitchen,kitchen,kitchen,kitchen,bedroom_3,entry,bedroom_3,bedroom_3,bedroom_3,living,living,living,kitchen,kitchen,kitchen,kitchen,bedroom_1,entry
6660,d04 Fri 15:00,outside,outside,outside,outside,outside,outside,kitchen,kitchen,outside,bathroom,entry,entry,living,outside,outside,kitchen,outside,living,living,living,kitchen,kitchen,entry,living,outside,outside,outside,outside,outside,kitchen,bedroom_3,outside,bedroom_3,bedroom_3,bedroom_3,kitchen,living,living,kitchen,kitchen,kitchen,kitchen,bedroom_1,entry
6720,d04 Fri 16:00,outside,outside,outside,outside,outside,outside,kitchen,kitchen,outside,bathroom,entry,entry,living,outside,outside,kitchen,outside,living,living,living,kitchen,kitchen,entry,living,outside,outside,outside,outside,outside,kitchen,bedroom_3,outside,bedroom_3,bedroom_3,bedroom_3,kitchen,living,living,kitchen,kitchen,kitchen,kitchen,bedroom_1,entry
6780,d04 Fri 17:00,outside,outside,outside,outside,outside,outside,kitchen,kitchen,outside,bathroom,entry,entry,living,entry,bedroom_2,kitchen,kitchen,living,living,living,kitchen,kitchen,entry,living,outside,outside,outside,outside,outside,kitchen,bedroom_3,outside,bedroom_3,bedroom_3,bedroom_3,kitchen,living,living,kitchen,kitchen,kitchen,kitchen,bedroom_1,entry
6840,d04 Fri 18:00,bedroom_1,bedroom_1,kitchen,kitchen,kitchen,kitchen,kitchen,kitchen,kitchen,bathroom,entry,entry,living,entry,bedroom_2,kitchen,kitchen,living,kitchen,living,kitchen,kitchen,entry,living,outside,outside,outside,outside,outside,kitchen,bedroom_3,outside,bedroom_3,bedroom_3,bedroom_3,kitchen,living,living,kitchen,kitchen,kitchen,kitchen,bedroom_1,entry
6900,d04 Fri 19:00,bedroom_1,bedroom_1,kitchen,kitchen,kitchen,kitchen,kitchen,kitchen,kitchen,bathroom,entry,entry,living,entry,bedroom_2,kitchen,kitchen,living,kitchen,living,kitchen,kitchen,entry,living,outside,outside,outside,outside,outside,kitchen,bedroom_3,outside,bedroom_3,bedroom_3,bedroom_3,kitchen,living,living,kitchen,kitchen,kitchen,kitchen,bedroom_1,entry
6960,d04 Fri 20:00,bedroom_1,bedroom_1,kitchen,kitchen,kitchen,kitchen,kitchen,kitchen,kitchen,bathroom,entry,entry,living,entry,bedroom_2,kitchen,kitchen,living,living,living,kitchen,kitchen,entry,living,outside,outside,outside,outside,outside,kitchen,bedroom_3,outside,bedroom_3,bedroom_3,bedroom_3,kitchen,living,living,kitchen,kitchen,kitchen,kitchen,bedroom_1,entry
7020,d04 Fri 21:00,bedroom_1,bedroom_1,kitchen,kitchen,kitchen,kitchen,bedroom_1,kitchen,kitchen,bedroom_1,entry,entry,living,entry,bedroom_2,kitchen,kitchen,living,living,living,kitchen,kitchen,entry,living,outside,outside,outside,outside,outside,kitchen,bedroom_3,outside,bedroom_3,bedroom_3,bedroom_3,living,living,living,kitchen,kitchen,kitchen,kitchen,bedroom_1,entry
7080,d04 Fri 22:00,bedroom_1,bedroom_1,kitchen,kitchen,kitchen,kitchen,bedroom_1,kitchen,kitchen,bedroom_1,entry,entry,living,entry,bedroom_2,kitchen,kitchen,living,living,living,kitchen,kitchen,entry,living,outside,outside,outside,outside,outside,kitchen,bedroom_3,outside,bedroom_3,bedroom_3,bedroom_3,living,living,living,kitchen,kitchen,kitchen,kitchen,bedroom_1,entry
7140,d04 Fri 23:00,bedroom_1,bedroom_1,kitchen,kitchen,kitchen,kitchen,bedroom_1,kitchen,kitchen,bedroom_1,entry,entry,living,entry,bedroom_2,kitchen,kitchen,living,living,living,kitchen,kitchen,entry,living,outside,outside,outside,outside,outside,kitchen,bedroom_3,outside,bedroom_3,bedroom_3,bedroom_3,living,living,living,kitchen,kitchen,kitchen,kitchen,bedroom_1,entry
7200,d05 Sat 00:00,bedroom_1,bedroom_1,kitchen,kitchen,kitchen,kitchen,bedroom_1,kitchen,kitchen,bedroom_1,entry,entry,living,entry,bedroom_2,kitchen,kitchen,living,living,living,kitchen,kitchen,entry,living,outside,outside,outside,outside,outside,kitchen,bedroom_3,outside,bedroom_3,bedroom_3,bedroom_3,living,living,living,kitchen,kitchen,kitchen,kitchen,bedroom_1,entry
7260,d05 Sat 01:00,bedroom_1,bedroom_1,kitchen,kitchen,kitchen,kitchen,bedroom_1,kitchen,kitchen,bedroom_1,entry,entry,living,entry,bedroom_2,kitchen,kitchen,living,living,living,kitchen,kitchen,entry,living,kitchen,bathroom,bedroom_3,bedroom_3,kitchen,kitchen,bedroom_3,entry,bedroom_3,bedroom_3,bedroom_3,living,living,living,kitchen,kitchen,kitchen,kitchen,bedroom_1,entry
7320,d05 Sat 02:00,bedroom_1,bedroom_1,kitchen,kitchen,kitchen,kitchen,bedroom_1,kitchen,kitchen,bedroom_1,entry,entry,living,entry,bedroom_2,kitchen,kitchen,living,living,living,kitchen,kitchen,entry,living,kitchen,bathroom,bedroom_3,bedroom_3,kitchen,kitchen,bedroom_3,entry,bedroom_3,bedroom_3,bedroom_3,living,living,living,kitchen,kitchen,kitchen,kitchen,bedroom_1,entry
7380,d05 Sat 03:00,bedroom_1,bedroom_1,kitchen,kitchen,kitchen,kitchen,bedroom_1,kitchen,kitchen,bedroom_1,entry,entry,living,entry,bedroom_2,kitchen,kitchen,living,living,living,kitchen,kitchen,entry,living,kitchen,bathroom,bedroom_3,bedroom_3,kitchen,kitchen,bedroom_3,entry,bedroom_3,bedroom_3,bedroom_3,living,living,living,kitchen,kitchen,kitchen,kitchen,bedroom_1,entry
7440,d05 Sat 04:00,bedroom_1,bedroom_1,kitchen,kitchen,kitchen,kitchen,bedroom_1,kitchen,kitchen,bedroom_1,entry,entry,living,entry,bedroom_2,kitchen,kitchen,living,living,living,kitchen,kitchen,entry,living,kitchen,bathroom,bedroom_3,bedroom_3,kitchen,kitchen,bedroom_3,entry,bedroom_3,bedroom_3,bedroom_3,living,living,living,kitchen,kitchen,kitchen,kitchen,bedroom_1,entry
7500,d05 Sat 05:00,bedroom_1,bedroom_1,kitchen,kitchen,kitchen,kitchen,bedroom_1,kitchen,kitchen,bedroom_1,entry,entry,living,entry,bedroom_2,kitchen,kitchen,living,living,living,kitchen,kitchen,entry,living,kitchen,bathroom,bedroom_3,bedroom_3,kitchen,kitchen,bedroom_3,entry,bedroom_3,bedroom_3,bedroom_3,living,living,living,kitchen,kitchen,kitchen,kitchen,bedroom_1,entry
7560,d05 Sat 06:00,bedroom_1,bedroom_1,kitchen,kitchen,kitchen,kitchen,bedroom_1,kitchen,kitchen,bedroom_1,entry,entry,living,entry,bedroom_2,kitchen,kitchen,living,living,living,kitchen,kitchen,entry,living,kitchen,bathroom,bedroom_3,bedroom_3,kitchen,kitchen,bedroom_3,entry,bedroom_3,bedroom_3,bedroom_3,living,living,living,kitchen,kitchen,kitchen,kitchen,bedroom_1,entry
7620,d05 Sat 07:00,bedroom_1,bedroom_1,kitchen,kitchen,kitchen,kitchen,bedroom_1,kitchen,kitchen,bedroom_1,entry,entry,living,entry,bedroom_2,kitchen,kitchen,living,living,living,kitchen,kitchen,entry,living,kitchen,bathroom,bedroom_3,bedroom_3,kitchen,kitchen,bedroom_3,entry,bedroom_3,bedroom_3,bedroom_3,living,living,living,kitchen,kitchen,kitchen,kitchen,bedroom_1,entry
7680,d05 Sat 08:00,bedroom_1,bedroom_1,kitchen,kitchen,kitchen,kitchen,bedroom_1,kitchen,kitchen,bedroom_1,entry,entry,living,entry,bedroom_2,kitchen,kitchen,living,living,living,kitchen,kitchen,entry,living,kitchen,bathroom,bedroom_3,bedroom_3,kitchen,kitchen,bedroom_3,entry,bedroom_3,bedroom_3,bedroom_3,living,living,living,kitchen,kitchen,kitchen,kitchen,bedroom_1,entry
7740,d05 Sat 09:00,bedroom_1,bedroom_1,kitchen,kitchen,kitchen,kitchen,bedroom_1,kitchen,kitchen,bedroom_1,entry,entry,living,entry,bedroom_2,kitchen,kitchen,living,living,living,kitchen,kitchen,entry,living,kitchen,bathroom,bedroom_3,bedroom_3,kitchen,kitchen,bedroom_3,entry,bedroom_3,bedroom_3,bedroom_3,living,living,living,kitchen,kitchen,kitchen,kitchen,bedroom_1,entry
7800,d05 Sat 10:00,bedroom_1,bedroom_1,kitchen,kitchen,kitchen,kitchen,bedroom_1,kitchen,kitchen,bedroom_1,entry,entry,living,entry,bedroom_2,kitchen,kitchen,living,living,living,kitchen,kitchen,entry,living,kitchen,bathroom,bedroom_3,bedroom_3,kitchen,kitchen,bedroom_3,entry,bedroom_3,bedroom_3,bedroom_3,living,living,living,kitchen,kitchen,kitchen,kitchen,bedroom_1,entry
7860,d05 Sat 11:00,bedroom_1,bedroom_1,kitchen,kitchen,kitchen,kitchen,bedroom_1,kitchen,kitchen,bedroom_1,entry,entry,living,entry,bedroom_2,kitchen,kitchen,living,living,living,living,kitchen,entry,living,bedroom_3,entry,bedroom_3,bedroom_3,kitchen,kitchen,bedroom_3,entry,bedroom_3,bedroom_3,bedroom_3,living,living,living,kitchen,kitchen,kitchen,kitchen,entry,entry
7920,d05 Sat 12:00,bedroom_1,bedroom_1,kitchen,kitchen,kitchen,kitchen,bedroom_1,kitchen,kitchen,bedroom_1,entry,entry,living,entry,bedroom_2,kitchen,kitchen,living,living,living,kitchen,kitchen,entry,living,bedroom_3,entry,bedroom_3,bedroom_3,kitchen,kitchen,bedroom_3,entry,bedroom_3,bedroom_3,bedroom_3,living,living,living,kitchen,kitchen,kitchen,kitchen,entry,entry
7980,d05 Sat 13:00,kitchen,bedroom_1,outside,outside,kitchen,kitchen,bedroom_1,kitchen,kitchen,living,entry,entry,living,entry,bedroom_2,kitchen,kitchen,living,living,living,kitchen,kitchen,entry,living,outside,outside,outside,bedroom_3,kitchen,kitchen,bedroom_3,entry,bedroom_3,bedroom_3,bedroom_3,kitchen,living,living,kitchen,kitchen,kitchen,kitchen,entry,entry
8040,d05 Sat 14:00,kitchen,bedroom_1,kitchen,kitchen,kitchen,kitchen,bedroom_3,kitchen,kitchen,living,entry,entry,living,entry,bedroom_2,kitchen,kitchen,living,living,living,kitchen,kitchen,entry,bedroom_3,bedroom_3,entry,bedroom_3,bedroom_3,kitchen,kitchen,bedroom_3,entry,bedroom_3,bedroom_3,bedroom_3,kitchen,living,living,kitchen,kitchen,kitchen,kitchen,entry,entry
8100,d05 Sat 15:00,kitchen,outside,outside,outside,kitchen,kitchen,bedroom_3,kitchen,kitchen,living,entry,entry,living,entry,bedroom_2,kitchen,kitchen,living,living,living,kitchen,kitchen,entry,bedroom_3,bedroom_3,entry,bedroom_3,bedroom_3,kitchen,kitchen,bedroom_3,entry,bedroom_3,bedroom_3,bedroom_3,kitchen,living,living,kitchen,kitchen,kitchen,kitchen,outside,entry
8160,d05 Sat 16:00,kitchen,bedroom_1,kitchen,kitchen,kitchen,kitchen,bedroom_3,kitchen,kitchen,kitchen,entry,entry,living,outside,outside,kitchen,outside,living,living,living,kitchen,kitchen,entry,bedroom_3,bedroom_3,entry,bedroom_3,bedroom_3,kitchen,kitchen,bedroom_3,entry,bedroom_3,bedroom_3,bedroom_3,kitchen,living,living,kitchen,kitchen,kitchen,kitchen,outside,entry
8220,d05 Sat 17:00,kitchen,bedroom_1,kitchen,kitchen,kitchen,kitchen,bedroom_3,kitchen,kitchen,kitchen,entry,entry,living,living,living,kitchen,entry,living,living,living,kitchen,kitchen,entry,bedroom_3,bedroom_3,entry,bedroom_3,bedroom_3,kitchen,kitchen,bedroom_3,entry,bedroom_3,bedroom_3,bedroom_3,bedroom_3,living,living,kitchen,kitchen,kitchen,kitchen,entry,entry
8280,d05 Sat 18:00,kitchen,bedroom_1,kitchen,kitchen,kitchen,kitchen,bedroom_3,kitchen,kitchen,kitchen,entry,entry,living,living,living,kitchen,entry,living,living,living,kitchen,kitchen,entry,living,bedroom_3,entry,bedroom_3,kitchen,kitchen,kitchen,bedroom_3,entry,bedroom_3,bedroom_3,bedroom_3,bedroom_3,living,living,kitchen,kitchen,kitchen,kitchen,entry,entry
8340,d05 Sat 19:00,kitchen,bedroom_1,kitchen,kitchen,kitchen,kitchen,bedroom_3,kitchen,kitchen,kitchen,entry,entry,living,living,living,kitchen,entry,living,living,living,kitchen,kitchen,entry,living,bedroom_3,entry,bedroom_3,kitchen,kitchen,kitchen,bedroom_3,entry,bedroom_3,bedroom_3,bedroom_3,bedroom_3,living,living,kitchen,kitchen,kitchen,kitchen,entry,entry
8400,d05 Sat 20:00,kitchen,bedroom_1,kitchen,kitchen,kitchen,kitchen,bedroom_3,kitchen,kitchen,kitchen,entry,entry,living,living,living,kitchen,entry,living,living,living,living,kitchen,entry,living,bedroom_3,entry,bedroom_3,kitchen,kitchen,kitchen,bedroom_3,entry,bedroom_3,bedroom_3,bedroom_3,bedroom_3,living,living,kitchen,kitchen,kitchen,kitchen,entry,entry
8460,d05 Sat 21:00,kitchen,bedroom_1,kitchen,kitchen,kitchen,kitchen,bedroom_3,kitchen,kitchen,kitchen,entry,entry,living,living,living,kitchen,entry,living,living,living,living,kitchen,entry,living,bedroom_3,entry,bedroom_3,kitchen,kitchen,kitchen,bedroom_3,entry,bedroom_3,bedroom_3,bedroom_3,bedroom_3,living,living,kitchen,kitchen,kitchen,kitchen,entry,entry
8520,d05 Sat 22:00,kitchen,bedroom_1,kitchen,kitchen,kitchen,kitchen,bedroom_3,kitchen,kitchen,kitchen,entry,entry,living,living,living,kitchen,entry,living,living,living,living,kitchen,entry,living,bedroom_3,entry,bedroom_3,kitchen,kitchen,kitchen,bedroom_3,entry,bedroom_3,bedroom_3,bedroom_3,bedroom_3,living,living,kitchen,kitchen,kitchen,kitchen,entry,entry
8580,d05 Sat 23:00,kitchen,bedroom_1,kitchen,kitchen,kitchen,kitchen,bedroom_3,kitchen,kitchen,kitchen,entry,entry,living,living,living,kitchen,entry,living,living,living,living,kitchen,entry,living,bedroom_3,entry,bedroom_3,kitchen,kitchen,kitchen,bedroom_3,entry,bedroom_3,bedroom_3,bedroom_3,bedroom_3,living,living,kitchen,kitchen,kitchen,kitchen,entry,entry
8640,d06 Sun 00:00,kitchen,bedroom_1,kitchen,kitchen,kitchen,kitchen,bedroom_3,kitchen,kitchen,kitchen,entry,entry,living,living,living,kitchen,entry,living,living,living,living,kitchen,entry,living,bedroom_3,entry,bedroom_3,kitchen,kitchen,kitchen,bedroom_3,entry,bedroom_3,bedroom_3,bedroom_3,bedroom_3,living,living,kitchen,kitchen,kitchen,kitchen,entry,entry
8700,d06 Sun 01:00,kitchen,bedroom_1,kitchen,kitchen,kitchen,kitchen,bedroom_3,kitchen,kitchen,bedroom_1,entry,entry,living,living,living,kitchen,entry,living,living,living,living,kitchen,entry,living,bedroom_3,entry,bedroom_3,kitchen,kitchen,kitchen,bedroom_3,entry,bedroom_3,bedroom_3,bedroom_3,bedroom_3,living,living,kitchen,kitchen,kitchen,kitchen,entry,entry
8760,d06 Sun 02:00,kitchen,bedroom_1,kitchen,kitchen,kitchen,kitchen,bedroom_3,kitchen,kitchen,bedroom_1,entry,entry,living,living,living,kitchen,entry,living,living,living,living,kitchen,entry,living,bedroom_3,entry,bedroom_3,kitchen,kitchen,kitchen,bedroom_3,entry,bedroom_3,bedroom_3,bedroom_3,bedroom_3,living,living,kitchen,kitchen,kitchen,kitchen,entry,entry
8820,d06 Sun 03:00,kitchen,bedroom_1,kitchen,kitchen,kitchen,kitchen,bedroom_3,kitchen,kitchen,bedroom_1,entry,entry,living,living,living,kitchen,entry,living,living,living,living,kitchen,entry,living,bedroom_3,entry,bedroom_3,kitchen,kitchen,kitchen,bedroom_3,entry,bedroom_3,bedroom_3,bedroom_3,bedroom_3,living,living,kitchen,kitchen,kitchen,kitchen,entry,entry
8880,d06 Sun 04:00,kitchen,bedroom_1,kitchen,kitchen,kitchen,kitchen,bedroom_3,kitchen,kitchen,bedroom_1,entry,entry,living,living,living,kitchen,entry,living,living,living,living,kitchen,entry,living,bedroom_3,entry,bedroom_3,kitchen,kitchen,kitchen,bedroom_3,entry,bedroom_3,bedroom_3,bedroom_3,bedroom_3,living,living,kitchen,kitchen,kitchen,kitchen,entry,entry
8940,d06 Sun 05:00,kitchen,bedroom_1,kitchen,kitchen,kitchen,kitchen,bedroom_3,kitchen,kitchen,bedroom_1,entry,entry,living,living,living,kitchen,entry,living,living,living,living,kitchen,entry,living,bedroom_3,entry,bedroom_3,kitchen,kitchen,kitchen,bedroom_3,entry,bedroom_3,bedroom_3,bedroom_3,bedroom_3,living,living,kitchen,kitchen,kitchen,kitchen,entry,entry
9000,d06 Sun 06:00,kitchen,bedroom_1,kitchen,kitchen,kitchen,kitchen,bedroom_3,kitchen,kitchen,bedroom_1,entry,entry,living,living,living,kitchen,entry,living,living,living,living,kitchen,entry,living,bedroom_3,entry,bedroom_3,kitchen,kitchen,kitchen,bedroom_3,entry,bedroom_3,bedroom_3,bedroom_3,bedroom_3,living,living,kitchen,kitchen,kitchen,kitchen,entry,entry
9060,d06 Sun 07:00,kitchen,bedroom_1,kitchen,kitchen,kitchen,kitchen,bedroom_3,kitchen,kitchen,bedroom_1,entry,entry,living,living,living,kitchen,entry,living,living,living,living,kitchen,entry,living,bedroom_3,entry,bedroom_3,kitchen,kitchen,kitchen,bedroom_3,entry,bedroom_3,bedroom_3,bedroom_3,bedroom_3,living,living,kitchen,kitchen,kitchen,kitchen,entry,entry
9120,d06 Sun 08:00,kitchen,bedroom_1,kitchen,kitchen,kitchen,kitchen,bedroom_3,kitchen,kitchen,bedroom_1,entry,entry,living,living,living,kitchen,entry,living,living,living,living,kitchen,entry,living,bedroom_3,entry,bedroom_3,kitchen,kitchen,kitchen,bedroom_3,entry,bedroom_3,bedroom_3,bedroom_3,bedroom_3,living,living,kitchen,kitchen,kitchen,kitchen,entry,entry
9180,d06 Sun 09:00,kitchen,bedroom_1,kitchen,kitchen,kitchen,kitchen,bedroom_3,kitchen,kitchen,bedroom_1,entry,entry,living,living,living,kitchen,entry,living,living,living,living,kitchen,entry,living,bedroom_3,entry,bedroom_3,kitchen,kitchen,kitchen,bedroom_3,entry,bedroom_3,bedroom_3,bedroom_3,bedroom_3,living,living,kitchen,kitchen,kitchen,kitchen,entry,entry
9240,d06 Sun 10:00,kitchen,bedroom_1,kitchen,kitchen,kitchen,kitchen,bedroom_3,kitchen,kitchen,bedroom_1,entry,entry,living,living,living,kitchen,entry,living,living,living,kitchen,kitchen,entry,living,bedroom_3,entry,bedroom_3,kitchen,kitchen,kitchen,bedroom_3,entry,bedroom_3,bedroom_3,bedroom_3,bedroom_3,living,living,kitchen,kitchen,kitchen,kitchen,entry,entry
9300,d06 Sun 11:00,kitchen,bedroom_1,kitchen,kitchen,kitchen,kitchen,kitchen,kitchen,kitchen,living,entry,entry,living,living,living,kitchen,entry,living,living,living,kitchen,kitchen,entry,living,bedroom_3,entry,bedroom_3,kitchen,kitchen,kitchen,bedroom_3,entry,bedroom_3,bedroom_3,bedroom_3,bedroom_3,living,living,kitchen,kitchen,kitchen,kitchen,entry,kitchen
9360,d06 Sun 12:00,kitchen,bedroom_1,kitchen,kitchen,kitchen,kitchen,kitchen,kitchen,kitchen,living,entry,entry,living,living,living,kitchen,entry,living,living,living,kitchen,kitchen,entry,living,bedroom_3,entry,bedroom_3,kitchen,kitchen,kitchen,bedroom_3,entry,bedroom_3,bedroom_3,bedroom_3,bedroom_3,living,living,kitchen,kitchen,kitchen,kitchen,entry,kitchen
9420,d06 Sun 13:00,kitchen,outside,outside,outside,kitchen,kitchen,kitchen,kitchen,kitchen,bedroom_1,entry,entry,living,living,living,kitchen,entry,living,living,living,kitchen,kitchen,entry,living,bedroom_3,entry,bedroom_3,kitchen,kitchen,kitchen,bedroom_3,entry,bedroom_3,bedroom_3,bedroom_3,bedroom_3,living,living,kitchen,kitchen,kitchen,kitchen,outside,entry
9480,d06 Sun 14:00,kitchen,kitchen,kitchen,kitchen,kitchen,kitchen,bedroom_3,kitchen,kitchen,bedroom_1,entry,entry,living,outside,outside,kitchen,bedroom_2,living,living,living,kitchen,kitchen,outside,bedroom_3,bedroom_3,entry,bedroom_3,kitchen,kitchen,kitchen,bedroom_3,entry,bathroom,bedroom_3,bedroom_3,bedroom_3,living,living,kitchen,kitchen,kitchen,kitchen,entry,entry
9540,d06 Sun 15:00,kitchen,kitchen,kitchen,kitchen,kitchen,kitchen,bedroom_3,kitchen,kitchen,bedroom_1,entry,entry,living,outside,outside,kitchen,bedroom_2,living,living,living,kitchen,living,outside,bedroom_2,outside,outside,outside,outside,outside,kitchen,bedroom_3,outside,bathroom,bedroom_3,bedroom_3,bedroom_3,living,living,kitchen,kitchen,kitchen,kitchen,entry,entry
9600,d06 Sun 16:00,kitchen,kitchen,kitchen,kitchen,kitchen,kitchen,bedroom_3,kitchen,kitchen,bedroom_1,entry,entry,living,living,entry,kitchen,bedroom_2,living,living,living,kitchen,living,living,bedroom_2,outside,outside,outside,outside,outside,kitchen,bedroom_3,outside,bathroom,bedroom_3,bedroom_3,bedroom_3,living,living,kitchen,kitchen,kitchen,kitchen,entry,entry
9660,d06 Sun 17:00,kitchen,kitchen,kitchen,kitchen,kitchen,kitchen,bedroom_3,kitchen,kitchen,bedroom_1,entry,entry,living,living,entry,kitchen,bedroom_2,living,living,living,kitchen,living,living,bedroom_2,outside,outside,outside,outside,outside,kitchen,bedroom_3,outside,bathroom,bedroom_3,bedroom_3,kitchen,living,living,kitchen,kitchen,kitchen,kitchen,entry,entry
9720,d06 Sun 18:00,kitchen,kitchen,kitchen,kitchen,kitchen,kitchen,bedroom_3,kitchen,kitchen,bedroom_1,entry,entry,living,living,entry,kitchen,bedroom_2,living,living,living,kitchen,living,living,bedroom_2,outside,outside,outside,outside,outside,kitchen,bedroom_3,outside,bathroom,bedroom_3,bedroom_3,kitchen,living,living,kitchen,kitchen,kitchen,kitchen,entry,entry
9780,d06 Sun 19:00,kitchen,kitchen,kitchen,kitchen,kitchen,kitchen,bedroom_3,kitchen,kitchen,bathroom,entry,entry,living,living,entry,kitchen,bedroom_2,living,living,living,kitchen,living,living,bedroom_2,outside,outside,outside,outside,outside,kitchen,bedroom_3,outside,bathroom,bedroom_3,bedroom_3,kitchen,living,living,kitchen,kitchen,kitchen,kitchen,entry,entry
9840,d06 Sun 20:00,kitchen,kitchen,kitchen,kitchen,kitchen,kitchen,bedroom_3,kitchen,kitchen,bedroom_1,entry,entry,living,living,entry,kitchen,bedroom_2,living,living,living,kitchen,living,living,bedroom_2,outside,outside,outside,outside,outside,kitchen,bedroom_3,outside,bathroom,bedroom_3,bedroom_3,kitchen,living,living,kitchen,kitchen,kitchen,kitchen,entry,entry
9900,d06 Sun 21:00,kitchen,kitchen,kitchen,kitchen,kitchen,kitchen,bedroom_3,kitchen,kitchen,bedroom_1,entry,entry,living,living,entry,kitchen,bedroom_2,living,living,living,kitchen,living,living,bedroom_2,outside,outside,outside,outside,outside,kitchen,bedroom_3,outside,bathroom,bedroom_3,bedroom_3,kitchen,living,living,kitchen,kitchen,kitchen,kitchen,entry,entry
9960,d06 Sun 22:00,kitchen,kitchen,kitchen,kitchen,kitchen,kitchen,bedroom_3,kitchen,kitchen,bedroom_1,entry,entry,living,living,entry,kitchen,bedroom_2,living,living,living,kitchen,living,living,bedroom_2,outside,outside,outside,outside,outside,kitchen,bedroom_3,outside,bathroom,bedroom_3,bedroom_3,kitchen,living,living,kitchen,kitchen,kitchen,kitchen,entry,entry
10020,d06 Sun 23:00,kitchen,kitchen,kitchen,kitchen,kitchen,kitchen,bedroom_3,kitchen,kitchen,bedroom_1,entry,entry,living,living,entry,kitchen,bedroom_2,living,living,living,kitchen,living,living,bedroom_2,outside,outside,outside,outside,outside,kitchen,bedroom_3,outside,bathroom,bedroom_3,bedroom_3,kitchen,living,living,kitchen,kitchen,kitchen,kitchen,entry,entry
10080,d07 Mon 00:00,kitchen,kitchen,kitchen,kitchen,kitchen,kitchen,bedroom_3,kitchen,kitchen,bedroom_1,entry,entry,living,living,entry,kitchen,bedroom_2,living,living,living,kitchen,living,living,bedroom_2,outside,outside,outside,outside,outside,kitchen,bedroom_3,outside,bathroom,bedroom_3,bedroom_3,kitchen,living,living,kitchen,kitchen,kitchen,kitchen,entry,entry
10140,d07 Mon 01:00,kitchen,kitchen,kitchen,kitchen,kitchen,kitchen,bedroom_3,kitchen,kitchen,bedroom_1,entry,entry,living,living,entry,kitchen,bedroom_2,living,living,living,kitchen,living,living,bedroom_2,kitchen,entry,bedroom_3,kitchen,kitchen,kitchen,bedroom_3,entry,bathroom,bedroom_3,bedroom_3,kitchen,living,living,kitchen,kitchen,kitchen,kitchen,entry,entry
10200,d07 Mon 02:00,kitchen,kitchen,kitchen,kitchen,kitchen,kitchen,bedroom_3,kitchen,kitchen,bedroom_1,entry,entry,living,living,entry,kitchen,bedroom_2,living,living,living,kitchen,living,living,bedroom_2,kitchen,entry,bedroom_3,kitchen,kitchen,kitchen,bedroom_3,entry,bathroom,bedroom_3,bedroom_3,kitchen,living,living,kitchen,kitchen,kitchen,kitchen,entry,entry
10260,d07 Mon 03:00,kitchen,kitchen,kitchen,kitchen,kitchen,kitchen,bedroom_3,kitchen,kitchen,bedroom_1,entry,entry,living,living,entry,kitchen,bedroom_2,living,living,living,kitchen,living,living,bedroom_2,kitchen,entry,bedroom_3,kitchen,kitchen,kitchen,bedroom_3,entry,bathroom,bedroom_3,bedroom_3,kitchen,living,living,kitchen,kitchen,kitchen,kitchen,entry,entry
10320,d07 Mon 04:00,kitchen,kitchen,kitchen,kitchen,kitchen,kitchen,bedroom_3,kitchen,kitchen,bedroom_1,entry,entry,living,living,entry,kitchen,bedroom_2,living,living,living,kitchen,living,living,bedroom_2,kitchen,entry,bedroom_3,kitchen,kitchen,kitchen,bedroom_3,entry,bathroom,bedroom_3,bedroom_3,kitchen,living,living,kitchen,kitchen,kitchen,kitchen,entry,entry
10380,d07 Mon 05:00,kitchen,kitchen,kitchen,kitchen,kitchen,kitchen,bedroom_3,kitchen,kitchen,bedroom_1,entry,entry,living,living,entry,kitchen,bedroom_2,living,living,living,kitchen,living,living,bedroom_2,kitchen,entry,bedroom_3,kitchen,kitchen,kitchen,bedroom_3,entry,bathroom,bedroom_3,bedroom_3,kitchen,living,living,kitchen,kitchen,kitchen,kitchen,entry,entry
10440,d07 Mon 06:00,kitchen,kitchen,kitchen,kitchen,kitchen,kitchen,bedroom_3,kitchen,kitchen,bedroom_1,entry,entry,living,living,entry,kitchen,bedroom_2,living,living,living,kitchen,living,living,bedroom_2,kitchen,entry,bedroom_3,kitchen,kitchen,kitchen,bedroom_3,entry,bathroom,bedroom_3,bedroom_3,kitchen,living,living,kitchen,kitchen,kitchen,kitchen,entry,entry
10500,d07 Mon 07:00,kitchen,kitchen,kitchen,kitchen,kitchen,kitchen,bedroom_3,kitchen,kitchen,bedroom_1,entry,entry,living,living,entry,kitchen,bedroom_2,living,living,living,kitchen,living,living,bedroom_2,kitchen,entry,bedroom_3,kitchen,kitchen,kitchen,bedroom_3,entry,bathroom,bedroom_3,bedroom_3,kitchen,living,living,kitchen,kitchen,kitchen,kitchen,entry,entry
10560,d07 Mon 08:00,kitchen,kitchen,kitchen,kitchen,kitchen,kitchen,bedroom_3,kitchen,kitchen,bedroom_1,entry,entry,living,living,kitchen,kitchen,bedroom_2,living,living,living,kitchen,living,living,bedroom_2,kitchen,entry,bedroom_3,kitchen,kitchen,kitchen,bedroom_3,entry,bathroom,bedroom_3,bedroom_3,kitchen,living,living,kitchen,kitchen,kitchen,kitchen,entry,entry
10620,d07 Mon 09:00,outside,outside,outside,outside,outside,outside,bedroom_3,kitchen,outside,bedroom_1,entry,entry,outside,outside,outside,kitchen,outside,living,living,outside,living,living,living,bedroom_2,kitchen,entry,bedroom_3,kitchen,kitchen,kitchen,bedroom_3,entry,bathroom,bedroom_3,bedroom_3,kitchen,living,living,kitchen,kitchen,kitchen,kitchen,entry,entry
10680,d07 Mon 10:00,outside,outside,outside,outside,outside,outside,bedroom_3,kitchen,outside,bedroom_1,entry,entry,outside,outside,outside,kitchen,outside,living,living,outside,living,living,living,bedroom_2,kitchen,entry,bedroom_3,kitchen,kitchen,kitchen,bedroom_3,entry,bathroom,bedroom_3,bedroom_3,kitchen,living,living,kitchen,kitchen,kitchen,kitchen,entry,entry
10740,d07 Mon 11:00,outside,outside,outside,outside,outside,outside,bedroom_3,kitchen,outside,bedroom_1,entry,entry,outside,outside,outside,kitchen,outside,living,living,outside,living,living,living,bedroom_2,kitchen,entry,bedroom_3,kitchen,kitchen,kitchen,bedroom_3,entry,bathroom,bedroom_3,bedroom_3,kitchen,living,living,kitchen,kitchen,kitchen,kitchen,entry,entry
10800,d07 Mon 12:00,outside,outside,outside,outside,outside,outside,bedroom_3,kitchen,outside,bedroom_1,entry,entry,outside,outside,outside,kitchen,outside,living,living,outside,living,living,living,bedroom_2,kitchen,entry,bedroom_3,kitchen,kitchen,kitchen,bedroom_3,entry,bathroom,bedroom_3,bedroom_3,kitchen,living,living,kitchen,kitchen,kitchen,kitchen,entry,entry
10860,d07 Mon 13:00,outside,outside,outside,outside,outside,outside,bedroom_3,kitchen,outside,bedroom_1,entry,entry,outside,outside,outside,kitchen,outside,living,living,outside,living,living,living,bedroom_2,kitchen,entry,bedroom_3,kitchen,kitchen,kitchen,bedroom_3,entry,bathroom,bathroom,bedroom_3,kitchen,living,living,kitchen,kitchen,kitchen,kitchen,entry,entry
10920,d07 Mon 14:00,outside,outside,outside,outside,outside,outside,bedroom_3,kitchen,outside,bedroom_1,entry,entry,outside,outside,outside,kitchen,outside,living,living,outside,living,living,living,bedroom_3,kitchen,entry,bedroom_3,kitchen,kitchen,kitchen,bedroom_3,entry,bedroom_3,bedroom_3,bedroom_3,kitchen,living,living,kitchen,kitchen,kitchen,kitchen,entry,entry
10980,d07 Mon 15:00,outside,outside,outside,outside,outside,outside,bedroom_3,kitchen,outside,bedroom_1,entry,entry,outside,outside,outside,kitchen,outside,living,living,outside,living,living,living,bedroom_3,outside,outside,outside,outside,outside,kitchen,bedroom_3,outside,bedroom_3,bedroom_3,bedroom_3,kitchen,living,living,kitchen,kitchen,kitchen,kitchen,entry,entry
11040,d07 Mon 16:00,kitchen,bedroom_1,kitchen,kitchen,kitchen,bedroom_1,bedroom_3,kitchen,kitchen,bedroom_1,entry,entry,outside,outside,outside,kitchen,outside,living,living,outside,living,kitchen,living,bedroom_3,outside,outside,outside,outside,outside,kitchen,bedroom_3,outside,bedroom_3,bedroom_3,bedroom_3,kitchen,living,living,kitchen,kitchen,kitchen,kitchen,entry,entry
11100,d07 Mon 17:00,kitchen,bedroom_1,kitchen,kitchen,kitchen,bedroom_1,kitchen,kitchen,kitchen,bedroom_1,entry,entry,bedroom_2,kitchen,kitchen,kitchen,kitchen,living,living,bedroom_2,living,kitchen,living,kitchen,outside,outside,outside,outside,outside,kitchen,bedroom_3,outside,bedroom_3,bedroom_3,bedroom_3,kitchen,living,living,kitchen,kitchen,kitchen,kitchen,entry,entry
11160,d07 Mon 18:00,kitchen,bedroom_1,kitchen,kitchen,kitchen,bedroom_1,kitchen,kitchen,kitchen,living,entry,entry,bedroom_2,kitchen,kitchen,kitchen,kitchen,living,living,bedroom_2,living,living,living,kitchen,outside,outside,outside,outside,outside,kitchen,bedroom_3,outside,bedroom_3,bedroom_3,bedroom_3,kitchen,living,living,kitchen,kitchen,kitchen,kitchen,entry,entry
11220,d07 Mon 19:00,kitchen,bedroom_1,kitchen,kitchen,kitchen,bedroom_1,kitchen,kitchen,kitchen,kitchen,entry,entry,living,kitchen,kitchen,kitchen,kitchen,living,living,living,living,living,living,kitchen,outside,outside,outside,outside,outside,kitchen,bedroom_3,outside,bedroom_3,bedroom_3,bedroom_3,kitchen,living,living,kitchen,kitchen,kitchen,kitchen,entry,entry
11280,d07 Mon 20:00,kitchen,bedroom_1,kitchen,kitchen,kitchen,bedroom_1,kitchen,kitchen,kitchen,kitchen,entry,entry,living,kitchen,kitchen,kitchen,kitchen,living,living,living,kitchen,living,living,kitchen,outside,outside,outside,outside,outside,kitchen,bedroom_3,outside,bedroom_3,bedroom_3,bedroom_3,kitchen,living,living,kitchen,kitchen,kitchen,kitchen,entry,entry
11340,d07 Mon 21:00,kitchen,bedroom_1,kitchen,kitchen,kitchen,bedroom_1,kitchen,kitchen,kitchen,bathroom,entry,entry,living,bathroom,kitchen,kitchen,kitchen,bathroom,living,living,kitchen,living,living,kitchen,outside,outside,outside,outside,outside,kitchen,bedroom_3,outside,bedroom_3,bedroom_3,bedroom_3,kitchen,living,living,kitchen,kitchen,kitchen,kitchen,entry,entry
11400,d07 Mon 22:00,kitchen,bedroom_1,kitchen,kitchen,kitchen,bedroom_1,kitchen,kitchen,kitchen,bathroom,entry,entry,living,bathroom,kitchen,kitchen,kitchen,bathroom,living,living,kitchen,living,living,kitchen,outside,outside,outside,outside,outside,kitchen,bedroom_3,outside,bedroom_3,bedroom_3,bedroom_3,kitchen,living,living,kitchen,kitchen,kitchen,kitchen,entry,entry
11460,d07 Mon 23:00,kitchen,bedroom_1,kitchen,kitchen,kitchen,bedroom_1,kitchen,kitchen,kitchen,bathroom,entry,entry,living,bathroom,kitchen,kitchen,kitchen,bathroom,living,living,kitchen,living,living,kitchen,outside,outside,outside,outside,outside,kitchen,bedroom_3,outside,bedroom_3,bedroom_3,bedroom_3,kitchen,living,living,kitchen,kitchen,kitchen,kitchen,entry,entry
11520,d08 Tue 00:00,kitchen,bedroom_1,kitchen,kitchen,kitchen,bedroom_1,kitchen,kitchen,kitchen,bathroom,entry,entry,living,bathroom,kitchen,kitchen,kitchen,bathroom,living,living,kitchen,living,living,kitchen,outside,outside,outside,outside,outside,kitchen,bedroom_3,outside,bedroom_3,bedroom_3,bedroom_3,kitchen,living,living,kitchen,kitchen,kitchen,kitchen,entry,entry
11580,d08 Tue 01:00,kitchen,bedroom_1,kitchen,kitchen,kitchen,bedroom_1,kitchen,kitchen,kitchen,bedroom_1,entry,entry,living,bathroom,kitchen,kitchen,kitchen,bathroom,living,living,kitchen,bathroom,living,kitchen,bedroom_3,bedroom_3,bedroom_3,kitchen,kitchen,kitchen,bedroom_3,entry,bedroom_3,bedroom_3,bedroom_3,kitchen,living,living,kitchen,kitchen,kitchen,kitchen,entry,entry
11640,d08 Tue 02:00,kitchen,bedroom_1,kitchen,kitchen,kitchen,bedroom_1,kitchen,kitchen,kitchen,bedroom_1,entry,entry,living,bathroom,kitchen,kitchen,kitchen,bathroom,living,living,kitchen,bathroom,living,kitchen,bedroom_3,bedroom_3,bedroom_3,kitchen,kitchen,kitchen,bedroom_3,entry,bedroom_3,bedroom_3,bedroom_3,kitchen,living,living,kitchen,kitchen,kitchen,kitchen,entry,entry
11700,d08 Tue 03:00,kitchen,bedroom_1,kitchen,kitchen,kitchen,bedroom_1,kitchen,kitchen,kitchen,bedroom_1,entry,entry,living,bathroom,kitchen,kitchen,kitchen,bathroom,living,living,kitchen,bathroom,living,kitchen,bedroom_3,bedroom_3,bedroom_3,kitchen,kitchen,kitchen,bedroom_3,entry,bedroom_3,bedroom_3,bedroom_3,kitchen,living,living,kitchen,kitchen,kitchen,kitchen,entry,entry
11760,d08 Tue 04:00,kitchen,bedroom_1,kitchen,kitchen,kitchen,bedroom_1,kitchen,kitchen,kitchen,bedroom_1,entry,entry,living,bathroom,kitchen,kitchen,kitchen,bathroom,living,living,kitchen,bathroom,living,kitchen,bedroom_3,bedroom_3,bedroom_3,kitchen,kitchen,kitchen,bedroom_3,entry,bedroom_3,bedroom_3,bedroom_3,kitchen,living,living,kitchen,kitchen,kitchen,kitchen,entry,entry
11820,d08 Tue 05:00,kitchen,bedroom_1,kitchen,kitchen,kitchen,bedroom_1,kitchen,kitchen,kitchen,bedroom_1,entry,entry,living,bathroom,kitchen,kitchen,kitchen,bathroom,living,living,kitchen,bathroom,living,kitchen,bedroom_3,bedroom_3,bedroom_3,kitchen,kitchen,kitchen,bedroom_3,entry,bedroom_3,bedroom_3,bedroom_3,kitchen,living,living,kitchen,kitchen,kitchen,kitchen,entry,entry
11880,d08 Tue 06:00,kitchen,bedroom_1,kitchen,kitchen,kitchen,bedroom_1,kitchen,kitchen,kitchen,bedroom_1,entry,entry,living,bathroom,kitchen,kitchen,kitchen,bathroom,living,living,kitchen,bathroom,living,kitchen,bedroom_3,bedroom_3,bedroom_3,kitchen,kitchen,kitchen,bedroom_3,entry,bedroom_3,bedroom_3,bedroom_3,kitchen,living,living,kitchen,kitchen,kitchen,kitchen,entry,entry
11940,d08 Tue 07:00,kitchen,bedroom_1,kitchen,kitchen,kitchen,bedroom_1,kitchen,kitchen,kitchen,bedroom_1,entry,entry,living,bathroom,kitchen,kitchen,kitchen,bathroom,living,living,kitchen,bathroom,living,kitchen,bedroom_3,bedroom_3,bedroom_3,kitchen,kitchen,kitchen,bedroom_3,entry,bedroom_2,bedroom_2,bedroom_3,kitchen,living,living,kitchen,kitchen,kitchen,kitchen,entry,entry
12000,d08 Tue 08:00,kitchen,bedroom_1,kitchen,kitchen,kitchen,bedroom_1,kitchen,kitchen,kitchen,bedroom_1,entry,entry,living,outside,outside,kitchen,outside,bathroom,living,living,kitchen,bathroom,living,kitchen,bedroom_3,bedroom_3,bedroom_3,kitchen,kitchen,kitchen,bedroom_3,entry,bedroom_3,bedroom_3,bedroom_3,kitchen,living,living,kitchen,kitchen,kitchen,kitchen,entry,entry
12060,d08 Tue 09:00,outside,outside,outside,outside,outside,outside,kitchen,kitchen,outside,bedroom_1,entry,entry,living,outside,outside,kitchen,outside,bathroom,living,living,kitchen,bathroom,living,kitchen,bedroom_3,bedroom_3,bedroom_3,kitchen,kitchen,kitchen,bedroom_3,entry,bedroom_3,bedroom_3,bedroom_3,kitchen,living,living,kitchen,kitchen,kitchen,kitchen,entry,entry
12120,d08 Tue 10:00,outside,outside,outside,outside,outside,outside,kitchen,kitchen,outside,bedroom_1,entry,entry,living,outside,outside,kitchen,outside,bathroom,living,living,kitchen,bathroom,living,kitchen,bedroom_3,bedroom_3,bedroom_3,kitchen,kitchen,kitchen,bedroom_3,entry,bedroom_3,bedroom_3,bedroom_3,kitchen,living,living,kitchen,kitchen,kitchen,kitchen,entry,entry
12180,d08 Tue 11:00,outside,outside,outside,outside,outside,outside,kitchen,kitchen,outside,bedroom_1,entry,entry,living,outside,outside,kitchen,outside,bathroom,living,living,kitchen,bathroom,living,kitchen,bedroom_3,bedroom_3,bedroom_3,kitchen,kitchen,kitchen,bedroom_3,entry,bedroom_3,bedroom_3,bedroom_3,kitchen,living,living,kitchen,kitchen,kitchen,kitchen,entry,entry
12240,d08 Tue 12:00,outside,outside,outside,outside,outside,outside,kitchen,kitchen,outside,bedroom_1,entry,entry,living,outside,outside,kitchen,outside,bathroom,living,living,kitchen,bathroom,living,kitchen,bedroom_3,bedroom_3,bedroom_3,kitchen,kitchen,kitchen,bedroom_3,entry,bedroom_3,bedroom_3,bedroom_3,kitchen,living,living,kitchen,kitchen,kitchen,kitchen,entry,entry
12300,d08 Tue 13:00,outside,outside,outside,outside,outside,outside,kitchen,kitchen,outside,bedroom_1,entry,entry,living,outside,outside,kitchen,outside,bathroom,living,living,kitchen,bathroom,living,kitchen,bedroom_3,bedroom_3,bedroom_3,kitchen,kitchen,kitchen,bedroom_3,entry,bedroom_3,bedroom_3,bedroom_3,kitchen,living,living,kitchen,kitchen,kitchen,kitchen,entry,entry
12360,d08 Tue 14:00,outside,outside,outside,outside,outside,outside,kitchen,kitchen,outside,bedroom_1,entry,entry,living,outside,outside,kitchen,outside,bathroom,living,living,kitchen,bathroom,living,kitchen,bedroom_3,bedroom_3,bedroom_3,kitchen,kitchen,kitchen,bedroom_3,entry,bedroom_3,bedroom_3,bedroom_3,bedroom_3,living,living,kitchen,kitchen,kitchen,kitchen,entry,entry
12420,d08 Tue 15:00,outside,outside,outside,outside,outside,outside,kitchen,kitchen,outside,bedroom_1,entry,entry,living,outside,outside,kitchen,outside,bathroom,living,living,kitchen,kitchen,living,kitchen,outside,outside,outside,outside,outside,kitchen,bedroom_3,outside,bedroom_3,bedroom_3,bedroom_3,bedroom_3,living,living,kitchen,kitchen,kitchen,kitchen,entry,entry
12480,d08 Tue 16:00,outside,outside,outside,outside,outside,outside,kitchen,kitchen,outside,bedroom_1,entry,entry,living,outside,outside,kitchen,outside,bathroom,living,living,kitchen,kitchen,living,kitchen,outside,outside,outside,outside,outside,kitchen,bedroom_3,outside,bedroom_3,bedroom_3,bedroom_3,bedroom_3,living,living,kitchen,kitchen,kitchen,kitchen,entry,entry
12540,d08 Tue 17:00,outside,outside,outside,outside,outside,outside,kitchen,kitchen,outside,bedroom_1,entry,entry,living,outside,outside,kitchen,outside,bathroom,living,living,kitchen,kitchen,living,kitchen,outside,outside,outside,outside,outside,kitchen,bedroom_3,outside,bedroom_3,bedroom_3,bedroom_3,bedroom_3,living,living,kitchen,kitchen,kitchen,kitchen,entry,entry
12600,d08 Tue 18:00,kitchen,bedroom_1,kitchen,kitchen,kitchen,kitchen,kitchen,kitchen,kitchen,living,entry,entry,living,living,bedroom_2,kitchen,kitchen,bathroom,living,living,kitchen,kitchen,living,kitchen,outside,outside,outside,outside,outside,kitchen,bedroom_3,outside,bedroom_3,bedroom_3,bedroom_3,bedroom_3,living,living,kitchen,kitchen,kitchen,kitchen,entry,entry
12660,d08 Tue 19:00,kitchen,bedroom_1,kitchen,kitchen,kitchen,kitchen,kitchen,kitchen,kitchen,living,entry,entry,living,living,bedroom_2,kitchen,kitchen,bathroom,living,living,kitchen,kitchen,living,kitchen,outside,outside,outside,outside,outside,kitchen,bedroom_3,outside,bedroom_3,bedroom_3,bedroom_3,bedroom_3,living,living,kitchen,kitchen,kitchen,kitchen,entry,entry
12720,d08 Tue 20:00,kitchen,bedroom_1,kitchen,kitchen,kitchen,kitchen,kitchen,kitchen,kitchen,living,entry,entry,living,living,bedroom_2,kitchen,kitchen,bathroom,living,living,kitchen,kitchen,living,kitchen,outside,outside,outside,outside,outside,kitchen,bedroom_3,outside,bedroom_3,bedroom_3,bedroom_3,bedroom_3,living,living,kitchen,kitchen,kitchen,kitchen,entry,entry
12780,d08 Tue 21:00,kitchen,bedroom_1,kitchen,kitchen,kitchen,kitchen,kitchen,kitchen,kitchen,kitchen,entry,entry,living,living,bedroom_2,kitchen,kitchen,bathroom,living,kitchen,kitchen,kitchen,living,kitchen,outside,outside,outside,outside,outside,kitchen,bedroom_3,outside,bedroom_3,bedroom_3,bedroom_3,bedroom_3,living,living,kitchen,kitchen,kitchen,kitchen,entry,entry
12840,d08 Tue 22:00,kitchen,bedroom_1,kitchen,kitchen,kitchen,kitchen,kitchen,kitchen,kitchen,bedroom_1,entry,entry,living,living,bedroom_2,kitchen,kitchen,bathroom,living,kitchen,kitchen,living,living,bathroom,outside,outside,outside,outside,outside,kitchen,bedroom_3,outside,bedroom_3,bedroom_3,bedroom_3,bedroom_3,living,living,kitchen,kitchen,kitchen,kitchen,entry,entry
12900,d08 Tue 23:00,kitchen,bedroom_1,kitchen,kitchen,kitchen,kitchen,kitchen,kitchen,kitchen,bedroom_1,entry,entry,living,living,bedroom_2,kitchen,kitchen,bathroom,living,kitchen,kitchen,living,living,bathroom,outside,outside,outside,outside,outside,kitchen,bedroom_3,outside,bedroom_3,bedroom_3,bedroom_3,bedroom_3,living,living,kitchen,kitchen,kitchen,kitchen,entry,entry
12960,d09 Wed 00:00,kitchen,bedroom_1,kitchen,kitchen,kitchen,kitchen,kitchen,kitchen,kitchen,bedroom_1,entry,entry,living,living,bedroom_2,kitchen,kitchen,bathroom,living,kitchen,kitchen,living,living,bathroom,outside,outside,outside,outside,outside,kitchen,bedroom_3,outside,bedroom_3,bedroom_3,bedroom_3,bedroom_3,living,living,kitchen,kitchen,kitchen,kitchen,entry,entry
13020,d09 Wed 01:00,kitchen,bedroom_1,kitchen,kitchen,kitchen,kitchen,kitchen,kitchen,kitchen,bedroom_1,entry,entry,living,living,bedroom_2,kitchen,kitchen,bathroom,living,kitchen,kitchen,living,living,bathroom,kitchen,entry,bedroom_3,kitchen,bathroom,kitchen,bedroom_3,kitchen,bedroom_3,bedroom_3,bedroom_3,bedroom_3,living,living,kitchen,kitchen,kitchen,kitchen,entry,entry
13080,d09 Wed 02:00,kitchen,bedroom_1,kitchen,kitchen,kitchen,kitchen,kitchen,kitchen,kitchen,bedroom_1,entry,entry,living,living,bedroom_2,kitchen,kitchen,bathroom,living,kitchen,kitchen,living,living,bathroom,kitchen,entry,bedroom_3,kitchen,bathroom,kitchen,bedroom_3,kitchen,bedroom_3,bedroom_3,bedroom_3,bedroom_3,living,living,kitchen,kitchen,kitchen,kitchen,entry,entry
13140,d09 Wed 03:00,kitchen,bedroom_1,kitchen,kitchen,kitchen,kitchen,kitchen,kitchen,kitchen,bedroom_1,entry,entry,living,living,bedroom_2,kitchen,kitchen,bathroom,living,kitchen,kitchen,living,living,bathroom,kitchen,entry,bedroom_3,kitchen,bathroom,kitchen,bedroom_3,kitchen,bedroom_3,bedroom_3,bedroom_3,bedroom_3,living,living,kitchen,kitchen,kitchen,kitchen,entry,entry
13200,d09 Wed 04:00,kitchen,bedroom_1,kitchen,kitchen,kitchen,kitchen,kitchen,kitchen,kitchen,bedroom_1,entry,entry,living,living,bedroom_2,kitchen,kitchen,bathroom,living,kitchen,kitchen,living,living,bathroom,kitchen,entry,bedroom_3,kitchen,bathroom,kitchen,bedroom_3,kitchen,bedroom_3,bedroom_3,bedroom_3,bedroom_3,living,living,kitchen,kitchen,kitchen,kitchen,entry,entry
13260,d09 Wed 05:00,kitchen,bedroom_1,kitchen,kitchen,kitchen,kitchen,kitchen,kitchen,kitchen,bedroom_1,entry,entry,living,living,bedroom_2,kitchen,kitchen,bathroom,living,kitchen,kitchen,living,living,bathroom,kitchen,entry,bedroom_3,kitchen,bathroom,kitchen,bedroom_3,kitchen,bedroom_3,bedroom_3,bedroom_3,bedroom_3,living,living,kitchen,kitchen,kitchen,kitchen,entry,entry
13320,d09 Wed 06:00,kitchen,bedroom_1,kitchen,kitchen,kitchen,kitchen,kitchen,kitchen,kitchen,bedroom_1,entry,entry,living,living,bedroom_2,kitchen,kitchen,bathroom,living,kitchen,kitchen,living,living,bathroom,kitchen,entry,bedroom_3,kitchen,bathroom,kitchen,bedroom_3,kitchen,bedroom_3,bedroom_3,bedroom_3,bedroom_3,living,living,kitchen,kitchen,kitchen,kitchen,entry,entry
13380,d09 Wed 07:00,kitchen,bedroom_1,kitchen,kitchen,kitchen,kitchen,kitchen,kitchen,kitchen,bedroom_1,entry,entry,living,living,bedroom_2,kitchen,kitchen,bathroom,living,kitchen,kitchen,living,living,bathroom,kitchen,entry,bedroom_3,kitchen,bathroom,kitchen,bedroom_3,kitchen,bedroom_3,bedroom_3,bedroom_3,bedroom_3,living,living,kitchen,kitchen,kitchen,kitchen,entry,entry
13440,d09 Wed 08:00,kitchen,bedroom_1,kitchen,kitchen,kitchen,kitchen,kitchen,kitchen,kitchen,living,entry,entry,living,living,bedroom_2,kitchen,kitchen,bathroom,living,kitchen,living,living,living,bathroom,kitchen,entry,bedroom_3,kitchen,bathroom,kitchen,bedroom_3,kitchen,bedroom_3,bedroom_3,bedroom_3,bedroom_3,living,living,kitchen,kitchen,kitchen,kitchen,entry,entry
13500,d09 Wed 09:00,kitchen,bedroom_1,kitchen,kitchen,kitchen,kitchen,kitchen,kitchen,kitchen,living,entry,entry,living,living,bedroom_2,kitchen,kitchen,bathroom,living,kitchen,living,living,living,bathroom,kitchen,entry,bedroom_3,kitchen,bathroom,kitchen,bedroom_3,kitchen,bedroom_3,bedroom_3,kitchen,bedroom_3,living,living,kitchen,kitchen,kitchen,kitchen,entry,entry
13560,d09 Wed 10:00,kitchen,bedroom_1,kitchen,kitchen,kitchen,kitchen,kitchen,kitchen,kitchen,kitchen,entry,entry,living,living,bedroom_2,kitchen,kitchen,bathroom,living,living,bedroom_1,kitchen,living,bathroom,kitchen,entry,bedroom_3,kitchen,kitchen,kitchen,bedroom_3,kitchen,bedroom_3,bedroom_3,kitchen,bedroom_3,living,living,kitchen,kitchen,kitchen,kitchen,entry,entry
13620,d09 Wed 11:00,kitchen,bedroom_1,kitchen,kitchen,kitchen,kitchen,kitchen,kitchen,kitchen,kitchen,entry,entry,living,living,bedroom_2,kitchen,kitchen,bathroom,living,living,bedroom_1,living,living,bathroom,kitchen,entry,bedroom_3,kitchen,kitchen,kitchen,bedroom_3,kitchen,bedroom_3,bedroom_3,kitchen,bedroom_3,living,living,kitchen,kitchen,kitchen,kitchen,entry,entry
13680,d09 Wed 12:00,kitchen,kitchen,kitchen,kitchen,kitchen,kitchen,kitchen,kitchen,kitchen,living,entry,entry,living,living,bedroom_2,kitchen,kitchen,bathroom,living,living,bedroom_1,living,living,bathroom,kitchen,entry,bedroom_3,kitchen,kitchen,kitchen,bedroom_3,kitchen,bedroom_3,bedroom_3,kitchen,bedroom_3,living,living,kitchen,kitchen,kitchen,kitchen,entry,entry
13740,d09 Wed 13:00,kitchen,kitchen,kitchen,kitchen,kitchen,kitchen,kitchen,kitchen,kitchen,living,entry,entry,living,living,bedroom_2,kitchen,kitchen,bathroom,living,living,bedroom_1,living,living,bathroom,kitchen,entry,bedroom_3,kitchen,kitchen,kitchen,bedroom_3,kitchen,bedroom_3,bedroom_3,bedroom_3,bedroom_3,living,living,kitchen,kitchen,kitchen,kitchen,entry,entry
13800,d09 Wed 14:00,kitchen,kitchen,kitchen,kitchen,kitchen,kitchen,kitchen,kitchen,kitchen,living,entry,entry,living,living,bathroom,kitchen,kitchen,bathroom,living,living,kitchen,living,living,bathroom,kitchen,entry,bedroom_3,kitchen,kitchen,kitchen,bedroom_3,kitchen,bathroom,bedroom_3,bedroom_3,bedroom_3,living,living,kitchen,kitchen,kitchen,kitchen,entry,entry
13860,d09 Wed 15:00,kitchen,kitchen,kitchen,kitchen,kitchen,kitchen,kitchen,kitchen,kitchen,living,entry,entry,living,living,bathroom,kitchen,kitchen,bathroom,living,living,kitchen,kitchen,living,bathroom,outside,outside,outside,outside,outside,kitchen,bedroom_3,outside,bathroom,bedroom_3,bedroom_3,living,living,living,kitchen,kitchen,kitchen,kitchen,entry,entry
13920,d09 Wed 16:00,kitchen,kitchen,kitchen,kitchen,kitchen,kitchen,kitchen,kitchen,kitchen,kitchen,entry,entry,living,living,bathroom,kitchen,kitchen,bathroom,living,living,kitchen,kitchen,living,bathroom,outside,outside,outside,outside,outside,kitchen,bedroom_3,outside,bathroom,bedroom_3,bedroom_3,bedroom_3,living,living,kitchen,kitchen,kitchen,kitchen,entry,entry
13980,d09 Wed 17:00,kitchen,kitchen,kitchen,kitchen,kitchen,kitchen,kitchen,kitchen,kitchen,kitchen,entry,entry,living,living,bathroom,kitchen,kitchen,bathroom,living,living,kitchen,kitchen,living,bathroom,outside,outside,outside,outside,outside,kitchen,bedroom_3,outside,bathroom,bedroom_3,bedroom_3,bedroom_3,living,living,kitchen,kitchen,kitchen,kitchen,entry,entry
14040,d09 Wed 18:00,kitchen,kitchen,kitchen,kitchen,kitchen,kitchen,kitchen,kitchen,kitchen,bedroom_1,entry,entry,living,living,bathroom,kitchen,kitchen,living,living,living,kitchen,kitchen,living,bathroom,outside,outside,outside,outside,outside,kitchen,bedroom_3,outside,bathroom,bedroom_3,bedroom_3,bedroom_3,living,living,kitchen,kitchen,kitchen,kitchen,entry,entry
14100,d09 Wed 19:00,kitchen,kitchen,kitchen,kitchen,kitchen,kitchen,kitchen,kitchen,kitchen,bedroom_1,entry,entry,living,living,bathroom,kitchen,kitchen,living,living,living,kitchen,kitchen,living,bathroom,outside,outside,outside,outside,outside,kitchen,bedroom_3,outside,bathroom,bedroom_3,bedroom_3,bedroom_3,living,living,kitchen,kitchen,kitchen,kitchen,entry,entry
14160,d09 Wed 20:00,kitchen,kitchen,kitchen,kitchen,kitchen,kitchen,kitchen,kitchen,kitchen,bedroom_1,entry,entry,living,living,bathroom,kitchen,kitchen,living,living,living,kitchen,kitchen,living,bathroom,outside,outside,outside,outside,outside,kitchen,bedroom_3,outside,bathroom,bedroom_3,bedroom_3,bedroom_3,living,living,kitchen,kitchen,kitchen,kitchen,entry,entry
14220,d09 Wed 21:00,kitchen,kitchen,kitchen,kitchen,kitchen,kitchen,kitchen,kitchen,kitchen,bedroom_1,entry,entry,living,living,bathroom,kitchen,kitchen,living,living,living,kitchen,kitchen,living,bathroom,outside,outside,outside,outside,outside,kitchen,bedroom_3,outside,bathroom,bedroom_3,bedroom_3,bedroom_3,living,living,kitchen,kitchen,kitchen,kitchen,entry,entry
14280,d09 Wed 22:00,kitchen,kitchen,kitchen,kitchen,kitchen,kitchen,kitchen,kitchen,kitchen,bedroom_1,entry,entry,living,living,bathroom,kitchen,kitchen,living,living,living,kitchen,kitchen,living,bathroom,outside,outside,outside,outside,outside,kitchen,bedroom_3,outside,bathroom,bedroom_3,bedroom_3,bedroom_3,living,living,kitchen,kitchen,kitchen,kitchen,entry,entry
14340,d09 Wed 23:00,kitchen,kitchen,kitchen,kitchen,kitchen,kitchen,kitchen,kitchen,kitchen,bedroom_1,entry,entry,living,living,bathroom,kitchen,kitchen,living,living,living,kitchen,kitchen,living,bathroom,outside,outside,outside,outside,outside,kitchen,bedroom_3,outside,bathroom,bedroom_3,bedroom_3,bedroom_3,living,living,kitchen,kitchen,kitchen,kitchen,entry,entry
14400,d10 Thu 00:00,kitchen,kitchen,kitchen,kitchen,kitchen,kitchen,kitchen,kitchen,kitchen,bedroom_1,entry,entry,living,living,bathroom,kitchen,kitchen,living,living,living,kitchen,kitchen,living,bathroom,outside,outside,outside,outside,outside,kitchen,bedroom_3,outside,bathroom,bedroom_3,bedroom_3,bedroom_3,living,living,kitchen,kitchen,kitchen,kitchen,entry,entry
14460,d10 Thu 01:00,kitchen,kitchen,kitchen,kitchen,kitchen,kitchen,kitchen,kitchen,kitchen,bedroom_1,entry,entry,living,living,bathroom,kitchen,kitchen,living,living,living,kitchen,kitchen,living,bathroom,bathroom,bathroom,bedroom_3,kitchen,bathroom,kitchen,bedroom_3,bathroom,bathroom,bedroom_3,bedroom_3,bedroom_3,living,living,kitchen,kitchen,kitchen,kitchen,entry,entry
14520,d10 Thu 02:00,kitchen,kitchen,kitchen,kitchen,kitchen,kitchen,kitchen,kitchen,kitchen,bedroom_1,entry,entry,living,living,bathroom,kitchen,kitchen,living,living,living,kitchen,kitchen,living,bathroom,bathroom,bathroom,bedroom_3,kitchen,bathroom,kitchen,bedroom_3,bathroom,bathroom,bedroom_3,bedroom_3,bedroom_3,living,living,kitchen,kitchen,kitchen,kitchen,entry,entry
14580,d10 Thu 03:00,kitchen,kitchen,kitchen,kitchen,kitchen,kitchen,kitchen,kitchen,kitchen,bedroom_1,entry,entry,living,living,bathroom,kitchen,kitchen,living,living,living,kitchen,kitchen,living,bathroom,bathroom,bathroom,bedroom_3,kitchen,bathroom,kitchen,bedroom_3,bathroom,bathroom,bedroom_3,bedroom_3,bedroom_3,living,living,kitchen,kitchen,kitchen,kitchen,entry,entry
14640,d10 Thu 04:00,kitchen,kitchen,kitchen,kitchen,kitchen,kitchen,kitchen,kitchen,kitchen,bedroom_1,entry,entry,living,living,bathroom,kitchen,kitchen,living,living,living,kitchen,kitchen,living,bathroom,bathroom,bathroom,bedroom_3,kitchen,bathroom,kitchen,bedroom_3,bathroom,bathroom,bedroom_3,bedroom_3,bedroom_3,living,living,kitchen,kitchen,kitchen,kitchen,entry,entry
14700,d10 Thu 05:00,kitchen,kitchen,kitchen,kitchen,kitchen,kitchen,kitchen,kitchen,kitchen,bedroom_1,entry,entry,living,living,bathroom,kitchen,kitchen,living,living,living,kitchen,kitchen,living,bathroom,bathroom,bathroom,bedroom_3,kitchen,bathroom,kitchen,bedroom_3,bathroom,bathroom,bedroom_3,bedroom_3,bedroom_3,living,living,kitchen,kitchen,kitchen,kitchen,entry,entry
14760,d10 Thu 06:00,kitchen,kitchen,kitchen,kitchen,kitchen,kitchen,kitchen,kitchen,kitchen,bedroom_1,entry,entry,living,living,bathroom,kitchen,kitchen,living,living,living,kitchen,kitchen,living,bathroom,bathroom,bathroom,bedroom_3,kitchen,bathroom,kitchen,bedroom_3,bathroom,bathroom,bedroom_3,bedroom_3,bedroom_3,living,living,kitchen,kitchen,kitchen,kitchen,entry,entry
14820,d10 Thu 07:00,kitchen,kitchen,kitchen,kitchen,kitchen,kitchen,kitchen,kitchen,kitchen,bedroom_1,entry,entry,living,living,bathroom,kitchen,kitchen,living,living,living,kitchen,kitchen,living,bathroom,bathroom,bathroom,bedroom_3,kitchen,bathroom,kitchen,bedroom_3,bathroom,bathroom,bedroom_3,bedroom_3,bedroom_3,living,living,kitchen,kitchen,kitchen,kitchen,entry,entry
14880,d10 Thu 08:00,kitchen,kitchen,kitchen,kitchen,kitchen,kitchen,kitchen,kitchen,kitchen,living,entry,entry,living,living,bathroom,kitchen,kitchen,living,living,living,kitchen,kitchen,living,bathroom,bathroom,bathroom,bedroom_3,kitchen,bathroom,kitchen,bedroom_3,bathroom,bathroom,bedroom_3,bedroom_3,bedroom_3,living,living,kitchen,kitchen,kitchen,kitchen,entry,entry
14940,d10 Thu 09:00,kitchen,kitchen,kitchen,kitchen,kitchen,kitchen,kitchen,kitchen,kitchen,living,entry,entry,living,living,bathroom,kitchen,kitchen,living,living,living,kitchen,kitchen,living,bathroom,bathroom,bathroom,bedroom_3,kitchen,bathroom,kitchen,bedroom_3,bathroom,bathroom,bedroom_3,bedroom_3,bedroom_3,living,living,kitchen,kitchen,kitchen,kitchen,entry,entry
15000,d10 Thu 10:00,kitchen,kitchen,kitchen,kitchen,kitchen,kitchen,kitchen,kitchen,kitchen,kitchen,entry,entry,living,living,bathroom,kitchen,kitchen,living,living,living,bedroom_1,kitchen,living,bathroom,bathroom,bathroom,bedroom_3,kitchen,kitchen,kitchen,bedroom_3,bathroom,bathroom,bedroom_3,bedroom_3,bedroom_3,living,living,kitchen,kitchen,kitchen,kitchen,entry,entry
15060,d10 Thu 11:00,kitchen,kitchen,kitchen,kitchen,kitchen,kitchen,kitchen,kitchen,kitchen,kitchen,entry,entry,living,living,bathroom,kitchen,kitchen,living,living,living,bedroom_1,kitchen,living,bathroom,bathroom,bathroom,bedroom_3,kitchen,kitchen,kitchen,bedroom_3,bathroom,bathroom,bedroom_3,bedroom_3,bedroom_3,living,living,kitchen,kitchen,kitchen,kitchen,entry,entry
15120,d10 Thu 12:00,kitchen,living,kitchen,kitchen,kitchen,kitchen,kitchen,kitchen,kitchen,kitchen,entry,entry,living,living,bathroom,kitchen,kitchen,living,living,living,bedroom_1,kitchen,living,bathroom,bathroom,bathroom,bedroom_3,kitchen,kitchen,kitchen,bedroom_3,bathroom,bathroom,bedroom_3,bedroom_3,bedroom_3,living,living,kitchen,kitchen,kitchen,kitchen,entry,entry
15180,d10 Thu 13:00,kitchen,living,kitchen,kitchen,kitchen,kitchen,kitchen,kitchen,kitchen,kitchen,entry,entry,living,living,bathroom,kitchen,kitchen,living,living,living,bedroom_1,kitchen,living,bathroom,bathroom,bathroom,bedroom_3,kitchen,kitchen,kitchen,bedroom_3,bathroom,bathroom,bedroom_3,bedroom_3,bedroom_3,living,living,kitchen,kitchen,kitchen,kitchen,entry,entry
15240,d10 Thu 14:00,kitchen,living,kitchen,kitchen,kitchen,kitchen,kitchen,kitchen,kitchen,kitchen,entry,entry,living,living,bathroom,kitchen,kitchen,living,living,living,bedroom_1,kitchen,living,kitchen,bathroom,bathroom,bedroom_3,kitchen,kitchen,kitchen,bedroom_3,bathroom,bathroom,bedroom_3,bedroom_3,bedroom_3,living,living,kitchen,kitchen,kitchen,kitchen,entry,entry
15300,d10 Thu 15:00,kitchen,living,kitchen,kitchen,kitchen,kitchen,kitchen,kitchen,kitchen,kitchen,entry,entry,living,living,kitchen,bedroom_2,kitchen,living,living,living,bedroom_1,kitchen,kitchen,kitchen,bedroom_3,bathroom,bedroom_3,kitchen,kitchen,kitchen,bedroom_3,bathroom,bathroom,bedroom_3,bedroom_3,bedroom_3,living,living,kitchen,kitchen,kitchen,kitchen,entry,entry
15360,d10 Thu 16:00,kitchen,living,kitchen,kitchen,kitchen,kitchen,kitchen,kitchen,kitchen,kitchen,entry,entry,living,living,kitchen,bedroom_2,kitchen,living,living,living,bedroom_1,living,kitchen,kitchen,bedroom_3,bathroom,bedroom_3,kitchen,kitchen,kitchen,bedroom_3,bathroom,bathroom,bedroom_3,bedroom_3,bedroom_3,living,living,kitchen,kitchen,kitchen,kitchen,entry,entry
15420,d10 Thu 17:00,kitchen,living,kitchen,kitchen,kitchen,kitchen,kitchen,kitchen,kitchen,kitchen,entry,entry,living,living,kitchen,bedroom_2,kitchen,living,living,living,kitchen,living,kitchen,kitchen,bedroom_3,bathroom,bedroom_3,kitchen,kitchen,kitchen,bedroom_3,bathroom,bathroom,bedroom_3,bedroom_3,bedroom_3,living,living,kitchen,kitchen,kitchen,kitchen,entry,entry
15480,d10 Thu 18:00,kitchen,living,kitchen,kitchen,kitchen,kitchen,kitchen,kitchen,kitchen,bathroom,entry,entry,living,living,kitchen,bedroom_2,kitchen,living,living,living,kitchen,living,kitchen,kitchen,bedroom_3,bathroom,bedroom_3,kitchen,kitchen,kitchen,bedroom_3,bathroom,bathroom,bedroom_3,bedroom_3,bedroom_3,living,living,kitchen,kitchen,kitchen,kitchen,entry,entry
15540,d10 Thu 19:00,kitchen,living,kitchen,kitchen,kitchen,kitchen,kitchen,kitchen,kitchen,bathroom,entry,entry,living,living,kitchen,bedroom_2,kitchen,living,living,living,kitchen,living,kitchen,kitchen,bedroom_3,bathroom,bedroom_3,kitchen,kitchen,kitchen,bedroom_3,bathroom,bathroom,bedroom_3,bedroom_3,bedroom_3,living,living,kitchen,kitchen,kitchen,kitchen,entry,entry
15600,d10 Thu 20:00,kitchen,living,kitchen,kitchen,kitchen,kitchen,kitchen,kitchen,kitchen,bathroom,entry,entry,living,living,kitchen,bedroom_2,kitchen,living,living,living,kitchen,living,kitchen,kitchen,bedroom_3,bathroom,bedroom_3,kitchen,kitchen,kitchen,bedroom_3,bathroom,bathroom,bedroom_3,bedroom_3,bedroom_3,living,living,kitchen,kitchen,kitchen,kitchen,entry,entry
15660,d10 Thu 21:00,kitchen,living,kitchen,kitchen,kitchen,kitchen,kitchen,kitchen,kitchen,bathroom,entry,entry,living,living,kitchen,bedroom_2,kitchen,living,living,living,kitchen,living,kitchen,kitchen,bedroom_3,bathroom,bedroom_3,kitchen,kitchen,kitchen,bedroom_3,bathroom,bathroom,bedroom_3,bedroom_3,bedroom_3,living,living,kitchen,kitchen,kitchen,kitchen,entry,entry
15720,d10 Thu 22:00,kitchen,living,kitchen,kitchen,kitchen,kitchen,kitchen,kitchen,kitchen,bathroom,entry,entry,living,living,kitchen,bedroom_2,kitchen,living,living,living,kitchen,living,kitchen,kitchen,bedroom_3,bathroom,bedroom_3,kitchen,kitchen,kitchen,bedroom_3,bathroom,bathroom,bedroom_3,bedroom_3,bedroom_3,living,living,kitchen,kitchen,kitchen,kitchen,entry,entry
15780,d10 Thu 23:00,kitchen,living,kitchen,kitchen,kitchen,kitchen,kitchen,kitchen,kitchen,bathroom,entry,entry,living,living,kitchen,bedroom_2,kitchen,living,living,living,kitchen,living,kitchen,kitchen,bedroom_3,bathroom,bedroom_3,kitchen,kitchen,kitchen,bedroom_3,bathroom,bathroom,bedroom_3,bedroom_3,bedroom_3,living,living,kitchen,kitchen,kitchen,kitchen,entry,entry
15840,d11 Fri 00:00,kitchen,living,kitchen,kitchen,kitchen,kitchen,kitchen,kitchen,kitchen,bathroom,entry,entry,living,living,kitchen,bedroom_2,kitchen,living,living,living,kitchen,living,kitchen,kitchen,bedroom_3,bathroom,bedroom_3,kitchen,kitchen,kitchen,bedroom_3,bathroom,bathroom,bedroom_3,bedroom_3,bedroom_3,living,living,kitchen,kitchen,kitchen,kitchen,entry,entry
15900,d11 Fri 01:00,kitchen,living,kitchen,kitchen,kitchen,kitchen,kitchen,kitchen,kitchen,bathroom,entry,entry,living,living,kitchen,bedroom_2,kitchen,living,living,living,kitchen,living,kitchen,kitchen,bedroom_3,bathroom,bedroom_3,kitchen,kitchen,kitchen,bedroom_3,bathroom,bathroom,bedroom_3,bedroom_3,bedroom_3,living,living,kitchen,kitchen,kitchen,kitchen,entry,entry
15960,d11 Fri 02:00,kitchen,living,kitchen,kitchen,kitchen,kitchen,kitchen,kitchen,kitchen,bathroom,entry,entry,living,living,kitchen,bedroom_2,kitchen,living,living,living,kitchen,living,kitchen,kitchen,bedroom_3,bathroom,bedroom_3,kitchen,kitchen,kitchen,bedroom_3,bathroom,bathroom,bedroom_3,bedroom_3,bedroom_3,living,living,kitchen,kitchen,kitchen,kitchen,entry,entry
16020,d11 Fri 03:00,kitchen,living,kitchen,kitchen,kitchen,kitchen,kitchen,kitchen,kitchen,bathroom,entry,entry,living,living,kitchen,bedroom_2,kitchen,living,living,living,kitchen,living,kitchen,kitchen,bedroom_3,bathroom,bedroom_3,kitchen,kitchen,kitchen,bedroom_3,bathroom,bathroom,bedroom_3,bedroom_3,bedroom_3,living,living,kitchen,kitchen,kitchen,kitchen,entry,entry
16080,d11 Fri 04:00,kitchen,living,kitchen,kitchen,kitchen,kitchen,kitchen,kitchen,kitchen,bathroom,entry,entry,living,living,kitchen,bedroom_2,kitchen,living,living,living,kitchen,living,kitchen,kitchen,bedroom_3,bathroom,bedroom_3,kitchen,kitchen,kitchen,bedroom_3,bathroom,bathroom,bedroom_3,bedroom_3,bedroom_3,living,living,kitchen,kitchen,kitchen,kitchen,entry,entry
16140,d11 Fri 05:00,kitchen,living,kitchen,kitchen,kitchen,kitchen,kitchen,kitchen,kitchen,bathroom,entry,entry,living,living,kitchen,bedroom_2,kitchen,living,living,living,kitchen,living,kitchen,kitchen,bedroom_3,bathroom,bedroom_3,kitchen,kitchen,kitchen,bedroom_3,bathroom,bathroom,bedroom_3,bedroom_3,bedroom_3,living,living,kitchen,kitchen,kitchen,kitchen,entry,entry
16200,d11 Fri 06:00,kitchen,living,kitchen,kitchen,kitchen,kitchen,kitchen,kitchen,kitchen,bathroom,entry,entry,living,living,kitchen,bedroom_2,kitchen,living,living,living,kitchen,living,kitchen,kitchen,bedroom_3,bathroom,bedroom_3,kitchen,kitchen,kitchen,bedroom_3,bathroom,bathroom,bedroom_3,bedroom_3,bedroom_3,living,living,kitchen,kitchen,kitchen,kitchen,entry,entry
16260,d11 Fri 07:00,kitchen,living,kitchen,kitchen,kitchen,kitchen,kitchen,kitchen,kitchen,bathroom,entry,entry,living,living,bedroom_2,bedroom_2,kitchen,living,living,living,kitchen,living,kitchen,kitchen,bedroom_3,bathroom,bedroom_3,kitchen,kitchen,kitchen,bedroom_3,bathroom,bedroom_3,bathroom,bedroom_3,bedroom_3,living,living,kitchen,kitchen,kitchen,kitchen,entry,entry
16320,d11 Fri 08:00,kitchen,living,kitchen,kitchen,kitchen,kitchen,kitchen,kitchen,kitchen,bathroom,entry,entry,living,outside,outside,bedroom_2,outside,living,living,living,kitchen,living,kitchen,kitchen,bedroom_3,bathroom,bedroom_3,kitchen,kitchen,kitchen,bedroom_3,bathroom,bedroom_3,bathroom,bedroom_3,bedroom_3,living,living,kitchen,kitchen,kitchen,kitchen,entry,entry
16380,d11 Fri 09:00,outside,outside,outside,outside,outside,outside,kitchen,kitchen,outside,bathroom,entry,entry,living,outside,outside,bedroom_2,outside,living,living,living,kitchen,living,kitchen,kitchen,bedroom_3,bathroom,bedroom_3,kitchen,kitchen,kitchen,bedroom_3,bathroom,bedroom_3,bathroom,bedroom_3,bedroom_3,living,living,kitchen,kitchen,kitchen,kitchen,entry,entry
16440,d11 Fri 10:00,outside,outside,outside,outside,outside,outside,kitchen,kitchen,outside,bathroom,entry,entry,living,outside,outside,bedroom_2,outside,living,living,living,kitchen,living,kitchen,kitchen,bedroom_3,bathroom,bedroom_3,kitchen,kitchen,kitchen,bedroom_3,bathroom,bedroom_3,bathroom,bedroom_3,bedroom_3,living,living,kitchen,kitchen,kitchen,kitchen,entry,entry
16500,d11 Fri 11:00,outside,outside,outside,outside,outside,outside,kitchen,kitchen,outside,bathroom,entry,entry,living,outside,outside,bedroom_2,outside,living,living,living,kitchen,living,kitchen,kitchen,bedroom_3,bathroom,bedroom_3,kitchen,kitchen,kitchen,bedroom_3,bathroom,bedroom_3,bathroom,bedroom_3,bedroom_3,living,living,kitchen,kitchen,kitchen,kitchen,entry,entry
16560,d11 Fri 12:00,outside,outside,outside,outside,outside,outside,kitchen,kitchen,outside,bathroom,entry,entry,living,outside,outside,bedroom_2,outside,living,living,living,kitchen,living,kitchen,kitchen,bedroom_3,bathroom,bedroom_3,kitchen,kitchen,kitchen,bedroom_3,bathroom,bedroom_3,bathroom,bedroom_3,bedroom_3,living,living,kitchen,bedroom_3,kitchen,kitchen,entry,entry
16620,d11 Fri 13:00,outside,outside,outside,outside,outside,outside,kitchen,kitchen,outside,bathroom,entry,entry,living,outside,outside,bedroom_2,outside,living,living,living,kitchen,living,kitchen,kitchen,bedroom_3,bathroom,bedroom_3,kitchen,kitchen,kitchen,bedroom_3,bathroom,bedroom_3,bathroom,bedroom_3,bedroom_3,living,living,kitchen,bedroom_3,kitchen,kitchen,entry,entry
16680,d11 Fri 14:00,kitchen,bedroom_1,kitchen,kitchen,kitchen,kitchen,kitchen,kitchen,kitchen,bathroom,entry,entry,living,kitchen,kitchen,bedroom_2,living,living,living,living,kitchen,kitchen,kitchen,kitchen,bedroom_3,bathroom,bedroom_3,kitchen,kitchen,kitchen,bedroom_3,bathroom,bedroom_3,bathroom,bedroom_3,bedroom_3,living,living,kitchen,kitchen,kitchen,kitchen,entry,entry
16740,d11 Fri 15:00,kitchen,bedroom_1,kitchen,kitchen,kitchen,kitchen,living,kitchen,kitchen,bathroom,entry,entry,living,kitchen,kitchen,bedroom_2,living,living,living,living,kitchen,living,kitchen,kitchen,bedroom_3,bathroom,bedroom_3,kitchen,kitchen,kitchen,bedroom_3,bathroom,bedroom_3,bathroom,bedroom_3,bedroom_3,living,living,kitchen,kitchen,kitchen,kitchen,entry,entry
16800,d11 Fri 16:00,kitchen,bedroom_1,kitchen,kitchen,kitchen,kitchen,living,kitchen,kitchen,bathroom,entry,entry,living,kitchen,kitchen,bedroom_2,living,living,living,living,kitchen,living,kitchen,kitchen,bedroom_3,bathroom,bedroom_3,kitchen,kitchen,kitchen,bedroom_3,bathroom,bedroom_3,bathroom,bedroom_3,bedroom_3,living,living,kitchen,kitchen,kitchen,kitchen,entry,entry
16860,d11 Fri 17:00,kitchen,bedroom_1,kitchen,kitchen,kitchen,kitchen,living,kitchen,kitchen,bathroom,entry,entry,living,kitchen,kitchen,bedroom_2,living,living,living,living,kitchen,living,kitchen,kitchen,bedroom_3,bathroom,bedroom_3,kitchen,kitchen,kitchen,bedroom_3,bathroom,bedroom_3,bathroom,bedroom_3,bedroom_3,living,living,kitchen,kitchen,kitchen,kitchen,entry,entry
16920,d11 Fri 18:00,kitchen,bedroom_1,kitchen,kitchen,kitchen,kitchen,living,kitchen,kitchen,bedroom_1,entry,entry,living,kitchen,kitchen,bedroom_2,living,living,living,living,kitchen,living,kitchen,kitchen,bedroom_3,bathroom,bedroom_3,kitchen,kitchen,kitchen,bedroom_3,bathroom,bedroom_3,bathroom,bedroom_3,bedroom_3,living,living,kitchen,kitchen,kitchen,kitchen,entry,entry
16980,d11 Fri 19:00,kitchen,bedroom_1,kitchen,kitchen,kitchen,kitchen,living,kitchen,kitchen,bathroom,entry,entry,living,kitchen,kitchen,bedroom_2,living,living,living,living,kitchen,living,kitchen,kitchen,bedroom_3,bathroom,bedroom_3,kitchen,kitchen,kitchen,bedroom_3,bathroom,bedroom_3,bathroom,bedroom_3,bedroom_3,living,living,kitchen,kitchen,kitchen,kitchen,entry,entry
17040,d11 Fri 20:00,kitchen,bedroom_1,kitchen,kitchen,kitchen,kitchen,living,kitchen,kitchen,bedroom_1,entry,entry,living,kitchen,kitchen,bedroom_2,living,living,living,living,kitchen,living,kitchen,kitchen,bedroom_3,bathroom,bedroom_3,kitchen,kitchen,kitchen,bedroom_3,bathroom,bedroom_3,bathroom,bedroom_3,bedroom_3,living,living,kitchen,kitchen,kitchen,kitchen,entry,entry
17100,d11 Fri 21:00,kitchen,bedroom_1,kitchen,kitchen,kitchen,kitchen,living,kitchen,kitchen,bedroom_1,entry,entry,living,kitchen,kitchen,bedroom_2,living,living,living,living,kitchen,living,kitchen,kitchen,bedroom_3,bathroom,bedroom_3,kitchen,kitchen,kitchen,bedroom_3,bathroom,bedroom_3,bathroom,bedroom_3,bedroom_3,living,living,kitchen,kitchen,kitchen,kitchen,entry,entry
17160,d11 Fri 22:00,kitchen,bedroom_1,kitchen,kitchen,kitchen,kitchen,living,kitchen,kitchen,bedroom_1,entry,entry,living,kitchen,kitchen,bedroom_2,living,living,living,living,kitchen,living,kitchen,kitchen,bedroom_3,bathroom,bedroom_3,kitchen,kitchen,kitchen,bedroom_3,bathroom,bedroom_3,bathroom,bedroom_3,bedroom_3,living,living,kitchen,kitchen,kitchen,kitchen,entry,entry
17220,d11 Fri 23:00,kitchen,bedroom_1,kitchen,kitchen,kitchen,kitchen,living,kitchen,kitchen,bedroom_1,entry,entry,living,kitchen,kitchen,bedroom_2,living,living,living,living,kitchen,living,kitchen,kitchen,bedroom_3,bathroom,bedroom_3,kitchen,kitchen,kitchen,bedroom_3,bathroom,bedroom_3,bathroom,bedroom_3,bedroom_3,living,living,kitchen,kitchen,kitchen,kitchen,entry,entry
17280,d12 Sat 00:00,kitchen,bedroom_1,kitchen,kitchen,kitchen,kitchen,living,kitchen,kitchen,bedroom_1,entry,entry,living,kitchen,kitchen,bedroom_2,living,living,living,living,kitchen,living,kitchen,kitchen,bedroom_3,bathroom,bedroom_3,kitchen,kitchen,kitchen,bedroom_3,bathroom,bedroom_3,bathroom,bedroom_3,bedroom_3,living,living,kitchen,kitchen,kitchen,kitchen,entry,entry
17340,d12 Sat 01:00,kitchen,bedroom_1,kitchen,kitchen,kitchen,kitchen,living,kitchen,kitchen,bedroom_1,entry,entry,living,kitchen,kitchen,bedroom_2,living,living,living,living,kitchen,living,kitchen,kitchen,bedroom_3,bathroom,bedroom_3,kitchen,kitchen,kitchen,bedroom_3,bathroom,bedroom_3,bathroom,bedroom_3,bedroom_3,living,living,kitchen,kitchen,kitchen,kitchen,entry,entry
17400,d12 Sat 02:00,kitchen,bedroom_1,kitchen,kitchen,kitchen,kitchen,living,kitchen,kitchen,bedroom_1,entry,entry,living,kitchen,kitchen,bedroom_2,living,living,living,living,kitchen,living,kitchen,kitchen,bedroom_3,bathroom,bedroom_3,kitchen,kitchen,kitchen,bedroom_3,bathroom,bedroom_3,bathroom,bedroom_3,bedroom_3,living,living,kitchen,kitchen,kitchen,kitchen,entry,entry
17460,d12 Sat 03:00,kitchen,bedroom_1,kitchen,kitchen,kitchen,kitchen,living,kitchen,kitchen,bedroom_1,entry,entry,living,kitchen,kitchen,bedroom_2,living,living,living,living,kitchen,living,kitchen,kitchen,bedroom_3,bathroom,bedroom_3,kitchen,kitchen,kitchen,bedroom_3,bathroom,bedroom_3,bathroom,bedroom_3,bedroom_3,living,living,kitchen,kitchen,kitchen,kitchen,entry,entry
17520,d12 Sat 04:00,kitchen,bedroom_1,kitchen,kitchen,kitchen,kitchen,living,kitchen,kitchen,bedroom_1,entry,entry,living,kitchen,kitchen,bedroom_2,living,living,living,living,kitchen,living,kitchen,kitchen,bedroom_3,bathroom,bedroom_3,kitchen,kitchen,kitchen,bedroom_3,bathroom,bedroom_3,bathroom,bedroom_3,bedroom_3,living,living,kitchen,kitchen,kitchen,kitchen,entry,entry
17580,d12 Sat 05:00,kitchen,bedroom_1,kitchen,kitchen,kitchen,kitchen,living,kitchen,kitchen,bedroom_1,entry,entry,living,kitchen,kitchen,bedroom_2,living,living,living,living,kitchen,living,kitchen,kitchen,bedroom_3,bathroom,bedroom_3,kitchen,kitchen,kitchen,bedroom_3,bathroom,bedroom_3,bathroom,bedroom_3,bedroom_3,living,living,kitchen,kitchen,kitchen,kitchen,entry,entry
17640,d12 Sat 06:00,kitchen,bedroom_1,kitchen,kitchen,kitchen,kitchen,living,kitchen,kitchen,bedroom_1,entry,entry,living,kitchen,kitchen,bedroom_2,living,living,living,living,kitchen,living,kitchen,kitchen,bedroom_3,bathroom,bedroom_3,kitchen,kitchen,kitchen,bedroom_3,bathroom,bedroom_3,bathroom,bedroom_3,bedroom_3,living,living,kitchen,kitchen,kitchen,kitchen,entry,entry
17700,d12 Sat 07:00,kitchen,bedroom_1,kitchen,kitchen,kitchen,kitchen,living,kitchen,kitchen,bedroom_1,entry,entry,living,kitchen,kitchen,bedroom_2,living,living,living,living,kitchen,living,kitchen,kitchen,bedroom_3,bathroom,bedroom_3,kitchen,kitchen,kitchen,bedroom_3,bathroom,bedroom_3,bathroom,bedroom_3,bedroom_3,living,living,kitchen,kitchen,kitchen,kitchen,entry,entry
17760,d12 Sat 08:00,kitchen,bedroom_1,kitchen,kitchen,kitchen,kitchen,living,kitchen,kitchen,bedroom_1,entry,entry,living,kitchen,kitchen,bedroom_2,living,living,living,living,kitchen,living,kitchen,kitchen,bedroom_3,bathroom,bedroom_3,kitchen,kitchen,kitchen,bedroom_3,bathroom,bedroom_3,bathroom,bedroom_3,bedroom_3,living,living,kitchen,kitchen,kitchen,kitchen,entry,entry
17820,d12 Sat 09:00,kitchen,bedroom_1,kitchen,kitchen,kitchen,kitchen,living,kitchen,kitchen,bedroom_1,entry,entry,living,kitchen,kitchen,bedroom_2,living,living,living,living,kitchen,living,kitchen,kitchen,bedroom_3,bathroom,bedroom_3,kitchen,kitchen,kitchen,bedroom_3,bathroom,bedroom_3,bathroom,bedroom_3,bedroom_3,living,living,kitchen,kitchen,kitchen,kitchen,entry,entry
17880,d12 Sat 10:00,kitchen,bedroom_1,kitchen,kitchen,kitchen,kitchen,kitchen,kitchen,kitchen,bedroom_1,entry,entry,living,kitchen,kitchen,bedroom_2,living,living,living,living,kitchen,living,kitchen,kitchen,bedroom_3,bathroom,bedroom_3,kitchen,kitchen,kitchen,bedroom_3,bathroom,bedroom_3,bathroom,bedroom_3,bedroom_3,living,living,kitchen,kitchen,kitchen,kitchen,entry,entry
17940,d12 Sat 11:00,kitchen,bedroom_1,kitchen,kitchen,kitchen,kitchen,kitchen,kitchen,kitchen,bedroom_1,entry,entry,living,kitchen,kitchen,bedroom_2,living,living,living,living,living,living,kitchen,kitchen,bedroom_3,bathroom,bedroom_3,kitchen,kitchen,kitchen,bedroom_3,bathroom,bedroom_3,bathroom,bedroom_3,kitchen,living,living,kitchen,kitchen,kitchen,kitchen,entry,entry
18000,d12 Sat 12:00,kitchen,outside,outside,outside,kitchen,kitchen,kitchen,kitchen,kitchen,bedroom_1,entry,entry,living,outside,kitchen,outside,living,living,living,living,kitchen,living,kitchen,kitchen,outside,outside,outside,kitchen,kitchen,kitchen,bedroom_3,bathroom,bedroom_3,bathroom,bedroom_3,kitchen,living,living,kitchen,kitchen,kitchen,kitchen,entry,entry
18060,d12 Sat 13:00,kitchen,outside,outside,outside,kitchen,kitchen,kitchen,kitchen,kitchen,bedroom_1,entry,entry,living,outside,kitchen,outside,living,living,living,living,kitchen,living,kitchen,kitchen,bedroom_3,entry,bedroom_3,kitchen,kitchen,kitchen,bedroom_3,bathroom,bedroom_3,bathroom,bedroom_3,kitchen,living,living,kitchen,kitchen,kitchen,kitchen,entry,entry
18120,d12 Sat 14:00,kitchen,bedroom_1,kitchen,kitchen,kitchen,kitchen,bedroom_3,kitchen,kitchen,bedroom_1,entry,entry,living,outside,kitchen,outside,living,living,living,living,kitchen,living,kitchen,bedroom_3,bedroom_3,entry,bedroom_3,kitchen,kitchen,kitchen,bedroom_3,bathroom,bedroom_3,bathroom,bedroom_3,kitchen,living,living,kitchen,kitchen,kitchen,kitchen,entry,entry
18180,d12 Sat 15:00,kitchen,bedroom_1,kitchen,kitchen,kitchen,kitchen,kitchen,kitchen,kitchen,bedroom_1,entry,entry,living,living,kitchen,kitchen,living,living,living,living,kitchen,living,kitchen,bedroom_3,bedroom_3,entry,bedroom_3,kitchen,kitchen,kitchen,bedroom_3,bathroom,bedroom_3,bathroom,bedroom_3,kitchen,living,living,kitchen,kitchen,kitchen,kitchen,entry,entry
18240,d12 Sat 16:00,kitchen,bedroom_1,kitchen,kitchen,kitchen,kitchen,kitchen,kitchen,kitchen,bedroom_1,entry,entry,living,living,kitchen,kitchen,living,living,living,living,kitchen,kitchen,kitchen,kitchen,bedroom_3,entry,bedroom_3,kitchen,kitchen,kitchen,bedroom_3,bathroom,bedroom_3,bathroom,bedroom_3,kitchen,living,living,kitchen,kitchen,kitchen,kitchen,entry,entry
18300,d12 Sat 17:00,kitchen,bedroom_1,kitchen,kitchen,kitchen,kitchen,kitchen,kitchen,kitchen,bedroom_1,entry,entry,living,kitchen,kitchen,kitchen,living,living,living,living,kitchen,kitchen,kitchen,kitchen,bedroom_3,entry,bedroom_3,kitchen,kitchen,kitchen,bedroom_3,bathroom,bedroom_3,bathroom,bedroom_3,living,living,living,kitchen,kitchen,kitchen,kitchen,entry,entry
18360,d12 Sat 18:00,kitchen,bedroom_1,kitchen,kitchen,kitchen,kitchen,kitchen,kitchen,kitchen,bedroom_1,entry,entry,living,kitchen,kitchen,kitchen,living,living,living,living,living,kitchen,kitchen,kitchen,bedroom_3,entry,bedroom_3,kitchen,kitchen,kitchen,bedroom_3,bathroom,bedroom_3,bathroom,bedroom_3,living,living,living,kitchen,kitchen,kitchen,kitchen,entry,entry
18420,d12 Sat 19:00,kitchen,bedroom_1,kitchen,kitchen,kitchen,kitchen,kitchen,kitchen,kitchen,bedroom_1,entry,entry,living,kitchen,kitchen,kitchen,living,living,living,living,living,kitchen,kitchen,kitchen,bedroom_3,entry,bedroom_3,kitchen,kitchen,kitchen,bedroom_3,bathroom,bedroom_3,bathroom,bedroom_3,living,living,living,kitchen,kitchen,kitchen,kitchen,entry,entry
18480,d12 Sat 20:00,kitchen,bedroom_1,kitchen,kitchen,kitchen,kitchen,kitchen,kitchen,kitchen,bathroom,entry,entry,living,kitchen,kitchen,kitchen,living,living,living,living,living,kitchen,kitchen,kitchen,bedroom_3,entry,bedroom_3,kitchen,kitchen,kitchen,bedroom_3,bathroom,bedroom_3,bathroom,bedroom_3,living,living,living,kitchen,kitchen,kitchen,kitchen,entry,entry
18540,d12 Sat 21:00,kitchen,bedroom_1,kitchen,kitchen,kitchen,kitchen,kitchen,kitchen,kitchen,bedroom_1,entry,entry,living,kitchen,kitchen,kitchen,living,living,living,living,living,kitchen,kitchen,kitchen,bedroom_3,entry,bedroom_3,kitchen,kitchen,kitchen,bedroom_3,bathroom,bedroom_3,bathroom,bedroom_3,living,living,living,kitchen,kitchen,kitchen,kitchen,entry,entry
18600,d12 Sat 22:00,kitchen,bedroom_1,kitchen,kitchen,kitchen,kitchen,kitchen,kitchen,kitchen,bedroom_1,entry,entry,living,kitchen,kitchen,kitchen,living,living,living,living,living,kitchen,kitchen,kitchen,bedroom_3,entry,bedroom_3,kitchen,kitchen,kitchen,bedroom_3,bathroom,bedroom_3,bathroom,bedroom_3,living,living,living,kitchen,kitchen,kitchen,kitchen,entry,entry
18660,d12 Sat 23:00,kitchen,bedroom_1,kitchen,kitchen,kitchen,kitchen,kitchen,kitchen,kitchen,bedroom_1,entry,entry,living,kitchen,kitchen,kitchen,living,living,living,living,living,kitchen,kitchen,kitchen,bedroom_3,entry,bedroom_3,kitchen,kitchen,kitchen,bedroom_3,bathroom,bedroom_3,bathroom,bedroom_3,living,living,living,kitchen,kitchen,kitchen,kitchen,entry,entry
18720,d13 Sun 00:00,kitchen,bedroom_1,kitchen,kitchen,kitchen,kitchen,kitchen,kitchen,kitchen,bedroom_1,entry,entry,living,kitchen,kitchen,kitchen,living,living,living,living,living,kitchen,kitchen,kitchen,bedroom_3,entry,bedroom_3,kitchen,kitchen,kitchen,bedroom_3,bathroom,bedroom_3,bathroom,bedroom_3,living,living,living,kitchen,kitchen,kitchen,kitchen,entry,entry
18780,d13 Sun 01:00,kitchen,bedroom_1,kitchen,kitchen,kitchen,kitchen,kitchen,kitchen,kitchen,bedroom_1,entry,entry,living,kitchen,kitchen,kitchen,living,living,living,living,living,kitchen,kitchen,kitchen,bedroom_3,entry,bedroom_3,kitchen,kitchen,kitchen,bedroom_3,bathroom,bedroom_3,bathroom,bedroom_3,living,living,living,kitchen,kitchen,kitchen,kitchen,entry,entry
18840,d13 Sun 02:00,kitchen,bedroom_1,kitchen,kitchen,kitchen,kitchen,kitchen,kitchen,kitchen,bedroom_1,entry,entry,living,kitchen,kitchen,kitchen,living,living,living,living,living,kitchen,kitchen,kitchen,bedroom_3,entry,bedroom_3,kitchen,kitchen,kitchen,bedroom_3,bathroom,bedroom_3,bathroom,bedroom_3,living,living,living,kitchen,kitchen,kitchen,kitchen,entry,entry
18900,d13 Sun 03:00,kitchen,bedroom_1,kitchen,kitchen,kitchen,kitchen,kitchen,kitchen,kitchen,bedroom_1,entry,entry,living,kitchen,kitchen,kitchen,living,living,living,living,living,kitchen,kitchen,kitchen,bedroom_3,entry,bedroom_3,kitchen,kitchen,kitchen,bedroom_3,bathroom,bedroom_3,bathroom,bedroom_3,living,living,living,kitchen,kitchen,kitchen,kitchen,entry,entry
18960,d13 Sun 04:00,kitchen,bedroom_1,kitchen,kitchen,kitchen,kitchen,kitchen,kitchen,kitchen,bedroom_1,entry,entry,living,kitchen,kitchen,kitchen,living,living,living,living,living,kitchen,kitchen,kitchen,bedroom_3,entry,bedroom_3,kitchen,kitchen,kitchen,bedroom_3,bathroom,bedroom_3,bathroom,bedroom_3,living,living,living,kitchen,kitchen,kitchen,kitchen,entry,entry
19020,d13 Sun 05:00,kitchen,bedroom_1,kitchen,kitchen,kitchen,kitchen,kitchen,kitchen,kitchen,bedroom_1,entry,entry,living,kitchen,kitchen,kitchen,living,living,living,living,living,kitchen,kitchen,kitchen,bedroom_3,entry,bedroom_3,kitchen,kitchen,kitchen,bedroom_3,bathroom,bedroom_3,bathroom,bedroom_3,living,living,living,kitchen,kitchen,kitchen,kitchen,entry,entry
19080,d13 Sun 06:00,kitchen,bedroom_1,kitchen,kitchen,kitchen,kitchen,kitchen,kitchen,kitchen,bedroom_1,entry,entry,living,kitchen,kitchen,kitchen,living,living,living,living,living,kitchen,kitchen,kitchen,bedroom_3,entry,bedroom_3,kitchen,kitchen,kitchen,bedroom_3,bathroom,bedroom_3,bathroom,bedroom_3,living,living,living,kitchen,kitchen,kitchen,kitchen,entry,entry
19140,d13 Sun 07:00,kitchen,bedroom_1,kitchen,kitchen,kitchen,kitchen,kitchen,kitchen,kitchen,bedroom_1,entry,entry,living,kitchen,kitchen,kitchen,living,living,living,living,living,kitchen,kitchen,kitchen,bedroom_3,entry,bedroom_3,kitchen,kitchen,kitchen,bedroom_3,bathroom,bedroom_3,bathroom,bedroom_3,living,living,living,kitchen,kitchen,kitchen,kitchen,entry,entry
19200,d13 Sun 08:00,kitchen,bedroom_1,kitchen,kitchen,kitchen,kitchen,kitchen,kitchen,kitchen,bedroom_1,entry,entry,living,kitchen,kitchen,kitchen,living,living,living,living,living,kitchen,kitchen,kitchen,bedroom_3,entry,bedroom_3,kitchen,kitchen,kitchen,bedroom_3,bathroom,bedroom_3,bathroom,bedroom_3,living,living,living,kitchen,kitchen,kitchen,kitchen,entry,entry
19260,d13 Sun 09:00,kitchen,bedroom_1,kitchen,kitchen,kitchen,kitchen,kitchen,kitchen,kitchen,bedroom_1,entry,entry,living,kitchen,kitchen,kitchen,living,living,living,living,living,kitchen,kitchen,kitchen,bedroom_3,entry,bedroom_3,kitchen,kitchen,kitchen,bedroom_3,bathroom,bedroom_3,bathroom,bedroom_3,living,living,living,kitchen,kitchen,kitchen,kitchen,entry,entry
19320,d13 Sun 10:00,kitchen,bedroom_1,kitchen,kitchen,kitchen,kitchen,kitchen,kitchen,kitchen,bedroom_1,entry,entry,living,kitchen,kitchen,kitchen,living,living,living,living,kitchen,kitchen,kitchen,kitchen,bedroom_3,entry,bedroom_3,kitchen,kitchen,kitchen,bedroom_3,bathroom,bedroom_3,bathroom,bedroom_3,living,living,living,kitchen,kitchen,kitchen,kitchen,entry,entry
19380,d13 Sun 11:00,kitchen,outside,outside,outside,kitchen,kitchen,kitchen,kitchen,kitchen,bedroom_1,entry,entry,living,outside,kitchen,outside,entry,living,living,living,kitchen,kitchen,kitchen,kitchen,bedroom_3,entry,bedroom_3,kitchen,kitchen,kitchen,bedroom_3,bathroom,bedroom_3,bathroom,bedroom_3,living,living,living,kitchen,kitchen,kitchen,kitchen,entry,entry
19440,d13 Sun 12:00,kitchen,bedroom_1,outside,outside,kitchen,kitchen,kitchen,kitchen,kitchen,bedroom_1,entry,entry,living,kitchen,outside,entry,outside,living,living,living,kitchen,kitchen,kitchen,kitchen,bedroom_3,entry,bedroom_3,kitchen,kitchen,kitchen,bedroom_3,bathroom,bedroom_3,bathroom,bedroom_3,living,living,living,kitchen,kitchen,kitchen,kitchen,entry,entry
19500,d13 Sun 13:00,kitchen,bedroom_1,kitchen,kitchen,kitchen,kitchen,kitchen,kitchen,kitchen,bedroom_1,entry,entry,living,kitchen,living,entry,living,living,living,living,kitchen,kitchen,kitchen,kitchen,bedroom_3,entry,bedroom_3,kitchen,kitchen,kitchen,bedroom_3,bathroom,bedroom_3,bathroom,bedroom_3,living,living,living,kitchen,kitchen,kitchen,kitchen,entry,entry
19560,d13 Sun 14:00,kitchen,outside,outside,outside,kitchen,kitchen,kitchen,kitchen,kitchen,bedroom_1,entry,entry,living,kitchen,living,entry,living,living,living,living,kitchen,kitchen,kitchen,kitchen,bedroom_3,entry,bedroom_3,kitchen,kitchen,kitchen,bedroom_3,bathroom,bathroom,bathroom,bedroom_3,living,living,living,kitchen,kitchen,kitchen,kitchen,outside,entry
19620,d13 Sun 15:00,kitchen,bedroom_1,kitchen,kitchen,kitchen,kitchen,kitchen,kitchen,kitchen,bedroom_1,entry,entry,living,kitchen,bedroom_3,entry,living,living,living,living,kitchen,kitchen,kitchen,kitchen,outside,outside,bedroom_3,outside,outside,kitchen,bedroom_3,outside,bedroom_3,bedroom_3,bedroom_3,kitchen,living,living,kitchen,kitchen,kitchen,kitchen,bedroom_1,entry
19680,d13 Sun 16:00,kitchen,bedroom_1,kitchen,kitchen,kitchen,kitchen,kitchen,kitchen,kitchen,bedroom_1,entry,entry,living,kitchen,bedroom_3,entry,living,living,living,living,kitchen,kitchen,kitchen,kitchen,outside,outside,bedroom_3,outside,outside,kitchen,bedroom_3,outside,bedroom_3,bedroom_3,bedroom_3,kitchen,living,living,kitchen,kitchen,kitchen,kitchen,bedroom_1,entry
19740,d13 Sun 17:00,kitchen,bedroom_1,kitchen,kitchen,kitchen,kitchen,kitchen,kitchen,kitchen,bedroom_1,entry,entry,living,living,bedroom_3,entry,living,living,living,living,kitchen,kitchen,kitchen,kitchen,outside,outside,bedroom_3,outside,outside,kitchen,bedroom_3,outside,bedroom_3,bedroom_3,bedroom_3,kitchen,living,living,kitchen,kitchen,kitchen,kitchen,bedroom_1,entry
19800,d13 Sun 18:00,kitchen,bedroom_1,kitchen,kitchen,kitchen,kitchen,kitchen,kitchen,kitchen,bedroom_1,entry,entry,living,living,bedroom_3,entry,living,living,living,living,kitchen,kitchen,kitchen,kitchen,outside,outside,bedroom_3,outside,outside,kitchen,bedroom_3,outside,bedroom_3,bedroom_3,bedroom_3,kitchen,living,living,kitchen,kitchen,kitchen,kitchen,bedroom_1,entry
19860,d13 Sun 19:00,kitchen,bedroom_1,kitchen,kitchen,kitchen,kitchen,kitchen,kitchen,kitchen,bedroom_1,entry,entry,living,living,bedroom_3,entry,living,living,living,living,kitchen,kitchen,kitchen,kitchen,outside,outside,bedroom_3,outside,outside,kitchen,bedroom_3,outside,bedroom_3,bedroom_3,bedroom_3,kitchen,living,living,kitchen,kitchen,kitchen,kitchen,bedroom_1,entry
19920,d13 Sun 20:00,kitchen,bedroom_1,kitchen,kitchen,kitchen,kitchen,kitchen,kitchen,kitchen,bedroom_1,entry,entry,living,living,bedroom_3,entry,living,living,living,living,kitchen,kitchen,kitchen,kitchen,outside,outside,bedroom_3,outside,outside,kitchen,bedroom_3,outside,bedroom_3,bedroom_3,bedroom_3,kitchen,living,living,kitchen,kitchen,kitchen,kitchen,bedroom_1,entry
19980,d13 Sun 21:00,kitchen,bedroom_1,kitchen,kitchen,kitchen,kitchen,kitchen,kitchen,kitchen,bedroom_1,entry,entry,living,living,bedroom_3,entry,living,living,living,living,kitchen,kitchen,kitchen,kitchen,outside,outside,bedroom_3,outside,outside,kitchen,bedroom_3,outside,bedroom_3,bedroom_3,bedroom_3,kitchen,living,living,kitchen,kitchen,kitchen,kitchen,bedroom_1,entry
20040,d13 Sun 22:00,kitchen,bedroom_1,kitchen,kitchen,kitchen,kitchen,kitchen,kitchen,kitchen,bedroom_1,entry,entry,living,living,bedroom_3,entry,living,living,living,living,kitchen,kitchen,kitchen,kitchen,outside,outside,bedroom_3,outside,outside,kitchen,bedroom_3,outside,bedroom_3,bedroom_3,bedroom_3,kitchen,living,living,kitchen,kitchen,kitchen,kitchen,bedroom_1,entry
20100,d13 Sun 23:00,kitchen,bedroom_1,kitchen,kitchen,kitchen,kitchen,kitchen,kitchen,kitchen,bedroom_1,entry,entry,living,living,bedroom_3,entry,living,living,living,living,kitchen,kitchen,kitchen,kitchen,outside,outside,bedroom_3,outside,outside,kitchen,bedroom_3,outside,bedroom_3,bedroom_3,bedroom_3,kitchen,living,living,kitchen,kitchen,kitchen,kitchen,bedroom_1,entry
20160,d14 Mon 00:00,kitchen,bedroom_1,kitchen,kitchen,kitchen,kitchen,kitchen,kitchen,kitchen,bathroom,entry,entry,living,living,bedroom_3,entry,living,living,living,living,kitchen,kitchen,kitchen,kitchen,bedroom_3,entry,bedroom_3,kitchen,bathroom,kitchen,bedroom_3,entry,bedroom_3,bedroom_3,bedroom_3,kitchen,living,living,kitchen,kitchen,kitchen,kitchen,bedroom_1,entry
20220,d14 Mon 01:00,kitchen,bedroom_1,kitchen,kitchen,kitchen,kitchen,kitchen,kitchen,kitchen,bedroom_1,entry,entry,living,living,bedroom_3,entry,living,living,living,living,kitchen,kitchen,kitchen,kitchen,bedroom_3,entry,bedroom_3,kitchen,bathroom,kitchen,bedroom_3,entry,bedroom_3,bedroom_3,bedroom_3,kitchen,living,living,kitchen,kitchen,kitchen,kitchen,bedroom_1,entry
20280,d14 Mon 02:00,kitchen,bedroom_1,kitchen,kitchen,kitchen,kitchen,kitchen,kitchen,kitchen,bedroom_1,entry,entry,living,living,bedroom_3,entry,living,living,living,living,kitchen,kitchen,kitchen,kitchen,bedroom_3,entry,bedroom_3,kitchen,bathroom,kitchen,bedroom_3,entry,bedroom_3,bedroom_3,bedroom_3,kitchen,living,living,kitchen,kitchen,kitchen,kitchen,bedroom_1,entry
20340,d14 Mon 03:00,kitchen,bedroom_1,kitchen,kitchen,kitchen,kitchen,kitchen,kitchen,kitchen,bedroom_1,entry,entry,living,living,bedroom_3,entry,living,living,living,living,kitchen,kitchen,kitchen,kitchen,bedroom_3,entry,bedroom_3,kitchen,bathroom,kitchen,bedroom_3,entry,bedroom_3,bedroom_3,bedroom_3,kitchen,living,living,kitchen,kitchen,kitchen,kitchen,bedroom_1,entry
20400,d14 Mon 04:00,kitchen,bedroom_1,kitchen,kitchen,kitchen,kitchen,kitchen,kitchen,kitchen,bedroom_1,entry,entry,living,living,bedroom_3,entry,living,living,living,living,kitchen,kitchen,kitchen,kitchen,bedroom_3,entry,bedroom_3,kitchen,bathroom,kitchen,bedroom_3,entry,bedroom_3,bedroom_3,bedroom_3,kitchen,living,living,kitchen,kitchen,kitchen,kitchen,bedroom_1,entry
20460,d14 Mon 05:00,kitchen,bedroom_1,kitchen,kitchen,kitchen,kitchen,kitchen,kitchen,kitchen,bedroom_1,entry,entry,living,living,bedroom_3,entry,living,living,living,living,kitchen,kitchen,kitchen,kitchen,bedroom_3,entry,bedroom_3,kitchen,bathroom,kitchen,bedroom_3,entry,bedroom_3,bedroom_3,bedroom_3,kitchen,living,living,kitchen,kitchen,kitchen,kitchen,bedroom_1,entry
20520,d14 Mon 06:00,kitchen,bedroom_1,kitchen,kitchen,kitchen,kitchen,kitchen,kitchen,kitchen,bedroom_1,entry,entry,living,living,bedroom_3,entry,living,living,living,living,kitchen,kitchen,kitchen,kitchen,bedroom_3,entry,bedroom_3,kitchen,bathroom,kitchen,bedroom_3,entry,bedroom_3,bedroom_3,bedroom_3,kitchen,living,living,kitchen,kitchen,kitchen,kitchen,bedroom_1,entry
20580,d14 Mon 07:00,kitchen,bedroom_1,kitchen,kitchen,kitchen,kitchen,kitchen,kitchen,kitchen,bedroom_1,entry,entry,living,living,kitchen,entry,living,living,living,living,kitchen,kitchen,kitchen,kitchen,bedroom_3,entry,bedroom_3,kitchen,bathroom,kitchen,bedroom_3,entry,bedroom_3,bedroom_3,bedroom_3,kitchen,living,living,kitchen,kitchen,kitchen,kitchen,bedroom_1,entry
20640,d14 Mon 08:00,kitchen,bedroom_1,kitchen,kitchen,kitchen,kitchen,kitchen,kitchen,kitchen,bedroom_1,entry,entry,outside,living,outside,entry,outside,living,living,outside,kitchen,kitchen,kitchen,kitchen,bedroom_3,entry,bedroom_3,kitchen,bathroom,kitchen,bedroom_3,entry,bathroom,bedroom_3,bedroom_3,kitchen,living,living,kitchen,kitchen,kitchen,kitchen,bedroom_1,entry
20700,d14 Mon 09:00,outside,outside,outside,outside,outside,outside,kitchen,kitchen,outside,bedroom_1,entry,entry,outside,living,outside,entry,outside,living,living,outside,living,kitchen,kitchen,kitchen,bedroom_3,entry,bedroom_3,kitchen,kitchen,kitchen,bedroom_3,entry,bathroom,bedroom_3,bedroom_3,kitchen,living,living,kitchen,kitchen,kitchen,kitchen,bedroom_1,entry
20760,d14 Mon 10:00,outside,outside,outside,outside,outside,outside,kitchen,kitchen,outside,bedroom_1,entry,entry,outside,living,outside,entry,outside,living,living,outside,living,kitchen,kitchen,kitchen,bedroom_3,entry,bedroom_3,kitchen,kitchen,kitchen,bedroom_3,entry,bathroom,bedroom_3,bedroom_3,kitchen,living,living,kitchen,kitchen,kitchen,kitchen,bedroom_1,entry
20820,d14 Mon 11:00,outside,outside,outside,outside,outside,outside,kitchen,kitchen,outside,bedroom_1,entry,entry,outside,living,outside,entry,outside,living,living,outside,living,kitchen,kitchen,kitchen,bedroom_3,entry,bedroom_3,kitchen,kitchen,kitchen,bedroom_3,entry,bathroom,bedroom_3,bedroom_3,kitchen,living,living,kitchen,kitchen,kitchen,kitchen,bedroom_1,entry
20880,d14 Mon 12:00,outside,outside,outside,outside,outside,outside,kitchen,kitchen,outside,bedroom_1,entry,entry,outside,living,outside,entry,outside,living,living,outside,living,kitchen,kitchen,kitchen,bedroom_3,entry,bedroom_3,kitchen,kitchen,kitchen,bedroom_3,entry,bathroom,bedroom_3,bedroom_3,kitchen,living,living,kitchen,kitchen,kitchen,kitchen,bedroom_1,entry
20940,d14 Mon 13:00,outside,outside,outside,outside,outside,outside,kitchen,kitchen,outside,bedroom_1,entry,entry,outside,living,outside,entry,outside,living,living,outside,living,kitchen,kitchen,kitchen,bedroom_3,entry,bedroom_3,kitchen,kitchen,kitchen,bedroom_3,entry,bathroom,bathroom,bedroom_3,kitchen,living,living,kitchen,kitchen,kitchen,kitchen,bedroom_1,entry
21000,d14 Mon 14:00,outside,outside,outside,outside,outside,outside,kitchen,kitchen,outside,bedroom_1,entry,entry,outside,living,outside,entry,outside,living,living,outside,living,kitchen,kitchen,kitchen,bedroom_3,entry,bedroom_3,kitchen,kitchen,kitchen,bedroom_3,entry,bedroom_3,bathroom,bedroom_3,kitchen,living,living,kitchen,kitchen,kitchen,kitchen,bedroom_1,entry
21060,d14 Mon 15:00,outside,outside,outside,outside,outside,outside,kitchen,kitchen,outside,bedroom_1,entry,entry,outside,living,outside,entry,outside,living,living,outside,living,living,kitchen,kitchen,outside,outside,outside,outside,outside,kitchen,bedroom_3,outside,bedroom_3,bathroom,bedroom_3,kitchen,living,living,kitchen,kitchen,kitchen,kitchen,bedroom_1,entry
21120,d14 Mon 16:00,outside,outside,outside,outside,outside,outside,kitchen,kitchen,outside,bedroom_1,entry,entry,outside,living,outside,entry,outside,living,living,outside,living,living,kitchen,kitchen,outside,outside,outside,outside,outside,kitchen,bedroom_3,outside,bedroom_3,bathroom,bedroom_3,kitchen,living,living,kitchen,kitchen,kitchen,kitchen,bedroom_1,entry
21180,d14 Mon 17:00,bedroom_1,bedroom_1,kitchen,kitchen,kitchen,kitchen,kitchen,kitchen,kitchen,bedroom_1,entry,entry,living,living,kitchen,entry,bedroom_2,living,living,kitchen,living,kitchen,kitchen,kitchen,outside,outside,outside,outside,outside,kitchen,bedroom_3,outside,bedroom_3,bathroom,bedroom_3,kitchen,living,living,living,kitchen,kitchen,kitchen,bedroom_1,entry
21240,d14 Mon 18:00,kitchen,bedroom_1,kitchen,kitchen,kitchen,kitchen,kitchen,kitchen,kitchen,bedroom_1,entry,entry,living,living,kitchen,entry,bedroom_2,living,living,kitchen,living,kitchen,kitchen,kitchen,outside,outside,outside,outside,outside,kitchen,bedroom_3,outside,bedroom_3,bathroom,bedroom_3,kitchen,living,living,kitchen,kitchen,kitchen,kitchen,bedroom_1,entry
21300,d14 Mon 19:00,kitchen,bedroom_1,kitchen,kitchen,kitchen,kitchen,kitchen,kitchen,kitchen,bedroom_1,entry,entry,living,living,kitchen,entry,bedroom_2,living,living,kitchen,living,kitchen,kitchen,kitchen,outside,outside,outside,outside,outside,kitchen,bedroom_3,outside,bedroom_3,bathroom,bedroom_3,bedroom_3,living,living,kitchen,kitchen,kitchen,kitchen,bedroom_1,entry
21360,d14 Mon 20:00,kitchen,bedroom_1,kitchen,kitchen,kitchen,kitchen,kitchen,kitchen,kitchen,bedroom_1,entry,entry,living,living,kitchen,entry,bedroom_2,living,living,kitchen,kitchen,kitchen,kitchen,kitchen,outside,outside,outside,outside,outside,kitchen,bedroom_3,outside,bedroom_3,bathroom,bedroom_3,bedroom_3,living,living,kitchen,kitchen,kitchen,kitchen,bedroom_1,entry
21420,d14 Mon 21:00,kitchen,bedroom_1,kitchen,kitchen,kitchen,kitchen,kitchen,kitchen,kitchen,bedroom_1,entry,entry,living,living,kitchen,entry,bedroom_2,living,living,kitchen,kitchen,kitchen,kitchen,kitchen,outside,outside,outside,outside,outside,kitchen,bedroom_3,outside,bedroom_3,bathroom,bedroom_3,living,living,living,kitchen,kitchen,kitchen,kitchen,bedroom_1,entry
21480,d14 Mon 22:00,kitchen,bedroom_1,kitchen,kitchen,kitchen,kitchen,kitchen,kitchen,kitchen,bedroom_1,entry,entry,living,living,kitchen,entry,bedroom_2,living,living,kitchen,kitchen,kitchen,kitchen,kitchen,outside,outside,outside,outside,outside,kitchen,bedroom_3,outside,bedroom_3,bathroom,bedroom_3,living,living,living,kitchen,kitchen,kitchen,kitchen,bedroom_1,entry
21540,d14 Mon 23:00,kitchen,bedroom_1,kitchen,kitchen,kitchen,kitchen,kitchen,kitchen,kitchen,bedroom_1,entry,entry,living,living,kitchen,entry,bedroom_2,living,living,kitchen,kitchen,kitchen,kitchen,kitchen,outside,outside,outside,outside,outside,kitchen,bedroom_3,outside,bedroom_3,bathroom,bedroom_3,living,living,living,kitchen,kitchen,kitchen,kitchen,bedroom_1,entry
21600,d15 Tue 00:00,kitchen,bedroom_1,kitchen,kitchen,kitchen,kitchen,kitchen,kitchen,kitchen,bedroom_1,entry,entry,living,living,kitchen,entry,bedroom_2,living,living,kitchen,kitchen,kitchen,kitchen,kitchen,outside,outside,outside,outside,outside,kitchen,bedroom_3,outside,bedroom_3,bathroom,bedroom_3,living,living,living,kitchen,kitchen,kitchen,kitchen,bedroom_1,entry
21660,d15 Tue 01:00,kitchen,bedroom_1,kitchen,kitchen,kitchen,kitchen,kitchen,kitchen,kitchen,bathroom,entry,entry,living,living,kitchen,entry,bedroom_2,living,living,kitchen,kitchen,kitchen,kitchen,kitchen,bedroom_3,entry,bathroom,kitchen,kitchen,kitchen,bedroom_3,entry,bedroom_3,bathroom,bedroom_3,living,living,living,kitchen,kitchen,kitchen,kitchen,bedroom_1,entry
21720,d15 Tue 02:00,kitchen,bedroom_1,kitchen,kitchen,kitchen,kitchen,kitchen,kitchen,kitchen,bedroom_1,entry,entry,living,living,kitchen,entry,bedroom_2,living,living,kitchen,kitchen,kitchen,kitchen,kitchen,bedroom_3,entry,bathroom,kitchen,kitchen,kitchen,bedroom_3,entry,bedroom_3,bathroom,bedroom_3,living,living,living,kitchen,kitchen,kitchen,kitchen,bedroom_1,entry
21780,d15 Tue 03:00,kitchen,bedroom_1,kitchen,kitchen,kitchen,kitchen,kitchen,kitchen,kitchen,bedroom_1,entry,entry,living,living,kitchen,entry,bedroom_2,living,living,kitchen,kitchen,kitchen,kitchen,kitchen,bedroom_3,entry,bathroom,kitchen,kitchen,kitchen,bedroom_3,entry,bedroom_3,bathroom,bedroom_3,living,living,living,kitchen,kitchen,kitchen,kitchen,bedroom_1,entry
21840,d15 Tue 04:00,kitchen,bedroom_1,kitchen,kitchen,kitchen,kitchen,kitchen,kitchen,kitchen,bedroom_1,entry,entry,living,living,kitchen,entry,bedroom_2,living,living,kitchen,kitchen,kitchen,kitchen,kitchen,bedroom_3,entry,bathroom,kitchen,kitchen,kitchen,bedroom_3,entry,bedroom_3,bathroom,bedroom_3,living,living,living,kitchen,kitchen,kitchen,kitchen,bedroom_1,entry
21900,d15 Tue 05:00,kitchen,bedroom_1,kitchen,kitchen,kitchen,kitchen,kitchen,kitchen,kitchen,bedroom_1,entry,entry,living,living,kitchen,entry,bedroom_2,living,living,kitchen,kitchen,kitchen,kitchen,kitchen,bedroom_3,entry,bathroom,kitchen,kitchen,kitchen,bedroom_3,entry,bedroom_3,bathroom,bedroom_3,living,living,living,kitchen,kitchen,kitchen,kitchen,bedroom_1,entry
21960,d15 Tue 06:00,kitchen,bedroom_1,kitchen,kitchen,kitchen,kitchen,kitchen,kitchen,kitchen,bedroom_1,entry,entry,living,living,kitchen,entry,bedroom_2,living,living,kitchen,kitchen,kitchen,kitchen,kitchen,bedroom_3,entry,bathroom,kitchen,kitchen,kitchen,bedroom_3,entry,bedroom_3,bathroom,bedroom_3,living,living,living,kitchen,kitchen,kitchen,kitchen,bedroom_1,entry
22020,d15 Tue 07:00,kitchen,bedroom_1,kitchen,kitchen,kitchen,kitchen,kitchen,kitchen,kitchen,bedroom_1,entry,entry,living,living,kitchen,entry,bedroom_2,living,living,kitchen,kitchen,kitchen,kitchen,kitchen,bedroom_3,entry,bathroom,kitchen,kitchen,kitchen,bedroom_3,entry,bedroom_3,bathroom,bedroom_3,living,living,living,kitchen,kitchen,kitchen,kitchen,bedroom_1,entry
22080,d15 Tue 08:00,kitchen,bedroom_1,kitchen,kitchen,kitchen,kitchen,kitchen,kitchen,kitchen,bedroom_1,entry,entry,living,outside,outside,entry,outside,living,living,kitchen,kitchen,kitchen,kitchen,kitchen,bedroom_3,entry,bathroom,kitchen,kitchen,kitchen,bedroom_3,entry,bedroom_2,bedroom_3,bedroom_3,living,living,living,kitchen,kitchen,kitchen,kitchen,bedroom_1,entry
22140,d15 Tue 09:00,outside,outside,outside,outside,outside,outside,kitchen,kitchen,outside,bedroom_1,entry,entry,living,outside,outside,entry,outside,living,living,kitchen,kitchen,kitchen,kitchen,kitchen,bedroom_3,entry,bathroom,kitchen,kitchen,kitchen,bedroom_3,entry,bedroom_2,bedroom_3,bedroom_3,living,living,living,kitchen,kitchen,kitchen,kitchen,bedroom_1,entry
22200,d15 Tue 10:00,outside,outside,outside,outside,outside,outside,kitchen,kitchen,outside,bedroom_1,entry,entry,living,outside,outside,entry,outside,living,living,kitchen,kitchen,kitchen,kitchen,kitchen,bedroom_3,entry,bathroom,kitchen,kitchen,kitchen,bedroom_3,entry,bedroom_2,bedroom_3,bedroom_3,living,living,living,kitchen,kitchen,kitchen,kitchen,bedroom_1,entry
22260,d15 Tue 11:00,outside,outside,outside,outside,outside,outside,kitchen,kitchen,outside,bedroom_1,entry,entry,living,outside,outside,entry,outside,living,living,kitchen,kitchen,kitchen,kitchen,kitchen,bedroom_3,entry,bathroom,kitchen,kitchen,kitchen,bedroom_3,entry,bedroom_2,bedroom_3,bedroom_3,living,living,living,kitchen,kitchen,kitchen,kitchen,bedroom_1,entry
22320,d15 Tue 12:00,outside,outside,outside,outside,outside,outside,kitchen,kitchen,outside,bedroom_1,entry,entry,living,outside,outside,entry,outside,living,living,kitchen,kitchen,kitchen,kitchen,kitchen,bedroom_3,entry,bathroom,kitchen,kitchen,kitchen,bedroom_3,entry,bedroom_2,bedroom_3,bedroom_3,living,living,living,kitchen,kitchen,kitchen,kitchen,bedroom_1,entry
22380,d15 Tue 13:00,outside,outside,outside,outside,outside,outside,kitchen,kitchen,outside,bedroom_1,entry,entry,living,outside,outside,entry,outside,living,living,kitchen,kitchen,kitchen,kitchen,kitchen,bedroom_3,entry,bathroom,kitchen,kitchen,kitchen,bedroom_3,entry,bedroom_2,bedroom_3,bedroom_3,living,living,living,kitchen,kitchen,kitchen,kitchen,bedroom_1,entry
22440,d15 Tue 14:00,outside,outside,outside,outside,outside,outside,kitchen,kitchen,outside,bedroom_1,entry,entry,living,outside,outside,entry,outside,living,living,kitchen,kitchen,kitchen,kitchen,kitchen,bedroom_3,entry,bathroom,kitchen,kitchen,kitchen,bedroom_3,entry,bathroom,bathroom,bedroom_3,living,living,living,kitchen,kitchen,kitchen,kitchen,bedroom_1,entry
22500,d15 Tue 15:00,outside,outside,outside,outside,outside,outside,kitchen,kitchen,outside,bedroom_1,entry,entry,living,outside,outside,entry,outside,living,living,kitchen,kitchen,kitchen,kitchen,kitchen,bedroom_3,entry,bathroom,kitchen,kitchen,kitchen,bedroom_3,entry,bedroom_3,bedroom_3,bedroom_3,living,living,living,kitchen,kitchen,kitchen,kitchen,bedroom_1,entry
22560,d15 Tue 16:00,bedroom_1,kitchen,kitchen,kitchen,kitchen,bedroom_1,kitchen,kitchen,kitchen,bedroom_1,entry,entry,living,outside,outside,entry,outside,living,living,kitchen,kitchen,kitchen,kitchen,kitchen,outside,outside,outside,outside,outside,kitchen,bedroom_3,outside,bedroom_3,bedroom_3,bedroom_3,living,living,living,kitchen,kitchen,kitchen,kitchen,bedroom_1,entry
22620,d15 Tue 17:00,bedroom_1,outside,outside,outside,outside,bedroom_1,kitchen,kitchen,kitchen,bedroom_1,entry,entry,living,outside,outside,outside,kitchen,living,living,kitchen,kitchen,kitchen,kitchen,kitchen,outside,outside,outside,outside,outside,kitchen,bedroom_3,outside,bedroom_3,bedroom_3,bedroom_3,living,living,living,kitchen,kitchen,kitchen,kitchen,bedroom_1,entry
22680,d15 Tue 18:00,bedroom_1,bedroom_1,kitchen,kitchen,entry,bedroom_1,kitchen,kitchen,kitchen,bedroom_1,entry,entry,living,kitchen,entry,kitchen,kitchen,living,living,kitchen,kitchen,kitchen,kitchen,kitchen,outside,outside,outside,outside,outside,kitchen,bedroom_3,outside,bedroom_3,bedroom_3,bedroom_3,living,living,living,kitchen,kitchen,kitchen,kitchen,bedroom_1,entry
22740,d15 Tue 19:00,bedroom_1,bedroom_1,kitchen,kitchen,entry,bedroom_1,kitchen,kitchen,kitchen,living,entry,entry,living,kitchen,entry,kitchen,kitchen,living,kitchen,kitchen,kitchen,kitchen,kitchen,kitchen,outside,outside,outside,outside,outside,kitchen,bedroom_3,outside,bedroom_3,bedroom_3,bedroom_3,living,living,kitchen,kitchen,kitchen,kitchen,kitchen,bedroom_1,entry
22800,d15 Tue 20:00,bedroom_1,bedroom_1,kitchen,kitchen,entry,bedroom_1,kitchen,kitchen,kitchen,bedroom_1,entry,entry,living,kitchen,entry,kitchen,kitchen,living,kitchen,living,kitchen,kitchen,kitchen,kitchen,outside,outside,outside,outside,outside,kitchen,bedroom_3,outside,bedroom_3,bedroom_3,bedroom_3,living,living,living,kitchen,kitchen,kitchen,kitchen,bedroom_1,entry
22860,d15 Tue 21:00,bedroom_1,bedroom_1,kitchen,kitchen,entry,bedroom_1,kitchen,kitchen,kitchen,bedroom_1,entry,entry,living,kitchen,entry,kitchen,kitchen,living,kitchen,living,kitchen,kitchen,kitchen,kitchen,outside,outside,outside,outside,outside,kitchen,bedroom_3,outside,bedroom_3,bedroom_3,bedroom_3,living,living,living,kitchen,kitchen,kitchen,kitchen,bedroom_1,entry
22920,d15 Tue 22:00,bedroom_1,bedroom_1,kitchen,kitchen,entry,bedroom_1,kitchen,kitchen,kitchen,bedroom_1,entry,entry,living,kitchen,entry,kitchen,kitchen,living,kitchen,living,kitchen,kitchen,kitchen,kitchen,outside,outside,outside,outside,outside,kitchen,bedroom_3,outside,bedroom_3,bedroom_3,bedroom_3,living,living,living,kitchen,kitchen,kitchen,kitchen,bedroom_1,entry
22980,d15 Tue 23:00,bedroom_1,bedroom_1,kitchen,kitchen,entry,bedroom_1,kitchen,kitchen,kitchen,bedroom_1,entry,entry,living,kitchen,entry,kitchen,kitchen,living,kitchen,living,kitchen,kitchen,kitchen,kitchen,outside,outside,outside,outside,outside,kitchen,bedroom_3,outside,bedroom_3,bedroom_3,bedroom_3,living,living,living,kitchen,kitchen,kitchen,kitchen,bedroom_1,entry
23040,d16 Wed 00:00,bedroom_1,bedroom_1,kitchen,kitchen,entry,bedroom_1,kitchen,kitchen,kitchen,bedroom_1,entry,entry,living,kitchen,entry,kitchen,kitchen,living,kitchen,living,kitchen,kitchen,kitchen,kitchen,outside,outside,outside,outside,outside,kitchen,bedroom_3,outside,bedroom_3,bedroom_3,bedroom_3,living,living,living,kitchen,kitchen,kitchen,kitchen,bedroom_1,entry
23100,d16 Wed 01:00,bedroom_1,bedroom_1,kitchen,kitchen,entry,bedroom_1,kitchen,kitchen,kitchen,bedroom_1,entry,entry,living,kitchen,entry,kitchen,kitchen,living,kitchen,living,kitchen,kitchen,kitchen,kitchen,entry,entry,bedroom_3,kitchen,bathroom,kitchen,bedroom_3,entry,bedroom_3,bedroom_3,bedroom_3,living,living,living,kitchen,kitchen,kitchen,kitchen,bedroom_1,entry
23160,d16 Wed 02:00,bedroom_1,bedroom_1,kitchen,kitchen,entry,bedroom_1,kitchen,kitchen,kitchen,bedroom_1,entry,entry,living,kitchen,entry,kitchen,kitchen,living,kitchen,living,kitchen,kitchen,kitchen,kitchen,entry,entry,bedroom_3,kitchen,bathroom,kitchen,bedroom_3,entry,bedroom_3,bedroom_3,bedroom_3,living,living,living,kitchen,kitchen,kitchen,kitchen,bedroom_1,entry
23220,d16 Wed 03:00,bedroom_1,bedroom_1,kitchen,kitchen,entry,bedroom_1,kitchen,kitchen,kitchen,bedroom_1,entry,entry,living,kitchen,entry,kitchen,kitchen,living,kitchen,living,kitchen,kitchen,kitchen,kitchen,entry,entry,bedroom_3,kitchen,bathroom,kitchen,bedroom_3,entry,bedroom_3,bedroom_3,bedroom_3,living,living,living,kitchen,kitchen,kitchen,kitchen,bedroom_1,entry
23280,d16 Wed 04:00,bedroom_1,bedroom_1,kitchen,kitchen,entry,bedroom_1,kitchen,kitchen,kitchen,bedroom_1,entry,entry,living,kitchen,entry,kitchen,kitchen,living,kitchen,living,kitchen,kitchen,kitchen,kitchen,entry,entry,bedroom_3,kitchen,bathroom,kitchen,bedroom_3,entry,bedroom_3,bedroom_3,bedroom_3,living,living,living,kitchen,kitchen,kitchen,kitchen,bedroom_1,entry
23340,d16 Wed 05:00,bedroom_1,bedroom_1,kitchen,kitchen,entry,bedroom_1,kitchen,kitchen,kitchen,bedroom_1,entry,entry,living,kitchen,entry,kitchen,kitchen,living,kitchen,living,kitchen,kitchen,kitchen,kitchen,entry,entry,bedroom_3,kitchen,bathroom,kitchen,bedroom_3,entry,bedroom_3,bedroom_3,bedroom_3,living,living,living,kitchen,kitchen,kitchen,kitchen,bedroom_1,entry
23400,d16 Wed 06:00,bedroom_1,bedroom_1,kitchen,kitchen,entry,bedroom_1,kitchen,kitchen,kitchen,bedroom_1,entry,entry,living,kitchen,entry,kitchen,kitchen,living,kitchen,living,kitchen,kitchen,kitchen,kitchen,entry,entry,bedroom_3,kitchen,bathroom,kitchen,bedroom_3,entry,bedroom_3,bedroom_3,bedroom_3,living,living,living,kitchen,kitchen,kitchen,kitchen,bedroom_1,entry
23460,d16 Wed 07:00,bedroom_1,bedroom_1,kitchen,kitchen,entry,bedroom_1,kitchen,kitchen,kitchen,bedroom_1,entry,entry,living,kitchen,entry,kitchen,kitchen,living,kitchen,living,kitchen,kitchen,kitchen,kitchen,entry,entry,bedroom_3,kitchen,bathroom,kitchen,bedroom_3,entry,bedroom_3,bedroom_3,bedroom_3,living,living,living,kitchen,kitchen,kitchen,kitchen,bedroom_1,entry
23520,d16 Wed 08:00,bedroom_1,bedroom_1,kitchen,kitchen,entry,bedroom_1,kitchen,kitchen,kitchen,living,entry,entry,living,kitchen,entry,kitchen,kitchen,living,kitchen,living,kitchen,kitchen,kitchen,kitchen,entry,entry,bedroom_3,kitchen,bathroom,kitchen,bedroom_3,entry,bedroom_3,bedroom_3,bedroom_3,living,living,living,kitchen,kitchen,kitchen,kitchen,bedroom_1,entry
23580,d16 Wed 09:00,bedroom_1,bedroom_1,kitchen,kitchen,entry,bedroom_1,kitchen,kitchen,kitchen,living,entry,entry,living,kitchen,kitchen,kitchen,kitchen,living,kitchen,living,kitchen,kitchen,kitchen,kitchen,outside,outside,outside,kitchen,kitchen,outside,outside,entry,bedroom_3,bedroom_3,bedroom_3,living,living,living,kitchen,kitchen,kitchen,kitchen,bedroom_1,entry
23640,d16 Wed 10:00,bedroom_1,bedroom_1,kitchen,kitchen,entry,bedroom_1,kitchen,kitchen,kitchen,kitchen,entry,entry,living,kitchen,kitchen,kitchen,kitchen,living,kitchen,living,kitchen,kitchen,kitchen,kitchen,outside,outside,outside,kitchen,kitchen,outside,outside,entry,bedroom_3,bedroom_3,bedroom_3,living,living,living,kitchen,kitchen,kitchen,kitchen,bedroom_1,entry
23700,d16 Wed 11:00,kitchen,bedroom_1,kitchen,kitchen,entry,bedroom_1,kitchen,kitchen,kitchen,kitchen,entry,entry,living,kitchen,kitchen,kitchen,kitchen,living,kitchen,living,kitchen,kitchen,kitchen,kitchen,outside,outside,outside,kitchen,kitchen,outside,outside,entry,bedroom_3,bedroom_3,bedroom_3,kitchen,living,living,kitchen,kitchen,kitchen,kitchen,bedroom_1,entry
23760,d16 Wed 12:00,kitchen,kitchen,kitchen,kitchen,entry,bedroom_1,kitchen,kitchen,kitchen,kitchen,entry,entry,living,kitchen,kitchen,kitchen,kitchen,living,kitchen,living,kitchen,kitchen,kitchen,kitchen,outside,outside,outside,kitchen,kitchen,outside,outside,entry,bedroom_3,bedroom_3,bedroom_3,kitchen,living,living,kitchen,kitchen,kitchen,kitchen,bedroom_1,entry
23820,d16 Wed 13:00,kitchen,kitchen,kitchen,kitchen,entry,bedroom_1,kitchen,kitchen,kitchen,living,entry,entry,living,kitchen,kitchen,kitchen,kitchen,living,kitchen,living,kitchen,kitchen,kitchen,kitchen,outside,outside,outside,kitchen,kitchen,outside,outside,entry,bedroom_3,bedroom_3,bedroom_3,kitchen,living,living,kitchen,kitchen,kitchen,kitchen,bedroom_1,entry
23880,d16 Wed 14:00,kitchen,kitchen,kitchen,kitchen,entry,bedroom_1,kitchen,kitchen,kitchen,living,entry,entry,living,kitchen,kitchen,kitchen,kitchen,living,kitchen,living,kitchen,kitchen,kitchen,kitchen,outside,outside,outside,kitchen,kitchen,outside,outside,entry,bedroom_3,bedroom_3,bedroom_3,kitchen,living,living,kitchen,kitchen,kitchen,kitchen,bedroom_1,entry
23940,d16 Wed 15:00,kitchen,kitchen,kitchen,kitchen,entry,bedroom_1,kitchen,kitchen,kitchen,living,entry,entry,living,kitchen,kitchen,kitchen,kitchen,living,kitchen,living,kitchen,kitchen,kitchen,kitchen,outside,outside,outside,kitchen,kitchen,outside,outside,entry,bedroom_3,bedroom_3,bedroom_3,kitchen,living,living,kitchen,kitchen,kitchen,kitchen,bedroom_1,entry
24000,d16 Wed 16:00,kitchen,kitchen,kitchen,kitchen,entry,bedroom_1,bedroom_3,kitchen,kitchen,living,entry,entry,living,kitchen,kitchen,kitchen,kitchen,living,kitchen,living,kitchen,living,kitchen,bedroom_3,kitchen,kitchen,kitchen,kitchen,kitchen,kitchen,bedroom_3,entry,bedroom_3,bedroom_3,bedroom_3,kitchen,living,living,kitchen,kitchen,kitchen,kitchen,bedroom_1,entry
24060,d16 Wed 17:00,kitchen,bedroom_1,entry,kitchen,entry,bedroom_1,kitchen,kitchen,kitchen,kitchen,entry,entry,living,living,living,living,kitchen,living,kitchen,living,kitchen,living,entry,living,kitchen,kitchen,kitchen,kitchen,kitchen,kitchen,bedroom_3,entry,bedroom_3,bedroom_3,bedroom_3,kitchen,living,living,kitchen,kitchen,kitchen,kitchen,bedroom_1,entry
24120,d16 Wed 18:00,kitchen,bedroom_1,entry,kitchen,entry,kitchen,kitchen,kitchen,kitchen,kitchen,entry,entry,living,living,living,living,kitchen,living,kitchen,living,kitchen,living,entry,kitchen,kitchen,kitchen,kitchen,kitchen,kitchen,kitchen,bedroom_3,entry,bedroom_3,bedroom_3,bedroom_3,kitchen,living,living,kitchen,kitchen,kitchen,kitchen,bedroom_1,entry
24180,d16 Wed 19:00,kitchen,bedroom_1,entry,kitchen,entry,kitchen,kitchen,kitchen,kitchen,kitchen,entry,entry,living,living,living,living,kitchen,living,kitchen,living,kitchen,living,entry,kitchen,kitchen,kitchen,kitchen,kitchen,kitchen,kitchen,bedroom_3,entry,bedroom_3,bedroom_3,bedroom_3,kitchen,living,living,kitchen,kitchen,kitchen,kitchen,bedroom_1,entry
24240,d16 Wed 20:00,kitchen,bedroom_1,entry,kitchen,entry,kitchen,kitchen,kitchen,kitchen,bedroom_1,entry,entry,living,living,living,living,kitchen,living,kitchen,living,kitchen,living,entry,kitchen,kitchen,kitchen,kitchen,kitchen,kitchen,kitchen,bedroom_3,entry,bedroom_3,bedroom_3,bedroom_3,living,living,living,kitchen,kitchen,kitchen,kitchen,bedroom_1,entry
24300,d16 Wed 21:00,kitchen,bedroom_1,entry,kitchen,entry,kitchen,kitchen,kitchen,kitchen,bedroom_1,entry,entry,living,living,living,living,kitchen,living,kitchen,living,kitchen,living,entry,kitchen,kitchen,kitchen,kitchen,kitchen,kitchen,kitchen,bedroom_3,entry,bedroom_3,bedroom_3,bedroom_3,living,living,living,kitchen,kitchen,kitchen,kitchen,bedroom_1,entry
24360,d16 Wed 22:00,kitchen,bedroom_1,entry,kitchen,entry,kitchen,kitchen,kitchen,kitchen,bedroom_1,entry,entry,living,living,living,living,kitchen,living,kitchen,living,kitchen,living,entry,kitchen,kitchen,kitchen,kitchen,kitchen,kitchen,kitchen,bedroom_3,entry,bedroom_3,bedroom_3,bedroom_3,living,living,living,kitchen,kitchen,kitchen,kitchen,bedroom_1,entry
24420,d16 Wed 23:00,kitchen,bedroom_1,entry,kitchen,entry,kitchen,kitchen,kitchen,kitchen,bedroom_1,entry,entry,living,living,living,living,kitchen,living,kitchen,living,kitchen,living,entry,kitchen,kitchen,kitchen,kitchen,kitchen,kitchen,kitchen,bedroom_3,entry,bedroom_3,bedroom_3,bedroom_3,living,living,living,kitchen,kitchen,kitchen,kitchen,bedroom_1,entry
24480,d17 Thu 00:00,kitchen,bedroom_1,entry,kitchen,entry,kitchen,kitchen,kitchen,kitchen,bedroom_1,entry,entry,living,living,living,living,kitchen,living,kitchen,living,kitchen,living,entry,kitchen,kitchen,kitchen,kitchen,kitchen,kitchen,kitchen,bedroom_3,entry,bedroom_3,bedroom_3,bedroom_3,living,living,living,kitchen,kitchen,kitchen,kitchen,bedroom_1,entry
24540,d17 Thu 01:00,kitchen,bedroom_1,entry,kitchen,entry,kitchen,kitchen,kitchen,kitchen,bedroom_1,entry,entry,living,living,living,living,kitchen,living,kitchen,living,kitchen,living,entry,kitchen,kitchen,kitchen,kitchen,kitchen,kitchen,kitchen,bedroom_3,entry,bedroom_3,bedroom_3,bedroom_3,living,living,living,kitchen,kitchen,kitchen,kitchen,bedroom_1,entry
24600,d17 Thu 02:00,kitchen,bedroom_1,entry,kitchen,entry,kitchen,kitchen,kitchen,kitchen,bedroom_1,entry,entry,living,living,living,living,kitchen,living,kitchen,living,kitchen,living,entry,kitchen,kitchen,kitchen,kitchen,kitchen,kitchen,kitchen,bedroom_3,entry,bedroom_3,bedroom_3,bedroom_3,living,living,living,kitchen,kitchen,kitchen,kitchen,bedroom_1,entry
24660,d17 Thu 03:00,kitchen,bedroom_1,entry,kitchen,entry,kitchen,kitchen,kitchen,kitchen,bedroom_1,entry,entry,living,living,living,living,kitchen,living,kitchen,living,kitchen,living,entry,kitchen,kitchen,kitchen,kitchen,kitchen,kitchen,kitchen,bedroom_3,entry,bedroom_3,bedroom_3,bedroom_3,living,living,living,kitchen,kitchen,kitchen,kitchen,bedroom_1,entry
24720,d17 Thu 04:00,kitchen,bedroom_1,entry,kitchen,entry,kitchen,kitchen,kitchen,kitchen,bedroom_1,entry,entry,living,living,living,living,kitchen,living,kitchen,living,kitchen,living,entry,kitchen,kitchen,kitchen,kitchen,kitchen,kitchen,kitchen,bedroom_3,entry,bedroom_3,bedroom_3,bedroom_3,living,living,living,kitchen,kitchen,kitchen,kitchen,bedroom_1,entry
24780,d17 Thu 05:00,kitchen,bedroom_1,entry,kitchen,entry,kitchen,kitchen,kitchen,kitchen,bedroom_1,entry,entry,living,living,living,living,kitchen,living,kitchen,living,kitchen,living,entry,kitchen,kitchen,kitchen,kitchen,kitchen,kitchen,kitchen,bedroom_3,entry,bedroom_3,bedroom_3,bedroom_3,living,living,living,kitchen,kitchen,kitchen,kitchen,bedroom_1,entry
24840,d17 Thu 06:00,kitchen,bedroom_1,entry,kitchen,entry,kitchen,kitchen,kitchen,kitchen,bedroom_1,entry,entry,living,living,living,living,kitchen,living,kitchen,living,kitchen,living,entry,kitchen,kitchen,kitchen,kitchen,kitchen,kitchen,kitchen,bedroom_3,entry,bedroom_3,bedroom_3,bedroom_3,living,living,living,kitchen,kitchen,kitchen,kitchen,bedroom_1,entry
24900,d17 Thu 07:00,kitchen,bedroom_1,entry,kitchen,entry,kitchen,kitchen,kitchen,kitchen,bedroom_1,entry,entry,living,living,living,living,kitchen,living,kitchen,living,kitchen,living,entry,kitchen,kitchen,kitchen,kitchen,kitchen,kitchen,kitchen,bedroom_3,entry,bedroom_3,bedroom_3,bedroom_3,living,living,living,kitchen,kitchen,kitchen,kitchen,bedroom_1,entry
24960,d17 Thu 08:00,kitchen,bedroom_1,entry,kitchen,entry,kitchen,kitchen,kitchen,kitchen,bedroom_1,entry,entry,living,outside,outside,living,outside,living,kitchen,living,kitchen,living,entry,kitchen,kitchen,kitchen,kitchen,kitchen,kitchen,kitchen,bedroom_3,entry,bathroom,bedroom_3,bedroom_3,living,living,living,kitchen,kitchen,kitchen,kitchen,bedroom_1,entry
25020,d17 Thu 09:00,outside,outside,outside,outside,outside,outside,kitchen,kitchen,outside,bedroom_1,entry,entry,living,outside,outside,living,outside,living,kitchen,living,kitchen,living,entry,kitchen,kitchen,kitchen,kitchen,kitchen,kitchen,kitchen,bedroom_3,entry,bathroom,bedroom_3,bedroom_3,living,living,living,kitchen,kitchen,kitchen,kitchen,bedroom_1,entry
25080,d17 Thu 10:00,outside,outside,outside,outside,outside,outside,kitchen,kitchen,outside,bedroom_1,entry,entry,living,outside,outside,living,outside,living,kitchen,living,kitchen,living,entry,kitchen,kitchen,kitchen,kitchen,kitchen,kitchen,kitchen,bedroom_3,entry,bathroom,bedroom_3,bedroom_3,living,living,living,kitchen,kitchen,kitchen,kitchen,bedroom_1,entry
25140,d17 Thu 11:00,outside,outside,outside,outside,outside,outside,kitchen,kitchen,outside,bedroom_1,entry,entry,living,outside,outside,living,outside,living,kitchen,living,kitchen,living,entry,kitchen,kitchen,kitchen,kitchen,kitchen,kitchen,kitchen,bedroom_3,entry,bathroom,bedroom_3,bedroom_3,living,living,living,kitchen,kitchen,kitchen,kitchen,bedroom_1,entry
25200,d17 Thu 12:00,outside,outside,outside,outside,outside,outside,kitchen,kitchen,outside,bedroom_1,entry,entry,living,outside,outside,living,outside,living,kitchen,living,kitchen,living,entry,kitchen,kitchen,kitchen,kitchen,kitchen,kitchen,kitchen,bedroom_3,entry,bathroom,bedroom_3,bedroom_3,living,living,living,kitchen,kitchen,kitchen,kitchen,bedroom_1,entry
25260,d17 Thu 13:00,outside,outside,outside,outside,outside,outside,kitchen,kitchen,outside,bedroom_1,entry,entry,living,outside,outside,living,outside,living,kitchen,living,kitchen,living,entry,kitchen,kitchen,kitchen,kitchen,kitchen,kitchen,kitchen,bedroom_3,entry,bathroom,bathroom,bedroom_3,living,living,living,kitchen,kitchen,kitchen,kitchen,bedroom_1,entry
25320,d17 Thu 14:00,outside,outside,outside,outside,outside,outside,bedroom_3,kitchen,outside,bedroom_1,entry,entry,living,outside,outside,living,outside,living,kitchen,living,kitchen,living,entry,bedroom_3,kitchen,kitchen,kitchen,kitchen,kitchen,kitchen,bedroom_3,entry,bedroom_3,bedroom_3,bedroom_3,living,living,living,kitchen,kitchen,kitchen,kitchen,bedroom_1,entry
25380,d17 Thu 15:00,outside,outside,outside,outside,outside,outside,bedroom_3,kitchen,outside,bedroom_1,entry,entry,living,kitchen,kitchen,living,kitchen,living,kitchen,living,kitchen,kitchen,entry,living,kitchen,kitchen,kitchen,kitchen,kitchen,kitchen,bedroom_3,entry,bedroom_3,bedroom_3,bedroom_3,living,living,living,kitchen,kitchen,kitchen,kitchen,bedroom_1,entry
25440,d17 Thu 16:00,kitchen,bedroom_1,kitchen,kitchen,kitchen,kitchen,living,kitchen,kitchen,living,entry,entry,living,kitchen,kitchen,living,kitchen,living,living,living,kitchen,living,entry,living,outside,outside,outside,outside,outside,kitchen,bedroom_3,outside,bedroom_3,bedroom_3,bedroom_3,living,living,living,kitchen,kitchen,kitchen,kitchen,bedroom_1,entry
25500,d17 Thu 17:00,kitchen,bedroom_1,kitchen,kitchen,kitchen,kitchen,living,kitchen,kitchen,living,entry,entry,living,kitchen,kitchen,living,kitchen,living,living,living,kitchen,living,entry,living,outside,outside,outside,outside,outside,kitchen,bedroom_3,outside,bedroom_3,bedroom_3,bedroom_3,living,living,living,kitchen,kitchen,kitchen,kitchen,bedroom_1,entry
25560,d17 Thu 18:00,kitchen,bedroom_1,kitchen,kitchen,kitchen,kitchen,living,kitchen,kitchen,bedroom_1,entry,entry,living,kitchen,kitchen,living,kitchen,living,living,living,kitchen,living,entry,living,outside,outside,outside,outside,outside,kitchen,bedroom_3,outside,bedroom_3,bedroom_3,bedroom_3,kitchen,living,living,kitchen,kitchen,kitchen,kitchen,bedroom_1,entry
25620,d17 Thu 19:00,kitchen,bedroom_1,kitchen,kitchen,kitchen,kitchen,living,kitchen,kitchen,bedroom_1,entry,entry,living,kitchen,kitchen,living,kitchen,living,living,living,kitchen,living,entry,living,outside,outside,outside,outside,outside,kitchen,bedroom_3,outside,bedroom_3,bedroom_3,bedroom_3,kitchen,living,living,kitchen,kitchen,kitchen,kitchen,bedroom_1,entry
25680,d17 Thu 20:00,kitchen,bedroom_1,kitchen,kitchen,kitchen,kitchen,living,kitchen,kitchen,bathroom,entry,entry,living,living,kitchen,living,kitchen,living,living,living,kitchen,living,entry,living,outside,outside,outside,outside,outside,kitchen,bedroom_3,outside,bedroom_3,bedroom_3,bedroom_3,kitchen,living,living,kitchen,kitchen,kitchen,kitchen,bedroom_1,entry
25740,d17 Thu 21:00,kitchen,bedroom_1,kitchen,kitchen,kitchen,kitchen,living,kitchen,kitchen,bedroom_1,entry,entry,living,living,kitchen,living,kitchen,living,living,living,kitchen,living,entry,living,outside,outside,outside,outside,outside,kitchen,bedroom_3,outside,bedroom_3,bedroom_3,bedroom_3,kitchen,living,living,kitchen,kitchen,kitchen,kitchen,bedroom_1,entry
25800,d17 Thu 22:00,kitchen,bedroom_1,kitchen,kitchen,kitchen,kitchen,living,kitchen,kitchen,bedroom_1,entry,entry,living,living,kitchen,living,kitchen,living,living,living,kitchen,living,entry,living,outside,outside,outside,outside,outside,kitchen,bedroom_3,outside,bedroom_3,bedroom_3,bedroom_3,kitchen,living,living,kitchen,kitchen,kitchen,kitchen,bedroom_1,entry
25860,d17 Thu 23:00,kitchen,bedroom_1,kitchen,kitchen,kitchen,kitchen,living,kitchen,kitchen,bedroom_1,entry,entry,living,living,kitchen,living,kitchen,living,living,living,kitchen,living,entry,living,outside,outside,outside,outside,outside,kitchen,bedroom_3,outside,bedroom_3,bedroom_3,bedroom_3,kitchen,living,living,kitchen,kitchen,kitchen,kitchen,bedroom_1,entry
25920,d18 Fri 00:00,kitchen,bedroom_1,kitchen,kitchen,kitchen,kitchen,living,kitchen,kitchen,bedroom_1,entry,entry,living,living,kitchen,living,kitchen,living,living,living,kitchen,living,entry,living,outside,outside,outside,outside,outside,kitchen,bedroom_3,outside,bedroom_3,bedroom_3,bedroom_3,kitchen,living,living,kitchen,kitchen,kitchen,kitchen,bedroom_1,entry
25980,d18 Fri 01:00,kitchen,bedroom_1,kitchen,kitchen,kitchen,kitchen,living,kitchen,kitchen,bedroom_1,entry,entry,living,living,kitchen,living,kitchen,living,living,living,kitchen,bathroom,entry,living,bedroom_3,bedroom_3,bedroom_3,kitchen,kitchen,kitchen,bedroom_3,entry,bedroom_3,bedroom_3,bedroom_3,kitchen,living,living,kitchen,kitchen,kitchen,kitchen,bedroom_1,entry
26040,d18 Fri 02:00,kitchen,bedroom_1,kitchen,kitchen,kitchen,kitchen,living,kitchen,kitchen,bedroom_1,entry,entry,living,living,kitchen,living,kitchen,living,living,living,kitchen,bathroom,entry,living,bedroom_3,bedroom_3,bedroom_3,kitchen,kitchen,kitchen,bedroom_3,entry,bedroom_3,bedroom_3,bedroom_3,kitchen,living,living,kitchen,kitchen,kitchen,kitchen,bedroom_1,entry
26100,d18 Fri 03:00,kitchen,bedroom_1,kitchen,kitchen,kitchen,kitchen,living,kitchen,kitchen,bedroom_1,entry,entry,living,living,kitchen,living,kitchen,living,living,living,kitchen,bathroom,entry,living,bedroom_3,bedroom_3,bedroom_3,kitchen,kitchen,kitchen,bedroom_3,entry,bedroom_3,bedroom_3,bedroom_3,kitchen,living,living,kitchen,kitchen,kitchen,kitchen,bedroom_1,entry
26160,d18 Fri 04:00,kitchen,bedroom_1,kitchen,kitchen,kitchen,kitchen,living,kitchen,kitchen,bedroom_1,entry,entry,living,living,kitchen,living,kitchen,living,living,living,kitchen,bathroom,entry,living,bedroom_3,bedroom_3,bedroom_3,kitchen,kitchen,kitchen,bedroom_3,entry,bedroom_3,bedroom_3,bedroom_3,kitchen,living,living,kitchen,kitchen,kitchen,kitchen,bedroom_1,entry
26220,d18 Fri 05:00,kitchen,bedroom_1,kitchen,kitchen,kitchen,kitchen,living,kitchen,kitchen,bedroom_1,entry,entry,living,living,kitchen,living,kitchen,living,living,living,kitchen,bathroom,entry,living,bedroom_3,bedroom_3,bedroom_3,kitchen,kitchen,kitchen,bedroom_3,entry,bedroom_3,bedroom_3,bedroom_3,kitchen,living,living,kitchen,kitchen,kitchen,kitchen,bedroom_1,entry
26280,d18 Fri 06:00,kitchen,bedroom_1,kitchen,kitchen,kitchen,kitchen,living,kitchen,kitchen,bedroom_1,entry,entry,living,living,kitchen,living,kitchen,living,living,living,kitchen,bathroom,entry,living,bedroom_3,bedroom_3,bedroom_3,kitchen,kitchen,kitchen,bedroom_3,entry,bedroom_3,bedroom_3,bedroom_3,kitchen,living,living,kitchen,kitchen,kitchen,kitchen,bedroom_1,entry
26340,d18 Fri 07:00,kitchen,bedroom_1,kitchen,kitchen,kitchen,kitchen,living,kitchen,kitchen,bedroom_1,entry,entry,living,living,kitchen,living,kitchen,living,living,living,kitchen,bathroom,entry,living,bedroom_3,bedroom_3,bedroom_3,kitchen,kitchen,kitchen,bedroom_3,entry,bedroom_3,bedroom_3,bedroom_3,kitchen,living,living,kitchen,kitchen,kitchen,kitchen,bedroom_1,entry
26400,d18 Fri 08:00,kitchen,bedroom_1,kitchen,kitchen,kitchen,kitchen,living,kitchen,kitchen,bedroom_1,entry,entry,outside,outside,outside,outside,outside,living,living,outside,kitchen,bathroom,entry,living,bedroom_3,bedroom_3,bedroom_3,kitchen,kitchen,kitchen,bedroom_3,entry,bedroom_3,bedroom_3,bedroom_3,kitchen,living,living,kitchen,kitchen,kitchen,kitchen,bedroom_1,entry
26460,d18 Fri 09:00,outside,outside,outside,outside,outside,outside,living,kitchen,outside,bedroom_1,entry,entry,outside,outside,outside,outside,outside,living,living,outside,kitchen,bathroom,entry,living,bedroom_3,bedroom_3,bedroom_3,kitchen,kitchen,kitchen,bedroom_3,entry,bedroom_3,bedroom_3,bedroom_3,kitchen,living,living,kitchen,kitchen,kitchen,kitchen,bedroom_1,entry
26520,d18 Fri 10:00,outside,outside,outside,outside,outside,outside,living,kitchen,outside,bedroom_1,entry,entry,outside,outside,outside,outside,outside,living,living,outside,kitchen,bathroom,entry,living,bedroom_3,bedroom_3,bedroom_3,kitchen,kitchen,kitchen,bedroom_3,entry,bedroom_3,bedroom_3,bedroom_3,kitchen,living,living,kitchen,kitchen,kitchen,kitchen,bedroom_1,entry
26580,d18 Fri 11:00,outside,outside,outside,outside,outside,outside,living,kitchen,outside,bedroom_1,entry,entry,outside,outside,outside,outside,outside,living,living,outside,kitchen,bathroom,entry,living,bedroom_3,bedroom_3,bedroom_3,kitchen,kitchen,kitchen,bedroom_3,entry,bedroom_3,bedroom_3,bedroom_3,kitchen,living,living,kitchen,kitchen,kitchen,kitchen,bedroom_1,entry
26640,d18 Fri 12:00,outside,outside,outside,outside,outside,outside,living,kitchen,outside,bedroom_1,entry,entry,outside,outside,outside,outside,outside,living,living,outside,kitchen,bathroom,entry,living,bedroom_3,bedroom_3,bedroom_3,kitchen,kitchen,kitchen,bedroom_3,entry,bedroom_3,bedroom_3,bedroom_3,kitchen,living,living,kitchen,kitchen,kitchen,kitchen,bedroom_1,entry
26700,d18 Fri 13:00,outside,outside,outside,outside,outside,outside,living,kitchen,outside,bedroom_1,entry,entry,outside,outside,outside,outside,outside,living,living,outside,kitchen,bathroom,entry,living,bedroom_3,bedroom_3,bedroom_3,kitchen,kitchen,kitchen,bedroom_3,entry,bedroom_3,bedroom_3,bedroom_3,kitchen,living,living,kitchen,kitchen,kitchen,kitchen,bedroom_1,entry
26760,d18 Fri 14:00,outside,outside,outside,outside,outside,outside,living,kitchen,outside,bedroom_1,entry,entry,outside,outside,outside,outside,outside,living,living,outside,bathroom,kitchen,entry,living,bedroom_3,bedroom_3,bedroom_3,kitchen,kitchen,kitchen,bedroom_3,entry,bathroom,bedroom_3,bedroom_3,bedroom_3,living,living,kitchen,kitchen,kitchen,kitchen,bedroom_1,entry
26820,d18 Fri 15:00,outside,outside,outside,outside,outside,outside,living,kitchen,outside,bedroom_1,entry,entry,outside,outside,outside,outside,outside,living,living,outside,bathroom,kitchen,entry,living,bedroom_3,bedroom_3,bedroom_3,kitchen,kitchen,kitchen,bedroom_3,entry,bathroom,bedroom_3,bedroom_3,bedroom_3,living,living,kitchen,kitchen,kitchen,kitchen,bedroom_1,entry
26880,d18 Fri 16:00,outside,outside,outside,outside,outside,outside,living,kitchen,outside,bedroom_1,entry,entry,outside,outside,outside,outside,outside,living,living,outside,bathroom,living,entry,living,outside,outside,outside,outside,outside,kitchen,bedroom_3,outside,bathroom,bedroom_3,bedroom_3,bedroom_3,living,living,kitchen,kitchen,kitchen,kitchen,bedroom_1,entry
26940,d18 Fri 17:00,outside,outside,outside,outside,outside,outside,living,kitchen,outside,bedroom_1,entry,entry,living,living,bedroom_2,kitchen,kitchen,living,living,living,bathroom,living,entry,living,outside,outside,outside,outside,outside,kitchen,bedroom_3,outside,bathroom,bedroom_3,bedroom_3,bedroom_3,living,living,kitchen,kitchen,kitchen,kitchen,bedroom_1,entry
27000,d18 Fri 18:00,kitchen,bedroom_1,kitchen,kitchen,kitchen,kitchen,living,kitchen,kitchen,bedroom_1,entry,entry,living,living,bedroom_2,kitchen,kitchen,living,living,living,kitchen,living,entry,living,outside,outside,outside,outside,outside,kitchen,bedroom_3,outside,bathroom,bedroom_3,bedroom_3,bedroom_3,living,living,kitchen,kitchen,kitchen,kitchen,bedroom_1,entry
27060,d18 Fri 19:00,kitchen,bedroom_1,kitchen,kitchen,kitchen,kitchen,living,kitchen,kitchen,bedroom_1,entry,entry,living,living,bedroom_2,kitchen,kitchen,living,living,living,kitchen,living,entry,living,outside,outside,outside,outside,outside,kitchen,bedroom_3,outside,bathroom,bedroom_3,bedroom_3,bedroom_3,living,living,kitchen,kitchen,kitchen,kitchen,bedroom_1,entry
27120,d18 Fri 20:00,kitchen,bedroom_1,kitchen,kitchen,kitchen,kitchen,living,kitchen,kitchen,bedroom_1,entry,entry,living,living,bedroom_2,kitchen,kitchen,living,living,living,kitchen,living,entry,living,outside,outside,outside,outside,outside,kitchen,bedroom_3,outside,bathroom,bedroom_3,bedroom_3,bedroom_3,living,living,kitchen,kitchen,kitchen,kitchen,bedroom_1,entry
27180,d18 Fri 21:00,kitchen,bedroom_1,kitchen,kitchen,kitchen,kitchen,living,kitchen,kitchen,bedroom_1,entry,entry,living,living,bedroom_2,kitchen,kitchen,living,living,living,kitchen,living,entry,living,outside,outside,outside,outside,outside,kitchen,bedroom_3,outside,bathroom,bedroom_3,bedroom_3,bedroom_3,living,living,kitchen,kitchen,kitchen,kitchen,bedroom_1,entry
27240,d18 Fri 22:00,kitchen,bedroom_1,kitchen,kitchen,kitchen,kitchen,living,kitchen,kitchen,bedroom_1,entry,entry,living,living,bedroom_2,kitchen,kitchen,living,living,living,kitchen,living,entry,living,outside,outside,outside,outside,outside,kitchen,bedroom_3,outside,bathroom,bedroom_3,bedroom_3,bedroom_3,living,living,kitchen,kitchen,kitchen,kitchen,bedroom_1,entry
27300,d18 Fri 23:00,kitchen,bedroom_1,kitchen,kitchen,kitchen,kitchen,living,kitchen,kitchen,bedroom_1,entry,entry,living,living,bedroom_2,kitchen,kitchen,living,living,living,kitchen,living,entry,living,outside,outside,outside,outside,outside,kitchen,bedroom_3,outside,bathroom,bedroom_3,bedroom_3,bedroom_3,living,living,kitchen,kitchen,kitchen,kitchen,bedroom_1,entry
27360,d19 Sat 00:00,kitchen,bedroom_1,kitchen,kitchen,kitchen,kitchen,living,kitchen,kitchen,bedroom_1,entry,entry,living,living,bedroom_2,kitchen,kitchen,living,living,living,kitchen,living,entry,living,outside,outside,outside,outside,outside,kitchen,bedroom_3,outside,bathroom,bedroom_3,bedroom_3,bedroom_3,living,living,kitchen,kitchen,kitchen,kitchen,bedroom_1,entry
27420,d19 Sat 01:00,kitchen,bedroom_1,kitchen,kitchen,kitchen,kitchen,living,kitchen,kitchen,bedroom_1,entry,entry,living,living,bedroom_2,kitchen,kitchen,living,living,living,kitchen,living,entry,living,bathroom,entry,bedroom_3,bedroom_3,kitchen,kitchen,bedroom_3,entry,bathroom,bedroom_3,bedroom_3,bedroom_3,living,living,kitchen,kitchen,kitchen,kitchen,bedroom_1,entry
27480,d19 Sat 02:00,kitchen,bedroom_1,kitchen,kitchen,kitchen,kitchen,living,kitchen,kitchen,bedroom_1,entry,entry,living,living,bedroom_2,kitchen,kitchen,living,living,living,kitchen,living,entry,living,bathroom,entry,bedroom_3,bedroom_3,kitchen,kitchen,bedroom_3,entry,bathroom,bedroom_3,bedroom_3,bedroom_3,living,living,kitchen,kitchen,kitchen,kitchen,bedroom_1,entry
27540,d19 Sat 03:00,kitchen,bedroom_1,kitchen,kitchen,kitchen,kitchen,living,kitchen,kitchen,bedroom_1,entry,entry,living,living,bedroom_2,kitchen,kitchen,living,living,living,kitchen,living,entry,living,bathroom,entry,bedroom_3,bedroom_3,kitchen,kitchen,bedroom_3,entry,bathroom,bedroom_3,bedroom_3,bedroom_3,living,living,kitchen,kitchen,kitchen,kitchen,bedroom_1,entry
27600,d19 Sat 04:00,kitchen,bedroom_1,kitchen,kitchen,kitchen,kitchen,living,kitchen,kitchen,bedroom_1,entry,entry,living,living,bedroom_2,kitchen,kitchen,living,living,living,kitchen,living,entry,living,bathroom,entry,bedroom_3,bedroom_3,kitchen,kitchen,bedroom_3,entry,bathroom,bedroom_3,bedroom_3,bedroom_3,living,living,kitchen,kitchen,kitchen,kitchen,bedroom_1,entry
27660,d19 Sat 05:00,kitchen,bedroom_1,kitchen,kitchen,kitchen,kitchen,living,kitchen,kitchen,bedroom_1,entry,entry,living,living,bedroom_2,kitchen,kitchen,living,living,living,kitchen,living,entry,living,bathroom,entry,bedroom_3,bedroom_3,kitchen,kitchen,bedroom_3,entry,bathroom,bedroom_3,bedroom_3,bedroom_3,living,living,kitchen,kitchen,kitchen,kitchen,bedroom_1,entry
27720,d19 Sat 06:00,kitchen,bedroom_1,kitchen,kitchen,kitchen,kitchen,living,kitchen,kitchen,bedroom_1,entry,entry,living,living,bedroom_2,kitchen,kitchen,living,living,living,kitchen,living,entry,living,bathroom,entry,bedroom_3,bedroom_3,kitchen,kitchen,bedroom_3,entry,bathroom,bedroom_3,bedroom_3,bedroom_3,living,living,kitchen,kitchen,kitchen,kitchen,bedroom_1,entry
27780,d19 Sat 07:00,kitchen,bedroom_1,kitchen,kitchen,kitchen,kitchen,living,kitchen,kitchen,bedroom_1,entry,entry,living,living,bedroom_2,kitchen,kitchen,living,living,living,kitchen,living,entry,living,bathroom,entry,bedroom_3,bedroom_3,kitchen,kitchen,bedroom_3,entry,bathroom,bedroom_3,bedroom_3,bedroom_3,living,living,kitchen,kitchen,kitchen,kitchen,bedroom_1,entry
27840,d19 Sat 08:00,kitchen,bedroom_1,kitchen,kitchen,kitchen,kitchen,living,kitchen,kitchen,bedroom_1,entry,entry,living,living,bedroom_2,kitchen,kitchen,living,living,living,kitchen,living,entry,living,bathroom,entry,bedroom_3,bedroom_3,kitchen,kitchen,bedroom_3,entry,bathroom,bedroom_3,bedroom_3,bedroom_3,living,living,kitchen,kitchen,kitchen,kitchen,bedroom_1,entry
27900,d19 Sat 09:00,kitchen,bedroom_1,kitchen,kitchen,kitchen,kitchen,living,kitchen,kitchen,bedroom_1,entry,entry,living,living,bedroom_2,kitchen,kitchen,living,living,living,kitchen,living,entry,living,bathroom,entry,bedroom_3,bedroom_3,kitchen,kitchen,bedroom_3,entry,bathroom,bedroom_3,bedroom_3,bedroom_3,living,living,kitchen,kitchen,kitchen,kitchen,bedroom_1,entry
27960,d19 Sat 10:00,kitchen,bedroom_1,kitchen,kitchen,kitchen,kitchen,living,kitchen,kitchen,bedroom_1,entry,entry,living,living,bedroom_2,kitchen,kitchen,living,living,living,kitchen,living,entry,living,bathroom,entry,bedroom_3,bedroom_3,kitchen,kitchen,bedroom_3,entry,bathroom,bedroom_3,bedroom_3,bedroom_3,living,living,kitchen,kitchen,kitchen,kitchen,bedroom_1,entry
28020,d19 Sat 11:00,kitchen,bedroom_1,kitchen,kitchen,kitchen,kitchen,living,kitchen,kitchen,bedroom_1,entry,entry,living,living,bedroom_2,kitchen,kitchen,living,living,living,kitchen,living,entry,living,outside,outside,outside,bedroom_3,kitchen,kitchen,bedroom_3,entry,bathroom,bedroom_3,bedroom_3,bedroom_3,living,living,kitchen,kitchen,kitchen,kitchen,bedroom_1,entry
28080,d19 Sat 12:00,kitchen,outside,outside,outside,kitchen,kitchen,living,kitchen,kitchen,bedroom_1,outside,outside,living,living,outside,outside,kitchen,living,living,living,kitchen,living,entry,living,bathroom,bathroom,kitchen,bedroom_3,kitchen,kitchen,bedroom_3,entry,bathroom,bedroom_3,bedroom_3,bedroom_3,living,living,kitchen,kitchen,kitchen,bathroom,bedroom_1,bathroom
28140,d19 Sat 13:00,kitchen,kitchen,kitchen,kitchen,kitchen,kitchen,living,kitchen,kitchen,bedroom_1,entry,kitchen,living,living,kitchen,entry,kitchen,living,living,living,kitchen,living,entry,living,outside,outside,outside,bedroom_3,kitchen,kitchen,bedroom_3,entry,bathroom,bedroom_3,bedroom_3,bedroom_3,living,living,kitchen,kitchen,kitchen,kitchen,bedroom_1,living
28200,d19 Sat 14:00,kitchen,kitchen,kitchen,kitchen,kitchen,kitchen,living,kitchen,kitchen,bedroom_1,entry,kitchen,living,living,entry,entry,living,living,living,living,kitchen,living,entry,living,bedroom_3,entry,bedroom_3,bedroom_3,kitchen,kitchen,bedroom_3,entry,bathroom,bedroom_3,bedroom_3,bedroom_3,living,living,kitchen,kitchen,kitchen,kitchen,bedroom_1,entry
28260,d19 Sat 15:00,kitchen,bedroom_1,living,kitchen,kitchen,kitchen,living,kitchen,kitchen,bedroom_1,entry,kitchen,living,living,entry,entry,living,living,living,living,kitchen,living,entry,living,bedroom_3,entry,bedroom_3,bedroom_3,kitchen,kitchen,bedroom_3,entry,bathroom,bedroom_3,bedroom_3,bedroom_3,living,living,kitchen,kitchen,kitchen,kitchen,bedroom_1,entry
28320,d19 Sat 16:00,kitchen,bedroom_1,living,kitchen,kitchen,kitchen,living,kitchen,kitchen,bedroom_1,entry,kitchen,living,living,entry,entry,living,living,living,living,kitchen,living,entry,living,bedroom_3,entry,bedroom_3,bedroom_3,kitchen,kitchen,bedroom_3,entry,bathroom,bedroom_3,bedroom_3,living,living,living,kitchen,kitchen,kitchen,kitchen,bedroom_1,entry
28380,d19 Sat 17:00,kitchen,bedroom_1,living,kitchen,kitchen,kitchen,living,kitchen,kitchen,bedroom_1,entry,kitchen,living,living,entry,entry,living,living,living,living,kitchen,living,entry,living,bedroom_3,entry,bedroom_3,bedroom_3,kitchen,kitchen,bedroom_3,entry,bathroom,bedroom_3,bedroom_3,living,living,living,kitchen,kitchen,kitchen,kitchen,bedroom_1,entry
28440,d19 Sat 18:00,kitchen,bedroom_1,living,kitchen,kitchen,kitchen,living,kitchen,kitchen,bedroom_1,entry,kitchen,living,living,entry,entry,living,living,living,living,kitchen,living,entry,living,bedroom_3,entry,bedroom_3,bedroom_3,kitchen,kitchen,bedroom_3,entry,bathroom,bedroom_3,bedroom_3,living,living,living,kitchen,kitchen,kitchen,kitchen,bedroom_1,entry
28500,d19 Sat 19:00,kitchen,bedroom_1,living,kitchen,kitchen,kitchen,living,kitchen,kitchen,bedroom_1,entry,kitchen,living,living,entry,entry,living,living,living,living,kitchen,living,entry,living,bedroom_3,entry,bedroom_3,bedroom_3,kitchen,kitchen,bedroom_3,entry,bathroom,bedroom_3,bedroom_3,living,living,living,kitchen,kitchen,kitchen,kitchen,bedroom_1,entry
28560,d19 Sat 20:00,kitchen,bedroom_1,living,kitchen,kitchen,kitchen,living,kitchen,kitchen,bedroom_1,entry,kitchen,living,living,entry,entry,living,living,living,living,kitchen,living,entry,living,bedroom_3,entry,bedroom_3,bedroom_3,kitchen,kitchen,bedroom_3,entry,bathroom,bedroom_3,bedroom_3,living,living,living,kitchen,kitchen,kitchen,kitchen,bedroom_1,entry
28620,d19 Sat 21:00,kitchen,bedroom_1,living,kitchen,kitchen,kitchen,living,kitchen,kitchen,bedroom_1,entry,kitchen,living,living,entry,entry,living,living,living,living,kitchen,living,entry,living,bedroom_3,entry,bedroom_3,bedroom_3,kitchen,kitchen,bedroom_3,entry,bathroom,bedroom_3,bedroom_3,living,living,living,kitchen,kitchen,kitchen,kitchen,bedroom_1,entry
28680,d19 Sat 22:00,kitchen,bedroom_1,living,kitchen,kitchen,kitchen,living,kitchen,kitchen,bedroom_1,entry,kitchen,living,living,entry,entry,living,living,living,living,kitchen,living,entry,living,bedroom_3,entry,bedroom_3,bedroom_3,kitchen,kitchen,bedroom_3,entry,bathroom,bedroom_3,bedroom_3,living,living,living,kitchen,kitchen,kitchen,kitchen,bedroom_1,entry
28740,d19 Sat 23:00,kitchen,bedroom_1,living,kitchen,kitchen,kitchen,living,kitchen,kitchen,bedroom_1,entry,kitchen,living,living,entry,entry,living,living,living,living,kitchen,living,entry,living,bedroom_3,entry,bedroom_3,bedroom_3,kitchen,kitchen,bedroom_3,entry,bathroom,bedroom_3,bedroom_3,living,living,living,kitchen,kitchen,kitchen,kitchen,bedroom_1,entry
28800,d20 Sun 00:00,kitchen,bedroom_1,living,kitchen,kitchen,kitchen,living,kitchen,kitchen,bedroom_1,entry,kitchen,living,living,entry,entry,living,living,living,living,kitchen,living,entry,living,bedroom_3,entry,bedroom_3,bedroom_3,kitchen,kitchen,bedroom_3,entry,bathroom,bedroom_3,bedroom_3,living,living,living,kitchen,kitchen,kitchen,kitchen,bedroom_1,entry
28860,d20 Sun 01:00,kitchen,bedroom_1,living,kitchen,kitchen,kitchen,living,kitchen,kitchen,bedroom_1,entry,kitchen,living,living,entry,entry,living,living,living,living,kitchen,living,entry,living,bedroom_3,entry,bedroom_3,bedroom_3,kitchen,kitchen,bedroom_3,entry,bathroom,bedroom_3,bedroom_3,living,living,living,kitchen,kitchen,kitchen,kitchen,bedroom_1,entry
28920,d20 Sun 02:00,kitchen,bedroom_1,living,kitchen,kitchen,kitchen,living,kitchen,kitchen,bedroom_1,entry,kitchen,living,living,entry,entry,living,living,living,living,kitchen,living,entry,living,bedroom_3,entry,bedroom_3,bedroom_3,kitchen,kitchen,bedroom_3,entry,bathroom,bedroom_3,bedroom_3,living,living,living,kitchen,kitchen,kitchen,kitchen,bedroom_1,entry
28980,d20 Sun 03:00,kitchen,bedroom_1,living,kitchen,kitchen,kitchen,living,kitchen,kitchen,bedroom_1,entry,kitchen,living,living,entry,entry,living,living,living,living,kitchen,living,entry,living,bedroom_3,entry,bedroom_3,bedroom_3,kitchen,kitchen,bedroom_3,entry,bathroom,bedroom_3,bedroom_3,living,living,living,kitchen,kitchen,kitchen,kitchen,bedroom_1,entry
29040,d20 Sun 04:00,kitchen,bedroom_1,living,kitchen,kitchen,kitchen,living,kitchen,kitchen,bedroom_1,entry,kitchen,living,living,entry,entry,living,living,living,living,kitchen,living,entry,living,bedroom_3,entry,bedroom_3,bedroom_3,kitchen,kitchen,bedroom_3,entry,bathroom,bedroom_3,bedroom_3,living,living,living,kitchen,kitchen,kitchen,kitchen,bedroom_1,entry
29100,d20 Sun 05:00,kitchen,bedroom_1,living,kitchen,kitchen,kitchen,living,kitchen,kitchen,bedroom_1,entry,kitchen,living,living,entry,entry,living,living,living,living,kitchen,living,entry,living,bedroom_3,entry,bedroom_3,bedroom_3,kitchen,kitchen,bedroom_3,entry,bathroom,bedroom_3,bedroom_3,living,living,living,kitchen,kitchen,kitchen,kitchen,bedroom_1,entry
29160,d20 Sun 06:00,kitchen,bedroom_1,living,kitchen,kitchen,kitchen,living,kitchen,kitchen,bedroom_1,entry,kitchen,living,living,entry,entry,living,living,living,living,kitchen,living,entry,living,bedroom_3,entry,bedroom_3,bedroom_3,kitchen,kitchen,bedroom_3,entry,bathroom,bedroom_3,bedroom_3,living,living,living,kitchen,kitchen,kitchen,kitchen,bedroom_1,entry
29220,d20 Sun 07:00,kitchen,bedroom_1,living,kitchen,kitchen,kitchen,living,kitchen,kitchen,bedroom_1,entry,kitchen,living,living,entry,entry,living,living,living,living,kitchen,living,entry,living,bedroom_3,entry,bedroom_3,bedroom_3,kitchen,kitchen,bedroom_3,entry,bathroom,bedroom_3,bedroom_3,living,living,living,kitchen,kitchen,kitchen,kitchen,bedroom_1,entry
29280,d20 Sun 08:00,kitchen,bedroom_1,living,kitchen,kitchen,kitchen,living,kitchen,kitchen,bedroom_1,entry,kitchen,living,living,entry,entry,living,living,living,living,kitchen,living,entry,living,bedroom_3,entry,bedroom_3,bedroom_3,kitchen,kitchen,bedroom_3,entry,bathroom,bedroom_3,bedroom_3,living,living,living,kitchen,kitchen,kitchen,kitchen,bedroom_1,entry
29340,d20 Sun 09:00,kitchen,bedroom_1,living,kitchen,kitchen,kitchen,living,kitchen,kitchen,bedroom_1,entry,kitchen,living,living,entry,entry,living,living,living,living,kitchen,living,entry,living,bedroom_3,entry,bedroom_3,bedroom_3,kitchen,kitchen,bedroom_3,entry,bathroom,bedroom_3,bedroom_3,living,living,living,kitchen,kitchen,kitchen,kitchen,bedroom_1,entry
29400,d20 Sun 10:00,kitchen,bedroom_1,living,kitchen,kitchen,kitchen,living,kitchen,kitchen,bedroom_1,entry,kitchen,living,living,entry,entry,living,living,living,living,kitchen,living,entry,living,kitchen,entry,bedroom_3,bedroom_3,kitchen,kitchen,bedroom_3,entry,bathroom,bedroom_3,bedroom_3,living,living,living,kitchen,kitchen,kitchen,kitchen,bedroom_1,entry
29460,d20 Sun 11:00,kitchen,bedroom_1,living,kitchen,kitchen,kitchen,living,kitchen,kitchen,bedroom_1,entry,kitchen,living,living,entry,entry,living,living,living,living,living,living,entry,living,kitchen,entry,bedroom_3,bedroom_3,kitchen,kitchen,bedroom_3,entry,bathroom,bedroom_3,bedroom_3,living,living,living,kitchen,kitchen,kitchen,kitchen,bedroom_1,entry
29520,d20 Sun 12:00,kitchen,bedroom_1,living,kitchen,kitchen,kitchen,living,kitchen,kitchen,bedroom_1,entry,kitchen,living,living,entry,entry,living,living,living,living,living,living,entry,living,kitchen,entry,bedroom_3,bedroom_3,kitchen,kitchen,bedroom_3,entry,bathroom,bedroom_3,bedroom_3,living,living,living,kitchen,kitchen,kitchen,kitchen,bedroom_1,entry
29580,d20 Sun 13:00,kitchen,bedroom_1,living,kitchen,kitchen,kitchen,living,kitchen,kitchen,bedroom_1,entry,kitchen,living,kitchen,entry,entry,living,living,living,living,kitchen,living,entry,living,outside,outside,outside,bedroom_3,kitchen,kitchen,bedroom_3,entry,bathroom,bedroom_3,bedroom_3,living,living,living,kitchen,kitchen,kitchen,kitchen,outside,entry
29640,d20 Sun 14:00,kitchen,outside,outside,outside,kitchen,kitchen,living,kitchen,kitchen,bedroom_1,entry,kitchen,living,kitchen,outside,bedroom_2,outside,living,living,living,kitchen,living,kitchen,living,bedroom_3,bedroom_3,bedroom_3,bedroom_3,kitchen,kitchen,bedroom_3,entry,bedroom_3,bedroom_3,bedroom_3,bedroom_3,living,living,kitchen,kitchen,kitchen,kitchen,outside,entry
29700,d20 Sun 15:00,kitchen,kitchen,kitchen,kitchen,kitchen,kitchen,living,kitchen,kitchen,bedroom_1,entry,kitchen,living,kitchen,entry,bedroom_2,living,living,living,living,kitchen,kitchen,kitchen,living,outside,outside,outside,outside,outside,kitchen,bedroom_3,outside,bedroom_3,bedroom_3,bedroom_3,kitchen,living,living,kitchen,kitchen,kitchen,kitchen,entry,entry
29760,d20 Sun 16:00,kitchen,outside,outside,outside,kitchen,kitchen,living,kitchen,kitchen,bedroom_1,entry,kitchen,living,kitchen,entry,bedroom_2,living,living,living,living,kitchen,kitchen,kitchen,living,outside,outside,outside,outside,outside,kitchen,bedroom_3,outside,bedroom_3,bedroom_3,bedroom_3,kitchen,living,living,kitchen,kitchen,kitchen,kitchen,outside,entry
29820,d20 Sun 17:00,kitchen,bedroom_1,kitchen,kitchen,kitchen,kitchen,living,kitchen,kitchen,bedroom_1,entry,kitchen,living,kitchen,entry,bedroom_2,living,living,living,living,kitchen,kitchen,kitchen,living,outside,outside,outside,outside,outside,kitchen,bedroom_3,outside,bedroom_3,bedroom_3,bedroom_3,kitchen,living,living,kitchen,kitchen,kitchen,kitchen,bedroom_1,entry
29880,d20 Sun 18:00,kitchen,bedroom_1,kitchen,kitchen,kitchen,kitchen,living,kitchen,kitchen,bathroom,entry,kitchen,living,kitchen,entry,bedroom_2,living,living,living,living,kitchen,kitchen,kitchen,living,outside,outside,outside,outside,outside,kitchen,bedroom_3,outside,bedroom_3,bedroom_3,bedroom_3,living,living,living,kitchen,kitchen,kitchen,kitchen,bedroom_1,entry
29940,d20 Sun 19:00,kitchen,bedroom_1,kitchen,kitchen,kitchen,kitchen,living,kitchen,kitchen,bathroom,entry,kitchen,living,kitchen,entry,bedroom_2,living,living,living,living,kitchen,kitchen,kitchen,living,outside,outside,outside,outside,outside,kitchen,bedroom_3,outside,bedroom_3,bedroom_3,bedroom_3,living,living,living,kitchen,kitchen,kitchen,kitchen,bedroom_1,entry
30000,d20 Sun 20:00,kitchen,bedroom_1,kitchen,kitchen,kitchen,kitchen,living,kitchen,kitchen,bedroom_1,entry,kitchen,living,kitchen,entry,bedroom_2,living,living,living,living,kitchen,kitchen,kitchen,living,outside,outside,outside,outside,outside,kitchen,bedroom_3,outside,bedroom_3,bedroom_3,bedroom_3,living,living,living,kitchen,kitchen,kitchen,kitchen,bedroom_1,entry
30060,d20 Sun 21:00,kitchen,bedroom_1,kitchen,kitchen,kitchen,kitchen,living,kitchen,kitchen,bedroom_1,entry,kitchen,living,kitchen,entry,bedroom_2,living,living,living,living,kitchen,kitchen,kitchen,living,outside,outside,outside,outside,outside,kitchen,bedroom_3,outside,bedroom_3,bedroom_3,bedroom_3,living,living,living,kitchen,kitchen,kitchen,kitchen,bedroom_1,entry
30120,d20 Sun 22:00,kitchen,bedroom_1,kitchen,kitchen,kitchen,kitchen,living,kitchen,kitchen,bedroom_1,entry,kitchen,living,kitchen,entry,bedroom_2,living,living,living,living,kitchen,kitchen,kitchen,living,outside,outside,outside,outside,outside,kitchen,bedroom_3,outside,bedroom_3,bedroom_3,bedroom_3,living,living,living,kitchen,kitchen,kitchen,kitchen,bedroom_1,entry
30180,d20 Sun 23:00,kitchen,bedroom_1,kitchen,kitchen,kitchen,kitchen,living,kitchen,kitchen,bedroom_1,entry,kitchen,living,kitchen,entry,bedroom_2,living,living,living,living,kitchen,kitchen,kitchen,living,outside,outside,outside,outside,outside,kitchen,bedroom_3,outside,bedroom_3,bedroom_3,bedroom_3,living,living,living,kitchen,kitchen,kitchen,kitchen,bedroom_1,entry
30240,d21 Mon 00:00,kitchen,bedroom_1,kitchen,kitchen,kitchen,kitchen,living,kitchen,kitchen,bedroom_1,entry,kitchen,living,kitchen,entry,bedroom_2,living,living,living,living,kitchen,kitchen,kitchen,living,outside,outside,outside,outside,outside,kitchen,bedroom_3,outside,bedroom_3,bedroom_3,bedroom_3,living,living,living,kitchen,kitchen,kitchen,kitchen,bedroom_1,entry
30300,d21 Mon 01:00,kitchen,bedroom_1,kitchen,kitchen,kitchen,kitchen,living,kitchen,kitchen,bedroom_1,entry,kitchen,living,kitchen,entry,bedroom_2,living,living,living,living,kitchen,kitchen,kitchen,living,bedroom_3,entry,bedroom_3,bedroom_3,kitchen,kitchen,bedroom_3,entry,bedroom_3,bedroom_3,bedroom_3,living,living,living,kitchen,kitchen,kitchen,kitchen,bedroom_1,entry
30360,d21 Mon 02:00,kitchen,bedroom_1,kitchen,kitchen,kitchen,kitchen,living,kitchen,kitchen,bedroom_1,entry,kitchen,living,kitchen,entry,bedroom_2,living,living,living,living,kitchen,kitchen,kitchen,living,bedroom_3,entry,bedroom_3,bedroom_3,kitchen,kitchen,bedroom_3,entry,bedroom_3,bedroom_3,bedroom_3,living,living,living,kitchen,kitchen,kitchen,kitchen,bedroom_1,entry
30420,d21 Mon 03:00,kitchen,bedroom_1,kitchen,kitchen,kitchen,kitchen,living,kitchen,kitchen,bedroom_1,entry,kitchen,living,kitchen,entry,bedroom_2,living,living,living,living,kitchen,kitchen,kitchen,living,bedroom_3,entry,bedroom_3,bedroom_3,kitchen,kitchen,bedroom_3,entry,bedroom_3,bedroom_3,bedroom_3,living,living,living,kitchen,kitchen,kitchen,kitchen,bedroom_1,entry
30480,d21 Mon 04:00,kitchen,bedroom_1,kitchen,kitchen,kitchen,kitchen,living,kitchen,kitchen,bedroom_1,entry,kitchen,living,kitchen,entry,bedroom_2,living,living,living,living,kitchen,kitchen,kitchen,living,bedroom_3,entry,bedroom_3,bedroom_3,kitchen,kitchen,bedroom_3,entry,bedroom_3,bedroom_3,bedroom_3,living,living,living,kitchen,kitchen,kitchen,kitchen,bedroom_1,entry
30540,d21 Mon 05:00,kitchen,bedroom_1,kitchen,kitchen,kitchen,kitchen,living,kitchen,kitchen,bedroom_1,entry,kitchen,living,kitchen,entry,bedroom_2,living,living,living,living,kitchen,kitchen,kitchen,living,bedroom_3,entry,bedroom_3,bedroom_3,kitchen,kitchen,bedroom_3,entry,bedroom_3,bedroom_3,bedroom_3,living,living,living,kitchen,kitchen,kitchen,kitchen,bedroom_1,entry
30600,d21 Mon 06:00,kitchen,bedroom_1,kitchen,kitchen,kitchen,kitchen,living,kitchen,kitchen,bedroom_1,entry,kitchen,living,kitchen,entry,bedroom_2,living,living,living,living,kitchen,kitchen,kitchen,living,bedroom_3,entry,bedroom_3,bedroom_3,kitchen,kitchen,bedroom_3,entry,bedroom_3,bedroom_3,bedroom_3,living,living,living,kitchen,kitchen,kitchen,kitchen,bedroom_1,entry
30660,d21 Mon 07:00,kitchen,bedroom_1,kitchen,kitchen,kitchen,kitchen,living,kitchen,kitchen,bedroom_1,entry,kitchen,living,kitchen,entry,bedroom_2,living,living,living,living,kitchen,kitchen,kitchen,living,bedroom_3,entry,bedroom_3,bedroom_3,kitchen,kitchen,bedroom_3,entry,bedroom_3,bedroom_3,bedroom_3,living,living,living,kitchen,kitchen,kitchen,kitchen,bedroom_1,entry
30720,d21 Mon 08:00,kitchen,bedroom_1,kitchen,kitchen,kitchen,kitchen,living,kitchen,kitchen,bedroom_1,entry,kitchen,living,outside,outside,bedroom_2,outside,living,living,living,kitchen,kitchen,kitchen,living,bedroom_3,entry,bedroom_3,bedroom_3,kitchen,kitchen,bedroom_3,entry,bedroom_1,bedroom_1,bedroom_3,living,living,living,kitchen,kitchen,kitchen,kitchen,bedroom_1,entry
30780,d21 Mon 09:00,outside,outside,outside,outside,outside,outside,living,kitchen,outside,bedroom_1,entry,kitchen,living,outside,outside,bedroom_2,outside,living,living,living,kitchen,kitchen,kitchen,living,bedroom_3,entry,bedroom_3,bedroom_3,kitchen,kitchen,bedroom_3,entry,bathroom,bathroom,bedroom_3,living,living,living,kitchen,kitchen,kitchen,kitchen,bedroom_1,entry
30840,d21 Mon 10:00,outside,outside,outside,outside,outside,outside,living,kitchen,outside,bedroom_1,entry,kitchen,living,outside,outside,bedroom_2,outside,living,living,living,kitchen,kitchen,kitchen,living,bedroom_3,entry,bedroom_3,bedroom_3,kitchen,kitchen,bedroom_3,entry,bathroom,bathroom,bedroom_3,living,living,living,kitchen,kitchen,kitchen,kitchen,bedroom_1,entry
30900,d21 Mon 11:00,outside,outside,outside,outside,outside,outside,living,kitchen,outside,bedroom_1,entry,kitchen,living,outside,outside,bedroom_2,outside,living,living,living,kitchen,kitchen,kitchen,living,bedroom_3,entry,bedroom_3,bedroom_3,kitchen,kitchen,bedroom_3,entry,bathroom,bathroom,bedroom_3,living,living,living,kitchen,kitchen,kitchen,kitchen,bedroom_1,entry
30960,d21 Mon 12:00,outside,outside,outside,outside,outside,outside,living,kitchen,outside,bedroom_1,entry,kitchen,living,outside,outside,bedroom_2,outside,living,living,living,kitchen,kitchen,kitchen,living,bedroom_3,entry,bedroom_3,bedroom_3,kitchen,kitchen,bedroom_3,entry,bathroom,bathroom,bedroom_3,living,living,living,kitchen,kitchen,kitchen,kitchen,bedroom_1,entry
31020,d21 Mon 13:00,outside,outside,outside,outside,outside,outside,living,kitchen,outside,bedroom_1,entry,kitchen,living,outside,outside,bedroom_2,outside,living,living,living,kitchen,kitchen,kitchen,living,bedroom_3,entry,bedroom_3,bedroom_3,kitchen,kitchen,bedroom_3,entry,bathroom,bathroom,bedroom_3,living,living,living,kitchen,kitchen,kitchen,kitchen,bedroom_1,entry
31080,d21 Mon 14:00,outside,outside,outside,outside,outside,outside,living,kitchen,outside,bedroom_1,entry,kitchen,living,outside,outside,bedroom_2,outside,living,living,living,kitchen,kitchen,kitchen,living,bedroom_3,entry,bedroom_3,bedroom_3,kitchen,kitchen,bedroom_3,entry,bedroom_3,bedroom_3,bedroom_3,living,living,living,kitchen,kitchen,kitchen,kitchen,bedroom_1,entry
31140,d21 Mon 15:00,outside,outside,outside,outside,outside,outside,living,kitchen,outside,bedroom_1,entry,kitchen,living,outside,outside,bedroom_2,outside,living,living,living,kitchen,living,kitchen,living,outside,outside,outside,outside,outside,kitchen,bedroom_3,outside,bedroom_3,bedroom_3,bedroom_3,bedroom_3,living,living,kitchen,kitchen,kitchen,kitchen,bedroom_1,entry
31200,d21 Mon 16:00,kitchen,bedroom_1,kitchen,kitchen,kitchen,kitchen,living,kitchen,kitchen,bedroom_1,entry,kitchen,living,outside,outside,bedroom_2,outside,living,living,living,kitchen,kitchen,kitchen,living,outside,outside,outside,outside,outside,kitchen,bedroom_3,outside,bedroom_3,bedroom_3,bedroom_3,bedroom_3,living,living,kitchen,kitchen,kitchen,kitchen,bedroom_1,entry
31260,d21 Mon 17:00,kitchen,bedroom_1,kitchen,kitchen,kitchen,kitchen,living,kitchen,kitchen,living,entry,kitchen,living,kitchen,bedroom_2,bedroom_2,living,living,living,living,kitchen,living,kitchen,living,outside,outside,outside,outside,outside,kitchen,bedroom_3,outside,bedroom_3,bedroom_3,bedroom_3,bedroom_3,living,living,kitchen,kitchen,kitchen,kitchen,bedroom_1,entry
31320,d21 Mon 18:00,kitchen,bedroom_1,kitchen,kitchen,kitchen,kitchen,living,kitchen,kitchen,living,entry,kitchen,living,kitchen,bedroom_2,bedroom_2,living,living,living,living,kitchen,living,kitchen,living,outside,outside,outside,outside,outside,kitchen,bedroom_3,outside,bedroom_3,bedroom_3,bedroom_3,bedroom_3,living,living,kitchen,kitchen,kitchen,kitchen,bedroom_1,entry
31380,d21 Mon 19:00,kitchen,bedroom_1,kitchen,kitchen,kitchen,kitchen,living,kitchen,kitchen,kitchen,entry,kitchen,living,kitchen,bedroom_2,bedroom_2,living,living,living,living,kitchen,living,kitchen,living,outside,outside,outside,outside,outside,kitchen,bedroom_3,outside,bedroom_3,bedroom_3,bedroom_3,bedroom_3,living,living,kitchen,kitchen,kitchen,kitchen,bedroom_1,entry
31440,d21 Mon 20:00,kitchen,bedroom_1,kitchen,kitchen,kitchen,kitchen,living,kitchen,kitchen,kitchen,entry,kitchen,living,kitchen,bedroom_2,bedroom_2,living,living,living,living,kitchen,living,kitchen,living,outside,outside,outside,outside,outside,kitchen,bedroom_3,outside,bedroom_3,bedroom_3,bedroom_3,bedroom_3,living,living,kitchen,kitchen,kitchen,kitchen,bedroom_1,entry
31500,d21 Mon 21:00,kitchen,bedroom_1,kitchen,kitchen,kitchen,kitchen,living,kitchen,kitchen,bedroom_1,entry,kitchen,living,living,bedroom_2,bedroom_2,living,living,living,living,kitchen,living,kitchen,living,outside,outside,outside,outside,outside,kitchen,bedroom_3,outside,bedroom_3,bedroom_3,bedroom_3,living,living,living,kitchen,kitchen,kitchen,kitchen,bedroom_1,entry
31560,d21 Mon 22:00,kitchen,bedroom_1,kitchen,kitchen,kitchen,kitchen,living,kitchen,kitchen,bedroom_1,entry,kitchen,living,living,bedroom_2,bedroom_2,living,living,living,living,kitchen,living,kitchen,living,outside,outside,outside,outside,outside,kitchen,bedroom_3,outside,bedroom_3,bedroom_3,bedroom_3,living,living,living,kitchen,kitchen,kitchen,kitchen,bedroom_1,entry
31620,d21 Mon 23:00,kitchen,bedroom_1,kitchen,kitchen,kitchen,kitchen,living,kitchen,kitchen,bedroom_1,entry,kitchen,living,living,bedroom_2,bedroom_2,living,living,living,living,kitchen,living,kitchen,living,outside,outside,outside,outside,outside,kitchen,bedroom_3,outside,bedroom_3,bedroom_3,bedroom_3,living,living,living,kitchen,kitchen,kitchen,kitchen,bedroom_1,entry
31680,d22 Tue 00:00,kitchen,bedroom_1,kitchen,kitchen,kitchen,kitchen,living,kitchen,kitchen,bedroom_1,entry,kitchen,living,living,bedroom_2,bedroom_2,living,living,living,living,kitchen,living,kitchen,living,outside,outside,outside,outside,outside,kitchen,bedroom_3,outside,bedroom_3,bedroom_3,bedroom_3,living,living,living,kitchen,kitchen,kitchen,kitchen,bedroom_1,entry
31740,d22 Tue 01:00,kitchen,bedroom_1,kitchen,kitchen,kitchen,kitchen,living,kitchen,kitchen,bedroom_1,entry,kitchen,living,living,bedroom_2,bedroom_2,living,living,living,living,kitchen,living,kitchen,living,bathroom,bathroom,bedroom_3,kitchen,bedroom_3,kitchen,bedroom_3,entry,bedroom_3,bedroom_3,bedroom_3,living,living,living,kitchen,kitchen,kitchen,kitchen,bedroom_1,entry
31800,d22 Tue 02:00,kitchen,bedroom_1,kitchen,kitchen,kitchen,kitchen,living,kitchen,kitchen,bedroom_1,entry,kitchen,living,living,bedroom_2,bedroom_2,living,living,living,living,kitchen,living,kitchen,living,bathroom,bathroom,bedroom_3,kitchen,bedroom_3,kitchen,bedroom_3,entry,bedroom_3,bedroom_3,bedroom_3,living,living,living,kitchen,kitchen,kitchen,kitchen,bedroom_1,entry
31860,d22 Tue 03:00,kitchen,bedroom_1,kitchen,kitchen,kitchen,kitchen,living,kitchen,kitchen,bedroom_1,entry,kitchen,living,living,bedroom_2,bedroom_2,living,living,living,living,kitchen,living,kitchen,living,bathroom,bathroom,bedroom_3,kitchen,bedroom_3,kitchen,bedroom_3,entry,bedroom_3,bedroom_3,bedroom_3,living,living,living,kitchen,kitchen,kitchen,kitchen,bedroom_1,entry
31920,d22 Tue 04:00,kitchen,bedroom_1,kitchen,kitchen,kitchen,kitchen,living,kitchen,kitchen,bedroom_1,entry,kitchen,living,living,bedroom_2,bedroom_2,living,living,living,living,kitchen,living,kitchen,living,bathroom,bathroom,bedroom_3,kitchen,bedroom_3,kitchen,bedroom_3,entry,bedroom_3,bedroom_3,bedroom_3,living,living,living,kitchen,kitchen,kitchen,kitchen,bedroom_1,entry
31980,d22 Tue 05:00,kitchen,bedroom_1,kitchen,kitchen,kitchen,kitchen,living,kitchen,kitchen,bedroom_1,entry,kitchen,living,living,bedroom_2,bedroom_2,living,living,living,living,kitchen,living,kitchen,living,bathroom,bathroom,bedroom_3,kitchen,bedroom_3,kitchen,bedroom_3,entry,bedroom_3,bedroom_3,bedroom_3,living,living,living,kitchen,kitchen,kitchen,kitchen,bedroom_1,entry
32040,d22 Tue 06:00,kitchen,bedroom_1,kitchen,kitchen,kitchen,kitchen,living,kitchen,kitchen,bedroom_1,entry,kitchen,living,living,bedroom_2,bedroom_2,living,living,living,living,kitchen,living,kitchen,living,bathroom,bathroom,bedroom_3,kitchen,bedroom_3,kitchen,bedroom_3,entry,bedroom_3,bedroom_3,bedroom_3,living,living,living,kitchen,kitchen,kitchen,kitchen,bedroom_1,entry
32100,d22 Tue 07:00,kitchen,bedroom_1,kitchen,kitchen,kitchen,kitchen,living,kitchen,kitchen,bedroom_1,entry,kitchen,living,living,bedroom_2,bedroom_2,living,living,living,living,kitchen,living,kitchen,living,bathroom,bathroom,bedroom_3,kitchen,bedroom_3,kitchen,bedroom_3,entry,bedroom_3,bedroom_3,bedroom_3,living,living,living,kitchen,kitchen,kitchen,kitchen,bedroom_1,entry
32160,d22 Tue 08:00,kitchen,bedroom_1,kitchen,kitchen,kitchen,kitchen,living,kitchen,kitchen,bedroom_1,entry,kitchen,living,outside,outside,bedroom_2,outside,living,living,living,kitchen,living,kitchen,living,bathroom,bathroom,bedroom_3,kitchen,bedroom_3,kitchen,bedroom_3,entry,bedroom_3,bedroom_3,bedroom_3,living,living,living,kitchen,kitchen,kitchen,kitchen,bedroom_1,entry
32220,d22 Tue 09:00,outside,outside,outside,outside,outside,outside,living,kitchen,outside,bedroom_1,entry,kitchen,living,outside,outside,bedroom_2,outside,living,living,living,kitchen,living,kitchen,living,bathroom,bathroom,bedroom_3,kitchen,kitchen,kitchen,bedroom_3,entry,bedroom_3,bedroom_3,bedroom_3,living,living,living,kitchen,kitchen,kitchen,kitchen,bedroom_1,entry
32280,d22 Tue 10:00,outside,outside,outside,outside,outside,outside,living,kitchen,outside,bedroom_1,entry,kitchen,living,outside,outside,bedroom_2,outside,living,living,living,kitchen,living,kitchen,living,bathroom,bathroom,bedroom_3,kitchen,kitchen,kitchen,bedroom_3,entry,bedroom_3,bedroom_3,bedroom_3,living,living,living,kitchen,kitchen,kitchen,kitchen,bedroom_1,entry
32340,d22 Tue 11:00,outside,outside,outside,outside,outside,outside,living,kitchen,outside,bedroom_1,entry,kitchen,living,outside,outside,bedroom_2,outside,living,living,living,kitchen,living,kitchen,living,bathroom,bathroom,bedroom_3,kitchen,kitchen,kitchen,bedroom_3,entry,bedroom_3,bedroom_3,bedroom_3,living,living,living,kitchen,kitchen,kitchen,kitchen,bedroom_1,entry
32400,d22 Tue 12:00,outside,outside,outside,outside,outside,outside,living,kitchen,outside,bedroom_1,entry,kitchen,living,outside,outside,bedroom_2,outside,living,living,living,kitchen,living,kitchen,living,bathroom,bathroom,bedroom_3,kitchen,kitchen,kitchen,bedroom_3,entry,bedroom_3,bedroom_3,bedroom_3,living,living,living,kitchen,kitchen,kitchen,kitchen,bedroom_1,entry
32460,d22 Tue 13:00,outside,outside,outside,outside,outside,outside,living,kitchen,outside,bedroom_1,entry,kitchen,living,outside,outside,bedroom_2,outside,living,living,living,kitchen,living,kitchen,living,bathroom,bathroom,bedroom_3,kitchen,kitchen,kitchen,bedroom_3,entry,bedroom_3,bedroom_3,bedroom_3,living,living,living,kitchen,kitchen,kitchen,kitchen,bedroom_1,entry
32520,d22 Tue 14:00,outside,outside,outside,outside,outside,outside,kitchen,kitchen,outside,bedroom_1,entry,kitchen,living,outside,outside,bedroom_2,outside,living,living,living,kitchen,living,kitchen,bedroom_3,bathroom,bathroom,bedroom_3,kitchen,kitchen,kitchen,bedroom_3,entry,bathroom,bathroom,bedroom_3,living,living,living,kitchen,kitchen,kitchen,kitchen,bedroom_1,entry
32580,d22 Tue 15:00,outside,outside,outside,outside,outside,outside,kitchen,kitchen,outside,bedroom_1,entry,kitchen,living,outside,outside,bedroom_2,outside,living,living,living,kitchen,living,kitchen,bedroom_3,outside,outside,outside,outside,outside,kitchen,bedroom_3,outside,bedroom_3,bedroom_3,bedroom_3,living,living,living,kitchen,kitchen,kitchen,kitchen,bedroom_1,entry
32640,d22 Tue 16:00,outside,outside,outside,outside,outside,outside,kitchen,kitchen,outside,bedroom_1,entry,kitchen,living,outside,outside,bedroom_2,outside,living,living,living,kitchen,living,kitchen,bedroom_3,outside,outside,outside,outside,outside,kitchen,bedroom_3,outside,bedroom_3,bedroom_3,bedroom_3,living,living,living,kitchen,kitchen,kitchen,kitchen,bedroom_1,entry
32700,d22 Tue 17:00,bedroom_1,outside,outside,outside,outside,kitchen,kitchen,kitchen,kitchen,bedroom_1,entry,kitchen,living,outside,outside,outside,living,living,living,living,kitchen,kitchen,kitchen,bedroom_3,outside,outside,outside,outside,outside,kitchen,bedroom_3,outside,bedroom_3,bedroom_3,bedroom_3,living,living,living,kitchen,kitchen,kitchen,kitchen,bedroom_1,entry
32760,d22 Tue 18:00,bedroom_1,bedroom_1,kitchen,kitchen,kitchen,kitchen,kitchen,kitchen,kitchen,bedroom_1,entry,kitchen,living,kitchen,kitchen,kitchen,living,living,living,living,kitchen,kitchen,kitchen,bedroom_3,outside,outside,outside,outside,outside,kitchen,bedroom_3,outside,bedroom_3,bedroom_3,bedroom_3,living,living,living,kitchen,kitchen,kitchen,kitchen,bedroom_1,entry
32820,d22 Tue 19:00,bedroom_1,bedroom_1,kitchen,kitchen,kitchen,kitchen,kitchen,kitchen,kitchen,bedroom_1,entry,kitchen,living,kitchen,kitchen,kitchen,living,living,living,living,kitchen,kitchen,kitchen,kitchen,outside,outside,outside,outside,outside,kitchen,bedroom_3,outside,bedroom_3,bedroom_3,bedroom_3,living,living,living,kitchen,kitchen,kitchen,kitchen,bedroom_1,entry
32880,d22 Tue 20:00,bedroom_1,bedroom_1,kitchen,kitchen,kitchen,kitchen,kitchen,kitchen,kitchen,bedroom_1,entry,kitchen,living,kitchen,kitchen,kitchen,living,living,living,living,kitchen,kitchen,kitchen,bedroom_2,outside,outside,outside,outside,outside,kitchen,bedroom_3,outside,bedroom_3,bedroom_3,bedroom_3,living,living,living,kitchen,kitchen,kitchen,kitchen,bedroom_1,entry
32940,d22 Tue 21:00,bedroom_1,bedroom_1,kitchen,kitchen,kitchen,kitchen,kitchen,kitchen,kitchen,bedroom_1,entry,kitchen,living,kitchen,kitchen,kitchen,living,living,living,living,kitchen,kitchen,kitchen,kitchen,outside,outside,outside,outside,outside,kitchen,bedroom_3,outside,bedroom_3,bedroom_3,bedroom_3,living,living,living,kitchen,kitchen,kitchen,kitchen,bedroom_1,entry
33000,d22 Tue 22:00,bedroom_1,bedroom_1,kitchen,kitchen,kitchen,kitchen,kitchen,kitchen,kitchen,bedroom_1,entry,kitchen,living,kitchen,kitchen,kitchen,living,living,living,living,kitchen,kitchen,kitchen,kitchen,outside,outside,outside,outside,outside,kitchen,bedroom_3,outside,bedroom_3,bedroom_3,bedroom_3,living,living,living,kitchen,kitchen,kitchen,kitchen,bedroom_1,entry
33060,d22 Tue 23:00,bedroom_1,bedroom_1,kitchen,kitchen,kitchen,kitchen,kitchen,kitchen,kitchen,bedroom_1,entry,kitchen,living,kitchen,kitchen,kitchen,living,living,living,living,kitchen,kitchen,kitchen,kitchen,outside,outside,outside,outside,outside,kitchen,bedroom_3,outside,bedroom_3,bedroom_3,bedroom_3,living,living,living,kitchen,kitchen,kitchen,kitchen,bedroom_1,entry
33120,d23 Wed 00:00,bedroom_1,bedroom_1,kitchen,kitchen,kitchen,kitchen,kitchen,kitchen,kitchen,bedroom_1,entry,kitchen,living,kitchen,kitchen,kitchen,living,living,living,living,kitchen,kitchen,kitchen,kitchen,outside,outside,outside,outside,outside,kitchen,bedroom_3,outside,bedroom_3,bedroom_3,bedroom_3,living,living,living,kitchen,kitchen,kitchen,kitchen,bedroom_1,entry
33180,d23 Wed 01:00,bedroom_1,bedroom_1,kitchen,kitchen,kitchen,kitchen,kitchen,kitchen,kitchen,bedroom_1,entry,kitchen,living,kitchen,kitchen,kitchen,living,living,living,living,kitchen,kitchen,kitchen,kitchen,bedroom_3,bedroom_3,bedroom_3,bedroom_3,kitchen,kitchen,bedroom_3,entry,bedroom_3,bedroom_3,bedroom_3,living,living,living,kitchen,kitchen,kitchen,kitchen,bedroom_1,entry
33240,d23 Wed 02:00,bedroom_1,bedroom_1,kitchen,kitchen,kitchen,kitchen,kitchen,kitchen,kitchen,bedroom_1,entry,kitchen,living,kitchen,kitchen,kitchen,living,living,living,living,kitchen,kitchen,kitchen,kitchen,bedroom_3,bedroom_3,bedroom_3,bedroom_3,kitchen,kitchen,bedroom_3,entry,bedroom_3,bedroom_3,bedroom_3,living,living,living,kitchen,kitchen,kitchen,kitchen,bedroom_1,entry
33300,d23 Wed 03:00,bedroom_1,bedroom_1,kitchen,kitchen,kitchen,kitchen,kitchen,kitchen,kitchen,bedroom_1,entry,kitchen,living,kitchen,kitchen,kitchen,living,living,living,living,kitchen,kitchen,kitchen,kitchen,bedroom_3,bedroom_3,bedroom_3,bedroom_3,kitchen,kitchen,bedroom_3,entry,bedroom_3,bedroom_3,bedroom_3,living,living,living,kitchen,kitchen,kitchen,kitchen,bedroom_1,entry
33360,d23 Wed 04:00,bedroom_1,bedroom_1,kitchen,kitchen,kitchen,kitchen,kitchen,kitchen,kitchen,bedroom_1,entry,kitchen,living,kitchen,kitchen,kitchen,living,living,living,living,kitchen,kitchen,kitchen,kitchen,bedroom_3,bedroom_3,bedroom_3,bedroom_3,kitchen,kitchen,bedroom_3,entry,bedroom_3,bedroom_3,bedroom_3,living,living,living,kitchen,kitchen,kitchen,kitchen,bedroom_1,entry
33420,d23 Wed 05:00,bedroom_1,bedroom_1,kitchen,kitchen,kitchen,kitchen,kitchen,kitchen,kitchen,bedroom_1,entry,kitchen,living,kitchen,kitchen,kitchen,living,living,living,living,kitchen,kitchen,kitchen,kitchen,bedroom_3,bedroom_3,bedroom_3,bedroom_3,kitchen,kitchen,bedroom_3,entry,bedroom_3,bedroom_3,bedroom_3,living,living,living,kitchen,kitchen,kitchen,kitchen,bedroom_1,entry
33480,d23 Wed 06:00,bedroom_1,bedroom_1,kitchen,kitchen,kitchen,kitchen,kitchen,kitchen,kitchen,bedroom_1,entry,kitchen,living,kitchen,kitchen,kitchen,living,living,living,living,kitchen,kitchen,kitchen,kitchen,bedroom_3,bedroom_3,bedroom_3,bedroom_3,kitchen,kitchen,bedroom_3,entry,bedroom_3,bedroom_3,bedroom_3,living,living,living,kitchen,kitchen,kitchen,kitchen,bedroom_1,entry
33540,d23 Wed 07:00,bedroom_1,bedroom_1,kitchen,kitchen,kitchen,kitchen,kitchen,kitchen,kitchen,bedroom_1,entry,kitchen,living,kitchen,kitchen,kitchen,living,living,living,living,kitchen,kitchen,kitchen,kitchen,bedroom_3,bedroom_3,bedroom_3,bedroom_3,kitchen,kitchen,bedroom_3,entry,bedroom_3,bedroom_3,bedroom_3,living,living,living,kitchen,kitchen,kitchen,kitchen,bedroom_1,entry
33600,d23 Wed 08:00,bedroom_1,bedroom_1,kitchen,kitchen,kitchen,kitchen,kitchen,kitchen,kitchen,living,entry,kitchen,living,kitchen,kitchen,kitchen,living,living,kitchen,living,kitchen,kitchen,kitchen,kitchen,bedroom_3,bedroom_3,bedroom_3,bedroom_3,kitchen,kitchen,bedroom_3,entry,bedroom_3,bedroom_3,bedroom_3,living,living,kitchen,kitchen,kitchen,kitchen,kitchen,bedroom_1,entry
33660,d23 Wed 09:00,bedroom_1,bedroom_1,kitchen,kitchen,kitchen,kitchen,bedroom_1,kitchen,kitchen,living,entry,kitchen,living,kitchen,entry,kitchen,living,living,living,living,kitchen,kitchen,kitchen,kitchen,bedroom_3,bedroom_3,bedroom_3,bedroom_3,kitchen,kitchen,bedroom_3,entry,bedroom_3,bathroom,bedroom_3,living,living,living,kitchen,kitchen,kitchen,kitchen,bedroom_1,entry
33720,d23 Wed 10:00,bedroom_1,bedroom_1,kitchen,kitchen,kitchen,kitchen,bedroom_1,kitchen,kitchen,living,entry,kitchen,living,kitchen,entry,kitchen,living,living,living,living,kitchen,kitchen,kitchen,kitchen,bedroom_3,bedroom_3,bedroom_3,bedroom_3,kitchen,kitchen,bedroom_3,entry,bedroom_3,bathroom,bedroom_3,living,living,living,kitchen,kitchen,kitchen,kitchen,bedroom_1,entry
33780,d23 Wed 11:00,bedroom_1,bedroom_1,kitchen,kitchen,kitchen,kitchen,bedroom_1,kitchen,kitchen,kitchen,entry,kitchen,living,kitchen,entry,kitchen,living,living,living,living,kitchen,living,kitchen,kitchen,bedroom_3,bedroom_3,bedroom_3,bedroom_3,kitchen,kitchen,bedroom_3,entry,bedroom_3,bathroom,bedroom_3,living,living,living,kitchen,kitchen,kitchen,kitchen,bedroom_1,entry
33840,d23 Wed 12:00,kitchen,bedroom_1,kitchen,kitchen,kitchen,kitchen,kitchen,kitchen,kitchen,kitchen,entry,kitchen,living,kitchen,entry,kitchen,living,living,living,living,kitchen,kitchen,kitchen,kitchen,bedroom_3,bedroom_3,bedroom_3,bedroom_3,kitchen,kitchen,bedroom_3,entry,bedroom_3,bathroom,bedroom_3,bedroom_3,living,living,kitchen,kitchen,kitchen,kitchen,bedroom_1,entry
33900,d23 Wed 13:00,kitchen,bedroom_1,kitchen,kitchen,kitchen,kitchen,kitchen,kitchen,kitchen,kitchen,entry,kitchen,living,kitchen,entry,kitchen,living,living,living,living,kitchen,kitchen,kitchen,living,bedroom_3,bedroom_3,bedroom_3,bedroom_3,kitchen,kitchen,bedroom_3,entry,bedroom_3,bathroom,bedroom_3,bedroom_3,living,living,kitchen,kitchen,kitchen,kitchen,bedroom_1,entry
33960,d23 Wed 14:00,kitchen,bedroom_1,kitchen,kitchen,kitchen,kitchen,kitchen,kitchen,kitchen,kitchen,entry,kitchen,living,kitchen,entry,kitchen,living,living,living,living,kitchen,kitchen,kitchen,living,bedroom_3,bedroom_3,bedroom_3,bedroom_3,kitchen,kitchen,bedroom_3,entry,bedroom_3,bathroom,bedroom_3,kitchen,living,living,kitchen,kitchen,kitchen,kitchen,bedroom_1,entry
34020,d23 Wed 15:00,kitchen,living,kitchen,kitchen,kitchen,kitchen,kitchen,kitchen,kitchen,living,entry,kitchen,living,kitchen,entry,kitchen,living,living,living,living,kitchen,kitchen,kitchen,living,bedroom_3,bedroom_3,bedroom_3,bedroom_3,kitchen,kitchen,bedroom_3,entry,bedroom_3,bathroom,bedroom_3,kitchen,living,living,kitchen,kitchen,kitchen,kitchen,bedroom_1,entry
34080,d23 Wed 16:00,kitchen,living,kitchen,kitchen,kitchen,kitchen,kitchen,kitchen,kitchen,living,entry,kitchen,living,kitchen,entry,kitchen,living,living,living,living,kitchen,kitchen,kitchen,living,bedroom_3,bedroom_3,bedroom_3,bedroom_3,kitchen,kitchen,bedroom_3,entry,bedroom_3,bathroom,bedroom_3,kitchen,living,living,kitchen,kitchen,kitchen,kitchen,bedroom_1,entry
34140,d23 Wed 17:00,kitchen,living,kitchen,kitchen,kitchen,kitchen,kitchen,kitchen,kitchen,living,entry,kitchen,living,kitchen,entry,kitchen,living,living,living,living,kitchen,kitchen,kitchen,living,kitchen,bedroom_3,bedroom_3,bedroom_3,kitchen,kitchen,bedroom_3,entry,bedroom_3,bathroom,bedroom_3,bedroom_3,living,living,kitchen,kitchen,kitchen,kitchen,bedroom_1,entry
34200,d23 Wed 18:00,kitchen,bedroom_1,kitchen,kitchen,kitchen,kitchen,kitchen,kitchen,kitchen,kitchen,entry,kitchen,living,kitchen,entry,kitchen,living,living,living,living,kitchen,kitchen,living,living,kitchen,bedroom_3,bedroom_3,bedroom_3,kitchen,kitchen,bedroom_3,entry,bedroom_3,bathroom,bedroom_3,bedroom_3,living,living,kitchen,kitchen,kitchen,kitchen,bedroom_1,entry
34260,d23 Wed 19:00,kitchen,bedroom_1,kitchen,kitchen,kitchen,kitchen,kitchen,kitchen,kitchen,kitchen,entry,kitchen,living,kitchen,entry,kitchen,living,living,living,living,kitchen,kitchen,living,living,kitchen,bedroom_3,bedroom_3,bedroom_3,kitchen,kitchen,bedroom_3,entry,bedroom_3,bathroom,bedroom_3,bedroom_3,living,living,kitchen,kitchen,kitchen,kitchen,bedroom_1,entry
34320,d23 Wed 20:00,kitchen,bedroom_1,kitchen,kitchen,kitchen,kitchen,kitchen,kitchen,kitchen,bathroom,entry,kitchen,living,living,entry,kitchen,living,living,living,living,kitchen,kitchen,living,living,kitchen,bedroom_3,bedroom_3,bedroom_3,kitchen,kitchen,bedroom_3,entry,bedroom_3,bathroom,bedroom_3,bedroom_3,living,living,kitchen,kitchen,kitchen,kitchen,bedroom_1,entry
34380,d23 Wed 21:00,kitchen,bedroom_1,kitchen,kitchen,kitchen,kitchen,kitchen,kitchen,kitchen,bedroom_1,entry,kitchen,living,living,entry,kitchen,living,living,living,living,kitchen,kitchen,living,living,kitchen,bedroom_3,bedroom_3,bedroom_3,kitchen,kitchen,bedroom_3,entry,bedroom_3,bathroom,bedroom_3,living,living,living,kitchen,kitchen,kitchen,kitchen,bedroom_1,entry
34440,d23 Wed 22:00,kitchen,bedroom_1,kitchen,kitchen,kitchen,kitchen,kitchen,kitchen,kitchen,bedroom_1,entry,kitchen,living,living,entry,kitchen,living,living,living,living,kitchen,kitchen,living,living,kitchen,bedroom_3,bedroom_3,bedroom_3,kitchen,kitchen,bedroom_3,entry,bedroom_3,bathroom,bedroom_3,living,living,living,kitchen,kitchen,kitchen,kitchen,bedroom_1,entry
34500,d23 Wed 23:00,kitchen,bedroom_1,kitchen,kitchen,kitchen,kitchen,kitchen,kitchen,kitchen,bedroom_1,entry,kitchen,living,living,entry,kitchen,living,living,living,living,kitchen,kitchen,living,living,kitchen,bedroom_3,bedroom_3,bedroom_3,kitchen,kitchen,bedroom_3,entry,bedroom_3,bathroom,bedroom_3,living,living,living,kitchen,kitchen,kitchen,kitchen,bedroom_1,entry
34560,d24 Thu 00:00,kitchen,bedroom_1,kitchen,kitchen,kitchen,kitchen,kitchen,kitchen,kitchen,bedroom_1,entry,kitchen,living,living,entry,kitchen,living,living,living,living,kitchen,kitchen,living,living,kitchen,bedroom_3,bedroom_3,bedroom_3,kitchen,kitchen,bedroom_3,entry,bedroom_3,bathroom,bedroom_3,living,living,living,kitchen,kitchen,kitchen,kitchen,bedroom_1,entry
34620,d24 Thu 01:00,kitchen,bedroom_1,kitchen,kitchen,kitchen,kitchen,kitchen,kitchen,kitchen,bedroom_1,entry,kitchen,living,living,entry,kitchen,living,living,living,living,kitchen,kitchen,living,living,kitchen,bedroom_3,bedroom_3,bedroom_3,kitchen,kitchen,bedroom_3,entry,bedroom_3,bathroom,bedroom_3,living,living,living,kitchen,kitchen,kitchen,kitchen,bedroom_1,entry
34680,d24 Thu 02:00,kitchen,bedroom_1,kitchen,kitchen,kitchen,kitchen,kitchen,kitchen,kitchen,bedroom_1,entry,kitchen,living,living,entry,kitchen,living,living,living,living,kitchen,kitchen,living,living,kitchen,bedroom_3,bedroom_3,bedroom_3,kitchen,kitchen,bedroom_3,entry,bedroom_3,bathroom,bedroom_3,living,living,living,kitchen,kitchen,kitchen,kitchen,bedroom_1,entry
34740,d24 Thu 03:00,kitchen,bedroom_1,kitchen,kitchen,kitchen,kitchen,kitchen,kitchen,kitchen,bedroom_1,entry,kitchen,living,living,entry,kitchen,living,living,living,living,kitchen,kitchen,living,living,kitchen,bedroom_3,bedroom_3,bedroom_3,kitchen,kitchen,bedroom_3,entry,bedroom_3,bathroom,bedroom_3,living,living,living,kitchen,kitchen,kitchen,kitchen,bedroom_1,entry
34800,d24 Thu 04:00,kitchen,bedroom_1,kitchen,kitchen,kitchen,kitchen,kitchen,kitchen,kitchen,bedroom_1,entry,kitchen,living,living,entry,kitchen,living,living,living,living,kitchen,kitchen,living,living,kitchen,bedroom_3,bedroom_3,bedroom_3,kitchen,kitchen,bedroom_3,entry,bedroom_3,bathroom,bedroom_3,living,living,living,kitchen,kitchen,kitchen,kitchen,bedroom_1,entry
34860,d24 Thu 05:00,kitchen,bedroom_1,kitchen,kitchen,kitchen,kitchen,kitchen,kitchen,kitchen,bedroom_1,entry,kitchen,living,living,entry,kitchen,living,living,living,living,kitchen,kitchen,living,living,kitchen,bedroom_3,bedroom_3,bedroom_3,kitchen,kitchen,bedroom_3,entry,bedroom_3,bathroom,bedroom_3,living,living,living,kitchen,kitchen,kitchen,kitchen,bedroom_1,entry
34920,d24 Thu 06:00,kitchen,bedroom_1,kitchen,kitchen,kitchen,kitchen,kitchen,kitchen,kitchen,bedroom_1,entry,kitchen,living,living,entry,kitchen,living,living,living,living,kitchen,kitchen,living,living,kitchen,bedroom_3,bedroom_3,bedroom_3,kitchen,kitchen,bedroom_3,entry,bedroom_3,bathroom,bedroom_3,living,living,living,kitchen,kitchen,kitchen,kitchen,bedroom_1,entry
34980,d24 Thu 07:00,kitchen,bedroom_1,kitchen,kitchen,kitchen,kitchen,kitchen,kitchen,kitchen,bedroom_1,entry,kitchen,living,living,entry,kitchen,living,living,living,living,kitchen,kitchen,living,living,kitchen,bedroom_3,bedroom_3,bedroom_3,kitchen,kitchen,bedroom_3,entry,bedroom_3,bathroom,bedroom_3,living,living,living,kitchen,kitchen,kitchen,kitchen,bedroom_1,entry
35040,d24 Thu 08:00,kitchen,bedroom_1,kitchen,kitchen,kitchen,kitchen,kitchen,kitchen,kitchen,bedroom_1,entry,kitchen,living,outside,outside,kitchen,outside,living,living,living,kitchen,kitchen,living,living,kitchen,bedroom_3,bedroom_3,bedroom_3,kitchen,kitchen,bedroom_3,entry,bedroom_3,bedroom_3,bedroom_3,living,living,living,kitchen,kitchen,kitchen,kitchen,bedroom_1,entry
35100,d24 Thu 09:00,outside,outside,outside,outside,outside,outside,kitchen,kitchen,outside,bedroom_1,entry,kitchen,living,outside,outside,kitchen,outside,living,living,living,kitchen,kitchen,living,living,kitchen,bedroom_3,bedroom_3,bedroom_3,kitchen,kitchen,bedroom_3,entry,bedroom_3,bedroom_3,bedroom_3,living,living,living,kitchen,kitchen,kitchen,kitchen,bedroom_1,entry
35160,d24 Thu 10:00,outside,outside,outside,outside,outside,outside,kitchen,kitchen,outside,bedroom_1,entry,kitchen,living,outside,outside,kitchen,outside,living,living,living,kitchen,kitchen,living,living,kitchen,bedroom_3,bedroom_3,bedroom_3,kitchen,kitchen,bedroom_3,entry,bedroom_3,bedroom_3,bedroom_3,living,living,living,kitchen,kitchen,kitchen,kitchen,bedroom_1,entry
35220,d24 Thu 11:00,outside,outside,outside,outside,outside,outside,kitchen,kitchen,outside,bedroom_1,entry,kitchen,living,outside,outside,kitchen,outside,living,living,living,kitchen,kitchen,living,living,kitchen,bedroom_3,bedroom_3,bedroom_3,kitchen,kitchen,bedroom_3,entry,bedroom_3,bedroom_3,bedroom_3,living,living,living,kitchen,kitchen,kitchen,kitchen,bedroom_1,entry
35280,d24 Thu 12:00,outside,outside,outside,outside,outside,outside,kitchen,kitchen,outside,bedroom_1,entry,kitchen,living,outside,outside,kitchen,outside,living,living,living,kitchen,kitchen,living,living,kitchen,bedroom_3,bedroom_3,bedroom_3,kitchen,kitchen,bedroom_3,entry,bedroom_3,bedroom_3,bedroom_3,living,living,living,kitchen,kitchen,kitchen,kitchen,bedroom_1,entry
35340,d24 Thu 13:00,outside,outside,outside,outside,outside,outside,kitchen,kitchen,outside,bedroom_1,entry,kitchen,living,outside,outside,kitchen,outside,living,living,living,kitchen,kitchen,living,living,kitchen,bedroom_3,bedroom_3,bedroom_3,kitchen,kitchen,bedroom_3,entry,bedroom_3,bedroom_3,bedroom_3,living,living,living,kitchen,kitchen,kitchen,kitchen,bedroom_1,entry
35400,d24 Thu 14:00,outside,outside,outside,outside,outside,outside,bedroom_3,kitchen,outside,bedroom_1,entry,kitchen,living,outside,outside,kitchen,outside,living,living,living,kitchen,kitchen,living,bathroom,kitchen,bedroom_3,bedroom_3,bedroom_3,kitchen,kitchen,bedroom_3,entry,bathroom,bathroom,bedroom_3,living,living,living,kitchen,kitchen,kitchen,kitchen,bedroom_1,entry
35460,d24 Thu 15:00,outside,outside,outside,outside,outside,outside,bedroom_3,kitchen,outside,bedroom_1,entry,kitchen,living,outside,outside,kitchen,outside,living,living,living,kitchen,kitchen,living,bathroom,outside,outside,outside,outside,outside,kitchen,bedroom_3,outside,bedroom_3,bedroom_3,bedroom_3,living,living,living,kitchen,kitchen,kitchen,kitchen,bedroom_1,entry
35520,d24 Thu 16:00,kitchen,kitchen,kitchen,kitchen,kitchen,bedroom_1,bedroom_3,kitchen,kitchen,living,entry,kitchen,living,kitchen,kitchen,kitchen,living,living,living,living,kitchen,kitchen,living,bathroom,outside,outside,outside,outside,outside,kitchen,bedroom_3,outside,bedroom_3,bedroom_3,bedroom_3,living,living,living,kitchen,kitchen,kitchen,kitchen,bedroom_1,entry
35580,d24 Thu 17:00,kitchen,kitchen,kitchen,kitchen,kitchen,bedroom_1,kitchen,kitchen,kitchen,living,entry,kitchen,living,kitchen,kitchen,kitchen,living,living,living,living,kitchen,kitchen,living,kitchen,outside,outside,outside,outside,outside,kitchen,bedroom_3,outside,bedroom_3,bedroom_3,bedroom_3,living,living,living,kitchen,kitchen,kitchen,kitchen,bedroom_1,entry
35640,d24 Thu 18:00,kitchen,kitchen,kitchen,kitchen,kitchen,bedroom_1,kitchen,kitchen,kitchen,kitchen,entry,kitchen,living,kitchen,kitchen,kitchen,living,living,living,living,kitchen,kitchen,living,kitchen,outside,outside,outside,outside,outside,kitchen,bedroom_3,outside,bedroom_3,bedroom_3,bedroom_3,living,living,living,kitchen,kitchen,kitchen,kitchen,bedroom_1,entry
35700,d24 Thu 19:00,kitchen,kitchen,kitchen,kitchen,kitchen,bedroom_1,living,kitchen,kitchen,kitchen,entry,kitchen,living,kitchen,kitchen,kitchen,living,living,living,living,kitchen,kitchen,living,living,outside,outside,outside,outside,outside,kitchen,bedroom_3,outside,bedroom_3,bedroom_3,bedroom_3,living,living,living,kitchen,kitchen,kitchen,kitchen,bedroom_1,entry
35760,d24 Thu 20:00,kitchen,kitchen,kitchen,kitchen,kitchen,bedroom_1,living,kitchen,kitchen,kitchen,entry,kitchen,living,kitchen,kitchen,kitchen,living,living,living,living,kitchen,kitchen,living,living,outside,outside,outside,outside,outside,kitchen,bedroom_3,outside,bedroom_3,bedroom_3,bedroom_3,living,living,living,kitchen,kitchen,kitchen,kitchen,bedroom_1,entry
35820,d24 Thu 21:00,kitchen,kitchen,kitchen,kitchen,kitchen,bedroom_1,kitchen,kitchen,kitchen,bathroom,entry,kitchen,living,kitchen,kitchen,kitchen,living,living,living,living,kitchen,kitchen,living,kitchen,outside,outside,outside,outside,outside,kitchen,bedroom_3,outside,bedroom_3,bedroom_3,bedroom_3,bedroom_3,living,living,kitchen,kitchen,kitchen,kitchen,bedroom_1,entry
35880,d24 Thu 22:00,kitchen,kitchen,kitchen,kitchen,kitchen,bedroom_1,kitchen,kitchen,kitchen,bedroom_1,entry,kitchen,living,kitchen,kitchen,kitchen,living,living,living,living,kitchen,kitchen,living,kitchen,outside,outside,outside,outside,outside,kitchen,bedroom_3,outside,bedroom_3,bedroom_3,bedroom_3,bedroom_3,living,living,kitchen,kitchen,kitchen,kitchen,bedroom_1,entry
35940,d24 Thu 23:00,kitchen,kitchen,kitchen,kitchen,kitchen,bedroom_1,kitchen,kitchen,kitchen,bedroom_1,entry,kitchen,living,kitchen,kitchen,kitchen,living,living,living,living,kitchen,kitchen,living,kitchen,outside,outside,outside,outside,outside,kitchen,bedroom_3,outside,bedroom_3,bedroom_3,bedroom_3,bedroom_3,living,living,kitchen,kitchen,kitchen,kitchen,bedroom_1,entry
36000,d25 Fri 00:00,kitchen,kitchen,kitchen,kitchen,kitchen,bedroom_1,kitchen,kitchen,kitchen,bathroom,entry,kitchen,living,kitchen,kitchen,kitchen,living,living,living,living,kitchen,kitchen,living,kitchen,kitchen,bathroom,bedroom_3,bathroom,kitchen,kitchen,bedroom_3,entry,bedroom_3,bedroom_3,bedroom_3,bedroom_3,living,living,kitchen,kitchen,kitchen,kitchen,bedroom_1,entry
36060,d25 Fri 01:00,kitchen,kitchen,kitchen,kitchen,kitchen,bedroom_1,kitchen,kitchen,kitchen,bedroom_1,entry,kitchen,living,kitchen,kitchen,kitchen,living,living,living,living,kitchen,kitchen,living,kitchen,kitchen,bathroom,bedroom_3,bathroom,kitchen,kitchen,bedroom_3,entry,bedroom_3,bedroom_3,bedroom_3,bedroom_3,living,living,kitchen,kitchen,kitchen,kitchen,bedroom_1,entry
36120,d25 Fri 02:00,kitchen,kitchen,kitchen,kitchen,kitchen,bedroom_1,kitchen,kitchen,kitchen,bedroom_1,entry,kitchen,living,kitchen,kitchen,kitchen,living,living,living,living,kitchen,kitchen,living,kitchen,kitchen,bathroom,bedroom_3,bathroom,kitchen,kitchen,bedroom_3,entry,bedroom_3,bedroom_3,bedroom_3,bedroom_3,living,living,kitchen,kitchen,kitchen,kitchen,bedroom_1,entry
36180,d25 Fri 03:00,kitchen,kitchen,kitchen,kitchen,kitchen,bedroom_1,kitchen,kitchen,kitchen,bedroom_1,entry,kitchen,living,kitchen,kitchen,kitchen,living,living,living,living,kitchen,kitchen,living,kitchen,kitchen,bathroom,bedroom_3,bathroom,kitchen,kitchen,bedroom_3,entry,bedroom_3,bedroom_3,bedroom_3,bedroom_3,living,living,kitchen,kitchen,kitchen,kitchen,bedroom_1,entry
36240,d25 Fri 04:00,kitchen,kitchen,kitchen,kitchen,kitchen,bedroom_1,kitchen,kitchen,kitchen,bedroom_1,entry,kitchen,living,kitchen,kitchen,kitchen,living,living,living,living,kitchen,kitchen,living,kitchen,kitchen,bathroom,bedroom_3,bathroom,kitchen,kitchen,bedroom_3,entry,bedroom_3,bedroom_3,bedroom_3,bedroom_3,living,living,kitchen,kitchen,kitchen,kitchen,bedroom_1,entry
36300,d25 Fri 05:00,kitchen,kitchen,kitchen,kitchen,kitchen,bedroom_1,kitchen,kitchen,kitchen,bedroom_1,entry,kitchen,living,kitchen,kitchen,kitchen,living,living,living,living,kitchen,kitchen,living,kitchen,kitchen,bathroom,bedroom_3,bathroom,kitchen,kitchen,bedroom_3,entry,bedroom_3,bedroom_3,bedroom_3,bedroom_3,living,living,kitchen,kitchen,kitchen,kitchen,bedroom_1,entry
36360,d25 Fri 06:00,kitchen,kitchen,kitchen,kitchen,kitchen,bedroom_1,kitchen,kitchen,kitchen,bedroom_1,entry,kitchen,living,kitchen,kitchen,kitchen,living,living,living,living,kitchen,kitchen,living,kitchen,kitchen,bathroom,bedroom_3,bathroom,kitchen,kitchen,bedroom_3,entry,bedroom_3,bedroom_3,bedroom_3,bedroom_3,living,living,kitchen,kitchen,kitchen,kitchen,bedroom_1,entry
36420,d25 Fri 07:00,kitchen,kitchen,kitchen,kitchen,kitchen,bedroom_1,kitchen,kitchen,kitchen,bedroom_1,entry,kitchen,living,kitchen,kitchen,kitchen,living,living,living,living,kitchen,kitchen,living,kitchen,kitchen,bathroom,bedroom_3,bathroom,kitchen,kitchen,bedroom_3,entry,bedroom_2,bedroom_2,bedroom_3,bedroom_3,living,living,kitchen,kitchen,kitchen,kitchen,bedroom_1,entry
36480,d25 Fri 08:00,kitchen,kitchen,kitchen,kitchen,kitchen,bedroom_1,kitchen,kitchen,kitchen,bedroom_1,entry,kitchen,living,kitchen,entry,kitchen,living,living,living,living,kitchen,kitchen,living,kitchen,kitchen,bathroom,bedroom_3,bathroom,kitchen,kitchen,bedroom_3,entry,kitchen,bedroom_3,bedroom_3,bedroom_3,living,living,kitchen,kitchen,kitchen,kitchen,bedroom_1,entry
36540,d25 Fri 09:00,outside,outside,outside,outside,outside,outside,kitchen,kitchen,outside,bedroom_1,entry,kitchen,living,outside,outside,kitchen,outside,living,living,living,kitchen,kitchen,living,kitchen,outside,outside,outside,bathroom,kitchen,outside,outside,entry,bathroom,bedroom_3,bedroom_3,bedroom_3,living,living,kitchen,kitchen,kitchen,kitchen,bedroom_1,entry
36600,d25 Fri 10:00,outside,outside,outside,outside,outside,outside,kitchen,kitchen,outside,bedroom_1,entry,kitchen,living,outside,outside,kitchen,outside,living,living,living,kitchen,kitchen,living,kitchen,outside,outside,outside,bathroom,kitchen,outside,outside,entry,bathroom,bedroom_3,bedroom_3,bedroom_3,living,living,kitchen,kitchen,kitchen,kitchen,bedroom_1,entry
36660,d25 Fri 11:00,outside,outside,outside,outside,outside,outside,kitchen,kitchen,outside,bedroom_1,entry,kitchen,living,outside,outside,kitchen,outside,living,living,living,kitchen,kitchen,living,kitchen,outside,outside,outside,bathroom,kitchen,outside,outside,entry,bathroom,bedroom_3,bedroom_3,bedroom_3,living,living,kitchen,kitchen,kitchen,kitchen,bedroom_1,entry
36720,d25 Fri 12:00,outside,outside,outside,outside,outside,outside,kitchen,kitchen,outside,bedroom_1,entry,kitchen,living,outside,outside,kitchen,outside,living,living,living,kitchen,kitchen,living,kitchen,outside,outside,outside,bathroom,kitchen,outside,outside,entry,bathroom,bedroom_3,bedroom_3,bedroom_3,living,living,kitchen,kitchen,kitchen,kitchen,bedroom_1,entry
36780,d25 Fri 13:00,outside,outside,outside,outside,outside,outside,kitchen,kitchen,outside,bedroom_1,entry,kitchen,living,outside,outside,kitchen,outside,living,living,living,kitchen,kitchen,living,kitchen,outside,outside,outside,bathroom,kitchen,outside,outside,entry,bathroom,bedroom_3,bedroom_3,bedroom_3,living,living,kitchen,kitchen,kitchen,kitchen,bedroom_1,entry
36840,d25 Fri 14:00,outside,outside,outside,outside,outside,outside,kitchen,kitchen,outside,bedroom_1,entry,kitchen,living,outside,outside,kitchen,outside,living,living,living,kitchen,kitchen,living,kitchen,outside,outside,outside,bathroom,kitchen,outside,outside,entry,bathroom,bedroom_3,bedroom_3,bedroom_3,living,living,kitchen,kitchen,kitchen,kitchen,bedroom_1,entry
36900,d25 Fri 15:00,outside,outside,outside,outside,outside,outside,kitchen,kitchen,outside,bedroom_1,entry,kitchen,living,outside,outside,kitchen,outside,living,living,living,kitchen,kitchen,living,kitchen,outside,outside,outside,bathroom,kitchen,outside,outside,entry,bathroom,bedroom_3,bedroom_3,bedroom_3,living,living,kitchen,kitchen,kitchen,kitchen,bedroom_1,entry
36960,d25 Fri 16:00,outside,outside,outside,outside,outside,outside,kitchen,kitchen,outside,bedroom_1,entry,kitchen,living,outside,outside,kitchen,outside,living,living,living,kitchen,kitchen,living,kitchen,bedroom_3,kitchen,kitchen,bathroom,kitchen,kitchen,bedroom_3,entry,bathroom,bedroom_3,bedroom_3,bedroom_3,living,living,kitchen,kitchen,kitchen,kitchen,bedroom_1,entry
37020,d25 Fri 17:00,bedroom_1,bedroom_1,kitchen,outside,kitchen,kitchen,kitchen,kitchen,kitchen,bedroom_1,entry,kitchen,living,kitchen,bedroom_1,kitchen,kitchen,living,living,living,kitchen,living,living,kitchen,bedroom_3,outside,outside,bathroom,kitchen,kitchen,bedroom_3,entry,bedroom_3,bathroom,bedroom_3,bedroom_3,living,living,kitchen,kitchen,kitchen,kitchen,bedroom_1,entry
37080,d25 Fri 18:00,bedroom_1,bedroom_1,kitchen,outside,kitchen,kitchen,kitchen,kitchen,kitchen,bedroom_1,entry,kitchen,living,outside,outside,outside,kitchen,living,living,living,kitchen,living,living,kitchen,bedroom_3,outside,outside,bathroom,kitchen,kitchen,bedroom_3,entry,bathroom,bathroom,bedroom_3,bedroom_3,living,living,kitchen,kitchen,kitchen,kitchen,bedroom_1,entry
37140,d25 Fri 19:00,bedroom_1,bedroom_1,kitchen,outside,kitchen,kitchen,kitchen,kitchen,kitchen,bedroom_1,entry,kitchen,living,outside,outside,outside,kitchen,living,living,living,kitchen,living,living,kitchen,bedroom_3,outside,outside,bathroom,kitchen,kitchen,bedroom_3,entry,bathroom,bathroom,bedroom_3,bedroom_3,living,living,kitchen,kitchen,kitchen,kitchen,bedroom_1,entry
37200,d25 Fri 20:00,bedroom_1,bedroom_1,kitchen,outside,kitchen,kitchen,kitchen,kitchen,kitchen,bedroom_1,entry,kitchen,living,outside,outside,outside,kitchen,living,living,living,kitchen,living,living,kitchen,bedroom_3,outside,outside,bathroom,kitchen,kitchen,bedroom_3,entry,bathroom,bathroom,bedroom_3,bedroom_3,living,living,kitchen,kitchen,kitchen,kitchen,bedroom_1,entry
37260,d25 Fri 21:00,bedroom_1,bedroom_1,kitchen,kitchen,kitchen,kitchen,kitchen,kitchen,kitchen,bedroom_1,entry,kitchen,living,outside,outside,outside,kitchen,living,living,living,kitchen,living,living,kitchen,bedroom_3,outside,outside,bathroom,kitchen,kitchen,bedroom_3,entry,bathroom,bathroom,bedroom_3,bedroom_3,living,living,kitchen,kitchen,kitchen,kitchen,bedroom_1,entry
37320,d25 Fri 22:00,bedroom_1,bedroom_1,kitchen,kitchen,kitchen,kitchen,kitchen,kitchen,kitchen,bathroom,entry,kitchen,living,living,bathroom,bathroom,kitchen,living,living,living,kitchen,living,living,kitchen,bedroom_3,outside,outside,bathroom,kitchen,kitchen,bedroom_3,entry,bathroom,bathroom,bedroom_3,bedroom_3,living,living,kitchen,kitchen,kitchen,kitchen,bedroom_1,entry
37380,d25 Fri 23:00,bedroom_1,bedroom_1,kitchen,kitchen,kitchen,kitchen,kitchen,kitchen,kitchen,bedroom_1,entry,kitchen,living,living,bathroom,bathroom,kitchen,living,living,living,kitchen,living,living,kitchen,bedroom_3,outside,outside,bathroom,kitchen,kitchen,bedroom_3,entry,bathroom,bathroom,bedroom_3,bedroom_3,living,living,kitchen,kitchen,kitchen,kitchen,bedroom_1,entry
37440,d26 Sat 00:00,bedroom_1,bedroom_1,kitchen,kitchen,kitchen,kitchen,kitchen,kitchen,kitchen,bathroom,entry,kitchen,living,living,bathroom,bathroom,kitchen,living,living,living,kitchen,living,living,kitchen,bedroom_3,entry,bathroom,bathroom,kitchen,kitchen,bedroom_3,entry,bathroom,bathroom,bedroom_3,bedroom_3,living,living,kitchen,kitchen,kitchen,kitchen,bedroom_1,entry
37500,d26 Sat 01:00,bedroom_1,bedroom_1,kitchen,kitchen,kitchen,kitchen,kitchen,kitchen,kitchen,bedroom_1,entry,kitchen,living,living,bathroom,bathroom,kitchen,living,living,living,kitchen,living,living,kitchen,bedroom_3,entry,bathroom,bathroom,kitchen,kitchen,bedroom_3,entry,bathroom,bathroom,bedroom_3,bedroom_3,living,living,kitchen,kitchen,kitchen,kitchen,bedroom_1,entry
37560,d26 Sat 02:00,bedroom_1,bedroom_1,kitchen,kitchen,kitchen,kitchen,kitchen,kitchen,kitchen,bedroom_1,entry,kitchen,living,living,bathroom,bathroom,kitchen,living,living,living,kitchen,living,living,kitchen,bedroom_3,entry,bathroom,bathroom,kitchen,kitchen,bedroom_3,entry,bathroom,bathroom,bedroom_3,bedroom_3,living,living,kitchen,kitchen,kitchen,kitchen,bedroom_1,entry
37620,d26 Sat 03:00,bedroom_1,bedroom_1,kitchen,kitchen,kitchen,kitchen,kitchen,kitchen,kitchen,bedroom_1,entry,kitchen,living,living,bathroom,bathroom,kitchen,living,living,living,kitchen,living,living,kitchen,bedroom_3,entry,bathroom,bathroom,kitchen,kitchen,bedroom_3,entry,bathroom,bathroom,bedroom_3,bedroom_3,living,living,kitchen,kitchen,kitchen,kitchen,bedroom_1,entry
37680,d26 Sat 04:00,bedroom_1,bedroom_1,kitchen,kitchen,kitchen,kitchen,kitchen,kitchen,kitchen,bedroom_1,entry,kitchen,living,living,bathroom,bathroom,kitchen,living,living,living,kitchen,living,living,kitchen,bedroom_3,entry,bathroom,bathroom,kitchen,kitchen,bedroom_3,entry,bathroom,bathroom,bedroom_3,bedroom_3,living,living,kitchen,kitchen,kitchen,kitchen,bedroom_1,entry
37740,d26 Sat 05:00,bedroom_1,bedroom_1,kitchen,kitchen,kitchen,kitchen,kitchen,kitchen,kitchen,bedroom_1,entry,kitchen,living,living,bathroom,bathroom,kitchen,living,living,living,kitchen,living,living,kitchen,bedroom_3,entry,bathroom,bathroom,kitchen,kitchen,bedroom_3,entry,bathroom,bathroom,bedroom_3,bedroom_3,living,living,kitchen,kitchen,kitchen,kitchen,bedroom_1,entry
37800,d26 Sat 06:00,bedroom_1,bedroom_1,kitchen,kitchen,kitchen,kitchen,kitchen,kitchen,kitchen,bedroom_1,entry,kitchen,living,living,bathroom,bathroom,kitchen,living,living,living,kitchen,living,living,kitchen,bedroom_3,entry,bathroom,bathroom,kitchen,kitchen,bedroom_3,entry,bathroom,bathroom,bedroom_3,bedroom_3,living,living,kitchen,kitchen,kitchen,kitchen,bedroom_1,entry
37860,d26 Sat 07:00,bedroom_1,bedroom_1,kitchen,kitchen,kitchen,kitchen,kitchen,kitchen,kitchen,bedroom_1,entry,kitchen,living,living,bathroom,bathroom,kitchen,living,living,living,kitchen,living,living,kitchen,bedroom_3,entry,bathroom,bathroom,kitchen,kitchen,bedroom_3,entry,bathroom,bathroom,bedroom_3,bedroom_3,living,living,kitchen,kitchen,kitchen,kitchen,bedroom_1,entry
37920,d26 Sat 08:00,bedroom_1,bedroom_1,kitchen,kitchen,kitchen,kitchen,kitchen,kitchen,kitchen,bedroom_1,entry,kitchen,living,living,bathroom,bathroom,kitchen,living,living,living,kitchen,living,living,kitchen,bedroom_3,entry,bathroom,bathroom,kitchen,kitchen,bedroom_3,entry,bathroom,bathroom,bedroom_3,bedroom_3,living,living,kitchen,kitchen,kitchen,kitchen,bedroom_1,entry
37980,d26 Sat 09:00,bedroom_1,bedroom_1,kitchen,kitchen,kitchen,kitchen,kitchen,kitchen,kitchen,bedroom_1,entry,kitchen,living,living,bathroom,bathroom,kitchen,living,living,living,kitchen,living,living,kitchen,bedroom_3,entry,bathroom,bathroom,kitchen,kitchen,bedroom_3,entry,bathroom,bathroom,bedroom_3,bedroom_3,living,living,kitchen,kitchen,kitchen,kitchen,bedroom_1,entry
38040,d26 Sat 10:00,bedroom_1,bedroom_1,kitchen,kitchen,kitchen,kitchen,kitchen,kitchen,kitchen,bedroom_1,entry,kitchen,living,living,bathroom,bathroom,kitchen,living,living,living,kitchen,living,living,kitchen,outside,outside,outside,bathroom,kitchen,kitchen,bedroom_3,entry,bathroom,bathroom,bedroom_3,bedroom_3,living,living,kitchen,kitchen,kitchen,kitchen,outside,entry
38100,d26 Sat 11:00,bedroom_1,bedroom_1,kitchen,kitchen,kitchen,kitchen,kitchen,kitchen,kitchen,bedroom_1,entry,kitchen,living,kitchen,kitchen,bathroom,outside,living,living,living,living,living,living,kitchen,kitchen,kitchen,bedroom_3,bathroom,kitchen,kitchen,bedroom_3,entry,bathroom,bathroom,bedroom_3,bedroom_3,living,living,kitchen,kitchen,kitchen,kitchen,bedroom_3,entry
38160,d26 Sat 12:00,bedroom_1,bedroom_1,kitchen,kitchen,kitchen,kitchen,kitchen,kitchen,kitchen,bedroom_1,entry,kitchen,living,outside,outside,bathroom,outside,living,living,living,kitchen,living,living,kitchen,kitchen,kitchen,bedroom_3,bathroom,kitchen,kitchen,bedroom_3,entry,bathroom,bathroom,bedroom_3,bedroom_3,living,living,kitchen,kitchen,kitchen,kitchen,bedroom_1,entry
38220,d26 Sat 13:00,bedroom_1,bedroom_1,kitchen,kitchen,kitchen,kitchen,kitchen,kitchen,kitchen,bedroom_1,entry,kitchen,living,living,living,bathroom,living,living,living,living,kitchen,living,living,kitchen,bedroom_3,entry,bedroom_3,bathroom,kitchen,kitchen,bedroom_3,entry,bathroom,bathroom,bedroom_3,bedroom_3,living,living,kitchen,kitchen,kitchen,kitchen,bedroom_3,entry
38280,d26 Sat 14:00,bedroom_1,living,living,living,kitchen,kitchen,kitchen,kitchen,kitchen,bedroom_1,entry,kitchen,living,living,living,bathroom,living,living,living,living,kitchen,kitchen,living,kitchen,bedroom_3,entry,bedroom_3,bathroom,kitchen,kitchen,bedroom_3,entry,bathroom,bathroom,bedroom_3,bedroom_3,living,living,kitchen,kitchen,kitchen,kitchen,living,entry
38340,d26 Sat 15:00,bedroom_1,bedroom_1,kitchen,kitchen,kitchen,kitchen,kitchen,kitchen,kitchen,bedroom_1,entry,kitchen,living,living,living,bathroom,living,living,living,living,kitchen,kitchen,living,kitchen,bedroom_3,entry,bedroom_3,bathroom,kitchen,kitchen,bedroom_3,entry,bathroom,bathroom,bedroom_3,bedroom_3,living,living,kitchen,kitchen,kitchen,kitchen,bedroom_1,entry
38400,d26 Sat 16:00,kitchen,bedroom_1,kitchen,kitchen,kitchen,kitchen,kitchen,kitchen,kitchen,bedroom_1,entry,kitchen,living,living,living,bathroom,living,living,living,living,kitchen,kitchen,living,kitchen,bedroom_3,entry,bedroom_3,bathroom,kitchen,kitchen,bedroom_3,entry,bathroom,bathroom,bedroom_3,bedroom_3,living,living,kitchen,kitchen,kitchen,kitchen,bedroom_1,entry
38460,d26 Sat 17:00,kitchen,bedroom_1,kitchen,kitchen,kitchen,kitchen,kitchen,kitchen,kitchen,bedroom_1,entry,kitchen,living,living,living,bathroom,living,living,living,living,kitchen,kitchen,living,kitchen,bedroom_3,entry,bedroom_3,bathroom,kitchen,kitchen,bedroom_3,entry,bathroom,bathroom,bedroom_3,bedroom_3,living,living,kitchen,kitchen,kitchen,kitchen,bedroom_1,entry
38520,d26 Sat 18:00,kitchen,bedroom_1,kitchen,kitchen,kitchen,kitchen,kitchen,kitchen,kitchen,bedroom_1,entry,kitchen,living,living,living,bathroom,living,living,living,living,kitchen,kitchen,living,kitchen,bedroom_3,entry,bedroom_3,bathroom,kitchen,kitchen,bedroom_3,entry,bathroom,bathroom,bedroom_3,bedroom_3,living,living,kitchen,kitchen,kitchen,kitchen,bedroom_1,entry
38580,d26 Sat 19:00,kitchen,bedroom_1,kitchen,kitchen,kitchen,kitchen,kitchen,kitchen,kitchen,bathroom,entry,kitchen,living,living,living,bathroom,living,living,living,living,kitchen,kitchen,living,kitchen,bedroom_3,entry,bedroom_3,bathroom,kitchen,kitchen,bedroom_3,entry,bathroom,bathroom,bedroom_3,bedroom_3,living,living,kitchen,kitchen,kitchen,kitchen,bedroom_1,entry
38640,d26 Sat 20:00,kitchen,bedroom_1,kitchen,kitchen,kitchen,kitchen,kitchen,kitchen,kitchen,bedroom_1,entry,kitchen,living,living,living,bathroom,living,living,living,living,kitchen,kitchen,living,kitchen,bedroom_3,entry,bedroom_3,bathroom,kitchen,kitchen,bedroom_3,entry,bathroom,bathroom,bedroom_3,bedroom_3,living,living,kitchen,kitchen,kitchen,kitchen,bedroom_1,entry
38700,d26 Sat 21:00,kitchen,bedroom_1,kitchen,kitchen,kitchen,kitchen,kitchen,kitchen,kitchen,bedroom_1,entry,kitchen,living,living,living,bathroom,living,living,living,living,kitchen,kitchen,living,kitchen,bedroom_3,entry,bedroom_3,bathroom,kitchen,kitchen,bedroom_3,entry,bathroom,bathroom,bedroom_3,bedroom_3,living,living,kitchen,kitchen,kitchen,kitchen,bedroom_1,entry
38760,d26 Sat 22:00,kitchen,bedroom_1,kitchen,kitchen,kitchen,kitchen,kitchen,kitchen,kitchen,bedroom_1,entry,kitchen,living,living,living,bathroom,living,living,living,living,kitchen,kitchen,living,kitchen,bedroom_3,entry,bedroom_3,bathroom,kitchen,kitchen,bedroom_3,entry,bathroom,bathroom,bedroom_3,bedroom_3,living,living,kitchen,kitchen,kitchen,kitchen,bedroom_1,entry
38820,d26 Sat 23:00,kitchen,bedroom_1,kitchen,kitchen,kitchen,kitchen,kitchen,kitchen,kitchen,bedroom_1,entry,kitchen,living,living,living,bathroom,living,living,living,living,kitchen,kitchen,living,kitchen,bedroom_3,entry,bedroom_3,bathroom,kitchen,kitchen,bedroom_3,entry,bathroom,bathroom,bedroom_3,bedroom_3,living,living,kitchen,kitchen,kitchen,kitchen,bedroom_1,entry
38880,d27 Sun 00:00,kitchen,bedroom_1,kitchen,kitchen,kitchen,kitchen,kitchen,kitchen,kitchen,bedroom_1,entry,kitchen,living,living,living,bathroom,living,living,living,living,kitchen,kitchen,living,kitchen,bedroom_3,entry,bedroom_3,bathroom,kitchen,kitchen,bedroom_3,entry,bathroom,bathroom,bedroom_3,bedroom_3,living,living,kitchen,kitchen,kitchen,kitchen,bedroom_1,entry
38940,d27 Sun 01:00,kitchen,bedroom_1,kitchen,kitchen,kitchen,kitchen,kitchen,kitchen,kitchen,bedroom_1,entry,kitchen,living,living,living,bathroom,living,living,living,living,kitchen,kitchen,living,kitchen,bedroom_3,entry,bedroom_3,bathroom,kitchen,kitchen,bedroom_3,entry,bathroom,bathroom,bedroom_3,bedroom_3,living,living,kitchen,kitchen,kitchen,kitchen,bedroom_1,entry
39000,d27 Sun 02:00,kitchen,bedroom_1,kitchen,kitchen,kitchen,kitchen,kitchen,kitchen,kitchen,bedroom_1,entry,kitchen,living,living,living,bathroom,living,living,living,living,kitchen,kitchen,living,kitchen,bedroom_3,entry,bedroom_3,bathroom,kitchen,kitchen,bedroom_3,entry,bathroom,bathroom,bedroom_3,bedroom_3,living,living,kitchen,kitchen,kitchen,kitchen,bedroom_1,entry
39060,d27 Sun 03:00,kitchen,bedroom_1,kitchen,kitchen,kitchen,kitchen,kitchen,kitchen,kitchen,bedroom_1,entry,kitchen,living,living,living,bathroom,living,living,living,living,kitchen,kitchen,living,kitchen,bedroom_3,entry,bedroom_3,bathroom,kitchen,kitchen,bedroom_3,entry,bathroom,bathroom,bedroom_3,bedroom_3,living,living,kitchen,kitchen,kitchen,kitchen,bedroom_1,entry
39120,d27 Sun 04:00,kitchen,bedroom_1,kitchen,kitchen,kitchen,kitchen,kitchen,kitchen,kitchen,bedroom_1,entry,kitchen,living,living,living,bathroom,living,living,living,living,kitchen,kitchen,living,kitchen,bedroom_3,entry,bedroom_3,bathroom,kitchen,kitchen,bedroom_3,entry,bathroom,bathroom,bedroom_3,bedroom_3,living,living,kitchen,kitchen,kitchen,kitchen,bedroom_1,entry
39180,d27 Sun 05:00,kitchen,bedroom_1,kitchen,kitchen,kitchen,kitchen,kitchen,kitchen,kitchen,bedroom_1,entry,kitchen,living,living,living,bathroom,living,living,living,living,kitchen,kitchen,living,kitchen,bedroom_3,entry,bedroom_3,bathroom,kitchen,kitchen,bedroom_3,entry,bathroom,bathroom,bedroom_3,bedroom_3,living,living,kitchen,kitchen,kitchen,kitchen,bedroom_1,entry
39240,d27 Sun 06:00,kitchen,bedroom_1,kitchen,kitchen,kitchen,kitchen,kitchen,kitchen,kitchen,bedroom_1,entry,kitchen,living,living,living,bathroom,living,living,living,living,kitchen,kitchen,living,kitchen,bedroom_3,entry,bedroom_3,bathroom,kitchen,kitchen,bedroom_3,entry,bathroom,bathroom,bedroom_3,bedroom_3,living,living,kitchen,kitchen,kitchen,kitchen,bedroom_1,entry
39300,d27 Sun 07:00,kitchen,bedroom_1,kitchen,kitchen,kitchen,kitchen,kitchen,kitchen,kitchen,bedroom_1,entry,kitchen,living,living,living,bathroom,living,living,living,living,kitchen,kitchen,living,kitchen,bedroom_3,entry,bedroom_3,bathroom,kitchen,kitchen,bedroom_3,entry,bathroom,bathroom,bedroom_3,bedroom_3,living,living,kitchen,kitchen,kitchen,kitchen,bedroom_1,entry
39360,d27 Sun 08:00,kitchen,bedroom_1,kitchen,kitchen,kitchen,kitchen,kitchen,kitchen,kitchen,bedroom_1,entry,kitchen,living,living,living,bathroom,living,living,living,living,kitchen,kitchen,living,kitchen,bedroom_3,entry,bedroom_3,bathroom,kitchen,kitchen,bedroom_3,entry,bathroom,bathroom,bedroom_3,bedroom_3,living,living,kitchen,kitchen,kitchen,kitchen,bedroom_1,entry
39420,d27 Sun 09:00,kitchen,bedroom_1,kitchen,kitchen,kitchen,kitchen,kitchen,kitchen,kitchen,bedroom_1,entry,kitchen,living,living,living,bathroom,living,living,living,living,kitchen,kitchen,living,kitchen,bedroom_3,entry,bedroom_3,bathroom,kitchen,kitchen,bedroom_3,entry,bathroom,bathroom,bedroom_3,bedroom_3,living,living,kitchen,kitchen,kitchen,kitchen,bedroom_1,entry
39480,d27 Sun 10:00,kitchen,bedroom_1,kitchen,kitchen,kitchen,kitchen,kitchen,kitchen,kitchen,bedroom_1,entry,kitchen,living,living,living,bathroom,living,living,living,living,kitchen,kitchen,living,kitchen,bedroom_3,entry,bedroom_3,bathroom,kitchen,kitchen,bedroom_3,entry,bathroom,bathroom,bedroom_3,bedroom_3,living,living,kitchen,kitchen,kitchen,kitchen,bedroom_1,entry
39540,d27 Sun 11:00,kitchen,bedroom_1,kitchen,kitchen,kitchen,kitchen,kitchen,kitchen,kitchen,bedroom_1,entry,kitchen,living,living,living,bathroom,living,living,living,living,living,kitchen,living,kitchen,bedroom_3,entry,bedroom_3,bathroom,kitchen,kitchen,bedroom_3,entry,bathroom,bathroom,bedroom_3,bedroom_3,living,living,kitchen,kitchen,kitchen,living,bedroom_1,living
39600,d27 Sun 12:00,kitchen,bedroom_1,kitchen,kitchen,kitchen,kitchen,kitchen,kitchen,kitchen,bedroom_1,entry,kitchen,living,living,living,bathroom,living,living,living,living,kitchen,kitchen,living,kitchen,bedroom_3,entry,bedroom_3,bathroom,kitchen,kitchen,bedroom_3,entry,bathroom,bathroom,bedroom_3,bedroom_3,living,living,kitchen,kitchen,kitchen,kitchen,bedroom_1,entry
39660,d27 Sun 13:00,kitchen,bedroom_1,kitchen,kitchen,kitchen,kitchen,bathroom,kitchen,kitchen,bedroom_1,kitchen,kitchen,living,living,living,bathroom,living,living,bathroom,living,kitchen,kitchen,living,kitchen,bedroom_3,entry,bedroom_3,bathroom,kitchen,kitchen,bedroom_3,entry,bathroom,bathroom,bedroom_3,bedroom_3,living,bathroom,kitchen,kitchen,kitchen,kitchen,bedroom_1,entry
39720,d27 Sun 14:00,kitchen,bedroom_1,kitchen,kitchen,kitchen,kitchen,bedroom_3,kitchen,kitchen,living,kitchen,kitchen,living,living,bathroom,bathroom,living,living,kitchen,living,kitchen,kitchen,living,bedroom_3,bedroom_3,entry,bedroom_3,bathroom,kitchen,kitchen,bedroom_3,entry,bedroom_3,bedroom_3,bedroom_3,bedroom_3,living,living,kitchen,kitchen,kitchen,kitchen,bedroom_1,entry
39780,d27 Sun 15:00,bedroom_1,bedroom_1,kitchen,kitchen,kitchen,kitchen,bedroom_3,kitchen,kitchen,living,kitchen,kitchen,living,living,bathroom,bathroom,living,living,kitchen,living,kitchen,living,living,living,outside,outside,outside,outside,outside,kitchen,bedroom_3,outside,bedroom_3,bedroom_3,bedroom_3,kitchen,living,living,kitchen,kitchen,kitchen,kitchen,bedroom_1,entry
39840,d27 Sun 16:00,bedroom_1,bedroom_1,kitchen,kitchen,kitchen,kitchen,bedroom_3,kitchen,kitchen,bedroom_1,kitchen,kitchen,living,outside,outside,bathroom,living,living,kitchen,living,kitchen,living,outside,living,outside,outside,outside,outside,outside,kitchen,bedroom_3,outside,bedroom_3,bedroom_3,bedroom_3,kitchen,living,living,kitchen,kitchen,kitchen,kitchen,bedroom_1,entry
39900,d27 Sun 17:00,bedroom_1,bedroom_1,kitchen,kitchen,kitchen,kitchen,bedroom_3,kitchen,kitchen,bedroom_1,kitchen,kitchen,living,living,living,bathroom,living,living,kitchen,living,kitchen,living,living,living,outside,outside,outside,outside,outside,kitchen,bedroom_3,outside,bedroom_3,bedroom_3,bedroom_3,kitchen,living,living,kitchen,kitchen,kitchen,kitchen,bedroom_1,entry
39960,d27 Sun 18:00,bedroom_1,bedroom_1,kitchen,kitchen,kitchen,kitchen,bedroom_3,kitchen,kitchen,bedroom_1,kitchen,kitchen,living,living,living,bathroom,living,living,kitchen,living,kitchen,living,living,living,outside,outside,outside,outside,outside,kitchen,bedroom_3,outside,bedroom_3,bedroom_3,bedroom_3,kitchen,living,living,kitchen,kitchen,kitchen,kitchen,bedroom_1,entry
40020,d27 Sun 19:00,bedroom_1,bedroom_1,kitchen,kitchen,kitchen,kitchen,bedroom_3,kitchen,kitchen,bedroom_1,kitchen,kitchen,living,living,living,bathroom,living,living,living,living,kitchen,living,living,living,outside,outside,outside,outside,outside,kitchen,bedroom_3,outside,bedroom_3,bedroom_3,bedroom_3,kitchen,living,living,kitchen,kitchen,kitchen,kitchen,bedroom_1,entry
40080,d27 Sun 20:00,bedroom_1,bedroom_1,kitchen,kitchen,kitchen,kitchen,bedroom_3,kitchen,kitchen,bedroom_1,kitchen,kitchen,living,living,living,bathroom,living,living,living,living,kitchen,living,living,living,outside,outside,outside,outside,outside,kitchen,bedroom_3,outside,bedroom_3,bedroom_3,bedroom_3,kitchen,living,living,kitchen,kitchen,kitchen,kitchen,bedroom_1,entry
40140,d27 Sun 21:00,bedroom_1,bedroom_1,kitchen,kitchen,kitchen,kitchen,bedroom_3,kitchen,kitchen,bedroom_1,kitchen,kitchen,living,living,living,bathroom,living,living,living,living,kitchen,living,living,living,outside,outside,outside,outside,outside,kitchen,bedroom_3,outside,bedroom_3,bedroom_3,bedroom_3,kitchen,living,living,kitchen,kitchen,kitchen,kitchen,bedroom_1,entry
40200,d27 Sun 22:00,bedroom_1,bedroom_1,kitchen,kitchen,kitchen,kitchen,bedroom_3,kitchen,kitchen,bedroom_1,kitchen,kitchen,living,living,living,bathroom,living,living,living,living,kitchen,living,living,living,outside,outside,outside,outside,outside,kitchen,bedroom_3,outside,bedroom_3,bedroom_3,bedroom_3,kitchen,living,living,kitchen,kitchen,kitchen,kitchen,bedroom_1,entry
40260,d27 Sun 23:00,bedroom_1,bedroom_1,kitchen,kitchen,kitchen,kitchen,bedroom_3,kitchen,kitchen,bedroom_1,kitchen,kitchen,living,living,living,bathroom,living,living,living,living,kitchen,living,living,living,outside,outside,outside,outside,outside,kitchen,bedroom_3,outside,bedroom_3,bedroom_3,bedroom_3,kitchen,living,living,kitchen,kitchen,kitchen,kitchen,bedroom_1,entry
